{"type":"FeatureCollection","features":[{"type":"Feature","properties":{"GROUP.ID":"G10879455","LOCALITY":"PMC2023_T25G3","LATITUDE":23.83783,"LONGITUDE":70.2715817,"OBSERVATION.DATE":"2023-09-23","OBSERVER.ID":"obsr4399854","DURATION.MINUTES":68.0,"SAMPLING.EVENT.IDENTIFIER":"S155738788","species_list":"Ashy-crowned Sparrow-Lark; Asian Green Bee-eater; Asian Koel; Baya Weaver; Black Redstart; Brahminy Starling; Common Babbler; Common Tailorbird; Eastern Cattle-Egret; Eastern Red-rumped Swallow; Eurasian Collared-Dove; Eurasian Wryneck; European Roller; Gray-breasted Prinia; Gray Francolin; Greater Flamingo; House Sparrow; Indian Robin; Laughing Dove; Lesser Whitethroat; Little Egret; Long-tailed Shrike; Plain Prinia; Purple Sunbird; Red-vented Bulbul; Red-wattled Lapwing; Rosy Starling; White-eared Bulbul; Yellow-throated Sparrow","n_species":29,"focal_species_seen":"European Roller","focal_species_slugs":"european-roller","has_focal":true},"geometry":{"type":"Point","coordinates":[70.2715817,23.83783]}},{"type":"Feature","properties":{"GROUP.ID":"G10911571","LOCALITY":"PMC2023_T18G7","LATITUDE":23.3954516,"LONGITUDE":69.6327267,"OBSERVATION.DATE":"2023-09-23","OBSERVER.ID":"obsr4399854","DURATION.MINUTES":34.0,"SAMPLING.EVENT.IDENTIFIER":"S155738821","species_list":"Ashy-crowned Sparrow-Lark; Common Tailorbird; European Roller; Gray Francolin; House Sparrow; Indian Silverbill; Laughing Dove; Red-backed Shrike; Red-vented Bulbul; Red-wattled Lapwing; White-eared Bulbul; White-throated Kingfisher","n_species":12,"focal_species_seen":"European Roller; Red-backed Shrike","focal_species_slugs":"european-roller;red-backed-shrike","has_focal":true},"geometry":{"type":"Point","coordinates":[69.6327267,23.3954516]}},{"type":"Feature","properties":{"GROUP.ID":"G11248113","LOCALITY":"Kachchh, Gujarat, IN (22.865, 69.283)","LATITUDE":22.8650722,"LONGITUDE":69.2829499,"OBSERVATION.DATE":"2023-09-23","OBSERVER.ID":"obsr4399854","DURATION.MINUTES":22.0,"SAMPLING.EVENT.IDENTIFIER":"S155739248","species_list":"Asian Koel; Common Myna; Common Tailorbird; Dusky Crag-Martin; Gray-breasted Prinia; Plain Prinia; Purple Sunbird; Red-vented Bulbul; Rose-ringed Parakeet; Rosy Starling; White-eared Bulbul; White-throated Kingfisher","n_species":12,"focal_species_seen":"","focal_species_slugs":"","has_focal":false},"geometry":{"type":"Point","coordinates":[69.2829499,22.8650722]}},{"type":"Feature","properties":{"GROUP.ID":"G10890985","LOCALITY":"PMC2023_T7G3","LATITUDE":23.7108958,"LONGITUDE":69.1929177,"OBSERVATION.DATE":"2023-09-24","OBSERVER.ID":"obsr4399854","DURATION.MINUTES":37.0,"SAMPLING.EVENT.IDENTIFIER":"S155739256","species_list":"Blue-cheeked Bee-eater; European Roller; Red-backed Shrike; Rufous-tailed Scrub-Robin; Spotted Flycatcher","n_species":5,"focal_species_seen":"Blue-cheeked Bee-eater; European Roller; Red-backed Shrike; Rufous-tailed Scrub-Robin; Spotted Flycatcher","focal_species_slugs":"blue-cheeked-bee-eater;european-roller;red-backed-shrike;rufous-tailed-scrub-robin;spotted-flycatcher","has_focal":true},"geometry":{"type":"Point","coordinates":[69.1929177,23.7108958]}},{"type":"Feature","properties":{"GROUP.ID":"G10890983","LOCALITY":"PMC2023_T7G6","LATITUDE":23.7627537,"LONGITUDE":69.3256977,"OBSERVATION.DATE":"2023-09-23","OBSERVER.ID":"obsr4399854","DURATION.MINUTES":24.0,"SAMPLING.EVENT.IDENTIFIER":"S155739257","species_list":"Rufous-tailed Scrub-Robin","n_species":1,"focal_species_seen":"Rufous-tailed Scrub-Robin","focal_species_slugs":"rufous-tailed-scrub-robin","has_focal":true},"geometry":{"type":"Point","coordinates":[69.3256977,23.7627537]}},{"type":"Feature","properties":{"GROUP.ID":"G10890981","LOCALITY":"PMC2023_T7G4","LATITUDE":23.7371835,"LONGITUDE":69.2839091,"OBSERVATION.DATE":"2023-09-23","OBSERVER.ID":"obsr4399854","DURATION.MINUTES":23.0,"SAMPLING.EVENT.IDENTIFIER":"S155739258","species_list":"Blue-cheeked Bee-eater","n_species":1,"focal_species_seen":"Blue-cheeked Bee-eater","focal_species_slugs":"blue-cheeked-bee-eater","has_focal":true},"geometry":{"type":"Point","coordinates":[69.2839091,23.7371835]}},{"type":"Feature","properties":{"GROUP.ID":"G10890982","LOCALITY":"PMC2023_T7G7","LATITUDE":23.7754975,"LONGITUDE":69.4480527,"OBSERVATION.DATE":"2023-09-23","OBSERVER.ID":"obsr4399854","DURATION.MINUTES":21.0,"SAMPLING.EVENT.IDENTIFIER":"S155739259","species_list":"Blue-cheeked Bee-eater","n_species":1,"focal_species_seen":"Blue-cheeked Bee-eater","focal_species_slugs":"blue-cheeked-bee-eater","has_focal":true},"geometry":{"type":"Point","coordinates":[69.4480527,23.7754975]}},{"type":"Feature","properties":{"GROUP.ID":"G10890991","LOCALITY":"PMC2023_T7G5","LATITUDE":23.7532924,"LONGITUDE":69.4926333,"OBSERVATION.DATE":"2023-09-23","OBSERVER.ID":"obsr4399854","DURATION.MINUTES":52.0,"SAMPLING.EVENT.IDENTIFIER":"S155739260","species_list":"European Roller; Red-tailed Shrike; Spotted Flycatcher","n_species":3,"focal_species_seen":"European Roller; Red-tailed Shrike; Spotted Flycatcher","focal_species_slugs":"european-roller;red-tailed-shrike;spotted-flycatcher","has_focal":true},"geometry":{"type":"Point","coordinates":[69.4926333,23.7532924]}},{"type":"Feature","properties":{"GROUP.ID":"G10895327","LOCALITY":"PMC23_T13G7","LATITUDE":22.8822454,"LONGITUDE":69.3977564,"OBSERVATION.DATE":"2023-09-24","OBSERVER.ID":"obsr4399854","DURATION.MINUTES":60.0,"SAMPLING.EVENT.IDENTIFIER":"S155739261","species_list":"Ashy-crowned Sparrow-Lark; Asian Green Bee-eater; Bay-backed Shrike; Baya Weaver; Black-winged Kite; Black Drongo; Blyth's Reed Warbler; Common Babbler; Common Myna; Common Tailorbird; Dusky Crag-Martin; Eastern Cattle-Egret; Eurasian Wryneck; European Roller; Greater Coucal; Indian Robin; Indian Silverbill; Lesser Whitethroat; Long-tailed Shrike; Painted Stork; Plain Prinia; Red-naped Ibis; Red-vented Bulbul; Red-wattled Lapwing; Rose-ringed Parakeet; Rosy Starling; Rufous-fronted Prinia; Sykes's Warbler; Western Yellow Wagtail; White-eared Bulbul; White-throated Kingfisher; Wire-tailed Swallow","n_species":32,"focal_species_seen":"European Roller","focal_species_slugs":"european-roller","has_focal":true},"geometry":{"type":"Point","coordinates":[69.3977564,22.8822454]}},{"type":"Feature","properties":{"GROUP.ID":"G10894987","LOCALITY":"PMC2023_T10G1","LATITUDE":23.2853383,"LONGITUDE":69.0810985,"OBSERVATION.DATE":"2023-09-23","OBSERVER.ID":"obsr4399854","DURATION.MINUTES":67.0,"SAMPLING.EVENT.IDENTIFIER":"S155739262","species_list":"Asian Green Bee-eater; Baya Weaver; Chestnut-bellied Sandgrouse; Common Babbler; Common Kingfisher; Common Sandpiper; Common Tailorbird; Gray Francolin; Great Egret; House Sparrow; Indian Silverbill; Laughing Dove; Lesser Whistling-Duck; Little Grebe; Long-tailed Shrike; Plain Prinia; Red-vented Bulbul; Red Collared-Dove; Spotted Flycatcher; White-throated Kingfisher; Wire-tailed Swallow; Yellow-crowned Woodpecker","n_species":22,"focal_species_seen":"Spotted Flycatcher","focal_species_slugs":"spotted-flycatcher","has_focal":true},"geometry":{"type":"Point","coordinates":[69.0810985,23.2853383]}},{"type":"Feature","properties":{"GROUP.ID":"G11248114","LOCALITY":"PMC2023_T13G1","LATITUDE":22.8037957,"LONGITUDE":69.4152401,"OBSERVATION.DATE":"2023-09-24","OBSERVER.ID":"obsr4399854","DURATION.MINUTES":60.0,"SAMPLING.EVENT.IDENTIFIER":"S155739263","species_list":"Ashy-crowned Sparrow-Lark; Asian Green Bee-eater; Bay-backed Shrike; Baya Weaver; Black Drongo; Chestnut-bellied Sandgrouse; Common Cuckoo; Common Hoopoe; Common Tailorbird; Common Woodshrike; Eastern Cattle-Egret; Eurasian Collared-Dove; Eurasian Kestrel; Greater Coucal; Gull-billed Tern; Indian Robin; Laughing Dove; Lesser Black-backed Gull; Little Cormorant; Little Swift; Long-tailed Shrike; Oriental Honey-buzzard; Painted Stork; Pied Cuckoo; Purple Sunbird; Red-backed Shrike; Red-naped Ibis; Red-tailed Shrike; Red-wattled Lapwing; Red Collared-Dove; Rufous-fronted Prinia; Spotted Flycatcher; Tawny Pipit; Western Reef-Heron; White-eared Bulbul; White-throated Kingfisher; Wire-tailed Swallow; Zitting Cisticola","n_species":38,"focal_species_seen":"Common Cuckoo; Red-backed Shrike; Red-tailed Shrike; Spotted Flycatcher","focal_species_slugs":"common-cuckoo;red-backed-shrike;red-tailed-shrike;spotted-flycatcher","has_focal":true},"geometry":{"type":"Point","coordinates":[69.4152401,22.8037957]}},{"type":"Feature","properties":{"GROUP.ID":"G10895328","LOCALITY":"PMC23_T13G4","LATITUDE":22.8286226,"LONGITUDE":69.497657,"OBSERVATION.DATE":"2023-09-24","OBSERVER.ID":"obsr4399854","DURATION.MINUTES":58.0,"SAMPLING.EVENT.IDENTIFIER":"S155739264","species_list":"Ashy-crowned Sparrow-Lark; Asian Green Bee-eater; Bay-backed Shrike; Baya Weaver; Black Drongo; Common Babbler; Common Hoopoe; Common Tailorbird; Eastern Cattle-Egret; Eurasian Collared-Dove; Eurasian Kestrel; Eurasian Spoonbill; European Roller; Gray Francolin; Greater Coucal; Green Sandpiper; House Sparrow; Indian Peafowl; Indian Pond-Heron; Indian Robin; Indian Silverbill; Laughing Dove; Lesser Whitethroat; Little Swift; Long-tailed Shrike; Oriental Honey-buzzard; Paddyfield Pipit; Painted Stork; Pied Cuckoo; Plain Prinia; Purple Sunbird; Red-vented Bulbul; Rose-ringed Parakeet; Rosy Starling; Rufous-fronted Prinia; Sykes's Warbler; Western Yellow Wagtail; White-eared Bulbul; Wire-tailed Swallow; Yellow-wattled Lapwing","n_species":40,"focal_species_seen":"European Roller","focal_species_slugs":"european-roller","has_focal":true},"geometry":{"type":"Point","coordinates":[69.497657,22.8286226]}},{"type":"Feature","properties":{"GROUP.ID":"G10895325","LOCALITY":"PMC_23 T13G6","LATITUDE":22.8636868,"LONGITUDE":69.2815822,"OBSERVATION.DATE":"2023-09-23","OBSERVER.ID":"obsr4399854","DURATION.MINUTES":48.0,"SAMPLING.EVENT.IDENTIFIER":"S155739265","species_list":"Asian Green Bee-eater; Asian Koel; Black-winged Stilt; Black Drongo; Blyth's Reed Warbler; Common Hoopoe; Common Myna; Common Tailorbird; Dusky Crag-Martin; Eastern Cattle-Egret; Eurasian Collared-Dove; Eurasian Spoonbill; Eurasian Wryneck; Gray-breasted Prinia; Gray Francolin; Greater Coucal; Green Sandpiper; Green Warbler; House Sparrow; Indian Pond-Heron; Laughing Dove; Lesser Whitethroat; Little Cormorant; Little Swift; Long-tailed Shrike; Oriental Darter; Painted Stork; Pied Cuckoo; Plain Prinia; Purple Sunbird; Red-naped Ibis; Red-vented Bulbul; Red-wattled Lapwing; Red Collared-Dove; Rose-ringed Parakeet; Rosy Starling; Rufous-fronted Prinia; Sykes's Warbler; White-eared Bulbul; White-tailed Iora; White-throated Kingfisher; Wire-tailed Swallow","n_species":42,"focal_species_seen":"","focal_species_slugs":"","has_focal":false},"geometry":{"type":"Point","coordinates":[69.2815822,22.8636868]}},{"type":"Feature","properties":{"GROUP.ID":"G10895073","LOCALITY":"PMC2023_T18G5","LATITUDE":23.2398289,"LONGITUDE":69.7102097,"OBSERVATION.DATE":"2023-09-24","OBSERVER.ID":"obsr4399854","DURATION.MINUTES":46.0,"SAMPLING.EVENT.IDENTIFIER":"S155739266","species_list":"Bay-backed Shrike; Common Woodshrike; Eastern Cattle-Egret; Eastern Red-rumped Swallow; European Roller; Gray Francolin; Indian Robin; Indian Silverbill; Isabelline Shrike; Laughing Dove; Little Swift; Red-wattled Lapwing; Spotted Flycatcher; White-eared Bulbul","n_species":14,"focal_species_seen":"European Roller; Spotted Flycatcher","focal_species_slugs":"european-roller;spotted-flycatcher","has_focal":true},"geometry":{"type":"Point","coordinates":[69.7102097,23.2398289]}},{"type":"Feature","properties":{"GROUP.ID":"G10894955","LOCALITY":"PMC_Team23_Grid_1","LATITUDE":23.385598,"LONGITUDE":69.782538,"OBSERVATION.DATE":"2023-09-23","OBSERVER.ID":"obsr4399854","DURATION.MINUTES":32.0,"SAMPLING.EVENT.IDENTIFIER":"S155739267","species_list":"Asian Green Bee-eater; Barn Swallow; Common Babbler; Eastern Orphean Warbler; Gray-necked Bunting; Gray Francolin; House Sparrow; Indian Robin; Laughing Dove; Lesser Whitethroat; Plain Prinia; Purple Sunbird; Red-vented Bulbul; Red-wattled Lapwing; Rosy Starling; Rufous-tailed Lark; Rufous-tailed Scrub-Robin; White-eared Bulbul","n_species":18,"focal_species_seen":"Rufous-tailed Scrub-Robin","focal_species_slugs":"rufous-tailed-scrub-robin","has_focal":true},"geometry":{"type":"Point","coordinates":[69.782538,23.385598]}},{"type":"Feature","properties":{"GROUP.ID":"G10892122","LOCALITY":"PMC2023_T25G8","LATITUDE":23.8999226,"LONGITUDE":70.2056987,"OBSERVATION.DATE":"2023-09-24","OBSERVER.ID":"obsr4399854","DURATION.MINUTES":39.0,"SAMPLING.EVENT.IDENTIFIER":"S155739268","species_list":"Ashy-crowned Sparrow-Lark; Asian Green Bee-eater; Barn Swallow; Bay-backed Shrike; Eurasian Collared-Dove; Eurasian Wryneck; European Roller; Gray-necked Bunting; Greater Short-toed Lark; House Sparrow; Indian Bushlark; Isabelline Shrike; Laughing Dove; Pied Bushchat; Red-vented Bulbul; Red Collared-Dove; Rufous-tailed Lark; Variable Wheatear; White-eared Bulbul; White-eyed Buzzard; Yellow-throated Sparrow","n_species":21,"focal_species_seen":"European Roller","focal_species_slugs":"european-roller","has_focal":true},"geometry":{"type":"Point","coordinates":[70.2056987,23.8999226]}},{"type":"Feature","properties":{"GROUP.ID":"G10891937","LOCALITY":"PMC_Team23Grid7","LATITUDE":23.718111,"LONGITUDE":69.784117,"OBSERVATION.DATE":"2023-09-23","OBSERVER.ID":"obsr4399854","DURATION.MINUTES":26.0,"SAMPLING.EVENT.IDENTIFIER":"S155739269","species_list":"Ashy-crowned Sparrow-Lark; Asian Green Bee-eater; Bay-backed Shrike; Black Drongo; Blue-cheeked Bee-eater; Common Babbler; Common Hoopoe; Eurasian Collared-Dove; Eurasian Curlew; Great Egret; Greater Short-toed Lark; Gull-billed Tern; Isabelline Shrike; Isabelline Wheatear; Long-billed Pipit; Paddyfield Pipit; Pallid Harrier; Purple Sunbird; Red-backed Shrike; Red-wattled Lapwing; Sand Lark; Spotted Flycatcher; Variable Wheatear; White-eared Bulbul; White-throated Kingfisher","n_species":25,"focal_species_seen":"Blue-cheeked Bee-eater; Red-backed Shrike; Spotted Flycatcher","focal_species_slugs":"blue-cheeked-bee-eater;red-backed-shrike;spotted-flycatcher","has_focal":true},"geometry":{"type":"Point","coordinates":[69.784117,23.718111]}},{"type":"Feature","properties":{"GROUP.ID":"G10891940","LOCALITY":"PMC_Team23Grid5","LATITUDE":23.560197,"LONGITUDE":69.813607,"OBSERVATION.DATE":"2023-09-23","OBSERVER.ID":"obsr4399854","DURATION.MINUTES":24.0,"SAMPLING.EVENT.IDENTIFIER":"S155739271","species_list":"Asian Green Bee-eater; Bay-backed Shrike; Blue-cheeked Bee-eater; Common Tailorbird; Crested Lark; Desert Wheatear; European Roller; Gray-breasted Prinia; Gray Francolin; Isabelline Shrike; Long-billed Pipit; Purple Sunbird; Red-backed Shrike; River Tern; Rufous-tailed Lark; Variable Wheatear","n_species":16,"focal_species_seen":"Blue-cheeked Bee-eater; European Roller; Red-backed Shrike","focal_species_slugs":"blue-cheeked-bee-eater;european-roller;red-backed-shrike","has_focal":true},"geometry":{"type":"Point","coordinates":[69.813607,23.560197]}},{"type":"Feature","properties":{"GROUP.ID":"G10891945","LOCALITY":"PMC_Team23_Grid3","LATITUDE":23.411164,"LONGITUDE":69.841364,"OBSERVATION.DATE":"2023-09-24","OBSERVER.ID":"obsr4399854","DURATION.MINUTES":39.0,"SAMPLING.EVENT.IDENTIFIER":"S155739272","species_list":"Ashy-crowned Sparrow-Lark; Asian Green Bee-eater; Chestnut-bellied Sandgrouse; Common Babbler; Common Hoopoe; Eastern Cattle-Egret; Eastern Orphean Warbler; Eastern Red-rumped Swallow; Eurasian Collared-Dove; Eurasian Wryneck; European Roller; Gray-necked Bunting; Greater Short-toed Lark; Green Sandpiper; House Crow; Jungle Prinia; Laughing Dove; Lesser Whitethroat; Montagu's Harrier; Pied Cuckoo; Purple Sunbird; Rain Quail; Red-tailed Shrike; Red-vented Bulbul; Red-wattled Lapwing; Rosy Starling; Siberian Stonechat; Western Marsh Harrier; White-eared Bulbul","n_species":29,"focal_species_seen":"European Roller; Red-tailed Shrike","focal_species_slugs":"european-roller;red-tailed-shrike","has_focal":true},"geometry":{"type":"Point","coordinates":[69.841364,23.411164]}},{"type":"Feature","properties":{"GROUP.ID":"G10891941","LOCALITY":"PMC_Team23Grid6","LATITUDE":23.651785,"LONGITUDE":69.771159,"OBSERVATION.DATE":"2023-09-23","OBSERVER.ID":"obsr4399854","DURATION.MINUTES":35.0,"SAMPLING.EVENT.IDENTIFIER":"S155739273","species_list":"Asian Green Bee-eater; Bay-backed Shrike; Black Drongo; Blue-cheeked Bee-eater; Brahminy Starling; Chestnut-bellied Sandgrouse; Common Babbler; Common Tailorbird; European Roller; Great Gray Shrike; Indian Thick-knee; Lesser Whitethroat; Long-billed Pipit; Pallid Harrier; Purple Sunbird; Rosy Starling; Rufous-tailed Lark; White-eared Bulbul; White-tailed Iora","n_species":19,"focal_species_seen":"Blue-cheeked Bee-eater; European Roller","focal_species_slugs":"blue-cheeked-bee-eater;european-roller","has_focal":true},"geometry":{"type":"Point","coordinates":[69.771159,23.651785]}},{"type":"Feature","properties":{"GROUP.ID":"G10891942","LOCALITY":"PMC_Team23_Grid2","LATITUDE":23.419098,"LONGITUDE":69.735125,"OBSERVATION.DATE":"2023-09-23","OBSERVER.ID":"obsr4399854","DURATION.MINUTES":32.0,"SAMPLING.EVENT.IDENTIFIER":"S155739274","species_list":"Black-winged Kite; Eurasian Collared-Dove; European Roller; Gray Francolin; Red-wattled Lapwing","n_species":5,"focal_species_seen":"European Roller","focal_species_slugs":"european-roller","has_focal":true},"geometry":{"type":"Point","coordinates":[69.735125,23.419098]}},{"type":"Feature","properties":{"GROUP.ID":"G10891907","LOCALITY":"PMC_23 T32G7","LATITUDE":23.5749574,"LONGITUDE":70.4111948,"OBSERVATION.DATE":"2023-09-24","OBSERVER.ID":"obsr4399854","DURATION.MINUTES":82.0,"SAMPLING.EVENT.IDENTIFIER":"S155739275","species_list":"Ashy-crowned Sparrow-Lark; Asian Green Bee-eater; Asian Koel; Barred Buttonquail; Bay-backed Shrike; Baya Weaver; Black-winged Kite; Black Drongo; Blue-cheeked Bee-eater; Caspian Tern; Common Babbler; Common Myna; Common Sandpiper; Crested Lark; Delicate Prinia; Eastern Cattle-Egret; Eastern Red-rumped Swallow; Eurasian Collared-Dove; Eurasian Wryneck; European Roller; Glossy Ibis; Gray-breasted Prinia; Gray Francolin; Greater Coucal; House Sparrow; Indian Peafowl; Indian Pond-Heron; Indian Robin; Indian Silverbill; Laughing Dove; Lesser Whitethroat; Long-tailed Shrike; Paddyfield Pipit; Pied Cuckoo; Red-naped Ibis; Red-vented Bulbul; Red-wattled Lapwing; Red Collared-Dove; Rose-ringed Parakeet; Rufous-tailed Lark; Siberian Stonechat; Spotted Flycatcher; White-tailed Iora; White-throated Kingfisher; Wire-tailed Swallow; Yellow-throated Sparrow","n_species":46,"focal_species_seen":"Blue-cheeked Bee-eater; European Roller; Spotted Flycatcher","focal_species_slugs":"blue-cheeked-bee-eater;european-roller;spotted-flycatcher","has_focal":true},"geometry":{"type":"Point","coordinates":[70.4111948,23.5749574]}},{"type":"Feature","properties":{"GROUP.ID":"G10891066","LOCALITY":"PMC2023_T1G1","LATITUDE":23.6218926,"LONGITUDE":68.9456885,"OBSERVATION.DATE":"2023-09-23","OBSERVER.ID":"obsr4399854","DURATION.MINUTES":40.0,"SAMPLING.EVENT.IDENTIFIER":"S155739276","species_list":"Ashy-crowned Sparrow-Lark; Asian Green Bee-eater; Asian Koel; Barred Buttonquail; Bay-backed Shrike; Black Drongo; Common Babbler; Common Hoopoe; Common Woodshrike; Eurasian Collared-Dove; European Roller; Gray-breasted Prinia; Gray Francolin; Indian Bushlark; Indian Silverbill; Jungle Prinia; Laughing Dove; Painted Sandgrouse; Pied Cuckoo; Purple Sunbird; Red-vented Bulbul; Rose-ringed Parakeet; Rosy Starling; Siberian Stonechat; Spotted Flycatcher; Sykes's Warbler; White-eared Bulbul","n_species":27,"focal_species_seen":"European Roller; Spotted Flycatcher","focal_species_slugs":"european-roller;spotted-flycatcher","has_focal":true},"geometry":{"type":"Point","coordinates":[68.9456885,23.6218926]}},{"type":"Feature","properties":{"GROUP.ID":"G10891059","LOCALITY":"PMC2023_T1G2","LATITUDE":23.6495435,"LONGITUDE":69.0736101,"OBSERVATION.DATE":"2023-09-24","OBSERVER.ID":"obsr4399854","DURATION.MINUTES":61.0,"SAMPLING.EVENT.IDENTIFIER":"S155739277","species_list":"Ashy-crowned Sparrow-Lark; Asian Green Bee-eater; Bay-backed Shrike; Black-winged Kite; Black Drongo; Brahminy Starling; Brown Rock Chat; Common Babbler; Common Hoopoe; Common Tailorbird; Common Woodshrike; Eastern Red-rumped Swallow; Eurasian Collared-Dove; Eurasian Kestrel; Eurasian Wryneck; European Roller; Gray-breasted Prinia; Gray-necked Bunting; Gray Francolin; Greater Whitethroat; House Sparrow; Indian Bushlark; Indian Silverbill; Laughing Dove; Lesser Whitethroat; Pied Cuckoo; Red-backed Shrike; Red-tailed Shrike; Red-vented Bulbul; Rufous-fronted Prinia; Rufous-tailed Scrub-Robin; Shikra; Small Minivet; Spotted Flycatcher; White-tailed Iora; Yellow-crowned Woodpecker; Yellow-throated Sparrow","n_species":37,"focal_species_seen":"European Roller; Greater Whitethroat; Red-backed Shrike; Red-tailed Shrike; Rufous-tailed Scrub-Robin; Spotted Flycatcher","focal_species_slugs":"european-roller;greater-whitethroat;red-backed-shrike;red-tailed-shrike;rufous-tailed-scrub-robin;spotted-flycatcher","has_focal":true},"geometry":{"type":"Point","coordinates":[69.0736101,23.6495435]}},{"type":"Feature","properties":{"GROUP.ID":"G10891036","LOCALITY":"PMC2023_T1G4","LATITUDE":23.68885,"LONGITUDE":68.9684089,"OBSERVATION.DATE":"2023-09-24","OBSERVER.ID":"obsr4399854","DURATION.MINUTES":78.0,"SAMPLING.EVENT.IDENTIFIER":"S155739280","species_list":"Ashy-crowned Sparrow-Lark; Asian Green Bee-eater; Bay-backed Shrike; Baya Weaver; Black-winged Kite; Black-winged Stilt; Black Drongo; Common Babbler; Common Cuckoo; Common Hoopoe; Common Kingfisher; Common Tailorbird; Eastern Cattle-Egret; Eastern Red-rumped Swallow; Eurasian Collared-Dove; European Roller; Gray-breasted Prinia; Gray Francolin; Greater Whitethroat; Green Sandpiper; House Sparrow; Indian Bushlark; Indian Peafowl; Indian Pond-Heron; Indian Robin; Indian Silverbill; Laughing Dove; Lesser Whistling-Duck; Little Cormorant; Little Grebe; Long-tailed Shrike; Pied Kingfisher; Purple Sunbird; Red-backed Shrike; Red-wattled Lapwing; Rose-ringed Parakeet; Rosy Starling; Rufous-fronted Prinia; Sykes's Warbler; White-throated Kingfisher","n_species":40,"focal_species_seen":"Common Cuckoo; European Roller; Greater Whitethroat; Red-backed Shrike","focal_species_slugs":"common-cuckoo;european-roller;greater-whitethroat;red-backed-shrike","has_focal":true},"geometry":{"type":"Point","coordinates":[68.9684089,23.68885]}},{"type":"Feature","properties":{"GROUP.ID":"G10890962","LOCALITY":"PMC2023_T1G3","LATITUDE":23.680308,"LONGITUDE":68.8645376,"OBSERVATION.DATE":"2023-09-23","OBSERVER.ID":"obsr4399854","DURATION.MINUTES":62.0,"SAMPLING.EVENT.IDENTIFIER":"S155739281","species_list":"Ashy-crowned Sparrow-Lark; Asian Green Bee-eater; Asian Koel; Barred Buttonquail; Bay-backed Shrike; Baya Weaver; Black-winged Kite; Black-winged Stilt; Black Drongo; Black Redstart; Brahminy Starling; Chestnut-bellied Sandgrouse; Common Babbler; Common Hoopoe; Common Kingfisher; Common Tailorbird; Eastern Cattle-Egret; Eurasian Curlew; Eurasian Wryneck; European Roller; Gray-breasted Prinia; Gray-necked Bunting; Gray Francolin; Great Gray Shrike; Green Sandpiper; House Sparrow; Indian Pond-Heron; Indian Robin; Indian Silverbill; Indian Spot-billed Duck; Isabelline Shrike; Jungle Prinia; Laughing Dove; Lesser Whistling-Duck; Lesser Whitethroat; Little Cormorant; Little Grebe; Long-tailed Shrike; Oriental Darter; Pied Cuckoo; Purple Sunbird; Red-vented Bulbul; Red-wattled Lapwing; River Tern; Rosy Starling; Rufous-fronted Prinia; Short-toed Snake-Eagle; Siberian Stonechat; Small Minivet; Spotted Flycatcher; Sykes's Warbler; Variable Wheatear; White-tailed Iora; White-throated Kingfisher; Wire-tailed Swallow; Yellow-crowned Woodpecker; Yellow-throated Sparrow","n_species":57,"focal_species_seen":"European Roller; Spotted Flycatcher","focal_species_slugs":"european-roller;spotted-flycatcher","has_focal":true},"geometry":{"type":"Point","coordinates":[68.8645376,23.680308]}},{"type":"Feature","properties":{"GROUP.ID":"G10890904","LOCALITY":"PMC2023_T1G5","LATITUDE":23.6919436,"LONGITUDE":69.016344,"OBSERVATION.DATE":"2023-09-24","OBSERVER.ID":"obsr4399854","DURATION.MINUTES":67.0,"SAMPLING.EVENT.IDENTIFIER":"S155739282","species_list":"Ashy-crowned Sparrow-Lark; Asian Green Bee-eater; Barred Buttonquail; Bay-backed Shrike; Black Redstart; Brahminy Starling; Common Babbler; Common Tailorbird; Common Woodshrike; Eastern Red-rumped Swallow; Eurasian Collared-Dove; Eurasian Kestrel; Eurasian Wryneck; European Roller; Gray-breasted Prinia; Gray-necked Bunting; Gray Francolin; Great Gray Shrike; Greater Coucal; Indian Bushlark; Indian Cormorant; Indian Robin; Indian Silverbill; Jungle Prinia; Laughing Dove; Lesser Whitethroat; Medium Egret; Pied Bushchat; Pied Cuckoo; Plain Prinia; Purple Sunbird; Red-vented Bulbul; Red-wattled Lapwing; Rufous-fronted Prinia; Rufous-tailed Scrub-Robin; Sirkeer Malkoha; Small Minivet; Streak-throated Swallow; Striolated Bunting; Variable Wheatear; White-eared Bulbul; Wire-tailed Swallow; Yellow-throated Sparrow","n_species":43,"focal_species_seen":"European Roller; Rufous-tailed Scrub-Robin","focal_species_slugs":"european-roller;rufous-tailed-scrub-robin","has_focal":true},"geometry":{"type":"Point","coordinates":[69.016344,23.6919436]}},{"type":"Feature","properties":{"GROUP.ID":"G10891103","LOCALITY":"PMC2023_T25G2","LATITUDE":23.8292733,"LONGITUDE":70.1097883,"OBSERVATION.DATE":"2023-09-24","OBSERVER.ID":"obsr4399854","DURATION.MINUTES":34.0,"SAMPLING.EVENT.IDENTIFIER":"S155739283","species_list":"Asian Green Bee-eater; Barn Swallow; Black-winged Kite; Blue-cheeked Bee-eater; Common Babbler; Eurasian Collared-Dove; Eurasian Kestrel; Greater Flamingo; Indian Silverbill; Isabelline Shrike; Laughing Dove; Red-vented Bulbul; Red Collared-Dove; Siberian Stonechat; Variable Wheatear; White-eared Bulbul","n_species":16,"focal_species_seen":"Blue-cheeked Bee-eater","focal_species_slugs":"blue-cheeked-bee-eater","has_focal":true},"geometry":{"type":"Point","coordinates":[70.1097883,23.8292733]}},{"type":"Feature","properties":{"GROUP.ID":"G11248115","LOCALITY":"Pmc_2023_Team24_Grid1","LATITUDE":23.2641794,"LONGITUDE":69.9160016,"OBSERVATION.DATE":"2023-09-24","OBSERVER.ID":"obsr4399854","DURATION.MINUTES":65.0,"SAMPLING.EVENT.IDENTIFIER":"S155739284","species_list":"Ashy-crowned Sparrow-Lark; Asian Green Bee-eater; Barn Swallow; Eastern Cattle-Egret; Eurasian Collared-Dove; Eurasian Spoonbill; House Sparrow; Indian Robin; Jungle Prinia; Little Cormorant; Purple Sunbird; Red-vented Bulbul; Red-wattled Lapwing; Variable Wheatear","n_species":14,"focal_species_seen":"","focal_species_slugs":"","has_focal":false},"geometry":{"type":"Point","coordinates":[69.9160016,23.2641794]}},{"type":"Feature","properties":{"GROUP.ID":"G11248116","LOCALITY":"Pmc2023_Team24_Grid2","LATITUDE":23.3857365,"LONGITUDE":69.9014924,"OBSERVATION.DATE":"2023-09-23","OBSERVER.ID":"obsr4399854","DURATION.MINUTES":59.0,"SAMPLING.EVENT.IDENTIFIER":"S155739285","species_list":"Ashy-crowned Sparrow-Lark; Asian Green Bee-eater; Barn Swallow; Bay-backed Shrike; Blue-cheeked Bee-eater; Common Babbler; Eurasian Collared-Dove; Gray Francolin; Green Sandpiper; Indian Pond-Heron; Indian Robin; Indian Silverbill; Jungle Prinia; Laughing Dove; Purple Sunbird; Red-backed Shrike; Red-wattled Lapwing; River Tern; Rosy Starling; Spotted Flycatcher; Variable Wheatear; White-eared Bulbul; White-throated Kingfisher","n_species":23,"focal_species_seen":"Blue-cheeked Bee-eater; Red-backed Shrike; Spotted Flycatcher","focal_species_slugs":"blue-cheeked-bee-eater;red-backed-shrike;spotted-flycatcher","has_focal":true},"geometry":{"type":"Point","coordinates":[69.9014924,23.3857365]}},{"type":"Feature","properties":{"GROUP.ID":"G11248117","LOCALITY":"Pmc2023_Team24_Grid3","LATITUDE":23.4047275,"LONGITUDE":69.9687338,"OBSERVATION.DATE":"2023-09-23","OBSERVER.ID":"obsr4399854","DURATION.MINUTES":61.0,"SAMPLING.EVENT.IDENTIFIER":"S155739286","species_list":"Asian Green Bee-eater; Eurasian Coot; House Sparrow; Red Collared-Dove; Shikra; White-eared Bulbul; Yellow-throated Sparrow","n_species":7,"focal_species_seen":"","focal_species_slugs":"","has_focal":false},"geometry":{"type":"Point","coordinates":[69.9687338,23.4047275]}},{"type":"Feature","properties":{"GROUP.ID":"G11248118","LOCALITY":"Pmc2023_Team24_grid4","LATITUDE":23.4185248,"LONGITUDE":69.9050381,"OBSERVATION.DATE":"2023-09-23","OBSERVER.ID":"obsr4399854","DURATION.MINUTES":62.0,"SAMPLING.EVENT.IDENTIFIER":"S155739287","species_list":"Ashy-crowned Sparrow-Lark; Asian Green Bee-eater; Booted Eagle; Common Babbler; Common Hoopoe; Eurasian Collared-Dove; Gray Francolin; Indian Roller; Indian Silverbill; Jungle Prinia; Lesser Whitethroat; Montagu's Harrier; Red-vented Bulbul; White-eared Bulbul","n_species":14,"focal_species_seen":"","focal_species_slugs":"","has_focal":false},"geometry":{"type":"Point","coordinates":[69.9050381,23.4185248]}},{"type":"Feature","properties":{"GROUP.ID":"G10891104","LOCALITY":"PMC2023_T25G7","LATITUDE":23.9227617,"LONGITUDE":70.1802333,"OBSERVATION.DATE":"2023-09-24","OBSERVER.ID":"obsr4399854","DURATION.MINUTES":57.0,"SAMPLING.EVENT.IDENTIFIER":"S155739288","species_list":"Ashy-crowned Sparrow-Lark; Asian Koel; Bay-backed Shrike; Baya Weaver; Blue-cheeked Bee-eater; Chestnut-bellied Sandgrouse; Common Hoopoe; Common Tailorbird; Crested Lark; Eastern Red-rumped Swallow; Eurasian Collared-Dove; Eurasian Wryneck; European Roller; Great Gray Shrike; Greater Whitethroat; Green Sandpiper; Gull-billed Tern; House Sparrow; Indian Peafowl; Indian Robin; Indian Silverbill; Laughing Dove; Lesser Whitethroat; Little Cormorant; Purple Sunbird; Red-vented Bulbul; Red Collared-Dove; Striolated Bunting; Variable Wheatear; Western Reef-Heron; White-eared Bulbul; Wire-tailed Swallow; Yellow-throated Sparrow","n_species":33,"focal_species_seen":"Blue-cheeked Bee-eater; European Roller; Greater Whitethroat","focal_species_slugs":"blue-cheeked-bee-eater;european-roller;greater-whitethroat","has_focal":true},"geometry":{"type":"Point","coordinates":[70.1802333,23.9227617]}},{"type":"Feature","properties":{"GROUP.ID":"G10891105","LOCALITY":"PMC2023_T25G5","LATITUDE":23.8944533,"LONGITUDE":70.2159517,"OBSERVATION.DATE":"2023-09-24","OBSERVER.ID":"obsr4399854","DURATION.MINUTES":68.0,"SAMPLING.EVENT.IDENTIFIER":"S155739289","species_list":"Asian Green Bee-eater; Asian Koel; Baya Weaver; Black-winged Stilt; Common Babbler; Common Greenshank; Common Hoopoe; Common Sandpiper; Common Tailorbird; Eastern Red-rumped Swallow; Eurasian Collared-Dove; Eurasian Moorhen; Eurasian Spoonbill; Eurasian Wryneck; European Roller; Glossy Ibis; Gray-breasted Prinia; Greater Flamingo; Indian Bushlark; Indian Robin; Indian Silverbill; Indian Spot-billed Duck; Laughing Dove; Lesser Whitethroat; Little Cormorant; Little Grebe; Pied Cuckoo; Purple Sunbird; Red-vented Bulbul; Red-wattled Lapwing; Rosy Starling; Rufous-fronted Prinia; Tawny Pipit; Variable Wheatear; White-eared Bulbul; White-eyed Buzzard; Yellow-throated Sparrow","n_species":37,"focal_species_seen":"European Roller","focal_species_slugs":"european-roller","has_focal":true},"geometry":{"type":"Point","coordinates":[70.2159517,23.8944533]}},{"type":"Feature","properties":{"GROUP.ID":"G10890591","LOCALITY":"PMC2023_T30G8","LATITUDE":23.2438613,"LONGITUDE":70.4770352,"OBSERVATION.DATE":"2023-09-24","OBSERVER.ID":"obsr4399854","DURATION.MINUTES":43.0,"SAMPLING.EVENT.IDENTIFIER":"S155739290","species_list":"Asian Green Bee-eater; Barn Swallow; Barred Buttonquail; Common Babbler; Common Hoopoe; Eastern Cattle-Egret; Eurasian Collared-Dove; Eurasian Spoonbill; Eurasian Wryneck; European Roller; Gray-breasted Prinia; Gray Francolin; Great Egret; Greater Coucal; House Sparrow; Indian Peafowl; Indian Silverbill; Laughing Dove; Pied Bushchat; Plain Prinia; Purple Sunbird; Red-vented Bulbul; Shikra; Streak-throated Swallow; Variable Wheatear; Western Marsh Harrier; White-eared Bulbul; White-throated Kingfisher","n_species":28,"focal_species_seen":"European Roller","focal_species_slugs":"european-roller","has_focal":true},"geometry":{"type":"Point","coordinates":[70.4770352,23.2438613]}},{"type":"Feature","properties":{"GROUP.ID":"G10890533","LOCALITY":"PMC2023_T30G5","LATITUDE":23.3454316,"LONGITUDE":70.3930946,"OBSERVATION.DATE":"2023-09-24","OBSERVER.ID":"obsr4399854","DURATION.MINUTES":55.0,"SAMPLING.EVENT.IDENTIFIER":"S155739291","species_list":"Ashy-crowned Sparrow-Lark; Asian Green Bee-eater; Barn Swallow; Black-headed Ibis; Blue-cheeked Bee-eater; Collared Pratincole; Common Babbler; Common Tailorbird; Eastern Cattle-Egret; Eastern Red-rumped Swallow; Eurasian Collared-Dove; Eurasian Kestrel; Eurasian Spoonbill; Glossy Ibis; Gray-breasted Prinia; Gray Francolin; Great White Pelican; House Crow; House Sparrow; Indian Silverbill; Laughing Dove; Little Cormorant; Little Swift; Painted Stork; Plain Prinia; Red-tailed Shrike; Red-wattled Lapwing; River Tern; Rufous-tailed Lark; Short-toed Snake-Eagle; Streak-throated Swallow; Tree Pipit; Western Yellow Wagtail; White-eared Bulbul; Wire-tailed Swallow; Zitting Cisticola","n_species":36,"focal_species_seen":"Blue-cheeked Bee-eater; Red-tailed Shrike","focal_species_slugs":"blue-cheeked-bee-eater;red-tailed-shrike","has_focal":true},"geometry":{"type":"Point","coordinates":[70.3930946,23.3454316]}},{"type":"Feature","properties":{"GROUP.ID":"G10891097","LOCALITY":"PMC2023_T7G2","LATITUDE":23.6679876,"LONGITUDE":69.6059481,"OBSERVATION.DATE":"2023-09-23","OBSERVER.ID":"obsr4399854","DURATION.MINUTES":18.0,"SAMPLING.EVENT.IDENTIFIER":"S155739293","species_list":"Blue-cheeked Bee-eater; European Roller","n_species":2,"focal_species_seen":"Blue-cheeked Bee-eater; European Roller","focal_species_slugs":"blue-cheeked-bee-eater;european-roller","has_focal":true},"geometry":{"type":"Point","coordinates":[69.6059481,23.6679876]}},{"type":"Feature","properties":{"GROUP.ID":"G10887362","LOCALITY":"PMC2023_T30G3","LATITUDE":23.2938199,"LONGITUDE":70.3273209,"OBSERVATION.DATE":"2023-09-24","OBSERVER.ID":"obsr4399854","DURATION.MINUTES":30.0,"SAMPLING.EVENT.IDENTIFIER":"S155739294","species_list":"Barn Swallow; Eastern Cattle-Egret; Eastern Red-rumped Swallow; Little Swift; Red-wattled Lapwing; River Tern; Wire-tailed Swallow","n_species":7,"focal_species_seen":"","focal_species_slugs":"","has_focal":false},"geometry":{"type":"Point","coordinates":[70.3273209,23.2938199]}},{"type":"Feature","properties":{"GROUP.ID":"G10910210","LOCALITY":"PMC2023_T17G6","LATITUDE":23.607659,"LONGITUDE":69.506129,"OBSERVATION.DATE":"2023-09-23","OBSERVER.ID":"obsr4399854","DURATION.MINUTES":29.0,"SAMPLING.EVENT.IDENTIFIER":"S155739295","species_list":"Asian Green Bee-eater; Blue-cheeked Bee-eater; Green Sandpiper; Isabelline Shrike; Pied Cuckoo; Red-wattled Lapwing; Rufous-fronted Prinia; Tibetan Sand-Plover; Western Yellow Wagtail; Whiskered Tern; White-eared Bulbul","n_species":11,"focal_species_seen":"Blue-cheeked Bee-eater","focal_species_slugs":"blue-cheeked-bee-eater","has_focal":true},"geometry":{"type":"Point","coordinates":[69.506129,23.607659]}},{"type":"Feature","properties":{"GROUP.ID":"G10886449","LOCALITY":"PMC2023-T3G7","LATITUDE":23.626599,"LONGITUDE":68.539818,"OBSERVATION.DATE":"2023-09-23","OBSERVER.ID":"obsr4399854","DURATION.MINUTES":46.0,"SAMPLING.EVENT.IDENTIFIER":"S155739296","species_list":"Ashy-crowned Sparrow-Lark; Asian Koel; Barred Buttonquail; Bay-backed Shrike; Baya Weaver; Black-winged Stilt; Black Drongo; Black Francolin; Common Babbler; Common Hoopoe; Eastern Red-rumped Swallow; Eurasian Spoonbill; Eurasian Wryneck; European Roller; Great Egret; Greater Flamingo; Greater Whitethroat; House Sparrow; Indian Bushlark; Indian Peafowl; Indian Robin; Jungle Prinia; Red-vented Bulbul; Rosy Starling; Rufous-fronted Prinia; Shikra; Siberian Stonechat; Yellow-crowned Woodpecker; Yellow-throated Sparrow; Zitting Cisticola","n_species":30,"focal_species_seen":"European Roller; Greater Whitethroat","focal_species_slugs":"european-roller;greater-whitethroat","has_focal":true},"geometry":{"type":"Point","coordinates":[68.539818,23.626599]}},{"type":"Feature","properties":{"GROUP.ID":"G10886450","LOCALITY":"PMC2023-T3G6.","LATITUDE":23.576195,"LONGITUDE":68.581735,"OBSERVATION.DATE":"2023-09-24","OBSERVER.ID":"obsr4399854","DURATION.MINUTES":36.0,"SAMPLING.EVENT.IDENTIFIER":"S155739297","species_list":"Bay-backed Shrike; Black Francolin; Eastern Cattle-Egret; Gray-breasted Prinia; Gray Francolin; Great Gray Shrike; Indian Bushlark; Indian Silverbill; Laughing Dove; Montagu's Harrier; Purple Sunbird; Red-vented Bulbul; Rosy Starling; Shikra; Short-toed Snake-Eagle; Siberian Stonechat","n_species":16,"focal_species_seen":"","focal_species_slugs":"","has_focal":false},"geometry":{"type":"Point","coordinates":[68.581735,23.576195]}},{"type":"Feature","properties":{"GROUP.ID":"G10886451","LOCALITY":"PMC2023-T3G5","LATITUDE":23.567863,"LONGITUDE":68.504553,"OBSERVATION.DATE":"2023-09-23","OBSERVER.ID":"obsr4399854","DURATION.MINUTES":41.0,"SAMPLING.EVENT.IDENTIFIER":"S155739298","species_list":"Ashy-crowned Sparrow-Lark; Black-winged Kite; Black-winged Stilt; Common Babbler; Eastern Cattle-Egret; Eastern Red-rumped Swallow; Eurasian Collared-Dove; European Roller; Gray Francolin; Indian Silverbill; Indian Spot-billed Duck; Laughing Dove; Little Egret; Little Swift; Paddyfield Pipit; Red-backed Shrike; Red-wattled Lapwing; Rosy Starling; Rufous-fronted Prinia; Tawny Lark; Variable Wheatear; Wire-tailed Swallow","n_species":22,"focal_species_seen":"European Roller; Red-backed Shrike","focal_species_slugs":"european-roller;red-backed-shrike","has_focal":true},"geometry":{"type":"Point","coordinates":[68.504553,23.567863]}},{"type":"Feature","properties":{"GROUP.ID":"G10886452","LOCALITY":"PMC2023-T3G4","LATITUDE":23.544852,"LONGITUDE":68.522823,"OBSERVATION.DATE":"2023-09-23","OBSERVER.ID":"obsr4399854","DURATION.MINUTES":35.0,"SAMPLING.EVENT.IDENTIFIER":"S155739299","species_list":"Asian Green Bee-eater; Black-winged Kite; Common Babbler; Common Tailorbird; Eastern Cattle-Egret; Eurasian Collared-Dove; European Roller; Gray Francolin; Greater Coucal; Gull-billed Tern; House Crow; House Sparrow; Indian Silverbill; Laughing Dove; Little Swift; Plain Prinia; Purple Sunbird; Red-vented Bulbul; Red-wattled Lapwing; Red Collared-Dove; Rosy Starling; Rufous-fronted Prinia; Spotted Owlet; White-eyed Buzzard","n_species":24,"focal_species_seen":"European Roller","focal_species_slugs":"european-roller","has_focal":true},"geometry":{"type":"Point","coordinates":[68.522823,23.544852]}},{"type":"Feature","properties":{"GROUP.ID":"G10886453","LOCALITY":"PMS2023-T3G3","LATITUDE":23.481628,"LONGITUDE":68.582832,"OBSERVATION.DATE":"2023-09-23","OBSERVER.ID":"obsr4399854","DURATION.MINUTES":24.0,"SAMPLING.EVENT.IDENTIFIER":"S155739300","species_list":"Ashy-crowned Sparrow-Lark; Asian Green Bee-eater; Black-winged Kite; Black Drongo; Black Francolin; Common Babbler; Common Cuckoo; Common Myna; Eastern Cattle-Egret; Eurasian Collared-Dove; European Roller; Gray Francolin; Greater Whitethroat; House Crow; Indian Bushlark; Indian Robin; Jungle Prinia; Laughing Dove; Lesser Whitethroat; Oriental Darter; Plain Prinia; Purple Sunbird; Red-vented Bulbul; Rosy Starling; Rufous-fronted Prinia","n_species":25,"focal_species_seen":"Common Cuckoo; European Roller; Greater Whitethroat","focal_species_slugs":"common-cuckoo;european-roller;greater-whitethroat","has_focal":true},"geometry":{"type":"Point","coordinates":[68.582832,23.481628]}},{"type":"Feature","properties":{"GROUP.ID":"G10886454","LOCALITY":"PMS2023-T3G2","LATITUDE":23.399819,"LONGITUDE":68.581724,"OBSERVATION.DATE":"2023-09-24","OBSERVER.ID":"obsr4399854","DURATION.MINUTES":48.0,"SAMPLING.EVENT.IDENTIFIER":"S155739301","species_list":"Ashy-crowned Sparrow-Lark; Asian Green Bee-eater; Baya Weaver; Black-winged Stilt; Black Drongo; Common Babbler; Common Tailorbird; Eastern Red-rumped Swallow; Eurasian Collared-Dove; Eurasian Curlew; Eurasian Spoonbill; Eurasian Whimbrel; Gray-breasted Prinia; Gray Heron; Great Egret; Green Sandpiper; Gull-billed Tern; Indian Pond-Heron; Laughing Dove; Little Cormorant; Little Egret; Little Heron; Little Ringed Plover; Long-tailed Shrike; Red-vented Bulbul; Red-wattled Lapwing; River Tern; Western Marsh Harrier; Western Reef-Heron; Whiskered Tern; White-eared Bulbul","n_species":31,"focal_species_seen":"","focal_species_slugs":"","has_focal":false},"geometry":{"type":"Point","coordinates":[68.581724,23.399819]}},{"type":"Feature","properties":{"GROUP.ID":"G10886398","LOCALITY":"PMC2023-T3G1","LATITUDE":23.418609,"LONGITUDE":68.646968,"OBSERVATION.DATE":"2023-09-24","OBSERVER.ID":"obsr4399854","DURATION.MINUTES":42.0,"SAMPLING.EVENT.IDENTIFIER":"S155739302","species_list":"Asian Green Bee-eater; Barn Swallow; Common Tailorbird; Eurasian Collared-Dove; Gray-breasted Prinia; Greater Coucal; House Sparrow; Laughing Dove; Purple Sunbird; Red-vented Bulbul; Red-wattled Lapwing; Rosy Starling; White-eared Bulbul; White-tailed Iora; Yellow-crowned Woodpecker","n_species":15,"focal_species_seen":"","focal_species_slugs":"","has_focal":false},"geometry":{"type":"Point","coordinates":[68.646968,23.418609]}},{"type":"Feature","properties":{"GROUP.ID":"G10889170","LOCALITY":"PMC2023_T14G8","LATITUDE":23.229464,"LONGITUDE":69.4364143,"OBSERVATION.DATE":"2023-09-24","OBSERVER.ID":"obsr4399854","DURATION.MINUTES":34.0,"SAMPLING.EVENT.IDENTIFIER":"S155739303","species_list":"Asian Green Bee-eater; Bay-backed Shrike; Black Drongo; Blyth's Reed Warbler; Common Babbler; Common Hoopoe; Common Tailorbird; Common Woodshrike; Eastern Cattle-Egret; Eastern Orphean Warbler; Eastern Red-rumped Swallow; Eurasian Wryneck; European Roller; Gray-breasted Prinia; Gray Francolin; Greater Coucal; House Sparrow; Indian Robin; Indian Silverbill; Jungle Prinia; Laughing Dove; Long-tailed Shrike; Oriental Honey-buzzard; Plain Prinia; Purple Sunbird; Red-naped Ibis; Red-vented Bulbul; Red-wattled Lapwing; Spotted Flycatcher; Tree Pipit; White-bellied Minivet; White-eared Bulbul; White-tailed Iora","n_species":33,"focal_species_seen":"European Roller; Spotted Flycatcher","focal_species_slugs":"european-roller;spotted-flycatcher","has_focal":true},"geometry":{"type":"Point","coordinates":[69.4364143,23.229464]}},{"type":"Feature","properties":{"GROUP.ID":"G10889171","LOCALITY":"PMC2023_T14_G7","LATITUDE":23.1991585,"LONGITUDE":69.3933116,"OBSERVATION.DATE":"2023-09-24","OBSERVER.ID":"obsr4399854","DURATION.MINUTES":45.0,"SAMPLING.EVENT.IDENTIFIER":"S155739304","species_list":"Asian Green Bee-eater; Barn Swallow; Baya Weaver; Black-winged Kite; Black Drongo; Common Babbler; Common Tailorbird; Eastern Cattle-Egret; Eastern Red-rumped Swallow; European Roller; Gray-breasted Prinia; Gray Francolin; Greater Coucal; House Sparrow; Indian Peafowl; Indian Robin; Jungle Prinia; Laughing Dove; Long-tailed Shrike; Plain Prinia; Purple Sunbird; Red-vented Bulbul; Red-wattled Lapwing; Small Minivet; Spotted Flycatcher; White-tailed Iora; Wire-tailed Swallow","n_species":27,"focal_species_seen":"European Roller; Spotted Flycatcher","focal_species_slugs":"european-roller;spotted-flycatcher","has_focal":true},"geometry":{"type":"Point","coordinates":[69.3933116,23.1991585]}},{"type":"Feature","properties":{"GROUP.ID":"G10889172","LOCALITY":"PMC2023_T14G6","LATITUDE":23.1238853,"LONGITUDE":69.3267794,"OBSERVATION.DATE":"2023-09-24","OBSERVER.ID":"obsr4399854","DURATION.MINUTES":29.0,"SAMPLING.EVENT.IDENTIFIER":"S155739305","species_list":"Asian Green Bee-eater; Black-winged Kite; Black Drongo; Brahminy Starling; Common Babbler; Common Myna; Common Tailorbird; Eastern Cattle-Egret; Eastern Red-rumped Swallow; Eurasian Wryneck; Gray-breasted Prinia; Gray Francolin; Greater Coucal; Indian Golden Oriole; Indian Robin; Indian Roller; Laughing Dove; Plain Prinia; Purple Sunbird; Red-vented Bulbul; Red-wattled Lapwing; Small Minivet; Spotted Flycatcher; White-throated Kingfisher","n_species":24,"focal_species_seen":"Spotted Flycatcher","focal_species_slugs":"spotted-flycatcher","has_focal":true},"geometry":{"type":"Point","coordinates":[69.3267794,23.1238853]}},{"type":"Feature","properties":{"GROUP.ID":"G10885050","LOCALITY":"PMC2023_T6G1","LATITUDE":23.1838282,"LONGITUDE":68.7503909,"OBSERVATION.DATE":"2023-09-24","OBSERVER.ID":"obsr4399854","DURATION.MINUTES":56.0,"SAMPLING.EVENT.IDENTIFIER":"S155739306","species_list":"Black-winged Kite; Black Francolin; Gray-breasted Prinia; Gray Francolin; Great Gray Shrike; Greater Coucal; Indian Bushlark; Rain Quail; Red-tailed Shrike; Red-wattled Lapwing; Siberian Stonechat; Spotted Flycatcher; Zitting Cisticola","n_species":13,"focal_species_seen":"Red-tailed Shrike; Spotted Flycatcher","focal_species_slugs":"red-tailed-shrike;spotted-flycatcher","has_focal":true},"geometry":{"type":"Point","coordinates":[68.7503909,23.1838282]}},{"type":"Feature","properties":{"GROUP.ID":"G10884652","LOCALITY":"PMC2023_T26G1","LATITUDE":23.7602597,"LONGITUDE":70.6724927,"OBSERVATION.DATE":"2023-09-23","OBSERVER.ID":"obsr4399854","DURATION.MINUTES":60.0,"SAMPLING.EVENT.IDENTIFIER":"S155739307","species_list":"Ashy-crowned Sparrow-Lark; Asian Green Bee-eater; Barred Buttonquail; Bay-backed Shrike; Black-crowned Night Heron; Black-tailed Godwit; Black Francolin; Caspian Tern; Common Babbler; Common Hoopoe; Eastern Cattle-Egret; Eurasian Collared-Dove; European Roller; Gray Francolin; Great Thick-knee; Greater Flamingo; Greater Whitethroat; Indian Bushlark; Indian Cormorant; Indian Peafowl; Indian Robin; Indian Silverbill; Laughing Dove; Lesser Whitethroat; Little Egret; Montagu's Harrier; Plain Prinia; Purple Sunbird; Red-vented Bulbul; River Tern; Western Marsh Harrier; White-throated Kingfisher; Yellow-throated Sparrow","n_species":33,"focal_species_seen":"European Roller; Greater Whitethroat","focal_species_slugs":"european-roller;greater-whitethroat","has_focal":true},"geometry":{"type":"Point","coordinates":[70.6724927,23.7602597]}},{"type":"Feature","properties":{"GROUP.ID":"G10884831","LOCALITY":"PMC_T13G5","LATITUDE":22.8387993,"LONGITUDE":69.5576758,"OBSERVATION.DATE":"2023-09-24","OBSERVER.ID":"obsr4399854","DURATION.MINUTES":49.0,"SAMPLING.EVENT.IDENTIFIER":"S155739308","species_list":"Asian Green Bee-eater; Bay-backed Shrike; Baya Weaver; Black Drongo; Brahminy Starling; Common Babbler; Common Myna; Eurasian Wryneck; Gray Francolin; Greater Whitethroat; House Sparrow; Indian Pond-Heron; Indian Robin; Indian Silverbill; Laughing Dove; Little Egret; Long-tailed Shrike; Paddyfield Pipit; Plain Prinia; Purple Sunbird; Rain Quail; Red-naped Ibis; Red-wattled Lapwing; Rosy Starling; Sykes's Warbler; Western Yellow Wagtail; White-eared Bulbul; White-tailed Iora","n_species":28,"focal_species_seen":"Greater Whitethroat","focal_species_slugs":"greater-whitethroat","has_focal":true},"geometry":{"type":"Point","coordinates":[69.5576758,22.8387993]}},{"type":"Feature","properties":{"GROUP.ID":"G10884778","LOCALITY":"PMC2023_T30G2","LATITUDE":23.2222789,"LONGITUDE":70.2627749,"OBSERVATION.DATE":"2023-09-24","OBSERVER.ID":"obsr4399854","DURATION.MINUTES":70.0,"SAMPLING.EVENT.IDENTIFIER":"S155739309","species_list":"Asian Green Bee-eater; Barn Swallow; Black-winged Stilt; Common Babbler; Common Cuckoo; Common Kingfisher; Common Tailorbird; Dusky Crag-Martin; Eastern Cattle-Egret; Eurasian Collared-Dove; Eurasian Coot; Eurasian Moorhen; European Roller; Gray Francolin; Great Egret; Green Sandpiper; Indian Pond-Heron; Indian Silverbill; Indian Spot-billed Duck; Laughing Dove; Little Cormorant; Little Egret; Little Stint; Little Swift; Medium Egret; Painted Stork; Pied Kingfisher; Plain Prinia; Purple Sunbird; Red-wattled Lapwing; River Tern; Rose-ringed Parakeet; Rosy Starling; Streaked Weaver; Sykes's Warbler; White-eared Bulbul; White-tailed Iora; White-throated Kingfisher; Wire-tailed Swallow","n_species":39,"focal_species_seen":"Common Cuckoo; European Roller","focal_species_slugs":"common-cuckoo;european-roller","has_focal":true},"geometry":{"type":"Point","coordinates":[70.2627749,23.2222789]}},{"type":"Feature","properties":{"GROUP.ID":"G10884799","LOCALITY":"PMC2023_T26G2","LATITUDE":23.7721291,"LONGITUDE":70.8631766,"OBSERVATION.DATE":"2023-09-23","OBSERVER.ID":"obsr4399854","DURATION.MINUTES":28.0,"SAMPLING.EVENT.IDENTIFIER":"S155739310","species_list":"Barn Swallow; Black-tailed Godwit; Caspian Tern; Common Sandpiper; Eastern Cattle-Egret; Gray Heron; Laughing Dove; Little Cormorant; Little Tern; Painted Stork; Pied Avocet; Pied Kingfisher; River Tern; Rosy Starling; Western Marsh Harrier; Western Reef-Heron; Whiskered Tern","n_species":17,"focal_species_seen":"","focal_species_slugs":"","has_focal":false},"geometry":{"type":"Point","coordinates":[70.8631766,23.7721291]}},{"type":"Feature","properties":{"GROUP.ID":"G10884832","LOCALITY":"PMC_23 T13G2","LATITUDE":22.8500167,"LONGITUDE":69.2262057,"OBSERVATION.DATE":"2023-09-23","OBSERVER.ID":"obsr4399854","DURATION.MINUTES":53.0,"SAMPLING.EVENT.IDENTIFIER":"S155739311","species_list":"Barn Swallow; Baya Weaver; Black Drongo; Common Babbler; Common Cuckoo; Common Hoopoe; Common Kingfisher; Common Myna; Common Sandpiper; Dusky Crag-Martin; Eurasian Spoonbill; European Roller; Gray Francolin; Greater Whitethroat; House Sparrow; Indian Cormorant; Indian Pond-Heron; Indian Robin; Indian Silverbill; Lesser Whitethroat; Little Cormorant; Long-tailed Shrike; Paddyfield Pipit; Pied Kingfisher; Plain Prinia; Purple Sunbird; Red-backed Shrike; Red-vented Bulbul; Red-wattled Lapwing; Red Collared-Dove; River Tern; Rosy Starling; Ruff; Rufous-fronted Prinia; Spotted Flycatcher; Streak-throated Swallow; Sykes's Warbler; Western Reef-Heron; Wire-tailed Swallow; Yellow-wattled Lapwing","n_species":40,"focal_species_seen":"Common Cuckoo; European Roller; Greater Whitethroat; Red-backed Shrike; Spotted Flycatcher","focal_species_slugs":"common-cuckoo;european-roller;greater-whitethroat;red-backed-shrike;spotted-flycatcher","has_focal":true},"geometry":{"type":"Point","coordinates":[69.2262057,22.8500167]}},{"type":"Feature","properties":{"GROUP.ID":"G10889804","LOCALITY":"PMC2023_T21G1","LATITUDE":24.050938,"LONGITUDE":69.587442,"OBSERVATION.DATE":"2023-09-23","OBSERVER.ID":"obsr4399854","DURATION.MINUTES":42.0,"SAMPLING.EVENT.IDENTIFIER":"S155739312","species_list":"Asian Green Bee-eater; Black Drongo; Common Babbler; Eurasian Kestrel; European Roller; Red-wattled Lapwing; White-eyed Buzzard","n_species":7,"focal_species_seen":"European Roller","focal_species_slugs":"european-roller","has_focal":true},"geometry":{"type":"Point","coordinates":[69.587442,24.050938]}},{"type":"Feature","properties":{"GROUP.ID":"G10884777","LOCALITY":"PMC2023_T26G4","LATITUDE":23.8977516,"LONGITUDE":70.6920849,"OBSERVATION.DATE":"2023-09-24","OBSERVER.ID":"obsr4399854","DURATION.MINUTES":78.0,"SAMPLING.EVENT.IDENTIFIER":"S155739313","species_list":"Ashy-crowned Sparrow-Lark; Asian Green Bee-eater; Baya Weaver; Brahminy Starling; Common Hoopoe; Common Tailorbird; Eurasian Kestrel; European Roller; Gray-necked Bunting; Gray Francolin; Great Gray Shrike; Indian Peafowl; Indian Robin; Laughing Dove; Lesser Whistling-Duck; Lesser Whitethroat; Pied Cuckoo; Purple Sunbird; Red-vented Bulbul; Red-wattled Lapwing; River Tern; Rufous-fronted Prinia; Rufous-tailed Lark; Variable Wheatear; White-eared Bulbul","n_species":25,"focal_species_seen":"European Roller","focal_species_slugs":"european-roller","has_focal":true},"geometry":{"type":"Point","coordinates":[70.6920849,23.8977516]}},{"type":"Feature","properties":{"GROUP.ID":"G10884697","LOCALITY":"PMC2023_T26G3","LATITUDE":23.848511,"LONGITUDE":70.8261289,"OBSERVATION.DATE":"2023-09-23","OBSERVER.ID":"obsr4399854","DURATION.MINUTES":27.0,"SAMPLING.EVENT.IDENTIFIER":"S155739314","species_list":"Asian Green Bee-eater; Barn Swallow; Baya Weaver; Eurasian Collared-Dove; European Roller; Gray-breasted Prinia; Greater Flamingo; House Sparrow; Indian Peafowl; Laughing Dove; Little Cormorant; Northern Shoveler; Pied Kingfisher; Red Collared-Dove; Rosy Starling; Rufous-fronted Prinia; Variable Wheatear; White-breasted Waterhen; White-eared Bulbul; Yellow-throated Sparrow","n_species":20,"focal_species_seen":"European Roller","focal_species_slugs":"european-roller","has_focal":true},"geometry":{"type":"Point","coordinates":[70.8261289,23.848511]}},{"type":"Feature","properties":{"GROUP.ID":"G10885640","LOCALITY":"PMC2023_T18G4","LATITUDE":23.2668807,"LONGITUDE":69.6365861,"OBSERVATION.DATE":"2023-09-24","OBSERVER.ID":"obsr4399854","DURATION.MINUTES":47.0,"SAMPLING.EVENT.IDENTIFIER":"S155739315","species_list":"Ashy-crowned Sparrow-Lark; Asian Green Bee-eater; Barred Buttonquail; Bay-backed Shrike; Common Babbler; House Sparrow; Isabelline Shrike; Laughing Dove; Medium Egret; Paddyfield Pipit; Red-backed Shrike; Red-naped Ibis; Red-tailed Shrike; Red-vented Bulbul; Red-wattled Lapwing; Rosy Starling; Rufous-tailed Lark; White-eared Bulbul; Yellow-wattled Lapwing","n_species":19,"focal_species_seen":"Red-backed Shrike; Red-tailed Shrike","focal_species_slugs":"red-backed-shrike;red-tailed-shrike","has_focal":true},"geometry":{"type":"Point","coordinates":[69.6365861,23.2668807]}},{"type":"Feature","properties":{"GROUP.ID":"G10884653","LOCALITY":"PMC2023_T26G6","LATITUDE":23.9307647,"LONGITUDE":70.6267687,"OBSERVATION.DATE":"2023-09-24","OBSERVER.ID":"obsr4399854","DURATION.MINUTES":26.0,"SAMPLING.EVENT.IDENTIFIER":"S155739316","species_list":"Asian Green Bee-eater; Baya Weaver; Blue-cheeked Bee-eater; Common Babbler; Eastern Cattle-Egret; Eurasian Collared-Dove; European Roller; Greater Flamingo; Indian Peafowl; Indian Pond-Heron; Indian Robin; Indian Silverbill; Isabelline Shrike; Laughing Dove; Lesser Flamingo; Purple Sunbird; Red-wattled Lapwing; Red Collared-Dove; Rufous-tailed Scrub-Robin; Variable Wheatear; White-eared Bulbul","n_species":21,"focal_species_seen":"Blue-cheeked Bee-eater; European Roller; Rufous-tailed Scrub-Robin","focal_species_slugs":"blue-cheeked-bee-eater;european-roller;rufous-tailed-scrub-robin","has_focal":true},"geometry":{"type":"Point","coordinates":[70.6267687,23.9307647]}},{"type":"Feature","properties":{"GROUP.ID":"G10884645","LOCALITY":"PMC2023_T26G5","LATITUDE":23.8770382,"LONGITUDE":70.76947,"OBSERVATION.DATE":"2023-09-23","OBSERVER.ID":"obsr4399854","DURATION.MINUTES":94.0,"SAMPLING.EVENT.IDENTIFIER":"S155739317","species_list":"Ashy-crowned Sparrow-Lark; Asian Green Bee-eater; Bay-backed Shrike; Black Drongo; Common Hoopoe; Common Tailorbird; Eurasian Collared-Dove; Eurasian Wryneck; European Roller; Gray-necked Bunting; Gray Francolin; Greater Whitethroat; Indian Peafowl; Indian Robin; Laughing Dove; Lesser Whitethroat; Little Grebe; Purple Sunbird; Red-vented Bulbul; Rufous-tailed Lark; Rufous-tailed Scrub-Robin; Short-toed Snake-Eagle; Spotted Flycatcher; Variable Wheatear; White-eared Bulbul; White-throated Kingfisher","n_species":26,"focal_species_seen":"European Roller; Greater Whitethroat; Rufous-tailed Scrub-Robin; Spotted Flycatcher","focal_species_slugs":"european-roller;greater-whitethroat;rufous-tailed-scrub-robin;spotted-flycatcher","has_focal":true},"geometry":{"type":"Point","coordinates":[70.76947,23.8770382]}},{"type":"Feature","properties":{"GROUP.ID":"G10885642","LOCALITY":"PMC2023_T18G1","LATITUDE":23.2319732,"LONGITUDE":69.7712857,"OBSERVATION.DATE":"2023-09-24","OBSERVER.ID":"obsr4399854","DURATION.MINUTES":34.0,"SAMPLING.EVENT.IDENTIFIER":"S155739318","species_list":"Ashy-crowned Sparrow-Lark; Asian Green Bee-eater; Asian Koel; Baya Weaver; Black-winged Kite; Black Drongo; Common Tailorbird; Eastern Cattle-Egret; Eastern Red-rumped Swallow; European Roller; Gray Francolin; Indian Robin; Indian Silverbill; Laughing Dove; Little Egret; Medium Egret; Plain Prinia; Purple Sunbird; Red-vented Bulbul; White-eared Bulbul; White-throated Kingfisher","n_species":21,"focal_species_seen":"European Roller","focal_species_slugs":"european-roller","has_focal":true},"geometry":{"type":"Point","coordinates":[69.7712857,23.2319732]}},{"type":"Feature","properties":{"GROUP.ID":"G10885643","LOCALITY":"PMC2023_T18G2","LATITUDE":23.2363312,"LONGITUDE":69.8810527,"OBSERVATION.DATE":"2023-09-24","OBSERVER.ID":"obsr4399854","DURATION.MINUTES":57.0,"SAMPLING.EVENT.IDENTIFIER":"S155739319","species_list":"Ashy-crowned Sparrow-Lark; Asian Green Bee-eater; Bay-backed Shrike; Baya Weaver; Black-winged Stilt; Common Babbler; Common Kingfisher; Desert Wheatear; Eurasian Collared-Dove; Eurasian Coot; European Roller; House Sparrow; Indian Pond-Heron; Indian Silverbill; Indian Spot-billed Duck; Laughing Dove; Little Cormorant; Little Grebe; Pied Kingfisher; Plain Prinia; Purple Sunbird; Red-vented Bulbul; Red-wattled Lapwing; River Tern; Rufous-tailed Lark; Streak-throated Swallow; White-eared Bulbul","n_species":27,"focal_species_seen":"European Roller","focal_species_slugs":"european-roller","has_focal":true},"geometry":{"type":"Point","coordinates":[69.8810527,23.2363312]}},{"type":"Feature","properties":{"GROUP.ID":"G10885780","LOCALITY":"PMC2023_T22G2","LATITUDE":23.7808801,"LONGITUDE":69.6616091,"OBSERVATION.DATE":"2023-09-24","OBSERVER.ID":"obsr4399854","DURATION.MINUTES":54.0,"SAMPLING.EVENT.IDENTIFIER":"S155739320","species_list":"Black-winged Stilt; Caspian Tern; Common Sandpiper; Eurasian Spoonbill; Gray Heron; Great Egret; Green-winged Teal; Gull-billed Tern; Kentish Plover; Little Egret; Little Ringed Plover; Little Stint; Northern Pintail; Northern Shoveler; Pied Avocet; River Tern; Ruff; Slender-billed Gull; Temminck's Stint; Tibetan Sand-Plover; Western Reef-Heron; Whiskered Tern; Wire-tailed Swallow","n_species":23,"focal_species_seen":"","focal_species_slugs":"","has_focal":false},"geometry":{"type":"Point","coordinates":[69.6616091,23.7808801]}},{"type":"Feature","properties":{"GROUP.ID":"G10884689","LOCALITY":"PMC2023_T2G5","LATITUDE":23.7394372,"LONGITUDE":68.750245,"OBSERVATION.DATE":"2023-09-24","OBSERVER.ID":"obsr4399854","DURATION.MINUTES":74.0,"SAMPLING.EVENT.IDENTIFIER":"S155739321","species_list":"Ashy-crowned Sparrow-Lark; Asian Green Bee-eater; Bay-backed Shrike; Black-winged Kite; Black Drongo; Brahminy Starling; Common Hoopoe; Common Sandpiper; Eastern Cattle-Egret; Eurasian Coot; European Roller; Gray-necked Bunting; Gray Francolin; Indian Peafowl; Laughing Dove; Little Grebe; Long-billed Pipit; Purple Sunbird; Red-vented Bulbul; Red-wattled Lapwing; Rosy Starling; Rufous-fronted Prinia; Variable Wheatear; White-eared Bulbul; White-throated Kingfisher; Wire-tailed Swallow","n_species":26,"focal_species_seen":"European Roller","focal_species_slugs":"european-roller","has_focal":true},"geometry":{"type":"Point","coordinates":[68.750245,23.7394372]}},{"type":"Feature","properties":{"GROUP.ID":"G10884690","LOCALITY":"PMC2023_T2G7","LATITUDE":23.7997961,"LONGITUDE":68.7882965,"OBSERVATION.DATE":"2023-09-24","OBSERVER.ID":"obsr4399854","DURATION.MINUTES":27.0,"SAMPLING.EVENT.IDENTIFIER":"S155739323","species_list":"Ashy-crowned Sparrow-Lark; Asian Green Bee-eater; Common Babbler; Eastern Cattle-Egret; Eurasian Kestrel; European Roller; Gray-necked Bunting; Gray Francolin; House Crow; Indian Bushlark; Jungle Prinia; Long-tailed Shrike; Paddyfield Pipit; Purple Sunbird; Red-vented Bulbul; Rufous-fronted Prinia; White-eared Bulbul","n_species":17,"focal_species_seen":"European Roller","focal_species_slugs":"european-roller","has_focal":true},"geometry":{"type":"Point","coordinates":[68.7882965,23.7997961]}},{"type":"Feature","properties":{"GROUP.ID":"G11190393","LOCALITY":"Kutchch--General Area (OBI)","LATITUDE":23.2428716,"LONGITUDE":69.6552078,"OBSERVATION.DATE":"2023-09-24","OBSERVER.ID":"obsr4399854","DURATION.MINUTES":null,"SAMPLING.EVENT.IDENTIFIER":"S155739324","species_list":"Red-naped Ibis","n_species":1,"focal_species_seen":"","focal_species_slugs":"","has_focal":false},"geometry":{"type":"Point","coordinates":[69.6552078,23.2428716]}},{"type":"Feature","properties":{"GROUP.ID":"G11248119","LOCALITY":"PMC2023_T28G3","LATITUDE":23.5923281,"LONGITUDE":70.5689876,"OBSERVATION.DATE":"2023-09-24","OBSERVER.ID":"obsr4399854","DURATION.MINUTES":33.0,"SAMPLING.EVENT.IDENTIFIER":"S155739325","species_list":"Asian Green Bee-eater; Common Babbler; Gray-breasted Prinia; Gray Francolin; Indian Silverbill; Laughing Dove; Pied Cuckoo; Purple Sunbird; Red-vented Bulbul; White-eared Bulbul","n_species":10,"focal_species_seen":"","focal_species_slugs":"","has_focal":false},"geometry":{"type":"Point","coordinates":[70.5689876,23.5923281]}},{"type":"Feature","properties":{"GROUP.ID":"G11248120","LOCALITY":"PMC2023_T28G5","LATITUDE":23.70198,"LONGITUDE":70.56044,"OBSERVATION.DATE":"2023-09-24","OBSERVER.ID":"obsr4399854","DURATION.MINUTES":57.0,"SAMPLING.EVENT.IDENTIFIER":"S155739326","species_list":"Asian Green Bee-eater; Bay-backed Shrike; Brahminy Starling; Common Babbler; Common Hoopoe; Common Tailorbird; Eurasian Collared-Dove; Eurasian Wryneck; European Roller; Gray-breasted Prinia; Indian Robin; Indian Silverbill; Laughing Dove; Lesser Whitethroat; Purple Sunbird; Red-naped Ibis; Red-vented Bulbul; Red Collared-Dove; Rosy Starling; Variable Wheatear; White-eared Bulbul","n_species":21,"focal_species_seen":"European Roller","focal_species_slugs":"european-roller","has_focal":true},"geometry":{"type":"Point","coordinates":[70.56044,23.70198]}},{"type":"Feature","properties":{"GROUP.ID":"G11248121","LOCALITY":"PMC2023_T28G1","LATITUDE":23.4960646,"LONGITUDE":70.641527,"OBSERVATION.DATE":"2023-09-23","OBSERVER.ID":"obsr4399854","DURATION.MINUTES":29.0,"SAMPLING.EVENT.IDENTIFIER":"S155739327","species_list":"Ashy-crowned Sparrow-Lark; Asian Green Bee-eater; Common Babbler; Dusky Crag-Martin; Eurasian Collared-Dove; House Sparrow; Indian Bushlark; Indian Robin; Red-vented Bulbul; White-eared Bulbul","n_species":10,"focal_species_seen":"","focal_species_slugs":"","has_focal":false},"geometry":{"type":"Point","coordinates":[70.641527,23.4960646]}},{"type":"Feature","properties":{"GROUP.ID":"G10889810","LOCALITY":"PMC2023_T21G2","LATITUDE":24.009777,"LONGITUDE":69.687476,"OBSERVATION.DATE":"2023-09-23","OBSERVER.ID":"obsr4399854","DURATION.MINUTES":53.0,"SAMPLING.EVENT.IDENTIFIER":"S155739328","species_list":"Asian Green Bee-eater; Black Drongo; Common Babbler; Eurasian Collared-Dove; Eurasian Spoonbill; European Roller; Gray-necked Bunting; Gray Francolin; Gray Heron; Purple Sunbird; Red-backed Shrike; Red-tailed Shrike; River Tern; Siberian Stonechat; Variable Wheatear; Whiskered Tern; White-eared Bulbul; White-throated Kingfisher","n_species":18,"focal_species_seen":"European Roller; Red-backed Shrike; Red-tailed Shrike","focal_species_slugs":"european-roller;red-backed-shrike;red-tailed-shrike","has_focal":true},"geometry":{"type":"Point","coordinates":[69.687476,24.009777]}},{"type":"Feature","properties":{"GROUP.ID":"G11248122","LOCALITY":"PMC2023_T28G2","LATITUDE":23.5328592,"LONGITUDE":70.6827713,"OBSERVATION.DATE":"2023-09-23","OBSERVER.ID":"obsr4399854","DURATION.MINUTES":34.0,"SAMPLING.EVENT.IDENTIFIER":"S155739329","species_list":"Ashy-crowned Sparrow-Lark; Asian Green Bee-eater; Baya Weaver; Black-winged Kite; House Sparrow; Indian Silverbill; Red-vented Bulbul; Red-wattled Lapwing; Red Collared-Dove; Spotted Flycatcher","n_species":10,"focal_species_seen":"Spotted Flycatcher","focal_species_slugs":"spotted-flycatcher","has_focal":true},"geometry":{"type":"Point","coordinates":[70.6827713,23.5328592]}},{"type":"Feature","properties":{"GROUP.ID":"G10910211","LOCALITY":"PMC2023_T17G7","LATITUDE":23.637365,"LONGITUDE":69.492518,"OBSERVATION.DATE":"2023-09-23","OBSERVER.ID":"obsr4399854","DURATION.MINUTES":38.0,"SAMPLING.EVENT.IDENTIFIER":"S155739330","species_list":"Asian Green Bee-eater; Bank Swallow; Barn Swallow; Black-headed Ibis; Black Drongo; Black Redstart; Blue-cheeked Bee-eater; Common Babbler; Common Sandpiper; Eastern Orphean Warbler; Eastern Red-rumped Swallow; European Roller; House Crow; Isabelline Shrike; Little Cormorant; Little Egret; Long-tailed Shrike; Montagu's Harrier; Pied Cuckoo; Plain Prinia; Purple Sunbird; Red-wattled Lapwing; Spotted Flycatcher; Western Marsh Harrier; Whiskered Tern; White-eared Bulbul; White-throated Kingfisher","n_species":27,"focal_species_seen":"Blue-cheeked Bee-eater; European Roller; Spotted Flycatcher","focal_species_slugs":"blue-cheeked-bee-eater;european-roller;spotted-flycatcher","has_focal":true},"geometry":{"type":"Point","coordinates":[69.492518,23.637365]}},{"type":"Feature","properties":{"GROUP.ID":"G11248123","LOCALITY":"PMC2023_T28G4","LATITUDE":23.6121817,"LONGITUDE":70.7311933,"OBSERVATION.DATE":"2023-09-23","OBSERVER.ID":"obsr4399854","DURATION.MINUTES":45.0,"SAMPLING.EVENT.IDENTIFIER":"S155739331","species_list":"Asian Green Bee-eater; Bay-backed Shrike; Baya Weaver; Chestnut-bellied Sandgrouse; Eurasian Collared-Dove; Greater Coucal; Indian Silverbill; Long-tailed Shrike; Purple Heron; Purple Sunbird; Red-vented Bulbul; Red-wattled Lapwing; Red Collared-Dove","n_species":13,"focal_species_seen":"","focal_species_slugs":"","has_focal":false},"geometry":{"type":"Point","coordinates":[70.7311933,23.6121817]}},{"type":"Feature","properties":{"GROUP.ID":"G11248124","LOCALITY":"PMC2023_T28G6","LATITUDE":23.7120267,"LONGITUDE":70.849725,"OBSERVATION.DATE":"2023-09-23","OBSERVER.ID":"obsr4399854","DURATION.MINUTES":67.0,"SAMPLING.EVENT.IDENTIFIER":"S155739333","species_list":"Ashy-crowned Sparrow-Lark; Asian Green Bee-eater; Baya Weaver; Blue-cheeked Bee-eater; Brahminy Starling; Common Kingfisher; Eurasian Collared-Dove; House Sparrow; Indian Robin; Indian Silverbill; Laughing Dove; Little Grebe; Pied Bushchat; Purple Sunbird; Red Collared-Dove; Rosy Starling; White-eared Bulbul; White-throated Kingfisher; Wire-tailed Swallow","n_species":19,"focal_species_seen":"Blue-cheeked Bee-eater","focal_species_slugs":"blue-cheeked-bee-eater","has_focal":true},"geometry":{"type":"Point","coordinates":[70.849725,23.7120267]}},{"type":"Feature","properties":{"GROUP.ID":"G10910213","LOCALITY":"PMC2023_T17G5","LATITUDE":23.588662,"LONGITUDE":69.417889,"OBSERVATION.DATE":"2023-09-23","OBSERVER.ID":"obsr4399854","DURATION.MINUTES":30.0,"SAMPLING.EVENT.IDENTIFIER":"S155739334","species_list":"Ashy-crowned Sparrow-Lark; Blue-cheeked Bee-eater; Common Babbler; Isabelline Shrike; Lesser Whitethroat; Red-tailed Shrike; Rosy Starling; Rufous-fronted Prinia; Rufous-tailed Scrub-Robin; Tawny Pipit; Western Yellow Wagtail; Whiskered Tern","n_species":12,"focal_species_seen":"Blue-cheeked Bee-eater; Red-tailed Shrike; Rufous-tailed Scrub-Robin","focal_species_slugs":"blue-cheeked-bee-eater;red-tailed-shrike;rufous-tailed-scrub-robin","has_focal":true},"geometry":{"type":"Point","coordinates":[69.417889,23.588662]}},{"type":"Feature","properties":{"GROUP.ID":"G10910217","LOCALITY":"PMC2023_T17G2","LATITUDE":23.467502,"LONGITUDE":69.510857,"OBSERVATION.DATE":"2023-09-24","OBSERVER.ID":"obsr4399854","DURATION.MINUTES":25.0,"SAMPLING.EVENT.IDENTIFIER":"S155739335","species_list":"Ashy-crowned Sparrow-Lark; Asian Green Bee-eater; Black-winged Kite; Eastern Cattle-Egret; Gray Francolin; Lesser Whitethroat; Purple Sunbird; Red-vented Bulbul; Rufous-fronted Prinia; White-eared Bulbul","n_species":10,"focal_species_seen":"","focal_species_slugs":"","has_focal":false},"geometry":{"type":"Point","coordinates":[69.510857,23.467502]}},{"type":"Feature","properties":{"GROUP.ID":"G10910218","LOCALITY":"PMC2023_T17G1","LATITUDE":23.437915,"LONGITUDE":69.580097,"OBSERVATION.DATE":"2023-09-24","OBSERVER.ID":"obsr4399854","DURATION.MINUTES":63.0,"SAMPLING.EVENT.IDENTIFIER":"S155739336","species_list":"Ashy-crowned Sparrow-Lark; Asian Green Bee-eater; Eastern Cattle-Egret; Eurasian Collared-Dove; European Roller; Greater Coucal; Greater Whitethroat; Laughing Dove; Oriental Honey-buzzard; Purple Sunbird; Variable Wheatear; White-tailed Iora","n_species":12,"focal_species_seen":"European Roller; Greater Whitethroat","focal_species_slugs":"european-roller;greater-whitethroat","has_focal":true},"geometry":{"type":"Point","coordinates":[69.580097,23.437915]}},{"type":"Feature","properties":{"GROUP.ID":"G10910219","LOCALITY":"PMC2023_T17G3","LATITUDE":23.470181,"LONGITUDE":69.61789,"OBSERVATION.DATE":"2023-09-24","OBSERVER.ID":"obsr4399854","DURATION.MINUTES":26.0,"SAMPLING.EVENT.IDENTIFIER":"S155739337","species_list":"Asian Green Bee-eater; Barn Swallow; Desert Wheatear; Eurasian Collared-Dove; Greater Short-toed Lark; House Crow; Isabelline Shrike; Isabelline Wheatear; Montagu's Harrier; Red-naped Ibis; Red-wattled Lapwing; Tawny Pipit; Variable Wheatear; White-eared Bulbul; Wire-tailed Swallow","n_species":15,"focal_species_seen":"","focal_species_slugs":"","has_focal":false},"geometry":{"type":"Point","coordinates":[69.61789,23.470181]}},{"type":"Feature","properties":{"GROUP.ID":"G10894024","LOCALITY":"PMC2023_T10G4","LATITUDE":23.3433043,"LONGITUDE":69.2393113,"OBSERVATION.DATE":"2023-09-24","OBSERVER.ID":"obsr4399854","DURATION.MINUTES":4.0,"SAMPLING.EVENT.IDENTIFIER":"S155739338","species_list":"Black-winged Kite; Black Drongo; Brown Rock Chat; Common Hoopoe; Common Tailorbird; Common Woodshrike; Eastern Cattle-Egret; Eurasian Spoonbill; European Roller; Gray Francolin; Gray Heron; Great Egret; Indian Peafowl; Indian Pond-Heron; Indian Robin; Indian Roller; Laughing Dove; Red-vented Bulbul; Red-wattled Lapwing; Rosy Starling; Rufous-fronted Prinia","n_species":21,"focal_species_seen":"European Roller","focal_species_slugs":"european-roller","has_focal":true},"geometry":{"type":"Point","coordinates":[69.2393113,23.3433043]}},{"type":"Feature","properties":{"GROUP.ID":"G10884433","LOCALITY":"PMC2023_T6G6","LATITUDE":23.3132056,"LONGITUDE":68.8689953,"OBSERVATION.DATE":"2023-09-24","OBSERVER.ID":"obsr4399854","DURATION.MINUTES":54.0,"SAMPLING.EVENT.IDENTIFIER":"S155739339","species_list":"Asian Green Bee-eater; Asian Koel; Barn Swallow; Bay-backed Shrike; Common Babbler; Common Hoopoe; Common Kingfisher; Common Myna; Common Sandpiper; Eurasian Collared-Dove; Eurasian Coot; Eurasian Wryneck; Glossy Ibis; Gray-bellied Cuckoo; Gray-breasted Prinia; Gray-headed Swamphen; Gray Francolin; Great Crested Grebe; House Crow; Indian Pond-Heron; Indian Robin; Indian Silverbill; Indian Spot-billed Duck; Laughing Dove; Little Heron; Oriental Darter; Pheasant-tailed Jacana; Purple Sunbird; Red-wattled Lapwing; Variable Wheatear; White-eared Bulbul; Wire-tailed Swallow; Yellow-wattled Lapwing","n_species":33,"focal_species_seen":"","focal_species_slugs":"","has_focal":false},"geometry":{"type":"Point","coordinates":[68.8689953,23.3132056]}},{"type":"Feature","properties":{"GROUP.ID":"G10884434","LOCALITY":"PMC2023_T6G3","LATITUDE":23.2163781,"LONGITUDE":68.7917208,"OBSERVATION.DATE":"2023-09-24","OBSERVER.ID":"obsr4399854","DURATION.MINUTES":35.0,"SAMPLING.EVENT.IDENTIFIER":"S155739341","species_list":"Asian Green Bee-eater; Bay-backed Shrike; Baya Weaver; Black Drongo; Common Babbler; Common Tailorbird; Eastern Cattle-Egret; Eurasian Collared-Dove; Eurasian Spoonbill; Glossy Ibis; Gray-breasted Prinia; Great Egret; Greater Coucal; House Sparrow; Indian Robin; Laughing Dove; Lesser Whitethroat; Plain Prinia; Purple Sunbird; Red-vented Bulbul; Red-wattled Lapwing; Rosy Starling; White-eared Bulbul; White-throated Kingfisher; Zitting Cisticola","n_species":25,"focal_species_seen":"","focal_species_slugs":"","has_focal":false},"geometry":{"type":"Point","coordinates":[68.7917208,23.2163781]}},{"type":"Feature","properties":{"GROUP.ID":"G10884090","LOCALITY":"PMC2023_T16G1","LATITUDE":23.347378,"LONGITUDE":69.493113,"OBSERVATION.DATE":"2023-09-24","OBSERVER.ID":"obsr4399854","DURATION.MINUTES":53.0,"SAMPLING.EVENT.IDENTIFIER":"S155739342","species_list":"Asian Green Bee-eater; Bay-backed Shrike; Baya Weaver; Black-winged Stilt; Blue-cheeked Bee-eater; Common Babbler; Common Hoopoe; Eastern Cattle-Egret; Eastern Red-rumped Swallow; European Roller; Gray-breasted Prinia; Green Sandpiper; Indian Robin; Laughing Dove; Lesser Whitethroat; Plain Prinia; Purple Sunbird; Red-vented Bulbul; Spotted Flycatcher; Striolated Bunting; White-bellied Minivet; White-eared Bulbul; White-tailed Iora","n_species":23,"focal_species_seen":"Blue-cheeked Bee-eater; European Roller; Spotted Flycatcher","focal_species_slugs":"blue-cheeked-bee-eater;european-roller;spotted-flycatcher","has_focal":true},"geometry":{"type":"Point","coordinates":[69.493113,23.347378]}},{"type":"Feature","properties":{"GROUP.ID":"G10884097","LOCALITY":"PMC2023_T16G6","LATITUDE":23.453806,"LONGITUDE":69.470697,"OBSERVATION.DATE":"2023-09-24","OBSERVER.ID":"obsr4399854","DURATION.MINUTES":57.0,"SAMPLING.EVENT.IDENTIFIER":"S155739343","species_list":"Ashy-crowned Sparrow-Lark; Asian Green Bee-eater; Black Redstart; Common Hoopoe; Common Tailorbird; Eurasian Wryneck; Gray-breasted Prinia; Gray-necked Bunting; Gray Francolin; Gray Heron; Green Sandpiper; House Sparrow; Indian Peafowl; Indian Roller; Laughing Dove; Lesser Whitethroat; Purple Sunbird; Red-vented Bulbul; River Tern; White-eared Bulbul; White-eyed Buzzard; White-throated Kingfisher; Yellow-throated Sparrow","n_species":23,"focal_species_seen":"","focal_species_slugs":"","has_focal":false},"geometry":{"type":"Point","coordinates":[69.470697,23.453806]}},{"type":"Feature","properties":{"GROUP.ID":"G10880025","LOCALITY":"PMC2023_T16G3","LATITUDE":23.393496,"LONGITUDE":69.407665,"OBSERVATION.DATE":"2023-09-23","OBSERVER.ID":"obsr4399854","DURATION.MINUTES":46.0,"SAMPLING.EVENT.IDENTIFIER":"S155739344","species_list":"Asian Green Bee-eater; Common Cuckoo; Common Tailorbird; Eastern Red-rumped Swallow; Eurasian Sparrowhawk; Eurasian Wryneck; European Roller; Gray-breasted Prinia; Gray Francolin; Greater Whitethroat; Indian Robin; Indian Silverbill; Jungle Prinia; Laughing Dove; Purple Sunbird; Red-vented Bulbul; Rose-ringed Parakeet; Small Minivet; White-eared Bulbul; White-tailed Iora","n_species":20,"focal_species_seen":"Common Cuckoo; European Roller; Greater Whitethroat","focal_species_slugs":"common-cuckoo;european-roller;greater-whitethroat","has_focal":true},"geometry":{"type":"Point","coordinates":[69.407665,23.393496]}},{"type":"Feature","properties":{"GROUP.ID":"G10880028","LOCALITY":"PMC2023_T16G5","LATITUDE":23.417502,"LONGITUDE":69.365525,"OBSERVATION.DATE":"2023-09-23","OBSERVER.ID":"obsr4399854","DURATION.MINUTES":42.0,"SAMPLING.EVENT.IDENTIFIER":"S155739345","species_list":"Ashy-crowned Sparrow-Lark; Asian Green Bee-eater; Common Babbler; Common Hoopoe; Common Tailorbird; Eastern Cattle-Egret; Eurasian Wryneck; European Roller; Gray Francolin; Indian Peafowl; Indian Robin; Purple Sunbird; Red-vented Bulbul; Red-wattled Lapwing; Small Minivet; Spotted Flycatcher; Variable Wheatear; White-eared Bulbul; White-tailed Iora","n_species":19,"focal_species_seen":"European Roller; Spotted Flycatcher","focal_species_slugs":"european-roller;spotted-flycatcher","has_focal":true},"geometry":{"type":"Point","coordinates":[69.365525,23.417502]}},{"type":"Feature","properties":{"GROUP.ID":"G10879997","LOCALITY":"PMC2023_T16G7","LATITUDE":23.46216,"LONGITUDE":69.335189,"OBSERVATION.DATE":"2023-09-23","OBSERVER.ID":"obsr4399854","DURATION.MINUTES":43.0,"SAMPLING.EVENT.IDENTIFIER":"S155739346","species_list":"Common Babbler; Common Woodshrike; Eastern Red-rumped Swallow; Gray-breasted Prinia; Gray Francolin; Laughing Dove; Lesser Whitethroat; Little Swift; Purple Sunbird; Red-vented Bulbul; Small Minivet; Spotted Flycatcher; White-bellied Minivet; White-eared Bulbul; White-tailed Iora","n_species":15,"focal_species_seen":"Spotted Flycatcher","focal_species_slugs":"spotted-flycatcher","has_focal":true},"geometry":{"type":"Point","coordinates":[69.335189,23.46216]}},{"type":"Feature","properties":{"GROUP.ID":"G10880004","LOCALITY":"PMC2023_T16G4","LATITUDE":23.416853,"LONGITUDE":69.305718,"OBSERVATION.DATE":"2023-09-23","OBSERVER.ID":"obsr4399854","DURATION.MINUTES":42.0,"SAMPLING.EVENT.IDENTIFIER":"S155739347","species_list":"Ashy-crowned Sparrow-Lark; Asian Green Bee-eater; Baya Weaver; Black Francolin; Common Babbler; Common Cuckoo; Common Sandpiper; Eastern Cattle-Egret; Eurasian Collared-Dove; Eurasian Spoonbill; European Roller; Gray-breasted Prinia; Gray Francolin; House Sparrow; Indian Robin; Indian Silverbill; Laughing Dove; Long-tailed Shrike; Purple Sunbird; Red-vented Bulbul; Red-wattled Lapwing; Rosy Starling; Shikra; Spotted Flycatcher; White-eared Bulbul; White-tailed Iora; Wire-tailed Swallow","n_species":27,"focal_species_seen":"Common Cuckoo; European Roller; Spotted Flycatcher","focal_species_slugs":"common-cuckoo;european-roller;spotted-flycatcher","has_focal":true},"geometry":{"type":"Point","coordinates":[69.305718,23.416853]}},{"type":"Feature","properties":{"GROUP.ID":"G10879999","LOCALITY":"PMC2023_T16G2","LATITUDE":23.362214,"LONGITUDE":69.322907,"OBSERVATION.DATE":"2023-09-23","OBSERVER.ID":"obsr4399854","DURATION.MINUTES":48.0,"SAMPLING.EVENT.IDENTIFIER":"S155739348","species_list":"Asian Green Bee-eater; Bay-backed Shrike; Black Drongo; Common Babbler; Common Tailorbird; Common Woodshrike; Eastern Red-rumped Swallow; Eurasian Collared-Dove; Eurasian Wryneck; European Roller; Gray-breasted Prinia; Gray Francolin; House Sparrow; Indian Bushlark; Indian Robin; Indian Silverbill; Laughing Dove; Plain Prinia; Purple Sunbird; Red-vented Bulbul; Red-wattled Lapwing; Rufous-fronted Prinia; Small Minivet; White-eared Bulbul; White-tailed Iora; Yellow-crowned Woodpecker","n_species":26,"focal_species_seen":"European Roller","focal_species_slugs":"european-roller","has_focal":true},"geometry":{"type":"Point","coordinates":[69.322907,23.362214]}},{"type":"Feature","properties":{"GROUP.ID":"G11190394","LOCALITY":"PMC2023_T8G1","LATITUDE":23.460375,"LONGITUDE":69.24716,"OBSERVATION.DATE":"2023-09-24","OBSERVER.ID":"obsr4399854","DURATION.MINUTES":30.0,"SAMPLING.EVENT.IDENTIFIER":"S155739349","species_list":"Asian Green Bee-eater; Barn Swallow; Black Francolin; Chestnut-bellied Sandgrouse; Common Babbler; Common Hoopoe; Common Sandpiper; Eastern Red-rumped Swallow; Eurasian Collared-Dove; European Roller; Gray-breasted Prinia; Gray Francolin; Green Sandpiper; House Sparrow; Indian Robin; Indian Silverbill; Jungle Prinia; Laughing Dove; Plain Prinia; Red-vented Bulbul; Small Minivet; Streak-throated Swallow; Variable Wheatear; White-eared Bulbul; White-throated Kingfisher; Yellow-eyed Babbler; Zitting Cisticola","n_species":27,"focal_species_seen":"European Roller","focal_species_slugs":"european-roller","has_focal":true},"geometry":{"type":"Point","coordinates":[69.24716,23.460375]}},{"type":"Feature","properties":{"GROUP.ID":"G10889805","LOCALITY":"PMC2023_T21G7","LATITUDE":23.978174,"LONGITUDE":69.763218,"OBSERVATION.DATE":"2023-09-24","OBSERVER.ID":"obsr4399854","DURATION.MINUTES":48.0,"SAMPLING.EVENT.IDENTIFIER":"S155739350","species_list":"Asian Green Bee-eater; Blue-cheeked Bee-eater; Chestnut-bellied Sandgrouse; Common Babbler; Common Sandpiper; European Roller; Gray Francolin; Greater Flamingo; Indian Cormorant; Indian Spot-billed Duck; Isabelline Shrike; Medium Egret; Red-tailed Shrike; Red-wattled Lapwing; Variable Wheatear","n_species":15,"focal_species_seen":"Blue-cheeked Bee-eater; European Roller; Red-tailed Shrike","focal_species_slugs":"blue-cheeked-bee-eater;european-roller;red-tailed-shrike","has_focal":true},"geometry":{"type":"Point","coordinates":[69.763218,23.978174]}},{"type":"Feature","properties":{"GROUP.ID":"G10884624","LOCALITY":"PMC2023_T20G7","LATITUDE":23.1717539,"LONGITUDE":70.0251653,"OBSERVATION.DATE":"2023-09-24","OBSERVER.ID":"obsr4399854","DURATION.MINUTES":38.0,"SAMPLING.EVENT.IDENTIFIER":"S155739351","species_list":"Asian Green Bee-eater; Baya Weaver; Blue-cheeked Bee-eater; Brahminy Starling; Common Babbler; Common Cuckoo; Common Hoopoe; Common Kingfisher; Common Tailorbird; Eastern Cattle-Egret; Eurasian Collared-Dove; Eurasian Wryneck; Gray Heron; Green Sandpiper; Indian Pond-Heron; Indian Robin; Indian Silverbill; Laughing Dove; Little Egret; Pied Cuckoo; Plain Prinia; Red-vented Bulbul; Rufous-tailed Scrub-Robin; Small Minivet; Spotted Flycatcher; Streaked Weaver; Western Reef-Heron; White-eared Bulbul; Wire-tailed Swallow","n_species":29,"focal_species_seen":"Blue-cheeked Bee-eater; Common Cuckoo; Rufous-tailed Scrub-Robin; Spotted Flycatcher","focal_species_slugs":"blue-cheeked-bee-eater;common-cuckoo;rufous-tailed-scrub-robin;spotted-flycatcher","has_focal":true},"geometry":{"type":"Point","coordinates":[70.0251653,23.1717539]}},{"type":"Feature","properties":{"GROUP.ID":"G10884625","LOCALITY":"PMC2023_T20G6","LATITUDE":23.1403282,"LONGITUDE":70.104702,"OBSERVATION.DATE":"2023-09-24","OBSERVER.ID":"obsr4399854","DURATION.MINUTES":76.0,"SAMPLING.EVENT.IDENTIFIER":"S155739352","species_list":"Asian Green Bee-eater; Common Babbler; Common Kingfisher; Common Myna; Eastern Cattle-Egret; Eurasian Collared-Dove; Eurasian Coot; Eurasian Moorhen; Great Cormorant; House Sparrow; Indian Peafowl; Indian Silverbill; Indian Spot-billed Duck; Laughing Dove; Little Cormorant; Little Egret; Little Grebe; Little Heron; Red-wattled Lapwing; River Tern; Western Marsh Harrier; Western Reef-Heron; Whiskered Tern; White-eared Bulbul; White-throated Kingfisher; Wire-tailed Swallow","n_species":26,"focal_species_seen":"","focal_species_slugs":"","has_focal":false},"geometry":{"type":"Point","coordinates":[70.104702,23.1403282]}},{"type":"Feature","properties":{"GROUP.ID":"G10884626","LOCALITY":"PMC2023_T20G5","LATITUDE":23.0795195,"LONGITUDE":69.9927985,"OBSERVATION.DATE":"2023-09-24","OBSERVER.ID":"obsr4399854","DURATION.MINUTES":57.0,"SAMPLING.EVENT.IDENTIFIER":"S155739354","species_list":"Ashy-crowned Sparrow-Lark; Asian Green Bee-eater; Black Drongo; Common Babbler; Common Tailorbird; Crested Lark; Eastern Cattle-Egret; Gray Francolin; Indian Nightjar; Indian Peafowl; Indian Robin; Indian Silverbill; Laughing Dove; Little Cormorant; Purple Sunbird; Red-vented Bulbul; Red-wattled Lapwing; White-eared Bulbul; White-tailed Iora; White-throated Kingfisher; Wire-tailed Swallow","n_species":21,"focal_species_seen":"","focal_species_slugs":"","has_focal":false},"geometry":{"type":"Point","coordinates":[69.9927985,23.0795195]}},{"type":"Feature","properties":{"GROUP.ID":"G10883970","LOCALITY":"PMC2023_T9G1","LATITUDE":23.0228398,"LONGITUDE":68.8881884,"OBSERVATION.DATE":"2023-09-24","OBSERVER.ID":"obsr4399854","DURATION.MINUTES":38.0,"SAMPLING.EVENT.IDENTIFIER":"S155739355","species_list":"Ashy-crowned Sparrow-Lark; Asian Green Bee-eater; Black-headed Ibis; Black-tailed Godwit; Blyth's Reed Warbler; Caspian Tern; Common Babbler; Common Redshank; Common Tailorbird; Crested Lark; Delicate Prinia; Eastern Cattle-Egret; Eurasian Curlew; Eurasian Spoonbill; Gray Francolin; Great Egret; Gull-billed Tern; Indian Spot-billed Duck; Isabelline Shrike; Laughing Dove; Plain Prinia; Red-vented Bulbul; Red-wattled Lapwing; Sand Lark; Whiskered Tern; White-eared Bulbul; Wire-tailed Swallow; Yellow-wattled Lapwing; Zitting Cisticola","n_species":29,"focal_species_seen":"","focal_species_slugs":"","has_focal":false},"geometry":{"type":"Point","coordinates":[68.8881884,23.0228398]}},{"type":"Feature","properties":{"GROUP.ID":"G10884021","LOCALITY":"PMC2023_T22G5","LATITUDE":23.870569,"LONGITUDE":69.771136,"OBSERVATION.DATE":"2023-09-24","OBSERVER.ID":"obsr4399854","DURATION.MINUTES":43.0,"SAMPLING.EVENT.IDENTIFIER":"S155739356","species_list":"Asian Green Bee-eater; Barn Swallow; Bay-backed Shrike; Baya Weaver; Chestnut-bellied Sandgrouse; Common Babbler; Eastern Cattle-Egret; Eastern Red-rumped Swallow; Eurasian Collared-Dove; European Roller; Gray-necked Bunting; Great Gray Shrike; House Crow; Indian Robin; Indian Silverbill; Laughing Dove; Little Egret; Purple Sunbird; Red-vented Bulbul; Rufous-fronted Prinia; Variable Wheatear","n_species":21,"focal_species_seen":"European Roller","focal_species_slugs":"european-roller","has_focal":true},"geometry":{"type":"Point","coordinates":[69.771136,23.870569]}},{"type":"Feature","properties":{"GROUP.ID":"G10894025","LOCALITY":"PMC2023_T10G5","LATITUDE":23.3928907,"LONGITUDE":69.0176699,"OBSERVATION.DATE":"2023-09-24","OBSERVER.ID":"obsr4399854","DURATION.MINUTES":8.0,"SAMPLING.EVENT.IDENTIFIER":"S155739357","species_list":"Ashy-crowned Sparrow-Lark; Asian Green Bee-eater; Asian Koel; Brahminy Starling; Brown Rock Chat; Eurasian Collared-Dove; Gray-necked Bunting; Indian Bushlark; Indian Peafowl; Indian Robin; Indian Roller; Indian Silverbill; Indian Thick-knee; Laughing Dove; Pied Cuckoo; Plain Prinia; Red Collared-Dove; Rosy Starling; Rufous-fronted Prinia","n_species":19,"focal_species_seen":"","focal_species_slugs":"","has_focal":false},"geometry":{"type":"Point","coordinates":[69.0176699,23.3928907]}},{"type":"Feature","properties":{"GROUP.ID":"G10884022","LOCALITY":"PMC2023_T22G7","LATITUDE":23.848068,"LONGITUDE":69.774749,"OBSERVATION.DATE":"2023-09-24","OBSERVER.ID":"obsr4399854","DURATION.MINUTES":63.0,"SAMPLING.EVENT.IDENTIFIER":"S155739358","species_list":"Ashy-crowned Sparrow-Lark; Asian Green Bee-eater; Black-winged Kite; Black Drongo; Blyth's Reed Warbler; Brahminy Starling; Chestnut-bellied Sandgrouse; Common Babbler; Common Hoopoe; Common Tailorbird; Eurasian Collared-Dove; Gray-necked Bunting; Gray Francolin; Greater Flamingo; House Sparrow; Indian Bushlark; Indian Robin; Indian Silverbill; Indian Thick-knee; Laughing Dove; Red-vented Bulbul; Rosy Starling; Rufous-fronted Prinia; Variable Wheatear; White-eared Bulbul; Yellow-throated Sparrow","n_species":26,"focal_species_seen":"","focal_species_slugs":"","has_focal":false},"geometry":{"type":"Point","coordinates":[69.774749,23.848068]}},{"type":"Feature","properties":{"GROUP.ID":"G10884023","LOCALITY":"PMC2023_T22G4","LATITUDE":23.807435,"LONGITUDE":69.921851,"OBSERVATION.DATE":"2023-09-23","OBSERVER.ID":"obsr4399854","DURATION.MINUTES":46.0,"SAMPLING.EVENT.IDENTIFIER":"S155739359","species_list":"Asian Green Bee-eater; Black-winged Kite; Black Drongo; Common Babbler; Common Greenshank; Common Tailorbird; Eurasian Collared-Dove; Eurasian Wryneck; European Roller; House Crow; Indian Silverbill; Isabelline Shrike; Laughing Dove; Purple Sunbird; Red-vented Bulbul; Siberian Stonechat; Variable Wheatear; Western Marsh Harrier; White-eared Bulbul; White-eyed Buzzard","n_species":20,"focal_species_seen":"European Roller","focal_species_slugs":"european-roller","has_focal":true},"geometry":{"type":"Point","coordinates":[69.921851,23.807435]}},{"type":"Feature","properties":{"GROUP.ID":"G10884024","LOCALITY":"PMC2023_T22G6","LATITUDE":23.815236,"LONGITUDE":69.895926,"OBSERVATION.DATE":"2023-09-23","OBSERVER.ID":"obsr4399854","DURATION.MINUTES":45.0,"SAMPLING.EVENT.IDENTIFIER":"S155739360","species_list":"Ashy-crowned Sparrow-Lark; Asian Green Bee-eater; Barred Buttonquail; Bay-backed Shrike; Black-winged Kite; Black Drongo; Brown Rock Chat; Common Babbler; Common Hoopoe; Common Tailorbird; Eastern Red-rumped Swallow; Eurasian Collared-Dove; European Roller; Gray Francolin; Great Gray Shrike; Green Sandpiper; Indian Robin; Indian Silverbill; Laughing Dove; Lesser Whitethroat; Little Grebe; Long-tailed Shrike; Painted Stork; Red-backed Shrike; Red-vented Bulbul; Red-wattled Lapwing; River Tern; Rufous-fronted Prinia; Rufous-tailed Scrub-Robin; Tawny Pipit; Western Marsh Harrier; Wire-tailed Swallow","n_species":32,"focal_species_seen":"European Roller; Red-backed Shrike; Rufous-tailed Scrub-Robin","focal_species_slugs":"european-roller;red-backed-shrike;rufous-tailed-scrub-robin","has_focal":true},"geometry":{"type":"Point","coordinates":[69.895926,23.815236]}},{"type":"Feature","properties":{"GROUP.ID":"G10884025","LOCALITY":"PMC2023_T22G3","LATITUDE":23.765335,"LONGITUDE":69.831838,"OBSERVATION.DATE":"2023-09-23","OBSERVER.ID":"obsr4399854","DURATION.MINUTES":81.0,"SAMPLING.EVENT.IDENTIFIER":"S155739361","species_list":"Ashy-crowned Sparrow-Lark; Asian Green Bee-eater; Baya Weaver; Blue-cheeked Bee-eater; Caspian Tern; Chestnut-bellied Sandgrouse; Common Babbler; Common Hoopoe; Delicate Prinia; Eastern Cattle-Egret; Eastern Red-rumped Swallow; Eurasian Collared-Dove; Eurasian Coot; European Roller; Gray-breasted Prinia; Gray-necked Bunting; Gray Francolin; Great Crested Grebe; Gull-billed Tern; House Sparrow; Indian Pond-Heron; Indian Robin; Indian Silverbill; Indian Spot-billed Duck; Isabelline Shrike; Laughing Dove; Lesser Whistling-Duck; Lesser Whitethroat; Little Cormorant; Little Egret; Little Grebe; Long-tailed Shrike; Northern Shoveler; Oriental Darter; Plain Prinia; Purple Sunbird; Red-vented Bulbul; Red-wattled Lapwing; River Tern; Rosy Starling; Siberian Stonechat; Whiskered Tern; White-throated Kingfisher; Wire-tailed Swallow","n_species":44,"focal_species_seen":"Blue-cheeked Bee-eater; European Roller","focal_species_slugs":"blue-cheeked-bee-eater;european-roller","has_focal":true},"geometry":{"type":"Point","coordinates":[69.831838,23.765335]}},{"type":"Feature","properties":{"GROUP.ID":"G10883946","LOCALITY":"T29G1 Unnamed Road, Manaba, Gujarat, IN (23.305, 70.753)","LATITUDE":23.305364,"LONGITUDE":70.7534414,"OBSERVATION.DATE":"2023-09-24","OBSERVER.ID":"obsr4399854","DURATION.MINUTES":44.0,"SAMPLING.EVENT.IDENTIFIER":"S155739362","species_list":"Ashy-crowned Sparrow-Lark; Asian Green Bee-eater; Barn Swallow; Barred Buttonquail; Bay-backed Shrike; Black-headed Ibis; Common Babbler; Common Hoopoe; Common Sandpiper; Crested Lark; Eurasian Spoonbill; European Roller; Gray Francolin; Great Egret; Great Gray Shrike; House Sparrow; Indian Pond-Heron; Indian Silverbill; Laughing Dove; Little Cormorant; Medium Egret; Painted Stork; Pied Kingfisher; Purple Sunbird; Red-vented Bulbul; Red-wattled Lapwing; River Tern; Ruff; Siberian Stonechat; Variable Wheatear; Western Reef-Heron; Whiskered Tern; White-eared Bulbul; Yellow-throated Sparrow; Yellow-wattled Lapwing","n_species":35,"focal_species_seen":"European Roller","focal_species_slugs":"european-roller","has_focal":true},"geometry":{"type":"Point","coordinates":[70.7534414,23.305364]}},{"type":"Feature","properties":{"GROUP.ID":"G10884026","LOCALITY":"PMC2023_T22G1","LATITUDE":23.72384,"LONGITUDE":69.869385,"OBSERVATION.DATE":"2023-09-23","OBSERVER.ID":"obsr4399854","DURATION.MINUTES":72.0,"SAMPLING.EVENT.IDENTIFIER":"S155739363","species_list":"Ashy-crowned Sparrow-Lark; Asian Green Bee-eater; Barn Swallow; Black-headed Ibis; Black-winged Kite; Brown Shrike; Common Babbler; Common Hoopoe; Crested Lark; Eastern Cattle-Egret; Eastern Red-rumped Swallow; European Roller; Gray Francolin; Greater Short-toed Lark; House Crow; House Sparrow; Isabelline Shrike; Little Egret; Montagu's Harrier; Red-backed Shrike; Red-tailed Shrike; Red-vented Bulbul; Red-wattled Lapwing; Rock Bush-Quail; Spotted Flycatcher; White-eared Bulbul; White-throated Kingfisher","n_species":27,"focal_species_seen":"European Roller; Red-backed Shrike; Red-tailed Shrike; Spotted Flycatcher","focal_species_slugs":"european-roller;red-backed-shrike;red-tailed-shrike;spotted-flycatcher","has_focal":true},"geometry":{"type":"Point","coordinates":[69.869385,23.72384]}},{"type":"Feature","properties":{"GROUP.ID":"G10889806","LOCALITY":"PMC2023_T21G6","LATITUDE":23.929892,"LONGITUDE":69.812545,"OBSERVATION.DATE":"2023-09-24","OBSERVER.ID":"obsr4399854","DURATION.MINUTES":65.0,"SAMPLING.EVENT.IDENTIFIER":"S155739364","species_list":"Asian Green Bee-eater; Black Drongo; Common Babbler; Common Sandpiper; Common Tailorbird; Green Sandpiper; House Sparrow; Indian Robin; Knob-billed Duck; Laughing Dove; Red-vented Bulbul; Spotted Flycatcher; White-eared Bulbul; White-throated Kingfisher","n_species":14,"focal_species_seen":"Spotted Flycatcher","focal_species_slugs":"spotted-flycatcher","has_focal":true},"geometry":{"type":"Point","coordinates":[69.812545,23.929892]}},{"type":"Feature","properties":{"GROUP.ID":"G11248125","LOCALITY":"T19_G4","LATITUDE":23.0506399,"LONGITUDE":69.7431924,"OBSERVATION.DATE":"2023-09-23","OBSERVER.ID":"obsr4399854","DURATION.MINUTES":80.0,"SAMPLING.EVENT.IDENTIFIER":"S155739365","species_list":"Ashy-crowned Sparrow-Lark; Asian Green Bee-eater; Asian Koel; Barn Swallow; Bay-backed Shrike; Baya Weaver; Black-winged Stilt; Black Drongo; Brahminy Starling; Common Babbler; Common Hoopoe; Common Myna; Common Tailorbird; Eastern Cattle-Egret; Eastern Orphean Warbler; Eurasian Collared-Dove; Eurasian Kestrel; European Roller; Gray Francolin; Greater Coucal; Greater Whitethroat; House Sparrow; Indian Bushlark; Indian Robin; Indian Silverbill; Jungle Prinia; Laughing Dove; Lesser Whitethroat; Little Cormorant; Pied Cuckoo; Plain Prinia; Purple Sunbird; Red-vented Bulbul; Red-wattled Lapwing; Red Collared-Dove; Rosy Starling; Rufous-fronted Prinia; Small Minivet; Spotted Flycatcher; White-tailed Iora; Wire-tailed Swallow","n_species":41,"focal_species_seen":"European Roller; Greater Whitethroat; Spotted Flycatcher","focal_species_slugs":"european-roller;greater-whitethroat;spotted-flycatcher","has_focal":true},"geometry":{"type":"Point","coordinates":[69.7431924,23.0506399]}},{"type":"Feature","properties":{"GROUP.ID":"G10894888","LOCALITY":"T19_G5","LATITUDE":23.093024,"LONGITUDE":69.8284434,"OBSERVATION.DATE":"2023-09-23","OBSERVER.ID":"obsr4399854","DURATION.MINUTES":45.0,"SAMPLING.EVENT.IDENTIFIER":"S155739366","species_list":"Ashy-crowned Sparrow-Lark; Asian Green Bee-eater; Asian Koel; Bay-backed Shrike; Baya Weaver; Black Drongo; Blue-cheeked Bee-eater; Brahminy Starling; Common Babbler; Common Hoopoe; Common Tailorbird; Eastern Cattle-Egret; Eurasian Collared-Dove; Eurasian Kestrel; European Roller; Gray Francolin; House Crow; House Sparrow; Indian Nightjar; Indian Peafowl; Indian Pond-Heron; Indian Robin; Indian Silverbill; Jungle Prinia; Laughing Dove; Little Cormorant; Plain Prinia; Purple Sunbird; Red-naped Ibis; Red-wattled Lapwing; Red Collared-Dove; River Tern; Rosy Starling; Rufous-fronted Prinia; Spotted Flycatcher; Spotted Owlet; Wire-tailed Swallow","n_species":37,"focal_species_seen":"Blue-cheeked Bee-eater; European Roller; Spotted Flycatcher","focal_species_slugs":"blue-cheeked-bee-eater;european-roller;spotted-flycatcher","has_focal":true},"geometry":{"type":"Point","coordinates":[69.8284434,23.093024]}},{"type":"Feature","properties":{"GROUP.ID":"G10894889","LOCALITY":"T19_G6","LATITUDE":23.1166461,"LONGITUDE":69.8568135,"OBSERVATION.DATE":"2023-09-24","OBSERVER.ID":"obsr4399854","DURATION.MINUTES":12.0,"SAMPLING.EVENT.IDENTIFIER":"S155739367","species_list":"Ashy-crowned Sparrow-Lark; Asian Green Bee-eater; Barn Swallow; Bay-backed Shrike; Black-headed Bunting; Black Drongo; Common Babbler; Common Cuckoo; Common Hoopoe; Common Myna; Common Tailorbird; Eastern Cattle-Egret; Eurasian Collared-Dove; Eurasian Wryneck; European Roller; Gray-breasted Prinia; Gray Francolin; Greater Coucal; House Sparrow; Indian Bushlark; Indian Peafowl; Indian Robin; Indian Silverbill; Laughing Dove; Little Swift; Pied Cuckoo; Plain Prinia; Purple Sunbird; Red-vented Bulbul; Red-wattled Lapwing; Rose-ringed Parakeet; Rosy Starling; Siberian Stonechat; Small Minivet; Spotted Flycatcher; Variable Wheatear; White-eared Bulbul; White-throated Kingfisher; Yellow-eyed Babbler","n_species":39,"focal_species_seen":"Common Cuckoo; European Roller; Spotted Flycatcher","focal_species_slugs":"common-cuckoo;european-roller;spotted-flycatcher","has_focal":true},"geometry":{"type":"Point","coordinates":[69.8568135,23.1166461]}},{"type":"Feature","properties":{"GROUP.ID":"G10883863","LOCALITY":"T19_G7","LATITUDE":23.1796109,"LONGITUDE":69.8514581,"OBSERVATION.DATE":"2023-09-24","OBSERVER.ID":"obsr4399854","DURATION.MINUTES":65.0,"SAMPLING.EVENT.IDENTIFIER":"S155739368","species_list":"Ashy-crowned Sparrow-Lark; Asian Green Bee-eater; Asian Koel; Barn Swallow; Bay-backed Shrike; Baya Weaver; Black-winged Kite; Black-winged Stilt; Black Drongo; Black Redstart; Common Babbler; Common Hoopoe; Common Myna; Common Tailorbird; Dusky Crag-Martin; Eastern Cattle-Egret; Eurasian Collared-Dove; European Roller; Gray Francolin; Greater Coucal; House Crow; House Sparrow; Indian Bushlark; Indian Peafowl; Indian Pond-Heron; Indian Robin; Indian Silverbill; Lesser Whistling-Duck; Little Cormorant; Little Grebe; Long-tailed Shrike; Pied Cuckoo; Plain Prinia; Purple Sunbird; Red-vented Bulbul; Red-wattled Lapwing; Rose-ringed Parakeet; Rosy Starling; Shikra; Siberian Stonechat; Spotted Flycatcher; Variable Wheatear; White-eared Bulbul; White-throated Kingfisher; Wire-tailed Swallow","n_species":45,"focal_species_seen":"European Roller; Spotted Flycatcher","focal_species_slugs":"european-roller;spotted-flycatcher","has_focal":true},"geometry":{"type":"Point","coordinates":[69.8514581,23.1796109]}},{"type":"Feature","properties":{"GROUP.ID":"G10884076","LOCALITY":"PMC2023_T15G7","LATITUDE":23.1669122,"LONGITUDE":69.689398,"OBSERVATION.DATE":"2023-09-24","OBSERVER.ID":"obsr4399854","DURATION.MINUTES":33.0,"SAMPLING.EVENT.IDENTIFIER":"S155739369","species_list":"Ashy-crowned Sparrow-Lark; Common Babbler; Common Tailorbird; Eurasian Kestrel; European Roller; Gray-breasted Prinia; Gray-necked Bunting; Indian Robin; Indian Silverbill; Jungle Prinia; Laughing Dove; Little Egret; Oriental Honey-buzzard; Plain Prinia; Purple Sunbird; Red-vented Bulbul; Variable Wheatear; White-eared Bulbul","n_species":18,"focal_species_seen":"European Roller","focal_species_slugs":"european-roller","has_focal":true},"geometry":{"type":"Point","coordinates":[69.689398,23.1669122]}},{"type":"Feature","properties":{"GROUP.ID":"G11190395","LOCALITY":"PMC2023_T8G2","LATITUDE":23.5589483,"LONGITUDE":69.18575,"OBSERVATION.DATE":"2023-09-24","OBSERVER.ID":"obsr4399854","DURATION.MINUTES":20.0,"SAMPLING.EVENT.IDENTIFIER":"S155739370","species_list":"Ashy-crowned Sparrow-Lark; Asian Green Bee-eater; Common Babbler; Common Tailorbird; European Roller; Green Sandpiper; House Crow; Indian Peafowl; Plain Prinia; Purple Sunbird; Red-vented Bulbul; White-eared Bulbul; White-throated Kingfisher","n_species":13,"focal_species_seen":"European Roller","focal_species_slugs":"european-roller","has_focal":true},"geometry":{"type":"Point","coordinates":[69.18575,23.5589483]}},{"type":"Feature","properties":{"GROUP.ID":"G11190397","LOCALITY":"PMC2023_T8G4","LATITUDE":23.6078821,"LONGITUDE":69.1260121,"OBSERVATION.DATE":"2023-09-24","OBSERVER.ID":"obsr4399854","DURATION.MINUTES":32.0,"SAMPLING.EVENT.IDENTIFIER":"S155739371","species_list":"Asian Green Bee-eater; Barn Swallow; Common Kingfisher; Common Sandpiper; Common Tailorbird; European Roller; Gray Francolin; Great Egret; Indian Silverbill; Laughing Dove; Little Cormorant; Little Egret; Oriental Darter; Purple Sunbird; Red-vented Bulbul; Red-wattled Lapwing; River Tern; Rufous-fronted Prinia; Tree Pipit; White-eared Bulbul; White-tailed Iora","n_species":21,"focal_species_seen":"European Roller","focal_species_slugs":"european-roller","has_focal":true},"geometry":{"type":"Point","coordinates":[69.1260121,23.6078821]}},{"type":"Feature","properties":{"GROUP.ID":"G10883846","LOCALITY":"PMC2023_T12G1","LATITUDE":23.1350833,"LONGITUDE":69.2408799,"OBSERVATION.DATE":"2023-09-24","OBSERVER.ID":"obsr4399854","DURATION.MINUTES":34.0,"SAMPLING.EVENT.IDENTIFIER":"S155739372","species_list":"Asian Green Bee-eater; Bay-backed Shrike; Black Drongo; Black Redstart; Common Cuckoo; European Roller; Greater Whitethroat; Indian Silverbill; Laughing Dove; Red-tailed Shrike; Red-vented Bulbul; Red-wattled Lapwing; Rufous-fronted Prinia; Spotted Flycatcher; White-eared Bulbul; Wire-tailed Swallow","n_species":16,"focal_species_seen":"Common Cuckoo; European Roller; Greater Whitethroat; Red-tailed Shrike; Spotted Flycatcher","focal_species_slugs":"common-cuckoo;european-roller;greater-whitethroat;red-tailed-shrike;spotted-flycatcher","has_focal":true},"geometry":{"type":"Point","coordinates":[69.2408799,23.1350833]}},{"type":"Feature","properties":{"GROUP.ID":"G10883961","LOCALITY":"PMC_23 T5G5","LATITUDE":23.533055,"LONGITUDE":69.094207,"OBSERVATION.DATE":"2023-09-24","OBSERVER.ID":"obsr4399854","DURATION.MINUTES":30.0,"SAMPLING.EVENT.IDENTIFIER":"S155739373","species_list":"Ashy-crowned Sparrow-Lark; Asian Green Bee-eater; Black Drongo; Eastern Cattle-Egret; Eastern Red-rumped Swallow; Eurasian Collared-Dove; European Roller; Gray-breasted Prinia; Laughing Dove; Pied Kingfisher; Red-vented Bulbul; Red-wattled Lapwing; Rosy Starling; White-eared Bulbul; Wire-tailed Swallow","n_species":15,"focal_species_seen":"European Roller","focal_species_slugs":"european-roller","has_focal":true},"geometry":{"type":"Point","coordinates":[69.094207,23.533055]}},{"type":"Feature","properties":{"GROUP.ID":"G10883773","LOCALITY":"PMC2023_T9G7","LATITUDE":23.2311508,"LONGITUDE":68.9791786,"OBSERVATION.DATE":"2023-09-24","OBSERVER.ID":"obsr4399854","DURATION.MINUTES":60.0,"SAMPLING.EVENT.IDENTIFIER":"S155739374","species_list":"Asian Desert Warbler; Asian Green Bee-eater; Bank Swallow; Barn Swallow; Barred Buttonquail; Bay-backed Shrike; Baya Weaver; Black Francolin; Common Babbler; Common Woodshrike; Dusky Crag-Martin; Eastern Cattle-Egret; Eastern Orphean Warbler; Eastern Red-rumped Swallow; Eurasian Collared-Dove; Eurasian Wryneck; European Roller; Gray Francolin; Great Gray Shrike; Greater Whitethroat; Indian Bushlark; Indian Robin; Indian Silverbill; Jungle Prinia; Laughing Dove; Lesser Whitethroat; Little Swift; Montagu's Harrier; Plain Prinia; Purple Sunbird; Rain Quail; Red-vented Bulbul; Red Collared-Dove; Rock Bush-Quail; Rosy Starling; Rufous-fronted Prinia; Siberian Stonechat; Singing Bushlark; Spotted Flycatcher; Sykes's Warbler; Tawny Pipit; Tree Pipit; White-tailed Iora; Wire-tailed Swallow; Yellow-crowned Woodpecker; Zitting Cisticola","n_species":46,"focal_species_seen":"European Roller; Greater Whitethroat; Spotted Flycatcher","focal_species_slugs":"european-roller;greater-whitethroat;spotted-flycatcher","has_focal":true},"geometry":{"type":"Point","coordinates":[68.9791786,23.2311508]}},{"type":"Feature","properties":{"GROUP.ID":"G10883962","LOCALITY":"PMC_23 T5G7","LATITUDE":23.564203,"LONGITUDE":69.010413,"OBSERVATION.DATE":"2023-09-24","OBSERVER.ID":"obsr4399854","DURATION.MINUTES":45.0,"SAMPLING.EVENT.IDENTIFIER":"S155739375","species_list":"Asian Green Bee-eater; Bay-backed Shrike; Black-winged Stilt; Black Drongo; Brahminy Starling; Common Babbler; Eastern Red-rumped Swallow; Eurasian Collared-Dove; European Roller; Greater Coucal; House Sparrow; Indian Bushlark; Indian Robin; Indian Silverbill; Laughing Dove; Little Cormorant; Pied Kingfisher; Purple Sunbird; Red-naped Ibis; Red-vented Bulbul; Striolated Bunting; Variable Wheatear; White-throated Kingfisher; Wire-tailed Swallow","n_species":24,"focal_species_seen":"European Roller","focal_species_slugs":"european-roller","has_focal":true},"geometry":{"type":"Point","coordinates":[69.010413,23.564203]}},{"type":"Feature","properties":{"GROUP.ID":"G10883732","LOCALITY":"T29G3 Unnamed Road, Thoriari, Gujarat, IN (23.342, 70.761)","LATITUDE":23.3416663,"LONGITUDE":70.7611148,"OBSERVATION.DATE":"2023-09-24","OBSERVER.ID":"obsr4399854","DURATION.MINUTES":47.0,"SAMPLING.EVENT.IDENTIFIER":"S155739376","species_list":"Ashy-crowned Sparrow-Lark; Asian Green Bee-eater; Barn Swallow; Barred Buttonquail; Bay-backed Shrike; Baya Weaver; Black Drongo; Common Babbler; Eastern Cattle-Egret; Eurasian Collared-Dove; European Roller; House Crow; House Sparrow; Indian Peafowl; Laughing Dove; Montagu's Harrier; Paddyfield Pipit; Plain Prinia; Red-vented Bulbul; Red-wattled Lapwing; River Tern; Rufous-fronted Prinia; Tawny Pipit; White-throated Kingfisher","n_species":24,"focal_species_seen":"European Roller","focal_species_slugs":"european-roller","has_focal":true},"geometry":{"type":"Point","coordinates":[70.7611148,23.3416663]}},{"type":"Feature","properties":{"GROUP.ID":"G10884681","LOCALITY":"PMC2023_T2G4","LATITUDE":23.7105547,"LONGITUDE":68.6346222,"OBSERVATION.DATE":"2023-09-24","OBSERVER.ID":"obsr4399854","DURATION.MINUTES":29.0,"SAMPLING.EVENT.IDENTIFIER":"S155739377","species_list":"Ashy-crowned Sparrow-Lark; Asian Green Bee-eater; Black Francolin; Booted Eagle; Common Babbler; Common Hoopoe; Eurasian Collared-Dove; European Roller; Gray Francolin; Indian Bushlark; Indian Silverbill; Laughing Dove; Paddyfield Pipit; Purple Sunbird; Rosy Starling; Rufous-fronted Prinia; Variable Wheatear; White-eared Bulbul","n_species":18,"focal_species_seen":"European Roller","focal_species_slugs":"european-roller","has_focal":true},"geometry":{"type":"Point","coordinates":[68.6346222,23.7105547]}},{"type":"Feature","properties":{"GROUP.ID":"G10894027","LOCALITY":"PMC2023_T10G7","LATITUDE":23.4353383,"LONGITUDE":69.0810985,"OBSERVATION.DATE":"2023-09-24","OBSERVER.ID":"obsr4399854","DURATION.MINUTES":37.0,"SAMPLING.EVENT.IDENTIFIER":"S155739378","species_list":"Ashy-crowned Sparrow-Lark; Asian Green Bee-eater; Barred Buttonquail; European Roller; Gray-necked Bunting; Indian Robin; Indian Roller; Indian Silverbill; Laughing Dove; Plain Prinia; Red-vented Bulbul; Red-wattled Lapwing; Sirkeer Malkoha; Small Minivet; Spotted Flycatcher; Wire-tailed Swallow; Yellow-wattled Lapwing","n_species":17,"focal_species_seen":"European Roller; Spotted Flycatcher","focal_species_slugs":"european-roller;spotted-flycatcher","has_focal":true},"geometry":{"type":"Point","coordinates":[69.0810985,23.4353383]}},{"type":"Feature","properties":{"GROUP.ID":"G10883858","LOCALITY":"PMC2023_T12G5","LATITUDE":23.2446567,"LONGITUDE":69.2491133,"OBSERVATION.DATE":"2023-09-24","OBSERVER.ID":"obsr4399854","DURATION.MINUTES":73.0,"SAMPLING.EVENT.IDENTIFIER":"S155739379","species_list":"Asian Green Bee-eater; Barred Buttonquail; Bay-backed Shrike; Black Drongo; Common Babbler; Common Tailorbird; Eastern Cattle-Egret; Eastern Orphean Warbler; Eurasian Collared-Dove; European Roller; Gray-breasted Prinia; Gray Francolin; Greater Whitethroat; Green Sandpiper; Indian Peafowl; Indian Pond-Heron; Indian Silverbill; Lesser Whitethroat; Little Swift; Purple Sunbird; Red-vented Bulbul; Red-wattled Lapwing; Rufous-fronted Prinia; Spotted Flycatcher; Sykes's Warbler; White-eared Bulbul; White-naped Tit; White-tailed Iora; White-throated Kingfisher; Yellow-throated Sparrow","n_species":30,"focal_species_seen":"European Roller; Greater Whitethroat; Spotted Flycatcher","focal_species_slugs":"european-roller;greater-whitethroat;spotted-flycatcher","has_focal":true},"geometry":{"type":"Point","coordinates":[69.2491133,23.2446567]}},{"type":"Feature","properties":{"GROUP.ID":"G10883859","LOCALITY":"PMC2023_T12G3","LATITUDE":23.2100785,"LONGITUDE":69.1955601,"OBSERVATION.DATE":"2023-09-24","OBSERVER.ID":"obsr4399854","DURATION.MINUTES":48.0,"SAMPLING.EVENT.IDENTIFIER":"S155739380","species_list":"Asian Green Bee-eater; Bay-backed Shrike; Black Drongo; Common Babbler; Common Woodshrike; Eurasian Sparrowhawk; Gray-breasted Prinia; Greater Whitethroat; Green Sandpiper; Indian Bushlark; Indian Silverbill; Laughing Dove; Lesser Whitethroat; Purple Sunbird; Red-vented Bulbul; Rufous-fronted Prinia; White-eared Bulbul; White-tailed Iora; Wire-tailed Swallow","n_species":19,"focal_species_seen":"Greater Whitethroat","focal_species_slugs":"greater-whitethroat","has_focal":true},"geometry":{"type":"Point","coordinates":[69.1955601,23.2100785]}},{"type":"Feature","properties":{"GROUP.ID":"G10889807","LOCALITY":"PMC2023_T21G5","LATITUDE":23.931711,"LONGITUDE":69.72985,"OBSERVATION.DATE":"2023-09-24","OBSERVER.ID":"obsr4399854","DURATION.MINUTES":62.0,"SAMPLING.EVENT.IDENTIFIER":"S155739382","species_list":"Ashy-crowned Sparrow-Lark; Asian Green Bee-eater; Bay-backed Shrike; Black Drongo; Chestnut-bellied Sandgrouse; Common Babbler; Eastern Red-rumped Swallow; Eurasian Collared-Dove; Eurasian Coot; European Roller; Glossy Ibis; Great Gray Shrike; Gull-billed Tern; House Crow; House Sparrow; Indian Robin; Indian Silverbill; Indian Spot-billed Duck; Isabelline Shrike; Laughing Dove; Little Egret; Little Grebe; Long-tailed Shrike; Medium Egret; Paddyfield Pipit; Plain Prinia; Purple Sunbird; Red-vented Bulbul; Red-wattled Lapwing; River Tern; Rufous-tailed Lark; Siberian Stonechat; Variable Wheatear; Western Marsh Harrier; White-eared Bulbul","n_species":35,"focal_species_seen":"European Roller","focal_species_slugs":"european-roller","has_focal":true},"geometry":{"type":"Point","coordinates":[69.72985,23.931711]}},{"type":"Feature","properties":{"GROUP.ID":"G10884077","LOCALITY":"PMC2023_T15G","LATITUDE":23.1382114,"LONGITUDE":69.6353876,"OBSERVATION.DATE":"2023-09-24","OBSERVER.ID":"obsr4399854","DURATION.MINUTES":45.0,"SAMPLING.EVENT.IDENTIFIER":"S155739383","species_list":"Asian Green Bee-eater; Bay-backed Shrike; Baya Weaver; Black Drongo; Brahminy Starling; Common Hoopoe; Common Kingfisher; Common Myna; Common Sandpiper; Eurasian Collared-Dove; Eurasian Moorhen; Eurasian Wryneck; Glossy Ibis; Gray Francolin; Greater Coucal; House Sparrow; Indian Pond-Heron; Indian Robin; Indian Silverbill; Little Egret; Little Grebe; Long-tailed Shrike; Oriental Honey-buzzard; Purple Sunbird; Red-vented Bulbul; Red-wattled Lapwing; Rose-ringed Parakeet; Variable Wheatear; White-throated Kingfisher; Yellow-throated Sparrow","n_species":30,"focal_species_seen":"","focal_species_slugs":"","has_focal":false},"geometry":{"type":"Point","coordinates":[69.6353876,23.1382114]}},{"type":"Feature","properties":{"GROUP.ID":"G10889367","LOCALITY":"PMC2023_T31_G5","LATITUDE":23.3438667,"LONGITUDE":70.063,"OBSERVATION.DATE":"2023-09-24","OBSERVER.ID":"obsr4399854","DURATION.MINUTES":93.0,"SAMPLING.EVENT.IDENTIFIER":"S155739384","species_list":"Asian Green Bee-eater; Asian Koel; Black Francolin; Black Redstart; Common Hoopoe; Common Sandpiper; Common Tailorbird; Delicate Prinia; Eurasian Collared-Dove; Gray-breasted Prinia; Gray Francolin; Indian Robin; Isabelline Wheatear; Jungle Prinia; Laughing Dove; Lesser Whitethroat; Paddyfield Pipit; Pied Cuckoo; Plain Prinia; Purple Sunbird; Red-vented Bulbul; Red-wattled Lapwing; Red Collared-Dove; Rufous-fronted Prinia; Rufous-tailed Scrub-Robin; Siberian Stonechat; Tawny Pipit; Tree Pipit; White-eared Bulbul; Wire-tailed Swallow; Yellow-eyed Babbler; Yellow-wattled Lapwing","n_species":32,"focal_species_seen":"Rufous-tailed Scrub-Robin","focal_species_slugs":"rufous-tailed-scrub-robin","has_focal":true},"geometry":{"type":"Point","coordinates":[70.063,23.3438667]}},{"type":"Feature","properties":{"GROUP.ID":"G10883963","LOCALITY":"PMC_23 T5G4","LATITUDE":23.478646,"LONGITUDE":68.983133,"OBSERVATION.DATE":"2023-09-24","OBSERVER.ID":"obsr4399854","DURATION.MINUTES":40.0,"SAMPLING.EVENT.IDENTIFIER":"S155739385","species_list":"Asian Green Bee-eater; Barred Buttonquail; Bay-backed Shrike; Black-headed Bunting; Black Francolin; Brahminy Starling; Common Babbler; Common Woodshrike; Eastern Cattle-Egret; Eurasian Collared-Dove; Eurasian Wryneck; European Roller; Gray-necked Bunting; Gray Francolin; Indian Bushlark; Indian Peafowl; Indian Robin; Laughing Dove; Red-wattled Lapwing; Rose-ringed Parakeet; Rosy Starling; Rufous-fronted Prinia; White-browed Wagtail; White-tailed Iora; White-throated Kingfisher; Yellow-throated Sparrow; Zitting Cisticola","n_species":27,"focal_species_seen":"European Roller","focal_species_slugs":"european-roller","has_focal":true},"geometry":{"type":"Point","coordinates":[68.983133,23.478646]}},{"type":"Feature","properties":{"GROUP.ID":"G10883408","LOCALITY":"PMC2023_T27G4","LATITUDE":23.5577487,"LONGITUDE":71.1117387,"OBSERVATION.DATE":"2023-09-24","OBSERVER.ID":"obsr4399854","DURATION.MINUTES":63.0,"SAMPLING.EVENT.IDENTIFIER":"S155739386","species_list":"Ashy-crowned Sparrow-Lark; Asian Green Bee-eater; Barn Swallow; Barred Buttonquail; Black Drongo; Blue-cheeked Bee-eater; Common Babbler; Common Hoopoe; Common Tailorbird; Eastern Cattle-Egret; Eurasian Collared-Dove; Eurasian Spoonbill; European Roller; Gray Francolin; Indian Peafowl; Indian Robin; Purple Sunbird; Rosy Starling; Shikra; White-eared Bulbul","n_species":20,"focal_species_seen":"Blue-cheeked Bee-eater; European Roller","focal_species_slugs":"blue-cheeked-bee-eater;european-roller","has_focal":true},"geometry":{"type":"Point","coordinates":[71.1117387,23.5577487]}},{"type":"Feature","properties":{"GROUP.ID":"G10883222","LOCALITY":"T29G2Unnamed Road, Kachchh, Gujarat, IN (23.35, 70.615)","LATITUDE":23.349959,"LONGITUDE":70.6146177,"OBSERVATION.DATE":"2023-09-24","OBSERVER.ID":"obsr4399854","DURATION.MINUTES":59.0,"SAMPLING.EVENT.IDENTIFIER":"S155739387","species_list":"Ashy-crowned Sparrow-Lark; Barn Swallow; Bay-backed Shrike; Black Francolin; Blyth's Reed Warbler; Common Babbler; Eastern Cattle-Egret; Eurasian Collared-Dove; Eurasian Wryneck; Gray Francolin; Gray Heron; Great Gray Shrike; House Crow; Indian Bushlark; Indian Robin; Indian Silverbill; Jungle Prinia; Laughing Dove; Lesser Whitethroat; Purple Sunbird; Red-backed Shrike; Red-tailed Shrike; Red-vented Bulbul; Red-wattled Lapwing; Small Minivet; Streak-throated Swallow; Tawny Pipit; Variable Wheatear; Zitting Cisticola","n_species":29,"focal_species_seen":"Red-backed Shrike; Red-tailed Shrike","focal_species_slugs":"red-backed-shrike;red-tailed-shrike","has_focal":true},"geometry":{"type":"Point","coordinates":[70.6146177,23.349959]}},{"type":"Feature","properties":{"GROUP.ID":"G10884078","LOCALITY":"PMC2023_T15G6","LATITUDE":23.17236,"LONGITUDE":69.5786685,"OBSERVATION.DATE":"2023-09-24","OBSERVER.ID":"obsr4399854","DURATION.MINUTES":39.0,"SAMPLING.EVENT.IDENTIFIER":"S155739388","species_list":"Ashy-crowned Sparrow-Lark; Asian Green Bee-eater; Baya Weaver; Black-winged Stilt; Common Babbler; Eastern Cattle-Egret; Eurasian Collared-Dove; European Roller; Great Gray Shrike; Greater Whitethroat; House Sparrow; Indian Pond-Heron; Indian Robin; Isabelline Shrike; Laughing Dove; Lesser Whistling-Duck; Little Egret; Little Grebe; Purple Sunbird; Red-vented Bulbul; Red-wattled Lapwing; Red Collared-Dove; Rosy Starling; Rufous-tailed Lark; Spotted Flycatcher; Variable Wheatear; White-breasted Waterhen; White-browed Wagtail; White-eared Bulbul; White-throated Kingfisher; Yellow-throated Sparrow","n_species":31,"focal_species_seen":"European Roller; Greater Whitethroat; Spotted Flycatcher","focal_species_slugs":"european-roller;greater-whitethroat;spotted-flycatcher","has_focal":true},"geometry":{"type":"Point","coordinates":[69.5786685,23.17236]}},{"type":"Feature","properties":{"GROUP.ID":"G10889808","LOCALITY":"PMC2023_T21G3","LATITUDE":23.991174,"LONGITUDE":69.711389,"OBSERVATION.DATE":"2023-09-23","OBSERVER.ID":"obsr4399854","DURATION.MINUTES":39.0,"SAMPLING.EVENT.IDENTIFIER":"S155739389","species_list":"Ashy-crowned Sparrow-Lark; Asian Green Bee-eater; Bay-backed Shrike; Black Drongo; Gray Francolin; Greater Whitethroat; Indian Thick-knee; Paddyfield Pipit; Pied Cuckoo; Red-vented Bulbul; White-eared Bulbul","n_species":11,"focal_species_seen":"Greater Whitethroat","focal_species_slugs":"greater-whitethroat","has_focal":true},"geometry":{"type":"Point","coordinates":[69.711389,23.991174]}},{"type":"Feature","properties":{"GROUP.ID":"G10889809","LOCALITY":"PMC2023_T21G4","LATITUDE":24.050956,"LONGITUDE":69.661585,"OBSERVATION.DATE":"2023-09-23","OBSERVER.ID":"obsr4399854","DURATION.MINUTES":36.0,"SAMPLING.EVENT.IDENTIFIER":"S155739390","species_list":"Asian Green Bee-eater; Bay-backed Shrike; Blue-cheeked Bee-eater; Gray-necked Bunting; Gray Francolin; House Crow; Indian Bushlark; Red-wattled Lapwing; Siberian Stonechat; Variable Wheatear; White-throated Kingfisher","n_species":11,"focal_species_seen":"Blue-cheeked Bee-eater","focal_species_slugs":"blue-cheeked-bee-eater","has_focal":true},"geometry":{"type":"Point","coordinates":[69.661585,24.050956]}},{"type":"Feature","properties":{"GROUP.ID":"G10882646","LOCALITY":"PMC2023_T30G4","LATITUDE":23.2747733,"LONGITUDE":70.5754474,"OBSERVATION.DATE":"2023-09-23","OBSERVER.ID":"obsr4399854","DURATION.MINUTES":38.0,"SAMPLING.EVENT.IDENTIFIER":"S155739391","species_list":"Ashy-crowned Sparrow-Lark; Asian Green Bee-eater; Asian Koel; Baya Weaver; Black-winged Kite; Chestnut-bellied Sandgrouse; Common Babbler; Common Tailorbird; Dusky Crag-Martin; Eastern Cattle-Egret; Eastern Red-rumped Swallow; Eurasian Collared-Dove; Gray-breasted Prinia; Great Egret; House Sparrow; Indian Pond-Heron; Indian Robin; Laughing Dove; Little Cormorant; Painted Stork; Plain Prinia; Purple Sunbird; Red-vented Bulbul; Red-wattled Lapwing; River Tern; Rose-ringed Parakeet; Rufous-fronted Prinia; Yellow-throated Sparrow","n_species":28,"focal_species_seen":"","focal_species_slugs":"","has_focal":false},"geometry":{"type":"Point","coordinates":[70.5754474,23.2747733]}},{"type":"Feature","properties":{"GROUP.ID":"G10882639","LOCALITY":"PMC2023_T30G1","LATITUDE":23.1973793,"LONGITUDE":70.541248,"OBSERVATION.DATE":"2023-09-23","OBSERVER.ID":"obsr4399854","DURATION.MINUTES":51.0,"SAMPLING.EVENT.IDENTIFIER":"S155739392","species_list":"Ashy-crowned Sparrow-Lark; Asian Green Bee-eater; Dalmatian Pelican; Eurasian Collared-Dove; Eurasian Spoonbill; Gray Francolin; House Crow; Indian Robin; Laughing Dove; Plain Prinia; Purple Sunbird; Red-wattled Lapwing; Rosy Starling; Spotted Flycatcher; Tree Pipit; White-eared Bulbul","n_species":16,"focal_species_seen":"Spotted Flycatcher","focal_species_slugs":"spotted-flycatcher","has_focal":true},"geometry":{"type":"Point","coordinates":[70.541248,23.1973793]}},{"type":"Feature","properties":{"GROUP.ID":"G10880557","LOCALITY":"PMC2023_T18G3(23.281, 69.547)","LATITUDE":23.281,"LONGITUDE":69.547,"OBSERVATION.DATE":"2023-09-23","OBSERVER.ID":"obsr4399854","DURATION.MINUTES":50.0,"SAMPLING.EVENT.IDENTIFIER":"S155739394","species_list":"Ashy-crowned Sparrow-Lark; Asian Green Bee-eater; Baya Weaver; Black Drongo; Eastern Cattle-Egret; Eastern Red-rumped Swallow; European Roller; Gray Francolin; Great Egret; Indian Pond-Heron; Indian Robin; Indian Silverbill; Indian Spot-billed Duck; Isabelline Shrike; Laughing Dove; Little Cormorant; Medium Egret; Variable Wheatear; Wire-tailed Swallow","n_species":19,"focal_species_seen":"European Roller","focal_species_slugs":"european-roller","has_focal":true},"geometry":{"type":"Point","coordinates":[69.547,23.281]}},{"type":"Feature","properties":{"GROUP.ID":"G10880548","LOCALITY":"PMC2023_T18G6","LATITUDE":23.3566761,"LONGITUDE":69.6933788,"OBSERVATION.DATE":"2023-09-23","OBSERVER.ID":"obsr4399854","DURATION.MINUTES":45.0,"SAMPLING.EVENT.IDENTIFIER":"S155739395","species_list":"Ashy-crowned Sparrow-Lark; Asian Green Bee-eater; Black-winged Stilt; Eastern Red-rumped Swallow; Gray Francolin; Indian Nightjar; Indian Pond-Heron; Indian Robin; Indian Silverbill; Laughing Dove; Little Cormorant; Medium Egret; Oriental Darter; Purple Heron; Red-wattled Lapwing; White-throated Kingfisher","n_species":16,"focal_species_seen":"","focal_species_slugs":"","has_focal":false},"geometry":{"type":"Point","coordinates":[69.6933788,23.3566761]}},{"type":"Feature","properties":{"GROUP.ID":"G10880414","LOCALITY":"PMC2023_T14G5","LATITUDE":23.0976752,"LONGITUDE":69.4103987,"OBSERVATION.DATE":"2023-09-23","OBSERVER.ID":"obsr4399854","DURATION.MINUTES":47.0,"SAMPLING.EVENT.IDENTIFIER":"S155739396","species_list":"Asian Green Bee-eater; Barred Buttonquail; Baya Weaver; Common Tailorbird; Gray-breasted Prinia; Gray Francolin; Greater Coucal; Indian Golden Oriole; Indian Pond-Heron; Indian Robin; Indian Roller; Laughing Dove; Plain Prinia; Purple Sunbird; Red-naped Ibis; Red-vented Bulbul; Red-wattled Lapwing; Rose-ringed Parakeet; Spotted Flycatcher; Spotted Owlet; Tree Pipit; White-tailed Iora; White-throated Kingfisher; Wire-tailed Swallow","n_species":24,"focal_species_seen":"Spotted Flycatcher","focal_species_slugs":"spotted-flycatcher","has_focal":true},"geometry":{"type":"Point","coordinates":[69.4103987,23.0976752]}},{"type":"Feature","properties":{"GROUP.ID":"G10880416","LOCALITY":"PMC2023_T14G2","LATITUDE":22.9700172,"LONGITUDE":69.4258366,"OBSERVATION.DATE":"2023-09-23","OBSERVER.ID":"obsr4399854","DURATION.MINUTES":29.0,"SAMPLING.EVENT.IDENTIFIER":"S155739397","species_list":"Asian Green Bee-eater; Baya Weaver; Black-winged Kite; Black Drongo; Common Babbler; Common Tailorbird; Eastern Red-rumped Swallow; Eurasian Collared-Dove; Gray-breasted Prinia; Gray Francolin; House Sparrow; Indian Pond-Heron; Indian Robin; Laughing Dove; Little Swift; Red-vented Bulbul; Red-wattled Lapwing; River Tern; White-eared Bulbul; Wire-tailed Swallow","n_species":20,"focal_species_seen":"","focal_species_slugs":"","has_focal":false},"geometry":{"type":"Point","coordinates":[69.4258366,22.9700172]}},{"type":"Feature","properties":{"GROUP.ID":"G10878489","LOCALITY":"PMC2023_T14G3","LATITUDE":22.9009943,"LONGITUDE":69.4128385,"OBSERVATION.DATE":"2023-09-23","OBSERVER.ID":"obsr4399854","DURATION.MINUTES":31.0,"SAMPLING.EVENT.IDENTIFIER":"S155739398","species_list":"Ashy-crowned Sparrow-Lark; Asian Green Bee-eater; Baya Weaver; Black-winged Kite; Black Drongo; Common Babbler; Common Hoopoe; Common Sandpiper; Common Tailorbird; Eastern Cattle-Egret; Eastern Red-rumped Swallow; European Roller; Gray-breasted Prinia; Gray Francolin; Indian Bushlark; Indian Robin; Jungle Prinia; Laughing Dove; Oriental Honey-buzzard; Plain Prinia; Purple Sunbird; Red-vented Bulbul; Red-wattled Lapwing; Rosy Starling; Rufous-fronted Prinia; Spotted Flycatcher; White-browed Wagtail; Wire-tailed Swallow","n_species":28,"focal_species_seen":"European Roller; Spotted Flycatcher","focal_species_slugs":"european-roller;spotted-flycatcher","has_focal":true},"geometry":{"type":"Point","coordinates":[69.4128385,22.9009943]}},{"type":"Feature","properties":{"GROUP.ID":"G10878490","LOCALITY":"PMC2023_T14G1","LATITUDE":22.9833438,"LONGITUDE":69.270347,"OBSERVATION.DATE":"2023-09-23","OBSERVER.ID":"obsr4399854","DURATION.MINUTES":48.0,"SAMPLING.EVENT.IDENTIFIER":"S155739399","species_list":"Asian Green Bee-eater; Asian Koel; Asian Openbill; Bay-backed Shrike; Baya Weaver; Black-crowned Night Heron; Black-winged Stilt; Black Drongo; Common Kingfisher; Common Sandpiper; Common Tailorbird; Eastern Cattle-Egret; Eastern Red-rumped Swallow; Eurasian Collared-Dove; Eurasian Moorhen; Glossy Ibis; Gray Francolin; Gray Wagtail; Greater Coucal; Green Warbler; House Sparrow; Laughing Dove; Little Cormorant; Little Egret; Little Swift; Medium Egret; Oriental Darter; Plain Prinia; Purple Sunbird; Red-naped Ibis; Red-vented Bulbul; Red-wattled Lapwing; Rosy Starling; Spotted Flycatcher; White-breasted Waterhen; White-tailed Iora; White-throated Kingfisher; Wire-tailed Swallow","n_species":38,"focal_species_seen":"Spotted Flycatcher","focal_species_slugs":"spotted-flycatcher","has_focal":true},"geometry":{"type":"Point","coordinates":[69.270347,22.9833438]}},{"type":"Feature","properties":{"GROUP.ID":"G10880284","LOCALITY":"Passage Migrant Bird Count - 2023 T13G3","LATITUDE":22.8463471,"LONGITUDE":69.3094444,"OBSERVATION.DATE":"2023-09-23","OBSERVER.ID":"obsr4399854","DURATION.MINUTES":48.0,"SAMPLING.EVENT.IDENTIFIER":"S155739400","species_list":"Ashy-crowned Sparrow-Lark; Bay-backed Shrike; Black Drongo; Chestnut-bellied Sandgrouse; Collared Pratincole; Common Babbler; Common Hoopoe; Eastern Cattle-Egret; Eurasian Collared-Dove; Eurasian Spoonbill; Eurasian Wryneck; European Roller; Gray Francolin; Greater Short-toed Lark; Green Sandpiper; Gull-billed Tern; House Crow; Indian Pond-Heron; Indian Robin; Indian Silverbill; Laughing Dove; Little Swift; Long-tailed Shrike; Oriental Honey-buzzard; Paddyfield Pipit; Painted Stork; Pied Cuckoo; Purple Sunbird; Red-backed Shrike; Red-naped Ibis; Red-wattled Lapwing; Red Collared-Dove; River Tern; Rosy Starling; Rufous-tailed Scrub-Robin; Sykes's Warbler; Western Marsh Harrier; White-eared Bulbul; White-throated Kingfisher","n_species":39,"focal_species_seen":"European Roller; Red-backed Shrike; Rufous-tailed Scrub-Robin","focal_species_slugs":"european-roller;red-backed-shrike;rufous-tailed-scrub-robin","has_focal":true},"geometry":{"type":"Point","coordinates":[69.3094444,22.8463471]}},{"type":"Feature","properties":{"GROUP.ID":"G10878491","LOCALITY":"PMC2023_T14G4","LATITUDE":23.0415494,"LONGITUDE":69.343718,"OBSERVATION.DATE":"2023-09-23","OBSERVER.ID":"obsr4399854","DURATION.MINUTES":58.0,"SAMPLING.EVENT.IDENTIFIER":"S155739401","species_list":"Ashy-crowned Sparrow-Lark; Asian Green Bee-eater; Bay-backed Shrike; Brahminy Starling; Common Hoopoe; Common Kingfisher; Eastern Cattle-Egret; Eastern Red-rumped Swallow; Eurasian Collared-Dove; European Roller; Gray Francolin; Greater Coucal; House Sparrow; Indian Bushlark; Indian Peafowl; Indian Pond-Heron; Indian Robin; Indian Thick-knee; Jungle Prinia; Laughing Dove; Little Cormorant; Little Egret; Little Swift; Long-tailed Shrike; Plain Prinia; Purple Sunbird; Red-vented Bulbul; Red-wattled Lapwing; Red Collared-Dove; Rose-ringed Parakeet; Rufous-fronted Prinia; Spotted Owlet; White-eared Bulbul; White-tailed Iora; White-throated Kingfisher; Wire-tailed Swallow","n_species":36,"focal_species_seen":"European Roller","focal_species_slugs":"european-roller","has_focal":true},"geometry":{"type":"Point","coordinates":[69.343718,23.0415494]}},{"type":"Feature","properties":{"GROUP.ID":"G10880188","LOCALITY":"Passage Migrant Count - 2023 T13G8","LATITUDE":22.9105224,"LONGITUDE":69.2020423,"OBSERVATION.DATE":"2023-09-23","OBSERVER.ID":"obsr4399854","DURATION.MINUTES":60.0,"SAMPLING.EVENT.IDENTIFIER":"S155739403","species_list":"Ashy-crowned Sparrow-Lark; Asian Green Bee-eater; Barred Buttonquail; Bay-backed Shrike; Baya Weaver; Black-winged Stilt; Black Drongo; Blyth's Reed Warbler; Chestnut-bellied Sandgrouse; Common Babbler; Common Hoopoe; Common Tailorbird; Delicate Prinia; Eastern Cattle-Egret; Eastern Red-rumped Swallow; Eurasian Collared-Dove; Eurasian Wryneck; European Roller; Gray-breasted Prinia; Gray-headed Swamphen; Gray Francolin; Indian Bushlark; Indian Pond-Heron; Indian Robin; Indian Silverbill; Laughing Dove; Lesser Whistling-Duck; Lesser Whitethroat; Little Cormorant; Little Egret; Long-tailed Shrike; Oriental Darter; Paddyfield Pipit; Pied Cuckoo; Plain Prinia; Purple Sunbird; Rain Quail; Red-naped Ibis; Red-vented Bulbul; Red-wattled Lapwing; Rosy Starling; Rufous-fronted Prinia; Siberian Stonechat; Streak-throated Swallow; Sykes's Warbler; Western Yellow Wagtail; White-tailed Iora; White-throated Kingfisher; Wood Sandpiper; Yellow-wattled Lapwing; Zitting Cisticola","n_species":51,"focal_species_seen":"European Roller","focal_species_slugs":"european-roller","has_focal":true},"geometry":{"type":"Point","coordinates":[69.2020423,22.9105224]}},{"type":"Feature","properties":{"GROUP.ID":"G10884443","LOCALITY":"PMC2023_T6G2","LATITUDE":23.2281751,"LONGITUDE":68.6202121,"OBSERVATION.DATE":"2023-09-23","OBSERVER.ID":"obsr4399854","DURATION.MINUTES":45.0,"SAMPLING.EVENT.IDENTIFIER":"S155739404","species_list":"Asian Green Bee-eater; Common Kingfisher; Common Redshank; Common Sandpiper; Eastern Red-rumped Swallow; Eurasian Curlew; Eurasian Whimbrel; Gray Heron; Greater Flamingo; Green Sandpiper; Gull-billed Tern; House Crow; House Sparrow; Indian Pond-Heron; Little Heron; Little Ringed Plover; Little Stint; Marsh Sandpiper; Pied Avocet; Red-wattled Lapwing; Rose-ringed Parakeet; Ruddy Turnstone; Tibetan Sand-Plover; Western Reef-Heron; Western Yellow Wagtail","n_species":25,"focal_species_seen":"","focal_species_slugs":"","has_focal":false},"geometry":{"type":"Point","coordinates":[68.6202121,23.2281751]}},{"type":"Feature","properties":{"GROUP.ID":"G10884444","LOCALITY":"PMC2023_T6G5","LATITUDE":23.3516907,"LONGITUDE":68.771298,"OBSERVATION.DATE":"2023-09-23","OBSERVER.ID":"obsr4399854","DURATION.MINUTES":36.0,"SAMPLING.EVENT.IDENTIFIER":"S155739405","species_list":"Asian Green Bee-eater; Bank Myna; Black-headed Gull; Brahminy Starling; Eurasian Collared-Dove; Gray Francolin; House Crow; Indian Peafowl; Indian Robin; Laughing Dove; Little Cormorant; Plain Prinia; Purple Sunbird; Red-vented Bulbul; Rosy Starling; Streak-throated Swallow; White-eared Bulbul; White-throated Kingfisher","n_species":18,"focal_species_seen":"","focal_species_slugs":"","has_focal":false},"geometry":{"type":"Point","coordinates":[68.771298,23.3516907]}},{"type":"Feature","properties":{"GROUP.ID":"G10884445","LOCALITY":"PMC2023_T6G7","LATITUDE":23.3686088,"LONGITUDE":68.7179429,"OBSERVATION.DATE":"2023-09-23","OBSERVER.ID":"obsr4399854","DURATION.MINUTES":47.0,"SAMPLING.EVENT.IDENTIFIER":"S155739406","species_list":"Barred Buttonquail; Baya Weaver; Black-crowned Night Heron; Black-headed Ibis; Black-winged Stilt; Common Babbler; Common Tailorbird; Eurasian Collared-Dove; Glossy Ibis; Gray-breasted Prinia; Gray Francolin; Indian Silverbill; Laughing Dove; Painted Stork; Plain Prinia; Purple Sunbird; Red-vented Bulbul; Red-wattled Lapwing; Red Collared-Dove; White-eyed Buzzard; White-tailed Iora; Yellow-eyed Babbler; Zitting Cisticola","n_species":23,"focal_species_seen":"","focal_species_slugs":"","has_focal":false},"geometry":{"type":"Point","coordinates":[68.7179429,23.3686088]}},{"type":"Feature","properties":{"GROUP.ID":"G10884446","LOCALITY":"PMC2023_T6G4","LATITUDE":23.3440067,"LONGITUDE":68.6910138,"OBSERVATION.DATE":"2023-09-23","OBSERVER.ID":"obsr4399854","DURATION.MINUTES":58.0,"SAMPLING.EVENT.IDENTIFIER":"S155739407","species_list":"Asian Green Bee-eater; Asian Koel; Barn Swallow; Bay-backed Shrike; Black-tailed Godwit; Common Babbler; Common Greenshank; Common Tailorbird; Curlew Sandpiper; Dunlin; Eastern Cattle-Egret; Eastern Orphean Warbler; Eurasian Collared-Dove; Eurasian Spoonbill; Gray-breasted Prinia; Gull-billed Tern; House Crow; House Sparrow; Indian Robin; Indian Silverbill; Laughing Dove; Little Cormorant; Little Heron; Little Ringed Plover; Little Stint; Painted Stork; Pied Cuckoo; Purple Sunbird; Red-vented Bulbul; Red-wattled Lapwing; River Tern; Rose-ringed Parakeet; Rosy Starling; Sand Lark; Streak-throated Swallow; Western Reef-Heron; White-eared Bulbul; Wire-tailed Swallow; Wood Sandpiper","n_species":39,"focal_species_seen":"","focal_species_slugs":"","has_focal":false},"geometry":{"type":"Point","coordinates":[68.6910138,23.3440067]}},{"type":"Feature","properties":{"GROUP.ID":"G10879679","LOCALITY":"T32G6","LATITUDE":23.5363621,"LONGITUDE":70.4683156,"OBSERVATION.DATE":"2023-09-23","OBSERVER.ID":"obsr4399854","DURATION.MINUTES":70.0,"SAMPLING.EVENT.IDENTIFIER":"S155739408","species_list":"Ashy-crowned Sparrow-Lark; Asian Green Bee-eater; Blue-cheeked Bee-eater; Chestnut-bellied Sandgrouse; Gray-necked Bunting; Greater Short-toed Lark; Purple Sunbird; Red-backed Shrike; Red-wattled Lapwing; River Tern; Spotted Flycatcher; Variable Wheatear; Yellow-wattled Lapwing","n_species":13,"focal_species_seen":"Blue-cheeked Bee-eater; Red-backed Shrike; Spotted Flycatcher","focal_species_slugs":"blue-cheeked-bee-eater;red-backed-shrike;spotted-flycatcher","has_focal":true},"geometry":{"type":"Point","coordinates":[70.4683156,23.5363621]}},{"type":"Feature","properties":{"GROUP.ID":"G10879669","LOCALITY":"PMC_23 T32G5","LATITUDE":23.5060171,"LONGITUDE":70.5055766,"OBSERVATION.DATE":"2023-09-23","OBSERVER.ID":"obsr4399854","DURATION.MINUTES":26.0,"SAMPLING.EVENT.IDENTIFIER":"S155739409","species_list":"Ashy-crowned Sparrow-Lark; Asian Green Bee-eater; Bay-backed Shrike; Baya Weaver; Black-winged Kite; Blue Rock-Thrush; Chestnut-bellied Sandgrouse; Common Babbler; Common Cuckoo; Common Hoopoe; Common Myna; Common Tailorbird; Dusky Crag-Martin; Eastern Cattle-Egret; Eurasian Collared-Dove; Eurasian Wryneck; European Roller; Gray-breasted Prinia; Gray-necked Bunting; Gray Francolin; House Sparrow; Indian Peafowl; Indian Robin; Indian Silverbill; Laughing Dove; Little Cormorant; Little Grebe; Long-tailed Shrike; Paddyfield Pipit; Red-vented Bulbul; Red-wattled Lapwing; Red Collared-Dove; Rose-ringed Parakeet; Rosy Starling; Spotted Flycatcher; Variable Wheatear; White-eared Bulbul; Wire-tailed Swallow; Yellow-throated Sparrow","n_species":39,"focal_species_seen":"Common Cuckoo; European Roller; Spotted Flycatcher","focal_species_slugs":"common-cuckoo;european-roller;spotted-flycatcher","has_focal":true},"geometry":{"type":"Point","coordinates":[70.5055766,23.5060171]}},{"type":"Feature","properties":{"GROUP.ID":"G10879670","LOCALITY":"PMC_23 T32G3","LATITUDE":23.4259116,"LONGITUDE":70.4561331,"OBSERVATION.DATE":"2023-09-23","OBSERVER.ID":"obsr4399854","DURATION.MINUTES":90.0,"SAMPLING.EVENT.IDENTIFIER":"S155739410","species_list":"Ashy-crowned Sparrow-Lark; Asian Green Bee-eater; Bay-backed Shrike; Baya Weaver; Black-winged Kite; Black Drongo; Common Cuckoo; Common Hoopoe; Eastern Red-rumped Swallow; European Roller; House Sparrow; Laughing Dove; Long-tailed Shrike; Pied Cuckoo; Purple Sunbird; Red-vented Bulbul; Red-wattled Lapwing; Red Collared-Dove; Spotted Flycatcher; White-throated Kingfisher; Wire-tailed Swallow","n_species":21,"focal_species_seen":"Common Cuckoo; European Roller; Spotted Flycatcher","focal_species_slugs":"common-cuckoo;european-roller;spotted-flycatcher","has_focal":true},"geometry":{"type":"Point","coordinates":[70.4561331,23.4259116]}},{"type":"Feature","properties":{"GROUP.ID":"G10879640","LOCALITY":"PMC_23 T32G2","LATITUDE":23.4259779,"LONGITUDE":70.3233412,"OBSERVATION.DATE":"2023-09-23","OBSERVER.ID":"obsr4399854","DURATION.MINUTES":90.0,"SAMPLING.EVENT.IDENTIFIER":"S155739412","species_list":"Ashy-crowned Sparrow-Lark; Asian Green Bee-eater; Asian Koel; Barn Swallow; Bay-backed Shrike; Black-winged Kite; Black Drongo; Chestnut-bellied Sandgrouse; Common Hoopoe; Eastern Cattle-Egret; Eurasian Collared-Dove; Eurasian Wryneck; European Roller; Gray Francolin; Indian Bushlark; Indian Robin; Laughing Dove; Pied Cuckoo; Plain Prinia; Red-wattled Lapwing; Red Collared-Dove; Rufous-tailed Lark; Siberian Stonechat; White-throated Kingfisher","n_species":24,"focal_species_seen":"European Roller","focal_species_slugs":"european-roller","has_focal":true},"geometry":{"type":"Point","coordinates":[70.3233412,23.4259779]}},{"type":"Feature","properties":{"GROUP.ID":"G10879637","LOCALITY":"PMC_23 T32G1","LATITUDE":23.3725445,"LONGITUDE":70.305144,"OBSERVATION.DATE":"2023-09-23","OBSERVER.ID":"obsr4399854","DURATION.MINUTES":70.0,"SAMPLING.EVENT.IDENTIFIER":"S155739413","species_list":"Ashy-crowned Sparrow-Lark; Asian Green Bee-eater; Barn Swallow; Bay-backed Shrike; Baya Weaver; Black-tailed Godwit; Black-winged Kite; Black-winged Stilt; Black Drongo; Chestnut-bellied Sandgrouse; Common Babbler; Common Cuckoo; Common Greenshank; Crested Lark; Eurasian Collared-Dove; European Roller; Gray-breasted Prinia; Gray Francolin; Gray Heron; Indian Bushlark; Indian Pond-Heron; Indian Robin; Indian Silverbill; Jungle Prinia; Laughing Dove; Little Cormorant; Little Egret; Little Grebe; Montagu's Harrier; Paddyfield Pipit; Pied Cuckoo; Purple Sunbird; Red-tailed Shrike; Red-vented Bulbul; Red-wattled Lapwing; Red Collared-Dove; Rosy Starling; Rufous-tailed Lark; Siberian Stonechat; White-eared Bulbul; White-throated Kingfisher; Wire-tailed Swallow; Yellow-wattled Lapwing","n_species":43,"focal_species_seen":"Common Cuckoo; European Roller; Red-tailed Shrike","focal_species_slugs":"common-cuckoo;european-roller;red-tailed-shrike","has_focal":true},"geometry":{"type":"Point","coordinates":[70.305144,23.3725445]}},{"type":"Feature","properties":{"GROUP.ID":"G10879627","LOCALITY":"PMC_23 T32G4","LATITUDE":23.4843413,"LONGITUDE":70.3558065,"OBSERVATION.DATE":"2023-09-23","OBSERVER.ID":"obsr4399854","DURATION.MINUTES":120.0,"SAMPLING.EVENT.IDENTIFIER":"S155739414","species_list":"Ashy-crowned Sparrow-Lark; Asian Green Bee-eater; Asian Koel; Bay-backed Shrike; Baya Weaver; Black-tailed Godwit; Black-winged Kite; Black Drongo; Chestnut-bellied Sandgrouse; Common Babbler; Common Hoopoe; Eastern Red-rumped Swallow; Eurasian Collared-Dove; Eurasian Wryneck; European Roller; Gray-breasted Prinia; Gray Francolin; House Sparrow; Indian Pond-Heron; Indian Robin; Indian Silverbill; Isabelline Shrike; Laughing Dove; Long-tailed Shrike; Pied Cuckoo; Purple Sunbird; Red-vented Bulbul; Red-wattled Lapwing; Red Collared-Dove; Rosy Starling; Siberian Stonechat; Spotted Flycatcher; White-breasted Waterhen; White-eared Bulbul; White-throated Kingfisher; Wire-tailed Swallow; Yellow-wattled Lapwing","n_species":37,"focal_species_seen":"European Roller; Spotted Flycatcher","focal_species_slugs":"european-roller;spotted-flycatcher","has_focal":true},"geometry":{"type":"Point","coordinates":[70.3558065,23.4843413]}},{"type":"Feature","properties":{"GROUP.ID":"G10880675","LOCALITY":"PMC_23 T5G2","LATITUDE":23.423372,"LONGITUDE":68.929426,"OBSERVATION.DATE":"2023-09-23","OBSERVER.ID":"obsr4399854","DURATION.MINUTES":25.0,"SAMPLING.EVENT.IDENTIFIER":"S155739415","species_list":"Asian Green Bee-eater; Bay-backed Shrike; Baya Weaver; Black Francolin; Common Babbler; Gray Francolin; Laughing Dove; Purple Sunbird; Rosy Starling; Wire-tailed Swallow","n_species":10,"focal_species_seen":"","focal_species_slugs":"","has_focal":false},"geometry":{"type":"Point","coordinates":[68.929426,23.423372]}},{"type":"Feature","properties":{"GROUP.ID":"G10880676","LOCALITY":"PMC_23 T5G1","LATITUDE":23.432895,"LONGITUDE":68.854121,"OBSERVATION.DATE":"2023-09-23","OBSERVER.ID":"obsr4399854","DURATION.MINUTES":35.0,"SAMPLING.EVENT.IDENTIFIER":"S155739416","species_list":"Ashy-crowned Sparrow-Lark; Asian Green Bee-eater; Bay-backed Shrike; Black-headed Bunting; Black Drongo; Black Francolin; Common Babbler; Eastern Red-rumped Swallow; Eurasian Collared-Dove; European Roller; House Crow; Indian Bushlark; Indian Robin; Indian Silverbill; Laughing Dove; Long-tailed Shrike; Red-vented Bulbul; Red Collared-Dove; Spotted Flycatcher; White-eared Bulbul","n_species":20,"focal_species_seen":"European Roller; Spotted Flycatcher","focal_species_slugs":"european-roller;spotted-flycatcher","has_focal":true},"geometry":{"type":"Point","coordinates":[68.854121,23.432895]}},{"type":"Feature","properties":{"GROUP.ID":"G10879335","LOCALITY":"PMC2023_T20G4","LATITUDE":23.0402213,"LONGITUDE":70.0450165,"OBSERVATION.DATE":"2023-09-23","OBSERVER.ID":"obsr4399854","DURATION.MINUTES":57.0,"SAMPLING.EVENT.IDENTIFIER":"S155739417","species_list":"Ashy-crowned Sparrow-Lark; Asian Green Bee-eater; Black-winged Stilt; Blue-cheeked Bee-eater; Common Babbler; Eurasian Collared-Dove; Gray Heron; Indian Bushlark; Indian Pond-Heron; Indian Robin; Laughing Dove; Little Cormorant; Little Egret; Little Grebe; Little Ringed Plover; Paddyfield Pipit; Pied Kingfisher; Red-wattled Lapwing; River Tern; Rufous-tailed Lark; Whiskered Tern; Wire-tailed Swallow","n_species":22,"focal_species_seen":"Blue-cheeked Bee-eater","focal_species_slugs":"blue-cheeked-bee-eater","has_focal":true},"geometry":{"type":"Point","coordinates":[70.0450165,23.0402213]}},{"type":"Feature","properties":{"GROUP.ID":"G10879452","LOCALITY":"PMC2023_T25G6","LATITUDE":23.8761195,"LONGITUDE":70.3432634,"OBSERVATION.DATE":"2023-09-23","OBSERVER.ID":"obsr4399854","DURATION.MINUTES":36.0,"SAMPLING.EVENT.IDENTIFIER":"S155739418","species_list":"Ashy-crowned Sparrow-Lark; Asian Green Bee-eater; Bay-backed Shrike; Common Babbler; Common Tailorbird; Eastern Cattle-Egret; Eurasian Collared-Dove; Eurasian Wryneck; Gray Francolin; Greater Coucal; House Sparrow; Indian Robin; Indian Silverbill; Laughing Dove; Lesser Whitethroat; Purple Sunbird; Red-vented Bulbul; Red-wattled Lapwing; Rose-ringed Parakeet; White-eared Bulbul; Wire-tailed Swallow","n_species":21,"focal_species_seen":"","focal_species_slugs":"","has_focal":false},"geometry":{"type":"Point","coordinates":[70.3432634,23.8761195]}},{"type":"Feature","properties":{"GROUP.ID":"G11190399","LOCALITY":"PMC2023_T8G3","LATITUDE":23.5423633,"LONGITUDE":69.2726883,"OBSERVATION.DATE":"2023-09-23","OBSERVER.ID":"obsr4399854","DURATION.MINUTES":36.0,"SAMPLING.EVENT.IDENTIFIER":"S155739419","species_list":"Asian Green Bee-eater; Baya Weaver; Black Drongo; Common Babbler; Common Sandpiper; Common Tailorbird; Dusky Crag-Martin; Eastern Red-rumped Swallow; Eurasian Collared-Dove; Eurasian Spoonbill; European Roller; Gray Francolin; House Crow; House Sparrow; Indian Robin; Indian Silverbill; Isabelline Shrike; Pied Kingfisher; Plain Prinia; Purple Sunbird; Red-vented Bulbul; Red-wattled Lapwing; River Tern; Rosy Starling; White-breasted Waterhen; White-browed Wagtail; White-eared Bulbul; White-throated Kingfisher; Wire-tailed Swallow","n_species":29,"focal_species_seen":"European Roller","focal_species_slugs":"european-roller","has_focal":true},"geometry":{"type":"Point","coordinates":[69.2726883,23.5423633]}},{"type":"Feature","properties":{"GROUP.ID":"G10879453","LOCALITY":"PMC2023_T25G4","LATITUDE":23.8377057,"LONGITUDE":70.375084,"OBSERVATION.DATE":"2023-09-23","OBSERVER.ID":"obsr4399854","DURATION.MINUTES":40.0,"SAMPLING.EVENT.IDENTIFIER":"S155739420","species_list":"Ashy-crowned Sparrow-Lark; Asian Green Bee-eater; Baya Weaver; Black Drongo; Common Babbler; Eurasian Collared-Dove; Eurasian Wryneck; European Roller; Gray Francolin; Indian Robin; Indian Silverbill; Indian Spot-billed Duck; Laughing Dove; Little Egret; Little Grebe; Medium Egret; Purple Sunbird; Red-vented Bulbul; Red-wattled Lapwing; Red Collared-Dove; Spotted Flycatcher; Western Marsh Harrier; White-eared Bulbul; White-throated Kingfisher; Yellow-throated Sparrow","n_species":25,"focal_species_seen":"European Roller; Spotted Flycatcher","focal_species_slugs":"european-roller;spotted-flycatcher","has_focal":true},"geometry":{"type":"Point","coordinates":[70.375084,23.8377057]}},{"type":"Feature","properties":{"GROUP.ID":"G10879454","LOCALITY":"PMC2023_T25G1","LATITUDE":23.8341756,"LONGITUDE":70.3733687,"OBSERVATION.DATE":"2023-09-23","OBSERVER.ID":"obsr4399854","DURATION.MINUTES":70.0,"SAMPLING.EVENT.IDENTIFIER":"S155739421","species_list":"Ashy-crowned Sparrow-Lark; Asian Green Bee-eater; Barn Swallow; Baya Weaver; Black-headed Bunting; Black-winged Stilt; Chestnut-bellied Sandgrouse; Common Babbler; Common Hoopoe; Eastern Red-rumped Swallow; Eurasian Collared-Dove; European Roller; Greater Flamingo; Green-winged Teal; House Sparrow; Laughing Dove; Plain Prinia; Red Collared-Dove; Rosy Starling; Rufous-tailed Lark; Western Marsh Harrier; Whiskered Tern; Yellow-throated Sparrow; Zitting Cisticola","n_species":24,"focal_species_seen":"European Roller","focal_species_slugs":"european-roller","has_focal":true},"geometry":{"type":"Point","coordinates":[70.3733687,23.8341756]}},{"type":"Feature","properties":{"GROUP.ID":"G10879173","LOCALITY":"PMC2023_T9G2","LATITUDE":23.083783,"LONGITUDE":68.8083838,"OBSERVATION.DATE":"2023-09-23","OBSERVER.ID":"obsr4399854","DURATION.MINUTES":38.0,"SAMPLING.EVENT.IDENTIFIER":"S155739422","species_list":"Asian Green Bee-eater; Asian Koel; Bay-backed Shrike; Baya Weaver; Black-winged Stilt; Black Drongo; Common Babbler; Common Myna; Common Sandpiper; Eastern Cattle-Egret; European Roller; Gray Francolin; Gray Heron; Great Egret; Green Sandpiper; Green Warbler; Indian Peafowl; Indian Pond-Heron; Indian Spot-billed Duck; Laughing Dove; Little Cormorant; Little Swift; Painted Stork; Pied Kingfisher; Plain Prinia; Purple Sunbird; Red-vented Bulbul; Red-wattled Lapwing; Red Collared-Dove; River Tern; Rosy Starling; Shikra; Spotted Flycatcher; Western Reef-Heron; Whiskered Tern; White-eared Bulbul; White-tailed Iora; White-throated Kingfisher; Wire-tailed Swallow","n_species":39,"focal_species_seen":"European Roller; Spotted Flycatcher","focal_species_slugs":"european-roller;spotted-flycatcher","has_focal":true},"geometry":{"type":"Point","coordinates":[68.8083838,23.083783]}},{"type":"Feature","properties":{"GROUP.ID":"G10879172","LOCALITY":"PMC2023_T9G3","LATITUDE":23.1376983,"LONGITUDE":68.7831005,"OBSERVATION.DATE":"2023-09-23","OBSERVER.ID":"obsr4399854","DURATION.MINUTES":45.0,"SAMPLING.EVENT.IDENTIFIER":"S155739423","species_list":"Asian Green Bee-eater; Bank Myna; Barn Swallow; Bay-backed Shrike; Black-winged Stilt; Common Babbler; Common Sandpiper; Common Tailorbird; Eastern Cattle-Egret; Eastern Red-rumped Swallow; Eurasian Collared-Dove; European Roller; Gray Francolin; Gull-billed Tern; House Sparrow; Indian Pond-Heron; Indian Robin; Indian Silverbill; Laughing Dove; Little Egret; Little Stint; Little Tern; Painted Stork; Pied Cuckoo; Pied Kingfisher; Plain Prinia; Purple Sunbird; Red-wattled Lapwing; River Tern; Rosy Starling; Rufous-fronted Prinia; Spotted Flycatcher; Western Yellow Wagtail; Whiskered Tern; White-eared Bulbul; White-tailed Iora; White-throated Kingfisher; White-winged Tern; Wire-tailed Swallow","n_species":39,"focal_species_seen":"European Roller; Spotted Flycatcher","focal_species_slugs":"european-roller;spotted-flycatcher","has_focal":true},"geometry":{"type":"Point","coordinates":[68.7831005,23.1376983]}},{"type":"Feature","properties":{"GROUP.ID":"G10880463","LOCALITY":"PMC2023_T12G7","LATITUDE":23.2466266,"LONGITUDE":69.3941331,"OBSERVATION.DATE":"2023-09-23","OBSERVER.ID":"obsr4399854","DURATION.MINUTES":43.0,"SAMPLING.EVENT.IDENTIFIER":"S155739424","species_list":"Asian Green Bee-eater; Barn Swallow; Bay-backed Shrike; Black-winged Kite; Black-winged Stilt; Common Babbler; Eastern Cattle-Egret; Eastern Red-rumped Swallow; Eurasian Sparrowhawk; European Roller; Glossy Ibis; Gray-breasted Prinia; Indian Robin; Indian Silverbill; Lesser Whistling-Duck; Lesser Whitethroat; Little Cormorant; Little Egret; Little Swift; Oriental Darter; Purple Sunbird; Red-vented Bulbul; Red-wattled Lapwing; River Tern; Rosy Starling; Rufous-fronted Prinia; Shikra; White-eared Bulbul; White-throated Kingfisher; Yellow-wattled Lapwing","n_species":30,"focal_species_seen":"European Roller","focal_species_slugs":"european-roller","has_focal":true},"geometry":{"type":"Point","coordinates":[69.3941331,23.2466266]}},{"type":"Feature","properties":{"GROUP.ID":"G10880464","LOCALITY":"PMC2023_T12G6","LATITUDE":23.2943517,"LONGITUDE":69.2721633,"OBSERVATION.DATE":"2023-09-23","OBSERVER.ID":"obsr4399854","DURATION.MINUTES":43.0,"SAMPLING.EVENT.IDENTIFIER":"S155739425","species_list":"Asian Green Bee-eater; Bay-backed Shrike; Baya Weaver; Black Drongo; Common Babbler; Common Hoopoe; Eastern Orphean Warbler; Eastern Red-rumped Swallow; Gray-breasted Prinia; Gray Francolin; Indian Peafowl; Indian Silverbill; Lesser Whitethroat; Purple Sunbird; Red-vented Bulbul; Red-wattled Lapwing; Rufous-fronted Prinia; Small Minivet; Spotted Flycatcher; White-eared Bulbul; Wire-tailed Swallow; Yellow-throated Sparrow","n_species":22,"focal_species_seen":"Spotted Flycatcher","focal_species_slugs":"spotted-flycatcher","has_focal":true},"geometry":{"type":"Point","coordinates":[69.2721633,23.2943517]}},{"type":"Feature","properties":{"GROUP.ID":"G10879087","LOCALITY":"PMC2023_T15G1","LATITUDE":22.9711178,"LONGITUDE":69.5342665,"OBSERVATION.DATE":"2023-09-23","OBSERVER.ID":"obsr4399854","DURATION.MINUTES":42.0,"SAMPLING.EVENT.IDENTIFIER":"S155739426","species_list":"Ashy-crowned Sparrow-Lark; Asian Green Bee-eater; Bay-backed Shrike; Baya Weaver; Black Drongo; Common Babbler; Common Hoopoe; Common Kingfisher; Common Woodshrike; Eastern Cattle-Egret; Eurasian Collared-Dove; Gray-breasted Prinia; Gray Francolin; Great Egret; House Sparrow; Indian Bushlark; Indian Robin; Indian Roller; Indian Thick-knee; Laughing Dove; Lesser Whistling-Duck; Little Cormorant; Pied Kingfisher; Purple Sunbird; Red-vented Bulbul; Red-wattled Lapwing; Red Collared-Dove; Rosy Starling; Spotted Flycatcher; White-eared Bulbul; White-throated Kingfisher","n_species":31,"focal_species_seen":"Spotted Flycatcher","focal_species_slugs":"spotted-flycatcher","has_focal":true},"geometry":{"type":"Point","coordinates":[69.5342665,22.9711178]}},{"type":"Feature","properties":{"GROUP.ID":"G10879388","LOCALITY":"PMC2023_T31_G7","LATITUDE":23.364705,"LONGITUDE":70.120765,"OBSERVATION.DATE":"2023-09-23","OBSERVER.ID":"obsr4399854","DURATION.MINUTES":38.0,"SAMPLING.EVENT.IDENTIFIER":"S155739427","species_list":"Ashy-crowned Sparrow-Lark; Asian Green Bee-eater; Barn Swallow; Bay-backed Shrike; Black-headed Ibis; Chestnut-bellied Sandgrouse; Common Kingfisher; Common Sandpiper; Dusky Crag-Martin; Eastern Red-rumped Swallow; Eurasian Collared-Dove; Eurasian Coot; European Roller; Lesser Whistling-Duck; Little Egret; Little Grebe; Long-billed Pipit; Paddyfield Pipit; Plain Prinia; Red-wattled Lapwing; Red Collared-Dove; Shikra; Siberian Stonechat; Tree Pipit; White-breasted Waterhen","n_species":25,"focal_species_seen":"European Roller","focal_species_slugs":"european-roller","has_focal":true},"geometry":{"type":"Point","coordinates":[70.120765,23.364705]}},{"type":"Feature","properties":{"GROUP.ID":"G10880017","LOCALITY":"PMC2023_T10G2","LATITUDE":23.2853383,"LONGITUDE":69.1810985,"OBSERVATION.DATE":"2023-09-23","OBSERVER.ID":"obsr4399854","DURATION.MINUTES":7.0,"SAMPLING.EVENT.IDENTIFIER":"S155739428","species_list":"Ashy-crowned Sparrow-Lark; Asian Green Bee-eater; Asian Koel; Bay-backed Shrike; Black-winged Kite; Black-winged Stilt; Black Drongo; Brahminy Starling; Chestnut-bellied Sandgrouse; Common Hoopoe; Eastern Cattle-Egret; Eurasian Collared-Dove; Eurasian Spoonbill; European Roller; Gray-necked Bunting; Gray Francolin; Gray Heron; Great Egret; Green Sandpiper; Indian Peafowl; Indian Pond-Heron; Indian Roller; Laughing Dove; Little Egret; Little Grebe; Pied Kingfisher; Red-naped Ibis; Red-vented Bulbul; Red-wattled Lapwing; Red Collared-Dove; Siberian Stonechat; Western Reef-Heron; White-eared Bulbul; White-throated Kingfisher; Wire-tailed Swallow; Wood Sandpiper; Yellow-crowned Woodpecker","n_species":37,"focal_species_seen":"European Roller","focal_species_slugs":"european-roller","has_focal":true},"geometry":{"type":"Point","coordinates":[69.1810985,23.2853383]}},{"type":"Feature","properties":{"GROUP.ID":"G10878797","LOCALITY":"PMC2023_T1_G7","LATITUDE":23.7669733,"LONGITUDE":68.8765579,"OBSERVATION.DATE":"2023-09-23","OBSERVER.ID":"obsr4399854","DURATION.MINUTES":48.0,"SAMPLING.EVENT.IDENTIFIER":"S155739429","species_list":"Asian Green Bee-eater; Asian Koel; Bay-backed Shrike; Black Drongo; Black Francolin; Chestnut-bellied Sandgrouse; Common Hoopoe; Common Kingfisher; Eastern Cattle-Egret; Eurasian Collared-Dove; Eurasian Curlew; European Roller; Gray-breasted Prinia; Gray-necked Bunting; Gray Francolin; Indian Peafowl; Indian Pond-Heron; Laughing Dove; Little Egret; Long-tailed Shrike; Medium Egret; Oriental Darter; Oriental Honey-buzzard; Painted Stork; Pied Cuckoo; Pied Kingfisher; Plain Prinia; Red-naped Ibis; Red-wattled Lapwing; Rufous-fronted Prinia; White-throated Kingfisher","n_species":31,"focal_species_seen":"European Roller","focal_species_slugs":"european-roller","has_focal":true},"geometry":{"type":"Point","coordinates":[68.8765579,23.7669733]}},{"type":"Feature","properties":{"GROUP.ID":"G10878756","LOCALITY":"PMC2023_T1G6","LATITUDE":23.7399193,"LONGITUDE":68.9347723,"OBSERVATION.DATE":"2023-09-23","OBSERVER.ID":"obsr4399854","DURATION.MINUTES":42.0,"SAMPLING.EVENT.IDENTIFIER":"S155739430","species_list":"Asian Green Bee-eater; Bay-backed Shrike; Baya Weaver; Black Drongo; Black Redstart; Common Babbler; Common Hoopoe; Common Tailorbird; Eastern Red-rumped Swallow; Eurasian Collared-Dove; Eurasian Wryneck; European Roller; Gray Francolin; Green Sandpiper; Indian Robin; Laughing Dove; Long-tailed Shrike; Medium Egret; Painted Sandgrouse; Purple Sunbird; Rose-ringed Parakeet; Small Minivet; Spotted Flycatcher; Sykes's Warbler; White-breasted Waterhen; White-eared Bulbul; White-naped Tit; White-throated Kingfisher; Wire-tailed Swallow","n_species":29,"focal_species_seen":"European Roller; Spotted Flycatcher","focal_species_slugs":"european-roller;spotted-flycatcher","has_focal":true},"geometry":{"type":"Point","coordinates":[68.9347723,23.7399193]}},{"type":"Feature","properties":{"GROUP.ID":"G10878727","LOCALITY":"T29G4","LATITUDE":23.4196317,"LONGITUDE":70.86532,"OBSERVATION.DATE":"2023-09-23","OBSERVER.ID":"obsr4399854","DURATION.MINUTES":43.0,"SAMPLING.EVENT.IDENTIFIER":"S155739431","species_list":"Ashy-crowned Sparrow-Lark; Asian Green Bee-eater; Common Babbler; Eastern Cattle-Egret; Eurasian Collared-Dove; House Sparrow; Indian Silverbill; Laughing Dove; Purple Sunbird; Red-wattled Lapwing; River Tern; White-eared Bulbul","n_species":12,"focal_species_seen":"","focal_species_slugs":"","has_focal":false},"geometry":{"type":"Point","coordinates":[70.86532,23.4196317]}},{"type":"Feature","properties":{"GROUP.ID":"G10879086","LOCALITY":"PMC2023_T15G2","LATITUDE":23.0172176,"LONGITUDE":69.5721891,"OBSERVATION.DATE":"2023-09-23","OBSERVER.ID":"obsr4399854","DURATION.MINUTES":31.0,"SAMPLING.EVENT.IDENTIFIER":"S155739432","species_list":"Ashy-crowned Sparrow-Lark; Asian Green Bee-eater; Bay-backed Shrike; Black Drongo; Common Babbler; Eastern Cattle-Egret; Eurasian Collared-Dove; European Roller; Gray Francolin; Great Thick-knee; Indian Robin; Indian Silverbill; Laughing Dove; Lesser Whistling-Duck; Little Cormorant; Little Egret; Plain Prinia; Purple Sunbird; Red-vented Bulbul; Red-wattled Lapwing; River Tern; Rosy Starling; Rufous-fronted Prinia; Small Minivet; Tawny Lark; White-browed Wagtail; White-eared Bulbul","n_species":27,"focal_species_seen":"European Roller","focal_species_slugs":"european-roller","has_focal":true},"geometry":{"type":"Point","coordinates":[69.5721891,23.0172176]}},{"type":"Feature","properties":{"GROUP.ID":"G10884192","LOCALITY":"PMC2023_T8G5","LATITUDE":23.5615,"LONGITUDE":69.2422667,"OBSERVATION.DATE":"2023-09-23","OBSERVER.ID":"obsr4399854","DURATION.MINUTES":37.0,"SAMPLING.EVENT.IDENTIFIER":"S155739433","species_list":"Asian Green Bee-eater; Common Babbler; Common Tailorbird; Dusky Crag-Martin; Eastern Red-rumped Swallow; Eurasian Collared-Dove; European Roller; Gray Francolin; House Crow; Indian Robin; Indian Silverbill; Laughing Dove; Little Cormorant; Little Grebe; Purple Sunbird; Red-wattled Lapwing; Rosy Starling; White-eared Bulbul","n_species":18,"focal_species_seen":"European Roller","focal_species_slugs":"european-roller","has_focal":true},"geometry":{"type":"Point","coordinates":[69.2422667,23.5615]}},{"type":"Feature","properties":{"GROUP.ID":"G10883411","LOCALITY":"PMC2023_T27G2","LATITUDE":23.466757,"LONGITUDE":71.041002,"OBSERVATION.DATE":"2023-09-23","OBSERVER.ID":"obsr4399854","DURATION.MINUTES":54.0,"SAMPLING.EVENT.IDENTIFIER":"S155739434","species_list":"Asian Green Bee-eater; Asian Koel; Barn Swallow; Chestnut-bellied Sandgrouse; Dusky Crag-Martin; Eurasian Collared-Dove; Gray Francolin; House Crow; House Sparrow; Indian Peafowl; Indian Pond-Heron; Indian Robin; Indian Spot-billed Duck; Laughing Dove; Little Egret; Little Grebe; Medium Egret; Red-naped Ibis; Red-vented Bulbul; River Tern; Rose-ringed Parakeet; Ruff; Rufous-tailed Lark; Spotted Flycatcher; Whiskered Tern; White-breasted Waterhen; White-eared Bulbul","n_species":27,"focal_species_seen":"Spotted Flycatcher","focal_species_slugs":"spotted-flycatcher","has_focal":true},"geometry":{"type":"Point","coordinates":[71.041002,23.466757]}},{"type":"Feature","properties":{"GROUP.ID":"G10878604","LOCALITY":"PMC2023_T31_G6","LATITUDE":23.3294651,"LONGITUDE":70.1612214,"OBSERVATION.DATE":"2023-09-23","OBSERVER.ID":"obsr4399854","DURATION.MINUTES":23.0,"SAMPLING.EVENT.IDENTIFIER":"S155739435","species_list":"Asian Green Bee-eater; Asian Koel; Black-winged Stilt; Common Babbler; Common Sandpiper; Dusky Crag-Martin; Eastern Cattle-Egret; Eastern Red-rumped Swallow; Eurasian Collared-Dove; European Roller; Gray-breasted Prinia; Greater Coucal; Green Sandpiper; House Sparrow; Indian Robin; Indian Silverbill; Laughing Dove; Plain Prinia; Red-vented Bulbul; Red-wattled Lapwing; Rufous-fronted Prinia; Spotted Flycatcher; White-throated Kingfisher; Wire-tailed Swallow","n_species":24,"focal_species_seen":"European Roller; Spotted Flycatcher","focal_species_slugs":"european-roller;spotted-flycatcher","has_focal":true},"geometry":{"type":"Point","coordinates":[70.1612214,23.3294651]}},{"type":"Feature","properties":{"GROUP.ID":"G10879245","LOCALITY":"PMC2023_T8G6","LATITUDE":23.630815,"LONGITUDE":69.1694933,"OBSERVATION.DATE":"2023-09-23","OBSERVER.ID":"obsr4399854","DURATION.MINUTES":42.0,"SAMPLING.EVENT.IDENTIFIER":"S155739436","species_list":"Ashy-crowned Sparrow-Lark; Asian Green Bee-eater; Brown Rock Chat; Common Sandpiper; Crested Lark; Eastern Red-rumped Swallow; Eurasian Kestrel; Eurasian Spoonbill; Gray Francolin; Great Egret; Isabelline Shrike; Laughing Dove; Little Egret; Little Swift; Painted Stork; River Tern; Rufous-tailed Lark; Variable Wheatear; Western Marsh Harrier; Western Yellow Wagtail; Yellow-wattled Lapwing","n_species":21,"focal_species_seen":"","focal_species_slugs":"","has_focal":false},"geometry":{"type":"Point","coordinates":[69.1694933,23.630815]}},{"type":"Feature","properties":{"GROUP.ID":"G10878534","LOCALITY":"PMC2023_T30G7","LATITUDE":23.4140267,"LONGITUDE":70.5558699,"OBSERVATION.DATE":"2023-09-23","OBSERVER.ID":"obsr4399854","DURATION.MINUTES":45.0,"SAMPLING.EVENT.IDENTIFIER":"S155739437","species_list":"Ashy-crowned Sparrow-Lark; Asian Green Bee-eater; Barn Swallow; Barred Buttonquail; Baya Weaver; Common Babbler; Common Cuckoo; Common Hoopoe; Eastern Cattle-Egret; Eurasian Collared-Dove; Eurasian Spoonbill; European Roller; Glossy Ibis; Gray-breasted Prinia; Gray Francolin; Indian Robin; Indian Silverbill; Jungle Prinia; Laughing Dove; Little Cormorant; Paddyfield Pipit; Pied Cuckoo; Plain Prinia; Purple Sunbird; Red-vented Bulbul; Red-wattled Lapwing; Red Collared-Dove; Rose-ringed Parakeet; Rosy Starling; Tree Pipit; Variable Wheatear; White-eared Bulbul; White-tailed Iora; White-throated Kingfisher; Yellow-eyed Babbler; Yellow-throated Sparrow","n_species":36,"focal_species_seen":"Common Cuckoo; European Roller","focal_species_slugs":"common-cuckoo;european-roller","has_focal":true},"geometry":{"type":"Point","coordinates":[70.5558699,23.4140267]}},{"type":"Feature","properties":{"GROUP.ID":"G10880016","LOCALITY":"PMC2023_T10G3","LATITUDE":23.3273913,"LONGITUDE":68.9662127,"OBSERVATION.DATE":"2023-09-23","OBSERVER.ID":"obsr4399854","DURATION.MINUTES":10.0,"SAMPLING.EVENT.IDENTIFIER":"S155739438","species_list":"Asian Green Bee-eater; Bay-backed Shrike; Baya Weaver; Black-winged Kite; Black Drongo; Brahminy Starling; Common Babbler; Common Hoopoe; Common Sandpiper; Common Tailorbird; Common Woodshrike; Eastern Red-rumped Swallow; Eurasian Coot; European Roller; Gray Heron; Great Crested Grebe; Great Egret; Green Sandpiper; House Sparrow; Indian Bushlark; Indian Pond-Heron; Indian Robin; Indian Roller; Indian Silverbill; Laughing Dove; Little Egret; Little Grebe; Long-tailed Shrike; Plain Prinia; Purple Sunbird; Red-vented Bulbul; Red-wattled Lapwing; Red Collared-Dove; Rosy Starling; Rufous-fronted Prinia; White-eared Bulbul; Wire-tailed Swallow","n_species":37,"focal_species_seen":"European Roller","focal_species_slugs":"european-roller","has_focal":true},"geometry":{"type":"Point","coordinates":[68.9662127,23.3273913]}},{"type":"Feature","properties":{"GROUP.ID":"G10878507","LOCALITY":"PMC2023_T30G6","LATITUDE":23.3982279,"LONGITUDE":70.5049267,"OBSERVATION.DATE":"2023-09-23","OBSERVER.ID":"obsr4399854","DURATION.MINUTES":45.0,"SAMPLING.EVENT.IDENTIFIER":"S155739439","species_list":"Ashy-crowned Sparrow-Lark; Asian Green Bee-eater; Asian Koel; Barn Swallow; Bay-backed Shrike; Booted Eagle; Common Babbler; Common Tailorbird; Eastern Cattle-Egret; Eastern Red-rumped Swallow; Eurasian Collared-Dove; Gray-breasted Prinia; Gray Francolin; House Sparrow; Indian Silverbill; Jungle Prinia; Laughing Dove; Oriental Honey-buzzard; Plain Prinia; Purple Sunbird; Red-naped Ibis; Red-vented Bulbul; Rosy Starling; Rufous-fronted Prinia; White-tailed Iora","n_species":25,"focal_species_seen":"","focal_species_slugs":"","has_focal":false},"geometry":{"type":"Point","coordinates":[70.5049267,23.3982279]}},{"type":"Feature","properties":{"GROUP.ID":"G10879336","LOCALITY":"PMC2023_T20G2","LATITUDE":22.9324066,"LONGITUDE":69.9892786,"OBSERVATION.DATE":"2023-09-23","OBSERVER.ID":"obsr4399854","DURATION.MINUTES":61.0,"SAMPLING.EVENT.IDENTIFIER":"S155739440","species_list":"Black Drongo; Blue-cheeked Bee-eater; Common Babbler; Common Myna; Common Sandpiper; Eurasian Moorhen; Glossy Ibis; Great Crested Grebe; Great Egret; House Crow; House Sparrow; Indian Pond-Heron; Indian Robin; Indian Spot-billed Duck; Little Cormorant; Little Grebe; Little Stint; Painted Stork; Red-naped Ibis; Red-wattled Lapwing; River Tern; Rosy Starling; Tibetan Sand-Plover; Whiskered Tern; White-throated Kingfisher; Wire-tailed Swallow; Wood Sandpiper","n_species":27,"focal_species_seen":"Blue-cheeked Bee-eater","focal_species_slugs":"blue-cheeked-bee-eater","has_focal":true},"geometry":{"type":"Point","coordinates":[69.9892786,22.9324066]}},{"type":"Feature","properties":{"GROUP.ID":"G10879337","LOCALITY":"PMC2023_T20G3","LATITUDE":22.988194,"LONGITUDE":69.9502183,"OBSERVATION.DATE":"2023-09-23","OBSERVER.ID":"obsr4399854","DURATION.MINUTES":25.0,"SAMPLING.EVENT.IDENTIFIER":"S155739441","species_list":"Ashy-crowned Sparrow-Lark; Asian Green Bee-eater; Common Myna; Eastern Cattle-Egret; Eastern Red-rumped Swallow; European Roller; House Sparrow; Indian Bushlark; Laughing Dove; Little Ringed Plover; Plain Prinia; Red-wattled Lapwing; Rosy Starling; Rufous-tailed Lark; Yellow-throated Sparrow","n_species":15,"focal_species_seen":"European Roller","focal_species_slugs":"european-roller","has_focal":true},"geometry":{"type":"Point","coordinates":[69.9502183,22.988194]}},{"type":"Feature","properties":{"GROUP.ID":"G10879338","LOCALITY":"PMC2023_T20G1","LATITUDE":22.9029017,"LONGITUDE":69.8407438,"OBSERVATION.DATE":"2023-09-23","OBSERVER.ID":"obsr4399854","DURATION.MINUTES":61.0,"SAMPLING.EVENT.IDENTIFIER":"S155739442","species_list":"Asian Green Bee-eater; Bay-backed Shrike; Black-winged Kite; Common Babbler; Common Myna; Common Tailorbird; Eastern Cattle-Egret; Eurasian Collared-Dove; European Roller; Gray Francolin; House Crow; Indian Robin; Indian Silverbill; Indian Thick-knee; Isabelline Shrike; Laughing Dove; Paddyfield Pipit; Painted Stork; Red-vented Bulbul; Red-wattled Lapwing; Red Collared-Dove; Rufous-fronted Prinia; Siberian Stonechat; Spotted Flycatcher; Spotted Owlet; White-eared Bulbul; White-throated Kingfisher; Wire-tailed Swallow","n_species":28,"focal_species_seen":"European Roller; Spotted Flycatcher","focal_species_slugs":"european-roller;spotted-flycatcher","has_focal":true},"geometry":{"type":"Point","coordinates":[69.8407438,22.9029017]}},{"type":"Feature","properties":{"GROUP.ID":"G10878603","LOCALITY":"PMC2023_T31_G4","LATITUDE":23.304486700000003,"LONGITUDE":70.109625,"OBSERVATION.DATE":"2023-09-23","OBSERVER.ID":"obsr4399854","DURATION.MINUTES":30.0,"SAMPLING.EVENT.IDENTIFIER":"S155739444","species_list":"Ashy-crowned Sparrow-Lark; Asian Green Bee-eater; Baya Weaver; Common Babbler; House Sparrow; Indian Pond-Heron; Indian Silverbill; Laughing Dove; Paddyfield Pipit; Purple Sunbird; Red-vented Bulbul; Rufous-tailed Lark; Siberian Stonechat; Wire-tailed Swallow","n_species":14,"focal_species_seen":"","focal_species_slugs":"","has_focal":false},"geometry":{"type":"Point","coordinates":[70.109625,23.304486700000003]}},{"type":"Feature","properties":{"GROUP.ID":"G10910222","LOCALITY":"PMC2023_T17G4","LATITUDE":23.53964,"LONGITUDE":69.388984,"OBSERVATION.DATE":"2023-09-23","OBSERVER.ID":"obsr4399854","DURATION.MINUTES":57.0,"SAMPLING.EVENT.IDENTIFIER":"S155739445","species_list":"Ashy-crowned Sparrow-Lark; Asian Green Bee-eater; Black-winged Stilt; Common Babbler; Eurasian Collared-Dove; Garganey; Glossy Ibis; Great Crested Grebe; Indian Robin; Indian Spot-billed Duck; Isabelline Shrike; Laughing Dove; Little Cormorant; Little Grebe; Montagu's Harrier; Paddyfield Pipit; Red-tailed Shrike; Red-vented Bulbul; Red-wattled Lapwing; Rosy Starling; Spotted Flycatcher; Western Marsh Harrier; Whiskered Tern; White-eared Bulbul","n_species":24,"focal_species_seen":"Red-tailed Shrike; Spotted Flycatcher","focal_species_slugs":"red-tailed-shrike;spotted-flycatcher","has_focal":true},"geometry":{"type":"Point","coordinates":[69.388984,23.53964]}},{"type":"Feature","properties":{"GROUP.ID":"G10878605","LOCALITY":"PMC2023_T31_G2","LATITUDE":23.2212283,"LONGITUDE":70.1030933,"OBSERVATION.DATE":"2023-09-23","OBSERVER.ID":"obsr4399854","DURATION.MINUTES":45.0,"SAMPLING.EVENT.IDENTIFIER":"S155739446","species_list":"Asian Green Bee-eater; European Roller; Gray Francolin; Laughing Dove; Lesser Whitethroat; Plain Prinia; Purple Sunbird; Red-vented Bulbul; Rufous-fronted Prinia","n_species":9,"focal_species_seen":"European Roller","focal_species_slugs":"european-roller","has_focal":true},"geometry":{"type":"Point","coordinates":[70.1030933,23.2212283]}},{"type":"Feature","properties":{"GROUP.ID":"G10878366","LOCALITY":"PMC2023_T9G4","LATITUDE":23.1602617,"LONGITUDE":68.9035723,"OBSERVATION.DATE":"2023-09-23","OBSERVER.ID":"obsr4399854","DURATION.MINUTES":36.0,"SAMPLING.EVENT.IDENTIFIER":"S155739447","species_list":"Asian Green Bee-eater; Baya Weaver; Black-winged Kite; Black Drongo; Black Francolin; Blyth's Reed Warbler; Citrine Wagtail; Common Babbler; Common Cuckoo; Common Tailorbird; Common Woodshrike; Eastern Red-rumped Swallow; Eurasian Collared-Dove; European Roller; Gray-breasted Prinia; Gray Francolin; Greater Coucal; Greater Whitethroat; Green Sandpiper; Indian Robin; Indian Silverbill; Laughing Dove; Little Swift; Long-tailed Shrike; Oriental Darter; Purple Sunbird; Red-backed Shrike; Red-vented Bulbul; Red-wattled Lapwing; Rosy Starling; Shikra; Siberian Stonechat; Spotted Flycatcher; Tree Pipit; White-eared Bulbul; Wire-tailed Swallow; Zitting Cisticola","n_species":37,"focal_species_seen":"Common Cuckoo; European Roller; Greater Whitethroat; Red-backed Shrike; Spotted Flycatcher","focal_species_slugs":"common-cuckoo;european-roller;greater-whitethroat;red-backed-shrike;spotted-flycatcher","has_focal":true},"geometry":{"type":"Point","coordinates":[68.9035723,23.1602617]}},{"type":"Feature","properties":{"GROUP.ID":"G10878365","LOCALITY":"PMC2023_T9G5","LATITUDE":23.1642959,"LONGITUDE":68.9085295,"OBSERVATION.DATE":"2023-09-23","OBSERVER.ID":"obsr4399854","DURATION.MINUTES":36.0,"SAMPLING.EVENT.IDENTIFIER":"S155739448","species_list":"Ashy-crowned Sparrow-Lark; Asian Green Bee-eater; Barn Swallow; Bay-backed Shrike; Black Drongo; Blyth's Reed Warbler; Brahminy Starling; Common Babbler; Common Kingfisher; Common Tailorbird; Common Woodshrike; Eastern Cattle-Egret; Eastern Red-rumped Swallow; Eurasian Collared-Dove; European Roller; Gray-breasted Prinia; Gray Francolin; Greater Whitethroat; Green Sandpiper; House Sparrow; Indian Pond-Heron; Indian Robin; Indian Silverbill; Laughing Dove; Little Cormorant; Little Egret; Little Heron; Painted Stork; Pied Cuckoo; Pied Kingfisher; Plain Prinia; Purple Sunbird; Red-naped Ibis; Red-vented Bulbul; Red-wattled Lapwing; Rosy Starling; Rufous-fronted Prinia; White-tailed Iora; White-throated Kingfisher; Wire-tailed Swallow","n_species":40,"focal_species_seen":"European Roller; Greater Whitethroat","focal_species_slugs":"european-roller;greater-whitethroat","has_focal":true},"geometry":{"type":"Point","coordinates":[68.9085295,23.1642959]}},{"type":"Feature","properties":{"GROUP.ID":"G10878340","LOCALITY":"PMC2023_T9G6","LATITUDE":23.2047074,"LONGITUDE":68.8555267,"OBSERVATION.DATE":"2023-09-23","OBSERVER.ID":"obsr4399854","DURATION.MINUTES":38.0,"SAMPLING.EVENT.IDENTIFIER":"S155739449","species_list":"Ashy-crowned Sparrow-Lark; Barn Swallow; Bay-backed Shrike; Black Drongo; Black Francolin; Common Babbler; Eastern Cattle-Egret; Eurasian Collared-Dove; Eurasian Kestrel; Great Egret; Great Gray Shrike; Indian Bushlark; Indian Silverbill; Indian Spot-billed Duck; Laughing Dove; Little Cormorant; Little Swift; Pallid Harrier; Plain Prinia; Rain Quail; Red-vented Bulbul; Red-wattled Lapwing; Rosy Starling; Rufous-fronted Prinia; Tawny Pipit; Tree Pipit; Western Marsh Harrier; Wire-tailed Swallow","n_species":28,"focal_species_seen":"","focal_species_slugs":"","has_focal":false},"geometry":{"type":"Point","coordinates":[68.8555267,23.2047074]}},{"type":"Feature","properties":{"GROUP.ID":"G10878307","LOCALITY":"T29G6","LATITUDE":23.4164213,"LONGITUDE":70.8238162,"OBSERVATION.DATE":"2023-09-23","OBSERVER.ID":"obsr4399854","DURATION.MINUTES":23.0,"SAMPLING.EVENT.IDENTIFIER":"S155739450","species_list":"Ashy-crowned Sparrow-Lark; Asian Green Bee-eater; Chestnut-bellied Sandgrouse; Common Babbler; Gray Francolin; House Sparrow; Indian Peafowl; Isabelline Wheatear; Laughing Dove; Red-wattled Lapwing; Rufous-tailed Lark; Shikra; Variable Wheatear; White-eared Bulbul; Yellow-wattled Lapwing","n_species":15,"focal_species_seen":"","focal_species_slugs":"","has_focal":false},"geometry":{"type":"Point","coordinates":[70.8238162,23.4164213]}},{"type":"Feature","properties":{"GROUP.ID":"G10878281","LOCALITY":"PMC2023_T2G2","LATITUDE":23.6940181,"LONGITUDE":68.6675916,"OBSERVATION.DATE":"2023-09-23","OBSERVER.ID":"obsr4399854","DURATION.MINUTES":52.0,"SAMPLING.EVENT.IDENTIFIER":"S155739451","species_list":"Ashy-crowned Sparrow-Lark; Asian Green Bee-eater; Black Francolin; Blyth's Reed Warbler; Booted Eagle; Common Babbler; Common Hoopoe; Eastern Cattle-Egret; Eurasian Collared-Dove; European Roller; Glossy Ibis; Gray-breasted Prinia; Gray Francolin; Green Sandpiper; Indian Courser; Indian Robin; Indian Silverbill; Laughing Dove; Paddyfield Pipit; Painted Stork; Red-vented Bulbul; Red-wattled Lapwing; Rosy Starling; Rufous-fronted Prinia; Spotted Flycatcher; White-tailed Iora","n_species":26,"focal_species_seen":"European Roller; Spotted Flycatcher","focal_species_slugs":"european-roller;spotted-flycatcher","has_focal":true},"geometry":{"type":"Point","coordinates":[68.6675916,23.6940181]}},{"type":"Feature","properties":{"GROUP.ID":"G10880468","LOCALITY":"PMC2023_T12G2","LATITUDE":23.1738067,"LONGITUDE":69.0684167,"OBSERVATION.DATE":"2023-09-23","OBSERVER.ID":"obsr4399854","DURATION.MINUTES":81.0,"SAMPLING.EVENT.IDENTIFIER":"S155739453","species_list":"Asian Green Bee-eater; Barn Swallow; Barred Buttonquail; Bay-backed Shrike; Baya Weaver; Black-winged Kite; Black Drongo; Black Francolin; Common Babbler; Common Hoopoe; Common Tailorbird; Delicate Prinia; Eastern Cattle-Egret; Gray Francolin; Greater Coucal; Greater Whitethroat; House Crow; House Sparrow; Indian Bushlark; Indian Pond-Heron; Indian Robin; Indian Silverbill; Jungle Prinia; Laughing Dove; Little Swift; Paddyfield Pipit; Purple Sunbird; Rain Quail; Red-backed Shrike; Red-naped Ibis; Red-vented Bulbul; Red-wattled Lapwing; Rufous-fronted Prinia; Spotted Flycatcher; Tawny Pipit; White-eared Bulbul; White-throated Kingfisher; Wire-tailed Swallow; Zitting Cisticola","n_species":39,"focal_species_seen":"Greater Whitethroat; Red-backed Shrike; Spotted Flycatcher","focal_species_slugs":"greater-whitethroat;red-backed-shrike;spotted-flycatcher","has_focal":true},"geometry":{"type":"Point","coordinates":[69.0684167,23.1738067]}},{"type":"Feature","properties":{"GROUP.ID":"G10880467","LOCALITY":"PMC2023_T12G4","LATITUDE":23.2299317,"LONGITUDE":69.1402258,"OBSERVATION.DATE":"2023-09-23","OBSERVER.ID":"obsr4399854","DURATION.MINUTES":61.0,"SAMPLING.EVENT.IDENTIFIER":"S155739454","species_list":"Ashy-crowned Sparrow-Lark; Asian Green Bee-eater; Barn Swallow; Bay-backed Shrike; Baya Weaver; Black Drongo; Common Babbler; Common Tailorbird; Eastern Orphean Warbler; Eurasian Collared-Dove; Gray-breasted Prinia; Gray Francolin; Great Gray Shrike; Greater Whitethroat; House Sparrow; Indian Bushlark; Indian Robin; Indian Silverbill; Isabelline Shrike; Laughing Dove; Lesser Whitethroat; Red-vented Bulbul; Red Collared-Dove; Rosy Starling; Rufous-fronted Prinia; Sirkeer Malkoha; Spotted Flycatcher; Variable Wheatear; White-eared Bulbul; Yellow-throated Sparrow","n_species":30,"focal_species_seen":"Greater Whitethroat; Spotted Flycatcher","focal_species_slugs":"greater-whitethroat;spotted-flycatcher","has_focal":true},"geometry":{"type":"Point","coordinates":[69.1402258,23.2299317]}},{"type":"Feature","properties":{"GROUP.ID":"G10878343","LOCALITY":"T19_G3","LATITUDE":23.0093189,"LONGITUDE":69.7725046,"OBSERVATION.DATE":"2023-09-23","OBSERVER.ID":"obsr4399854","DURATION.MINUTES":46.0,"SAMPLING.EVENT.IDENTIFIER":"S155739455","species_list":"Ashy-crowned Sparrow-Lark; Asian Green Bee-eater; Baya Weaver; Chestnut-bellied Sandgrouse; Common Babbler; Common Hoopoe; Common Tailorbird; Eastern Cattle-Egret; Eastern Red-rumped Swallow; Eurasian Collared-Dove; European Roller; Gray-necked Bunting; Gray Francolin; House Sparrow; Indian Bushlark; Indian Robin; Indian Silverbill; Isabelline Wheatear; Laughing Dove; Plain Prinia; Purple Sunbird; Red-vented Bulbul; Red Collared-Dove; River Tern; Rufous-fronted Prinia; Small Minivet; White-eared Bulbul; White-tailed Iora; Wire-tailed Swallow","n_species":29,"focal_species_seen":"European Roller","focal_species_slugs":"european-roller","has_focal":true},"geometry":{"type":"Point","coordinates":[69.7725046,23.0093189]}},{"type":"Feature","properties":{"GROUP.ID":"G11190401","LOCALITY":"PMC2023_T8G7","LATITUDE":23.61359,"LONGITUDE":69.25623,"OBSERVATION.DATE":"2023-09-23","OBSERVER.ID":"obsr4399854","DURATION.MINUTES":72.0,"SAMPLING.EVENT.IDENTIFIER":"S155739456","species_list":"Asian Green Bee-eater; Black-crowned Night Heron; Black-headed Ibis; Black-tailed Godwit; Black-winged Stilt; Common Babbler; Common Greenshank; Common Redshank; Crested Lark; Delicate Prinia; Eastern Cattle-Egret; Eastern Red-rumped Swallow; Eurasian Collared-Dove; Eurasian Spoonbill; European Roller; Glossy Ibis; Gray Francolin; Gray Heron; House Crow; House Sparrow; Indian Cormorant; Indian Silverbill; Indian Spot-billed Duck; Isabelline Shrike; Knob-billed Duck; Little Cormorant; Little Egret; Little Ringed Plover; Little Tern; Montagu's Harrier; Painted Stork; Purple Sunbird; Red-wattled Lapwing; River Tern; Siberian Stonechat; Striolated Bunting; Western Yellow Wagtail; White-eared Bulbul; White-throated Kingfisher; Wire-tailed Swallow; Wood Sandpiper","n_species":41,"focal_species_seen":"European Roller","focal_species_slugs":"european-roller","has_focal":true},"geometry":{"type":"Point","coordinates":[69.25623,23.61359]}},{"type":"Feature","properties":{"GROUP.ID":"G10880672","LOCALITY":"PMC_23 T5G3","LATITUDE":23.484191,"LONGITUDE":68.86269,"OBSERVATION.DATE":"2023-09-23","OBSERVER.ID":"obsr4399854","DURATION.MINUTES":15.0,"SAMPLING.EVENT.IDENTIFIER":"S155739457","species_list":"Bay-backed Shrike; Baya Weaver; Black Francolin; Common Babbler; Eurasian Wryneck; Gray Francolin; House Sparrow; Indian Robin; Laughing Dove; Pied Cuckoo; Purple Sunbird; Red-vented Bulbul; Red-wattled Lapwing; Rufous-fronted Prinia; Rufous-tailed Lark; Spotted Flycatcher; White-eared Bulbul; White-tailed Iora","n_species":18,"focal_species_seen":"Spotted Flycatcher","focal_species_slugs":"spotted-flycatcher","has_focal":true},"geometry":{"type":"Point","coordinates":[68.86269,23.484191]}},{"type":"Feature","properties":{"GROUP.ID":"G10878602","LOCALITY":"PMC2023_T31_G3","LATITUDE":23.2200283,"LONGITUDE":70.1844417,"OBSERVATION.DATE":"2023-09-23","OBSERVER.ID":"obsr4399854","DURATION.MINUTES":33.0,"SAMPLING.EVENT.IDENTIFIER":"S155739458","species_list":"Common Babbler; Eastern Red-rumped Swallow; House Sparrow; Indian Bushlark; Paddyfield Pipit; Rufous-tailed Lark; Siberian Stonechat; Tawny Lark; Variable Wheatear","n_species":9,"focal_species_seen":"","focal_species_slugs":"","has_focal":false},"geometry":{"type":"Point","coordinates":[70.1844417,23.2200283]}},{"type":"Feature","properties":{"GROUP.ID":"G10878244","LOCALITY":"PMC2023_T15G3","LATITUDE":23.0798267,"LONGITUDE":69.5337494,"OBSERVATION.DATE":"2023-09-23","OBSERVER.ID":"obsr4399854","DURATION.MINUTES":31.0,"SAMPLING.EVENT.IDENTIFIER":"S155739459","species_list":"Ashy-crowned Sparrow-Lark; Asian Green Bee-eater; Barred Buttonquail; Bay-backed Shrike; Eastern Cattle-Egret; Gray-necked Bunting; Indian Robin; Indian Thick-knee; Little Swift; Long-tailed Shrike; Plain Prinia; Red-vented Bulbul; Red-wattled Lapwing; Spotted Owlet; White-tailed Iora; Wire-tailed Swallow","n_species":16,"focal_species_seen":"","focal_species_slugs":"","has_focal":false},"geometry":{"type":"Point","coordinates":[69.5337494,23.0798267]}},{"type":"Feature","properties":{"GROUP.ID":"G10878159","LOCALITY":"T19_G2","LATITUDE":22.9838154,"LONGITUDE":69.7209328,"OBSERVATION.DATE":"2023-09-23","OBSERVER.ID":"obsr4399854","DURATION.MINUTES":50.0,"SAMPLING.EVENT.IDENTIFIER":"S155739460","species_list":"Ashy-crowned Sparrow-Lark; Baya Weaver; Common Babbler; Eurasian Collared-Dove; Greater Sand-Plover; Indian Silverbill; Laughing Dove; Red-wattled Lapwing; Wire-tailed Swallow","n_species":9,"focal_species_seen":"","focal_species_slugs":"","has_focal":false},"geometry":{"type":"Point","coordinates":[69.7209328,22.9838154]}},{"type":"Feature","properties":{"GROUP.ID":"G10883415","LOCALITY":"PMC2023_T27G5","LATITUDE":23.5907285,"LONGITUDE":71.0148924,"OBSERVATION.DATE":"2023-09-23","OBSERVER.ID":"obsr4399854","DURATION.MINUTES":79.0,"SAMPLING.EVENT.IDENTIFIER":"S155739461","species_list":"Ashy-crowned Sparrow-Lark; Asian Green Bee-eater; Barn Swallow; Black-winged Stilt; Common Babbler; Eastern Cattle-Egret; Eurasian Coot; Eurasian Kestrel; European Roller; Indian Silverbill; Jungle Prinia; Kentish Plover; Little Grebe; Northern Shoveler; Purple Sunbird; Red-naped Ibis; Temminck's Stint; White-breasted Waterhen; Yellow-throated Sparrow; Yellow-wattled Lapwing","n_species":20,"focal_species_seen":"European Roller","focal_species_slugs":"european-roller","has_focal":true},"geometry":{"type":"Point","coordinates":[71.0148924,23.5907285]}},{"type":"Feature","properties":{"GROUP.ID":"G10878133","LOCALITY":"T29G7","LATITUDE":23.4882205,"LONGITUDE":70.7908201,"OBSERVATION.DATE":"2023-09-23","OBSERVER.ID":"obsr4399854","DURATION.MINUTES":52.0,"SAMPLING.EVENT.IDENTIFIER":"S155739462","species_list":"Asian Green Bee-eater; Chestnut-bellied Sandgrouse; Common Babbler; Common Sandpiper; Eastern Red-rumped Swallow; Eurasian Collared-Dove; Gray Francolin; Green Sandpiper; House Sparrow; Indian Peafowl; Indian Robin; Laughing Dove; Plain Prinia; Purple Sunbird; Red-vented Bulbul; Red-wattled Lapwing; River Tern; Rose-ringed Parakeet; Rufous-tailed Lark; Rufous-tailed Scrub-Robin; Spotted Flycatcher; Streak-throated Swallow; Tree Pipit; White-tailed Iora; White-throated Kingfisher","n_species":25,"focal_species_seen":"Rufous-tailed Scrub-Robin; Spotted Flycatcher","focal_species_slugs":"rufous-tailed-scrub-robin;spotted-flycatcher","has_focal":true},"geometry":{"type":"Point","coordinates":[70.7908201,23.4882205]}},{"type":"Feature","properties":{"GROUP.ID":"G10880018","LOCALITY":"PMC2023_T10G6","LATITUDE":23.3722946,"LONGITUDE":69.1779456,"OBSERVATION.DATE":"2023-09-23","OBSERVER.ID":"obsr4399854","DURATION.MINUTES":57.0,"SAMPLING.EVENT.IDENTIFIER":"S155739463","species_list":"Bay-backed Shrike; Black Drongo; Blue-cheeked Bee-eater; Chestnut-bellied Sandgrouse; Common Babbler; Great White Pelican; House Sparrow; Indian Robin; Indian Roller; Indian Silverbill; Laughing Dove; Little Egret; Purple Sunbird; Red-vented Bulbul; Red-wattled Lapwing; Rosy Starling; White-naped Tit","n_species":17,"focal_species_seen":"Blue-cheeked Bee-eater","focal_species_slugs":"blue-cheeked-bee-eater","has_focal":true},"geometry":{"type":"Point","coordinates":[69.1779456,23.3722946]}},{"type":"Feature","properties":{"GROUP.ID":"G10880671","LOCALITY":"PMC_23 T5G6","LATITUDE":23.582214,"LONGITUDE":68.870467,"OBSERVATION.DATE":"2023-09-23","OBSERVER.ID":"obsr4399854","DURATION.MINUTES":63.0,"SAMPLING.EVENT.IDENTIFIER":"S155739464","species_list":"Ashy-crowned Sparrow-Lark; Asian Green Bee-eater; Bay-backed Shrike; Black Drongo; Common Babbler; Common Hoopoe; Eastern Cattle-Egret; Eastern Red-rumped Swallow; Eurasian Collared-Dove; European Roller; Gray Francolin; Indian Bushlark; Indian Robin; Indian Silverbill; Indian Spot-billed Duck; Laughing Dove; Lesser Whitethroat; Paddyfield Pipit; Plain Prinia; Purple Sunbird; Red-vented Bulbul; Red-wattled Lapwing; Rufous-fronted Prinia; Spotted Flycatcher; Sykes's Warbler; Tawny Lark; Tawny Pipit; White-eared Bulbul; Wire-tailed Swallow; Wood Sandpiper; Yellow-throated Sparrow","n_species":31,"focal_species_seen":"European Roller; Spotted Flycatcher","focal_species_slugs":"european-roller;spotted-flycatcher","has_focal":true},"geometry":{"type":"Point","coordinates":[68.870467,23.582214]}},{"type":"Feature","properties":{"GROUP.ID":"G10878018","LOCALITY":"T19-G1","LATITUDE":22.9532105,"LONGITUDE":69.6734557,"OBSERVATION.DATE":"2023-09-23","OBSERVER.ID":"obsr4399854","DURATION.MINUTES":95.0,"SAMPLING.EVENT.IDENTIFIER":"S155739466","species_list":"Asian Green Bee-eater; Asian Koel; Barn Swallow; Barred Buttonquail; Bay-backed Shrike; Baya Weaver; Black-winged Stilt; Black Drongo; Brahminy Starling; Common Babbler; Common Hoopoe; Common Kingfisher; Common Myna; Common Sandpiper; Common Tailorbird; Eastern Cattle-Egret; Eastern Red-rumped Swallow; Eurasian Collared-Dove; European Roller; Gray Francolin; Great Egret; Greater Coucal; Green Sandpiper; House Sparrow; Indian Bushlark; Indian Robin; Indian Silverbill; Jungle Prinia; Laughing Dove; Little Cormorant; Plain Prinia; Purple Sunbird; Red-vented Bulbul; Red-wattled Lapwing; Red Collared-Dove; River Tern; Rosy Starling; Rufous-fronted Prinia; Spotted Flycatcher; Temminck's Stint; Western Yellow Wagtail; White-browed Wagtail; White-eared Bulbul; White-throated Kingfisher; Wire-tailed Swallow; Wood Sandpiper; Yellow-crowned Woodpecker","n_species":47,"focal_species_seen":"European Roller; Spotted Flycatcher","focal_species_slugs":"european-roller;spotted-flycatcher","has_focal":true},"geometry":{"type":"Point","coordinates":[69.6734557,22.9532105]}},{"type":"Feature","properties":{"GROUP.ID":"G10878090","LOCALITY":"PMC2023_T31_G1","LATITUDE":23.1106981,"LONGITUDE":70.2012683,"OBSERVATION.DATE":"2023-09-23","OBSERVER.ID":"obsr4399854","DURATION.MINUTES":54.0,"SAMPLING.EVENT.IDENTIFIER":"S155739467","species_list":"Ashy-crowned Sparrow-Lark; Asian Green Bee-eater; Black-headed Ibis; Black-winged Stilt; Common Hoopoe; Crested Lark; Eurasian Sparrowhawk; Eurasian Spoonbill; Gray-breasted Prinia; Great Egret; Green Sandpiper; Kentish Plover; Little Cormorant; Little Grebe; Little Stint; Long-tailed Shrike; Marsh Sandpiper; Northern Shoveler; Painted Stork; Pied Kingfisher; Purple Heron; Purple Sunbird; Western Reef-Heron","n_species":23,"focal_species_seen":"","focal_species_slugs":"","has_focal":false},"geometry":{"type":"Point","coordinates":[70.2012683,23.1106981]}},{"type":"Feature","properties":{"GROUP.ID":"G10878242","LOCALITY":"PMC2023_T15G4","LATITUDE":23.1356878,"LONGITUDE":69.4733194,"OBSERVATION.DATE":"2023-09-23","OBSERVER.ID":"obsr4399854","DURATION.MINUTES":57.0,"SAMPLING.EVENT.IDENTIFIER":"S155739468","species_list":"Asian Green Bee-eater; Baya Weaver; Black Drongo; Common Cuckoo; Common Kingfisher; Common Sandpiper; Common Tailorbird; Common Woodshrike; Eastern Orphean Warbler; Eurasian Collared-Dove; European Roller; Gray-breasted Prinia; Gray-necked Bunting; Gray Francolin; Greater Coucal; Greater Whitethroat; Indian Bushlark; Indian Peafowl; Indian Robin; Indian Silverbill; Jungle Prinia; Laughing Dove; Lesser Whistling-Duck; Lesser Whitethroat; Little Cormorant; Oriental Darter; Plain Prinia; Purple Sunbird; Red-tailed Shrike; Red-vented Bulbul; Red-wattled Lapwing; River Tern; Rufous-fronted Prinia; Shikra; Spotted Flycatcher; Sykes's Warbler; White-eared Bulbul; White-throated Kingfisher; Wire-tailed Swallow","n_species":39,"focal_species_seen":"Common Cuckoo; European Roller; Greater Whitethroat; Red-tailed Shrike; Spotted Flycatcher","focal_species_slugs":"common-cuckoo;european-roller;greater-whitethroat;red-tailed-shrike;spotted-flycatcher","has_focal":true},"geometry":{"type":"Point","coordinates":[69.4733194,23.1356878]}},{"type":"Feature","properties":{"GROUP.ID":"G10883419","LOCALITY":"PMC2023_T27G6","LATITUDE":23.6285809,"LONGITUDE":70.9697944,"OBSERVATION.DATE":"2023-09-23","OBSERVER.ID":"obsr4399854","DURATION.MINUTES":64.0,"SAMPLING.EVENT.IDENTIFIER":"S155739469","species_list":"Ashy-crowned Sparrow-Lark; Asian Green Bee-eater; Barn Swallow; Bay-backed Shrike; Common Babbler; Eastern Cattle-Egret; European Roller; Glossy Ibis; Gray-breasted Prinia; Gray Francolin; Indian Peafowl; Isabelline Wheatear; Laughing Dove; Little Cormorant; Pied Cuckoo; Plain Prinia; Red-wattled Lapwing; Variable Wheatear; White-eared Bulbul","n_species":19,"focal_species_seen":"European Roller","focal_species_slugs":"european-roller","has_focal":true},"geometry":{"type":"Point","coordinates":[70.9697944,23.6285809]}},{"type":"Feature","properties":{"GROUP.ID":"G10877919","LOCALITY":"T29G5","LATITUDE":23.4228854,"LONGITUDE":70.6725939,"OBSERVATION.DATE":"2023-09-23","OBSERVER.ID":"obsr4399854","DURATION.MINUTES":49.0,"SAMPLING.EVENT.IDENTIFIER":"S155739470","species_list":"Ashy-crowned Sparrow-Lark; Asian Green Bee-eater; Asian Koel; Baya Weaver; Common Babbler; Common Hoopoe; Common Tailorbird; European Roller; Gray Francolin; Greater Coucal; House Crow; House Sparrow; Indian Peafowl; Indian Robin; Indian Silverbill; Jungle Prinia; Laughing Dove; Little Egret; Purple Sunbird; Red-vented Bulbul; Red-wattled Lapwing; Rose-ringed Parakeet; Shikra; Spotted Flycatcher; White-eared Bulbul; White-throated Kingfisher","n_species":26,"focal_species_seen":"European Roller; Spotted Flycatcher","focal_species_slugs":"european-roller;spotted-flycatcher","has_focal":true},"geometry":{"type":"Point","coordinates":[70.6725939,23.4228854]}},{"type":"Feature","properties":{"GROUP.ID":"G13032742","LOCALITY":"T38G2","LATITUDE":23.7133686,"LONGITUDE":68.6518535,"OBSERVATION.DATE":"2024-09-14","OBSERVER.ID":"obsr4399854","DURATION.MINUTES":13.0,"SAMPLING.EVENT.IDENTIFIER":"S195893181","species_list":"Asian Green Bee-eater; Bay-backed Shrike; Black-headed Ibis; Common Babbler; Common Hoopoe; Common Tailorbird; Gray Francolin; Indian Peafowl; Indian Robin; Indian Roller; Indian Silverbill; Laughing Dove; Purple Sunbird; Red-vented Bulbul; White-tailed Iora; Wire-tailed Swallow; Yellow-eyed Babbler","n_species":17,"focal_species_seen":"","focal_species_slugs":"","has_focal":false},"geometry":{"type":"Point","coordinates":[68.6518535,23.7133686]}},{"type":"Feature","properties":{"GROUP.ID":"G13033292","LOCALITY":"T5G6","LATITUDE":23.3479649,"LONGITUDE":70.7624583,"OBSERVATION.DATE":"2024-09-14","OBSERVER.ID":"obsr4399854","DURATION.MINUTES":35.0,"SAMPLING.EVENT.IDENTIFIER":"S195893221","species_list":"Ashy-crowned Sparrow-Lark; Asian Green Bee-eater; Baya Weaver; Black-winged Stilt; Caspian Tern; Common Babbler; Common Hoopoe; Dusky Crag-Martin; Eastern Cattle-Egret; Eurasian Collared-Dove; Eurasian Curlew; Eurasian Spoonbill; European Roller; Green Sandpiper; House Sparrow; Indian Peafowl; Indian Robin; Indian Silverbill; Jungle Prinia; Laughing Dove; Plain Prinia; Red-vented Bulbul; Red-wattled Lapwing; River Tern; Rosy Starling; Rufous-tailed Lark; Shikra; Sykes's Warbler; Tawny Pipit; Variable Wheatear; Western Marsh Harrier; White-eared Bulbul; Wire-tailed Swallow; Zitting Cisticola","n_species":34,"focal_species_seen":"European Roller","focal_species_slugs":"european-roller","has_focal":true},"geometry":{"type":"Point","coordinates":[70.7624583,23.3479649]}},{"type":"Feature","properties":{"GROUP.ID":"G13041383","LOCALITY":"PMC-2024_T26G1","LATITUDE":22.8824284,"LONGITUDE":69.1351746,"OBSERVATION.DATE":"2024-09-15","OBSERVER.ID":"obsr4399854","DURATION.MINUTES":42.0,"SAMPLING.EVENT.IDENTIFIER":"S195893526","species_list":"Bay-backed Shrike; Black-bellied Plover; Black-winged Stilt; Common Babbler; Common Greenshank; Common Hoopoe; Greater Sand-Plover; Indian Pond-Heron; Indian Silverbill; Lesser Black-backed Gull; Medium Egret; Pheasant-tailed Jacana; Red-wattled Lapwing; Rose-ringed Parakeet; Rosy Starling; White-breasted Waterhen; White-eared Bulbul; White-throated Kingfisher","n_species":18,"focal_species_seen":"","focal_species_slugs":"","has_focal":false},"geometry":{"type":"Point","coordinates":[69.1351746,22.8824284]}},{"type":"Feature","properties":{"GROUP.ID":"G13064026","LOCALITY":"PMC-2024_T26G","LATITUDE":22.9111487,"LONGITUDE":69.2042721,"OBSERVATION.DATE":"2024-09-15","OBSERVER.ID":"obsr4399854","DURATION.MINUTES":77.0,"SAMPLING.EVENT.IDENTIFIER":"S195893542","species_list":"Ashy-crowned Sparrow-Lark; Asian Green Bee-eater; Bay-backed Shrike; Baya Weaver; Black Drongo; Common Babbler; Common Kingfisher; Common Woodshrike; Eastern Cattle-Egret; Eurasian Collared-Dove; Glossy Ibis; Gray Francolin; Indian Golden Oriole; Indian Pond-Heron; Indian Robin; Indian Silverbill; Indian Spot-billed Duck; Jungle Prinia; Laughing Dove; Little Cormorant; Little Egret; Paddyfield Pipit; Pied Kingfisher; Plain Prinia; Purple Sunbird; Red-naped Ibis; Red-vented Bulbul; Red-wattled Lapwing; Red Collared-Dove; River Tern; Rose-ringed Parakeet; Rosy Starling; Rufous-fronted Prinia; Siberian Stonechat; Western Reef-Heron; White-eared Bulbul; White-throated Kingfisher; Wire-tailed Swallow; Yellow-wattled Lapwing","n_species":39,"focal_species_seen":"","focal_species_slugs":"","has_focal":false},"geometry":{"type":"Point","coordinates":[69.2042721,22.9111487]}},{"type":"Feature","properties":{"GROUP.ID":"G13039821","LOCALITY":"PMC-2024_T26G4","LATITUDE":22.9910434,"LONGITUDE":69.0018533,"OBSERVATION.DATE":"2024-09-14","OBSERVER.ID":"obsr4399854","DURATION.MINUTES":37.0,"SAMPLING.EVENT.IDENTIFIER":"S195893562","species_list":"Common Babbler; Common Tailorbird; Eastern Cattle-Egret; European Roller; Gray Francolin; Indian Silverbill; Little Egret; Plain Prinia","n_species":8,"focal_species_seen":"European Roller","focal_species_slugs":"european-roller","has_focal":true},"geometry":{"type":"Point","coordinates":[69.0018533,22.9910434]}},{"type":"Feature","properties":{"GROUP.ID":"G13039819","LOCALITY":"PMC-2024_T26G2","LATITUDE":22.9508033,"LONGITUDE":69.0804467,"OBSERVATION.DATE":"2024-09-14","OBSERVER.ID":"obsr4399854","DURATION.MINUTES":41.0,"SAMPLING.EVENT.IDENTIFIER":"S195893575","species_list":"Asian Green Bee-eater; Asian Koel; Black-bellied Plover; Black-crowned Night Heron; Black-winged Kite; Black Drongo; Common Sandpiper; European Roller; Gray Francolin; Green Sandpiper; Indian Peafowl; Indian Robin; Little Cormorant; Little Egret; Oriental Darter; Pied Cuckoo; Red-naped Ibis; Red-vented Bulbul; Red-wattled Lapwing; Rosy Starling; White-browed Wagtail; White-throated Kingfisher; Wire-tailed Swallow","n_species":23,"focal_species_seen":"European Roller","focal_species_slugs":"european-roller","has_focal":true},"geometry":{"type":"Point","coordinates":[69.0804467,22.9508033]}},{"type":"Feature","properties":{"GROUP.ID":"G13039820","LOCALITY":"PMC-2024_T26G5","LATITUDE":22.9893883,"LONGITUDE":69.12016,"OBSERVATION.DATE":"2024-09-14","OBSERVER.ID":"obsr4399854","DURATION.MINUTES":69.0,"SAMPLING.EVENT.IDENTIFIER":"S195893590","species_list":"Ashy-crowned Sparrow-Lark; Asian Green Bee-eater; Bay-backed Shrike; Black-winged Kite; Black Drongo; Common Babbler; Eastern Cattle-Egret; Eurasian Collared-Dove; Gray Francolin; Indian Pond-Heron; Indian Robin; Laughing Dove; Little Cormorant; Little Egret; Plain Prinia; Purple Sunbird; Rosy Starling; Variable Wheatear; White-throated Kingfisher; Wire-tailed Swallow; Yellow-eyed Babbler","n_species":21,"focal_species_seen":"","focal_species_slugs":"","has_focal":false},"geometry":{"type":"Point","coordinates":[69.12016,22.9893883]}},{"type":"Feature","properties":{"GROUP.ID":"G13055923","LOCALITY":"T16G4_PMC2024","LATITUDE":23.939796,"LONGITUDE":69.730479,"OBSERVATION.DATE":"2024-09-14","OBSERVER.ID":"obsr4399854","DURATION.MINUTES":53.0,"SAMPLING.EVENT.IDENTIFIER":"S195893642","species_list":"Ashy-crowned Sparrow-Lark; Asian Green Bee-eater; Bay-backed Shrike; Black-winged Stilt; Chestnut-bellied Sandgrouse; Eurasian Collared-Dove; Indian Silverbill; Isabelline Shrike; Isabelline Wheatear; Paddyfield Pipit; Red-wattled Lapwing; Rufous-tailed Scrub-Robin; Tawny Pipit; Variable Wheatear; Whiskered Tern; Yellow-wattled Lapwing","n_species":16,"focal_species_seen":"Rufous-tailed Scrub-Robin","focal_species_slugs":"rufous-tailed-scrub-robin","has_focal":true},"geometry":{"type":"Point","coordinates":[69.730479,23.939796]}},{"type":"Feature","properties":{"GROUP.ID":"G13038282","LOCALITY":"T1G1, Balasar-Deslpar Road, Kachchh, Gujarat, IN (23.77, 70.674)","LATITUDE":23.7704581,"LONGITUDE":70.67416,"OBSERVATION.DATE":"2024-09-14","OBSERVER.ID":"obsr4399854","DURATION.MINUTES":40.0,"SAMPLING.EVENT.IDENTIFIER":"S195893662","species_list":"Ashy-crowned Sparrow-Lark; Black-winged Stilt; Blue-cheeked Bee-eater; Common Babbler; Demoiselle Crane; Eastern Red-rumped Swallow; Eurasian Collared-Dove; Eurasian Moorhen; European Roller; Gray Francolin; Great Gray Shrike; Greater Flamingo; House Sparrow; Indian Spot-billed Duck; Isabelline Shrike; Laughing Dove; Little Grebe; Long-tailed Shrike; Marsh Sandpiper; Pied Kingfisher; Plain Prinia; Purple Sunbird; Red-vented Bulbul; Red-wattled Lapwing; River Tern; Western Marsh Harrier; Whiskered Tern; White-eared Bulbul","n_species":28,"focal_species_seen":"Blue-cheeked Bee-eater; European Roller","focal_species_slugs":"blue-cheeked-bee-eater;european-roller","has_focal":true},"geometry":{"type":"Point","coordinates":[70.67416,23.7704581]}},{"type":"Feature","properties":{"GROUP.ID":"G13038286","LOCALITY":"T1G5, Bela Road, Kachchh, Gujarat, IN (23.863, 70.806)","LATITUDE":23.8628126,"LONGITUDE":70.8058005,"OBSERVATION.DATE":"2024-09-14","OBSERVER.ID":"obsr4399854","DURATION.MINUTES":59.0,"SAMPLING.EVENT.IDENTIFIER":"S195893896","species_list":"Ashy-crowned Sparrow-Lark; Asian Green Bee-eater; Bay-backed Shrike; Baya Weaver; Black-winged Kite; Blue-cheeked Bee-eater; Brahminy Starling; Chestnut-bellied Sandgrouse; Common Babbler; Common Myna; Common Tailorbird; Eastern Cattle-Egret; Eastern Red-rumped Swallow; Eurasian Collared-Dove; Eurasian Coot; European Roller; Gray-breasted Prinia; Gray Francolin; Greater Coucal; House Sparrow; Indian Bushlark; Indian Peafowl; Indian Robin; Indian Silverbill; Indian Spot-billed Duck; Laughing Dove; Long-tailed Shrike; Plain Prinia; Purple Sunbird; Red-vented Bulbul; Red-wattled Lapwing; Red Collared-Dove; Rufous-fronted Prinia; Sykes's Warbler; Variable Wheatear; Western Yellow Wagtail; White-eared Bulbul; White-throated Kingfisher","n_species":38,"focal_species_seen":"Blue-cheeked Bee-eater; European Roller","focal_species_slugs":"blue-cheeked-bee-eater;european-roller","has_focal":true},"geometry":{"type":"Point","coordinates":[70.8058005,23.8628126]}},{"type":"Feature","properties":{"GROUP.ID":"G13038284","LOCALITY":"T1G3, Mauvana-Bela Road, Mouvana, Gujarat, IN (23.826, 70.855)","LATITUDE":23.8255259,"LONGITUDE":70.855421,"OBSERVATION.DATE":"2024-09-14","OBSERVER.ID":"obsr4399854","DURATION.MINUTES":26.0,"SAMPLING.EVENT.IDENTIFIER":"S195893898","species_list":"Ashy-crowned Sparrow-Lark; Asian Green Bee-eater; Asian Koel; Bank Myna; Bay-backed Shrike; Black-headed Bunting; Black-headed Ibis; Black-winged Kite; Blue-cheeked Bee-eater; Brahminy Starling; Common Babbler; Common Hoopoe; Common Myna; Common Tailorbird; Crested Lark; Eastern Cattle-Egret; Eastern Red-rumped Swallow; Eurasian Collared-Dove; European Roller; Gray-breasted Prinia; Gray Francolin; House Sparrow; Indian Peafowl; Indian Robin; Indian Silverbill; Knob-billed Duck; Laughing Dove; Little Swift; Long-tailed Shrike; Marsh Sandpiper; Paddyfield Pipit; Plain Prinia; Purple Sunbird; Red-vented Bulbul; Red-wattled Lapwing; Rufous-tailed Lark; Rufous-tailed Scrub-Robin; Siberian Stonechat; Spotted Flycatcher; Variable Wheatear; White-eared Bulbul; White-throated Kingfisher; Wire-tailed Swallow; Wood Sandpiper; Yellow-throated Sparrow","n_species":45,"focal_species_seen":"Blue-cheeked Bee-eater; European Roller; Rufous-tailed Scrub-Robin; Spotted Flycatcher","focal_species_slugs":"blue-cheeked-bee-eater;european-roller;rufous-tailed-scrub-robin;spotted-flycatcher","has_focal":true},"geometry":{"type":"Point","coordinates":[70.855421,23.8255259]}},{"type":"Feature","properties":{"GROUP.ID":"G13051583","LOCALITY":"T6 G3 Unnamed Road, Kachchh, Gujarat, IN (23.468, 70.556)","LATITUDE":23.4680751,"LONGITUDE":70.5556718,"OBSERVATION.DATE":"2024-09-14","OBSERVER.ID":"obsr4399854","DURATION.MINUTES":87.0,"SAMPLING.EVENT.IDENTIFIER":"S195893900","species_list":"Blue-cheeked Bee-eater; European Roller; Indian Courser; Laughing Dove; Paddyfield Pipit; Red-naped Ibis; Red Collared-Dove; Rosy Starling; Variable Wheatear","n_species":9,"focal_species_seen":"Blue-cheeked Bee-eater; European Roller","focal_species_slugs":"blue-cheeked-bee-eater;european-roller","has_focal":true},"geometry":{"type":"Point","coordinates":[70.5556718,23.4680751]}},{"type":"Feature","properties":{"GROUP.ID":"G13069064","LOCALITY":"Chudwavandh, Gandhidham, Gujarat, IN (23.13, 70.182)","LATITUDE":23.1298984,"LONGITUDE":70.1815034,"OBSERVATION.DATE":"2024-09-14","OBSERVER.ID":"obsr4399854","DURATION.MINUTES":14.0,"SAMPLING.EVENT.IDENTIFIER":"S195893910","species_list":"Asian Green Bee-eater; Black-headed Ibis; Common Babbler; Common Tailorbird; Eurasian Collared-Dove; Gray Francolin; House Sparrow; Indian Robin; Laughing Dove; Red-vented Bulbul; White-eared Bulbul; White-throated Kingfisher","n_species":12,"focal_species_seen":"","focal_species_slugs":"","has_focal":false},"geometry":{"type":"Point","coordinates":[70.1815034,23.1298984]}},{"type":"Feature","properties":{"GROUP.ID":"G13069065","LOCALITY":"T3G2","LATITUDE":23.4378291,"LONGITUDE":70.8064517,"OBSERVATION.DATE":"2024-09-14","OBSERVER.ID":"obsr4399854","DURATION.MINUTES":109.0,"SAMPLING.EVENT.IDENTIFIER":"S195893913","species_list":"Ashy-crowned Sparrow-Lark; Asian Green Bee-eater; Bay-backed Shrike; Black-winged Kite; Blyth's Reed Warbler; Chestnut-bellied Sandgrouse; Common Babbler; Common Hoopoe; Common Tailorbird; Eastern Cattle-Egret; Eastern Red-rumped Swallow; Eurasian Collared-Dove; Eurasian Wryneck; European Roller; Gray-breasted Prinia; Gray Francolin; Greater Coucal; Greater Whitethroat; Green Sandpiper; House Crow; House Sparrow; Indian Bushlark; Indian Courser; Indian Peafowl; Indian Robin; Indian Silverbill; Indian Spot-billed Duck; Jungle Prinia; Laughing Dove; Lesser Whitethroat; Oriental Darter; Pied Cuckoo; Plain Prinia; Purple Sunbird; Red-vented Bulbul; Red-wattled Lapwing; River Tern; Rosy Starling; Rufous-fronted Prinia; Rufous-tailed Lark; Tawny Pipit; Variable Wheatear; White-breasted Waterhen; White-eared Bulbul; White-tailed Iora; White-throated Kingfisher; Wire-tailed Swallow; Yellow-wattled Lapwing","n_species":48,"focal_species_seen":"European Roller; Greater Whitethroat","focal_species_slugs":"european-roller;greater-whitethroat","has_focal":true},"geometry":{"type":"Point","coordinates":[70.8064517,23.4378291]}},{"type":"Feature","properties":{"GROUP.ID":"G13069066","LOCALITY":"T3G4","LATITUDE":23.5083068,"LONGITUDE":70.8894012,"OBSERVATION.DATE":"2024-09-14","OBSERVER.ID":"obsr4399854","DURATION.MINUTES":66.0,"SAMPLING.EVENT.IDENTIFIER":"S195893914","species_list":"Ashy-crowned Sparrow-Lark; Asian Green Bee-eater; Barn Swallow; Bay-backed Shrike; Baya Weaver; Black-winged Kite; Black-winged Stilt; Chestnut-bellied Sandgrouse; Common Babbler; Eastern Cattle-Egret; Eurasian Collared-Dove; European Roller; Glossy Ibis; Gray Francolin; Greater Coucal; House Sparrow; Indian Bushlark; Indian Peafowl; Indian Pond-Heron; Indian Silverbill; Indian Spot-billed Duck; Isabelline Wheatear; Laughing Dove; Lesser Whitethroat; Little Cormorant; Plain Prinia; Purple Sunbird; Red-vented Bulbul; Red-wattled Lapwing; Red Collared-Dove; Rosy Starling; Rufous-fronted Prinia; Shikra; Tawny Pipit; Western Marsh Harrier; Western Yellow Wagtail; Whiskered Tern; White-eared Bulbul; Wire-tailed Swallow","n_species":39,"focal_species_seen":"European Roller","focal_species_slugs":"european-roller","has_focal":true},"geometry":{"type":"Point","coordinates":[70.8894012,23.5083068]}},{"type":"Feature","properties":{"GROUP.ID":"G13069067","LOCALITY":"T3G5","LATITUDE":23.5563189,"LONGITUDE":70.9249666,"OBSERVATION.DATE":"2024-09-14","OBSERVER.ID":"obsr4399854","DURATION.MINUTES":73.0,"SAMPLING.EVENT.IDENTIFIER":"S195893915","species_list":"Ashy-crowned Sparrow-Lark; Asian Green Bee-eater; Barred Buttonquail; Bay-backed Shrike; Baya Weaver; Black-winged Stilt; Chestnut-bellied Sandgrouse; Common Babbler; Common Hoopoe; Common Tailorbird; Eastern Cattle-Egret; Eurasian Collared-Dove; Eurasian Wryneck; European Roller; Gray-breasted Prinia; Gray Francolin; Greater Coucal; House Sparrow; Indian Bushlark; Indian Peafowl; Indian Robin; Indian Silverbill; Indian Spot-billed Duck; Jungle Prinia; Laughing Dove; Lesser Whitethroat; Paddyfield Pipit; Plain Prinia; Purple Sunbird; Red-naped Ibis; Red-vented Bulbul; Red-wattled Lapwing; Rosy Starling; Rufous-fronted Prinia; Rufous-tailed Lark; Short-toed Snake-Eagle; Tawny Pipit; White-eared Bulbul; White-throated Kingfisher; Zitting Cisticola","n_species":40,"focal_species_seen":"European Roller","focal_species_slugs":"european-roller","has_focal":true},"geometry":{"type":"Point","coordinates":[70.9249666,23.5563189]}},{"type":"Feature","properties":{"GROUP.ID":"G13069068","LOCALITY":"T3G3","LATITUDE":23.4697215,"LONGITUDE":70.8025937,"OBSERVATION.DATE":"2024-09-15","OBSERVER.ID":"obsr4399854","DURATION.MINUTES":84.0,"SAMPLING.EVENT.IDENTIFIER":"S195893916","species_list":"Ashy-crowned Sparrow-Lark; Asian Green Bee-eater; Barn Swallow; Barred Buttonquail; Bay-backed Shrike; Baya Weaver; Black-winged Kite; Black-winged Stilt; Blyth's Reed Warbler; Brahminy Starling; Chestnut-bellied Sandgrouse; Common Babbler; Common Hoopoe; Eastern Cattle-Egret; Eastern Red-rumped Swallow; Eurasian Collared-Dove; Eurasian Wryneck; European Roller; Gray-breasted Prinia; Gray Francolin; Greater Coucal; Green Sandpiper; House Sparrow; Indian Bushlark; Indian Peafowl; Indian Robin; Indian Silverbill; Isabelline Shrike; Jungle Prinia; Laughing Dove; Lesser Whitethroat; Little Cormorant; Oriental Honey-buzzard; Plain Prinia; Purple Sunbird; Red-vented Bulbul; Red-wattled Lapwing; Red Collared-Dove; Rosy Starling; Rufous-fronted Prinia; Rufous-tailed Lark; Siberian Stonechat; Western Marsh Harrier; Western Yellow Wagtail; White-eared Bulbul; White-tailed Iora; Zitting Cisticola","n_species":47,"focal_species_seen":"European Roller","focal_species_slugs":"european-roller","has_focal":true},"geometry":{"type":"Point","coordinates":[70.8025937,23.4697215]}},{"type":"Feature","properties":{"GROUP.ID":"G13069069","LOCALITY":"T3G1","LATITUDE":23.4016887,"LONGITUDE":70.8777888,"OBSERVATION.DATE":"2024-09-15","OBSERVER.ID":"obsr4399854","DURATION.MINUTES":110.0,"SAMPLING.EVENT.IDENTIFIER":"S195893917","species_list":"Ashy-crowned Sparrow-Lark; Asian Green Bee-eater; Barn Swallow; Barred Buttonquail; Bay-backed Shrike; Baya Weaver; Blyth's Reed Warbler; Brahminy Starling; Chestnut-bellied Sandgrouse; Common Babbler; Common Tailorbird; Eastern Cattle-Egret; Eastern Orphean Warbler; Eastern Red-rumped Swallow; Eurasian Collared-Dove; European Roller; Gray-breasted Prinia; Gray Francolin; Green Warbler; House Sparrow; Indian Bushlark; Indian Peafowl; Indian Robin; Indian Silverbill; Indian Thick-knee; Jungle Prinia; Laughing Dove; Pied Cuckoo; Plain Prinia; Purple Sunbird; Red-backed Shrike; Red-vented Bulbul; Red-wattled Lapwing; Red Collared-Dove; Rufous-fronted Prinia; Rufous-tailed Lark; White-eared Bulbul; Wire-tailed Swallow; Zitting Cisticola","n_species":39,"focal_species_seen":"European Roller; Red-backed Shrike","focal_species_slugs":"european-roller;red-backed-shrike","has_focal":true},"geometry":{"type":"Point","coordinates":[70.8777888,23.4016887]}},{"type":"Feature","properties":{"GROUP.ID":"G13050785","LOCALITY":"T10G2","LATITUDE":23.235251,"LONGITUDE":70.1887394,"OBSERVATION.DATE":"2024-09-15","OBSERVER.ID":"obsr4399854","DURATION.MINUTES":55.0,"SAMPLING.EVENT.IDENTIFIER":"S195893918","species_list":"Ashy-crowned Sparrow-Lark; Asian Green Bee-eater; Asian Koel; Baya Weaver; Common Babbler; Common Cuckoo; Eastern Cattle-Egret; Eastern Red-rumped Swallow; Eurasian Coot; Gray-breasted Prinia; Gray Francolin; House Sparrow; Indian Peafowl; Indian Robin; Indian Spot-billed Duck; Jungle Prinia; Laughing Dove; Little Cormorant; Oriental Darter; Paddyfield Pipit; Pied Kingfisher; Plain Prinia; Purple Sunbird; Red-naped Ibis; Red-vented Bulbul; Red-wattled Lapwing; River Tern; Rosy Starling; Spotted Flycatcher; Wire-tailed Swallow; Yellow-wattled Lapwing","n_species":31,"focal_species_seen":"Common Cuckoo; Spotted Flycatcher","focal_species_slugs":"common-cuckoo;spotted-flycatcher","has_focal":true},"geometry":{"type":"Point","coordinates":[70.1887394,23.235251]}},{"type":"Feature","properties":{"GROUP.ID":"G13048167","LOCALITY":"Team_31_GRID_6","LATITUDE":23.6179563,"LONGITUDE":69.2551331,"OBSERVATION.DATE":"2024-09-15","OBSERVER.ID":"obsr4399854","DURATION.MINUTES":19.0,"SAMPLING.EVENT.IDENTIFIER":"S195893919","species_list":"Indian Spot-billed Duck","n_species":1,"focal_species_seen":"","focal_species_slugs":"","has_focal":false},"geometry":{"type":"Point","coordinates":[69.2551331,23.6179563]}},{"type":"Feature","properties":{"GROUP.ID":"G13048168","LOCALITY":"Team_31_Grid_5","LATITUDE":23.6259939,"LONGITUDE":69.1806086,"OBSERVATION.DATE":"2024-09-15","OBSERVER.ID":"obsr4399854","DURATION.MINUTES":24.0,"SAMPLING.EVENT.IDENTIFIER":"S195893920","species_list":"Common Hoopoe; Spotted Flycatcher","n_species":2,"focal_species_seen":"Spotted Flycatcher","focal_species_slugs":"spotted-flycatcher","has_focal":true},"geometry":{"type":"Point","coordinates":[69.1806086,23.6259939]}},{"type":"Feature","properties":{"GROUP.ID":"G13048169","LOCALITY":"Team_31_Grid_2","LATITUDE":23.5603279,"LONGITUDE":69.1418501,"OBSERVATION.DATE":"2024-09-15","OBSERVER.ID":"obsr4399854","DURATION.MINUTES":31.0,"SAMPLING.EVENT.IDENTIFIER":"S195893921","species_list":"European Roller; Gray Francolin; Indian Spot-billed Duck; Little Grebe; Spotted Flycatcher","n_species":5,"focal_species_seen":"European Roller; Spotted Flycatcher","focal_species_slugs":"european-roller;spotted-flycatcher","has_focal":true},"geometry":{"type":"Point","coordinates":[69.1418501,23.5603279]}},{"type":"Feature","properties":{"GROUP.ID":"G13048170","LOCALITY":"TEAM 31_GRID_3_Additional transect","LATITUDE":23.5731935,"LONGITUDE":69.2501181,"OBSERVATION.DATE":"2024-09-14","OBSERVER.ID":"obsr4399854","DURATION.MINUTES":9.0,"SAMPLING.EVENT.IDENTIFIER":"S195893922","species_list":"Pied Cuckoo; Rufous-tailed Scrub-Robin; Spotted Flycatcher","n_species":3,"focal_species_seen":"Rufous-tailed Scrub-Robin; Spotted Flycatcher","focal_species_slugs":"rufous-tailed-scrub-robin;spotted-flycatcher","has_focal":true},"geometry":{"type":"Point","coordinates":[69.2501181,23.5731935]}},{"type":"Feature","properties":{"GROUP.ID":"G13048171","LOCALITY":"TEAM_31_GRID_4","LATITUDE":23.652186,"LONGITUDE":69.0559562,"OBSERVATION.DATE":"2024-09-14","OBSERVER.ID":"obsr4399854","DURATION.MINUTES":34.0,"SAMPLING.EVENT.IDENTIFIER":"S195893923","species_list":"European Roller; Great Egret; Pied Kingfisher; Spotted Flycatcher","n_species":4,"focal_species_seen":"European Roller; Spotted Flycatcher","focal_species_slugs":"european-roller;spotted-flycatcher","has_focal":true},"geometry":{"type":"Point","coordinates":[69.0559562,23.652186]}},{"type":"Feature","properties":{"GROUP.ID":"G13048172","LOCALITY":"Team_31_Grid_1","LATITUDE":23.563838,"LONGITUDE":69.0149767,"OBSERVATION.DATE":"2024-09-14","OBSERVER.ID":"obsr4399854","DURATION.MINUTES":46.0,"SAMPLING.EVENT.IDENTIFIER":"S195893924","species_list":"Eastern Cattle-Egret; European Roller; Gray Francolin; Pied Cuckoo; Red-wattled Lapwing; Rufous-tailed Scrub-Robin","n_species":6,"focal_species_seen":"European Roller; Rufous-tailed Scrub-Robin","focal_species_slugs":"european-roller;rufous-tailed-scrub-robin","has_focal":true},"geometry":{"type":"Point","coordinates":[69.0149767,23.563838]}},{"type":"Feature","properties":{"GROUP.ID":"G13047139","LOCALITY":"Chapredi","LATITUDE":23.326872,"LONGITUDE":69.86731,"OBSERVATION.DATE":"2024-09-15","OBSERVER.ID":"obsr4399854","DURATION.MINUTES":268.0,"SAMPLING.EVENT.IDENTIFIER":"S195893926","species_list":"Asian Koel; Barred Buttonquail; Bay-backed Shrike; Baya Weaver; Common Babbler; Common Hoopoe; Common Tailorbird; Common Woodshrike; Eastern Orphean Warbler; Eastern Red-rumped Swallow; Eurasian Collared-Dove; European Roller; Gray Francolin; Greater Coucal; Greater Whitethroat; Indian Robin; Indian Silverbill; Jungle Prinia; Laughing Dove; Pied Cuckoo; Red-vented Bulbul; Red-wattled Lapwing; Rosy Starling; Rufous-fronted Prinia; Small Minivet; Spotted Flycatcher; White-eared Bulbul; White-tailed Iora; Wire-tailed Swallow; Yellow-eyed Babbler","n_species":30,"focal_species_seen":"European Roller; Greater Whitethroat; Spotted Flycatcher","focal_species_slugs":"european-roller;greater-whitethroat;spotted-flycatcher","has_focal":true},"geometry":{"type":"Point","coordinates":[69.86731,23.326872]}},{"type":"Feature","properties":{"GROUP.ID":"G13055658","LOCALITY":"T13G6","LATITUDE":23.185879,"LONGITUDE":69.845559,"OBSERVATION.DATE":"2024-09-15","OBSERVER.ID":"obsr4399854","DURATION.MINUTES":99.0,"SAMPLING.EVENT.IDENTIFIER":"S195893927","species_list":"Asian Green Bee-eater; Barn Swallow; Barred Buttonquail; Bay-backed Shrike; Baya Weaver; Black Drongo; Common Babbler; Common Hoopoe; Common Myna; Common Tailorbird; Common Woodshrike; Eastern Cattle-Egret; Eastern Orphean Warbler; Eastern Red-rumped Swallow; Eurasian Collared-Dove; Eurasian Wryneck; Gray Francolin; Greater Whitethroat; Indian Peafowl; Indian Robin; Indian Silverbill; Indian Spot-billed Duck; Laughing Dove; Lesser Whitethroat; Plain Prinia; Red-naped Ibis; Red-vented Bulbul; Rosy Starling; Rufous-fronted Prinia; Small Minivet; Spotted Flycatcher; White-bellied Minivet; White-eared Bulbul; White-tailed Iora; Wire-tailed Swallow","n_species":35,"focal_species_seen":"Greater Whitethroat; Spotted Flycatcher","focal_species_slugs":"greater-whitethroat;spotted-flycatcher","has_focal":true},"geometry":{"type":"Point","coordinates":[69.845559,23.185879]}},{"type":"Feature","properties":{"GROUP.ID":"G13055659","LOCALITY":"Ghander Road, Kachchh IN-GJ 23.19762, 69.83824","LATITUDE":23.197622,"LONGITUDE":69.838244,"OBSERVATION.DATE":"2024-09-15","OBSERVER.ID":"obsr4399854","DURATION.MINUTES":27.0,"SAMPLING.EVENT.IDENTIFIER":"S195893928","species_list":"Ashy-crowned Sparrow-Lark; Asian Green Bee-eater; Barn Swallow; Bay-backed Shrike; Common Babbler; Common Myna; Eastern Cattle-Egret; European Roller; Gray-breasted Prinia; Indian Pond-Heron; Indian Robin; Indian Roller; Indian Silverbill; Plain Prinia; Purple Sunbird; Red-vented Bulbul; Rosy Starling; White-breasted Waterhen; White-eared Bulbul; White-tailed Iora; White-throated Kingfisher; Wire-tailed Swallow","n_species":22,"focal_species_seen":"European Roller","focal_species_slugs":"european-roller","has_focal":true},"geometry":{"type":"Point","coordinates":[69.838244,23.197622]}},{"type":"Feature","properties":{"GROUP.ID":"G13033206","LOCALITY":"T2G4","LATITUDE":23.6522152,"LONGITUDE":70.9812803,"OBSERVATION.DATE":"2024-09-14","OBSERVER.ID":"obsr4399854","DURATION.MINUTES":47.0,"SAMPLING.EVENT.IDENTIFIER":"S195893930","species_list":"Ashy-crowned Sparrow-Lark; Asian Green Bee-eater; Black-headed Ibis; Black-winged Kite; Black-winged Stilt; Black Francolin; Blue-cheeked Bee-eater; Common Babbler; Common Hoopoe; Common Myna; Eurasian Collared-Dove; European Roller; Gray Francolin; Greater Coucal; Greater Flamingo; Greater Short-toed Lark; Greater Whitethroat; House Sparrow; Indian Peafowl; Indian Silverbill; Isabelline Shrike; Laughing Dove; Little Egret; Long-tailed Shrike; Medium Egret; Montagu's Harrier; Oriental Darter; Oriental Honey-buzzard; Painted Stork; Pied Kingfisher; Plain Prinia; Purple Heron; Red-naped Ibis; Red-vented Bulbul; Red-wattled Lapwing; Red Collared-Dove; Rosy Starling; Rufous-fronted Prinia; Rufous-tailed Lark; Siberian Stonechat; Western Marsh Harrier; Western Reef-Heron; Whiskered Tern; White-eared Bulbul; White-throated Kingfisher; Wire-tailed Swallow; Zitting Cisticola","n_species":47,"focal_species_seen":"Blue-cheeked Bee-eater; European Roller; Greater Whitethroat","focal_species_slugs":"blue-cheeked-bee-eater;european-roller;greater-whitethroat","has_focal":true},"geometry":{"type":"Point","coordinates":[70.9812803,23.6522152]}},{"type":"Feature","properties":{"GROUP.ID":"G13033205","LOCALITY":"T2G3","LATITUDE":23.6034537,"LONGITUDE":71.0345141,"OBSERVATION.DATE":"2024-09-14","OBSERVER.ID":"obsr4399854","DURATION.MINUTES":78.0,"SAMPLING.EVENT.IDENTIFIER":"S195893932","species_list":"Ashy-crowned Sparrow-Lark; Black-headed Ibis; Black-winged Kite; Blue-cheeked Bee-eater; Common Babbler; Common Hoopoe; Eurasian Collared-Dove; Eurasian Coot; European Roller; Gray Francolin; Greater Flamingo; Gull-billed Tern; House Crow; House Sparrow; Indian Bushlark; Indian Peafowl; Indian Pond-Heron; Indian Silverbill; Indian Spot-billed Duck; Lesser Whistling-Duck; Medium Egret; Paddyfield Pipit; Painted Stork; Pied Avocet; Pied Cuckoo; Plain Prinia; Purple Heron; Purple Sunbird; Red-vented Bulbul; Red-wattled Lapwing; Red Collared-Dove; River Tern; Rosy Starling; Rufous-fronted Prinia; Siberian Stonechat; Western Marsh Harrier; Western Reef-Heron; Whiskered Tern; White-eared Bulbul; Wire-tailed Swallow; Zitting Cisticola","n_species":41,"focal_species_seen":"Blue-cheeked Bee-eater; European Roller","focal_species_slugs":"blue-cheeked-bee-eater;european-roller","has_focal":true},"geometry":{"type":"Point","coordinates":[71.0345141,23.6034537]}},{"type":"Feature","properties":{"GROUP.ID":"G13035054","LOCALITY":"T2 G1","LATITUDE":23.4603297,"LONGITUDE":71.0553515,"OBSERVATION.DATE":"2024-09-14","OBSERVER.ID":"obsr4399854","DURATION.MINUTES":180.0,"SAMPLING.EVENT.IDENTIFIER":"S195893933","species_list":"Ashy-crowned Sparrow-Lark; Asian Green Bee-eater; Barred Buttonquail; Baya Weaver; Black-headed Ibis; Black-winged Kite; Black-winged Stilt; Black Francolin; Blue-cheeked Bee-eater; Chestnut-bellied Sandgrouse; Common Babbler; Common Hoopoe; Common Woodshrike; Dusky Crag-Martin; Eastern Red-rumped Swallow; Eurasian Collared-Dove; Eurasian Coot; Eurasian Spoonbill; Eurasian Wryneck; European Roller; Gray-breasted Prinia; Gray Francolin; Gray Heron; Greater Coucal; Greater Short-toed Lark; Greater Whitethroat; House Sparrow; Indian Bushlark; Indian Cormorant; Indian Peafowl; Indian Pond-Heron; Indian Robin; Indian Silverbill; Indian Spot-billed Duck; Indian Thick-knee; Isabelline Shrike; Laughing Dove; Lesser Whistling-Duck; Little Cormorant; Little Egret; Little Grebe; Marsh Sandpiper; Montagu's Harrier; Oriental Darter; Oriental Honey-buzzard; Paddyfield Pipit; Painted Stork; Pied Kingfisher; Plain Prinia; Purple Heron; Purple Sunbird; Red-naped Ibis; Red-vented Bulbul; Red-wattled Lapwing; Red Collared-Dove; River Tern; Rock Eagle-Owl; Rosy Starling; Ruff; Siberian Stonechat; Tibetan Sand-Plover; Variable Wheatear; Western Marsh Harrier; Western Reef-Heron; Whiskered Tern; White-breasted Waterhen; White-eared Bulbul; White-throated Kingfisher; Wire-tailed Swallow","n_species":69,"focal_species_seen":"Blue-cheeked Bee-eater; European Roller; Greater Whitethroat","focal_species_slugs":"blue-cheeked-bee-eater;european-roller;greater-whitethroat","has_focal":true},"geometry":{"type":"Point","coordinates":[71.0553515,23.4603297]}},{"type":"Feature","properties":{"GROUP.ID":"G13040436","LOCALITY":"T2G2","LATITUDE":23.5605332,"LONGITUDE":71.1056625,"OBSERVATION.DATE":"2024-09-15","OBSERVER.ID":"obsr4399854","DURATION.MINUTES":151.0,"SAMPLING.EVENT.IDENTIFIER":"S195893934","species_list":"Ashy-crowned Sparrow-Lark; Asian Green Bee-eater; Black-winged Kite; Black-winged Stilt; Black Drongo; Blue-cheeked Bee-eater; Booted Eagle; Brahminy Starling; Brown Rock Chat; Chestnut-bellied Sandgrouse; Common Babbler; Common Crane; Common Cuckoo; Common Myna; Common Woodshrike; Crested Lark; Eastern Cattle-Egret; Eurasian Collared-Dove; Eurasian Curlew; Eurasian Moorhen; Eurasian Spoonbill; Eurasian Wryneck; European Roller; Gray-breasted Prinia; Gray-headed Swamphen; Gray Francolin; Greater Coucal; Greater Flamingo; Gull-billed Tern; House Crow; House Sparrow; Indian Cormorant; Indian Golden Oriole; Indian Peafowl; Indian Robin; Indian Silverbill; Indian Thick-knee; Isabelline Shrike; Laughing Dove; Montagu's Harrier; Oriental Darter; Oriental Honey-buzzard; Paddyfield Pipit; Painted Stork; Plain Prinia; Purple Sunbird; Red-naped Ibis; Red-tailed Shrike; Red-vented Bulbul; Red-wattled Lapwing; Red Collared-Dove; River Tern; Rosy Starling; Rufous-fronted Prinia; Rufous-tailed Lark; Rufous-tailed Scrub-Robin; Short-toed Snake-Eagle; Spotted Flycatcher; Streaked Weaver; Variable Wheatear; Western Marsh Harrier; Western Reef-Heron; Whiskered Tern; White-breasted Waterhen; White-eared Bulbul; White-throated Kingfisher; Wire-tailed Swallow; Zitting Cisticola","n_species":68,"focal_species_seen":"Blue-cheeked Bee-eater; Common Cuckoo; European Roller; Red-tailed Shrike; Rufous-tailed Scrub-Robin; Spotted Flycatcher","focal_species_slugs":"blue-cheeked-bee-eater;common-cuckoo;european-roller;red-tailed-shrike;rufous-tailed-scrub-robin;spotted-flycatcher","has_focal":true},"geometry":{"type":"Point","coordinates":[71.1056625,23.5605332]}},{"type":"Feature","properties":{"GROUP.ID":"G13047098","LOCALITY":"Subhashpar, Gujarat, IN (23.618, 68.835)","LATITUDE":23.6183094,"LONGITUDE":68.8345725,"OBSERVATION.DATE":"2024-09-15","OBSERVER.ID":"obsr4399854","DURATION.MINUTES":26.0,"SAMPLING.EVENT.IDENTIFIER":"S195893936","species_list":"Ashy-crowned Sparrow-Lark; Asian Green Bee-eater; Barred Buttonquail; Baya Weaver; Black-winged Kite; Black Francolin; Common Babbler; Common Tailorbird; Eurasian Spoonbill; Gray Francolin; House Sparrow; Indian Robin; Indian Silverbill; Jungle Prinia; Laughing Dove; Little Grebe; Pied Cuckoo; Red-vented Bulbul; Red-wattled Lapwing; Rosy Starling; Small Minivet; Yellow-crowned Woodpecker","n_species":22,"focal_species_seen":"","focal_species_slugs":"","has_focal":false},"geometry":{"type":"Point","coordinates":[68.8345725,23.6183094]}},{"type":"Feature","properties":{"GROUP.ID":"G13047099","LOCALITY":"Kachchh, Gujarat, IN (23.596, 68.881)","LATITUDE":23.595615,"LONGITUDE":68.8806185,"OBSERVATION.DATE":"2024-09-15","OBSERVER.ID":"obsr4399854","DURATION.MINUTES":7.0,"SAMPLING.EVENT.IDENTIFIER":"S195893938","species_list":"Asian Green Bee-eater; Chestnut-bellied Sandgrouse; Common Kingfisher; Eurasian Collared-Dove; Glossy Ibis; Gray-breasted Prinia; Gray Francolin; Great Crested Grebe; Great Egret; Gull-billed Tern; Indian Cormorant; Indian Spot-billed Duck; Laughing Dove; Lesser Whistling-Duck; Little Egret; Little Grebe; Oriental Darter; Plain Prinia; Red-naped Ibis; Red-wattled Lapwing; River Tern; Streak-throated Swallow; Wire-tailed Swallow","n_species":23,"focal_species_seen":"","focal_species_slugs":"","has_focal":false},"geometry":{"type":"Point","coordinates":[68.8806185,23.595615]}},{"type":"Feature","properties":{"GROUP.ID":"G13039408","LOCALITY":"T25 G6","LATITUDE":23.264822,"LONGITUDE":69.375635,"OBSERVATION.DATE":"2024-09-15","OBSERVER.ID":"obsr4399854","DURATION.MINUTES":61.0,"SAMPLING.EVENT.IDENTIFIER":"S195893941","species_list":"Ashy-crowned Sparrow-Lark; Asian Green Bee-eater; Black Drongo; Black Francolin; Brahminy Starling; Common Babbler; Common Tailorbird; Eastern Cattle-Egret; Eastern Red-rumped Swallow; European Roller; Gray-breasted Prinia; Gray Francolin; Indian Bushlark; Indian Pond-Heron; Indian Robin; Jungle Prinia; Knob-billed Duck; Laughing Dove; Little Egret; Little Swift; Pied Cuckoo; Plain Prinia; Purple Sunbird; Red-naped Ibis; Red-vented Bulbul; Red-wattled Lapwing; Rosy Starling; Rufous-fronted Prinia; Sykes's Warbler; White-eared Bulbul; White-tailed Iora","n_species":31,"focal_species_seen":"European Roller","focal_species_slugs":"european-roller","has_focal":true},"geometry":{"type":"Point","coordinates":[69.375635,23.264822]}},{"type":"Feature","properties":{"GROUP.ID":"G13039410","LOCALITY":"T25G1","LATITUDE":23.157705,"LONGITUDE":69.223295,"OBSERVATION.DATE":"2024-09-14","OBSERVER.ID":"obsr4399854","DURATION.MINUTES":45.0,"SAMPLING.EVENT.IDENTIFIER":"S195893943","species_list":"Asian Green Bee-eater; Baya Weaver; Black-headed Ibis; Black Drongo; Common Babbler; Eastern Cattle-Egret; Eurasian Collared-Dove; European Roller; Gray-breasted Prinia; Jungle Prinia; Little Cormorant; Little Egret; Red-naped Ibis; Red-vented Bulbul; Red Collared-Dove; River Tern; Rosy Starling; Rufous-fronted Prinia; Yellow-throated Sparrow","n_species":19,"focal_species_seen":"European Roller","focal_species_slugs":"european-roller","has_focal":true},"geometry":{"type":"Point","coordinates":[69.223295,23.157705]}},{"type":"Feature","properties":{"GROUP.ID":"G13039412","LOCALITY":"T25G4 PMC","LATITUDE":23.213103,"LONGITUDE":69.230793,"OBSERVATION.DATE":"2024-09-14","OBSERVER.ID":"obsr4399854","DURATION.MINUTES":56.0,"SAMPLING.EVENT.IDENTIFIER":"S195893944","species_list":"Asian Green Bee-eater; Common Cuckoo; Common Greenshank; Common Myna; Eastern Cattle-Egret; Eastern Red-rumped Swallow; Eurasian Collared-Dove; Gray Francolin; Indian Peafowl; Indian Robin; Jungle Prinia; Laughing Dove; Pied Cuckoo; Purple Sunbird; Rain Quail; Red-vented Bulbul; Red-wattled Lapwing; Rosy Starling; Siberian Stonechat; White-eared Bulbul; White-tailed Iora; White-throated Kingfisher; Wire-tailed Swallow","n_species":23,"focal_species_seen":"Common Cuckoo","focal_species_slugs":"common-cuckoo","has_focal":true},"geometry":{"type":"Point","coordinates":[69.230793,23.213103]}},{"type":"Feature","properties":{"GROUP.ID":"G13039889","LOCALITY":"T25G5","LATITUDE":23.239605,"LONGITUDE":69.439085,"OBSERVATION.DATE":"2024-09-15","OBSERVER.ID":"obsr4399854","DURATION.MINUTES":42.0,"SAMPLING.EVENT.IDENTIFIER":"S195893945","species_list":"Asian Green Bee-eater; Baya Weaver; Booted Eagle; Brahminy Starling; Common Babbler; Common Tailorbird; Eastern Cattle-Egret; European Roller; Gray-breasted Prinia; Gray Francolin; Indian Robin; Indian Silverbill; Jungle Prinia; Laughing Dove; Pied Bushchat; Plain Prinia; Purple Sunbird; Red-vented Bulbul; Red-wattled Lapwing; Rosy Starling; Rufous-fronted Prinia; Spotted Flycatcher; Sykes's Warbler; White-eared Bulbul; White-tailed Iora; Wire-tailed Swallow","n_species":26,"focal_species_seen":"European Roller; Spotted Flycatcher","focal_species_slugs":"european-roller;spotted-flycatcher","has_focal":true},"geometry":{"type":"Point","coordinates":[69.439085,23.239605]}},{"type":"Feature","properties":{"GROUP.ID":"G13042854","LOCALITY":"T25G2","LATITUDE":23.1429,"LONGITUDE":69.345154,"OBSERVATION.DATE":"2024-09-15","OBSERVER.ID":"obsr4399854","DURATION.MINUTES":63.0,"SAMPLING.EVENT.IDENTIFIER":"S195893946","species_list":"Asian Koel; Bank Myna; Dusky Crag-Martin; Gray-breasted Prinia; Jungle Prinia; Laughing Dove; Plain Prinia; Purple Sunbird; Red-naped Ibis; Spotted Flycatcher; Wire-tailed Swallow","n_species":11,"focal_species_seen":"Spotted Flycatcher","focal_species_slugs":"spotted-flycatcher","has_focal":true},"geometry":{"type":"Point","coordinates":[69.345154,23.1429]}},{"type":"Feature","properties":{"GROUP.ID":"G13042855","LOCALITY":"T25 G3","LATITUDE":23.191707,"LONGITUDE":69.379916,"OBSERVATION.DATE":"2024-09-14","OBSERVER.ID":"obsr4399854","DURATION.MINUTES":36.0,"SAMPLING.EVENT.IDENTIFIER":"S195893947","species_list":"Asian Green Bee-eater; Baya Weaver; Black-headed Ibis; Black Drongo; Blue-cheeked Bee-eater; Common Babbler; Eastern Red-rumped Swallow; European Roller; Jungle Prinia; Laughing Dove; Pied Cuckoo; Red-vented Bulbul; Red-wattled Lapwing; Spotted Flycatcher; White-eared Bulbul; White-throated Kingfisher; Wire-tailed Swallow","n_species":17,"focal_species_seen":"Blue-cheeked Bee-eater; European Roller; Spotted Flycatcher","focal_species_slugs":"blue-cheeked-bee-eater;european-roller;spotted-flycatcher","has_focal":true},"geometry":{"type":"Point","coordinates":[69.379916,23.191707]}},{"type":"Feature","properties":{"GROUP.ID":"G13042613","LOCALITY":"PMC2024_T17G03 (Alternate), Hanuman Mandir, Ratadiya, Kachchh, Gujarat, IN (24.126, 69.816)","LATITUDE":24.125527,"LONGITUDE":69.8162068,"OBSERVATION.DATE":"2024-09-15","OBSERVER.ID":"obsr4399854","DURATION.MINUTES":48.0,"SAMPLING.EVENT.IDENTIFIER":"S195893948","species_list":"Asian Green Bee-eater; Barn Swallow; Black-winged Stilt; Blue-cheeked Bee-eater; Common Babbler; Eastern Red-rumped Swallow; Eurasian Collared-Dove; European Roller; Glossy Ibis; House Crow; Laughing Dove; Little Ringed Plover; Purple Sunbird; Rosy Starling; Streak-throated Swallow","n_species":15,"focal_species_seen":"Blue-cheeked Bee-eater; European Roller","focal_species_slugs":"blue-cheeked-bee-eater;european-roller","has_focal":true},"geometry":{"type":"Point","coordinates":[69.8162068,24.125527]}},{"type":"Feature","properties":{"GROUP.ID":"G13042614","LOCALITY":"Gujarat State Highway 45, Kachchh, Gujarat, IN (23.497, 69.662)","LATITUDE":23.497155,"LONGITUDE":69.66172,"OBSERVATION.DATE":"2024-09-15","OBSERVER.ID":"obsr4399854","DURATION.MINUTES":5.0,"SAMPLING.EVENT.IDENTIFIER":"S195893949","species_list":"Black-winged Stilt; Eastern Cattle-Egret; Eurasian Spoonbill; Gray Heron; Great Cormorant; Great Egret; Indian Pond-Heron; Little Grebe; Marsh Sandpiper; Medium Egret; Painted Stork; Red-wattled Lapwing; River Tern; Ruff; Whiskered Tern; Wire-tailed Swallow","n_species":16,"focal_species_seen":"","focal_species_slugs":"","has_focal":false},"geometry":{"type":"Point","coordinates":[69.66172,23.497155]}},{"type":"Feature","properties":{"GROUP.ID":"G13042615","LOCALITY":"National Highway 341, Bhojardo, Gujarat, IN (23.577, 69.678)","LATITUDE":23.5766133,"LONGITUDE":69.6783533,"OBSERVATION.DATE":"2024-09-15","OBSERVER.ID":"obsr4399854","DURATION.MINUTES":5.0,"SAMPLING.EVENT.IDENTIFIER":"S195893950","species_list":"Asian Green Bee-eater; Black-tailed Godwit; Black-winged Stilt; Common Sandpiper; Eurasian Spoonbill; Glossy Ibis; Gray Heron; Green Sandpiper; House Crow; House Sparrow; Pied Avocet; Red-wattled Lapwing; River Tern; Ruff; Wire-tailed Swallow","n_species":15,"focal_species_seen":"","focal_species_slugs":"","has_focal":false},"geometry":{"type":"Point","coordinates":[69.6783533,23.5766133]}},{"type":"Feature","properties":{"GROUP.ID":"G13042616","LOCALITY":"Road To Hanuman Mandir, Kachchh, Gujarat, IN (24.125, 69.754)","LATITUDE":24.124528,"LONGITUDE":69.7540068,"OBSERVATION.DATE":"2024-09-15","OBSERVER.ID":"obsr4399854","DURATION.MINUTES":10.0,"SAMPLING.EVENT.IDENTIFIER":"S195893951","species_list":"Common Greenshank; Little Stint; Marsh Sandpiper","n_species":3,"focal_species_seen":"","focal_species_slugs":"","has_focal":false},"geometry":{"type":"Point","coordinates":[69.7540068,24.124528]}},{"type":"Feature","properties":{"GROUP.ID":"G13042617","LOCALITY":"Road To Hanuman Mandir, Kachchh, Gujarat, IN (24.125, 69.754)","LATITUDE":24.124528,"LONGITUDE":69.7540068,"OBSERVATION.DATE":"2024-09-15","OBSERVER.ID":"obsr4399854","DURATION.MINUTES":10.0,"SAMPLING.EVENT.IDENTIFIER":"S195893952","species_list":"Common Hoopoe; Garganey; Greater Flamingo; Little Ringed Plover; Little Stint; Montagu's Harrier; Tibetan Sand-Plover","n_species":7,"focal_species_seen":"","focal_species_slugs":"","has_focal":false},"geometry":{"type":"Point","coordinates":[69.7540068,24.124528]}},{"type":"Feature","properties":{"GROUP.ID":"G13051780","LOCALITY":"T32G5","LATITUDE":23.766712,"LONGITUDE":69.355173,"OBSERVATION.DATE":"2024-09-14","OBSERVER.ID":"obsr4399854","DURATION.MINUTES":36.0,"SAMPLING.EVENT.IDENTIFIER":"S195893956","species_list":"Black-headed Ibis; Black-winged Stilt; Common Greenshank; Crested Lark; Eurasian Spoonbill; Glossy Ibis; Gray Heron; Greater Flamingo; Little Egret; Little Stint; Medium Egret; Purple Heron; Western Marsh Harrier; Western Yellow Wagtail; Wire-tailed Swallow; Zitting Cisticola","n_species":16,"focal_species_seen":"","focal_species_slugs":"","has_focal":false},"geometry":{"type":"Point","coordinates":[69.355173,23.766712]}},{"type":"Feature","properties":{"GROUP.ID":"G13042618","LOCALITY":"Khavda-Bhirandiara Road, Bhirandiara, Gujarat, IN (23.704, 69.719)","LATITUDE":23.7035483,"LONGITUDE":69.7188083,"OBSERVATION.DATE":"2024-09-15","OBSERVER.ID":"obsr4399854","DURATION.MINUTES":null,"SAMPLING.EVENT.IDENTIFIER":"S195893957","species_list":"Black-winged Stilt; Eurasian Spoonbill; Painted Stork; Red-wattled Lapwing","n_species":4,"focal_species_seen":"","focal_species_slugs":"","has_focal":false},"geometry":{"type":"Point","coordinates":[69.7188083,23.7035483]}},{"type":"Feature","properties":{"GROUP.ID":"G13041367","LOCALITY":"T15 G6","LATITUDE":23.8139689,"LONGITUDE":69.8686536,"OBSERVATION.DATE":"2024-09-15","OBSERVER.ID":"obsr4399854","DURATION.MINUTES":45.0,"SAMPLING.EVENT.IDENTIFIER":"S195893962","species_list":"Asian Green Bee-eater; Barn Swallow; Barred Buttonquail; Bay-backed Shrike; Baya Weaver; Black Drongo; Booted Eagle; Brahminy Starling; Chestnut-bellied Sandgrouse; Common Babbler; Common Hoopoe; Common Tailorbird; Eastern Cattle-Egret; Eastern Red-rumped Swallow; Eurasian Spoonbill; European Roller; Gray-breasted Prinia; Gray Francolin; Great Gray Shrike; House Crow; House Sparrow; Indian Peafowl; Indian Robin; Indian Silverbill; Indian Spot-billed Duck; Isabelline Shrike; Laughing Dove; Lesser Whistling-Duck; Long-tailed Shrike; Paddyfield Pipit; Plain Prinia; Purple Sunbird; Red-naped Ibis; Red-vented Bulbul; Red-wattled Lapwing; Red Collared-Dove; Rosy Starling; Variable Wheatear; Whiskered Tern; White-eared Bulbul; White-eyed Buzzard; White-tailed Iora; White-throated Kingfisher; Yellow-throated Sparrow","n_species":44,"focal_species_seen":"European Roller","focal_species_slugs":"european-roller","has_focal":true},"geometry":{"type":"Point","coordinates":[69.8686536,23.8139689]}},{"type":"Feature","properties":{"GROUP.ID":"G13042620","LOCALITY":"Dinara, Gujarat, IN (23.903, 69.747)","LATITUDE":23.9027725,"LONGITUDE":69.7474342,"OBSERVATION.DATE":"2024-09-15","OBSERVER.ID":"obsr4399854","DURATION.MINUTES":31.0,"SAMPLING.EVENT.IDENTIFIER":"S195893965","species_list":"Ashy-crowned Sparrow-Lark; Asian Green Bee-eater; Barn Swallow; Black Drongo; Brahminy Starling; Common Babbler; Common Myna; Common Tailorbird; Eastern Red-rumped Swallow; Eurasian Collared-Dove; European Roller; Gray Francolin; House Crow; House Sparrow; Indian Robin; Indian Silverbill; Jungle Prinia; Laughing Dove; Plain Prinia; Purple Sunbird; Red-vented Bulbul; Rufous-fronted Prinia; Variable Wheatear; White-eared Bulbul","n_species":24,"focal_species_seen":"European Roller","focal_species_slugs":"european-roller","has_focal":true},"geometry":{"type":"Point","coordinates":[69.7474342,23.9027725]}},{"type":"Feature","properties":{"GROUP.ID":"G13041178","LOCALITY":"T33G2","LATITUDE":23.5274888,"LONGITUDE":68.7858315,"OBSERVATION.DATE":"2024-09-15","OBSERVER.ID":"obsr4399854","DURATION.MINUTES":30.0,"SAMPLING.EVENT.IDENTIFIER":"S195893966","species_list":"Ashy-crowned Sparrow-Lark; Eastern Cattle-Egret; Eurasian Coot; Eurasian Moorhen; Glossy Ibis; Indian Silverbill; Indian Spot-billed Duck; Lesser Whistling-Duck; Little Grebe; Pied Cuckoo; Red-wattled Lapwing; Variable Wheatear; White-tailed Iora; Yellow-wattled Lapwing","n_species":14,"focal_species_seen":"","focal_species_slugs":"","has_focal":false},"geometry":{"type":"Point","coordinates":[68.7858315,23.5274888]}},{"type":"Feature","properties":{"GROUP.ID":"G13041177","LOCALITY":"T33G6","LATITUDE":23.4981657,"LONGITUDE":69.0068846,"OBSERVATION.DATE":"2024-09-15","OBSERVER.ID":"obsr4399854","DURATION.MINUTES":87.0,"SAMPLING.EVENT.IDENTIFIER":"S195893967","species_list":"Ashy-crowned Sparrow-Lark; Asian Green Bee-eater; Bay-backed Shrike; Baya Weaver; Black Francolin; Brahminy Starling; Chestnut-bellied Sandgrouse; Common Babbler; Crested Lark; Eastern Cattle-Egret; Eurasian Collared-Dove; European Roller; Gray-breasted Prinia; Gray Francolin; Greater Whitethroat; Green Sandpiper; House Sparrow; Indian Bushlark; Indian Robin; Indian Silverbill; Indian Spot-billed Duck; Isabelline Shrike; Jungle Prinia; Laughing Dove; Little Egret; Long-tailed Shrike; Paddyfield Pipit; Painted Sandgrouse; Plain Prinia; Red-backed Shrike; Red-tailed Shrike; Red-vented Bulbul; Red-wattled Lapwing; Red Collared-Dove; Rosy Starling; Rufous-tailed Scrub-Robin; Spotted Flycatcher; White-eared Bulbul; White-tailed Iora; Wire-tailed Swallow; Zitting Cisticola","n_species":41,"focal_species_seen":"European Roller; Greater Whitethroat; Red-backed Shrike; Red-tailed Shrike; Rufous-tailed Scrub-Robin; Spotted Flycatcher","focal_species_slugs":"european-roller;greater-whitethroat;red-backed-shrike;red-tailed-shrike;rufous-tailed-scrub-robin;spotted-flycatcher","has_focal":true},"geometry":{"type":"Point","coordinates":[69.0068846,23.4981657]}},{"type":"Feature","properties":{"GROUP.ID":"G13039822","LOCALITY":"PMC-2024_T26G6","LATITUDE":23.0335283,"LONGITUDE":69.08018,"OBSERVATION.DATE":"2024-09-14","OBSERVER.ID":"obsr4399854","DURATION.MINUTES":73.0,"SAMPLING.EVENT.IDENTIFIER":"S195893968","species_list":"Ashy-crowned Sparrow-Lark; Asian Green Bee-eater; Asian Koel; Bay-backed Shrike; Baya Weaver; Black Drongo; Common Babbler; Eurasian Collared-Dove; Gray Francolin; Greater Coucal; Indian Pond-Heron; Indian Robin; Indian Roller; Indian Silverbill; Indian Spot-billed Duck; Laughing Dove; Little Egret; Plain Prinia; Purple Sunbird; Red-vented Bulbul; Red-wattled Lapwing; River Tern; Rose-ringed Parakeet; Rosy Starling; Spotted Flycatcher; White-breasted Waterhen","n_species":26,"focal_species_seen":"Spotted Flycatcher","focal_species_slugs":"spotted-flycatcher","has_focal":true},"geometry":{"type":"Point","coordinates":[69.08018,23.0335283]}},{"type":"Feature","properties":{"GROUP.ID":"G13041127","LOCALITY":"T33G1","LATITUDE":23.3130346,"LONGITUDE":68.8702443,"OBSERVATION.DATE":"2024-09-14","OBSERVER.ID":"obsr4399854","DURATION.MINUTES":45.0,"SAMPLING.EVENT.IDENTIFIER":"S195893969","species_list":"Asian Green Bee-eater; Barred Buttonquail; Common Babbler; Common Kingfisher; Common Myna; Eastern Cattle-Egret; Eastern Red-rumped Swallow; Eurasian Collared-Dove; European Roller; Gray-breasted Prinia; Gray Francolin; Indian Peafowl; Indian Pond-Heron; Indian Robin; Indian Spot-billed Duck; Jungle Prinia; Laughing Dove; Purple Sunbird; Red-vented Bulbul; Red-wattled Lapwing; White-eared Bulbul; Wire-tailed Swallow; Yellow-wattled Lapwing; Zitting Cisticola","n_species":24,"focal_species_seen":"European Roller","focal_species_slugs":"european-roller","has_focal":true},"geometry":{"type":"Point","coordinates":[68.8702443,23.3130346]}},{"type":"Feature","properties":{"GROUP.ID":"G13041129","LOCALITY":"T33G3","LATITUDE":23.4518108,"LONGITUDE":68.932449,"OBSERVATION.DATE":"2024-09-15","OBSERVER.ID":"obsr4399854","DURATION.MINUTES":50.0,"SAMPLING.EVENT.IDENTIFIER":"S195893970","species_list":"Ashy-crowned Sparrow-Lark; Asian Green Bee-eater; Baya Weaver; Black Drongo; Common Babbler; Common Myna; Eastern Cattle-Egret; Eastern Red-rumped Swallow; Eurasian Collared-Dove; Eurasian Coot; European Roller; Indian Peafowl; Indian Robin; Laughing Dove; Little Cormorant; Little Egret; Oriental Darter; Painted Stork; Purple Sunbird; Red-vented Bulbul; Red-wattled Lapwing; Red Collared-Dove; River Tern; Rosy Starling; Western Yellow Wagtail; White-eared Bulbul; White-throated Kingfisher; Wire-tailed Swallow; Yellow-crowned Woodpecker; Yellow-throated Sparrow","n_species":30,"focal_species_seen":"European Roller","focal_species_slugs":"european-roller","has_focal":true},"geometry":{"type":"Point","coordinates":[68.932449,23.4518108]}},{"type":"Feature","properties":{"GROUP.ID":"G13051781","LOCALITY":"T32G3","LATITUDE":23.732864,"LONGITUDE":69.275148,"OBSERVATION.DATE":"2024-09-14","OBSERVER.ID":"obsr4399854","DURATION.MINUTES":38.0,"SAMPLING.EVENT.IDENTIFIER":"S195893972","species_list":"Asian Green Bee-eater; Black-winged Stilt; Blue-cheeked Bee-eater; Blyth's Reed Warbler; Common Babbler; Common Kingfisher; Common Tailorbird; Eastern Cattle-Egret; Eastern Red-rumped Swallow; Eurasian Collared-Dove; Eurasian Moorhen; Eurasian Spoonbill; Eurasian Wryneck; European Roller; Garganey; Gray Francolin; Gray Heron; Great Cormorant; Greater Flamingo; Green Sandpiper; House Crow; Indian Cormorant; Indian Pond-Heron; Indian Silverbill; Indian Spot-billed Duck; Isabelline Shrike; Little Cormorant; Little Grebe; Pied Cuckoo; Plain Prinia; Purple Sunbird; Red-vented Bulbul; Red-wattled Lapwing; Sirkeer Malkoha; Spotted Flycatcher; Streak-throated Swallow; Western Marsh Harrier; White-eared Bulbul; White-throated Kingfisher; Zitting Cisticola","n_species":40,"focal_species_seen":"Blue-cheeked Bee-eater; European Roller; Spotted Flycatcher","focal_species_slugs":"blue-cheeked-bee-eater;european-roller;spotted-flycatcher","has_focal":true},"geometry":{"type":"Point","coordinates":[69.275148,23.732864]}},{"type":"Feature","properties":{"GROUP.ID":"G13041133","LOCALITY":"T33G5, Kotda, Gujarat, IN (23.488, 68.899)","LATITUDE":23.4882209,"LONGITUDE":68.8993569,"OBSERVATION.DATE":"2024-09-15","OBSERVER.ID":"obsr4399854","DURATION.MINUTES":47.0,"SAMPLING.EVENT.IDENTIFIER":"S195893973","species_list":"Ashy-crowned Sparrow-Lark; Asian Green Bee-eater; Baya Weaver; Black Drongo; Common Babbler; Common Myna; Eastern Cattle-Egret; Eurasian Collared-Dove; Eurasian Coot; Eurasian Spoonbill; Gray-breasted Prinia; Gray Francolin; House Sparrow; Indian Robin; Indian Spot-billed Duck; Laughing Dove; Lesser Whistling-Duck; Little Egret; Oriental Darter; Red-vented Bulbul; Red-wattled Lapwing; Red Collared-Dove; Rosy Starling; White-eared Bulbul; Zitting Cisticola","n_species":25,"focal_species_seen":"","focal_species_slugs":"","has_focal":false},"geometry":{"type":"Point","coordinates":[68.8993569,23.4882209]}},{"type":"Feature","properties":{"GROUP.ID":"G13041617","LOCALITY":"SH 49, Kachchh IN-GJ 23.22329, 68.65475","LATITUDE":23.22329,"LONGITUDE":68.654745,"OBSERVATION.DATE":"2024-09-14","OBSERVER.ID":"obsr4399854","DURATION.MINUTES":9.0,"SAMPLING.EVENT.IDENTIFIER":"S195893974","species_list":"Common Redshank; Common Sandpiper; Eurasian Whimbrel; Glossy Ibis; Gray Francolin; Great Egret; Gull-billed Tern; House Crow; Indian Pond-Heron; Laughing Dove; Lesser Black-backed Gull; Long-tailed Shrike; Painted Stork; Red-wattled Lapwing; Rose-ringed Parakeet; Temminck's Stint; Western Reef-Heron; Wire-tailed Swallow","n_species":18,"focal_species_seen":"","focal_species_slugs":"","has_focal":false},"geometry":{"type":"Point","coordinates":[68.654745,23.22329]}},{"type":"Feature","properties":{"GROUP.ID":"G13041618","LOCALITY":"SH 49, Kachchh IN-GJ 23.21480, 68.71704","LATITUDE":23.214801,"LONGITUDE":68.717036,"OBSERVATION.DATE":"2024-09-14","OBSERVER.ID":"obsr4399854","DURATION.MINUTES":10.0,"SAMPLING.EVENT.IDENTIFIER":"S195893975","species_list":"Ashy-crowned Sparrow-Lark; Common Babbler; Common Myna; Gray Francolin; Green Sandpiper; House Crow; Indian Peafowl; Laughing Dove; Little Swift; Pied Kingfisher; Red-vented Bulbul; Red-wattled Lapwing","n_species":12,"focal_species_seen":"","focal_species_slugs":"","has_focal":false},"geometry":{"type":"Point","coordinates":[68.717036,23.214801]}},{"type":"Feature","properties":{"GROUP.ID":"G13041187","LOCALITY":"Kachchh, Gujarat, IN (23.222, 69.085)","LATITUDE":23.2215647,"LONGITUDE":69.0849912,"OBSERVATION.DATE":"2024-09-15","OBSERVER.ID":"obsr4399854","DURATION.MINUTES":19.0,"SAMPLING.EVENT.IDENTIFIER":"S195893978","species_list":"Ashy-crowned Sparrow-Lark; Asian Green Bee-eater; Asian Koel; Bay-backed Shrike; Baya Weaver; Black Drongo; Common Hoopoe; Common Kingfisher; Common Tailorbird; Common Woodshrike; Eurasian Collared-Dove; European Roller; Glossy Ibis; Gray-breasted Prinia; Gray Francolin; Greater Coucal; House Crow; House Sparrow; Indian Peafowl; Indian Silverbill; Laughing Dove; Plain Prinia; Purple Sunbird; Red-vented Bulbul; Red-wattled Lapwing; Red Collared-Dove; Rose-ringed Parakeet; Shikra; White-browed Wagtail; White-throated Kingfisher","n_species":30,"focal_species_seen":"European Roller","focal_species_slugs":"european-roller","has_focal":true},"geometry":{"type":"Point","coordinates":[69.0849912,23.2215647]}},{"type":"Feature","properties":{"GROUP.ID":"G13041040","LOCALITY":"T15G4","LATITUDE":23.7662353,"LONGITUDE":69.8358947,"OBSERVATION.DATE":"2024-09-15","OBSERVER.ID":"obsr4399854","DURATION.MINUTES":98.0,"SAMPLING.EVENT.IDENTIFIER":"S195893979","species_list":"Asian Green Bee-eater; Asian Koel; Barred Buttonquail; Bay-backed Shrike; Baya Weaver; Black-crowned Night Heron; Black-headed Ibis; Black-winged Stilt; Black Drongo; Blue-cheeked Bee-eater; Caspian Tern; Common Babbler; Common Cuckoo; Common Greenshank; Common Hoopoe; Common Myna; Common Sandpiper; Common Tailorbird; Common Woodshrike; Crested Lark; Eastern Cattle-Egret; Eastern Red-rumped Swallow; Eurasian Collared-Dove; Eurasian Moorhen; Eurasian Spoonbill; Eurasian Wryneck; European Roller; Glossy Ibis; Gray-breasted Prinia; Gray Francolin; Gray Heron; Great Gray Shrike; Green Sandpiper; Gull-billed Tern; House Crow; House Sparrow; Indian Cormorant; Indian Pond-Heron; Indian Robin; Indian Silverbill; Indian Spot-billed Duck; Isabelline Shrike; Laughing Dove; Lesser Whistling-Duck; Little Cormorant; Little Egret; Little Grebe; Little Ringed Plover; Long-tailed Shrike; Northern Shoveler; Paddyfield Pipit; Painted Stork; Purple Sunbird; Red-tailed Shrike; Red-vented Bulbul; Red-wattled Lapwing; Red Collared-Dove; River Tern; Rosy Starling; Rufous-fronted Prinia; Spotted Flycatcher; Spotted Owlet; Sykes's Warbler; Temminck's Stint; Variable Wheatear; Whiskered Tern; White-eared Bulbul; White-throated Kingfisher; Wire-tailed Swallow; Yellow-throated Sparrow","n_species":70,"focal_species_seen":"Blue-cheeked Bee-eater; Common Cuckoo; European Roller; Red-tailed Shrike; Spotted Flycatcher","focal_species_slugs":"blue-cheeked-bee-eater;common-cuckoo;european-roller;red-tailed-shrike;spotted-flycatcher","has_focal":true},"geometry":{"type":"Point","coordinates":[69.8358947,23.7662353]}},{"type":"Feature","properties":{"GROUP.ID":"G13047806","LOCALITY":"T37G6-Lakhpat - Siyot Road, Kachchh, Gujarat, IN (23.78, 68.875)","LATITUDE":23.7801683,"LONGITUDE":68.8753183,"OBSERVATION.DATE":"2024-09-15","OBSERVER.ID":"obsr4399854","DURATION.MINUTES":34.0,"SAMPLING.EVENT.IDENTIFIER":"S195893980","species_list":"Asian Green Bee-eater; Barred Buttonquail; Common Babbler; Common Tailorbird; Eastern Red-rumped Swallow; Eurasian Collared-Dove; Gray Francolin; Indian Robin; Indian Silverbill; Jungle Prinia; Laughing Dove; Purple Sunbird; Red-vented Bulbul; Red-wattled Lapwing; Rose-ringed Parakeet; Rosy Starling; White-eared Bulbul; Wire-tailed Swallow","n_species":18,"focal_species_seen":"","focal_species_slugs":"","has_focal":false},"geometry":{"type":"Point","coordinates":[68.8753183,23.7801683]}},{"type":"Feature","properties":{"GROUP.ID":"G13041042","LOCALITY":"T15G5","LATITUDE":23.7658739,"LONGITUDE":69.9103237,"OBSERVATION.DATE":"2024-09-14","OBSERVER.ID":"obsr4399854","DURATION.MINUTES":51.0,"SAMPLING.EVENT.IDENTIFIER":"S195893981","species_list":"Ashy-crowned Sparrow-Lark; Asian Green Bee-eater; Barred Buttonquail; Bay-backed Shrike; Baya Weaver; Black-headed Bunting; Black-winged Stilt; Black Drongo; Common Babbler; Common Greenshank; Common Hoopoe; Common Myna; Common Sandpiper; Common Tailorbird; Eastern Cattle-Egret; Eastern Red-rumped Swallow; Eurasian Collared-Dove; Eurasian Kestrel; Eurasian Wryneck; Gray-breasted Prinia; Gray Francolin; House Crow; House Sparrow; Indian Robin; Indian Silverbill; Indian Spot-billed Duck; Isabelline Shrike; Laughing Dove; Montagu's Harrier; Paddyfield Pipit; Plain Prinia; Purple Sunbird; Red-vented Bulbul; Red-wattled Lapwing; Red Collared-Dove; Rosy Starling; Rufous-fronted Prinia; Rufous-tailed Scrub-Robin; Siberian Stonechat; Streak-throated Swallow; Variable Wheatear; White-eared Bulbul; White-throated Kingfisher; Wire-tailed Swallow; Yellow-throated Sparrow","n_species":45,"focal_species_seen":"Rufous-tailed Scrub-Robin","focal_species_slugs":"rufous-tailed-scrub-robin","has_focal":true},"geometry":{"type":"Point","coordinates":[69.9103237,23.7658739]}},{"type":"Feature","properties":{"GROUP.ID":"G13041039","LOCALITY":"T15G3","LATITUDE":23.7242017,"LONGITUDE":69.8702233,"OBSERVATION.DATE":"2024-09-14","OBSERVER.ID":"obsr4399854","DURATION.MINUTES":68.0,"SAMPLING.EVENT.IDENTIFIER":"S195893982","species_list":"Ashy-crowned Sparrow-Lark; Asian Green Bee-eater; Barn Swallow; Bay-backed Shrike; Black Drongo; Common Babbler; Common Hoopoe; Common Tailorbird; Eastern Red-rumped Swallow; Eurasian Collared-Dove; Eurasian Wryneck; European Roller; Gray Francolin; Great Egret; Greater Short-toed Lark; Gull-billed Tern; House Crow; Isabelline Shrike; Isabelline Wheatear; Laughing Dove; Montagu's Harrier; Pied Cuckoo; Red-wattled Lapwing; Red Collared-Dove; Rufous-tailed Scrub-Robin; Sand Lark; Tawny Pipit; Western Reef-Heron; White-throated Kingfisher","n_species":29,"focal_species_seen":"European Roller; Rufous-tailed Scrub-Robin","focal_species_slugs":"european-roller;rufous-tailed-scrub-robin","has_focal":true},"geometry":{"type":"Point","coordinates":[69.8702233,23.7242017]}},{"type":"Feature","properties":{"GROUP.ID":"G13041037","LOCALITY":"T15G2","LATITUDE":23.7119321,"LONGITUDE":69.7887089,"OBSERVATION.DATE":"2024-09-14","OBSERVER.ID":"obsr4399854","DURATION.MINUTES":68.0,"SAMPLING.EVENT.IDENTIFIER":"S195893983","species_list":"Ashy-crowned Sparrow-Lark; Asian Green Bee-eater; Baya Weaver; Black Drongo; Common Cuckoo; Common Hoopoe; Crested Lark; Eastern Red-rumped Swallow; Eurasian Collared-Dove; Eurasian Wryneck; European Roller; Glossy Ibis; Gray Francolin; House Crow; House Sparrow; Indian Robin; Indian Silverbill; Isabelline Shrike; Laughing Dove; Long-tailed Shrike; Paddyfield Pipit; Painted Stork; Plain Prinia; Purple Sunbird; Red-naped Ibis; Red-tailed Shrike; Red-wattled Lapwing; River Tern; Rosy Starling; Streak-throated Swallow; Tawny Pipit; Variable Wheatear; Whiskered Tern; White-eared Bulbul; White-throated Kingfisher; Wire-tailed Swallow","n_species":36,"focal_species_seen":"Common Cuckoo; European Roller; Red-tailed Shrike","focal_species_slugs":"common-cuckoo;european-roller;red-tailed-shrike","has_focal":true},"geometry":{"type":"Point","coordinates":[69.7887089,23.7119321]}},{"type":"Feature","properties":{"GROUP.ID":"G13040844","LOCALITY":"Unnamed Road, Kachchh, Gujarat, IN (23.238, 69.592)","LATITUDE":23.2377099,"LONGITUDE":69.5920493,"OBSERVATION.DATE":"2024-09-15","OBSERVER.ID":"obsr4399854","DURATION.MINUTES":120.0,"SAMPLING.EVENT.IDENTIFIER":"S195893990","species_list":"Ashy-crowned Sparrow-Lark; Asian Green Bee-eater; Bank Myna; Bay-backed Shrike; Baya Weaver; Black-winged Kite; Black Drongo; Booted Eagle; Chestnut-bellied Sandgrouse; Common Babbler; Common Hoopoe; Common Kingfisher; Common Myna; Common Tailorbird; Common Woodshrike; Dusky Crag-Martin; Eastern Cattle-Egret; Eastern Red-rumped Swallow; Eurasian Collared-Dove; Gray-breasted Prinia; Gray Heron; Great Gray Shrike; House Sparrow; Indian Bushlark; Indian Courser; Indian Robin; Indian Roller; Indian Silverbill; Jungle Prinia; Laughing Dove; Lesser Whistling-Duck; Little Cormorant; Oriental Darter; Paddyfield Pipit; Pied Cuckoo; Pied Kingfisher; Plain Prinia; Purple Sunbird; Red-naped Ibis; Red-tailed Shrike; Red-vented Bulbul; Red-wattled Lapwing; Red Collared-Dove; River Tern; Rufous-fronted Prinia; Rufous-tailed Lark; Siberian Stonechat; Western Yellow Wagtail; White-browed Wagtail; White-tailed Iora; Wire-tailed Swallow; Yellow-wattled Lapwing; Zitting Cisticola","n_species":53,"focal_species_seen":"Red-tailed Shrike","focal_species_slugs":"red-tailed-shrike","has_focal":true},"geometry":{"type":"Point","coordinates":[69.5920493,23.2377099]}},{"type":"Feature","properties":{"GROUP.ID":"G13046570","LOCALITY":"T28G3","LATITUDE":23.245021,"LONGITUDE":68.961104,"OBSERVATION.DATE":"2024-09-14","OBSERVER.ID":"obsr4399854","DURATION.MINUTES":62.0,"SAMPLING.EVENT.IDENTIFIER":"S195893992","species_list":"Asian Green Bee-eater; Baya Weaver; Black-crowned Night Heron; Black Drongo; Black Francolin; Common Babbler; Common Tailorbird; Eastern Cattle-Egret; Eastern Red-rumped Swallow; Eurasian Collared-Dove; Eurasian Moorhen; Gray-breasted Prinia; Gray Francolin; Indian Peafowl; Indian Robin; Indian Silverbill; Jungle Prinia; Laughing Dove; Medium Egret; Oriental Darter; Purple Sunbird; Red-vented Bulbul; Red-wattled Lapwing; Rosy Starling; Rufous-fronted Prinia; Spotted Flycatcher; White-eared Bulbul","n_species":27,"focal_species_seen":"Spotted Flycatcher","focal_species_slugs":"spotted-flycatcher","has_focal":true},"geometry":{"type":"Point","coordinates":[68.961104,23.245021]}},{"type":"Feature","properties":{"GROUP.ID":"G13046572","LOCALITY":"T28G2","LATITUDE":23.1776,"LONGITUDE":69.185711,"OBSERVATION.DATE":"2024-09-15","OBSERVER.ID":"obsr4399854","DURATION.MINUTES":60.0,"SAMPLING.EVENT.IDENTIFIER":"S195893993","species_list":"Asian Green Bee-eater; Baya Weaver; Common Babbler; Common Kingfisher; Common Myna; Common Tailorbird; Eastern Cattle-Egret; Eastern Red-rumped Swallow; Eurasian Collared-Dove; European Roller; Gray-breasted Prinia; Gray Francolin; House Sparrow; Indian Peafowl; Indian Robin; Laughing Dove; Little Cormorant; Oriental Darter; Pied Cuckoo; Pied Kingfisher; Red-wattled Lapwing; River Tern; Rosy Starling; White-browed Wagtail; White-throated Kingfisher; Wire-tailed Swallow","n_species":26,"focal_species_seen":"European Roller","focal_species_slugs":"european-roller","has_focal":true},"geometry":{"type":"Point","coordinates":[69.185711,23.1776]}},{"type":"Feature","properties":{"GROUP.ID":"G13046573","LOCALITY":"T28G1","LATITUDE":23.182521,"LONGITUDE":69.091295,"OBSERVATION.DATE":"2024-09-15","OBSERVER.ID":"obsr4399854","DURATION.MINUTES":97.0,"SAMPLING.EVENT.IDENTIFIER":"S195893994","species_list":"Asian Green Bee-eater; Asian Koel; Barred Buttonquail; Bay-backed Shrike; Baya Weaver; Black-winged Kite; Brahminy Starling; Common Babbler; Common Kingfisher; Common Tailorbird; Eastern Cattle-Egret; Eurasian Collared-Dove; Eurasian Moorhen; Eurasian Wryneck; Gray-breasted Prinia; Gray Francolin; Greater Coucal; Indian Bushlark; Indian Peafowl; Indian Pond-Heron; Indian Robin; Indian Silverbill; Laughing Dove; Lesser Whistling-Duck; Paddyfield Pipit; Pied Cuckoo; Plain Prinia; Purple Sunbird; Red-vented Bulbul; Red-wattled Lapwing; Rosy Starling; Rufous-fronted Prinia; Streak-throated Swallow; Sykes's Warbler; White-tailed Iora; Wire-tailed Swallow; Yellow-wattled Lapwing; Zitting Cisticola","n_species":38,"focal_species_seen":"","focal_species_slugs":"","has_focal":false},"geometry":{"type":"Point","coordinates":[69.091295,23.182521]}},{"type":"Feature","properties":{"GROUP.ID":"G13046575","LOCALITY":"T28G5","LATITUDE":23.3052,"LONGITUDE":69.072505,"OBSERVATION.DATE":"2024-09-14","OBSERVER.ID":"obsr4399854","DURATION.MINUTES":36.0,"SAMPLING.EVENT.IDENTIFIER":"S195893995","species_list":"Asian Green Bee-eater; Baya Weaver; Brahminy Starling; Common Babbler; European Roller; Gray Francolin; House Sparrow; Indian Cormorant; Indian Robin; Indian Spot-billed Duck; Jungle Prinia; Laughing Dove; Little Cormorant; Little Egret; Purple Sunbird; Red-vented Bulbul; Rose-ringed Parakeet; Rosy Starling; Whiskered Tern; White-throated Kingfisher","n_species":20,"focal_species_seen":"European Roller","focal_species_slugs":"european-roller","has_focal":true},"geometry":{"type":"Point","coordinates":[69.072505,23.3052]}},{"type":"Feature","properties":{"GROUP.ID":"G13041036","LOCALITY":"T15G1","LATITUDE":23.6601383,"LONGITUDE":69.7621833,"OBSERVATION.DATE":"2024-09-14","OBSERVER.ID":"obsr4399854","DURATION.MINUTES":48.0,"SAMPLING.EVENT.IDENTIFIER":"S195893997","species_list":"Ashy-crowned Sparrow-Lark; Asian Green Bee-eater; Bay-backed Shrike; Baya Weaver; Black-winged Stilt; Black Drongo; Common Babbler; Common Cuckoo; Common Hoopoe; Common Sandpiper; Common Tailorbird; Eastern Cattle-Egret; Eurasian Collared-Dove; European Roller; Gray-breasted Prinia; Gray Francolin; Gray Heron; House Crow; House Sparrow; Indian Robin; Indian Silverbill; Indian Spot-billed Duck; Isabelline Shrike; Kentish Plover; Laughing Dove; Little Grebe; Paddyfield Pipit; Painted Stork; Plain Prinia; Purple Sunbird; Red-backed Shrike; Red-naped Ibis; Red-wattled Lapwing; Rosy Starling; Siberian Stonechat; Streak-throated Swallow; Tawny Pipit; Temminck's Stint; Whiskered Tern; White-eared Bulbul; White-throated Kingfisher","n_species":41,"focal_species_seen":"Common Cuckoo; European Roller; Red-backed Shrike","focal_species_slugs":"common-cuckoo;european-roller;red-backed-shrike","has_focal":true},"geometry":{"type":"Point","coordinates":[69.7621833,23.6601383]}},{"type":"Feature","properties":{"GROUP.ID":"G13055661","LOCALITY":"T13G5","LATITUDE":23.251235,"LONGITUDE":69.884272,"OBSERVATION.DATE":"2024-09-15","OBSERVER.ID":"obsr4399854","DURATION.MINUTES":51.0,"SAMPLING.EVENT.IDENTIFIER":"S195893998","species_list":"Ashy-crowned Sparrow-Lark; Asian Green Bee-eater; Baya Weaver; Black-winged Stilt; Common Babbler; Eastern Cattle-Egret; Eastern Red-rumped Swallow; Eurasian Collared-Dove; Eurasian Coot; European Roller; House Sparrow; Indian Robin; Indian Silverbill; Laughing Dove; Lesser Whitethroat; Little Cormorant; Little Grebe; Oriental Darter; Plain Prinia; Purple Sunbird; Red-vented Bulbul; Red-wattled Lapwing; River Tern; Rufous-fronted Prinia; Siberian Stonechat; Small Minivet; Sykes's Warbler","n_species":27,"focal_species_seen":"European Roller","focal_species_slugs":"european-roller","has_focal":true},"geometry":{"type":"Point","coordinates":[69.884272,23.251235]}},{"type":"Feature","properties":{"GROUP.ID":"G13055662","LOCALITY":"T13G4","LATITUDE":23.287295,"LONGITUDE":69.933226,"OBSERVATION.DATE":"2024-09-15","OBSERVER.ID":"obsr4399854","DURATION.MINUTES":47.0,"SAMPLING.EVENT.IDENTIFIER":"S195893999","species_list":"Ashy-crowned Sparrow-Lark; Asian Green Bee-eater; Baya Weaver; Common Babbler; Common Myna; Common Tailorbird; Eastern Cattle-Egret; Eurasian Collared-Dove; Gray-breasted Prinia; Gray Francolin; Green Sandpiper; House Sparrow; Indian Pond-Heron; Indian Silverbill; Lesser Whitethroat; Little Ringed Plover; Pied Cuckoo; Plain Prinia; Purple Sunbird; Red-vented Bulbul; Red-wattled Lapwing; Temminck's Stint; Variable Wheatear; White-eared Bulbul; White-throated Kingfisher; Wire-tailed Swallow","n_species":26,"focal_species_seen":"","focal_species_slugs":"","has_focal":false},"geometry":{"type":"Point","coordinates":[69.933226,23.287295]}},{"type":"Feature","properties":{"GROUP.ID":"G13040432","LOCALITY":"PMC-T39G3","LATITUDE":23.5724365,"LONGITUDE":68.5810444,"OBSERVATION.DATE":"2024-09-15","OBSERVER.ID":"obsr4399854","DURATION.MINUTES":47.0,"SAMPLING.EVENT.IDENTIFIER":"S195894001","species_list":"Ashy-crowned Sparrow-Lark; Bay-backed Shrike; Baya Weaver; Black Francolin; Common Babbler; Common Tailorbird; Eastern Cattle-Egret; Eastern Orphean Warbler; Eurasian Collared-Dove; Eurasian Wryneck; Gray-breasted Prinia; Gray Francolin; Greater Whitethroat; Indian Bushlark; Indian Roller; Laughing Dove; Paddyfield Pipit; Purple Sunbird; Red-vented Bulbul; Rosy Starling; Rufous-fronted Prinia; Small Minivet; Spotted Flycatcher; White-tailed Iora","n_species":24,"focal_species_seen":"Greater Whitethroat; Spotted Flycatcher","focal_species_slugs":"greater-whitethroat;spotted-flycatcher","has_focal":true},"geometry":{"type":"Point","coordinates":[68.5810444,23.5724365]}},{"type":"Feature","properties":{"GROUP.ID":"G13040433","LOCALITY":"PMC-T39G4","LATITUDE":23.6419098,"LONGITUDE":68.5448767,"OBSERVATION.DATE":"2024-09-14","OBSERVER.ID":"obsr4399854","DURATION.MINUTES":30.0,"SAMPLING.EVENT.IDENTIFIER":"S195894003","species_list":"Asian Green Bee-eater; Bay-backed Shrike; Common Babbler; Common Tailorbird; Eastern Cattle-Egret; Eurasian Collared-Dove; European Roller; Gray Francolin; Greater Coucal; Indian Peafowl; Laughing Dove; Lesser Whistling-Duck; Little Swift; Painted Stork; Purple Sunbird; Red-vented Bulbul; Red-wattled Lapwing; Rose-ringed Parakeet; Rufous-fronted Prinia; Shikra; White-eared Bulbul; White-tailed Iora","n_species":22,"focal_species_seen":"European Roller","focal_species_slugs":"european-roller","has_focal":true},"geometry":{"type":"Point","coordinates":[68.5448767,23.6419098]}},{"type":"Feature","properties":{"GROUP.ID":"G13040434","LOCALITY":"PMC-T39G5","LATITUDE":23.6882754,"LONGITUDE":68.5754242,"OBSERVATION.DATE":"2024-09-14","OBSERVER.ID":"obsr4399854","DURATION.MINUTES":34.0,"SAMPLING.EVENT.IDENTIFIER":"S195894004","species_list":"Asian Green Bee-eater; Barred Buttonquail; Bay-backed Shrike; Black-winged Stilt; Black Drongo; Common Babbler; Common Cuckoo; Common Hoopoe; Common Tailorbird; Common Woodshrike; Crested Lark; Eastern Cattle-Egret; Eurasian Collared-Dove; European Roller; Gray-breasted Prinia; Gray Francolin; Greater Coucal; Indian Peafowl; Indian Robin; Indian Silverbill; Indian Thick-knee; Laughing Dove; Little Cormorant; Little Tern; Pied Cuckoo; Plain Prinia; Purple Sunbird; Red-wattled Lapwing; Rosy Starling; White-eared Bulbul; White-tailed Iora","n_species":31,"focal_species_seen":"Common Cuckoo; European Roller","focal_species_slugs":"common-cuckoo;european-roller","has_focal":true},"geometry":{"type":"Point","coordinates":[68.5754242,23.6882754]}},{"type":"Feature","properties":{"GROUP.ID":"G13040526","LOCALITY":"T36G5","LATITUDE":23.6238288,"LONGITUDE":68.8308318,"OBSERVATION.DATE":"2024-09-15","OBSERVER.ID":"obsr4399854","DURATION.MINUTES":56.0,"SAMPLING.EVENT.IDENTIFIER":"S195894005","species_list":"Ashy-crowned Sparrow-Lark; Barred Buttonquail; Baya Weaver; Black Francolin; Common Babbler; Eastern Cattle-Egret; Eurasian Collared-Dove; European Roller; Gray-breasted Prinia; Gray Francolin; Green Sandpiper; Indian Robin; Indian Silverbill; Jungle Prinia; Laughing Dove; Lesser Whistling-Duck; Little Cormorant; Little Swift; Oriental Darter; Paddyfield Pipit; Plain Prinia; Purple Sunbird; Red-vented Bulbul; Red-wattled Lapwing; River Tern; Rose-ringed Parakeet; Rosy Starling; Rufous-fronted Prinia; Siberian Stonechat; White-eared Bulbul; White-tailed Iora; Zitting Cisticola","n_species":32,"focal_species_seen":"European Roller","focal_species_slugs":"european-roller","has_focal":true},"geometry":{"type":"Point","coordinates":[68.8308318,23.6238288]}},{"type":"Feature","properties":{"GROUP.ID":"G13040774","LOCALITY":"T23G4","LATITUDE":23.1298208,"LONGITUDE":69.6209505,"OBSERVATION.DATE":"2024-09-15","OBSERVER.ID":"obsr4399854","DURATION.MINUTES":35.0,"SAMPLING.EVENT.IDENTIFIER":"S195894006","species_list":"Ashy-crowned Sparrow-Lark; Asian Green Bee-eater; Common Babbler; Common Sandpiper; Indian Bushlark; Jungle Prinia; Laughing Dove; Plain Prinia; Purple Sunbird; Red-vented Bulbul; Savanna Nightjar; Spotted Owlet; Sykes's Warbler; White-throated Kingfisher","n_species":14,"focal_species_seen":"","focal_species_slugs":"","has_focal":false},"geometry":{"type":"Point","coordinates":[69.6209505,23.1298208]}},{"type":"Feature","properties":{"GROUP.ID":"G13040775","LOCALITY":"T23G6","LATITUDE":23.181748,"LONGITUDE":69.6668278,"OBSERVATION.DATE":"2024-09-15","OBSERVER.ID":"obsr4399854","DURATION.MINUTES":30.0,"SAMPLING.EVENT.IDENTIFIER":"S195894007","species_list":"Baya Weaver; Common Babbler; Common Tailorbird; Gray Francolin; Jungle Prinia; Laughing Dove; Purple Sunbird; Red-vented Bulbul; Rose-ringed Parakeet; White-eared Bulbul; Wire-tailed Swallow","n_species":11,"focal_species_seen":"","focal_species_slugs":"","has_focal":false},"geometry":{"type":"Point","coordinates":[69.6668278,23.181748]}},{"type":"Feature","properties":{"GROUP.ID":"G13040293","LOCALITY":"PMC2024 T4G2","LATITUDE":23.5913588,"LONGITUDE":70.5864324,"OBSERVATION.DATE":"2024-09-15","OBSERVER.ID":"obsr4399854","DURATION.MINUTES":16.0,"SAMPLING.EVENT.IDENTIFIER":"S195894008","species_list":"Ashy-crowned Sparrow-Lark; Asian Green Bee-eater; Asian Koel; Black-winged Kite; Common Kingfisher; Common Sandpiper; Eurasian Collared-Dove; Gray Francolin; Greater Coucal; Greater Flamingo; Indian Peafowl; Indian Robin; Laughing Dove; Lesser Whistling-Duck; Little Egret; Little Grebe; Pied Kingfisher; Purple Sunbird; Red-vented Bulbul; River Tern; Rosy Starling; White-breasted Waterhen; White-eared Bulbul; White-throated Kingfisher","n_species":24,"focal_species_seen":"","focal_species_slugs":"","has_focal":false},"geometry":{"type":"Point","coordinates":[70.5864324,23.5913588]}},{"type":"Feature","properties":{"GROUP.ID":"G13051784","LOCALITY":"T32G2","LATITUDE":23.683678,"LONGITUDE":69.214031,"OBSERVATION.DATE":"2024-09-14","OBSERVER.ID":"obsr4399854","DURATION.MINUTES":30.0,"SAMPLING.EVENT.IDENTIFIER":"S195894009","species_list":"Asian Green Bee-eater; Black-tailed Godwit; Black-winged Stilt; Blue-cheeked Bee-eater; Brahminy Starling; Common Babbler; Common Kingfisher; Common Sandpiper; Crested Lark; Eastern Cattle-Egret; Eastern Red-rumped Swallow; Eurasian Collared-Dove; European Roller; Glossy Ibis; Gray Francolin; Gray Heron; Great Egret; Greater Flamingo; Green Sandpiper; House Crow; House Sparrow; Indian Pond-Heron; Indian Silverbill; Indian Spot-billed Duck; Knob-billed Duck; Laughing Dove; Little Cormorant; Medium Egret; Oriental Darter; Pied Kingfisher; Plain Prinia; Purple Heron; Purple Sunbird; Red-wattled Lapwing; Streak-throated Swallow; Whiskered Tern; Wire-tailed Swallow; Zitting Cisticola","n_species":38,"focal_species_seen":"Blue-cheeked Bee-eater; European Roller","focal_species_slugs":"blue-cheeked-bee-eater;european-roller","has_focal":true},"geometry":{"type":"Point","coordinates":[69.214031,23.683678]}},{"type":"Feature","properties":{"GROUP.ID":"G13051787","LOCALITY":"T32G1","LATITUDE":23.72444,"LONGITUDE":69.19122,"OBSERVATION.DATE":"2024-09-14","OBSERVER.ID":"obsr4399854","DURATION.MINUTES":29.0,"SAMPLING.EVENT.IDENTIFIER":"S195894010","species_list":"Ashy-crowned Sparrow-Lark; Asian Green Bee-eater; Barn Swallow; Black Drongo; Blyth's Reed Warbler; Common Babbler; Common Kingfisher; Common Sandpiper; Crested Lark; Eastern Cattle-Egret; Eurasian Collared-Dove; Eurasian Whimbrel; European Roller; Garganey; Gray Francolin; Green Sandpiper; Gull-billed Tern; House Crow; Isabelline Shrike; Laughing Dove; Little Cormorant; Little Stint; Painted Stork; Plain Prinia; Purple Sunbird; Red-wattled Lapwing; River Tern; Rosy Starling; Spotted Flycatcher; Streak-throated Swallow; Temminck's Stint; Western Reef-Heron; Whiskered Tern; White-eared Bulbul; White-throated Kingfisher; Zitting Cisticola","n_species":36,"focal_species_seen":"European Roller; Spotted Flycatcher","focal_species_slugs":"european-roller;spotted-flycatcher","has_focal":true},"geometry":{"type":"Point","coordinates":[69.19122,23.72444]}},{"type":"Feature","properties":{"GROUP.ID":"G13040212","LOCALITY":"PMCT21G6","LATITUDE":23.1185079,"LONGITUDE":69.8567793,"OBSERVATION.DATE":"2024-09-15","OBSERVER.ID":"obsr4399854","DURATION.MINUTES":46.0,"SAMPLING.EVENT.IDENTIFIER":"S195894011","species_list":"Ashy-crowned Sparrow-Lark; Asian Green Bee-eater; Asian Koel; Barn Swallow; Bay-backed Shrike; Baya Weaver; Black Drongo; Black Francolin; Brahminy Starling; Common Babbler; Common Cuckoo; Common Hoopoe; Common Myna; Common Sandpiper; Common Tailorbird; Common Woodshrike; Crested Lark; Delicate Prinia; Eastern Cattle-Egret; Eurasian Collared-Dove; European Roller; Gray-breasted Prinia; Gray Francolin; Greater Coucal; Gull-billed Tern; House Sparrow; Indian Bushlark; Indian Cormorant; Indian Peafowl; Indian Robin; Indian Silverbill; Jungle Prinia; Laughing Dove; Lesser Whistling-Duck; Long-tailed Shrike; Paddyfield Pipit; Painted Stork; Pied Cuckoo; Plain Prinia; Purple Sunbird; Rain Quail; Red-backed Shrike; Red-naped Ibis; Red-vented Bulbul; Red-wattled Lapwing; Red Collared-Dove; Rose-ringed Parakeet; Rosy Starling; Rufous-fronted Prinia; Siberian Stonechat; Small Minivet; Tawny Pipit; Variable Wheatear; White-eared Bulbul; White-tailed Iora; White-throated Kingfisher; Wire-tailed Swallow; Yellow-throated Sparrow; Yellow-wattled Lapwing; Zitting Cisticola","n_species":60,"focal_species_seen":"Common Cuckoo; European Roller; Red-backed Shrike","focal_species_slugs":"common-cuckoo;european-roller;red-backed-shrike","has_focal":true},"geometry":{"type":"Point","coordinates":[69.8567793,23.1185079]}},{"type":"Feature","properties":{"GROUP.ID":"G13040213","LOCALITY":"PMCT21G5","LATITUDE":23.0655911,"LONGITUDE":69.855595,"OBSERVATION.DATE":"2024-09-15","OBSERVER.ID":"obsr4399854","DURATION.MINUTES":48.0,"SAMPLING.EVENT.IDENTIFIER":"S195894012","species_list":"Ashy-crowned Sparrow-Lark; Asian Green Bee-eater; Asian Koel; Bank Myna; Barn Swallow; Bay-backed Shrike; Baya Weaver; Black-winged Stilt; Black Drongo; Brahminy Starling; Common Babbler; Common Cuckoo; Common Hoopoe; Common Myna; Common Sandpiper; Common Tailorbird; Eastern Cattle-Egret; Eurasian Collared-Dove; Eurasian Coot; Gray-breasted Prinia; Gray Francolin; Great Egret; Greater Coucal; Gull-billed Tern; House Sparrow; Indian Bushlark; Indian Cormorant; Indian Peafowl; Indian Pond-Heron; Indian Robin; Indian Silverbill; Jungle Prinia; Laughing Dove; Little Cormorant; Little Egret; Little Grebe; Little Ringed Plover; Long-tailed Shrike; Oriental Darter; Paddyfield Pipit; Painted Stork; Plain Prinia; Purple Sunbird; Rain Quail; Red-naped Ibis; Red-tailed Shrike; Red-vented Bulbul; Red-wattled Lapwing; Red Collared-Dove; River Tern; Rose-ringed Parakeet; Rosy Starling; Short-toed Snake-Eagle; Siberian Stonechat; Small Minivet; Variable Wheatear; White-eared Bulbul; White-tailed Iora; White-throated Kingfisher; Wire-tailed Swallow; Yellow-wattled Lapwing; Zitting Cisticola","n_species":62,"focal_species_seen":"Common Cuckoo; Red-tailed Shrike","focal_species_slugs":"common-cuckoo;red-tailed-shrike","has_focal":true},"geometry":{"type":"Point","coordinates":[69.855595,23.0655911]}},{"type":"Feature","properties":{"GROUP.ID":"G13040320","LOCALITY":"PMC2024_T40_G4","LATITUDE":22.8880147,"LONGITUDE":69.3861931,"OBSERVATION.DATE":"2024-09-15","OBSERVER.ID":"obsr4399854","DURATION.MINUTES":34.0,"SAMPLING.EVENT.IDENTIFIER":"S195894013","species_list":"Baya Weaver; Black-crowned Night Heron; Black Drongo; Brahminy Starling; Common Kingfisher; Common Myna; Common Tailorbird; Gray-breasted Prinia; Gray Francolin; Green Sandpiper; Indian Golden Oriole; Indian Silverbill; Laughing Dove; Pied Kingfisher; Plain Prinia; Purple Sunbird; Red-naped Ibis; Red-vented Bulbul; Red-wattled Lapwing; Rose-ringed Parakeet; White-breasted Waterhen; White-throated Kingfisher","n_species":22,"focal_species_seen":"","focal_species_slugs":"","has_focal":false},"geometry":{"type":"Point","coordinates":[69.3861931,22.8880147]}},{"type":"Feature","properties":{"GROUP.ID":"G13051789","LOCALITY":"T32G4","LATITUDE":23.751101,"LONGITUDE":69.491039,"OBSERVATION.DATE":"2024-09-15","OBSERVER.ID":"obsr4399854","DURATION.MINUTES":44.0,"SAMPLING.EVENT.IDENTIFIER":"S195894014","species_list":"Asian Green Bee-eater; Barred Buttonquail; Bay-backed Shrike; Black-headed Ibis; Black-winged Kite; Blue-cheeked Bee-eater; Blyth's Reed Warbler; Common Babbler; Common Hoopoe; Common Tailorbird; Eastern Cattle-Egret; European Roller; Garganey; Gray Francolin; Green Sandpiper; House Crow; Indian Peafowl; Indian Silverbill; Laughing Dove; Pied Cuckoo; Plain Prinia; Purple Sunbird; Rain Quail; Red-backed Shrike; Red-wattled Lapwing; Rosy Starling; Rufous-fronted Prinia; Streak-throated Swallow; Sykes's Warbler; Tawny Lark; Whiskered Tern; White-eared Bulbul; White-throated Kingfisher; Yellow-throated Sparrow","n_species":34,"focal_species_seen":"Blue-cheeked Bee-eater; European Roller; Red-backed Shrike","focal_species_slugs":"blue-cheeked-bee-eater;european-roller;red-backed-shrike","has_focal":true},"geometry":{"type":"Point","coordinates":[69.491039,23.751101]}},{"type":"Feature","properties":{"GROUP.ID":"G13040153","LOCALITY":"T32G6","LATITUDE":23.772994,"LONGITUDE":69.436675,"OBSERVATION.DATE":"2024-09-15","OBSERVER.ID":"obsr4399854","DURATION.MINUTES":54.0,"SAMPLING.EVENT.IDENTIFIER":"S195894016","species_list":"Ashy-crowned Sparrow-Lark; Bay-backed Shrike; Black-headed Ibis; Black-winged Stilt; Blue-cheeked Bee-eater; Common Babbler; Common Redshank; Common Sandpiper; Crested Lark; Eastern Cattle-Egret; Eurasian Collared-Dove; Eurasian Spoonbill; European Roller; Greater Short-toed Lark; House Crow; Indian Silverbill; Indian Spot-billed Duck; Laughing Dove; Northern Pintail; Paddyfield Pipit; Plain Prinia; Purple Sunbird; Rain Quail; Red-wattled Lapwing; Rosy Starling; Short-toed Snake-Eagle; Streak-throated Swallow; Western Yellow Wagtail; Whiskered Tern; White-eared Bulbul; White-throated Kingfisher; Yellow-throated Sparrow; Yellow-wattled Lapwing; Zitting Cisticola","n_species":34,"focal_species_seen":"Blue-cheeked Bee-eater; European Roller","focal_species_slugs":"blue-cheeked-bee-eater;european-roller","has_focal":true},"geometry":{"type":"Point","coordinates":[69.436675,23.772994]}},{"type":"Feature","properties":{"GROUP.ID":"G13040129","LOCALITY":"T11_G04","LATITUDE":23.2605636,"LONGITUDE":70.1480697,"OBSERVATION.DATE":"2024-09-15","OBSERVER.ID":"obsr4399854","DURATION.MINUTES":28.0,"SAMPLING.EVENT.IDENTIFIER":"S195894017","species_list":"Ashy-crowned Sparrow-Lark; Asian Green Bee-eater; Barred Buttonquail; Baya Weaver; Common Babbler; Common Myna; Common Sandpiper; Common Tailorbird; Eurasian Collared-Dove; House Sparrow; Indian Pond-Heron; Indian Robin; Laughing Dove; Little Egret; Plain Prinia; Purple Sunbird; Red-vented Bulbul; Red-wattled Lapwing; Rock Eagle-Owl; Rose-ringed Parakeet; Spotted Flycatcher; Streaked Weaver; Variable Wheatear; White-eared Bulbul; White-throated Kingfisher; Wire-tailed Swallow","n_species":26,"focal_species_seen":"Spotted Flycatcher","focal_species_slugs":"spotted-flycatcher","has_focal":true},"geometry":{"type":"Point","coordinates":[70.1480697,23.2605636]}},{"type":"Feature","properties":{"GROUP.ID":"G13040130","LOCALITY":"T11_G03","LATITUDE":23.2276579,"LONGITUDE":70.1047222,"OBSERVATION.DATE":"2024-09-15","OBSERVER.ID":"obsr4399854","DURATION.MINUTES":53.0,"SAMPLING.EVENT.IDENTIFIER":"S195894018","species_list":"Ashy-crowned Sparrow-Lark; Asian Green Bee-eater; Baya Weaver; Blyth's Reed Warbler; Common Babbler; Common Tailorbird; Eastern Cattle-Egret; Eastern Red-rumped Swallow; Eurasian Collared-Dove; Gray-breasted Prinia; Gray Francolin; House Sparrow; Indian Pond-Heron; Indian Silverbill; Laughing Dove; Long-tailed Shrike; Oriental Honey-buzzard; Plain Prinia; Purple Sunbird; Red-naped Ibis; Red-vented Bulbul; Red-wattled Lapwing; Rosy Starling; White-throated Kingfisher","n_species":24,"focal_species_seen":"","focal_species_slugs":"","has_focal":false},"geometry":{"type":"Point","coordinates":[70.1047222,23.2276579]}},{"type":"Feature","properties":{"GROUP.ID":"G13040323","LOCALITY":"PMC2024_T40G2","LATITUDE":22.8234904,"LONGITUDE":69.341992,"OBSERVATION.DATE":"2024-09-15","OBSERVER.ID":"obsr4399854","DURATION.MINUTES":54.0,"SAMPLING.EVENT.IDENTIFIER":"S195894019","species_list":"Common Cuckoo; Greater Sand-Plover; Gull-billed Tern; House Crow; Kentish Plover; Lesser Black-backed Gull; Red-wattled Lapwing; Rose-ringed Parakeet; Sanderling; Tibetan Sand-Plover; Western Reef-Heron; Wire-tailed Swallow","n_species":12,"focal_species_seen":"Common Cuckoo","focal_species_slugs":"common-cuckoo","has_focal":true},"geometry":{"type":"Point","coordinates":[69.341992,22.8234904]}},{"type":"Feature","properties":{"GROUP.ID":"G13069073","LOCALITY":"Nakhatrana Forest Rest House","LATITUDE":23.3433277,"LONGITUDE":69.2688271,"OBSERVATION.DATE":"2024-09-15","OBSERVER.ID":"obsr4399854","DURATION.MINUTES":5.0,"SAMPLING.EVENT.IDENTIFIER":"S195894020","species_list":"Asian Koel; Gray-breasted Prinia; Green Warbler; Purple Sunbird","n_species":4,"focal_species_seen":"","focal_species_slugs":"","has_focal":false},"geometry":{"type":"Point","coordinates":[69.2688271,23.3433277]}},{"type":"Feature","properties":{"GROUP.ID":"G13040424","LOCALITY":"T35G5, Gujarat, IN (23.532, 68.754)","LATITUDE":23.5319532,"LONGITUDE":68.7540933,"OBSERVATION.DATE":"2024-09-15","OBSERVER.ID":"obsr4399854","DURATION.MINUTES":56.0,"SAMPLING.EVENT.IDENTIFIER":"S195894021","species_list":"Ashy-crowned Sparrow-Lark; Asian Green Bee-eater; Asian Koel; Barn Swallow; Bay-backed Shrike; Baya Weaver; Black-winged Stilt; Black Drongo; Brahminy Starling; Chestnut-bellied Sandgrouse; Common Hoopoe; Common Myna; Common Tailorbird; Eastern Cattle-Egret; Eurasian Collared-Dove; European Roller; Gray-breasted Prinia; Gray Francolin; Great Gray Shrike; Greater Coucal; Greater Whitethroat; Green Sandpiper; House Crow; House Sparrow; Indian Bushlark; Indian Robin; Indian Silverbill; Indian Spot-billed Duck; Jungle Prinia; Laughing Dove; Lesser Whitethroat; Little Swift; Long-tailed Shrike; Oriental Darter; Paddyfield Pipit; Painted Stork; Plain Prinia; Purple Sunbird; Red-naped Ibis; Red-tailed Shrike; Red-vented Bulbul; Red-wattled Lapwing; River Tern; Rock Bush-Quail; Rose-ringed Parakeet; Rosy Starling; Rufous-fronted Prinia; Rufous-tailed Lark; Siberian Stonechat; Spotted Flycatcher; Sykes's Warbler; Tawny Lark; Tawny Pipit; White-eared Bulbul; White-tailed Iora; White-throated Kingfisher; Wire-tailed Swallow; Yellow-eyed Babbler; Yellow-throated Sparrow; Yellow-wattled Lapwing; Zitting Cisticola","n_species":61,"focal_species_seen":"European Roller; Greater Whitethroat; Red-tailed Shrike; Spotted Flycatcher","focal_species_slugs":"european-roller;greater-whitethroat;red-tailed-shrike;spotted-flycatcher","has_focal":true},"geometry":{"type":"Point","coordinates":[68.7540933,23.5319532]}},{"type":"Feature","properties":{"GROUP.ID":"G13040426","LOCALITY":"Unnamed Road, Baranda, Gujarat, IN (23.549, 68.696)","LATITUDE":23.5490171,"LONGITUDE":68.6964053,"OBSERVATION.DATE":"2024-09-15","OBSERVER.ID":"obsr4399854","DURATION.MINUTES":10.0,"SAMPLING.EVENT.IDENTIFIER":"S195894022","species_list":"Asian Green Bee-eater; Bay-backed Shrike; Common Cuckoo; Common Hoopoe; Common Myna; Common Sandpiper; Eurasian Collared-Dove; European Roller; Glossy Ibis; Gray Francolin; Greater Coucal; Green Sandpiper; Indian Silverbill; Laughing Dove; Medium Egret; Red-naped Ibis; Red-wattled Lapwing; Rose-ringed Parakeet; Rosy Starling; Shikra; White-tailed Iora; Wire-tailed Swallow; Yellow-wattled Lapwing; Zitting Cisticola","n_species":24,"focal_species_seen":"Common Cuckoo; European Roller","focal_species_slugs":"common-cuckoo;european-roller","has_focal":true},"geometry":{"type":"Point","coordinates":[68.6964053,23.5490171]}},{"type":"Feature","properties":{"GROUP.ID":"G13040427","LOCALITY":"T35G4, Harudi, Gujarat, IN (23.501, 68.689)","LATITUDE":23.500865,"LONGITUDE":68.6886773,"OBSERVATION.DATE":"2024-09-14","OBSERVER.ID":"obsr4399854","DURATION.MINUTES":46.0,"SAMPLING.EVENT.IDENTIFIER":"S195894023","species_list":"Ashy-crowned Sparrow-Lark; Asian Green Bee-eater; Bay-backed Shrike; Black Drongo; Black Francolin; Blyth's Reed Warbler; Common Hoopoe; Common Myna; Common Woodshrike; Crested Lark; Eastern Cattle-Egret; Eurasian Collared-Dove; European Roller; Glossy Ibis; Gray-breasted Prinia; Gray Francolin; Greater Coucal; Green Sandpiper; Indian Bushlark; Indian Pond-Heron; Indian Robin; Indian Silverbill; Indian Thick-knee; Laughing Dove; Lesser Whitethroat; Little Swift; Plain Prinia; Purple Sunbird; Red-naped Ibis; Red-vented Bulbul; Red-wattled Lapwing; River Tern; Rufous-fronted Prinia; Shikra; Sykes's Warbler; White-eared Bulbul; White-tailed Iora; White-throated Kingfisher; Wire-tailed Swallow; Yellow-throated Sparrow","n_species":40,"focal_species_seen":"European Roller","focal_species_slugs":"european-roller","has_focal":true},"geometry":{"type":"Point","coordinates":[68.6886773,23.500865]}},{"type":"Feature","properties":{"GROUP.ID":"G13046616","LOCALITY":"T10G5","LATITUDE":23.3454982,"LONGITUDE":70.1637995,"OBSERVATION.DATE":"2024-09-15","OBSERVER.ID":"obsr4399854","DURATION.MINUTES":59.0,"SAMPLING.EVENT.IDENTIFIER":"S195894024","species_list":"Baya Weaver; Common Babbler; Common Hoopoe; Eastern Cattle-Egret; Eurasian Collared-Dove; Gray-breasted Prinia; Gray Francolin; House Sparrow; Indian Cormorant; Jungle Prinia; Laughing Dove; Plain Prinia; Red-vented Bulbul; White-eared Bulbul","n_species":14,"focal_species_seen":"","focal_species_slugs":"","has_focal":false},"geometry":{"type":"Point","coordinates":[70.1637995,23.3454982]}},{"type":"Feature","properties":{"GROUP.ID":"G13040205","LOCALITY":"PMC2024 T4G4","LATITUDE":23.6627177,"LONGITUDE":70.5803079,"OBSERVATION.DATE":"2024-09-15","OBSERVER.ID":"obsr4399854","DURATION.MINUTES":56.0,"SAMPLING.EVENT.IDENTIFIER":"S195894025","species_list":"Asian Green Bee-eater; Barn Swallow; Chestnut-bellied Sandgrouse; Common Babbler; Common Kingfisher; Common Sandpiper; Eurasian Collared-Dove; Greater Flamingo; Indian Peafowl; Indian Pond-Heron; Indian Robin; Kentish Plover; Laughing Dove; Lesser Whistling-Duck; Pied Kingfisher; Red-naped Ibis; Red-vented Bulbul; Red-wattled Lapwing; River Tern; White-eared Bulbul; White-throated Kingfisher; Wire-tailed Swallow; Yellow-wattled Lapwing","n_species":23,"focal_species_seen":"","focal_species_slugs":"","has_focal":false},"geometry":{"type":"Point","coordinates":[70.5803079,23.6627177]}},{"type":"Feature","properties":{"GROUP.ID":"G13040681","LOCALITY":"T22_G29_PMC2034","LATITUDE":23.017543,"LONGITUDE":69.564994,"OBSERVATION.DATE":"2024-09-15","OBSERVER.ID":"obsr4399854","DURATION.MINUTES":55.0,"SAMPLING.EVENT.IDENTIFIER":"S195894026","species_list":"Ashy-crowned Sparrow-Lark; Asian Openbill; Bay-backed Shrike; Common Babbler; European Roller; Glossy Ibis; Gray-breasted Prinia; Greater Coucal; Gull-billed Tern; Indian Bushlark; Indian Robin; Laughing Dove; Pied Cuckoo; Plain Prinia; Purple Sunbird; Red-vented Bulbul; Red-wattled Lapwing; Rosy Starling; Tawny Lark; Yellow-crowned Woodpecker; Yellow-wattled Lapwing","n_species":21,"focal_species_seen":"European Roller","focal_species_slugs":"european-roller","has_focal":true},"geometry":{"type":"Point","coordinates":[69.564994,23.017543]}},{"type":"Feature","properties":{"GROUP.ID":"G13040084","LOCALITY":"T30G2","LATITUDE":23.3547694,"LONGITUDE":68.958367,"OBSERVATION.DATE":"2024-09-15","OBSERVER.ID":"obsr4399854","DURATION.MINUTES":45.0,"SAMPLING.EVENT.IDENTIFIER":"S195894027","species_list":"Ashy-crowned Sparrow-Lark; Asian Green Bee-eater; Baya Weaver; Black Drongo; Common Babbler; Common Hoopoe; Common Tailorbird; Dusky Crag-Martin; Eastern Cattle-Egret; Eastern Red-rumped Swallow; Eurasian Collared-Dove; Eurasian Coot; Gray-breasted Prinia; Gray Francolin; House Crow; House Sparrow; Indian Bushlark; Indian Peafowl; Indian Silverbill; Laughing Dove; Lesser Whitethroat; Little Cormorant; Little Grebe; Oriental Darter; Pied Cuckoo; Plain Prinia; Purple Sunbird; Red-vented Bulbul; Red-wattled Lapwing; Rosy Starling; Rufous-fronted Prinia; Spotted Flycatcher; Sykes's Warbler; White-eared Bulbul; White-tailed Iora; White-throated Kingfisher","n_species":36,"focal_species_seen":"Spotted Flycatcher","focal_species_slugs":"spotted-flycatcher","has_focal":true},"geometry":{"type":"Point","coordinates":[68.958367,23.3547694]}},{"type":"Feature","properties":{"GROUP.ID":"G13055663","LOCALITY":"T13G2","LATITUDE":23.372781,"LONGITUDE":69.996744,"OBSERVATION.DATE":"2024-09-14","OBSERVER.ID":"obsr4399854","DURATION.MINUTES":25.0,"SAMPLING.EVENT.IDENTIFIER":"S195894028","species_list":"Ashy-crowned Sparrow-Lark; Asian Green Bee-eater; Baya Weaver; Black-winged Kite; Common Babbler; Eurasian Collared-Dove; European Roller; House Sparrow; Indian Robin; Indian Silverbill; Isabelline Shrike; Jungle Prinia; Knob-billed Duck; Laughing Dove; Plain Prinia; Purple Sunbird; Red-vented Bulbul; Red-wattled Lapwing; Red Collared-Dove; Rosy Starling; Siberian Stonechat; Variable Wheatear; White-eared Bulbul; White-throated Kingfisher; Wire-tailed Swallow","n_species":25,"focal_species_seen":"European Roller","focal_species_slugs":"european-roller","has_focal":true},"geometry":{"type":"Point","coordinates":[69.996744,23.372781]}},{"type":"Feature","properties":{"GROUP.ID":"G13040363","LOCALITY":"T13G1","LATITUDE":23.386157999999999,"LONGITUDE":69.903611,"OBSERVATION.DATE":"2024-09-14","OBSERVER.ID":"obsr4399854","DURATION.MINUTES":76.0,"SAMPLING.EVENT.IDENTIFIER":"S195894029","species_list":"Ashy-crowned Sparrow-Lark; Asian Green Bee-eater; Barred Buttonquail; Bay-backed Shrike; Baya Weaver; Black-headed Ibis; Blue-cheeked Bee-eater; Common Babbler; Common Hoopoe; Common Tailorbird; Dusky Crag-Martin; Eastern Red-rumped Swallow; Eurasian Spoonbill; European Roller; Gray Francolin; Gray Heron; Greater Whitethroat; Indian Bushlark; Indian Robin; Indian Silverbill; Indian Spot-billed Duck; Isabelline Shrike; Jungle Prinia; Little Cormorant; Long-tailed Shrike; Painted Stork; Plain Prinia; Purple Sunbird; Red-naped Ibis; Red-vented Bulbul; River Tern; Rufous-tailed Scrub-Robin; Siberian Stonechat; Spotted Flycatcher; Sykes's Warbler; Variable Wheatear; Western Marsh Harrier; White-eared Bulbul; Yellow-eyed Babbler","n_species":39,"focal_species_seen":"Blue-cheeked Bee-eater; European Roller; Greater Whitethroat; Rufous-tailed Scrub-Robin; Spotted Flycatcher","focal_species_slugs":"blue-cheeked-bee-eater;european-roller;greater-whitethroat;rufous-tailed-scrub-robin;spotted-flycatcher","has_focal":true},"geometry":{"type":"Point","coordinates":[69.903611,23.386157999999999]}},{"type":"Feature","properties":{"GROUP.ID":"G13040235","LOCALITY":"T6 G4 Unnamed Road, Kachchh, Gujarat, IN (23.448, 70.602)","LATITUDE":23.4477499,"LONGITUDE":70.6021001,"OBSERVATION.DATE":"2024-09-15","OBSERVER.ID":"obsr4399854","DURATION.MINUTES":29.0,"SAMPLING.EVENT.IDENTIFIER":"S195894031","species_list":"Ashy-crowned Sparrow-Lark; Asian Green Bee-eater; Barred Buttonquail; Baya Weaver; Black-headed Bunting; Common Babbler; Eurasian Wryneck; European Roller; Indian Bushlark; Jungle Prinia; Lesser Whitethroat; Red-vented Bulbul; Variable Wheatear","n_species":13,"focal_species_seen":"European Roller","focal_species_slugs":"european-roller","has_focal":true},"geometry":{"type":"Point","coordinates":[70.6021001,23.4477499]}},{"type":"Feature","properties":{"GROUP.ID":"G13055665","LOCALITY":"Eastern Banni near Khengarpar village","LATITUDE":23.414054,"LONGITUDE":69.9325,"OBSERVATION.DATE":"2024-09-14","OBSERVER.ID":"obsr4399854","DURATION.MINUTES":86.0,"SAMPLING.EVENT.IDENTIFIER":"S195894032","species_list":"Ashy-crowned Sparrow-Lark; Asian Green Bee-eater; Baya Weaver; Black-headed Ibis; Common Babbler; Crested Lark; Eurasian Collared-Dove; Eurasian Spoonbill; European Roller; Gray Francolin; Isabelline Shrike; Isabelline Wheatear; Paddyfield Pipit; Plain Prinia; Red-backed Shrike; Red-tailed Shrike; Red-wattled Lapwing; Rosy Starling; Rufous-tailed Scrub-Robin; Siberian Stonechat; Spotted Flycatcher","n_species":21,"focal_species_seen":"European Roller; Red-backed Shrike; Red-tailed Shrike; Rufous-tailed Scrub-Robin; Spotted Flycatcher","focal_species_slugs":"european-roller;red-backed-shrike;red-tailed-shrike;rufous-tailed-scrub-robin;spotted-flycatcher","has_focal":true},"geometry":{"type":"Point","coordinates":[69.9325,23.414054]}},{"type":"Feature","properties":{"GROUP.ID":"G13040085","LOCALITY":"Netra-Kuwapaddhar-Tera Road, Ustiya, Gujarat, IN (23.385, 68.984)","LATITUDE":23.3850016,"LONGITUDE":68.9839791,"OBSERVATION.DATE":"2024-09-15","OBSERVER.ID":"obsr4399854","DURATION.MINUTES":null,"SAMPLING.EVENT.IDENTIFIER":"S195894033","species_list":"Long-tailed Shrike","n_species":1,"focal_species_seen":"","focal_species_slugs":"","has_focal":false},"geometry":{"type":"Point","coordinates":[68.9839791,23.3850016]}},{"type":"Feature","properties":{"GROUP.ID":"G13040086","LOCALITY":"Netra-Kuwapaddhar-Tera Road, Bandiya, Gujarat, IN (23.395, 69.004)","LATITUDE":23.3954191,"LONGITUDE":69.0038014,"OBSERVATION.DATE":"2024-09-15","OBSERVER.ID":"obsr4399854","DURATION.MINUTES":null,"SAMPLING.EVENT.IDENTIFIER":"S195894034","species_list":"Long-tailed Shrike","n_species":1,"focal_species_seen":"","focal_species_slugs":"","has_focal":false},"geometry":{"type":"Point","coordinates":[69.0038014,23.3954191]}},{"type":"Feature","properties":{"GROUP.ID":"G13040087","LOCALITY":"Netra, Gujarat, IN (23.398, 69.028)","LATITUDE":23.3984564,"LONGITUDE":69.0276342,"OBSERVATION.DATE":"2024-09-15","OBSERVER.ID":"obsr4399854","DURATION.MINUTES":15.0,"SAMPLING.EVENT.IDENTIFIER":"S195894035","species_list":"Ashy-crowned Sparrow-Lark; Asian Green Bee-eater; Baya Weaver; Black Francolin; Common Sandpiper; Common Woodshrike; Eastern Cattle-Egret; Eastern Red-rumped Swallow; Eurasian Collared-Dove; Gray-breasted Prinia; Gray Francolin; Green Sandpiper; Indian Bushlark; Indian Pond-Heron; Jungle Prinia; Laughing Dove; Lesser Whitethroat; Little Cormorant; Purple Sunbird; Red-vented Bulbul; Red-wattled Lapwing; River Tern; Rufous-fronted Prinia","n_species":23,"focal_species_seen":"","focal_species_slugs":"","has_focal":false},"geometry":{"type":"Point","coordinates":[69.0276342,23.3984564]}},{"type":"Feature","properties":{"GROUP.ID":"G13040088","LOCALITY":"T30G4","LATITUDE":23.3998408,"LONGITUDE":69.0263751,"OBSERVATION.DATE":"2024-09-15","OBSERVER.ID":"obsr4399854","DURATION.MINUTES":45.0,"SAMPLING.EVENT.IDENTIFIER":"S195894036","species_list":"Ashy-crowned Sparrow-Lark; Asian Green Bee-eater; Barn Swallow; Barred Buttonquail; Black Francolin; Brahminy Starling; Clamorous Reed Warbler; Common Babbler; Common Sandpiper; Common Tailorbird; Eastern Cattle-Egret; Eastern Red-rumped Swallow; Eurasian Collared-Dove; European Roller; Gray-breasted Prinia; Gray-necked Bunting; Gray Francolin; Gray Wagtail; Green Sandpiper; House Sparrow; Indian Bushlark; Indian Peafowl; Jungle Prinia; Laughing Dove; Little Egret; Oriental Darter; Pied Cuckoo; Purple Sunbird; Red-vented Bulbul; Red-wattled Lapwing; Red Collared-Dove; River Tern; Rose-ringed Parakeet; Rosy Starling; Rufous-fronted Prinia; Whiskered Tern; White-eared Bulbul; Wire-tailed Swallow; Yellow-throated Sparrow","n_species":39,"focal_species_seen":"European Roller","focal_species_slugs":"european-roller","has_focal":true},"geometry":{"type":"Point","coordinates":[69.0263751,23.3998408]}},{"type":"Feature","properties":{"GROUP.ID":"G13040090","LOCALITY":"Nakhatrana Forest Rest House","LATITUDE":23.3433277,"LONGITUDE":69.2688271,"OBSERVATION.DATE":"2024-09-13","OBSERVER.ID":"obsr4399854","DURATION.MINUTES":15.0,"SAMPLING.EVENT.IDENTIFIER":"S195894038","species_list":"Spotted Owlet","n_species":1,"focal_species_seen":"","focal_species_slugs":"","has_focal":false},"geometry":{"type":"Point","coordinates":[69.2688271,23.3433277]}},{"type":"Feature","properties":{"GROUP.ID":"G13040682","LOCALITY":"T22_G22_PMC2024","LATITUDE":22.990395,"LONGITUDE":69.537601,"OBSERVATION.DATE":"2024-09-15","OBSERVER.ID":"obsr4399854","DURATION.MINUTES":45.0,"SAMPLING.EVENT.IDENTIFIER":"S195894039","species_list":"Baya Weaver; Common Babbler; Eastern Cattle-Egret; Indian Bushlark; Indian Silverbill; Laughing Dove; Little Cormorant; Medium Egret; Plain Prinia; Rain Quail; Red-vented Bulbul; Red-wattled Lapwing; Rufous-fronted Prinia; Western Reef-Heron; Wire-tailed Swallow","n_species":15,"focal_species_seen":"","focal_species_slugs":"","has_focal":false},"geometry":{"type":"Point","coordinates":[69.537601,22.990395]}},{"type":"Feature","properties":{"GROUP.ID":"G13040776","LOCALITY":"T23G5","LATITUDE":23.1807248,"LONGITUDE":69.5819118,"OBSERVATION.DATE":"2024-09-15","OBSERVER.ID":"obsr4399854","DURATION.MINUTES":61.0,"SAMPLING.EVENT.IDENTIFIER":"S195894040","species_list":"Ashy-crowned Sparrow-Lark; Asian Green Bee-eater; Baya Weaver; Black-winged Stilt; Common Babbler; Common Hoopoe; Common Tailorbird; Eastern Cattle-Egret; Gray Francolin; House Sparrow; Indian Pond-Heron; Indian Robin; Indian Silverbill; Jungle Prinia; Laughing Dove; Little Cormorant; Pied Cuckoo; Purple Sunbird; Red-vented Bulbul; Red-wattled Lapwing; River Tern; Rose-ringed Parakeet; Rufous-tailed Lark; Spotted Flycatcher; Sykes's Warbler; White-eared Bulbul; White-tailed Iora; Wire-tailed Swallow","n_species":28,"focal_species_seen":"Spotted Flycatcher","focal_species_slugs":"spotted-flycatcher","has_focal":true},"geometry":{"type":"Point","coordinates":[69.5819118,23.1807248]}},{"type":"Feature","properties":{"GROUP.ID":"G13039385","LOCALITY":"T24G2","LATITUDE":23.0540167,"LONGITUDE":69.34487,"OBSERVATION.DATE":"2024-09-15","OBSERVER.ID":"obsr4399854","DURATION.MINUTES":54.0,"SAMPLING.EVENT.IDENTIFIER":"S195894041","species_list":"Ashy-crowned Sparrow-Lark; Asian Green Bee-eater; Bay-backed Shrike; Baya Weaver; Black-crowned Night Heron; Blue-cheeked Bee-eater; Common Babbler; Common Hoopoe; Common Tailorbird; Eastern Cattle-Egret; Eastern Red-rumped Swallow; Eurasian Collared-Dove; European Roller; Gray Francolin; Green Sandpiper; Indian Bushlark; Indian Peafowl; Indian Pond-Heron; Indian Robin; Indian Silverbill; Jungle Prinia; Laughing Dove; Lesser Whistling-Duck; Little Cormorant; Little Swift; Long-tailed Shrike; Paddyfield Pipit; Purple Heron; Purple Sunbird; Red-vented Bulbul; Red-wattled Lapwing; Rose-ringed Parakeet; Rufous-fronted Prinia; Spotted Flycatcher; Variable Wheatear; White-eared Bulbul; White-tailed Iora; White-throated Kingfisher; Wire-tailed Swallow; Yellow-wattled Lapwing","n_species":40,"focal_species_seen":"Blue-cheeked Bee-eater; European Roller; Spotted Flycatcher","focal_species_slugs":"blue-cheeked-bee-eater;european-roller;spotted-flycatcher","has_focal":true},"geometry":{"type":"Point","coordinates":[69.34487,23.0540167]}},{"type":"Feature","properties":{"GROUP.ID":"G13039413","LOCALITY":"Team No 6Team_Grid_4 Unnamed Road, Kachchh, Gujarat, IN (23.474, 70.601)","LATITUDE":23.473712,"LONGITUDE":70.6007443,"OBSERVATION.DATE":"2024-09-14","OBSERVER.ID":"obsr4399854","DURATION.MINUTES":79.0,"SAMPLING.EVENT.IDENTIFIER":"S195894042","species_list":"Asian Green Bee-eater; Black-headed Ibis; Eurasian Collared-Dove; Gray-necked Bunting; Gray Francolin; Indian Silverbill; Jungle Prinia; Laughing Dove; Pied Cuckoo; Red-wattled Lapwing; Red Collared-Dove; Rufous-tailed Lark; Siberian Stonechat; Spotted Flycatcher; Sykes's Warbler; White-eared Bulbul; White-throated Kingfisher","n_species":17,"focal_species_seen":"Spotted Flycatcher","focal_species_slugs":"spotted-flycatcher","has_focal":true},"geometry":{"type":"Point","coordinates":[70.6007443,23.473712]}},{"type":"Feature","properties":{"GROUP.ID":"G13040234","LOCALITY":"T6 G2 Dedarva, Gujarat, IN (23.431, 70.662)","LATITUDE":23.4312331,"LONGITUDE":70.6623201,"OBSERVATION.DATE":"2024-09-15","OBSERVER.ID":"obsr4399854","DURATION.MINUTES":85.0,"SAMPLING.EVENT.IDENTIFIER":"S195894043","species_list":"Bay-backed Shrike; Baya Weaver; Black-winged Kite; Common Cuckoo; Eastern Cattle-Egret; European Roller; Jungle Prinia; Laughing Dove; Little Egret; Pied Cuckoo; Purple Heron; Red-backed Shrike; Rosy Starling; Striolated Bunting","n_species":14,"focal_species_seen":"Common Cuckoo; European Roller; Red-backed Shrike","focal_species_slugs":"common-cuckoo;european-roller;red-backed-shrike","has_focal":true},"geometry":{"type":"Point","coordinates":[70.6623201,23.4312331]}},{"type":"Feature","properties":{"GROUP.ID":"G13040687","LOCALITY":"T22_G21_PMC2024","LATITUDE":22.995347,"LONGITUDE":69.45155,"OBSERVATION.DATE":"2024-09-15","OBSERVER.ID":"obsr4399854","DURATION.MINUTES":40.0,"SAMPLING.EVENT.IDENTIFIER":"S195894044","species_list":"Asian Koel; Baya Weaver; Common Babbler; Common Woodshrike; Gray-breasted Prinia; Gray Francolin; House Sparrow; Indian Peafowl; Indian Robin; Indian Silverbill; Laughing Dove; Long-tailed Shrike; Purple Sunbird; Red-vented Bulbul; Rose-ringed Parakeet; Small Minivet; Yellow-wattled Lapwing; Zitting Cisticola","n_species":18,"focal_species_seen":"","focal_species_slugs":"","has_focal":false},"geometry":{"type":"Point","coordinates":[69.45155,22.995347]}},{"type":"Feature","properties":{"GROUP.ID":"G13038772","LOCALITY":"T24G1","LATITUDE":23.0589883,"LONGITUDE":69.2193367,"OBSERVATION.DATE":"2024-09-14","OBSERVER.ID":"obsr4399854","DURATION.MINUTES":44.0,"SAMPLING.EVENT.IDENTIFIER":"S195894046","species_list":"Common Babbler; Common Tailorbird; Eastern Cattle-Egret; Gray-breasted Prinia; Gray Francolin; Indian Peafowl; Indian Robin; Jungle Prinia; Laughing Dove; Long-tailed Shrike; Purple Sunbird; Red-vented Bulbul; Spotted Flycatcher; White-throated Kingfisher","n_species":14,"focal_species_seen":"Spotted Flycatcher","focal_species_slugs":"spotted-flycatcher","has_focal":true},"geometry":{"type":"Point","coordinates":[69.2193367,23.0589883]}},{"type":"Feature","properties":{"GROUP.ID":"G13038462","LOCALITY":"PMCT21G3","LATITUDE":23.0103906,"LONGITUDE":69.77262,"OBSERVATION.DATE":"2024-09-14","OBSERVER.ID":"obsr4399854","DURATION.MINUTES":46.0,"SAMPLING.EVENT.IDENTIFIER":"S195894047","species_list":"Ashy-crowned Sparrow-Lark; Asian Green Bee-eater; Bay-backed Shrike; Baya Weaver; Black Drongo; Brahminy Starling; Common Babbler; Common Myna; Common Tailorbird; Eastern Cattle-Egret; Eurasian Collared-Dove; European Roller; Gray-breasted Prinia; Gray Francolin; House Sparrow; Indian Bushlark; Indian Robin; Indian Silverbill; Jungle Prinia; Laughing Dove; Little Cormorant; Long-tailed Shrike; Paddyfield Pipit; Pied Cuckoo; Purple Sunbird; Red-naped Ibis; Red-vented Bulbul; Red-wattled Lapwing; Red Collared-Dove; Rose-ringed Parakeet; Rosy Starling; Small Minivet; Variable Wheatear; White-eared Bulbul; White-tailed Iora; White-throated Kingfisher; Wire-tailed Swallow; Yellow-crowned Woodpecker","n_species":38,"focal_species_seen":"European Roller","focal_species_slugs":"european-roller","has_focal":true},"geometry":{"type":"Point","coordinates":[69.77262,23.0103906]}},{"type":"Feature","properties":{"GROUP.ID":"G13038461","LOCALITY":"PMCT21G2","LATITUDE":22.9713605,"LONGITUDE":69.7090486,"OBSERVATION.DATE":"2024-09-14","OBSERVER.ID":"obsr4399854","DURATION.MINUTES":47.0,"SAMPLING.EVENT.IDENTIFIER":"S195894048","species_list":"Asian Green Bee-eater; Bay-backed Shrike; Black-winged Stilt; Common Kingfisher; Delicate Prinia; Eastern Cattle-Egret; Eurasian Collared-Dove; European Roller; Gray Francolin; Greater Coucal; Indian Robin; Indian Spot-billed Duck; Laughing Dove; Lesser Whistling-Duck; Little Cormorant; Red-wattled Lapwing; Red Collared-Dove; Rosy Starling; White-tailed Iora; Wire-tailed Swallow","n_species":20,"focal_species_seen":"European Roller","focal_species_slugs":"european-roller","has_focal":true},"geometry":{"type":"Point","coordinates":[69.7090486,22.9713605]}},{"type":"Feature","properties":{"GROUP.ID":"G13038736","LOCALITY":"Kalo Dungar (OBI)","LATITUDE":23.9328742,"LONGITUDE":69.8111222,"OBSERVATION.DATE":"2024-09-14","OBSERVER.ID":"obsr4399854","DURATION.MINUTES":null,"SAMPLING.EVENT.IDENTIFIER":"S195894049","species_list":"Indian Thick-knee; Rock Eagle-Owl","n_species":2,"focal_species_seen":"","focal_species_slugs":"","has_focal":false},"geometry":{"type":"Point","coordinates":[69.8111222,23.9328742]}},{"type":"Feature","properties":{"GROUP.ID":"G13038737","LOCALITY":"Gujarat State Highway 45, Kachchh, Gujarat, IN (24.123, 69.287)","LATITUDE":24.1234917,"LONGITUDE":69.2869083,"OBSERVATION.DATE":"2024-09-14","OBSERVER.ID":"obsr4399854","DURATION.MINUTES":null,"SAMPLING.EVENT.IDENTIFIER":"S195894051","species_list":"Greater Hoopoe-Lark; Siberian Stonechat","n_species":2,"focal_species_seen":"","focal_species_slugs":"","has_focal":false},"geometry":{"type":"Point","coordinates":[69.2869083,24.1234917]}},{"type":"Feature","properties":{"GROUP.ID":"G13038738","LOCALITY":"Shakoor lake","LATITUDE":24.2702054,"LONGITUDE":69.0952814,"OBSERVATION.DATE":"2024-09-14","OBSERVER.ID":"obsr4399854","DURATION.MINUTES":100.0,"SAMPLING.EVENT.IDENTIFIER":"S195894052","species_list":"Asian Green Bee-eater; Black-winged Stilt; Black Drongo; Blue-cheeked Bee-eater; Caspian Tern; Clamorous Reed Warbler; Common Babbler; Common Cuckoo; Common Hoopoe; Common Myna; Crested Lark; Delicate Prinia; Eurasian Collared-Dove; European Roller; Glossy Ibis; Gray Francolin; Great Cormorant; Great Gray Shrike; Great White Pelican; Greater Flamingo; Gull-billed Tern; House Crow; Indian Bushlark; Indian Cormorant; Isabelline Shrike; Laughing Dove; Little Cormorant; Little Egret; Little Tern; Medium Egret; Painted Stork; Pallid Harrier; Plain Prinia; Red-backed Shrike; Red-wattled Lapwing; River Tern; Siberian Stonechat; Variable Wheatear; Western Marsh Harrier; Western Reef-Heron; Whiskered Tern; White-eared Bulbul","n_species":42,"focal_species_seen":"Blue-cheeked Bee-eater; Common Cuckoo; European Roller; Red-backed Shrike","focal_species_slugs":"blue-cheeked-bee-eater;common-cuckoo;european-roller;red-backed-shrike","has_focal":true},"geometry":{"type":"Point","coordinates":[69.0952814,24.2702054]}},{"type":"Feature","properties":{"GROUP.ID":"G13038739","LOCALITY":"Gujarat State Highway 45, Kachchh, Gujarat, IN (24.183, 69.223)","LATITUDE":24.1825392,"LONGITUDE":69.2226341,"OBSERVATION.DATE":"2024-09-14","OBSERVER.ID":"obsr4399854","DURATION.MINUTES":10.0,"SAMPLING.EVENT.IDENTIFIER":"S195894053","species_list":"Bonelli's Eagle; Red-wattled Lapwing; Ruff; Western Marsh Harrier","n_species":4,"focal_species_seen":"","focal_species_slugs":"","has_focal":false},"geometry":{"type":"Point","coordinates":[69.2226341,24.1825392]}},{"type":"Feature","properties":{"GROUP.ID":"G13038740","LOCALITY":"Gujarat State Highway 45, Kachchh, Gujarat, IN (24.167, 69.254)","LATITUDE":24.1674102,"LONGITUDE":69.253877,"OBSERVATION.DATE":"2024-09-14","OBSERVER.ID":"obsr4399854","DURATION.MINUTES":3.0,"SAMPLING.EVENT.IDENTIFIER":"S195894054","species_list":"Blue-cheeked Bee-eater; Crested Lark; Eurasian Curlew; European Roller; Gray Heron; Little Egret; Marsh Sandpiper; Red-tailed Shrike; Red-wattled Lapwing; Ruff; Western Reef-Heron","n_species":11,"focal_species_seen":"Blue-cheeked Bee-eater; European Roller; Red-tailed Shrike","focal_species_slugs":"blue-cheeked-bee-eater;european-roller;red-tailed-shrike","has_focal":true},"geometry":{"type":"Point","coordinates":[69.253877,24.1674102]}},{"type":"Feature","properties":{"GROUP.ID":"G13036020","LOCALITY":"Gujarat State Highway 45, Kachchh, Gujarat, IN (24.06, 69.459)","LATITUDE":24.0601783,"LONGITUDE":69.45906,"OBSERVATION.DATE":"2024-09-14","OBSERVER.ID":"obsr4399854","DURATION.MINUTES":10.0,"SAMPLING.EVENT.IDENTIFIER":"S195894055","species_list":"Bay-backed Shrike; Greater Hoopoe-Lark; Green Sandpiper; Isabelline Shrike; Kentish Plover; Tibetan Sand-Plover","n_species":6,"focal_species_seen":"","focal_species_slugs":"","has_focal":false},"geometry":{"type":"Point","coordinates":[69.45906,24.0601783]}},{"type":"Feature","properties":{"GROUP.ID":"G13035939","LOCALITY":"PMC2024_T17G02, Kachchh, Gujarat, IN (24.031, 69.66)","LATITUDE":24.0314318,"LONGITUDE":69.659623,"OBSERVATION.DATE":"2024-09-14","OBSERVER.ID":"obsr4399854","DURATION.MINUTES":57.0,"SAMPLING.EVENT.IDENTIFIER":"S195894057","species_list":"Ashy-crowned Sparrow-Lark; Asian Green Bee-eater; Barn Swallow; Common Babbler; Common Hoopoe; Eastern Red-rumped Swallow; Eurasian Collared-Dove; Glossy Ibis; Gray Francolin; House Crow; Indian Silverbill; Laughing Dove; Red-wattled Lapwing; Tawny Pipit; Variable Wheatear","n_species":15,"focal_species_seen":"","focal_species_slugs":"","has_focal":false},"geometry":{"type":"Point","coordinates":[69.659623,24.0314318]}},{"type":"Feature","properties":{"GROUP.ID":"G13035940","LOCALITY":"Dinara, Gujarat, IN (23.903, 69.747)","LATITUDE":23.9027725,"LONGITUDE":69.7474342,"OBSERVATION.DATE":"2024-09-14","OBSERVER.ID":"obsr4399854","DURATION.MINUTES":16.0,"SAMPLING.EVENT.IDENTIFIER":"S195894058","species_list":"Black-winged Kite; Brahminy Starling; Common Babbler; House Crow; House Sparrow; Indian Pond-Heron; Laughing Dove; Long-tailed Shrike; Purple Sunbird; Red-vented Bulbul; Rufous-fronted Prinia; Variable Wheatear; White-eared Bulbul","n_species":13,"focal_species_seen":"","focal_species_slugs":"","has_focal":false},"geometry":{"type":"Point","coordinates":[69.7474342,23.9027725]}},{"type":"Feature","properties":{"GROUP.ID":"G13035967","LOCALITY":"T37G4-Khatiyun, Gujarat, IN (23.704, 69.009)","LATITUDE":23.704055,"LONGITUDE":69.00924,"OBSERVATION.DATE":"2024-09-14","OBSERVER.ID":"obsr4399854","DURATION.MINUTES":43.0,"SAMPLING.EVENT.IDENTIFIER":"S195894060","species_list":"Ashy-crowned Sparrow-Lark; Asian Green Bee-eater; Common Babbler; Common Hoopoe; Eurasian Collared-Dove; Gray Francolin; Jungle Prinia; Laughing Dove; Purple Sunbird; Red-vented Bulbul; Rufous-tailed Lark; Variable Wheatear; White-eared Bulbul; Yellow-throated Sparrow","n_species":14,"focal_species_seen":"","focal_species_slugs":"","has_focal":false},"geometry":{"type":"Point","coordinates":[69.00924,23.704055]}},{"type":"Feature","properties":{"GROUP.ID":"G13040530","LOCALITY":"T36G4","LATITUDE":23.6570847,"LONGITUDE":68.750745,"OBSERVATION.DATE":"2024-09-14","OBSERVER.ID":"obsr4399854","DURATION.MINUTES":52.0,"SAMPLING.EVENT.IDENTIFIER":"S195894062","species_list":"Ashy-crowned Sparrow-Lark; Asian Green Bee-eater; Baya Weaver; Black-headed Ibis; Black Drongo; Common Babbler; Common Hoopoe; Common Myna; Eurasian Collared-Dove; Eurasian Spoonbill; European Roller; Gray-breasted Prinia; Gray Francolin; Great Egret; House Crow; Indian Cormorant; Indian Spot-billed Duck; Jungle Prinia; Laughing Dove; Little Cormorant; Medium Egret; Oriental Darter; Pied Cuckoo; Plain Prinia; Purple Sunbird; Red-vented Bulbul; River Tern; Rose-ringed Parakeet; Rosy Starling; Rufous-fronted Prinia; Streak-throated Swallow; Western Reef-Heron; White-browed Wagtail; White-throated Kingfisher; Wire-tailed Swallow","n_species":35,"focal_species_seen":"European Roller","focal_species_slugs":"european-roller","has_focal":true},"geometry":{"type":"Point","coordinates":[68.750745,23.6570847]}},{"type":"Feature","properties":{"GROUP.ID":"G13040132","LOCALITY":"T11_G05","LATITUDE":23.3281808,"LONGITUDE":70.0834798,"OBSERVATION.DATE":"2024-09-14","OBSERVER.ID":"obsr4399854","DURATION.MINUTES":42.0,"SAMPLING.EVENT.IDENTIFIER":"S195894064","species_list":"Asian Green Bee-eater; Baya Weaver; Blyth's Reed Warbler; Common Babbler; Common Tailorbird; Eastern Red-rumped Swallow; Eurasian Collared-Dove; Gray-breasted Prinia; House Sparrow; Indian Pond-Heron; Indian Silverbill; Jungle Prinia; Laughing Dove; Little Cormorant; Long-tailed Shrike; Red-vented Bulbul; Red-wattled Lapwing; White-eared Bulbul; White-tailed Iora","n_species":19,"focal_species_seen":"","focal_species_slugs":"","has_focal":false},"geometry":{"type":"Point","coordinates":[70.0834798,23.3281808]}},{"type":"Feature","properties":{"GROUP.ID":"G13040133","LOCALITY":"T11_G02","LATITUDE":23.1692205,"LONGITUDE":70.0384914,"OBSERVATION.DATE":"2024-09-14","OBSERVER.ID":"obsr4399854","DURATION.MINUTES":32.0,"SAMPLING.EVENT.IDENTIFIER":"S195894065","species_list":"Asian Green Bee-eater; Asian Koel; Baya Weaver; Black-headed Ibis; Black-winged Stilt; Black Drongo; Common Babbler; Common Hawk-Cuckoo; Common Tailorbird; Eastern Cattle-Egret; Eurasian Collared-Dove; Gray-breasted Prinia; Green Sandpiper; Indian Peafowl; Indian Robin; Indian Silverbill; Indian Spot-billed Duck; Jungle Prinia; Laughing Dove; Little Cormorant; Little Egret; Pied Kingfisher; Purple Sunbird; Red-vented Bulbul; Red-wattled Lapwing; Rose-ringed Parakeet; Whiskered Tern","n_species":27,"focal_species_seen":"","focal_species_slugs":"","has_focal":false},"geometry":{"type":"Point","coordinates":[70.0384914,23.1692205]}},{"type":"Feature","properties":{"GROUP.ID":"G13040125","LOCALITY":"T11_G01","LATITUDE":23.1612958,"LONGITUDE":70.0889484,"OBSERVATION.DATE":"2024-09-14","OBSERVER.ID":"obsr4399854","DURATION.MINUTES":45.0,"SAMPLING.EVENT.IDENTIFIER":"S195894066","species_list":"Ashy-crowned Sparrow-Lark; Asian Green Bee-eater; Common Babbler; Common Myna; Eastern Cattle-Egret; Eurasian Collared-Dove; Gray Francolin; House Sparrow; Indian Robin; Indian Silverbill; Jungle Prinia; Laughing Dove; Little Cormorant; Oriental Darter; Purple Sunbird; Red-wattled Lapwing; Rose-ringed Parakeet; Small Minivet; Streaked Weaver; White-eared Bulbul; Wire-tailed Swallow; Wood Sandpiper; Zitting Cisticola","n_species":23,"focal_species_seen":"","focal_species_slugs":"","has_focal":false},"geometry":{"type":"Point","coordinates":[70.0889484,23.1612958]}},{"type":"Feature","properties":{"GROUP.ID":"G13035976","LOCALITY":"Lakhapar-Zara Road, Khatiyun, Gujarat, IN (23.698, 68.98)","LATITUDE":23.6982383,"LONGITUDE":68.9795167,"OBSERVATION.DATE":"2024-09-14","OBSERVER.ID":"obsr4399854","DURATION.MINUTES":52.0,"SAMPLING.EVENT.IDENTIFIER":"S195894067","species_list":"Asian Green Bee-eater; Bay-backed Shrike; Baya Weaver; Brahminy Starling; Common Babbler; Eastern Red-rumped Swallow; Eurasian Collared-Dove; Gray-breasted Prinia; Greater Coucal; Indian Peafowl; Jungle Prinia; Laughing Dove; Purple Sunbird; Red-vented Bulbul; Rosy Starling; Spotted Flycatcher; Variable Wheatear; White-eared Bulbul; White-tailed Iora","n_species":19,"focal_species_seen":"Spotted Flycatcher","focal_species_slugs":"spotted-flycatcher","has_focal":true},"geometry":{"type":"Point","coordinates":[68.9795167,23.6982383]}},{"type":"Feature","properties":{"GROUP.ID":"G13035189","LOCALITY":"Samanda, Gujarat, IN (23.307, 69.171)","LATITUDE":23.3074049,"LONGITUDE":69.1713777,"OBSERVATION.DATE":"2024-09-14","OBSERVER.ID":"obsr4399854","DURATION.MINUTES":30.0,"SAMPLING.EVENT.IDENTIFIER":"S195894069","species_list":"Ashy-crowned Sparrow-Lark; Bay-backed Shrike; Black Drongo; Brahminy Starling; Common Babbler; Common Tailorbird; Common Woodshrike; Eastern Cattle-Egret; Eurasian Collared-Dove; Gray Francolin; Indian Bushlark; Jungle Prinia; Laughing Dove; Lesser Whistling-Duck; Oriental Darter; Rain Quail; Red-vented Bulbul; Red-wattled Lapwing; Red Collared-Dove; Rock Bush-Quail; Rufous-fronted Prinia; Scaly-breasted Munia; Streak-throated Swallow; White-tailed Iora; Wire-tailed Swallow; Yellow-crowned Woodpecker","n_species":26,"focal_species_seen":"","focal_species_slugs":"","has_focal":false},"geometry":{"type":"Point","coordinates":[69.1713777,23.3074049]}},{"type":"Feature","properties":{"GROUP.ID":"G13035191","LOCALITY":"Unnamed Road, Samanda, Gujarat, IN (23.309, 69.18)","LATITUDE":23.3085539,"LONGITUDE":69.1803905,"OBSERVATION.DATE":"2024-09-14","OBSERVER.ID":"obsr4399854","DURATION.MINUTES":null,"SAMPLING.EVENT.IDENTIFIER":"S195894070","species_list":"Black Francolin; Eurasian Wryneck","n_species":2,"focal_species_seen":"","focal_species_slugs":"","has_focal":false},"geometry":{"type":"Point","coordinates":[69.1803905,23.3085539]}},{"type":"Feature","properties":{"GROUP.ID":"G13035193","LOCALITY":"Rampar, Gujarat, IN (23.269, 69.213)","LATITUDE":23.2694168,"LONGITUDE":69.213236,"OBSERVATION.DATE":"2024-09-14","OBSERVER.ID":"obsr4399854","DURATION.MINUTES":null,"SAMPLING.EVENT.IDENTIFIER":"S195894073","species_list":"Spotted Flycatcher","n_species":1,"focal_species_seen":"Spotted Flycatcher","focal_species_slugs":"spotted-flycatcher","has_focal":true},"geometry":{"type":"Point","coordinates":[69.213236,23.2694168]}},{"type":"Feature","properties":{"GROUP.ID":"G13035194","LOCALITY":"Unnamed Road, Kachchh, Gujarat, IN (23.273, 69.221)","LATITUDE":23.2730256,"LONGITUDE":69.2205971,"OBSERVATION.DATE":"2024-09-14","OBSERVER.ID":"obsr4399854","DURATION.MINUTES":null,"SAMPLING.EVENT.IDENTIFIER":"S195894074","species_list":"Barn Swallow","n_species":1,"focal_species_seen":"","focal_species_slugs":"","has_focal":false},"geometry":{"type":"Point","coordinates":[69.2205971,23.2730256]}},{"type":"Feature","properties":{"GROUP.ID":"G13035195","LOCALITY":"Unnamed Road, Sangnara, Gujarat, IN (23.295, 69.244)","LATITUDE":23.2945759,"LONGITUDE":69.2435855,"OBSERVATION.DATE":"2024-09-14","OBSERVER.ID":"obsr4399854","DURATION.MINUTES":null,"SAMPLING.EVENT.IDENTIFIER":"S195894075","species_list":"Long-tailed Shrike","n_species":1,"focal_species_seen":"","focal_species_slugs":"","has_focal":false},"geometry":{"type":"Point","coordinates":[69.2435855,23.2945759]}},{"type":"Feature","properties":{"GROUP.ID":"G13035196","LOCALITY":"T30G1","LATITUDE":23.2888046,"LONGITUDE":69.2593741,"OBSERVATION.DATE":"2024-09-14","OBSERVER.ID":"obsr4399854","DURATION.MINUTES":60.0,"SAMPLING.EVENT.IDENTIFIER":"S195894076","species_list":"Asian Green Bee-eater; Baya Weaver; Black Drongo; Blyth's Reed Warbler; Brahminy Starling; Chestnut-bellied Sandgrouse; Common Babbler; Common Tailorbird; Common Woodshrike; Eastern Cattle-Egret; Eastern Orphean Warbler; Gray-breasted Prinia; Gray Francolin; Indian Bushlark; Indian Robin; Indian Silverbill; Jungle Prinia; Laughing Dove; Lesser Whitethroat; Pied Cuckoo; Purple Sunbird; Red-vented Bulbul; Red-wattled Lapwing; Red Collared-Dove; Rosy Starling; Rufous-fronted Prinia; Small Minivet; Spotted Flycatcher; Streak-throated Swallow; Sykes's Warbler; Tawny Pipit; White-naped Tit; White-tailed Iora; Wire-tailed Swallow; Yellow-throated Sparrow","n_species":35,"focal_species_seen":"Spotted Flycatcher","focal_species_slugs":"spotted-flycatcher","has_focal":true},"geometry":{"type":"Point","coordinates":[69.2593741,23.2888046]}},{"type":"Feature","properties":{"GROUP.ID":"G13035197","LOCALITY":"Beru, Gujarat, IN (23.309, 69.26)","LATITUDE":23.3093377,"LONGITUDE":69.2599656,"OBSERVATION.DATE":"2024-09-14","OBSERVER.ID":"obsr4399854","DURATION.MINUTES":null,"SAMPLING.EVENT.IDENTIFIER":"S195894078","species_list":"Brown Rock Chat; Spotted Flycatcher","n_species":2,"focal_species_seen":"Spotted Flycatcher","focal_species_slugs":"spotted-flycatcher","has_focal":true},"geometry":{"type":"Point","coordinates":[69.2599656,23.3093377]}},{"type":"Feature","properties":{"GROUP.ID":"G13035198","LOCALITY":"Unnamed Road, Samanda, Gujarat, IN (23.316, 69.189)","LATITUDE":23.3157021,"LONGITUDE":69.1891642,"OBSERVATION.DATE":"2024-09-14","OBSERVER.ID":"obsr4399854","DURATION.MINUTES":5.0,"SAMPLING.EVENT.IDENTIFIER":"S195894079","species_list":"Green Sandpiper; Indian Nightjar; Indian Spot-billed Duck; Little Ringed Plover; Red-wattled Lapwing","n_species":5,"focal_species_seen":"","focal_species_slugs":"","has_focal":false},"geometry":{"type":"Point","coordinates":[69.1891642,23.3157021]}},{"type":"Feature","properties":{"GROUP.ID":"G13035199","LOCALITY":"Samanda, Gujarat, IN (23.307, 69.17)","LATITUDE":23.3072584,"LONGITUDE":69.170035,"OBSERVATION.DATE":"2024-09-14","OBSERVER.ID":"obsr4399854","DURATION.MINUTES":25.0,"SAMPLING.EVENT.IDENTIFIER":"S195894080","species_list":"Bay-backed Shrike; Indian Nightjar; Indian Peafowl; Indian Robin","n_species":4,"focal_species_seen":"","focal_species_slugs":"","has_focal":false},"geometry":{"type":"Point","coordinates":[69.170035,23.3072584]}},{"type":"Feature","properties":{"GROUP.ID":"G13035200","LOCALITY":"Jaday Road, Jaday, Gujarat, IN (23.33, 69.208)","LATITUDE":23.3302099,"LONGITUDE":69.2075691,"OBSERVATION.DATE":"2024-09-14","OBSERVER.ID":"obsr4399854","DURATION.MINUTES":null,"SAMPLING.EVENT.IDENTIFIER":"S195894081","species_list":"Spotted Owlet","n_species":1,"focal_species_seen":"","focal_species_slugs":"","has_focal":false},"geometry":{"type":"Point","coordinates":[69.2075691,23.3302099]}},{"type":"Feature","properties":{"GROUP.ID":"G13035404","LOCALITY":"T34G4","LATITUDE":23.336029,"LONGITUDE":68.694957,"OBSERVATION.DATE":"2024-09-14","OBSERVER.ID":"obsr4399854","DURATION.MINUTES":71.0,"SAMPLING.EVENT.IDENTIFIER":"S195894082","species_list":"Ashy-crowned Sparrow-Lark; Asian Green Bee-eater; Asian Koel; Black-tailed Godwit; Black-winged Stilt; Common Babbler; Common Greenshank; Common Sandpiper; Crested Lark; Eurasian Spoonbill; Gray Francolin; Gray Heron; Great Egret; Greater Flamingo; Gull-billed Tern; House Crow; Indian Cormorant; Indian Silverbill; Indian Spot-billed Duck; Laughing Dove; Little Ringed Plover; Little Stint; Little Tern; Medium Egret; Painted Stork; Red-wattled Lapwing; Red Collared-Dove; River Tern; Spotted Owlet; Temminck's Stint; Western Reef-Heron; Whiskered Tern; White-eared Bulbul; Wire-tailed Swallow; Wood Sandpiper","n_species":35,"focal_species_seen":"","focal_species_slugs":"","has_focal":false},"geometry":{"type":"Point","coordinates":[68.694957,23.336029]}},{"type":"Feature","properties":{"GROUP.ID":"G13035179","LOCALITY":"PMC T21G4","LATITUDE":23.0877128,"LONGITUDE":69.7316626,"OBSERVATION.DATE":"2024-09-14","OBSERVER.ID":"obsr4399854","DURATION.MINUTES":41.0,"SAMPLING.EVENT.IDENTIFIER":"S195894083","species_list":"Ashy-crowned Sparrow-Lark; Asian Green Bee-eater; Bay-backed Shrike; Baya Weaver; Black Drongo; Brahminy Starling; Common Babbler; Common Cuckoo; Common Kingfisher; Common Myna; Common Sandpiper; Common Tailorbird; Delicate Prinia; Desert Wheatear; Eurasian Collared-Dove; European Roller; Gray-breasted Prinia; Gray Francolin; Greater Coucal; House Sparrow; Indian Bushlark; Indian Peafowl; Indian Robin; Indian Silverbill; Jungle Prinia; Laughing Dove; Lesser Whitethroat; Little Cormorant; Paddyfield Pipit; Painted Stork; Plain Prinia; Purple Sunbird; Red-backed Shrike; Red-wattled Lapwing; Red Collared-Dove; Rose-ringed Parakeet; Rosy Starling; Small Minivet; Spotted Flycatcher; Variable Wheatear; White-tailed Iora; White-throated Kingfisher; Wire-tailed Swallow; Yellow-crowned Woodpecker; Yellow-throated Sparrow; Zitting Cisticola","n_species":46,"focal_species_seen":"Common Cuckoo; European Roller; Red-backed Shrike; Spotted Flycatcher","focal_species_slugs":"common-cuckoo;european-roller;red-backed-shrike;spotted-flycatcher","has_focal":true},"geometry":{"type":"Point","coordinates":[69.7316626,23.0877128]}},{"type":"Feature","properties":{"GROUP.ID":"G13040329","LOCALITY":"PMC2024_T40G1","LATITUDE":22.8431575,"LONGITUDE":69.245366,"OBSERVATION.DATE":"2024-09-14","OBSERVER.ID":"obsr4399854","DURATION.MINUTES":37.0,"SAMPLING.EVENT.IDENTIFIER":"S195894084","species_list":"Ashy-crowned Sparrow-Lark; Black-bellied Plover; Common Babbler; Common Greenshank; Common Redshank; Common Sandpiper; Common Tailorbird; Common Woodshrike; Crested Lark; Curlew Sandpiper; Eurasian Curlew; Gray Francolin; Gull-billed Tern; Indian Peafowl; Indian Thick-knee; Kentish Plover; Laughing Dove; Little Stint; Purple Sunbird; Red-vented Bulbul; Red-wattled Lapwing; River Tern; Sand Lark; Tibetan Sand-Plover; Western Reef-Heron; Whiskered Tern; White-eared Bulbul","n_species":27,"focal_species_seen":"","focal_species_slugs":"","has_focal":false},"geometry":{"type":"Point","coordinates":[69.245366,22.8431575]}},{"type":"Feature","properties":{"GROUP.ID":"G13046618","LOCALITY":"T10G4","LATITUDE":23.3034588,"LONGITUDE":70.309775,"OBSERVATION.DATE":"2024-09-14","OBSERVER.ID":"obsr4399854","DURATION.MINUTES":55.0,"SAMPLING.EVENT.IDENTIFIER":"S195894085","species_list":"Asian Green Bee-eater; Baya Weaver; Common Babbler; Common Tailorbird; Eurasian Collared-Dove; European Roller; Gray Francolin; Greater Coucal; House Sparrow; Indian Peafowl; Indian Robin; Indian Roller; Indian Silverbill; Laughing Dove; Plain Prinia; Purple Sunbird; Red-vented Bulbul; Red-wattled Lapwing; Spotted Flycatcher; Variable Wheatear; White-throated Kingfisher; Wire-tailed Swallow","n_species":22,"focal_species_seen":"European Roller; Spotted Flycatcher","focal_species_slugs":"european-roller;spotted-flycatcher","has_focal":true},"geometry":{"type":"Point","coordinates":[70.309775,23.3034588]}},{"type":"Feature","properties":{"GROUP.ID":"G13034649","LOCALITY":"Navavas, Gujarat, IN (23.437, 68.603)","LATITUDE":23.4368123,"LONGITUDE":68.6030833,"OBSERVATION.DATE":"2024-09-14","OBSERVER.ID":"obsr4399854","DURATION.MINUTES":5.0,"SAMPLING.EVENT.IDENTIFIER":"S195894087","species_list":"European Roller; Indian Robin; Spotted Flycatcher","n_species":3,"focal_species_seen":"European Roller; Spotted Flycatcher","focal_species_slugs":"european-roller;spotted-flycatcher","has_focal":true},"geometry":{"type":"Point","coordinates":[68.6030833,23.4368123]}},{"type":"Feature","properties":{"GROUP.ID":"G13034650","LOCALITY":"T35G3, Kachchh, Gujarat, IN (23.482, 68.583)","LATITUDE":23.4820947,"LONGITUDE":68.58324,"OBSERVATION.DATE":"2024-09-14","OBSERVER.ID":"obsr4399854","DURATION.MINUTES":51.0,"SAMPLING.EVENT.IDENTIFIER":"S195894088","species_list":"Ashy-crowned Sparrow-Lark; Asian Green Bee-eater; Baya Weaver; Black Drongo; Black Francolin; Blyth's Reed Warbler; Brahminy Kite; Brahminy Starling; Common Babbler; Common Hoopoe; Common Tailorbird; Common Woodshrike; Eastern Cattle-Egret; Eastern Red-rumped Swallow; Eurasian Collared-Dove; Eurasian Spoonbill; European Roller; Gray-breasted Prinia; Gray Francolin; Green Sandpiper; House Crow; Indian Bushlark; Indian Pond-Heron; Indian Robin; Indian Silverbill; Indian Spot-billed Duck; Jungle Prinia; Knob-billed Duck; Laughing Dove; Lesser Whistling-Duck; Little Cormorant; Long-tailed Shrike; Paddyfield Pipit; Painted Stork; Plain Prinia; Purple Sunbird; Red-naped Ibis; Red-vented Bulbul; Red-wattled Lapwing; Red Collared-Dove; River Tern; Rose-ringed Parakeet; Rufous-fronted Prinia; Sykes's Warbler; Variable Wheatear; White-eared Bulbul; White-tailed Iora; White-throated Kingfisher; Wire-tailed Swallow","n_species":49,"focal_species_seen":"European Roller","focal_species_slugs":"european-roller","has_focal":true},"geometry":{"type":"Point","coordinates":[68.58324,23.4820947]}},{"type":"Feature","properties":{"GROUP.ID":"G13035201","LOCALITY":"Sangnara, Gujarat, IN (23.307, 69.267)","LATITUDE":23.3070442,"LONGITUDE":69.2669286,"OBSERVATION.DATE":"2024-09-14","OBSERVER.ID":"obsr4399854","DURATION.MINUTES":null,"SAMPLING.EVENT.IDENTIFIER":"S195894089","species_list":"Black Drongo","n_species":1,"focal_species_seen":"","focal_species_slugs":"","has_focal":false},"geometry":{"type":"Point","coordinates":[69.2669286,23.3070442]}},{"type":"Feature","properties":{"GROUP.ID":"G13035202","LOCALITY":"Beru, Gujarat, IN (23.31, 69.259)","LATITUDE":23.3096412,"LONGITUDE":69.259003,"OBSERVATION.DATE":"2024-09-14","OBSERVER.ID":"obsr4399854","DURATION.MINUTES":null,"SAMPLING.EVENT.IDENTIFIER":"S195894090","species_list":"Shikra","n_species":1,"focal_species_seen":"","focal_species_slugs":"","has_focal":false},"geometry":{"type":"Point","coordinates":[69.259003,23.3096412]}},{"type":"Feature","properties":{"GROUP.ID":"G13033579","LOCALITY":"PMC2024 T4G1","LATITUDE":23.555469,"LONGITUDE":70.6661495,"OBSERVATION.DATE":"2024-09-14","OBSERVER.ID":"obsr4399854","DURATION.MINUTES":41.0,"SAMPLING.EVENT.IDENTIFIER":"S195894091","species_list":"Asian Green Bee-eater; Baya Weaver; Black-headed Ibis; Black-winged Kite; Black-winged Stilt; Common Babbler; Common Sandpiper; Eurasian Collared-Dove; Glossy Ibis; Gray-breasted Prinia; Gray Francolin; House Sparrow; Indian Peafowl; Jungle Prinia; Knob-billed Duck; Laughing Dove; Little Grebe; Purple Sunbird; Red-naped Ibis; Red-vented Bulbul; Red-wattled Lapwing; White-eared Bulbul; Wood Sandpiper","n_species":23,"focal_species_seen":"","focal_species_slugs":"","has_focal":false},"geometry":{"type":"Point","coordinates":[70.6661495,23.555469]}},{"type":"Feature","properties":{"GROUP.ID":"G13033398","LOCALITY":"Team No 6 Team_gridn 3 Unnamed Road, Kachchh, Gujarat, IN (23.468, 70.556)","LATITUDE":23.4680751,"LONGITUDE":70.5556718,"OBSERVATION.DATE":"2024-09-14","OBSERVER.ID":"obsr4399854","DURATION.MINUTES":162.0,"SAMPLING.EVENT.IDENTIFIER":"S195894093","species_list":"Barred Buttonquail; Bay-backed Shrike; Delicate Prinia; Eurasian Wryneck; European Roller; Lesser Whistling-Duck; Red-vented Bulbul; Sirkeer Malkoha; Spotted Flycatcher; Whiskered Tern; White-eared Bulbul","n_species":11,"focal_species_seen":"European Roller; Spotted Flycatcher","focal_species_slugs":"european-roller;spotted-flycatcher","has_focal":true},"geometry":{"type":"Point","coordinates":[70.5556718,23.4680751]}},{"type":"Feature","properties":{"GROUP.ID":"G13046617","LOCALITY":"T10G3","LATITUDE":23.2230745,"LONGITUDE":70.2622304,"OBSERVATION.DATE":"2024-09-14","OBSERVER.ID":"obsr4399854","DURATION.MINUTES":38.0,"SAMPLING.EVENT.IDENTIFIER":"S195894095","species_list":"Asian Green Bee-eater; Baya Weaver; Black-winged Stilt; Common Sandpiper; Delicate Prinia; Eurasian Collared-Dove; Eurasian Coot; Eurasian Spoonbill; Glossy Ibis; Gray-headed Swamphen; Gray Heron; House Sparrow; Indian Pond-Heron; Indian Robin; Indian Silverbill; Indian Spot-billed Duck; Laughing Dove; Little Cormorant; Little Stint; Little Tern; Marsh Sandpiper; Medium Egret; Oriental Darter; Painted Stork; Pied Kingfisher; Plain Prinia; Red-wattled Lapwing; River Tern; Ruff; Western Marsh Harrier; White-eared Bulbul; Wood Sandpiper","n_species":32,"focal_species_seen":"","focal_species_slugs":"","has_focal":false},"geometry":{"type":"Point","coordinates":[70.2622304,23.2230745]}},{"type":"Feature","properties":{"GROUP.ID":"G13046619","LOCALITY":"T10G1","LATITUDE":23.1300311,"LONGITUDE":70.1828364,"OBSERVATION.DATE":"2024-09-14","OBSERVER.ID":"obsr4399854","DURATION.MINUTES":55.0,"SAMPLING.EVENT.IDENTIFIER":"S195894096","species_list":"Ashy-crowned Sparrow-Lark; Asian Green Bee-eater; Baya Weaver; Black-winged Stilt; Chestnut-bellied Sandgrouse; Common Babbler; Common Hoopoe; Common Sandpiper; Common Tailorbird; Eastern Cattle-Egret; Eurasian Collared-Dove; Eurasian Spoonbill; European Roller; Gray Francolin; Gray Heron; Greater Coucal; House Sparrow; Indian Pond-Heron; Indian Robin; Laughing Dove; Little Cormorant; Little Ringed Plover; Little Stint; Little Tern; Medium Egret; Oriental Darter; Paddyfield Pipit; Pied Cuckoo; Pied Kingfisher; Plain Prinia; Purple Sunbird; Red-vented Bulbul; Red-wattled Lapwing; River Tern; Spotted Flycatcher; Tawny Pipit; White-eared Bulbul; Yellow-wattled Lapwing; Zitting Cisticola","n_species":39,"focal_species_seen":"European Roller; Spotted Flycatcher","focal_species_slugs":"european-roller;spotted-flycatcher","has_focal":true},"geometry":{"type":"Point","coordinates":[70.1828364,23.1300311]}},{"type":"Feature","properties":{"GROUP.ID":"G13034651","LOCALITY":"Unnamed Road, Hothiay, Gujarat, IN (23.495, 68.565)","LATITUDE":23.4950641,"LONGITUDE":68.5654056,"OBSERVATION.DATE":"2024-09-14","OBSERVER.ID":"obsr4399854","DURATION.MINUTES":10.0,"SAMPLING.EVENT.IDENTIFIER":"S195894098","species_list":"Ashy-crowned Sparrow-Lark; Asian Green Bee-eater; Black Drongo; Common Myna; Common Tailorbird; Eurasian Collared-Dove; European Roller; Glossy Ibis; Gray-breasted Prinia; Gray Francolin; Indian Bushlark; Indian Spot-billed Duck; Jungle Prinia; Laughing Dove; Paddyfield Pipit; Pied Cuckoo; Purple Sunbird; Red-vented Bulbul; Red-wattled Lapwing; Red Collared-Dove; Rose-ringed Parakeet; Rufous-fronted Prinia; Siberian Stonechat; Small Minivet; Variable Wheatear; White-eared Bulbul; White-tailed Iora","n_species":27,"focal_species_seen":"European Roller","focal_species_slugs":"european-roller","has_focal":true},"geometry":{"type":"Point","coordinates":[68.5654056,23.4950641]}},{"type":"Feature","properties":{"GROUP.ID":"G13034653","LOCALITY":"T35G1, IN (23.406, 68.573)","LATITUDE":23.4064892,"LONGITUDE":68.5726714,"OBSERVATION.DATE":"2024-09-14","OBSERVER.ID":"obsr4399854","DURATION.MINUTES":34.0,"SAMPLING.EVENT.IDENTIFIER":"S195894100","species_list":"Ashy-crowned Sparrow-Lark; Asian Green Bee-eater; Asian Koel; Barn Swallow; Black-winged Kite; Black Drongo; Brahminy Kite; Common Babbler; Common Greenshank; Common Myna; Crested Lark; Delicate Prinia; Eurasian Collared-Dove; Eurasian Curlew; Eurasian Spoonbill; European Roller; Glossy Ibis; Gray-breasted Prinia; Gray Francolin; Gray Heron; Great Egret; Greater Coucal; Green Sandpiper; Gull-billed Tern; Indian Bushlark; Indian Pond-Heron; Indian Robin; Laughing Dove; Little Egret; Little Heron; Little Stint; Medium Egret; Oriental Darter; Painted Stork; Purple Sunbird; Red-vented Bulbul; Red-wattled Lapwing; Red Collared-Dove; River Tern; Rosy Starling; Rufous-fronted Prinia; Rufous-tailed Lark; Western Reef-Heron; Whiskered Tern; White-eared Bulbul; White-throated Kingfisher","n_species":46,"focal_species_seen":"European Roller","focal_species_slugs":"european-roller","has_focal":true},"geometry":{"type":"Point","coordinates":[68.5726714,23.4064892]}},{"type":"Feature","properties":{"GROUP.ID":"G13033232","LOCALITY":"T24G4","LATITUDE":23.100555,"LONGITUDE":69.1197183,"OBSERVATION.DATE":"2024-09-14","OBSERVER.ID":"obsr4399854","DURATION.MINUTES":63.0,"SAMPLING.EVENT.IDENTIFIER":"S195894101","species_list":"Ashy-crowned Sparrow-Lark; Asian Green Bee-eater; Baya Weaver; Black Drongo; Chestnut-bellied Sandgrouse; Common Babbler; Eastern Cattle-Egret; Eastern Red-rumped Swallow; Eurasian Wryneck; European Roller; Gray-breasted Prinia; Indian Peafowl; Indian Silverbill; Jungle Prinia; Laughing Dove; Little Cormorant; Plain Prinia; Red-vented Bulbul; Red-wattled Lapwing; Rose-ringed Parakeet; Rufous-fronted Prinia; Western Marsh Harrier; White-throated Kingfisher; Wire-tailed Swallow","n_species":24,"focal_species_seen":"European Roller","focal_species_slugs":"european-roller","has_focal":true},"geometry":{"type":"Point","coordinates":[69.1197183,23.100555]}},{"type":"Feature","properties":{"GROUP.ID":"G13035405","LOCALITY":"T34G2","LATITUDE":23.229728,"LONGITUDE":68.614815,"OBSERVATION.DATE":"2024-09-14","OBSERVER.ID":"obsr4399854","DURATION.MINUTES":46.0,"SAMPLING.EVENT.IDENTIFIER":"S195894103","species_list":"Asian Green Bee-eater; Black-winged Stilt; Black Drongo; Common Babbler; Common Greenshank; Common Myna; Common Redshank; Common Sandpiper; Common Tailorbird; Dusky Crag-Martin; Eastern Cattle-Egret; Gray Francolin; Great Egret; Gull-billed Tern; House Crow; House Sparrow; Isabelline Shrike; Kentish Plover; Laughing Dove; Lesser Black-backed Gull; Little Ringed Plover; Little Stint; Long-tailed Shrike; Medium Egret; Red-wattled Lapwing; Rose-ringed Parakeet; Rosy Starling; Sand Lark; Tibetan Sand-Plover; Western Reef-Heron; Wire-tailed Swallow","n_species":31,"focal_species_seen":"","focal_species_slugs":"","has_focal":false},"geometry":{"type":"Point","coordinates":[68.614815,23.229728]}},{"type":"Feature","properties":{"GROUP.ID":"G13036017","LOCALITY":"Dhareshi - Gaduli Road, Gaduli, Gujarat, IN (23.691, 68.868)","LATITUDE":23.6914867,"LONGITUDE":68.8682467,"OBSERVATION.DATE":"2024-09-14","OBSERVER.ID":"obsr4399854","DURATION.MINUTES":48.0,"SAMPLING.EVENT.IDENTIFIER":"S195894104","species_list":"Asian Green Bee-eater; Baya Weaver; Black-winged Kite; Black Francolin; Clamorous Reed Warbler; Common Babbler; Eurasian Collared-Dove; Eurasian Coot; Gray-breasted Prinia; Indian Bushlark; Indian Pond-Heron; Indian Silverbill; Jungle Prinia; Laughing Dove; Lesser Whistling-Duck; Little Grebe; Long-tailed Shrike; Purple Sunbird; Red-backed Shrike; Red-vented Bulbul; Red Collared-Dove; Rosy Starling; Zitting Cisticola","n_species":23,"focal_species_seen":"Red-backed Shrike","focal_species_slugs":"red-backed-shrike","has_focal":true},"geometry":{"type":"Point","coordinates":[68.8682467,23.6914867]}},{"type":"Feature","properties":{"GROUP.ID":"G13035406","LOCALITY":"T34G1","LATITUDE":23.195732,"LONGITUDE":68.741272,"OBSERVATION.DATE":"2024-09-14","OBSERVER.ID":"obsr4399854","DURATION.MINUTES":54.0,"SAMPLING.EVENT.IDENTIFIER":"S195894105","species_list":"Ashy-crowned Sparrow-Lark; Barred Buttonquail; Bay-backed Shrike; Baya Weaver; Black-crowned Night Heron; Black-winged Kite; Black Drongo; Black Francolin; Common Babbler; Eastern Cattle-Egret; Eurasian Spoonbill; European Roller; Glossy Ibis; Gray-necked Bunting; Gray Francolin; Great Egret; Green Sandpiper; Indian Pond-Heron; Indian Silverbill; Indian Spot-billed Duck; Knob-billed Duck; Laughing Dove; Little Cormorant; Little Egret; Long-tailed Shrike; Paddyfield Pipit; Plain Prinia; Rain Quail; Red-vented Bulbul; Red-wattled Lapwing; Red Collared-Dove; Rosy Starling; Rufous-fronted Prinia; Siberian Stonechat; Sykes's Warbler; White-tailed Iora; White-throated Kingfisher; Wire-tailed Swallow; Yellow-crowned Woodpecker","n_species":39,"focal_species_seen":"European Roller","focal_species_slugs":"european-roller","has_focal":true},"geometry":{"type":"Point","coordinates":[68.741272,23.195732]}},{"type":"Feature","properties":{"GROUP.ID":"G13036024","LOCALITY":"T37G5-Mudhan, Gujarat, IN (23.751, 68.938)","LATITUDE":23.750785,"LONGITUDE":68.9380617,"OBSERVATION.DATE":"2024-09-14","OBSERVER.ID":"obsr4399854","DURATION.MINUTES":41.0,"SAMPLING.EVENT.IDENTIFIER":"S195894107","species_list":"Ashy-crowned Sparrow-Lark; Asian Green Bee-eater; Chestnut-bellied Sandgrouse; Common Babbler; Common Tailorbird; Eurasian Collared-Dove; European Roller; Gray Francolin; Laughing Dove; Purple Sunbird; Red-vented Bulbul; Red-wattled Lapwing; Rufous-fronted Prinia; White-eared Bulbul; Yellow-wattled Lapwing","n_species":15,"focal_species_seen":"European Roller","focal_species_slugs":"european-roller","has_focal":true},"geometry":{"type":"Point","coordinates":[68.9380617,23.750785]}},{"type":"Feature","properties":{"GROUP.ID":"G13033239","LOCALITY":"T36G6","LATITUDE":23.698328,"LONGITUDE":68.7630473,"OBSERVATION.DATE":"2024-09-14","OBSERVER.ID":"obsr4399854","DURATION.MINUTES":60.0,"SAMPLING.EVENT.IDENTIFIER":"S195894110","species_list":"Ashy-crowned Sparrow-Lark; Asian Green Bee-eater; Common Babbler; Common Tailorbird; Common Woodshrike; Eurasian Collared-Dove; European Roller; Gray-breasted Prinia; Gray Francolin; Indian Bushlark; Indian Peafowl; Indian Silverbill; Jungle Prinia; Laughing Dove; Little Cormorant; Purple Sunbird; Red-vented Bulbul; Red-wattled Lapwing; Rosy Starling; White-eared Bulbul; White-throated Kingfisher","n_species":21,"focal_species_seen":"European Roller","focal_species_slugs":"european-roller","has_focal":true},"geometry":{"type":"Point","coordinates":[68.7630473,23.698328]}},{"type":"Feature","properties":{"GROUP.ID":"G13040331","LOCALITY":"PMC2024_T40G3","LATITUDE":22.8796176,"LONGITUDE":69.2821847,"OBSERVATION.DATE":"2024-09-14","OBSERVER.ID":"obsr4399854","DURATION.MINUTES":33.0,"SAMPLING.EVENT.IDENTIFIER":"S195894112","species_list":"Asian Green Bee-eater; Baya Weaver; Black Drongo; Common Babbler; Common Hoopoe; Common Tailorbird; Gray-breasted Prinia; Gray Francolin; House Sparrow; Indian Silverbill; Jungle Prinia; Laughing Dove; Little Cormorant; Plain Prinia; Purple Sunbird; Red-naped Ibis; Red-vented Bulbul; Red-wattled Lapwing; Spotted Flycatcher; Spotted Owlet; White-eared Bulbul; White-throated Kingfisher; Zitting Cisticola","n_species":23,"focal_species_seen":"Spotted Flycatcher","focal_species_slugs":"spotted-flycatcher","has_focal":true},"geometry":{"type":"Point","coordinates":[69.2821847,22.8796176]}},{"type":"Feature","properties":{"GROUP.ID":"G13033107","LOCALITY":"PMC-T39G1","LATITUDE":23.547323,"LONGITUDE":68.5279786,"OBSERVATION.DATE":"2024-09-14","OBSERVER.ID":"obsr4399854","DURATION.MINUTES":34.0,"SAMPLING.EVENT.IDENTIFIER":"S195894113","species_list":"Asian Green Bee-eater; Bay-backed Shrike; Baya Weaver; Black Francolin; Common Babbler; Common Hoopoe; Eurasian Collared-Dove; Eurasian Curlew; European Roller; Gray-breasted Prinia; Gray Francolin; Indian Bushlark; Isabelline Shrike; Laughing Dove; Plain Prinia; Purple Sunbird; Red-tailed Shrike; Red-vented Bulbul; Rosy Starling; Rufous-fronted Prinia; Rufous-tailed Scrub-Robin; Siberian Stonechat; Spotted Flycatcher; Western Marsh Harrier; White-tailed Iora; Yellow-eyed Babbler","n_species":26,"focal_species_seen":"European Roller; Red-tailed Shrike; Rufous-tailed Scrub-Robin; Spotted Flycatcher","focal_species_slugs":"european-roller;red-tailed-shrike;rufous-tailed-scrub-robin;spotted-flycatcher","has_focal":true},"geometry":{"type":"Point","coordinates":[68.5279786,23.547323]}},{"type":"Feature","properties":{"GROUP.ID":"G13033108","LOCALITY":"PMC-T39G2","LATITUDE":23.5891335,"LONGITUDE":68.5062157,"OBSERVATION.DATE":"2024-09-14","OBSERVER.ID":"obsr4399854","DURATION.MINUTES":38.0,"SAMPLING.EVENT.IDENTIFIER":"S195894114","species_list":"Ashy-crowned Sparrow-Lark; Asian Green Bee-eater; Barred Buttonquail; Baya Weaver; Black-winged Stilt; Black Francolin; Common Babbler; Common Sandpiper; Desert Wheatear; Eastern Red-rumped Swallow; Eurasian Collared-Dove; Eurasian Spoonbill; European Roller; Gray Francolin; Great Gray Shrike; Greater Coucal; Gull-billed Tern; Indian Bushlark; Indian Peafowl; Indian Robin; Indian Silverbill; Isabelline Shrike; Knob-billed Duck; Laughing Dove; Lesser Whistling-Duck; Medium Egret; Paddyfield Pipit; Pied Cuckoo; Plain Prinia; Red-vented Bulbul; Red-wattled Lapwing; Rosy Starling; Rufous-fronted Prinia; Rufous-tailed Scrub-Robin; Siberian Stonechat; Streak-throated Swallow; Sykes's Warbler; Wire-tailed Swallow; Yellow-eyed Babbler; Zitting Cisticola","n_species":40,"focal_species_seen":"European Roller; Rufous-tailed Scrub-Robin","focal_species_slugs":"european-roller;rufous-tailed-scrub-robin","has_focal":true},"geometry":{"type":"Point","coordinates":[68.5062157,23.5891335]}},{"type":"Feature","properties":{"GROUP.ID":"G13040779","LOCALITY":"T23G2","LATITUDE":23.1568116,"LONGITUDE":69.4678166,"OBSERVATION.DATE":"2024-09-14","OBSERVER.ID":"obsr4399854","DURATION.MINUTES":32.0,"SAMPLING.EVENT.IDENTIFIER":"S195894115","species_list":"Barred Buttonquail; Baya Weaver; Common Sandpiper; Common Tailorbird; Eastern Cattle-Egret; European Roller; Gray Francolin; Indian Peafowl; Indian Silverbill; Jungle Prinia; Laughing Dove; Little Swift; Oriental Darter; Pied Cuckoo; Purple Sunbird; Red-vented Bulbul; Red-wattled Lapwing; Rufous-fronted Prinia; Spotted Flycatcher","n_species":19,"focal_species_seen":"European Roller; Spotted Flycatcher","focal_species_slugs":"european-roller;spotted-flycatcher","has_focal":true},"geometry":{"type":"Point","coordinates":[69.4678166,23.1568116]}},{"type":"Feature","properties":{"GROUP.ID":"G13040780","LOCALITY":"T23G1","LATITUDE":23.0962638,"LONGITUDE":69.4257006,"OBSERVATION.DATE":"2024-09-14","OBSERVER.ID":"obsr4399854","DURATION.MINUTES":33.0,"SAMPLING.EVENT.IDENTIFIER":"S195894116","species_list":"Asian Green Bee-eater; Baya Weaver; Black-winged Kite; Black Drongo; Common Tailorbird; Jungle Prinia; Laughing Dove; Purple Sunbird; Red-vented Bulbul; Red-wattled Lapwing; Rose-ringed Parakeet; Spotted Flycatcher","n_species":12,"focal_species_seen":"Spotted Flycatcher","focal_species_slugs":"spotted-flycatcher","has_focal":true},"geometry":{"type":"Point","coordinates":[69.4257006,23.0962638]}},{"type":"Feature","properties":{"GROUP.ID":"G13040781","LOCALITY":"T23G3","LATITUDE":23.0933057,"LONGITUDE":69.5098552,"OBSERVATION.DATE":"2024-09-14","OBSERVER.ID":"obsr4399854","DURATION.MINUTES":28.0,"SAMPLING.EVENT.IDENTIFIER":"S195894117","species_list":"Ashy-crowned Sparrow-Lark; Asian Green Bee-eater; Bay-backed Shrike; Baya Weaver; Common Babbler; Common Hoopoe; Gray Francolin; Great Gray Shrike; Greater Short-toed Lark; Indian Bushlark; Indian Pond-Heron; Indian Robin; Indian Silverbill; Jungle Prinia; Laughing Dove; Long-tailed Shrike; Plain Prinia; Purple Sunbird; Red-vented Bulbul; Sykes's Warbler; White-eared Bulbul; White-tailed Iora; Wire-tailed Swallow; Zitting Cisticola","n_species":24,"focal_species_seen":"","focal_species_slugs":"","has_focal":false},"geometry":{"type":"Point","coordinates":[69.5098552,23.0933057]}},{"type":"Feature","properties":{"GROUP.ID":"G13040690","LOCALITY":"T22_G9_PMC2024","LATITUDE":22.835163,"LONGITUDE":69.567912,"OBSERVATION.DATE":"2024-09-14","OBSERVER.ID":"obsr4399854","DURATION.MINUTES":50.0,"SAMPLING.EVENT.IDENTIFIER":"S195894119","species_list":"Ashy-crowned Sparrow-Lark; Asian Green Bee-eater; Baya Weaver; Black Drongo; Chestnut-bellied Sandgrouse; Common Babbler; Common Tailorbird; Eastern Red-rumped Swallow; Eurasian Moorhen; Gray Francolin; Greater Coucal; House Sparrow; Indian Bushlark; Indian Peafowl; Indian Robin; Indian Thick-knee; Laughing Dove; Lesser Whistling-Duck; Paddyfield Pipit; Plain Prinia; Red-vented Bulbul; Red-wattled Lapwing; River Tern; Rosy Starling; Rufous-tailed Lark; White-eared Bulbul; Wire-tailed Swallow; Yellow-wattled Lapwing","n_species":28,"focal_species_seen":"","focal_species_slugs":"","has_focal":false},"geometry":{"type":"Point","coordinates":[69.567912,22.835163]}},{"type":"Feature","properties":{"GROUP.ID":"G13032924","LOCALITY":"T30G3","LATITUDE":23.3529188,"LONGITUDE":69.2481562,"OBSERVATION.DATE":"2024-09-14","OBSERVER.ID":"obsr4399854","DURATION.MINUTES":45.0,"SAMPLING.EVENT.IDENTIFIER":"S195894120","species_list":"Ashy-crowned Sparrow-Lark; Asian Green Bee-eater; Brahminy Starling; Common Babbler; Common Tailorbird; Common Woodshrike; Dusky Crag-Martin; Eastern Cattle-Egret; Eastern Red-rumped Swallow; House Sparrow; Indian Robin; Indian Roller; Laughing Dove; Little Swift; Pied Cuckoo; Plain Prinia; Purple Sunbird; Red-naped Ibis; Red-vented Bulbul; Red-wattled Lapwing; Red Collared-Dove; Spotted Flycatcher; Streak-throated Swallow; White-eared Bulbul; White-tailed Iora; Wire-tailed Swallow","n_species":26,"focal_species_seen":"Spotted Flycatcher","focal_species_slugs":"spotted-flycatcher","has_focal":true},"geometry":{"type":"Point","coordinates":[69.2481562,23.3529188]}},{"type":"Feature","properties":{"GROUP.ID":"G13034654","LOCALITY":"Vagot - Ber Moti Road, Kachchh, Gujarat, IN (23.427, 68.622)","LATITUDE":23.4269693,"LONGITUDE":68.622252,"OBSERVATION.DATE":"2024-09-14","OBSERVER.ID":"obsr4399854","DURATION.MINUTES":34.0,"SAMPLING.EVENT.IDENTIFIER":"S195894121","species_list":"Common Tailorbird; Eurasian Collared-Dove; Gray-breasted Prinia; Gray Francolin; Greater Coucal; Green Sandpiper; Indian Peafowl; Jungle Prinia; Laughing Dove; Purple Sunbird; Rose-ringed Parakeet; Shikra; Sykes's Warbler; White-eared Bulbul","n_species":14,"focal_species_seen":"","focal_species_slugs":"","has_focal":false},"geometry":{"type":"Point","coordinates":[68.622252,23.4269693]}},{"type":"Feature","properties":{"GROUP.ID":"G13034648","LOCALITY":"T35G2, Gujarat, IN (23.42, 68.617)","LATITUDE":23.4195674,"LONGITUDE":68.6165449,"OBSERVATION.DATE":"2024-09-14","OBSERVER.ID":"obsr4399854","DURATION.MINUTES":71.0,"SAMPLING.EVENT.IDENTIFIER":"S195894122","species_list":"Ashy-crowned Sparrow-Lark; Asian Green Bee-eater; Barn Swallow; Bay-backed Shrike; Baya Weaver; Black Drongo; Blue-cheeked Bee-eater; Brahminy Starling; Common Babbler; Common Hoopoe; Common Tailorbird; Eastern Cattle-Egret; Eastern Red-rumped Swallow; Eurasian Collared-Dove; Eurasian Spoonbill; Eurasian Wryneck; European Roller; Glossy Ibis; Gray-breasted Prinia; Gray Francolin; Gray Heron; Greater Coucal; House Crow; House Sparrow; Indian Bushlark; Indian Peafowl; Indian Robin; Indian Silverbill; Isabelline Shrike; Jungle Prinia; Laughing Dove; Lesser Whitethroat; Little Cormorant; Little Egret; Oriental Darter; Pied Cuckoo; Plain Prinia; Purple Sunbird; Red-backed Shrike; Red-vented Bulbul; Red-wattled Lapwing; Red Collared-Dove; River Tern; Rose-ringed Parakeet; Rosy Starling; Rufous-fronted Prinia; Rufous-tailed Lark; Spotted Flycatcher; Sykes's Warbler; White-eared Bulbul; White-tailed Iora; Wire-tailed Swallow","n_species":52,"focal_species_seen":"Blue-cheeked Bee-eater; European Roller; Red-backed Shrike; Spotted Flycatcher","focal_species_slugs":"blue-cheeked-bee-eater;european-roller;red-backed-shrike;spotted-flycatcher","has_focal":true},"geometry":{"type":"Point","coordinates":[68.6165449,23.4195674]}},{"type":"Feature","properties":{"GROUP.ID":"G13032840","LOCALITY":"Mothala Piyoni Road, Kachchh IN-GJ 23.25939, 69.14406","LATITUDE":23.259392,"LONGITUDE":69.14406,"OBSERVATION.DATE":"2024-09-14","OBSERVER.ID":"obsr4399854","DURATION.MINUTES":75.0,"SAMPLING.EVENT.IDENTIFIER":"S195894124","species_list":"Ashy-crowned Sparrow-Lark; Asian Green Bee-eater; Bay-backed Shrike; Common Babbler; Common Tailorbird; Eastern Cattle-Egret; Eastern Red-rumped Swallow; Eurasian Collared-Dove; Gray Francolin; Indian Bushlark; Indian Robin; Jungle Prinia; Laughing Dove; Lesser Whistling-Duck; Purple Sunbird; Red-vented Bulbul; Red-wattled Lapwing; Wire-tailed Swallow; Yellow-crowned Woodpecker","n_species":19,"focal_species_seen":"","focal_species_slugs":"","has_focal":false},"geometry":{"type":"Point","coordinates":[69.14406,23.259392]}},{"type":"Feature","properties":{"GROUP.ID":"G13032841","LOCALITY":"T28G6","LATITUDE":23.276146,"LONGITUDE":69.1898615,"OBSERVATION.DATE":"2024-09-14","OBSERVER.ID":"obsr4399854","DURATION.MINUTES":77.0,"SAMPLING.EVENT.IDENTIFIER":"S195894125","species_list":"Asian Green Bee-eater; Baya Weaver; Black-winged Stilt; Black Drongo; Common Babbler; Common Kingfisher; Common Tailorbird; Eastern Cattle-Egret; Gray-breasted Prinia; Gray Francolin; Gray Wagtail; Indian Peafowl; Indian Robin; Indian Roller; Indian Silverbill; Indian Spot-billed Duck; Jungle Prinia; Laughing Dove; Lesser Whistling-Duck; Purple Sunbird; Red-vented Bulbul; Red-wattled Lapwing; Spotted Flycatcher; White-eared Bulbul; White-tailed Iora; White-throated Kingfisher; Wire-tailed Swallow","n_species":27,"focal_species_seen":"Spotted Flycatcher","focal_species_slugs":"spotted-flycatcher","has_focal":true},"geometry":{"type":"Point","coordinates":[69.1898615,23.276146]}},{"type":"Feature","properties":{"GROUP.ID":"G13032816","LOCALITY":"Unnamed Road, Kachchh, Gujarat, IN (23.394, 69.189)","LATITUDE":23.3941722,"LONGITUDE":69.1888935,"OBSERVATION.DATE":"2024-09-14","OBSERVER.ID":"obsr4399854","DURATION.MINUTES":20.0,"SAMPLING.EVENT.IDENTIFIER":"S195894126","species_list":"Asian Green Bee-eater; Barred Buttonquail; Bay-backed Shrike; Baya Weaver; Blyth's Reed Warbler; Chestnut-bellied Sandgrouse; Common Babbler; Common Tailorbird; Common Woodshrike; Eastern Cattle-Egret; Eastern Red-rumped Swallow; Eurasian Collared-Dove; European Roller; Gray-breasted Prinia; Indian Peafowl; Indian Robin; Jungle Prinia; Laughing Dove; Pied Cuckoo; Plain Prinia; Purple Sunbird; Red-vented Bulbul; Red Collared-Dove; White-eared Bulbul; White-tailed Iora; White-throated Kingfisher","n_species":26,"focal_species_seen":"European Roller","focal_species_slugs":"european-roller","has_focal":true},"geometry":{"type":"Point","coordinates":[69.1888935,23.3941722]}},{"type":"Feature","properties":{"GROUP.ID":"G13040685","LOCALITY":"T22_G8_PMC2024","LATITUDE":22.820181,"LONGITUDE":69.47814,"OBSERVATION.DATE":"2024-09-14","OBSERVER.ID":"obsr4399854","DURATION.MINUTES":53.0,"SAMPLING.EVENT.IDENTIFIER":"S195894127","species_list":"Baya Weaver; Black-winged Stilt; Black Drongo; Common Babbler; Eurasian Collared-Dove; Eurasian Wryneck; European Roller; Gray-necked Bunting; Gray Francolin; Greater Coucal; House Crow; Indian Silverbill; Paddyfield Pipit; Painted Stork; Pied Cuckoo; Plain Prinia; Purple Sunbird; Rain Quail; Red-backed Shrike; Red-vented Bulbul; Red-wattled Lapwing; Red Collared-Dove; Rufous-fronted Prinia; White-eared Bulbul; White-throated Kingfisher; Zitting Cisticola","n_species":26,"focal_species_seen":"European Roller; Red-backed Shrike","focal_species_slugs":"european-roller;red-backed-shrike","has_focal":true},"geometry":{"type":"Point","coordinates":[69.47814,22.820181]}},{"type":"Feature","properties":{"GROUP.ID":"G13032817","LOCALITY":"T30G5","LATITUDE":23.3947978,"LONGITUDE":69.191521,"OBSERVATION.DATE":"2024-09-14","OBSERVER.ID":"obsr4399854","DURATION.MINUTES":45.0,"SAMPLING.EVENT.IDENTIFIER":"S195894128","species_list":"Ashy-crowned Sparrow-Lark; Asian Green Bee-eater; Asian Koel; Barred Buttonquail; Baya Weaver; Black-winged Kite; Blyth's Reed Warbler; Common Babbler; Common Rosefinch; Common Tailorbird; Eastern Cattle-Egret; Eastern Red-rumped Swallow; Eurasian Collared-Dove; European Roller; Gray-breasted Prinia; Gray Francolin; House Sparrow; Indian Peafowl; Indian Robin; Indian Silverbill; Jungle Prinia; Laughing Dove; Little Egret; Little Swift; Pied Cuckoo; Plain Prinia; Purple Sunbird; Red-vented Bulbul; Red-wattled Lapwing; River Tern; Rosy Starling; Spotted Flycatcher; Tree Pipit; White-eared Bulbul; White-tailed Iora; Yellow-throated Sparrow; Zitting Cisticola","n_species":37,"focal_species_seen":"European Roller; Spotted Flycatcher","focal_species_slugs":"european-roller;spotted-flycatcher","has_focal":true},"geometry":{"type":"Point","coordinates":[69.191521,23.3947978]}},{"type":"Feature","properties":{"GROUP.ID":"G13032826","LOCALITY":"PMC T21G1","LATITUDE":22.9298533,"LONGITUDE":69.6914234,"OBSERVATION.DATE":"2024-09-14","OBSERVER.ID":"obsr4399854","DURATION.MINUTES":55.0,"SAMPLING.EVENT.IDENTIFIER":"S195894129","species_list":"Asian Green Bee-eater; Bay-backed Shrike; Baya Weaver; Crested Lark; European Roller; Indian Robin; Indian Silverbill; Jungle Prinia; Long-tailed Shrike; Paddyfield Pipit; Purple Sunbird; Red-wattled Lapwing; Variable Wheatear; White-tailed Iora; Yellow-crowned Woodpecker; Yellow-wattled Lapwing","n_species":16,"focal_species_seen":"European Roller","focal_species_slugs":"european-roller","has_focal":true},"geometry":{"type":"Point","coordinates":[69.6914234,22.9298533]}},{"type":"Feature","properties":{"GROUP.ID":"G13032877","LOCALITY":"PMC2024 T4G3","LATITUDE":23.6102958,"LONGITUDE":70.7348177,"OBSERVATION.DATE":"2024-09-14","OBSERVER.ID":"obsr4399854","DURATION.MINUTES":60.0,"SAMPLING.EVENT.IDENTIFIER":"S195894130","species_list":"Ashy-crowned Sparrow-Lark; Asian Green Bee-eater; Baya Weaver; Black-winged Stilt; Common Babbler; Common Sandpiper; Eurasian Collared-Dove; Glossy Ibis; Gray-breasted Prinia; Gray Francolin; Green Sandpiper; Indian Silverbill; Laughing Dove; Little Grebe; Paddyfield Pipit; Purple Sunbird; Red-vented Bulbul; Red-wattled Lapwing; Red Collared-Dove; Rosy Starling; Rufous-tailed Lark; White-eared Bulbul; White-throated Kingfisher; Wood Sandpiper","n_species":24,"focal_species_seen":"","focal_species_slugs":"","has_focal":false},"geometry":{"type":"Point","coordinates":[70.7348177,23.6102958]}},{"type":"Feature","properties":{"GROUP.ID":"G13032818","LOCALITY":"Khombhdi Moti, Gujarat, IN (23.403, 69.091)","LATITUDE":23.402526,"LONGITUDE":69.091167,"OBSERVATION.DATE":"2024-09-14","OBSERVER.ID":"obsr4399854","DURATION.MINUTES":null,"SAMPLING.EVENT.IDENTIFIER":"S195894131","species_list":"Bay-backed Shrike","n_species":1,"focal_species_seen":"","focal_species_slugs":"","has_focal":false},"geometry":{"type":"Point","coordinates":[69.091167,23.402526]}},{"type":"Feature","properties":{"GROUP.ID":"G13032819","LOCALITY":"Unnamed Road, Khombhdi Moti, Gujarat, IN (23.413, 69.092)","LATITUDE":23.4125277,"LONGITUDE":69.0917137,"OBSERVATION.DATE":"2024-09-14","OBSERVER.ID":"obsr4399854","DURATION.MINUTES":45.0,"SAMPLING.EVENT.IDENTIFIER":"S195894133","species_list":"Asian Green Bee-eater; Asian Koel; Brahminy Starling; Common Babbler; Common Tailorbird; Eastern Cattle-Egret; Eurasian Collared-Dove; Gray-breasted Prinia; Gray-necked Bunting; Gray Francolin; Indian Bushlark; Indian Peafowl; Indian Robin; Indian Silverbill; Jungle Prinia; Laughing Dove; Little Swift; Purple Sunbird; Red-vented Bulbul; Rosy Starling; Rufous-fronted Prinia; Small Minivet; Spotted Flycatcher; Sykes's Warbler; White-eared Bulbul; White-tailed Iora; Wire-tailed Swallow; Yellow-throated Sparrow","n_species":28,"focal_species_seen":"Spotted Flycatcher","focal_species_slugs":"spotted-flycatcher","has_focal":true},"geometry":{"type":"Point","coordinates":[69.0917137,23.4125277]}},{"type":"Feature","properties":{"GROUP.ID":"G13032820","LOCALITY":"T30G6","LATITUDE":23.4149026,"LONGITUDE":69.0928442,"OBSERVATION.DATE":"2024-09-14","OBSERVER.ID":"obsr4399854","DURATION.MINUTES":38.0,"SAMPLING.EVENT.IDENTIFIER":"S195894135","species_list":"Ashy-crowned Sparrow-Lark; Asian Koel; Barred Buttonquail; Bay-backed Shrike; Baya Weaver; Blyth's Reed Warbler; Brahminy Starling; Common Babbler; Common Tailorbird; Eastern Cattle-Egret; Eurasian Collared-Dove; Gray-breasted Prinia; Gray-necked Bunting; Gray Francolin; Greater Coucal; Indian Bushlark; Indian Robin; Jungle Prinia; Laughing Dove; Little Cormorant; Purple Sunbird; Red-vented Bulbul; Rufous-fronted Prinia; Sykes's Warbler; Variable Wheatear; White-tailed Iora; White-throated Kingfisher; Wire-tailed Swallow; Yellow-throated Sparrow","n_species":29,"focal_species_seen":"","focal_species_slugs":"","has_focal":false},"geometry":{"type":"Point","coordinates":[69.0928442,23.4149026]}},{"type":"Feature","properties":{"GROUP.ID":"G13032821","LOCALITY":"Unnamed Road, Kachchh, Gujarat, IN (23.407, 69.092)","LATITUDE":23.4072922,"LONGITUDE":69.092231,"OBSERVATION.DATE":"2024-09-14","OBSERVER.ID":"obsr4399854","DURATION.MINUTES":25.0,"SAMPLING.EVENT.IDENTIFIER":"S195894136","species_list":"Baya Weaver; Common Babbler; Common Tailorbird; Eastern Cattle-Egret; Gray Francolin; Greater Coucal; Green Sandpiper; House Sparrow; Indian Bushlark; Indian Robin; Indian Spot-billed Duck; Jungle Prinia; Laughing Dove; Purple Sunbird; Red-vented Bulbul; Red-wattled Lapwing; Rosy Starling; Rufous-fronted Prinia; Streak-throated Swallow; White-browed Wagtail; White-eared Bulbul; White-tailed Iora","n_species":22,"focal_species_seen":"","focal_species_slugs":"","has_focal":false},"geometry":{"type":"Point","coordinates":[69.092231,23.4072922]}},{"type":"Feature","properties":{"GROUP.ID":"G13036031","LOCALITY":"Dayapar, Gujarat, IN (23.628, 68.911)","LATITUDE":23.6280717,"LONGITUDE":68.9110817,"OBSERVATION.DATE":"2024-09-14","OBSERVER.ID":"obsr4399854","DURATION.MINUTES":47.0,"SAMPLING.EVENT.IDENTIFIER":"S195894138","species_list":"Ashy-crowned Sparrow-Lark; Asian Green Bee-eater; Asian Koel; Barred Buttonquail; Baya Weaver; Black Drongo; Black Francolin; Common Babbler; Common Myna; Eurasian Collared-Dove; European Roller; Gray Francolin; House Sparrow; Indian Robin; Indian Silverbill; Indian Spot-billed Duck; Laughing Dove; Lesser Whistling-Duck; Paddyfield Pipit; Plain Prinia; Purple Sunbird; Red-vented Bulbul; Red-wattled Lapwing; River Tern; Rosy Starling; Variable Wheatear; White-eared Bulbul; White-throated Kingfisher","n_species":28,"focal_species_seen":"European Roller","focal_species_slugs":"european-roller","has_focal":true},"geometry":{"type":"Point","coordinates":[68.9110817,23.6280717]}},{"type":"Feature","properties":{"GROUP.ID":"G13032878","LOCALITY":"Selari","LATITUDE":23.6737832,"LONGITUDE":70.7954866,"OBSERVATION.DATE":"2024-09-14","OBSERVER.ID":"obsr4399854","DURATION.MINUTES":33.0,"SAMPLING.EVENT.IDENTIFIER":"S195894140","species_list":"Asian Green Bee-eater; Black-winged Stilt; Common Babbler; Common Sandpiper; Crested Lark; Eastern Cattle-Egret; Eurasian Spoonbill; Gray-breasted Prinia; Gray Francolin; House Sparrow; Indian Silverbill; Laughing Dove; Little Egret; Pied Bushchat; Plain Prinia; Red-wattled Lapwing; Red Collared-Dove; Rose-ringed Parakeet","n_species":18,"focal_species_seen":"","focal_species_slugs":"","has_focal":false},"geometry":{"type":"Point","coordinates":[70.7954866,23.6737832]}},{"type":"Feature","properties":{"GROUP.ID":"G13040684","LOCALITY":"T22_G5_PMC2024","LATITUDE":22.794545,"LONGITUDE":69.434674,"OBSERVATION.DATE":"2024-09-14","OBSERVER.ID":"obsr4399854","DURATION.MINUTES":60.0,"SAMPLING.EVENT.IDENTIFIER":"S195894141","species_list":"Ashy-crowned Sparrow-Lark; Asian Green Bee-eater; Bay-backed Shrike; Black-winged Stilt; Black Drongo; Blyth's Reed Warbler; Brahminy Starling; Common Babbler; Common Hoopoe; Common Kingfisher; Common Tailorbird; Common Woodshrike; Crested Lark; Eastern Red-rumped Swallow; Eurasian Collared-Dove; Eurasian Curlew; Eurasian Moorhen; Eurasian Spoonbill; Gray Francolin; Gray Heron; Great Egret; Greater Coucal; House Crow; House Sparrow; Indian Pond-Heron; Indian Silverbill; Indian Spot-billed Duck; Kentish Plover; Laughing Dove; Little Cormorant; Little Ringed Plover; Marsh Sandpiper; Medium Egret; Painted Stork; Plain Prinia; Purple Sunbird; Red-naped Ibis; Red-wattled Lapwing; River Tern; Rose-ringed Parakeet; Rosy Starling; Western Reef-Heron; Western Yellow Wagtail; White-eared Bulbul; White-throated Kingfisher","n_species":45,"focal_species_seen":"","focal_species_slugs":"","has_focal":false},"geometry":{"type":"Point","coordinates":[69.434674,22.794545]}},{"type":"Feature","properties":{"GROUP.ID":"G13032879","LOCALITY":"PMC2024 T4G5","LATITUDE":23.6784328,"LONGITUDE":70.8061839,"OBSERVATION.DATE":"2024-09-14","OBSERVER.ID":"obsr4399854","DURATION.MINUTES":45.0,"SAMPLING.EVENT.IDENTIFIER":"S195894143","species_list":"Ashy-crowned Sparrow-Lark; Asian Green Bee-eater; Baya Weaver; Black-winged Stilt; Common Babbler; Common Hoopoe; Delicate Prinia; Eastern Red-rumped Swallow; Eurasian Collared-Dove; Gray Francolin; House Sparrow; Indian Silverbill; Indian Spot-billed Duck; Laughing Dove; Lesser Whistling-Duck; Pied Kingfisher; Plain Prinia; Purple Sunbird; Red-vented Bulbul; Red-wattled Lapwing; Rufous-tailed Lark; White-eared Bulbul; White-throated Kingfisher; Zitting Cisticola","n_species":24,"focal_species_seen":"","focal_species_slugs":"","has_focal":false},"geometry":{"type":"Point","coordinates":[70.8061839,23.6784328]}},{"type":"Feature","properties":{"GROUP.ID":"G13032505","LOCALITY":"Naliya-Narayan Sarovar Road, Baranda, Gujarat, IN (23.55, 68.675)","LATITUDE":23.5504485,"LONGITUDE":68.6750087,"OBSERVATION.DATE":"2024-09-14","OBSERVER.ID":"obsr4399854","DURATION.MINUTES":6.0,"SAMPLING.EVENT.IDENTIFIER":"S195894145","species_list":"Brahminy Starling; Common Babbler; House Sparrow; Indian Robin; Purple Sunbird; Spotted Flycatcher; Yellow-throated Sparrow","n_species":7,"focal_species_seen":"Spotted Flycatcher","focal_species_slugs":"spotted-flycatcher","has_focal":true},"geometry":{"type":"Point","coordinates":[68.6750087,23.5504485]}},{"type":"Feature","properties":{"GROUP.ID":"G13032509","LOCALITY":"Naliya-Narayan Sarovar Road, Guhar Moti, Gujarat, IN (23.628, 68.554)","LATITUDE":23.6279849,"LONGITUDE":68.5541179,"OBSERVATION.DATE":"2024-09-14","OBSERVER.ID":"obsr4399854","DURATION.MINUTES":31.0,"SAMPLING.EVENT.IDENTIFIER":"S195894146","species_list":"Ashy-crowned Sparrow-Lark; Asian Green Bee-eater; Bay-backed Shrike; Baya Weaver; Black-winged Kite; Black-winged Stilt; Black Drongo; Black Francolin; Common Hoopoe; Common Tailorbird; Eastern Cattle-Egret; Eurasian Collared-Dove; Eurasian Spoonbill; European Roller; Gray-breasted Prinia; Gray Francolin; Green Sandpiper; Indian Peafowl; Indian Silverbill; Indian Spot-billed Duck; Jungle Prinia; Laughing Dove; Lesser Whistling-Duck; Little Cormorant; Little Grebe; Oriental Darter; Purple Sunbird; Red-vented Bulbul; Red-wattled Lapwing; Red Collared-Dove; Rufous-fronted Prinia; Rufous-tailed Lark; Variable Wheatear; White-eared Bulbul; White-tailed Iora; White-throated Kingfisher","n_species":36,"focal_species_seen":"European Roller","focal_species_slugs":"european-roller","has_focal":true},"geometry":{"type":"Point","coordinates":[68.5541179,23.6279849]}},{"type":"Feature","properties":{"GROUP.ID":"G13032822","LOCALITY":"Netra Road, Khombhadi, Gujarat, IN (23.405, 69.132)","LATITUDE":23.4048528,"LONGITUDE":69.1323058,"OBSERVATION.DATE":"2024-09-14","OBSERVER.ID":"obsr4399854","DURATION.MINUTES":null,"SAMPLING.EVENT.IDENTIFIER":"S195894147","species_list":"European Roller","n_species":1,"focal_species_seen":"European Roller","focal_species_slugs":"european-roller","has_focal":true},"geometry":{"type":"Point","coordinates":[69.1323058,23.4048528]}},{"type":"Feature","properties":{"GROUP.ID":"G13032823","LOCALITY":"Todiya, Gujarat, IN (23.408, 69.157)","LATITUDE":23.4081166,"LONGITUDE":69.1567313,"OBSERVATION.DATE":"2024-09-14","OBSERVER.ID":"obsr4399854","DURATION.MINUTES":null,"SAMPLING.EVENT.IDENTIFIER":"S195894148","species_list":"Green Sandpiper","n_species":1,"focal_species_seen":"","focal_species_slugs":"","has_focal":false},"geometry":{"type":"Point","coordinates":[69.1567313,23.4081166]}},{"type":"Feature","properties":{"GROUP.ID":"G12984460","LOCALITY":"Vighakot Fort","LATITUDE":24.2291202,"LONGITUDE":69.1896629,"OBSERVATION.DATE":"2023-09-23","OBSERVER.ID":"obsr4399854","DURATION.MINUTES":259.0,"SAMPLING.EVENT.IDENTIFIER":"S195894149","species_list":"Blue-cheeked Bee-eater; Common Kingfisher; Common Sandpiper; Delicate Prinia; Eurasian Collared-Dove; Greater Hoopoe-Lark; Indian Spot-billed Duck; Plain Prinia","n_species":8,"focal_species_seen":"Blue-cheeked Bee-eater","focal_species_slugs":"blue-cheeked-bee-eater","has_focal":true},"geometry":{"type":"Point","coordinates":[69.1896629,24.2291202]}},{"type":"Feature","properties":{"GROUP.ID":"G13033290","LOCALITY":"T5G4","LATITUDE":23.2938551,"LONGITUDE":70.7458887,"OBSERVATION.DATE":"2024-09-14","OBSERVER.ID":"obsr4399854","DURATION.MINUTES":53.0,"SAMPLING.EVENT.IDENTIFIER":"S196035928","species_list":"Ashy-crowned Sparrow-Lark; Asian Green Bee-eater; Baya Weaver; Common Babbler; Eastern Cattle-Egret; Eurasian Coot; Gray Wagtail; Green Sandpiper; Indian Pond-Heron; Indian Robin; Laughing Dove; Painted Stork; Red-vented Bulbul; Red-wattled Lapwing; Siberian Stonechat; Spotted Flycatcher; Streak-throated Swallow; White-eared Bulbul","n_species":18,"focal_species_seen":"Spotted Flycatcher","focal_species_slugs":"spotted-flycatcher","has_focal":true},"geometry":{"type":"Point","coordinates":[70.7458887,23.2938551]}},{"type":"Feature","properties":{"GROUP.ID":"G13033578","LOCALITY":"T5G2","LATITUDE":23.2560892,"LONGITUDE":70.4948619,"OBSERVATION.DATE":"2024-09-14","OBSERVER.ID":"obsr4399854","DURATION.MINUTES":42.0,"SAMPLING.EVENT.IDENTIFIER":"S196035932","species_list":"Ashy-crowned Sparrow-Lark; Barred Buttonquail; Baya Weaver; Black Francolin; Common Babbler; Eurasian Collared-Dove; Gray-breasted Prinia; Gray Francolin; Green Sandpiper; Indian Peafowl; Indian Pond-Heron; Indian Silverbill; Laughing Dove; Little Cormorant; Plain Prinia; Purple Sunbird; Red-vented Bulbul; Rufous-tailed Lark; White-eared Bulbul","n_species":19,"focal_species_seen":"","focal_species_slugs":"","has_focal":false},"geometry":{"type":"Point","coordinates":[70.4948619,23.2560892]}},{"type":"Feature","properties":{"GROUP.ID":"G13034553","LOCALITY":"T5G1","LATITUDE":23.2023333,"LONGITUDE":70.5454574,"OBSERVATION.DATE":"2024-09-14","OBSERVER.ID":"obsr4399854","DURATION.MINUTES":30.0,"SAMPLING.EVENT.IDENTIFIER":"S196035938","species_list":"Ashy-crowned Sparrow-Lark; Asian Green Bee-eater; Black Drongo; Common Babbler; Common Hoopoe; Common Tailorbird; Crested Lark; Eastern Cattle-Egret; Eurasian Collared-Dove; European Roller; Gray Francolin; House Crow; Indian Peafowl; Indian Robin; Indian Silverbill; Indian Thick-knee; Jungle Prinia; Laughing Dove; Paddyfield Pipit; Plain Prinia; Red-vented Bulbul; Red-wattled Lapwing; Rufous-fronted Prinia; Rufous-tailed Scrub-Robin; Siberian Stonechat; Spotted Flycatcher; Variable Wheatear; White-eared Bulbul","n_species":28,"focal_species_seen":"European Roller; Rufous-tailed Scrub-Robin; Spotted Flycatcher","focal_species_slugs":"european-roller;rufous-tailed-scrub-robin;spotted-flycatcher","has_focal":true},"geometry":{"type":"Point","coordinates":[70.5454574,23.2023333]}},{"type":"Feature","properties":{"GROUP.ID":"G13039635","LOCALITY":"T5G3","LATITUDE":23.284363,"LONGITUDE":70.585903,"OBSERVATION.DATE":"2024-09-15","OBSERVER.ID":"obsr4399854","DURATION.MINUTES":41.0,"SAMPLING.EVENT.IDENTIFIER":"S196035941","species_list":"Ashy-crowned Sparrow-Lark; Asian Green Bee-eater; Asian Koel; Baya Weaver; Brahminy Starling; Common Babbler; Eastern Cattle-Egret; Eastern Red-rumped Swallow; Eurasian Collared-Dove; European Roller; Glossy Ibis; Gray-breasted Prinia; Gray Francolin; Great Cormorant; Greater Coucal; Greater Whitethroat; Indian Peafowl; Indian Robin; Indian Silverbill; Jungle Prinia; Laughing Dove; Lesser Whitethroat; Long-tailed Shrike; Pied Cuckoo; Plain Prinia; Purple Sunbird; Red-vented Bulbul; Rose-ringed Parakeet; Rosy Starling","n_species":29,"focal_species_seen":"European Roller; Greater Whitethroat","focal_species_slugs":"european-roller;greater-whitethroat","has_focal":true},"geometry":{"type":"Point","coordinates":[70.585903,23.284363]}},{"type":"Feature","properties":{"GROUP.ID":"G13041128","LOCALITY":"T5G5","LATITUDE":23.3512543,"LONGITUDE":70.6177815,"OBSERVATION.DATE":"2024-09-15","OBSERVER.ID":"obsr4399854","DURATION.MINUTES":45.0,"SAMPLING.EVENT.IDENTIFIER":"S196035943","species_list":"Ashy-crowned Sparrow-Lark; Baya Weaver; Black Francolin; Common Hoopoe; Eurasian Collared-Dove; Eurasian Kestrel; European Roller; Great Gray Shrike; Indian Bushlark; Jungle Prinia; Laughing Dove; Little Grebe; Paddyfield Pipit; Plain Prinia; Red-vented Bulbul; Red-wattled Lapwing; Rosy Starling; Rufous-fronted Prinia; Spotted Flycatcher; Variable Wheatear; White-eared Bulbul; Zitting Cisticola","n_species":22,"focal_species_seen":"European Roller; Spotted Flycatcher","focal_species_slugs":"european-roller;spotted-flycatcher","has_focal":true},"geometry":{"type":"Point","coordinates":[70.6177815,23.3512543]}},{"type":"Feature","properties":{"GROUP.ID":"G13040131","LOCALITY":"T11_G06","LATITUDE":23.384582,"LONGITUDE":70.1326135,"OBSERVATION.DATE":"2024-09-14","OBSERVER.ID":"obsr4399854","DURATION.MINUTES":46.0,"SAMPLING.EVENT.IDENTIFIER":"S196301644","species_list":"Ashy-crowned Sparrow-Lark; Asian Green Bee-eater; Bay-backed Shrike; Baya Weaver; Blyth's Reed Warbler; Common Babbler; Common Hoopoe; Eastern Cattle-Egret; Eastern Red-rumped Swallow; Eurasian Collared-Dove; Glossy Ibis; Gray Francolin; Greater Flamingo; House Crow; House Sparrow; Indian Peafowl; Laughing Dove; Little Grebe; Purple Heron; Purple Sunbird; Red-vented Bulbul; Red-wattled Lapwing; Western Marsh Harrier; Whiskered Tern","n_species":24,"focal_species_seen":"","focal_species_slugs":"","has_focal":false},"geometry":{"type":"Point","coordinates":[70.1326135,23.384582]}},{"type":"Feature","properties":{"GROUP.ID":"G13040529","LOCALITY":"T36G2","LATITUDE":23.6037151,"LONGITUDE":68.8523123,"OBSERVATION.DATE":"2024-09-14","OBSERVER.ID":"obsr4399854","DURATION.MINUTES":60.0,"SAMPLING.EVENT.IDENTIFIER":"S196301645","species_list":"Asian Green Bee-eater; Black Drongo; Common Babbler; Common Sandpiper; Eastern Cattle-Egret; Eurasian Coot; Gray-breasted Prinia; Gray Francolin; House Crow; Little Cormorant; Long-tailed Shrike; Plain Prinia; Purple Sunbird; Red-vented Bulbul; Red-wattled Lapwing; River Tern; White-eared Bulbul; Wire-tailed Swallow; Zitting Cisticola","n_species":19,"focal_species_seen":"","focal_species_slugs":"","has_focal":false},"geometry":{"type":"Point","coordinates":[68.8523123,23.6037151]}},{"type":"Feature","properties":{"GROUP.ID":"G13033797","LOCALITY":"T38G3","LATITUDE":23.7393151,"LONGITUDE":68.7413776,"OBSERVATION.DATE":"2024-09-14","OBSERVER.ID":"obsr4399854","DURATION.MINUTES":47.0,"SAMPLING.EVENT.IDENTIFIER":"S196301657","species_list":"Bay-backed Shrike; Baya Weaver; Black Drongo; Brahminy Starling; Common Babbler; Common Tailorbird; Eastern Cattle-Egret; Eastern Red-rumped Swallow; Eurasian Coot; Eurasian Moorhen; Gray-breasted Prinia; Gray Francolin; Indian Cormorant; Indian Golden Oriole; Indian Peafowl; Indian Spot-billed Duck; Jungle Prinia; Laughing Dove; Lesser Whistling-Duck; Little Grebe; Little Swift; Purple Sunbird; Red-vented Bulbul; Rosy Starling; Rufous-fronted Prinia; Tawny Pipit; Western Yellow Wagtail; White-eared Bulbul; White-tailed Iora","n_species":29,"focal_species_seen":"","focal_species_slugs":"","has_focal":false},"geometry":{"type":"Point","coordinates":[68.7413776,23.7393151]}},{"type":"Feature","properties":{"GROUP.ID":"G13040842","LOCALITY":"PMC_T29G3","LATITUDE":23.1273463,"LONGITUDE":68.789986,"OBSERVATION.DATE":"2024-09-14","OBSERVER.ID":"obsr4399854","DURATION.MINUTES":15.0,"SAMPLING.EVENT.IDENTIFIER":"S196301661","species_list":"Asian Koel; Barn Swallow; Bay-backed Shrike; Baya Weaver; Black-winged Kite; Common Babbler; Eastern Cattle-Egret; Eastern Red-rumped Swallow; Eurasian Collared-Dove; Gray Francolin; House Sparrow; Indian Peafowl; Indian Pond-Heron; Indian Robin; Laughing Dove; Little Cormorant; Long-tailed Shrike; Pied Kingfisher; Plain Prinia; Red-wattled Lapwing; Red Collared-Dove; Rosy Starling; White-eared Bulbul; White-throated Kingfisher; Wire-tailed Swallow","n_species":25,"focal_species_seen":"","focal_species_slugs":"","has_focal":false},"geometry":{"type":"Point","coordinates":[68.789986,23.1273463]}},{"type":"Feature","properties":{"GROUP.ID":"G13032738","LOCALITY":"T38G1","LATITUDE":23.6813584,"LONGITUDE":68.6592232,"OBSERVATION.DATE":"2024-09-14","OBSERVER.ID":"obsr4399854","DURATION.MINUTES":52.0,"SAMPLING.EVENT.IDENTIFIER":"S196301665","species_list":"Ashy-crowned Sparrow-Lark; Asian Koel; Bay-backed Shrike; Black Francolin; Common Babbler; Eastern Cattle-Egret; Eastern Red-rumped Swallow; Eurasian Collared-Dove; Gray-breasted Prinia; Gray Francolin; Indian Bushlark; Jungle Prinia; Lesser Whitethroat; Plain Prinia; Purple Sunbird; Red-vented Bulbul; Red-wattled Lapwing; Rosy Starling; Rufous-fronted Prinia; Tawny Pipit; White-eared Bulbul; White-tailed Iora; Wire-tailed Swallow; Zitting Cisticola","n_species":24,"focal_species_seen":"","focal_species_slugs":"","has_focal":false},"geometry":{"type":"Point","coordinates":[68.6592232,23.6813584]}},{"type":"Feature","properties":{"GROUP.ID":"G13034949","LOCALITY":"T36G1","LATITUDE":23.5655987,"LONGITUDE":68.6820195,"OBSERVATION.DATE":"2024-09-14","OBSERVER.ID":"obsr4399854","DURATION.MINUTES":60.0,"SAMPLING.EVENT.IDENTIFIER":"S196301669","species_list":"Ashy-crowned Sparrow-Lark; Asian Green Bee-eater; Asian Koel; Black Drongo; Black Francolin; Blue-cheeked Bee-eater; Caspian Tern; Common Kingfisher; Eastern Cattle-Egret; Eastern Red-rumped Swallow; Eurasian Collared-Dove; Eurasian Coot; Eurasian Spoonbill; European Roller; Gray Francolin; House Crow; Indian Peafowl; Indian Silverbill; Indian Spot-billed Duck; Laughing Dove; Lesser Whistling-Duck; Long-tailed Shrike; Oriental Darter; Plain Prinia; Purple Sunbird; Red-vented Bulbul; Red-wattled Lapwing; Red Collared-Dove; River Tern; Rosy Starling; Rufous-tailed Lark; Shikra; Siberian Stonechat; Whiskered Tern; White-eared Bulbul; White-tailed Iora; White-throated Kingfisher; Wire-tailed Swallow; Zitting Cisticola","n_species":39,"focal_species_seen":"Blue-cheeked Bee-eater; European Roller","focal_species_slugs":"blue-cheeked-bee-eater;european-roller","has_focal":true},"geometry":{"type":"Point","coordinates":[68.6820195,23.5655987]}},{"type":"Feature","properties":{"GROUP.ID":"G13069072","LOCALITY":"T27G4","LATITUDE":23.5318962,"LONGITUDE":69.0925018,"OBSERVATION.DATE":"2024-09-14","OBSERVER.ID":"obsr4399854","DURATION.MINUTES":64.0,"SAMPLING.EVENT.IDENTIFIER":"S196301673","species_list":"Ashy-crowned Sparrow-Lark; Asian Green Bee-eater; Asian Koel; Bay-backed Shrike; Baya Weaver; Black Drongo; Common Babbler; Common Hoopoe; Common Sandpiper; Common Tailorbird; Eastern Cattle-Egret; Eurasian Moorhen; Eurasian Spoonbill; European Roller; Gray-necked Bunting; Gray Francolin; Green Sandpiper; House Sparrow; Indian Robin; Indian Roller; Indian Silverbill; Indian Spot-billed Duck; Jungle Prinia; Knob-billed Duck; Laughing Dove; Lesser Whistling-Duck; Little Cormorant; Little Ringed Plover; Oriental Darter; Pied Cuckoo; Pied Kingfisher; Purple Sunbird; Red-naped Ibis; Red-vented Bulbul; Red-wattled Lapwing; Red Collared-Dove; River Tern; Rosy Starling; Rufous-fronted Prinia; Rufous-tailed Lark; Western Yellow Wagtail; White-eared Bulbul; White-tailed Iora; White-throated Kingfisher; Wire-tailed Swallow; Zitting Cisticola","n_species":46,"focal_species_seen":"European Roller","focal_species_slugs":"european-roller","has_focal":true},"geometry":{"type":"Point","coordinates":[69.0925018,23.5318962]}},{"type":"Feature","properties":{"GROUP.ID":"G13040346","LOCALITY":"T27G5","LATITUDE":23.551892,"LONGITUDE":69.1860604,"OBSERVATION.DATE":"2024-09-14","OBSERVER.ID":"obsr4399854","DURATION.MINUTES":37.0,"SAMPLING.EVENT.IDENTIFIER":"S196301674","species_list":"Asian Green Bee-eater; Baya Weaver; Common Babbler; Common Tailorbird; Gray Francolin; Green Sandpiper; Indian Robin; Indian Spot-billed Duck; Laughing Dove; Little Cormorant; Oriental Darter; Painted Stork; Purple Sunbird; Red-vented Bulbul; Red-wattled Lapwing; Red Collared-Dove; Rosy Starling; Rufous-fronted Prinia; Rufous-tailed Lark; White-eared Bulbul; Wire-tailed Swallow","n_species":21,"focal_species_seen":"","focal_species_slugs":"","has_focal":false},"geometry":{"type":"Point","coordinates":[69.1860604,23.551892]}},{"type":"Feature","properties":{"GROUP.ID":"G13040344","LOCALITY":"T27G3","LATITUDE":23.478016,"LONGITUDE":69.2206154,"OBSERVATION.DATE":"2024-09-14","OBSERVER.ID":"obsr4399854","DURATION.MINUTES":32.0,"SAMPLING.EVENT.IDENTIFIER":"S196301676","species_list":"Ashy-crowned Sparrow-Lark; Asian Green Bee-eater; Black Drongo; Black Francolin; Common Babbler; Common Tailorbird; Eastern Cattle-Egret; European Roller; Glossy Ibis; Gray-breasted Prinia; Gray Francolin; Green Sandpiper; House Sparrow; Indian Bushlark; Indian Robin; Indian Spot-billed Duck; Jungle Prinia; Laughing Dove; Lesser Whistling-Duck; Little Cormorant; Little Swift; Oriental Darter; Plain Prinia; Red-vented Bulbul; Red-wattled Lapwing; River Tern; Rosy Starling; Rufous-fronted Prinia; Rufous-tailed Lark; Tawny Pipit; Variable Wheatear; White-eared Bulbul; White-tailed Iora; Wire-tailed Swallow","n_species":34,"focal_species_seen":"European Roller","focal_species_slugs":"european-roller","has_focal":true},"geometry":{"type":"Point","coordinates":[69.2206154,23.478016]}},{"type":"Feature","properties":{"GROUP.ID":"G13069071","LOCALITY":"T27G6","LATITUDE":23.5347737,"LONGITUDE":69.2814308,"OBSERVATION.DATE":"2024-09-15","OBSERVER.ID":"obsr4399854","DURATION.MINUTES":46.0,"SAMPLING.EVENT.IDENTIFIER":"S196301679","species_list":"Ashy-crowned Sparrow-Lark; Asian Green Bee-eater; Bank Swallow; Baya Weaver; Black Drongo; Brahminy Starling; Common Babbler; Common Cuckoo; Common Hoopoe; Common Kingfisher; Crested Lark; Eastern Cattle-Egret; Eastern Red-rumped Swallow; Eurasian Collared-Dove; Eurasian Coot; European Roller; Glossy Ibis; Gray-breasted Prinia; Gray Francolin; Gray Heron; Great Gray Shrike; Green Sandpiper; House Crow; House Sparrow; Indian Peafowl; Indian Pond-Heron; Indian Robin; Indian Silverbill; Indian Spot-billed Duck; Jungle Prinia; Knob-billed Duck; Laughing Dove; Lesser Whistling-Duck; Little Cormorant; Little Egret; Little Grebe; Little Ringed Plover; Long-tailed Shrike; Medium Egret; Oriental Darter; Painted Stork; Pied Cuckoo; Pied Kingfisher; Purple Sunbird; Red-vented Bulbul; Red-wattled Lapwing; Red Collared-Dove; River Tern; Rosy Starling; Rufous-fronted Prinia; Rufous-tailed Lark; Rufous-tailed Scrub-Robin; Savanna Nightjar; Sykes's Warbler; Tawny Pipit; Western Yellow Wagtail; Whiskered Tern; White-breasted Waterhen; White-browed Wagtail; White-eared Bulbul; White-tailed Iora; White-throated Kingfisher; Wire-tailed Swallow; Yellow-eyed Babbler","n_species":64,"focal_species_seen":"Common Cuckoo; European Roller; Rufous-tailed Scrub-Robin","focal_species_slugs":"common-cuckoo;european-roller;rufous-tailed-scrub-robin","has_focal":true},"geometry":{"type":"Point","coordinates":[69.2814308,23.5347737]}},{"type":"Feature","properties":{"GROUP.ID":"G13069070","LOCALITY":"T27G2","LATITUDE":23.4188213,"LONGITUDE":69.2651332,"OBSERVATION.DATE":"2024-09-15","OBSERVER.ID":"obsr4399854","DURATION.MINUTES":52.0,"SAMPLING.EVENT.IDENTIFIER":"S196301680","species_list":"Ashy-crowned Sparrow-Lark; Asian Green Bee-eater; Baya Weaver; Booted Eagle; Common Babbler; Eastern Cattle-Egret; Eastern Red-rumped Swallow; European Roller; Gray-breasted Prinia; Gray Francolin; House Sparrow; Indian Bushlark; Indian Robin; Indian Silverbill; Laughing Dove; Little Grebe; Pied Cuckoo; Purple Sunbird; Red-vented Bulbul; Red-wattled Lapwing; Rufous-fronted Prinia; Sykes's Warbler; White-eared Bulbul; White-tailed Iora","n_species":24,"focal_species_seen":"European Roller","focal_species_slugs":"european-roller","has_focal":true},"geometry":{"type":"Point","coordinates":[69.2651332,23.4188213]}},{"type":"Feature","properties":{"GROUP.ID":"G13040347","LOCALITY":"T27G1","LATITUDE":23.3775259,"LONGITUDE":69.3159313,"OBSERVATION.DATE":"2024-09-14","OBSERVER.ID":"obsr4399854","DURATION.MINUTES":38.0,"SAMPLING.EVENT.IDENTIFIER":"S196301682","species_list":"Asian Green Bee-eater; Black Drongo; Common Babbler; Eastern Cattle-Egret; Eastern Red-rumped Swallow; European Roller; Gray-breasted Prinia; Gray Francolin; Green Sandpiper; House Sparrow; Indian Pond-Heron; Indian Robin; Indian Roller; Indian Spot-billed Duck; Jungle Prinia; Laughing Dove; Little Grebe; Pied Cuckoo; Pied Kingfisher; Red-vented Bulbul; Red-wattled Lapwing; Rosy Starling; Rufous-fronted Prinia; White-eared Bulbul; White-throated Kingfisher; Wire-tailed Swallow","n_species":26,"focal_species_seen":"European Roller","focal_species_slugs":"european-roller","has_focal":true},"geometry":{"type":"Point","coordinates":[69.3159313,23.3775259]}},{"type":"Feature","properties":{"GROUP.ID":"G13033229","LOCALITY":"T24G3","LATITUDE":23.1005683,"LONGITUDE":69.044915,"OBSERVATION.DATE":"2024-09-14","OBSERVER.ID":"obsr4399854","DURATION.MINUTES":66.0,"SAMPLING.EVENT.IDENTIFIER":"S196301684","species_list":"Ashy-crowned Sparrow-Lark; Asian Green Bee-eater; Bay-backed Shrike; Baya Weaver; Black-winged Kite; Black Drongo; Common Babbler; Common Tailorbird; Eastern Cattle-Egret; Eastern Red-rumped Swallow; Eurasian Collared-Dove; Eurasian Wryneck; European Roller; Gray-breasted Prinia; Gray Francolin; Greater Coucal; Indian Peafowl; Indian Robin; Jungle Prinia; Laughing Dove; Lesser Whitethroat; Little Cormorant; Pied Cuckoo; Plain Prinia; Purple Sunbird; Red-naped Ibis; Red-vented Bulbul; Red-wattled Lapwing; Red Collared-Dove; Rose-ringed Parakeet; Rosy Starling; Rufous-fronted Prinia; Variable Wheatear; White-eared Bulbul; White-tailed Iora; White-throated Kingfisher; Wire-tailed Swallow","n_species":37,"focal_species_seen":"European Roller","focal_species_slugs":"european-roller","has_focal":true},"geometry":{"type":"Point","coordinates":[69.044915,23.1005683]}},{"type":"Feature","properties":{"GROUP.ID":"G13042619","LOCALITY":"PMC2024_T17G04, Ratadiya, Gujarat, IN (24.104, 69.703)","LATITUDE":24.1044854,"LONGITUDE":69.7028322,"OBSERVATION.DATE":"2024-09-15","OBSERVER.ID":"obsr4399854","DURATION.MINUTES":68.0,"SAMPLING.EVENT.IDENTIFIER":"S196301687","species_list":"Blue-cheeked Bee-eater; Common Babbler; European Roller; Great Gray Shrike; Isabelline Shrike; Laughing Dove; Rosy Starling; Rufous-tailed Scrub-Robin; Spotted Flycatcher; Sykes's Warbler; Tawny Pipit; Variable Wheatear; Western Marsh Harrier","n_species":13,"focal_species_seen":"Blue-cheeked Bee-eater; European Roller; Rufous-tailed Scrub-Robin; Spotted Flycatcher","focal_species_slugs":"blue-cheeked-bee-eater;european-roller;rufous-tailed-scrub-robin;spotted-flycatcher","has_focal":true},"geometry":{"type":"Point","coordinates":[69.7028322,24.1044854]}},{"type":"Feature","properties":{"GROUP.ID":"G13035946","LOCALITY":"PMC2024_T17G01, Kachchh, Gujarat, IN (24.056, 69.571)","LATITUDE":24.0560733,"LONGITUDE":69.5706467,"OBSERVATION.DATE":"2024-09-14","OBSERVER.ID":"obsr4399854","DURATION.MINUTES":34.0,"SAMPLING.EVENT.IDENTIFIER":"S196301689","species_list":"Ashy-crowned Sparrow-Lark; Asian Green Bee-eater; Common Babbler; Common Hoopoe; Common Sandpiper; Eastern Red-rumped Swallow; Eurasian Collared-Dove; Gray Francolin; House Crow; House Sparrow; Indian Roller; Laughing Dove; Red-wattled Lapwing; Shikra; Variable Wheatear; White-eared Bulbul","n_species":16,"focal_species_seen":"","focal_species_slugs":"","has_focal":false},"geometry":{"type":"Point","coordinates":[69.5706467,24.0560733]}},{"type":"Feature","properties":{"GROUP.ID":"G13122286","LOCALITY":"T16G5_PMC2024","LATITUDE":23.929893,"LONGITUDE":69.812661,"OBSERVATION.DATE":"2024-09-14","OBSERVER.ID":"obsr4399854","DURATION.MINUTES":60.0,"SAMPLING.EVENT.IDENTIFIER":"S224028669","species_list":"Asian Green Bee-eater; Barn Swallow; Black Drongo; Common Babbler; Common Tailorbird; Gray-breasted Prinia; Gray Francolin; Greater Whitethroat; Indian Golden Oriole; Indian Robin; Indian Silverbill; Indian Spot-billed Duck; Laughing Dove; Long-tailed Shrike; Pied Cuckoo; Purple Sunbird; Red-vented Bulbul; Rufous-fronted Prinia; Rufous-tailed Scrub-Robin; Siberian Stonechat; White-eared Bulbul","n_species":21,"focal_species_seen":"Greater Whitethroat; Rufous-tailed Scrub-Robin","focal_species_slugs":"greater-whitethroat;rufous-tailed-scrub-robin","has_focal":true},"geometry":{"type":"Point","coordinates":[69.812661,23.929893]}},{"type":"Feature","properties":{"GROUP.ID":"G13122292","LOCALITY":"T16G3_PMC2024","LATITUDE":23.885921,"LONGITUDE":69.766946,"OBSERVATION.DATE":"2024-09-14","OBSERVER.ID":"obsr4399854","DURATION.MINUTES":50.0,"SAMPLING.EVENT.IDENTIFIER":"S224028670","species_list":"Barred Buttonquail; Bay-backed Shrike; Baya Weaver; Black-headed Bunting; Blyth's Reed Warbler; Brahminy Starling; Common Babbler; Common Tailorbird; Eurasian Collared-Dove; Glossy Ibis; Gray-breasted Prinia; Great Gray Shrike; House Sparrow; Indian Robin; Indian Silverbill; Laughing Dove; Lesser Whitethroat; Plain Prinia; Rufous-fronted Prinia; Tawny Pipit; Variable Wheatear; White-eared Bulbul","n_species":22,"focal_species_seen":"","focal_species_slugs":"","has_focal":false},"geometry":{"type":"Point","coordinates":[69.766946,23.885921]}},{"type":"Feature","properties":{"GROUP.ID":"G13122290","LOCALITY":"T16G1_PMC2024","LATITUDE":23.786322,"LONGITUDE":69.688273,"OBSERVATION.DATE":"2024-09-15","OBSERVER.ID":"obsr4399854","DURATION.MINUTES":45.0,"SAMPLING.EVENT.IDENTIFIER":"S224028672","species_list":"Ashy-crowned Sparrow-Lark; Asian Green Bee-eater; Black-headed Ibis; Black-winged Stilt; Common Hoopoe; Common Sandpiper; Crested Lark; Eastern Cattle-Egret; Eurasian Spoonbill; Glossy Ibis; Gray Heron; Great Egret; Greater Flamingo; Green Sandpiper; Gull-billed Tern; House Sparrow; Kentish Plover; Lesser Black-backed Gull; Little Egret; Little Stint; Marsh Sandpiper; Montagu's Harrier; Red-wattled Lapwing; Ruff; Sand Lark; Spotted Redshank; Temminck's Stint; Variable Wheatear; Western Reef-Heron; Western Yellow Wagtail","n_species":30,"focal_species_seen":"","focal_species_slugs":"","has_focal":false},"geometry":{"type":"Point","coordinates":[69.688273,23.786322]}},{"type":"Feature","properties":{"GROUP.ID":"G14420055","LOCALITY":"T16G2_PMC2024, Kutch, Gujarat","LATITUDE":23.849717,"LONGITUDE":69.7696953,"OBSERVATION.DATE":"2024-09-15","OBSERVER.ID":"obsr4399854","DURATION.MINUTES":30.0,"SAMPLING.EVENT.IDENTIFIER":"S224028673","species_list":"Asian Green Bee-eater; Common Babbler; Oriental Honey-buzzard; Red-vented Bulbul; White-eared Bulbul","n_species":5,"focal_species_seen":"","focal_species_slugs":"","has_focal":false},"geometry":{"type":"Point","coordinates":[69.7696953,23.849717]}},{"type":"Feature","properties":{"GROUP.ID":"G13041612","LOCALITY":"Abdasa, Kachchh IN-GJ 23.19449, 68.73867","LATITUDE":23.194495,"LONGITUDE":68.738668,"OBSERVATION.DATE":"2024-09-14","OBSERVER.ID":"obsr4399854","DURATION.MINUTES":76.0,"SAMPLING.EVENT.IDENTIFIER":"S224028674","species_list":"Asian Green Bee-eater; Barn Swallow; Bay-backed Shrike; Black-winged Kite; Black Drongo; Black Francolin; Common Babbler; Eastern Cattle-Egret; Gray Francolin; Gull-billed Tern; Plain Prinia; Rain Quail; Red-backed Shrike; Red-vented Bulbul; Red-wattled Lapwing; Rufous-fronted Prinia; Siberian Stonechat; Wire-tailed Swallow; Zitting Cisticola","n_species":19,"focal_species_seen":"Red-backed Shrike","focal_species_slugs":"red-backed-shrike","has_focal":true},"geometry":{"type":"Point","coordinates":[68.738668,23.194495]}},{"type":"Feature","properties":{"GROUP.ID":"G13035403","LOCALITY":"T34G6","LATITUDE":23.370256,"LONGITUDE":68.744246,"OBSERVATION.DATE":"2024-09-14","OBSERVER.ID":"obsr4399854","DURATION.MINUTES":48.0,"SAMPLING.EVENT.IDENTIFIER":"S224028738","species_list":"Asian Green Bee-eater; Barred Buttonquail; Black-winged Kite; Common Babbler; Eastern Cattle-Egret; Gray-breasted Prinia; Gray Francolin; Indian Bushlark; Indian Robin; Isabelline Shrike; Laughing Dove; Pied Cuckoo; Plain Prinia; Purple Sunbird; Red-vented Bulbul; Red-wattled Lapwing; Rose-ringed Parakeet; Rufous-fronted Prinia; White-eared Bulbul; White-tailed Iora","n_species":20,"focal_species_seen":"","focal_species_slugs":"","has_focal":false},"geometry":{"type":"Point","coordinates":[68.744246,23.370256]}},{"type":"Feature","properties":{"GROUP.ID":"G13041619","LOCALITY":"T34G5","LATITUDE":23.340272,"LONGITUDE":68.788581,"OBSERVATION.DATE":"2024-09-15","OBSERVER.ID":"obsr4399854","DURATION.MINUTES":63.0,"SAMPLING.EVENT.IDENTIFIER":"S224028746","species_list":"Ashy-crowned Sparrow-Lark; Asian Green Bee-eater; Barn Swallow; Barred Buttonquail; Bay-backed Shrike; Baya Weaver; Black Francolin; Common Babbler; Common Woodshrike; Eastern Cattle-Egret; Eurasian Collared-Dove; Eurasian Spoonbill; Glossy Ibis; Gray-breasted Prinia; Gray-necked Bunting; Gray Francolin; Gull-billed Tern; Indian Peafowl; Indian Pond-Heron; Indian Silverbill; Isabelline Shrike; Jungle Prinia; Laughing Dove; Lesser Whistling-Duck; Paddyfield Pipit; Pied Cuckoo; Pied Kingfisher; Plain Prinia; Purple Heron; Red-naped Ibis; Red-vented Bulbul; Red-wattled Lapwing; Red Collared-Dove; Rose-ringed Parakeet; Rosy Starling; Rufous-fronted Prinia; Siberian Stonechat; Streak-throated Swallow; Wire-tailed Swallow; Yellow-wattled Lapwing; Zitting Cisticola","n_species":41,"focal_species_seen":"","focal_species_slugs":"","has_focal":false},"geometry":{"type":"Point","coordinates":[68.788581,23.340272]}},{"type":"Feature","properties":{"GROUP.ID":"G13041620","LOCALITY":"T34G3","LATITUDE":23.214134,"LONGITUDE":68.791874,"OBSERVATION.DATE":"2024-09-15","OBSERVER.ID":"obsr4399854","DURATION.MINUTES":56.0,"SAMPLING.EVENT.IDENTIFIER":"S224028756","species_list":"Ashy-crowned Sparrow-Lark; Bay-backed Shrike; Black Drongo; Common Babbler; Common Tailorbird; Eastern Cattle-Egret; Eurasian Collared-Dove; Glossy Ibis; Gray Francolin; Gray Heron; Greater Coucal; Indian Robin; Indian Silverbill; Laughing Dove; Lesser Whitethroat; Long-tailed Shrike; Plain Prinia; Purple Sunbird; Red-vented Bulbul; Red-wattled Lapwing; Red Collared-Dove; River Tern; Rosy Starling; Rufous-fronted Prinia; Spotted Flycatcher; Sykes's Warbler; White-eared Bulbul; Wire-tailed Swallow","n_species":28,"focal_species_seen":"Spotted Flycatcher","focal_species_slugs":"spotted-flycatcher","has_focal":true},"geometry":{"type":"Point","coordinates":[68.791874,23.214134]}},{"type":"Feature","properties":{"GROUP.ID":"G13040006","LOCALITY":"T38G5","LATITUDE":23.7870764,"LONGITUDE":68.7923218,"OBSERVATION.DATE":"2024-09-15","OBSERVER.ID":"obsr4399854","DURATION.MINUTES":77.0,"SAMPLING.EVENT.IDENTIFIER":"S224028762","species_list":"Asian Green Bee-eater; Barred Buttonquail; Bay-backed Shrike; Black Francolin; Common Babbler; Common Hoopoe; Eastern Cattle-Egret; Eurasian Collared-Dove; Eurasian Wryneck; European Roller; Gray Francolin; Green Sandpiper; Indian Bushlark; Indian Peafowl; Indian Robin; Indian Spot-billed Duck; Jungle Prinia; Laughing Dove; Lesser Whistling-Duck; Montagu's Harrier; Oriental Darter; Pied Cuckoo; Red-backed Shrike; Red-tailed Shrike; Red-vented Bulbul; Rufous-fronted Prinia; White-eared Bulbul; Zitting Cisticola","n_species":28,"focal_species_seen":"European Roller; Red-backed Shrike; Red-tailed Shrike","focal_species_slugs":"european-roller;red-backed-shrike;red-tailed-shrike","has_focal":true},"geometry":{"type":"Point","coordinates":[68.7923218,23.7870764]}},{"type":"Feature","properties":{"GROUP.ID":"G13040525","LOCALITY":"T36G3","LATITUDE":23.5956978,"LONGITUDE":68.8859088,"OBSERVATION.DATE":"2024-09-15","OBSERVER.ID":"obsr4399854","DURATION.MINUTES":47.0,"SAMPLING.EVENT.IDENTIFIER":"S224028765","species_list":"Ashy-crowned Sparrow-Lark; Asian Green Bee-eater; Barred Buttonquail; Black Drongo; Black Francolin; Common Babbler; Eurasian Collared-Dove; Glossy Ibis; Gray-breasted Prinia; Gray Francolin; Great Crested Grebe; Green Sandpiper; House Sparrow; Indian Cormorant; Indian Peafowl; Indian Spot-billed Duck; Laughing Dove; Lesser Whistling-Duck; Little Grebe; Oriental Darter; Plain Prinia; Purple Sunbird; Red-wattled Lapwing; Red Collared-Dove; Rosy Starling; Spotted Flycatcher; Streak-throated Swallow; Western Yellow Wagtail; White-eared Bulbul; White-tailed Iora","n_species":30,"focal_species_seen":"Spotted Flycatcher","focal_species_slugs":"spotted-flycatcher","has_focal":true},"geometry":{"type":"Point","coordinates":[68.8859088,23.5956978]}},{"type":"Feature","properties":{"GROUP.ID":"G13033793","LOCALITY":"T38G4","LATITUDE":23.7803203,"LONGITUDE":68.7011364,"OBSERVATION.DATE":"2024-09-14","OBSERVER.ID":"obsr4399854","DURATION.MINUTES":82.0,"SAMPLING.EVENT.IDENTIFIER":"S224028775","species_list":"Ashy-crowned Sparrow-Lark; Asian Green Bee-eater; Common Babbler; Crested Lark; Eurasian Collared-Dove; Eurasian Curlew; Greater Short-toed Lark; Indian Bushlark; Indian Silverbill; Isabelline Shrike; Laughing Dove; Paddyfield Pipit; Purple Sunbird; Red-tailed Shrike; Rosy Starling; Rufous-fronted Prinia; Tawny Pipit; Variable Wheatear; Western Yellow Wagtail","n_species":19,"focal_species_seen":"Red-tailed Shrike","focal_species_slugs":"red-tailed-shrike","has_focal":true},"geometry":{"type":"Point","coordinates":[68.7011364,23.7803203]}},{"type":"Feature","properties":{"GROUP.ID":"G13069058","LOCALITY":"Ganeshpar Road, Kachchh IN-GJ 23.85975, 70.37190","LATITUDE":23.85975,"LONGITUDE":70.3719,"OBSERVATION.DATE":"2024-09-15","OBSERVER.ID":"obsr4399854","DURATION.MINUTES":14.0,"SAMPLING.EVENT.IDENTIFIER":"S224028789","species_list":"Asian Green Bee-eater; Eurasian Collared-Dove; Gray Francolin; Indian Robin; Laughing Dove; Little Egret; Red-wattled Lapwing; Rosy Starling; Siberian Stonechat","n_species":9,"focal_species_seen":"","focal_species_slugs":"","has_focal":false},"geometry":{"type":"Point","coordinates":[70.3719,23.85975]}},{"type":"Feature","properties":{"GROUP.ID":"G13065270","LOCALITY":"Ratiya Dhonsa Road, Kachchh IN-GJ 23.25767, 69.61679","LATITUDE":23.257674,"LONGITUDE":69.616786,"OBSERVATION.DATE":"2024-09-15","OBSERVER.ID":"obsr4399854","DURATION.MINUTES":150.0,"SAMPLING.EVENT.IDENTIFIER":"S224028798","species_list":"Ashy-crowned Sparrow-Lark; Asian Green Bee-eater; Bay-backed Shrike; Black-winged Stilt; Common Hoopoe; Eurasian Collared-Dove; European Roller; Gray Francolin; House Sparrow; Indian Bushlark; Indian Silverbill; Laughing Dove; Paddyfield Pipit; Red-backed Shrike; Red-vented Bulbul; Rufous-fronted Prinia; White-breasted Waterhen; Wire-tailed Swallow","n_species":18,"focal_species_seen":"European Roller; Red-backed Shrike","focal_species_slugs":"european-roller;red-backed-shrike","has_focal":true},"geometry":{"type":"Point","coordinates":[69.616786,23.257674]}},{"type":"Feature","properties":{"GROUP.ID":"G13065267","LOCALITY":"Notiya Bhkhariya Road, Kachchh IN-GJ 23.41185, 69.62247","LATITUDE":23.411853,"LONGITUDE":69.62247,"OBSERVATION.DATE":"2024-09-14","OBSERVER.ID":"obsr4399854","DURATION.MINUTES":60.0,"SAMPLING.EVENT.IDENTIFIER":"S224028807","species_list":"Black Drongo; Chestnut-bellied Sandgrouse; Common Hoopoe; Greater Coucal; House Crow; Laughing Dove; Little Cormorant; Oriental Darter; Red-wattled Lapwing; River Tern; White-throated Kingfisher","n_species":11,"focal_species_seen":"","focal_species_slugs":"","has_focal":false},"geometry":{"type":"Point","coordinates":[69.62247,23.411853]}},{"type":"Feature","properties":{"GROUP.ID":"G13065263","LOCALITY":"Raydhanpar Traya Road, Kachchh IN-GJ 23.27709, 69.75581","LATITUDE":23.277094,"LONGITUDE":69.755812,"OBSERVATION.DATE":"2024-09-14","OBSERVER.ID":"obsr4399854","DURATION.MINUTES":29.0,"SAMPLING.EVENT.IDENTIFIER":"S224028820","species_list":"Asian Green Bee-eater; Black-winged Stilt; Common Babbler; European Roller; Gray Francolin; House Sparrow; Indian Silverbill; Laughing Dove; Paddyfield Pipit; Painted Sandgrouse; Red-vented Bulbul; Red-wattled Lapwing; Red Collared-Dove; Rock Bush-Quail; White-eared Bulbul; Yellow-wattled Lapwing","n_species":16,"focal_species_seen":"European Roller","focal_species_slugs":"european-roller","has_focal":true},"geometry":{"type":"Point","coordinates":[69.755812,23.277094]}},{"type":"Feature","properties":{"GROUP.ID":"G13065252","LOCALITY":"Bhuj, Kachchh IN-GJ 23.24426, 69.78820","LATITUDE":23.244257,"LONGITUDE":69.788205,"OBSERVATION.DATE":"2024-09-14","OBSERVER.ID":"obsr4399854","DURATION.MINUTES":68.0,"SAMPLING.EVENT.IDENTIFIER":"S224028827","species_list":"Ashy-crowned Sparrow-Lark; Asian Green Bee-eater; Asian Koel; Black-winged Stilt; Eurasian Collared-Dove; Gray Heron; Gray Wagtail; Indian Peafowl; Indian Silverbill; Knob-billed Duck; Little Egret; Red-naped Ibis; Red Collared-Dove; River Tern; Shikra","n_species":15,"focal_species_seen":"","focal_species_slugs":"","has_focal":false},"geometry":{"type":"Point","coordinates":[69.788205,23.244257]}},{"type":"Feature","properties":{"GROUP.ID":"G13065241","LOCALITY":"Kodki Baukha Road, Kachchh IN-GJ 23.26198, 69.54989","LATITUDE":23.261979,"LONGITUDE":69.549891,"OBSERVATION.DATE":"2024-09-14","OBSERVER.ID":"obsr4399854","DURATION.MINUTES":128.0,"SAMPLING.EVENT.IDENTIFIER":"S224028835","species_list":"Asian Green Bee-eater; Baya Weaver; Chestnut-bellied Sandgrouse; Common Sandpiper; Common Tailorbird; Eastern Red-rumped Swallow; Eurasian Collared-Dove; European Roller; Indian Bushlark; Jungle Prinia; Laughing Dove; Lesser Whistling-Duck; Little Cormorant; Little Ringed Plover; Paddyfield Pipit; Purple Sunbird; Red-backed Shrike; Red Collared-Dove; Rock Bush-Quail; Rose-ringed Parakeet; Tawny Pipit; Western Yellow Wagtail; White-eared Bulbul; White-throated Kingfisher","n_species":24,"focal_species_seen":"European Roller; Red-backed Shrike","focal_species_slugs":"european-roller;red-backed-shrike","has_focal":true},"geometry":{"type":"Point","coordinates":[69.549891,23.261979]}},{"type":"Feature","properties":{"GROUP.ID":"G13050936","LOCALITY":"T1G6","LATITUDE":23.9319252,"LONGITUDE":70.6267925,"OBSERVATION.DATE":"2024-09-15","OBSERVER.ID":"obsr4399854","DURATION.MINUTES":90.0,"SAMPLING.EVENT.IDENTIFIER":"S224028844","species_list":"Ashy-crowned Sparrow-Lark; Barn Swallow; Bay-backed Shrike; Black-tailed Godwit; Black-winged Stilt; Blue-cheeked Bee-eater; Caspian Tern; Chestnut-bellied Sandgrouse; Common Cuckoo; Common Greenshank; Common Hoopoe; Common Myna; Common Redshank; Curlew Sandpiper; Delicate Prinia; Eurasian Collared-Dove; Eurasian Curlew; Eurasian Spoonbill; Eurasian Whimbrel; European Roller; Gray-breasted Prinia; Gray Francolin; Greater Flamingo; Greater Whitethroat; Gull-billed Tern; House Sparrow; Indian Bushlark; Indian Peafowl; Indian Robin; Indian Silverbill; Jungle Prinia; Laughing Dove; Lesser Black-backed Gull; Lesser Flamingo; Little Stint; Little Tern; Marsh Sandpiper; Northern Shoveler; Pied Avocet; Pied Cuckoo; Plain Prinia; Purple Sunbird; Red-backed Shrike; Red-vented Bulbul; River Tern; Rosy Starling; Ruddy Turnstone; Ruff; Rufous-fronted Prinia; Rufous-tailed Lark; Rufous-tailed Scrub-Robin; Spotted Flycatcher; Spotted Redshank; Tawny Pipit; Terek Sandpiper; Tibetan Sand-Plover; Variable Wheatear; Western Reef-Heron; Whiskered Tern; White-eared Bulbul; White-eyed Buzzard; White-throated Kingfisher; Wood Sandpiper; Yellow-throated Sparrow","n_species":64,"focal_species_seen":"Blue-cheeked Bee-eater; Common Cuckoo; European Roller; Greater Whitethroat; Red-backed Shrike; Rufous-tailed Scrub-Robin; Spotted Flycatcher","focal_species_slugs":"blue-cheeked-bee-eater;common-cuckoo;european-roller;greater-whitethroat;red-backed-shrike;rufous-tailed-scrub-robin;spotted-flycatcher","has_focal":true},"geometry":{"type":"Point","coordinates":[70.6267925,23.9319252]}},{"type":"Feature","properties":{"GROUP.ID":"G13050939","LOCALITY":"T1G4, Belasar - Jodhrai Road, Kachchh, Gujarat, IN (23.86, 70.672)","LATITUDE":23.8600441,"LONGITUDE":70.6722568,"OBSERVATION.DATE":"2024-09-14","OBSERVER.ID":"obsr4399854","DURATION.MINUTES":17.0,"SAMPLING.EVENT.IDENTIFIER":"S224028848","species_list":"Ashy-crowned Sparrow-Lark; Asian Green Bee-eater; Barn Swallow; Baya Weaver; Black-winged Kite; Blue-cheeked Bee-eater; Common Babbler; Common Myna; Common Tailorbird; Crested Lark; Eurasian Collared-Dove; Eurasian Wryneck; European Roller; Gray-breasted Prinia; Gray-necked Bunting; Gray Francolin; House Sparrow; Indian Bushlark; Indian Peafowl; Indian Silverbill; Jungle Prinia; Laughing Dove; Little Grebe; Pied Cuckoo; Plain Prinia; Purple Sunbird; Red-vented Bulbul; Red-wattled Lapwing; Red Collared-Dove; River Tern; Rosy Starling; Rufous-fronted Prinia; Variable Wheatear; White-eared Bulbul; White-eyed Buzzard; Zitting Cisticola","n_species":36,"focal_species_seen":"Blue-cheeked Bee-eater; European Roller","focal_species_slugs":"blue-cheeked-bee-eater;european-roller","has_focal":true},"geometry":{"type":"Point","coordinates":[70.6722568,23.8600441]}},{"type":"Feature","properties":{"GROUP.ID":"G13038283","LOCALITY":"T1G2, Fatehgadh - Mouvana Road, Mouvana, Gujarat, IN (23.81, 70.862)","LATITUDE":23.8100617,"LONGITUDE":70.8623806,"OBSERVATION.DATE":"2024-09-14","OBSERVER.ID":"obsr4399854","DURATION.MINUTES":81.0,"SAMPLING.EVENT.IDENTIFIER":"S224028853","species_list":"Asian Green Bee-eater; Black-winged Kite; Blue-cheeked Bee-eater; Caspian Tern; Chestnut-bellied Sandgrouse; Common Babbler; Common Hoopoe; Common Kingfisher; Common Redshank; Common Sandpiper; Eastern Cattle-Egret; Eastern Red-rumped Swallow; Eurasian Collared-Dove; Eurasian Spoonbill; Eurasian Wryneck; European Roller; Gray Francolin; Great Cormorant; Great Crested Grebe; Greater Flamingo; House Crow; House Sparrow; Indian Peafowl; Indian Robin; Isabelline Shrike; Laughing Dove; Lesser Black-backed Gull; Lesser Flamingo; Little Cormorant; Little Grebe; Marsh Sandpiper; Montagu's Harrier; Northern Shoveler; Oriental Darter; Plain Prinia; Purple Sunbird; Red-vented Bulbul; Red-wattled Lapwing; River Tern; Rosy Starling; Tawny Pipit; Variable Wheatear; Western Reef-Heron; White-eared Bulbul; White-throated Kingfisher; Yellow-throated Sparrow; Zitting Cisticola","n_species":47,"focal_species_seen":"Blue-cheeked Bee-eater; European Roller","focal_species_slugs":"blue-cheeked-bee-eater;european-roller","has_focal":true},"geometry":{"type":"Point","coordinates":[70.8623806,23.8100617]}},{"type":"Feature","properties":{"GROUP.ID":"G13051605","LOCALITY":"t8g1, NH 927C, Kachchh IN-GJ 23.83203, 70.29604","LATITUDE":23.83203,"LONGITUDE":70.29604,"OBSERVATION.DATE":"2024-09-15","OBSERVER.ID":"obsr4399854","DURATION.MINUTES":63.0,"SAMPLING.EVENT.IDENTIFIER":"S224028931","species_list":"Ashy-crowned Sparrow-Lark; Asian Green Bee-eater; Baya Weaver; Black-winged Kite; Common Babbler; Common Tailorbird; Eurasian Collared-Dove; European Roller; Gray-breasted Prinia; Greater Coucal; House Sparrow; Indian Robin; Isabelline Shrike; Laughing Dove; Little Swift; Long-tailed Shrike; Plain Prinia; Purple Sunbird; Red-naped Ibis; Red-vented Bulbul; Red-wattled Lapwing; Red Collared-Dove; Rosy Starling; Spotted Flycatcher; Variable Wheatear; White-eared Bulbul; White-throated Kingfisher","n_species":27,"focal_species_seen":"European Roller; Spotted Flycatcher","focal_species_slugs":"european-roller;spotted-flycatcher","has_focal":true},"geometry":{"type":"Point","coordinates":[70.29604,23.83203]}},{"type":"Feature","properties":{"GROUP.ID":"G13051606","LOCALITY":"t8g2, Bhachau, Kachchh IN-GJ 23.84270, 70.37684","LATITUDE":23.8427,"LONGITUDE":70.37684,"OBSERVATION.DATE":"2024-09-15","OBSERVER.ID":"obsr4399854","DURATION.MINUTES":81.0,"SAMPLING.EVENT.IDENTIFIER":"S224029120","species_list":"Ashy-crowned Sparrow-Lark; Barn Swallow; Bay-backed Shrike; Baya Weaver; Chestnut-bellied Sandgrouse; Common Babbler; Common Hoopoe; Eurasian Collared-Dove; European Roller; Gray Francolin; Indian Robin; Indian Silverbill; Indian Spot-billed Duck; Jungle Prinia; Laughing Dove; Lesser Whistling-Duck; Little Cormorant; Pied Bushchat; Pied Cuckoo; Purple Sunbird; Red-naped Ibis; Red-wattled Lapwing; Red Collared-Dove; Rosy Starling; Siberian Stonechat; Tawny Pipit; White-eared Bulbul; Zitting Cisticola","n_species":28,"focal_species_seen":"European Roller","focal_species_slugs":"european-roller","has_focal":true},"geometry":{"type":"Point","coordinates":[70.37684,23.8427]}},{"type":"Feature","properties":{"GROUP.ID":"G13051608","LOCALITY":"t8g4, Aadhav Dholavira Road, Kachchh IN-GJ 23.83120, 70.06336","LATITUDE":23.8312,"LONGITUDE":70.06336,"OBSERVATION.DATE":"2024-09-14","OBSERVER.ID":"obsr4399854","DURATION.MINUTES":33.0,"SAMPLING.EVENT.IDENTIFIER":"S224029125","species_list":"Barn Swallow; Eurasian Collared-Dove; European Roller; Greater Flamingo; Gull-billed Tern; House Sparrow; Little Stint","n_species":7,"focal_species_seen":"European Roller","focal_species_slugs":"european-roller","has_focal":true},"geometry":{"type":"Point","coordinates":[70.06336,23.8312]}},{"type":"Feature","properties":{"GROUP.ID":"G13051607","LOCALITY":"Aadhav Dholavira Road, Kachchh IN-GJ 23.83120, 70.06336","LATITUDE":23.8312,"LONGITUDE":70.06336,"OBSERVATION.DATE":"2024-09-14","OBSERVER.ID":"obsr4399854","DURATION.MINUTES":14.0,"SAMPLING.EVENT.IDENTIFIER":"S224029137","species_list":"Greater Flamingo","n_species":1,"focal_species_seen":"","focal_species_slugs":"","has_focal":false},"geometry":{"type":"Point","coordinates":[70.06336,23.8312]}},{"type":"Feature","properties":{"GROUP.ID":"G13069059","LOCALITY":"Bhachau, Kachchh IN-GJ 23.89344, 70.32705","LATITUDE":23.89344,"LONGITUDE":70.32705,"OBSERVATION.DATE":"2024-09-14","OBSERVER.ID":"obsr4399854","DURATION.MINUTES":26.0,"SAMPLING.EVENT.IDENTIFIER":"S224029144","species_list":"Bank Swallow; Barred Buttonquail; Common Hoopoe; Gray Francolin; Great Gray Shrike; Long-tailed Shrike; Plain Prinia; Variable Wheatear; White-eared Bulbul; White-tailed Iora; White-throated Kingfisher","n_species":11,"focal_species_seen":"","focal_species_slugs":"","has_focal":false},"geometry":{"type":"Point","coordinates":[70.32705,23.89344]}},{"type":"Feature","properties":{"GROUP.ID":"G13069060","LOCALITY":"t8g3, Bhachau, Kachchh IN-GJ 23.90922, 70.32576","LATITUDE":23.90922,"LONGITUDE":70.32576,"OBSERVATION.DATE":"2024-09-14","OBSERVER.ID":"obsr4399854","DURATION.MINUTES":74.0,"SAMPLING.EVENT.IDENTIFIER":"S224029150","species_list":"Ashy-crowned Sparrow-Lark; Barn Swallow; Brown Rock Chat; Common Babbler; Eastern Red-rumped Swallow; Eurasian Collared-Dove; European Roller; Gray Francolin; Great Gray Shrike; Greater Flamingo; House Sparrow; Indian Robin; Laughing Dove; Long-tailed Shrike; Red-tailed Shrike; Red-wattled Lapwing; Red Collared-Dove; Streaked Weaver; Yellow-throated Sparrow","n_species":19,"focal_species_seen":"European Roller; Red-tailed Shrike","focal_species_slugs":"european-roller;red-tailed-shrike","has_focal":true},"geometry":{"type":"Point","coordinates":[70.32576,23.90922]}},{"type":"Feature","properties":{"GROUP.ID":"G13069061","LOCALITY":"Bhachau, Kachchh IN-GJ 23.87897, 70.33802","LATITUDE":23.87897,"LONGITUDE":70.33802,"OBSERVATION.DATE":"2024-09-14","OBSERVER.ID":"obsr4399854","DURATION.MINUTES":35.0,"SAMPLING.EVENT.IDENTIFIER":"S224029155","species_list":"Asian Green Bee-eater; Barn Swallow; Barred Buttonquail; Black-headed Ibis; Black-winged Stilt; Black Drongo; Common Babbler; Common Hoopoe; Common Redshank; Delicate Prinia; Eurasian Collared-Dove; European Roller; Garganey; Glossy Ibis; Green Sandpiper; Green Warbler; Indian Cormorant; Indian Pond-Heron; Indian Spot-billed Duck; Laughing Dove; Little Cormorant; Little Egret; Little Grebe; Long-tailed Shrike; Painted Stork; Red-vented Bulbul; Red-wattled Lapwing; River Tern; Rose-ringed Parakeet; Sykes's Warbler; Whiskered Tern; White-eared Bulbul; White-throated Kingfisher","n_species":33,"focal_species_seen":"European Roller","focal_species_slugs":"european-roller","has_focal":true},"geometry":{"type":"Point","coordinates":[70.33802,23.87897]}},{"type":"Feature","properties":{"GROUP.ID":"G13069062","LOCALITY":"Ratanpar Road, Kachchh IN-GJ 23.86698, 70.35400","LATITUDE":23.86698,"LONGITUDE":70.354,"OBSERVATION.DATE":"2024-09-14","OBSERVER.ID":"obsr4399854","DURATION.MINUTES":180.0,"SAMPLING.EVENT.IDENTIFIER":"S224029171","species_list":"Ashy-crowned Sparrow-Lark; Asian Green Bee-eater; Baya Weaver; Blue-cheeked Bee-eater; Brown Rock Chat; Eurasian Collared-Dove; Laughing Dove; Little Egret; Long-tailed Shrike; Montagu's Harrier; Paddyfield Pipit; Purple Sunbird; Red-vented Bulbul; Siberian Stonechat; Spotted Flycatcher; Streaked Weaver","n_species":16,"focal_species_seen":"Blue-cheeked Bee-eater; Spotted Flycatcher","focal_species_slugs":"blue-cheeked-bee-eater;spotted-flycatcher","has_focal":true},"geometry":{"type":"Point","coordinates":[70.354,23.86698]}},{"type":"Feature","properties":{"GROUP.ID":"G13069063","LOCALITY":"t8g2, Ratanpar Road, Kachchh IN-GJ 23.86047, 70.36389","LATITUDE":23.86047,"LONGITUDE":70.36389,"OBSERVATION.DATE":"2024-09-14","OBSERVER.ID":"obsr4399854","DURATION.MINUTES":20.0,"SAMPLING.EVENT.IDENTIFIER":"S224029173","species_list":"Asian Green Bee-eater; Common Babbler; House Sparrow; Isabelline Shrike; Purple Sunbird; White-browed Wagtail; White-eared Bulbul; Yellow-throated Sparrow","n_species":8,"focal_species_seen":"","focal_species_slugs":"","has_focal":false},"geometry":{"type":"Point","coordinates":[70.36389,23.86047]}},{"type":"Feature","properties":{"GROUP.ID":"G13051329","LOCALITY":"T19G6","LATITUDE":23.4660128,"LONGITUDE":69.515667,"OBSERVATION.DATE":"2024-09-15","OBSERVER.ID":"obsr4399854","DURATION.MINUTES":34.0,"SAMPLING.EVENT.IDENTIFIER":"S224029189","species_list":"Asian Green Bee-eater; Asian Koel; Baya Weaver; Black-winged Kite; Common Babbler; Common Tailorbird; Eastern Cattle-Egret; Eurasian Collared-Dove; Gray-breasted Prinia; Gray Francolin; House Sparrow; Indian Robin; Indian Roller; Indian Silverbill; Laughing Dove; Little Swift; Long-tailed Shrike; Northern Shoveler; Plain Prinia; Purple Sunbird; Red-vented Bulbul; Red-wattled Lapwing; Rose-ringed Parakeet; White-throated Kingfisher","n_species":24,"focal_species_seen":"","focal_species_slugs":"","has_focal":false},"geometry":{"type":"Point","coordinates":[69.515667,23.4660128]}},{"type":"Feature","properties":{"GROUP.ID":"G13040935","LOCALITY":"T19G5","LATITUDE":23.4397062,"LONGITUDE":69.5798412,"OBSERVATION.DATE":"2024-09-15","OBSERVER.ID":"obsr4399854","DURATION.MINUTES":45.0,"SAMPLING.EVENT.IDENTIFIER":"S224029194","species_list":"Asian Green Bee-eater; Common Babbler; Eurasian Collared-Dove; Gray-breasted Prinia; Indian Peafowl; Indian Robin; Laughing Dove; Purple Sunbird; Red-vented Bulbul; Rufous-fronted Prinia; White-eared Bulbul; White-tailed Iora","n_species":12,"focal_species_seen":"","focal_species_slugs":"","has_focal":false},"geometry":{"type":"Point","coordinates":[69.5798412,23.4397062]}},{"type":"Feature","properties":{"GROUP.ID":"G13046335","LOCALITY":"t8g5, Bhachau, Kachchh IN-GJ 23.91980, 70.23094","LATITUDE":23.9198,"LONGITUDE":70.23094,"OBSERVATION.DATE":"2024-09-14","OBSERVER.ID":"obsr4399854","DURATION.MINUTES":68.0,"SAMPLING.EVENT.IDENTIFIER":"S224029209","species_list":"Ashy-crowned Sparrow-Lark; Asian Green Bee-eater; Baya Weaver; Blue-cheeked Bee-eater; Common Babbler; Common Tailorbird; Eurasian Collared-Dove; Glossy Ibis; Gray Francolin; Greater Flamingo; Greater Whitethroat; Green Sandpiper; Gull-billed Tern; Indian Pond-Heron; Indian Spot-billed Duck; Isabelline Wheatear; Laughing Dove; Lesser Whistling-Duck; Little Cormorant; Little Egret; Plain Prinia; Purple Sunbird; Red-vented Bulbul; Red-wattled Lapwing; Red Collared-Dove; Variable Wheatear; Whiskered Tern; White-eared Bulbul; White-throated Kingfisher; Yellow-throated Sparrow","n_species":30,"focal_species_seen":"Blue-cheeked Bee-eater; Greater Whitethroat","focal_species_slugs":"blue-cheeked-bee-eater;greater-whitethroat","has_focal":true},"geometry":{"type":"Point","coordinates":[70.23094,23.9198]}},{"type":"Feature","properties":{"GROUP.ID":"G13041363","LOCALITY":"T19G4","LATITUDE":23.4381322,"LONGITUDE":69.4979691,"OBSERVATION.DATE":"2024-09-15","OBSERVER.ID":"obsr4399854","DURATION.MINUTES":52.0,"SAMPLING.EVENT.IDENTIFIER":"S224029226","species_list":"Asian Green Bee-eater; Asian Koel; Baya Weaver; Black-headed Ibis; Common Babbler; Common Tailorbird; Dusky Crag-Martin; Eastern Cattle-Egret; Eastern Red-rumped Swallow; Eurasian Collared-Dove; European Roller; Gray-breasted Prinia; Gray Francolin; Indian Robin; Jungle Prinia; Laughing Dove; Little Cormorant; Purple Sunbird; Red-naped Ibis; Red-wattled Lapwing; River Tern; Streak-throated Swallow; White-eared Bulbul; Wire-tailed Swallow","n_species":24,"focal_species_seen":"European Roller","focal_species_slugs":"european-roller","has_focal":true},"geometry":{"type":"Point","coordinates":[69.4979691,23.4381322]}},{"type":"Feature","properties":{"GROUP.ID":"G13040862","LOCALITY":"PMC_T29G1","LATITUDE":23.0207433,"LONGITUDE":68.8838383,"OBSERVATION.DATE":"2024-09-14","OBSERVER.ID":"obsr4399854","DURATION.MINUTES":55.0,"SAMPLING.EVENT.IDENTIFIER":"S224029256","species_list":"Gray Heron; Great Egret; Greater Sand-Plover; Western Reef-Heron","n_species":4,"focal_species_seen":"","focal_species_slugs":"","has_focal":false},"geometry":{"type":"Point","coordinates":[68.8838383,23.0207433]}},{"type":"Feature","properties":{"GROUP.ID":"G13040863","LOCALITY":"Pingleshvar beach","LATITUDE":23.0657699,"LONGITUDE":68.8009117,"OBSERVATION.DATE":"2024-09-14","OBSERVER.ID":"obsr4399854","DURATION.MINUTES":26.0,"SAMPLING.EVENT.IDENTIFIER":"S224029273","species_list":"Black-headed Ibis; Black-winged Stilt; Eurasian Spoonbill; Great Egret; Greater Flamingo; Isabelline Shrike; Little Cormorant; Little Stint; Medium Egret; Red-wattled Lapwing; Western Reef-Heron","n_species":11,"focal_species_seen":"","focal_species_slugs":"","has_focal":false},"geometry":{"type":"Point","coordinates":[68.8009117,23.0657699]}},{"type":"Feature","properties":{"GROUP.ID":"G13040864","LOCALITY":"PMC_T29G4","LATITUDE":23.1307796,"LONGITUDE":68.8836348,"OBSERVATION.DATE":"2024-09-14","OBSERVER.ID":"obsr4399854","DURATION.MINUTES":58.0,"SAMPLING.EVENT.IDENTIFIER":"S224029287","species_list":"Ashy-crowned Sparrow-Lark; Asian Green Bee-eater; Bay-backed Shrike; Baya Weaver; Black Drongo; Common Babbler; Common Tailorbird; Gray-breasted Prinia; Gray Francolin; Greater Coucal; Lesser Whitethroat; Long-tailed Shrike; Plain Prinia; Purple Sunbird; Red-naped Ibis; Red-vented Bulbul; Rosy Starling; Rufous-fronted Prinia; White-eared Bulbul; Zitting Cisticola","n_species":20,"focal_species_seen":"","focal_species_slugs":"","has_focal":false},"geometry":{"type":"Point","coordinates":[68.8836348,23.1307796]}},{"type":"Feature","properties":{"GROUP.ID":"G13040865","LOCALITY":"Unnamed Road, Kachchh, Gujarat, IN (23.184, 68.749)","LATITUDE":23.1835349,"LONGITUDE":68.7494401,"OBSERVATION.DATE":"2024-09-14","OBSERVER.ID":"obsr4399854","DURATION.MINUTES":54.0,"SAMPLING.EVENT.IDENTIFIER":"S224029301","species_list":"Black Drongo; Black Francolin; Common Babbler; Common Cuckoo; Common Tailorbird; Gray Francolin; Pied Cuckoo; White-throated Kingfisher","n_species":8,"focal_species_seen":"Common Cuckoo","focal_species_slugs":"common-cuckoo","has_focal":true},"geometry":{"type":"Point","coordinates":[68.7494401,23.1835349]}},{"type":"Feature","properties":{"GROUP.ID":"G13040866","LOCALITY":"PMC_T29G6","LATITUDE":23.1781817,"LONGITUDE":68.8242617,"OBSERVATION.DATE":"2024-09-15","OBSERVER.ID":"obsr4399854","DURATION.MINUTES":51.0,"SAMPLING.EVENT.IDENTIFIER":"S224029307","species_list":"Common Babbler; Common Tailorbird; Eurasian Spoonbill; Eurasian Wryneck; Great Egret; Indian Robin; Lesser Whitethroat; Long-tailed Shrike; Paddyfield Pipit; Painted Stork; Plain Prinia; Purple Sunbird; Rain Quail; Red-naped Ibis; Rosy Starling; Siberian Stonechat; Spotted Flycatcher; White-eared Bulbul; Zitting Cisticola","n_species":19,"focal_species_seen":"Spotted Flycatcher","focal_species_slugs":"spotted-flycatcher","has_focal":true},"geometry":{"type":"Point","coordinates":[68.8242617,23.1781817]}},{"type":"Feature","properties":{"GROUP.ID":"G13040867","LOCALITY":"PMC_T29G5","LATITUDE":23.1629767,"LONGITUDE":68.910255,"OBSERVATION.DATE":"2024-09-15","OBSERVER.ID":"obsr4399854","DURATION.MINUTES":15.0,"SAMPLING.EVENT.IDENTIFIER":"S224029314","species_list":"Asian Green Bee-eater; Black-winged Stilt; Black Drongo; Eurasian Collared-Dove; Gray-breasted Prinia; Gray Heron; Indian Pond-Heron; Laughing Dove; Purple Heron; Red-vented Bulbul; Red-wattled Lapwing; Terek Sandpiper","n_species":12,"focal_species_seen":"","focal_species_slugs":"","has_focal":false},"geometry":{"type":"Point","coordinates":[68.910255,23.1629767]}},{"type":"Feature","properties":{"GROUP.ID":"G13040549","LOCALITY":"Pingleshvar beach","LATITUDE":23.0657699,"LONGITUDE":68.8009117,"OBSERVATION.DATE":"2024-09-14","OBSERVER.ID":"obsr4399854","DURATION.MINUTES":31.0,"SAMPLING.EVENT.IDENTIFIER":"S224029323","species_list":"Asian Green Bee-eater; Baya Weaver; Black Drongo; Common Babbler; Eastern Cattle-Egret; Eurasian Collared-Dove; Gray Francolin; Indian Courser; Laughing Dove; Long-tailed Shrike; Paddyfield Pipit; Plain Prinia; Red-vented Bulbul; Rosy Starling; Variable Wheatear; Zitting Cisticola","n_species":16,"focal_species_seen":"","focal_species_slugs":"","has_focal":false},"geometry":{"type":"Point","coordinates":[68.8009117,23.0657699]}},{"type":"Feature","properties":{"GROUP.ID":"G13040941","LOCALITY":"T19New grid","LATITUDE":23.3912766,"LONGITUDE":69.4089681,"OBSERVATION.DATE":"2024-09-14","OBSERVER.ID":"obsr4399854","DURATION.MINUTES":23.0,"SAMPLING.EVENT.IDENTIFIER":"S224029328","species_list":"Gray-breasted Prinia; Gray Francolin; Jungle Prinia; Laughing Dove; Lesser Whitethroat; Pied Cuckoo; Purple Sunbird; Red-vented Bulbul; Rufous-fronted Prinia; Spotted Flycatcher; White-tailed Iora; Yellow-eyed Babbler","n_species":12,"focal_species_seen":"Spotted Flycatcher","focal_species_slugs":"spotted-flycatcher","has_focal":true},"geometry":{"type":"Point","coordinates":[69.4089681,23.3912766]}},{"type":"Feature","properties":{"GROUP.ID":"G13040956","LOCALITY":"T19G3","LATITUDE":23.415114,"LONGITUDE":69.3680298,"OBSERVATION.DATE":"2024-09-14","OBSERVER.ID":"obsr4399854","DURATION.MINUTES":40.0,"SAMPLING.EVENT.IDENTIFIER":"S224029341","species_list":"Asian Green Bee-eater; Common Babbler; Eastern Cattle-Egret; Eastern Red-rumped Swallow; European Roller; Gray-breasted Prinia; Gray-necked Bunting; Gray Francolin; Indian Bushlark; Indian Peafowl; Indian Robin; Indian Silverbill; Jungle Prinia; Laughing Dove; Lesser Whitethroat; Pied Cuckoo; Purple Sunbird; Red-vented Bulbul; River Tern; Rufous-fronted Prinia; White-eared Bulbul; White-tailed Iora; Yellow-throated Sparrow","n_species":23,"focal_species_seen":"European Roller","focal_species_slugs":"european-roller","has_focal":true},"geometry":{"type":"Point","coordinates":[69.3680298,23.415114]}},{"type":"Feature","properties":{"GROUP.ID":"G13040330","LOCALITY":"PMC2024_T40G5","LATITUDE":22.9683738,"LONGITUDE":69.277457,"OBSERVATION.DATE":"2024-09-14","OBSERVER.ID":"obsr4399854","DURATION.MINUTES":42.0,"SAMPLING.EVENT.IDENTIFIER":"S224029348","species_list":"Ashy-crowned Sparrow-Lark; Black Drongo; Blyth's Reed Warbler; Common Babbler; Common Tailorbird; Eastern Cattle-Egret; Gray-breasted Prinia; Gray Francolin; Greater Coucal; Gull-billed Tern; House Sparrow; Jungle Prinia; Laughing Dove; Little Cormorant; Purple Sunbird; Red-vented Bulbul; Rosy Starling; White-throated Kingfisher; Wire-tailed Swallow","n_species":19,"focal_species_seen":"","focal_species_slugs":"","has_focal":false},"geometry":{"type":"Point","coordinates":[69.277457,22.9683738]}},{"type":"Feature","properties":{"GROUP.ID":"G13040965","LOCALITY":"T19G7","LATITUDE":23.4938367,"LONGITUDE":69.6616774,"OBSERVATION.DATE":"2024-09-14","OBSERVER.ID":"obsr4399854","DURATION.MINUTES":40.0,"SAMPLING.EVENT.IDENTIFIER":"S224029356","species_list":"Black-tailed Godwit; Black-winged Stilt; Blyth's Reed Warbler; Eastern Cattle-Egret; Eastern Red-rumped Swallow; Eurasian Collared-Dove; Glossy Ibis; Gray Heron; Great Cormorant; Great Egret; House Crow; House Sparrow; Indian Spot-billed Duck; Lesser Whistling-Duck; Little Egret; Little Stint; Marsh Sandpiper; Oriental Darter; Plain Prinia; Purple Sunbird; Red-naped Ibis; Red-wattled Lapwing; River Tern; Ruff; Streak-throated Swallow; White-throated Kingfisher; Yellow-wattled Lapwing","n_species":27,"focal_species_seen":"","focal_species_slugs":"","has_focal":false},"geometry":{"type":"Point","coordinates":[69.6616774,23.4938367]}},{"type":"Feature","properties":{"GROUP.ID":"G10917746","LOCALITY":"PMC2023_T11G5","LATITUDE":23.024579,"LONGITUDE":69.068195,"OBSERVATION.DATE":"2023-09-24","OBSERVER.ID":"obsr4399854","DURATION.MINUTES":68.0,"SAMPLING.EVENT.IDENTIFIER":"S224029358","species_list":"Ashy-crowned Sparrow-Lark; Asian Koel; Bay-backed Shrike; Baya Weaver; Black-winged Kite; Black Drongo; Black Francolin; Booted Eagle; Common Hoopoe; Eastern Cattle-Egret; European Roller; Gray Francolin; Great Gray Shrike; Greater Coucal; Indian Bushlark; Indian Peafowl; Indian Robin; Indian Roller; Isabelline Shrike; Little Grebe; Long-tailed Shrike; Paddyfield Pipit; Painted Stork; Pied Cuckoo; Red-vented Bulbul; Red-wattled Lapwing; Rosy Starling; Tawny Pipit; Variable Wheatear; White-eared Bulbul; White-throated Kingfisher","n_species":31,"focal_species_seen":"European Roller","focal_species_slugs":"european-roller","has_focal":true},"geometry":{"type":"Point","coordinates":[69.068195,23.024579]}},{"type":"Feature","properties":{"GROUP.ID":"G10917745","LOCALITY":"PMC2023_T11G7","LATITUDE":23.075212,"LONGITUDE":69.156143,"OBSERVATION.DATE":"2023-09-24","OBSERVER.ID":"obsr4399854","DURATION.MINUTES":72.0,"SAMPLING.EVENT.IDENTIFIER":"S224029363","species_list":"Ashy-crowned Sparrow-Lark; Barred Buttonquail; Bay-backed Shrike; Baya Weaver; Black-crowned Night Heron; Black Drongo; Common Hoopoe; Common Myna; Common Tailorbird; Common Woodshrike; Eastern Cattle-Egret; Eastern Orphean Warbler; Eurasian Collared-Dove; Eurasian Wryneck; European Roller; Gray-breasted Prinia; Gray Francolin; Great Gray Shrike; Greater Coucal; Indian Bushlark; Indian Courser; Indian Peafowl; Indian Robin; Jungle Prinia; Laughing Dove; Lesser Whistling-Duck; Lesser Whitethroat; Long-tailed Shrike; Pied Cuckoo; Pied Kingfisher; Plain Prinia; Purple Sunbird; Red-backed Shrike; Red Collared-Dove; Rufous-tailed Scrub-Robin; Siberian Stonechat; Spotted Flycatcher; Streaked Weaver; Tawny Pipit; Variable Wheatear; White-throated Kingfisher; Yellow-crowned Woodpecker","n_species":42,"focal_species_seen":"European Roller; Red-backed Shrike; Rufous-tailed Scrub-Robin; Spotted Flycatcher","focal_species_slugs":"european-roller;red-backed-shrike;rufous-tailed-scrub-robin;spotted-flycatcher","has_focal":true},"geometry":{"type":"Point","coordinates":[69.156143,23.075212]}},{"type":"Feature","properties":{"GROUP.ID":"G10908072","LOCALITY":"PMC2023_T11G1","LATITUDE":22.900243,"LONGITUDE":69.15314,"OBSERVATION.DATE":"2023-09-23","OBSERVER.ID":"obsr4399854","DURATION.MINUTES":41.0,"SAMPLING.EVENT.IDENTIFIER":"S224029371","species_list":"Ashy-crowned Sparrow-Lark; Asian Green Bee-eater; Bay-backed Shrike; Baya Weaver; Black-winged Kite; Black Drongo; Common Babbler; Common Myna; Common Tailorbird; Crested Lark; Eastern Cattle-Egret; Eurasian Collared-Dove; European Roller; Gray-breasted Prinia; Great Gray Shrike; Greater Coucal; House Crow; House Sparrow; Indian Bushlark; Indian Pond-Heron; Indian Robin; Jungle Prinia; Laughing Dove; Little Egret; Little Swift; Long-tailed Shrike; Oriental Honey-buzzard; Painted Stork; Plain Prinia; Purple Sunbird; Red-vented Bulbul; Red Collared-Dove; Rosy Starling; Siberian Stonechat; Spotted Flycatcher; White-eared Bulbul","n_species":36,"focal_species_seen":"European Roller; Spotted Flycatcher","focal_species_slugs":"european-roller;spotted-flycatcher","has_focal":true},"geometry":{"type":"Point","coordinates":[69.15314,22.900243]}},{"type":"Feature","properties":{"GROUP.ID":"G10908073","LOCALITY":"PMC2023_T11G2","LATITUDE":22.945503,"LONGITUDE":69.101797,"OBSERVATION.DATE":"2023-09-23","OBSERVER.ID":"obsr4399854","DURATION.MINUTES":58.0,"SAMPLING.EVENT.IDENTIFIER":"S224029380","species_list":"Ashy-crowned Sparrow-Lark; Bay-backed Shrike; Baya Weaver; Black-winged Kite; Common Babbler; Common Hoopoe; Common Sandpiper; Crested Lark; Eastern Cattle-Egret; Eastern Red-rumped Swallow; Eurasian Wryneck; European Roller; Gray-breasted Prinia; Gray Francolin; Greater Coucal; Indian Bushlark; Indian Courser; Indian Pond-Heron; Indian Robin; Jungle Prinia; Little Egret; Little Swift; Long-tailed Shrike; Paddyfield Pipit; Painted Stork; Pied Bushchat; Plain Prinia; Red-backed Shrike; Red-vented Bulbul; Red-wattled Lapwing; Rufous-tailed Scrub-Robin; Siberian Stonechat; Spotted Flycatcher; Streaked Weaver; Sykes's Warbler; Tawny Pipit; Variable Wheatear; White-eared Bulbul; White-throated Kingfisher; Yellow-wattled Lapwing","n_species":40,"focal_species_seen":"European Roller; Red-backed Shrike; Rufous-tailed Scrub-Robin; Spotted Flycatcher","focal_species_slugs":"european-roller;red-backed-shrike;rufous-tailed-scrub-robin;spotted-flycatcher","has_focal":true},"geometry":{"type":"Point","coordinates":[69.101797,22.945503]}},{"type":"Feature","properties":{"GROUP.ID":"G10908071","LOCALITY":"PMC2023_T11G3","LATITUDE":23.003194,"LONGITUDE":69.000734,"OBSERVATION.DATE":"2023-09-23","OBSERVER.ID":"obsr4399854","DURATION.MINUTES":77.0,"SAMPLING.EVENT.IDENTIFIER":"S224029385","species_list":"Asian Green Bee-eater; Bay-backed Shrike; Black-winged Kite; Black Drongo; Common Babbler; Common Hoopoe; Eastern Cattle-Egret; Eurasian Collared-Dove; European Roller; Gray-breasted Prinia; Gray Francolin; Indian Robin; Indian Silverbill; Jungle Prinia; Laughing Dove; Little Egret; Long-tailed Shrike; Plain Prinia; Purple Sunbird; Red-vented Bulbul; Red-wattled Lapwing; Red Collared-Dove; Rosy Starling; Siberian Stonechat; Spotted Flycatcher; White-eared Bulbul; White-throated Kingfisher; Wire-tailed Swallow; Yellow-wattled Lapwing","n_species":29,"focal_species_seen":"European Roller; Spotted Flycatcher","focal_species_slugs":"european-roller;spotted-flycatcher","has_focal":true},"geometry":{"type":"Point","coordinates":[69.000734,23.003194]}},{"type":"Feature","properties":{"GROUP.ID":"G10908070","LOCALITY":"PMC2023_T11G6","LATITUDE":23.092669,"LONGITUDE":69.01485,"OBSERVATION.DATE":"2023-09-23","OBSERVER.ID":"obsr4399854","DURATION.MINUTES":44.0,"SAMPLING.EVENT.IDENTIFIER":"S224029391","species_list":"Ashy-crowned Sparrow-Lark; Asian Green Bee-eater; Barn Swallow; Bay-backed Shrike; Baya Weaver; Black Drongo; Common Babbler; Common Cuckoo; Common Hoopoe; Common Sandpiper; Common Tailorbird; Eastern Cattle-Egret; Eastern Orphean Warbler; Eurasian Collared-Dove; Eurasian Wryneck; European Roller; Gray-breasted Prinia; Great Gray Shrike; Greater Whitethroat; House Crow; House Sparrow; Indian Bushlark; Indian Pond-Heron; Indian Silverbill; Isabelline Shrike; Jungle Prinia; Laughing Dove; Lesser Whitethroat; Little Egret; Little Heron; Little Swift; Long-tailed Shrike; Paddyfield Pipit; Pied Cuckoo; Plain Prinia; Purple Sunbird; Red-vented Bulbul; Red-wattled Lapwing; Red Collared-Dove; Rosy Starling; Rufous-tailed Scrub-Robin; Short-toed Snake-Eagle; Spotted Flycatcher; Spotted Owlet; Sykes's Warbler; Tawny Pipit; Variable Wheatear; White-eared Bulbul; White-tailed Iora; White-throated Kingfisher; Wire-tailed Swallow; Yellow-wattled Lapwing","n_species":52,"focal_species_seen":"Common Cuckoo; European Roller; Greater Whitethroat; Rufous-tailed Scrub-Robin; Spotted Flycatcher","focal_species_slugs":"common-cuckoo;european-roller;greater-whitethroat;rufous-tailed-scrub-robin;spotted-flycatcher","has_focal":true},"geometry":{"type":"Point","coordinates":[69.01485,23.092669]}},{"type":"Feature","properties":{"GROUP.ID":"G10908069","LOCALITY":"PMC2023_T11G4","LATITUDE":22.985322,"LONGITUDE":69.131794,"OBSERVATION.DATE":"2023-09-23","OBSERVER.ID":"obsr4399854","DURATION.MINUTES":71.0,"SAMPLING.EVENT.IDENTIFIER":"S224029394","species_list":"Bank Myna; Barn Swallow; Bay-backed Shrike; Baya Weaver; Black Drongo; Black Redstart; Blue Rock-Thrush; Chestnut-bellied Sandgrouse; Common Babbler; Common Hoopoe; Crested Lark; Dusky Crag-Martin; Eastern Cattle-Egret; Eastern Red-rumped Swallow; Eurasian Collared-Dove; Eurasian Wryneck; European Roller; Gray-breasted Prinia; Gray-necked Bunting; Gray Francolin; Great Egret; Great Gray Shrike; Greater Coucal; Greater Whitethroat; House Sparrow; Indian Bushlark; Indian Robin; Isabelline Shrike; Jungle Prinia; Laughing Dove; Little Egret; Little Swift; Long-tailed Shrike; Paddyfield Pipit; Plain Prinia; Purple Sunbird; Red-backed Shrike; Red-vented Bulbul; Red-wattled Lapwing; Red Collared-Dove; Rosy Starling; Siberian Stonechat; Streaked Weaver; Variable Wheatear; White-eared Bulbul; White-throated Kingfisher; Wire-tailed Swallow; Yellow-wattled Lapwing","n_species":48,"focal_species_seen":"European Roller; Greater Whitethroat; Red-backed Shrike","focal_species_slugs":"european-roller;greater-whitethroat;red-backed-shrike","has_focal":true},"geometry":{"type":"Point","coordinates":[69.131794,22.985322]}},{"type":"Feature","properties":{"GROUP.ID":"G15589327","LOCALITY":"T33 G1","LATITUDE":23.0239867,"LONGITUDE":69.2096583,"OBSERVATION.DATE":"2025-09-20","OBSERVER.ID":"obsr4399854","DURATION.MINUTES":66.0,"SAMPLING.EVENT.IDENTIFIER":"S275006309","species_list":"Asian Green Bee-eater; Barred Buttonquail; Baya Weaver; Black-crowned Night Heron; Black Drongo; Brahminy Starling; Common Babbler; Common Hoopoe; Common Kingfisher; Common Tailorbird; Common Woodshrike; Eastern Cattle-Egret; Eurasian Collared-Dove; European Roller; Gray-breasted Prinia; Gray Francolin; House Sparrow; Indian Peafowl; Indian Silverbill; Laughing Dove; Lesser Whistling-Duck; Little Cormorant; Long-tailed Shrike; Pied Cuckoo; Pied Kingfisher; Purple Sunbird; Red-vented Bulbul; Red-wattled Lapwing; River Tern; Rose-ringed Parakeet; Rosy Starling; Spotted Flycatcher; White-browed Wagtail; White-eared Bulbul; White-tailed Iora; White-throated Kingfisher; Zitting Cisticola","n_species":37,"focal_species_seen":"European Roller; Spotted Flycatcher","focal_species_slugs":"european-roller;spotted-flycatcher","has_focal":true},"geometry":{"type":"Point","coordinates":[69.2096583,23.0239867]}},{"type":"Feature","properties":{"GROUP.ID":"G15606342","LOCALITY":"Team 16_Grid 1","LATITUDE":23.8287244,"LONGITUDE":70.0924006,"OBSERVATION.DATE":"2025-09-21","OBSERVER.ID":"obsr4399854","DURATION.MINUTES":47.0,"SAMPLING.EVENT.IDENTIFIER":"S275006360","species_list":"Asian Green Bee-eater; Black-winged Stilt; Black Drongo; Blue-cheeked Bee-eater; Caspian Tern; Common Hoopoe; Eurasian Kestrel; Greater Flamingo; Greater Hoopoe-Lark; Laughing Dove; Little Stint; Long-tailed Shrike; Red-wattled Lapwing; Whiskered Tern; White-throated Kingfisher","n_species":15,"focal_species_seen":"Blue-cheeked Bee-eater","focal_species_slugs":"blue-cheeked-bee-eater","has_focal":true},"geometry":{"type":"Point","coordinates":[70.0924006,23.8287244]}},{"type":"Feature","properties":{"GROUP.ID":"G15611448","LOCALITY":"Team-50 Grid-1","LATITUDE":23.519463,"LONGITUDE":68.524124,"OBSERVATION.DATE":"2025-09-21","OBSERVER.ID":"obsr4399854","DURATION.MINUTES":44.0,"SAMPLING.EVENT.IDENTIFIER":"S275006403","species_list":"Ashy-crowned Sparrow-Lark; Asian Green Bee-eater; Barn Swallow; Bay-backed Shrike; Baya Weaver; Black Drongo; Black Francolin; Blue-cheeked Bee-eater; Common Babbler; Common Hoopoe; Common Tailorbird; Common Woodshrike; Eastern Cattle-Egret; Eurasian Collared-Dove; Eurasian Wryneck; European Roller; Gray-breasted Prinia; Gray Francolin; Great Gray Shrike; Greater Coucal; Indian Peafowl; Indian Robin; Indian Spot-billed Duck; Jungle Prinia; Laughing Dove; Lesser Whistling-Duck; Pied Cuckoo; Plain Prinia; Purple Sunbird; Red-vented Bulbul; Red-wattled Lapwing; Red Collared-Dove; Rose-ringed Parakeet; Rosy Starling; Siberian Stonechat; Small Minivet; Spotted Flycatcher; White-throated Kingfisher; Yellow-eyed Babbler","n_species":39,"focal_species_seen":"Blue-cheeked Bee-eater; European Roller; Spotted Flycatcher","focal_species_slugs":"blue-cheeked-bee-eater;european-roller;spotted-flycatcher","has_focal":true},"geometry":{"type":"Point","coordinates":[68.524124,23.519463]}},{"type":"Feature","properties":{"GROUP.ID":"G15608288","LOCALITY":"T40G2 Passage Migrant Count 2025","LATITUDE":23.6575963,"LONGITUDE":69.1797106,"OBSERVATION.DATE":"2025-09-20","OBSERVER.ID":"obsr4399854","DURATION.MINUTES":44.0,"SAMPLING.EVENT.IDENTIFIER":"S275006466","species_list":"Asian Green Bee-eater; Black-headed Ibis; Black-winged Stilt; Blue-cheeked Bee-eater; Common Cuckoo; Common Sandpiper; Crested Lark; Eastern Cattle-Egret; Eurasian Collared-Dove; Eurasian Spoonbill; Gray Heron; Great Egret; Greater Flamingo; Green Sandpiper; Indian Pond-Heron; Indian Spot-billed Duck; Isabelline Shrike; Laughing Dove; Little Cormorant; Little Egret; Little Stint; Marsh Sandpiper; Medium Egret; Pied Kingfisher; Red-backed Shrike; Red-wattled Lapwing; River Tern; Ruff; Temminck's Stint; Western Marsh Harrier; Whiskered Tern; Wire-tailed Swallow; Wood Sandpiper","n_species":33,"focal_species_seen":"Blue-cheeked Bee-eater; Common Cuckoo; Red-backed Shrike","focal_species_slugs":"blue-cheeked-bee-eater;common-cuckoo;red-backed-shrike","has_focal":true},"geometry":{"type":"Point","coordinates":[69.1797106,23.6575963]}},{"type":"Feature","properties":{"GROUP.ID":"G15608289","LOCALITY":"T40G1 Passage Migrant Count 2025","LATITUDE":23.6105128,"LONGITUDE":69.2565533,"OBSERVATION.DATE":"2025-09-20","OBSERVER.ID":"obsr4399854","DURATION.MINUTES":63.0,"SAMPLING.EVENT.IDENTIFIER":"S275006510","species_list":"Asian Green Bee-eater; Black-headed Ibis; Black-necked Stork; Black-winged Stilt; Citrine Wagtail; Common Babbler; Common Sandpiper; Crested Lark; Eastern Cattle-Egret; Eurasian Collared-Dove; Eurasian Spoonbill; Eurasian Wryneck; European Roller; Glossy Ibis; Gray Francolin; Gray Heron; Great Egret; Green Sandpiper; Indian Silverbill; Isabelline Shrike; Laughing Dove; Lesser Whitethroat; Little Cormorant; Little Egret; Little Stint; Marsh Sandpiper; Medium Egret; Oriental Darter; Painted Stork; Pied Cuckoo; Purple Heron; Red-wattled Lapwing; River Tern; Rosy Starling; Ruff; Rufous-fronted Prinia; Siberian Stonechat; Spotted Flycatcher; Sykes's Warbler; Western Marsh Harrier; White-eared Bulbul; Wire-tailed Swallow; Wood Sandpiper; Yellow-wattled Lapwing; Zitting Cisticola","n_species":45,"focal_species_seen":"European Roller; Spotted Flycatcher","focal_species_slugs":"european-roller;spotted-flycatcher","has_focal":true},"geometry":{"type":"Point","coordinates":[69.2565533,23.6105128]}},{"type":"Feature","properties":{"GROUP.ID":"G15605794","LOCALITY":"T5 G2 Luni","LATITUDE":22.8728044,"LONGITUDE":69.8482113,"OBSERVATION.DATE":"2025-09-21","OBSERVER.ID":"obsr4399854","DURATION.MINUTES":35.0,"SAMPLING.EVENT.IDENTIFIER":"S275006546","species_list":"Ashy-crowned Sparrow-Lark; Asian Green Bee-eater; Baya Weaver; Common Babbler; Eurasian Collared-Dove; Gray Francolin; Greater Whitethroat; Indian Bushlark; Montagu's Harrier; Osprey; Paddyfield Pipit; Painted Stork; Red-vented Bulbul; Rosy Starling; Siberian Stonechat; Sykes's Warbler; Western Marsh Harrier; White-eared Bulbul","n_species":18,"focal_species_seen":"Greater Whitethroat","focal_species_slugs":"greater-whitethroat","has_focal":true},"geometry":{"type":"Point","coordinates":[69.8482113,22.8728044]}},{"type":"Feature","properties":{"GROUP.ID":"G15601388","LOCALITY":"Berdo, Gujarat, IN (23.415, 69.841)","LATITUDE":23.4146333,"LONGITUDE":69.8406,"OBSERVATION.DATE":"2025-09-21","OBSERVER.ID":"obsr4399854","DURATION.MINUTES":58.0,"SAMPLING.EVENT.IDENTIFIER":"S275006700","species_list":"Ashy-crowned Sparrow-Lark; Asian Green Bee-eater; Barn Swallow; Black-winged Kite; Black Drongo; Clamorous Reed Warbler; Common Babbler; Common Hoopoe; Common Woodshrike; Eastern Cattle-Egret; Eastern Orphean Warbler; Eurasian Collared-Dove; Eurasian Nightjar; European Roller; Gray-necked Bunting; Great Gray Shrike; Isabelline Shrike; Jungle Prinia; Laughing Dove; Lesser Whitethroat; Pied Bushchat; Pied Cuckoo; Red-tailed Shrike; Red-vented Bulbul; Red-wattled Lapwing; Rufous-tailed Lark; Rufous-tailed Scrub-Robin; Shikra; Spotted Owlet; White-eared Bulbul","n_species":30,"focal_species_seen":"European Roller; Red-tailed Shrike; Rufous-tailed Scrub-Robin","focal_species_slugs":"european-roller;red-tailed-shrike;rufous-tailed-scrub-robin","has_focal":true},"geometry":{"type":"Point","coordinates":[69.8406,23.4146333]}},{"type":"Feature","properties":{"GROUP.ID":"G15605148","LOCALITY":"T15G2","LATITUDE":23.5257262,"LONGITUDE":69.3976883,"OBSERVATION.DATE":"2025-09-21","OBSERVER.ID":"obsr4399854","DURATION.MINUTES":61.0,"SAMPLING.EVENT.IDENTIFIER":"S275006724","species_list":"Ashy-crowned Sparrow-Lark; Asian Green Bee-eater; Black-headed Ibis; Black-winged Stilt; Black Drongo; Black Redstart; Common Babbler; Common Kingfisher; Common Sandpiper; Common Tailorbird; Delicate Prinia; Eastern Cattle-Egret; Eurasian Collared-Dove; European Roller; Garganey; Gray-breasted Prinia; Gray Francolin; Great Egret; Greater Coucal; Greater Short-toed Lark; House Crow; House Sparrow; Indian Peafowl; Indian Pond-Heron; Indian Silverbill; Indian Spot-billed Duck; Laughing Dove; Lesser Whitethroat; Little Cormorant; Little Egret; Little Grebe; Medium Egret; Montagu's Harrier; Purple Sunbird; Red-vented Bulbul; Red-wattled Lapwing; River Tern; Rufous-tailed Lark; Spotted Flycatcher; White-breasted Waterhen; White-eared Bulbul; White-tailed Iora; White-throated Kingfisher; Wire-tailed Swallow; Wood Sandpiper","n_species":45,"focal_species_seen":"European Roller; Spotted Flycatcher","focal_species_slugs":"european-roller;spotted-flycatcher","has_focal":true},"geometry":{"type":"Point","coordinates":[69.3976883,23.5257262]}},{"type":"Feature","properties":{"GROUP.ID":"G15604472","LOCALITY":"T48G4","LATITUDE":23.339307,"LONGITUDE":68.694622,"OBSERVATION.DATE":"2025-09-20","OBSERVER.ID":"obsr4399854","DURATION.MINUTES":83.0,"SAMPLING.EVENT.IDENTIFIER":"S275006882","species_list":"Asian Green Bee-eater; Baya Weaver; Black-necked Stork; Black-tailed Godwit; Black Drongo; Common Babbler; Common Greenshank; Common Redshank; Common Sandpiper; Crested Lark; Curlew Sandpiper; Dunlin; Eastern Cattle-Egret; Eurasian Wryneck; European Roller; Gray Francolin; Gray Heron; Great Egret; Great Gray Shrike; Greater Flamingo; Greater Sand-Plover; House Sparrow; Indian Peafowl; Indian Pond-Heron; Indian Silverbill; Indian Spot-billed Duck; Isabelline Wheatear; Kentish Plover; Laughing Dove; Lesser Flamingo; Little Cormorant; Little Grebe; Little Ringed Plover; Marsh Sandpiper; Medium Egret; Osprey; Pied Avocet; Pied Cuckoo; Purple Heron; Purple Sunbird; Rain Quail; Red-vented Bulbul; Red-wattled Lapwing; River Tern; Rose-ringed Parakeet; Rosy Starling; Ruff; Spotted Flycatcher; Temminck's Stint; Western Marsh Harrier; Western Reef-Heron; Whiskered Tern; White-eared Bulbul; Wire-tailed Swallow","n_species":54,"focal_species_seen":"European Roller; Spotted Flycatcher","focal_species_slugs":"european-roller;spotted-flycatcher","has_focal":true},"geometry":{"type":"Point","coordinates":[68.694622,23.339307]}},{"type":"Feature","properties":{"GROUP.ID":"G15600975","LOCALITY":"T32G2","LATITUDE":23.7104689,"LONGITUDE":69.1929619,"OBSERVATION.DATE":"2025-09-21","OBSERVER.ID":"obsr4399854","DURATION.MINUTES":41.0,"SAMPLING.EVENT.IDENTIFIER":"S275006886","species_list":"Ashy-crowned Sparrow-Lark; Asian Green Bee-eater; Bank Myna; Barn Swallow; Bay-backed Shrike; Baya Weaver; Black-headed Ibis; Black-tailed Godwit; Black-winged Stilt; Black Drongo; Blue-cheeked Bee-eater; Brahminy Starling; Clamorous Reed Warbler; Collared Pratincole; Common Babbler; Common Cuckoo; Common Greenshank; Common Hoopoe; Common Kingfisher; Common Redshank; Common Sandpiper; Crested Lark; Eastern Cattle-Egret; Eastern Red-rumped Swallow; Eurasian Collared-Dove; Eurasian Spoonbill; European Roller; Glossy Ibis; Gray Francolin; Gray Heron; Great Egret; Greater Flamingo; Green Sandpiper; Gull-billed Tern; House Crow; House Sparrow; Indian Cormorant; Indian Pond-Heron; Indian Silverbill; Indian Spot-billed Duck; Laughing Dove; Lesser Whitethroat; Little Cormorant; Little Egret; Little Ringed Plover; Little Stint; Long-tailed Shrike; Marsh Sandpiper; Medium Egret; Montagu's Harrier; Oriental Darter; Paddyfield Pipit; Painted Stork; Plain Prinia; Purple Heron; Purple Sunbird; Red-backed Shrike; Red-tailed Shrike; Red-vented Bulbul; Red-wattled Lapwing; River Tern; Rosy Starling; Ruff; Rufous-tailed Scrub-Robin; Sand Lark; Siberian Stonechat; Slender-billed Gull; Western Marsh Harrier; Western Reef-Heron; Whiskered Tern; White-eared Bulbul; White-throated Kingfisher; Wire-tailed Swallow; Yellow-throated Sparrow; Zitting Cisticola","n_species":75,"focal_species_seen":"Blue-cheeked Bee-eater; Common Cuckoo; European Roller; Red-backed Shrike; Red-tailed Shrike; Rufous-tailed Scrub-Robin","focal_species_slugs":"blue-cheeked-bee-eater;common-cuckoo;european-roller;red-backed-shrike;red-tailed-shrike;rufous-tailed-scrub-robin","has_focal":true},"geometry":{"type":"Point","coordinates":[69.1929619,23.7104689]}},{"type":"Feature","properties":{"GROUP.ID":"G15600978","LOCALITY":"T32G1","LATITUDE":23.7106108,"LONGITUDE":69.2373552,"OBSERVATION.DATE":"2025-09-21","OBSERVER.ID":"obsr4399854","DURATION.MINUTES":77.0,"SAMPLING.EVENT.IDENTIFIER":"S275006895","species_list":"Asian Green Bee-eater; Asian Koel; Barn Swallow; Barred Buttonquail; Bay-backed Shrike; Baya Weaver; Black-crowned Night Heron; Black-headed Ibis; Black-winged Kite; Black-winged Stilt; Black Drongo; Blue-cheeked Bee-eater; Common Babbler; Common Hoopoe; Common Kingfisher; Common Sandpiper; Common Tailorbird; Crested Lark; Eastern Cattle-Egret; Eastern Red-rumped Swallow; Eurasian Collared-Dove; Eurasian Spoonbill; Eurasian Wryneck; European Roller; Glossy Ibis; Gray Francolin; Gray Heron; Greater Coucal; Greater Whitethroat; House Crow; House Sparrow; Indian Cormorant; Indian Peafowl; Indian Pond-Heron; Indian Silverbill; Laughing Dove; Lesser Whitethroat; Little Cormorant; Little Egret; Long-tailed Shrike; Montagu's Harrier; Oriental Darter; Paddyfield Pipit; Painted Stork; Pied Cuckoo; Plain Prinia; Purple Heron; Purple Sunbird; Red-backed Shrike; Red-tailed Shrike; Red-vented Bulbul; Red-wattled Lapwing; Red Collared-Dove; River Tern; Rosy Starling; Rufous-tailed Scrub-Robin; Shikra; Siberian Stonechat; Spotted Flycatcher; Western Marsh Harrier; Whiskered Tern; White-eared Bulbul; White-tailed Iora; White-throated Kingfisher; Wire-tailed Swallow; Yellow-throated Sparrow; Yellow-wattled Lapwing; Zitting Cisticola","n_species":68,"focal_species_seen":"Blue-cheeked Bee-eater; European Roller; Greater Whitethroat; Red-backed Shrike; Red-tailed Shrike; Rufous-tailed Scrub-Robin; Spotted Flycatcher","focal_species_slugs":"blue-cheeked-bee-eater;european-roller;greater-whitethroat;red-backed-shrike;red-tailed-shrike;rufous-tailed-scrub-robin;spotted-flycatcher","has_focal":true},"geometry":{"type":"Point","coordinates":[69.2373552,23.7106108]}},{"type":"Feature","properties":{"GROUP.ID":"G15600979","LOCALITY":"T32G3","LATITUDE":23.755714,"LONGITUDE":69.3065263,"OBSERVATION.DATE":"2025-09-20","OBSERVER.ID":"obsr4399854","DURATION.MINUTES":29.0,"SAMPLING.EVENT.IDENTIFIER":"S275006936","species_list":"Ashy-crowned Sparrow-Lark; Asian Green Bee-eater; Bank Myna; Barn Swallow; Bay-backed Shrike; Baya Weaver; Black-crowned Night Heron; Black-headed Ibis; Black-tailed Godwit; Black-winged Kite; Black-winged Stilt; Black Drongo; Blue-cheeked Bee-eater; Brahminy Starling; Caspian Tern; Common Babbler; Common Greenshank; Common Hoopoe; Common Kingfisher; Common Redshank; Common Sandpiper; Common Tailorbird; Crested Lark; Delicate Prinia; Desert Wheatear; Dusky Crag-Martin; Eastern Cattle-Egret; Eastern Red-rumped Swallow; Eurasian Collared-Dove; Eurasian Spoonbill; European Roller; Glossy Ibis; Gray Francolin; Gray Heron; Great White Pelican; Greater Coucal; Greater Flamingo; Green Sandpiper; Gull-billed Tern; House Crow; House Sparrow; Indian Cormorant; Indian Peafowl; Indian Pond-Heron; Indian Silverbill; Indian Spot-billed Duck; Kentish Plover; Laughing Dove; Lesser Whitethroat; Little Cormorant; Little Ringed Plover; Little Stint; Long-tailed Shrike; Marsh Sandpiper; Montagu's Harrier; Oriental Darter; Paddyfield Pipit; Painted Stork; Pied Avocet; Pied Cuckoo; Plain Prinia; Purple Sunbird; Red-backed Shrike; Red-tailed Shrike; Red-vented Bulbul; Red-wattled Lapwing; River Tern; Rose-ringed Parakeet; Rosy Starling; Ruff; Rufous-tailed Lark; Rufous-tailed Scrub-Robin; Shikra; Siberian Stonechat; Spotted Flycatcher; Tawny Pipit; Variable Wheatear; Western Marsh Harrier; Western Reef-Heron; Western Yellow Wagtail; Whiskered Tern; White-eared Bulbul; White-throated Kingfisher; Wire-tailed Swallow; Yellow-throated Sparrow; Yellow-wattled Lapwing; Zitting Cisticola","n_species":87,"focal_species_seen":"Blue-cheeked Bee-eater; European Roller; Red-backed Shrike; Red-tailed Shrike; Rufous-tailed Scrub-Robin; Spotted Flycatcher","focal_species_slugs":"blue-cheeked-bee-eater;european-roller;red-backed-shrike;red-tailed-shrike;rufous-tailed-scrub-robin;spotted-flycatcher","has_focal":true},"geometry":{"type":"Point","coordinates":[69.3065263,23.755714]}},{"type":"Feature","properties":{"GROUP.ID":"G15605782","LOCALITY":"T34-G5, Sangnara, Gujarat, IN (23.278, 69.263)","LATITUDE":23.278485,"LONGITUDE":69.262955,"OBSERVATION.DATE":"2025-09-21","OBSERVER.ID":"obsr4399854","DURATION.MINUTES":54.0,"SAMPLING.EVENT.IDENTIFIER":"S275007035","species_list":"Asian Green Bee-eater; Baya Weaver; Black-winged Kite; Black Drongo; Common Babbler; Common Cuckoo; Eastern Red-rumped Swallow; Gray-breasted Prinia; House Sparrow; Indian Silverbill; Jungle Prinia; Laughing Dove; Purple Sunbird; Red-vented Bulbul; White-tailed Iora","n_species":15,"focal_species_seen":"Common Cuckoo","focal_species_slugs":"common-cuckoo","has_focal":true},"geometry":{"type":"Point","coordinates":[69.262955,23.278485]}},{"type":"Feature","properties":{"GROUP.ID":"G15600239","LOCALITY":"T34G3, Olangiya, Nakhatrana, Kachchh IN-Gujarat 23.24855, 69.23300","LATITUDE":23.248548,"LONGITUDE":69.233,"OBSERVATION.DATE":"2025-09-21","OBSERVER.ID":"obsr4399854","DURATION.MINUTES":94.0,"SAMPLING.EVENT.IDENTIFIER":"S275007048","species_list":"Bay-backed Shrike; Baya Weaver; Brahminy Starling; Common Babbler; Common Cuckoo; Common Hoopoe; Common Myna; Eastern Cattle-Egret; Eurasian Collared-Dove; European Roller; Gray-breasted Prinia; Gray Francolin; Greater Coucal; House Sparrow; Indian Robin; Indian Silverbill; Jungle Prinia; Laughing Dove; Lesser Whitethroat; Pied Cuckoo; Pied Kingfisher; Plain Prinia; Purple Sunbird; Red-naped Ibis; Red-vented Bulbul; Red-wattled Lapwing; Rosy Starling; Spotted Flycatcher; White-naped Tit; White-tailed Iora; Yellow-crowned Woodpecker; Yellow-throated Sparrow","n_species":32,"focal_species_seen":"Common Cuckoo; European Roller; Spotted Flycatcher","focal_species_slugs":"common-cuckoo;european-roller;spotted-flycatcher","has_focal":true},"geometry":{"type":"Point","coordinates":[69.233,23.248548]}},{"type":"Feature","properties":{"GROUP.ID":"G15599743","LOCALITY":"T26G1, Ner, Kuchchh, Gujarat, IN (23.407, 70.28)","LATITUDE":23.4073261,"LONGITUDE":70.2797315,"OBSERVATION.DATE":"2025-09-21","OBSERVER.ID":"obsr4399854","DURATION.MINUTES":60.0,"SAMPLING.EVENT.IDENTIFIER":"S275007145","species_list":"Ashy-crowned Sparrow-Lark; Barn Swallow; Baya Weaver; Common Babbler; Common Greenshank; Common Hoopoe; Crested Lark; Eastern Red-rumped Swallow; Eurasian Collared-Dove; European Roller; Gray Francolin; Gray Heron; Greater Short-toed Lark; Green Sandpiper; Indian Silverbill; Laughing Dove; Lesser Whitethroat; Little Egret; Little Ringed Plover; Paddyfield Pipit; Purple Sunbird; Red-naped Ibis; Red-wattled Lapwing; River Tern; Temminck's Stint; Western Yellow Wagtail; Wire-tailed Swallow; Zitting Cisticola","n_species":28,"focal_species_seen":"European Roller","focal_species_slugs":"european-roller","has_focal":true},"geometry":{"type":"Point","coordinates":[70.2797315,23.4073261]}},{"type":"Feature","properties":{"GROUP.ID":"G15599742","LOCALITY":"T26G3, Jadsa, Gujarat, IN (23.46, 70.414)","LATITUDE":23.4598375,"LONGITUDE":70.4137415,"OBSERVATION.DATE":"2025-09-20","OBSERVER.ID":"obsr4399854","DURATION.MINUTES":62.0,"SAMPLING.EVENT.IDENTIFIER":"S275007185","species_list":"Asian Green Bee-eater; Bay-backed Shrike; Baya Weaver; Black-winged Stilt; Common Babbler; Eurasian Collared-Dove; Gray-breasted Prinia; Gray Francolin; Greater Coucal; Indian Peafowl; Indian Robin; Indian Silverbill; Jungle Prinia; Laughing Dove; Lesser Whitethroat; Little Grebe; Plain Prinia; Purple Sunbird; Red-naped Ibis; Red-vented Bulbul; Red-wattled Lapwing; Rufous-fronted Prinia; Spotted Flycatcher; Whiskered Tern; White-eared Bulbul; White-throated Kingfisher; Yellow-wattled Lapwing","n_species":27,"focal_species_seen":"Spotted Flycatcher","focal_species_slugs":"spotted-flycatcher","has_focal":true},"geometry":{"type":"Point","coordinates":[70.4137415,23.4598375]}},{"type":"Feature","properties":{"GROUP.ID":"G15604758","LOCALITY":"T33 G3 Sherdi","LATITUDE":23.0157367,"LONGITUDE":69.340605,"OBSERVATION.DATE":"2025-09-21","OBSERVER.ID":"obsr4399854","DURATION.MINUTES":62.0,"SAMPLING.EVENT.IDENTIFIER":"S275007241","species_list":"Asian Green Bee-eater; Bay-backed Shrike; Baya Weaver; Black Drongo; Common Babbler; Common Kingfisher; Common Sandpiper; Common Tailorbird; Common Woodshrike; Dusky Crag-Martin; Eastern Cattle-Egret; Eastern Red-rumped Swallow; Eurasian Collared-Dove; Gray Francolin; House Crow; Indian Pond-Heron; Indian Robin; Indian Silverbill; Laughing Dove; Little Cormorant; Little Egret; Little Swift; Paddyfield Pipit; Pallid Harrier; Plain Prinia; Purple Sunbird; Red-vented Bulbul; Red-wattled Lapwing; Rufous-fronted Prinia; Tawny Pipit; White-eared Bulbul; White-tailed Iora; White-throated Kingfisher","n_species":33,"focal_species_seen":"","focal_species_slugs":"","has_focal":false},"geometry":{"type":"Point","coordinates":[69.340605,23.0157367]}},{"type":"Feature","properties":{"GROUP.ID":"G15598707","LOCALITY":"T8G1, Agricultural Field, Dhrang-Lodai Road, Dhrang, Gujarat, IN (23.397, 69.872)","LATITUDE":23.3966,"LONGITUDE":69.8722817,"OBSERVATION.DATE":"2025-09-21","OBSERVER.ID":"obsr4399854","DURATION.MINUTES":82.0,"SAMPLING.EVENT.IDENTIFIER":"S275007300","species_list":"Ashy-crowned Sparrow-Lark; Asian Green Bee-eater; Baya Weaver; Common Hoopoe; Common Kingfisher; Crested Lark; Eurasian Collared-Dove; Gray Francolin; House Sparrow; Jungle Prinia; Laughing Dove; Plain Prinia; Red-vented Bulbul; Red-wattled Lapwing; White-eared Bulbul","n_species":15,"focal_species_seen":"","focal_species_slugs":"","has_focal":false},"geometry":{"type":"Point","coordinates":[69.8722817,23.3966]}},{"type":"Feature","properties":{"GROUP.ID":"G15598659","LOCALITY":"T7G5","LATITUDE":23.521005,"LONGITUDE":69.807269,"OBSERVATION.DATE":"2025-09-21","OBSERVER.ID":"obsr4399854","DURATION.MINUTES":60.0,"SAMPLING.EVENT.IDENTIFIER":"S275007377","species_list":"Ashy-crowned Sparrow-Lark; Asian Green Bee-eater; Black-tailed Godwit; Blue-cheeked Bee-eater; Collared Pratincole; Common Babbler; Crested Lark; Delicate Prinia; Eastern Cattle-Egret; European Roller; Garganey; Glossy Ibis; Gray-breasted Prinia; Indian Cormorant; Indian Pond-Heron; Isabelline Shrike; Kentish Plover; Laughing Dove; Little Ringed Plover; Marsh Sandpiper; Medium Egret; Montagu's Harrier; Northern Shoveler; Pied Cuckoo; Purple Sunbird; Red-backed Shrike; Red-tailed Shrike; Rufous-tailed Lark; Rufous-tailed Scrub-Robin; Tawny Pipit; Variable Wheatear; Western Marsh Harrier; Western Reef-Heron; White-eared Bulbul; Wood Sandpiper","n_species":35,"focal_species_seen":"Blue-cheeked Bee-eater; European Roller; Red-backed Shrike; Red-tailed Shrike; Rufous-tailed Scrub-Robin","focal_species_slugs":"blue-cheeked-bee-eater;european-roller;red-backed-shrike;red-tailed-shrike;rufous-tailed-scrub-robin","has_focal":true},"geometry":{"type":"Point","coordinates":[69.807269,23.521005]}},{"type":"Feature","properties":{"GROUP.ID":"G15598649","LOCALITY":"T7G2","LATITUDE":23.43894,"LONGITUDE":69.753323,"OBSERVATION.DATE":"2025-09-21","OBSERVER.ID":"obsr4399854","DURATION.MINUTES":45.0,"SAMPLING.EVENT.IDENTIFIER":"S275007393","species_list":"Asian Green Bee-eater; Baya Weaver; Black Drongo; Brahminy Starling; Common Babbler; Eastern Cattle-Egret; Eastern Orphean Warbler; Eastern Red-rumped Swallow; Eurasian Collared-Dove; Eurasian Kestrel; European Roller; Gray-breasted Prinia; Greater Coucal; House Crow; Indian Robin; Indian Silverbill; Isabelline Shrike; Laughing Dove; Long-tailed Shrike; Plain Prinia; Purple Sunbird; Red-vented Bulbul; Rose-ringed Parakeet; Siberian Stonechat; Spotted Flycatcher; Streak-throated Swallow; White-eared Bulbul; Wire-tailed Swallow; Yellow-eyed Babbler","n_species":29,"focal_species_seen":"European Roller; Spotted Flycatcher","focal_species_slugs":"european-roller;spotted-flycatcher","has_focal":true},"geometry":{"type":"Point","coordinates":[69.753323,23.43894]}},{"type":"Feature","properties":{"GROUP.ID":"G15598583","LOCALITY":"T47G1","LATITUDE":23.3249525,"LONGITUDE":68.96096,"OBSERVATION.DATE":"2025-09-20","OBSERVER.ID":"obsr4399854","DURATION.MINUTES":37.0,"SAMPLING.EVENT.IDENTIFIER":"S275007450","species_list":"Ashy-crowned Sparrow-Lark; Asian Green Bee-eater; Asian Koel; Bay-backed Shrike; Baya Weaver; Black-winged Stilt; Black Drongo; Brown Rock Chat; Common Babbler; Common Hoopoe; Common Sandpiper; Eastern Cattle-Egret; Eastern Orphean Warbler; Eurasian Collared-Dove; Eurasian Coot; European Roller; Glossy Ibis; Gray Francolin; Great Crested Grebe; Greater Coucal; House Sparrow; Indian Bushlark; Indian Peafowl; Indian Robin; Indian Silverbill; Indian Spot-billed Duck; Laughing Dove; Lesser Whistling-Duck; Little Cormorant; Little Grebe; Paddyfield Pipit; Pallid Harrier; Purple Sunbird; Red-naped Ibis; Red-wattled Lapwing; Red Collared-Dove; Rosy Starling; Siberian Stonechat; Spotted Flycatcher; Sykes's Warbler; Variable Wheatear; Western Yellow Wagtail; White-tailed Iora; Yellow-wattled Lapwing; Zitting Cisticola","n_species":45,"focal_species_seen":"European Roller; Spotted Flycatcher","focal_species_slugs":"european-roller;spotted-flycatcher","has_focal":true},"geometry":{"type":"Point","coordinates":[68.96096,23.3249525]}},{"type":"Feature","properties":{"GROUP.ID":"G15598501","LOCALITY":"T7G4","LATITUDE":23.4687422,"LONGITUDE":69.7668565,"OBSERVATION.DATE":"2025-09-21","OBSERVER.ID":"obsr4399854","DURATION.MINUTES":49.0,"SAMPLING.EVENT.IDENTIFIER":"S275007478","species_list":"Ashy-crowned Sparrow-Lark; Asian Green Bee-eater; Baya Weaver; Black-winged Stilt; Black Drongo; Common Babbler; Common Greenshank; Common Sandpiper; Crested Lark; Delicate Prinia; Eastern Cattle-Egret; Eurasian Collared-Dove; European Roller; Gray Francolin; Gray Heron; Greater Short-toed Lark; Greater Whitethroat; Green Sandpiper; House Crow; House Sparrow; Indian Pond-Heron; Indian Silverbill; Indian Spot-billed Duck; Isabelline Shrike; Isabelline Wheatear; Laughing Dove; Lesser Whitethroat; Little Egret; Little Ringed Plover; Long-tailed Shrike; Marsh Sandpiper; Paddyfield Pipit; Pied Avocet; Pied Cuckoo; Purple Sunbird; Red-tailed Shrike; Red-vented Bulbul; Red-wattled Lapwing; Rosy Starling; Ruff; Rufous-tailed Lark; Rufous-tailed Scrub-Robin; Siberian Stonechat; Spotted Flycatcher; Spotted Redshank; Sykes's Warbler; Tawny Pipit; Temminck's Stint; Variable Wheatear; Western Marsh Harrier; White-eared Bulbul; White-throated Kingfisher","n_species":52,"focal_species_seen":"European Roller; Greater Whitethroat; Red-tailed Shrike; Rufous-tailed Scrub-Robin; Spotted Flycatcher","focal_species_slugs":"european-roller;greater-whitethroat;red-tailed-shrike;rufous-tailed-scrub-robin;spotted-flycatcher","has_focal":true},"geometry":{"type":"Point","coordinates":[69.7668565,23.4687422]}},{"type":"Feature","properties":{"GROUP.ID":"G15598474","LOCALITY":"T1G2","LATITUDE":23.3754,"LONGITUDE":69.6187,"OBSERVATION.DATE":"2025-09-21","OBSERVER.ID":"obsr4399854","DURATION.MINUTES":52.0,"SAMPLING.EVENT.IDENTIFIER":"S275008072","species_list":"Ashy-crowned Sparrow-Lark; Asian Green Bee-eater; Black-winged Kite; Common Babbler; Common Cuckoo; European Roller; Gray-breasted Prinia; Gray Francolin; Great Gray Shrike; Greater Whitethroat; House Sparrow; Indian Silverbill; Jungle Prinia; Laughing Dove; Long-tailed Shrike; Pied Cuckoo; Red-vented Bulbul; Red-wattled Lapwing; Rosy Starling; Shikra; Siberian Stonechat; Variable Wheatear; White-throated Kingfisher; Yellow-eyed Babbler; Yellow-throated Sparrow","n_species":25,"focal_species_seen":"Common Cuckoo; European Roller; Greater Whitethroat","focal_species_slugs":"common-cuckoo;european-roller;greater-whitethroat","has_focal":true},"geometry":{"type":"Point","coordinates":[69.6187,23.3754]}},{"type":"Feature","properties":{"GROUP.ID":"G15598475","LOCALITY":"T1G1","LATITUDE":23.3181,"LONGITUDE":69.6772,"OBSERVATION.DATE":"2025-09-21","OBSERVER.ID":"obsr4399854","DURATION.MINUTES":52.0,"SAMPLING.EVENT.IDENTIFIER":"S275008087","species_list":"Asian Green Bee-eater; Baya Weaver; Black-winged Stilt; Black Drongo; Common Babbler; Common Tailorbird; Eastern Cattle-Egret; Eastern Red-rumped Swallow; Eurasian Collared-Dove; European Roller; Gray-necked Bunting; Gray Francolin; Indian Bushlark; Indian Robin; Indian Silverbill; Jungle Prinia; Knob-billed Duck; Laughing Dove; Little Cormorant; Pied Cuckoo; Red-backed Shrike; Red-vented Bulbul; Rosy Starling; Rufous-tailed Lark; Shikra; Siberian Stonechat; White-eared Bulbul; Yellow-throated Sparrow","n_species":28,"focal_species_seen":"European Roller; Red-backed Shrike","focal_species_slugs":"european-roller;red-backed-shrike","has_focal":true},"geometry":{"type":"Point","coordinates":[69.6772,23.3181]}},{"type":"Feature","properties":{"GROUP.ID":"G15598565","LOCALITY":"Team 21 Grid 2","LATITUDE":23.5491642,"LONGITUDE":70.6677722,"OBSERVATION.DATE":"2025-09-21","OBSERVER.ID":"obsr4399854","DURATION.MINUTES":51.0,"SAMPLING.EVENT.IDENTIFIER":"S275008193","species_list":"Ashy-crowned Sparrow-Lark; Asian Green Bee-eater; Barn Swallow; Blyth's Reed Warbler; Common Babbler; Common Hoopoe; Common Tailorbird; Eastern Cattle-Egret; Eurasian Collared-Dove; European Roller; Gray-breasted Prinia; Gray Francolin; House Sparrow; Indian Bushlark; Indian Peafowl; Indian Robin; Indian Silverbill; Laughing Dove; Lesser Whitethroat; Little Egret; Long-tailed Shrike; Oriental Honey-buzzard; Paddyfield Pipit; Purple Sunbird; Red-vented Bulbul; Red-wattled Lapwing; River Tern; Rose-ringed Parakeet; Rufous-fronted Prinia; Tawny Pipit; Variable Wheatear; White-eared Bulbul; White-throated Kingfisher","n_species":33,"focal_species_seen":"European Roller","focal_species_slugs":"european-roller","has_focal":true},"geometry":{"type":"Point","coordinates":[70.6677722,23.5491642]}},{"type":"Feature","properties":{"GROUP.ID":"G15598476","LOCALITY":"T1G5","LATITUDE":23.290609,"LONGITUDE":69.6092249,"OBSERVATION.DATE":"2025-09-20","OBSERVER.ID":"obsr4399854","DURATION.MINUTES":32.0,"SAMPLING.EVENT.IDENTIFIER":"S275008212","species_list":"Ashy-crowned Sparrow-Lark; Bay-backed Shrike; Eurasian Collared-Dove; Gray-necked Bunting; Indian Robin; Isabelline Shrike; Jungle Prinia; Laughing Dove; Red-vented Bulbul; Red Collared-Dove; Variable Wheatear; White-eared Bulbul; Yellow-throated Sparrow","n_species":13,"focal_species_seen":"","focal_species_slugs":"","has_focal":false},"geometry":{"type":"Point","coordinates":[69.6092249,23.290609]}},{"type":"Feature","properties":{"GROUP.ID":"G15598477","LOCALITY":"T1G3","LATITUDE":23.3119136,"LONGITUDE":69.5688865,"OBSERVATION.DATE":"2025-09-20","OBSERVER.ID":"obsr4399854","DURATION.MINUTES":56.0,"SAMPLING.EVENT.IDENTIFIER":"S275008218","species_list":"Ashy-crowned Sparrow-Lark; Asian Green Bee-eater; Black-winged Kite; Common Babbler; European Roller; Greater Coucal; House Sparrow; Indian Robin; Indian Silverbill; Jungle Prinia; Medium Egret; Sirkeer Malkoha; Streaked Weaver","n_species":13,"focal_species_seen":"European Roller","focal_species_slugs":"european-roller","has_focal":true},"geometry":{"type":"Point","coordinates":[69.5688865,23.3119136]}},{"type":"Feature","properties":{"GROUP.ID":"G15598478","LOCALITY":"T1G4","LATITUDE":23.2611715,"LONGITUDE":69.542754,"OBSERVATION.DATE":"2025-09-20","OBSERVER.ID":"obsr4399854","DURATION.MINUTES":69.0,"SAMPLING.EVENT.IDENTIFIER":"S275008234","species_list":"Asian Green Bee-eater; Barn Swallow; Bay-backed Shrike; Common Babbler; Common Tailorbird; Eastern Cattle-Egret; European Roller; Gray-breasted Prinia; Gray Francolin; Greater Whitethroat; Indian Robin; Jungle Prinia; Laughing Dove; Lesser Whitethroat; Plain Prinia; Purple Sunbird; Red-vented Bulbul; Spotted Flycatcher; Streaked Weaver; Tree Pipit; White-eared Bulbul; White-tailed Iora; Wire-tailed Swallow","n_species":23,"focal_species_seen":"European Roller; Greater Whitethroat; Spotted Flycatcher","focal_species_slugs":"european-roller;greater-whitethroat;spotted-flycatcher","has_focal":true},"geometry":{"type":"Point","coordinates":[69.542754,23.2611715]}},{"type":"Feature","properties":{"GROUP.ID":"G15599537","LOCALITY":"T36G1-Vindh-Bambhdai Road, Mod Kuba, Gujarat, IN (22.958, 69.077)","LATITUDE":22.958449,"LONGITUDE":69.0769467,"OBSERVATION.DATE":"2025-09-21","OBSERVER.ID":"obsr4399854","DURATION.MINUTES":38.0,"SAMPLING.EVENT.IDENTIFIER":"S275008272","species_list":"Ashy-crowned Sparrow-Lark; Asian Green Bee-eater; Brahminy Starling; Common Babbler; Common Hoopoe; Common Kingfisher; Common Myna; Common Sandpiper; Common Tailorbird; Eastern Cattle-Egret; European Roller; Gray Heron; Green Sandpiper; House Sparrow; Indian Robin; Laughing Dove; Little Cormorant; Oriental Darter; Red-naped Ibis; Red-vented Bulbul; Red-wattled Lapwing; Red Collared-Dove; River Tern; Rosy Starling; Siberian Stonechat; Western Marsh Harrier; White-breasted Waterhen; White-throated Kingfisher; Wire-tailed Swallow","n_species":29,"focal_species_seen":"European Roller","focal_species_slugs":"european-roller","has_focal":true},"geometry":{"type":"Point","coordinates":[69.0769467,22.958449]}},{"type":"Feature","properties":{"GROUP.ID":"G15598432","LOCALITY":"T47G2","LATITUDE":23.3962456,"LONGITUDE":69.0134026,"OBSERVATION.DATE":"2025-09-20","OBSERVER.ID":"obsr4399854","DURATION.MINUTES":89.0,"SAMPLING.EVENT.IDENTIFIER":"S275008300","species_list":"Ashy-crowned Sparrow-Lark; Asian Green Bee-eater; Bank Myna; Black-winged Stilt; Black Drongo; Brahminy Starling; Caspian Tern; Common Babbler; Common Hoopoe; Common Sandpiper; Common Tailorbird; Eastern Cattle-Egret; Eurasian Collared-Dove; European Roller; Glossy Ibis; Gray Francolin; Greater Coucal; Green Sandpiper; Green Warbler; House Sparrow; Indian Peafowl; Indian Pond-Heron; Laughing Dove; Long-tailed Shrike; Pallid Harrier; Pied Kingfisher; Plain Prinia; Purple Sunbird; Red-vented Bulbul; Red-wattled Lapwing; Rose-ringed Parakeet; Rosy Starling; Spotted Flycatcher; Streak-throated Swallow; Western Yellow Wagtail; White-browed Wagtail; White-eared Bulbul; White-tailed Iora; Wire-tailed Swallow; Yellow-throated Sparrow","n_species":40,"focal_species_seen":"European Roller; Spotted Flycatcher","focal_species_slugs":"european-roller;spotted-flycatcher","has_focal":true},"geometry":{"type":"Point","coordinates":[69.0134026,23.3962456]}},{"type":"Feature","properties":{"GROUP.ID":"G15611771","LOCALITY":"T-23 grid - 3","LATITUDE":23.545731,"LONGITUDE":70.457576,"OBSERVATION.DATE":"2025-09-20","OBSERVER.ID":"obsr4399854","DURATION.MINUTES":88.0,"SAMPLING.EVENT.IDENTIFIER":"S275008437","species_list":"Asian Koel; Bay-backed Shrike; Baya Weaver; Common Tailorbird; Eurasian Collared-Dove; Gray Francolin; Great Gray Shrike; Greater Coucal; Greater Short-toed Lark; House Crow; House Sparrow; Indian Bushlark; Indian Peafowl; Isabelline Shrike; Laughing Dove; Lesser Whitethroat; Long-tailed Shrike; Montagu's Harrier; Paddyfield Pipit; Pied Cuckoo; Purple Sunbird; Red-backed Shrike; Red-tailed Shrike; Red-vented Bulbul; Red Collared-Dove; Rufous-fronted Prinia; Rufous-tailed Lark; Tawny Lark; Variable Wheatear; White-browed Wagtail; White-eared Bulbul; White-eyed Buzzard; Wire-tailed Swallow","n_species":33,"focal_species_seen":"Red-backed Shrike; Red-tailed Shrike","focal_species_slugs":"red-backed-shrike;red-tailed-shrike","has_focal":true},"geometry":{"type":"Point","coordinates":[70.457576,23.545731]}},{"type":"Feature","properties":{"GROUP.ID":"G15611772","LOCALITY":"T-24 Grid 4","LATITUDE":23.609183,"LONGITUDE":70.407998,"OBSERVATION.DATE":"2025-09-21","OBSERVER.ID":"obsr4399854","DURATION.MINUTES":51.0,"SAMPLING.EVENT.IDENTIFIER":"S275008470","species_list":"Ashy-crowned Sparrow-Lark; Asian Green Bee-eater; Baya Weaver; Black-winged Stilt; Common Babbler; Common Kingfisher; Common Sandpiper; Common Tailorbird; Crested Lark; Eurasian Collared-Dove; Eurasian Moorhen; Eurasian Wryneck; Gray-headed Swamphen; Great Gray Shrike; Greater Coucal; Green Sandpiper; Indian Pond-Heron; Indian Robin; Indian Roller; Indian Silverbill; Indian Spot-billed Duck; Laughing Dove; Lesser Whitethroat; Little Cormorant; Little Egret; Little Ringed Plover; Long-tailed Shrike; Pied Cuckoo; Pied Kingfisher; Plain Prinia; Red-vented Bulbul; Red-wattled Lapwing; River Tern","n_species":33,"focal_species_seen":"","focal_species_slugs":"","has_focal":false},"geometry":{"type":"Point","coordinates":[70.407998,23.609183]}},{"type":"Feature","properties":{"GROUP.ID":"G15598374","LOCALITY":"T51G3","LATITUDE":22.856616,"LONGITUDE":69.571061,"OBSERVATION.DATE":"2025-09-21","OBSERVER.ID":"obsr4399854","DURATION.MINUTES":45.0,"SAMPLING.EVENT.IDENTIFIER":"S275008512","species_list":"Asian Green Bee-eater; Asian Koel; Baya Weaver; Black-winged Stilt; Black Drongo; Common Babbler; Common Tailorbird; Eastern Cattle-Egret; Eastern Red-rumped Swallow; Eurasian Collared-Dove; Eurasian Spoonbill; European Roller; Gray-breasted Prinia; Gray Wagtail; Great Egret; Greater Coucal; Green Sandpiper; House Sparrow; Indian Peafowl; Indian Pond-Heron; Indian Robin; Isabelline Shrike; Laughing Dove; Little Cormorant; Little Egret; Little Swift; Paddyfield Pipit; Painted Stork; Plain Prinia; Purple Sunbird; Red-naped Ibis; Red-vented Bulbul; Red-wattled Lapwing; River Tern; Rose-ringed Parakeet; Rosy Starling; Rufous-fronted Prinia; Spotted Flycatcher; Streak-throated Swallow; Sykes's Warbler; White-breasted Waterhen; White-tailed Iora; White-throated Kingfisher; Wire-tailed Swallow","n_species":44,"focal_species_seen":"European Roller; Spotted Flycatcher","focal_species_slugs":"european-roller;spotted-flycatcher","has_focal":true},"geometry":{"type":"Point","coordinates":[69.571061,22.856616]}},{"type":"Feature","properties":{"GROUP.ID":"G15598375","LOCALITY":"T51G5","LATITUDE":22.970158,"LONGITUDE":69.534109,"OBSERVATION.DATE":"2025-09-20","OBSERVER.ID":"obsr4399854","DURATION.MINUTES":63.0,"SAMPLING.EVENT.IDENTIFIER":"S275008566","species_list":"Asian Green Bee-eater; Asian Koel; Bay-backed Shrike; Baya Weaver; Black Drongo; Black Kite; Common Babbler; Common Hoopoe; Common Tailorbird; Common Woodshrike; Eastern Cattle-Egret; Eurasian Collared-Dove; European Roller; Gray-breasted Prinia; Gray Francolin; Greater Coucal; House Sparrow; Indian Peafowl; Indian Robin; Jungle Prinia; Laughing Dove; Lesser Whitethroat; Little Egret; Long-tailed Shrike; Plain Prinia; Purple Sunbird; Red-naped Ibis; Red-vented Bulbul; Red-wattled Lapwing; Red Collared-Dove; River Tern; Rosy Starling; Spotted Flycatcher; Sykes's Warbler; White-tailed Iora; White-throated Kingfisher","n_species":36,"focal_species_seen":"European Roller; Spotted Flycatcher","focal_species_slugs":"european-roller;spotted-flycatcher","has_focal":true},"geometry":{"type":"Point","coordinates":[69.534109,22.970158]}},{"type":"Feature","properties":{"GROUP.ID":"G15598376","LOCALITY":"T51G1","LATITUDE":22.929076,"LONGITUDE":69.5953,"OBSERVATION.DATE":"2025-09-20","OBSERVER.ID":"obsr4399854","DURATION.MINUTES":50.0,"SAMPLING.EVENT.IDENTIFIER":"S275008581","species_list":"Asian Green Bee-eater; Barred Buttonquail; Baya Weaver; Black Drongo; Brahminy Starling; Common Babbler; Common Kingfisher; Common Myna; Common Rosefinch; Common Tailorbird; Delicate Prinia; Eastern Cattle-Egret; Eurasian Collared-Dove; Gray Francolin; Gray Heron; Great Egret; House Sparrow; Indian Peafowl; Indian Pond-Heron; Indian Robin; Indian Silverbill; Indian Spot-billed Duck; Isabelline Shrike; Laughing Dove; Lesser Whistling-Duck; Little Cormorant; Little Egret; Pied Cuckoo; Plain Prinia; Purple Heron; Purple Sunbird; Red-naped Ibis; Red-tailed Shrike; Red-vented Bulbul; Red-wattled Lapwing; Red Collared-Dove; River Tern; Rosy Starling; Rufous-fronted Prinia; Siberian Stonechat; Spotted Flycatcher; Sykes's Warbler; White-breasted Waterhen; White-browed Wagtail; White-tailed Iora; Wire-tailed Swallow; Zitting Cisticola","n_species":47,"focal_species_seen":"Red-tailed Shrike; Spotted Flycatcher","focal_species_slugs":"red-tailed-shrike;spotted-flycatcher","has_focal":true},"geometry":{"type":"Point","coordinates":[69.5953,22.929076]}},{"type":"Feature","properties":{"GROUP.ID":"G15598377","LOCALITY":"T51G4","LATITUDE":22.926669,"LONGITUDE":69.673492,"OBSERVATION.DATE":"2025-09-20","OBSERVER.ID":"obsr4399854","DURATION.MINUTES":64.0,"SAMPLING.EVENT.IDENTIFIER":"S275008622","species_list":"Ashy-crowned Sparrow-Lark; Asian Green Bee-eater; Barred Buttonquail; Bay-backed Shrike; Baya Weaver; Black Drongo; Common Babbler; Common Hoopoe; Common Redshank; Eastern Red-rumped Swallow; Eurasian Collared-Dove; Eurasian Wryneck; European Roller; Gray-breasted Prinia; Gray Francolin; Indian Pond-Heron; Indian Robin; Indian Silverbill; Isabelline Shrike; Jungle Prinia; Laughing Dove; Little Egret; Long-tailed Shrike; Plain Prinia; Purple Sunbird; Red-naped Ibis; Red-tailed Shrike; Red-vented Bulbul; Red-wattled Lapwing; Red Collared-Dove; Rosy Starling; Rufous-fronted Prinia; Siberian Stonechat; Spotted Flycatcher; Streak-throated Swallow; Tawny Pipit; White-eared Bulbul; White-tailed Iora; White-throated Kingfisher; Yellow-crowned Woodpecker; Yellow-wattled Lapwing; Zitting Cisticola","n_species":42,"focal_species_seen":"European Roller; Red-tailed Shrike; Spotted Flycatcher","focal_species_slugs":"european-roller;red-tailed-shrike;spotted-flycatcher","has_focal":true},"geometry":{"type":"Point","coordinates":[69.673492,22.926669]}},{"type":"Feature","properties":{"GROUP.ID":"G15598319","LOCALITY":"T47G3","LATITUDE":23.4178091,"LONGITUDE":69.0925002,"OBSERVATION.DATE":"2025-09-20","OBSERVER.ID":"obsr4399854","DURATION.MINUTES":43.0,"SAMPLING.EVENT.IDENTIFIER":"S275008672","species_list":"Ashy-crowned Sparrow-Lark; Asian Green Bee-eater; Baya Weaver; Black-headed Ibis; Blyth's Reed Warbler; Brahminy Starling; Common Babbler; Common Woodshrike; Eurasian Collared-Dove; Eurasian Sparrowhawk; Eurasian Wryneck; European Roller; Gray-breasted Prinia; Greater Coucal; House Sparrow; Indian Bushlark; Indian Peafowl; Indian Spot-billed Duck; Isabelline Shrike; Jungle Prinia; Laughing Dove; Little Egret; Little Swift; Plain Prinia; Red-vented Bulbul; Red-wattled Lapwing; Rosy Starling; Rufous-fronted Prinia; White-eared Bulbul; White-tailed Iora; Yellow-throated Sparrow","n_species":31,"focal_species_seen":"European Roller","focal_species_slugs":"european-roller","has_focal":true},"geometry":{"type":"Point","coordinates":[69.0925002,23.4178091]}},{"type":"Feature","properties":{"GROUP.ID":"G15598320","LOCALITY":"T47, G4","LATITUDE":23.5040306,"LONGITUDE":69.0046701,"OBSERVATION.DATE":"2025-09-21","OBSERVER.ID":"obsr4399854","DURATION.MINUTES":76.0,"SAMPLING.EVENT.IDENTIFIER":"S275008703","species_list":"Ashy-crowned Sparrow-Lark; Asian Green Bee-eater; Asian Koel; Blyth's Reed Warbler; Common Babbler; Common Hoopoe; Dusky Crag-Martin; Eastern Cattle-Egret; Eastern Red-rumped Swallow; Eurasian Collared-Dove; European Roller; Gray-breasted Prinia; Gray Francolin; Green Sandpiper; House Sparrow; Indian Bushlark; Indian Peafowl; Indian Robin; Indian Silverbill; Indian Spot-billed Duck; Jungle Prinia; Laughing Dove; Lesser Whitethroat; Little Grebe; Paddyfield Pipit; Pallid Harrier; Plain Prinia; Purple Sunbird; Red-vented Bulbul; Red-wattled Lapwing; Red Collared-Dove; Rosy Starling; Shikra; Siberian Stonechat; Small Minivet; Spotted Flycatcher; Variable Wheatear; White-tailed Iora; Wire-tailed Swallow; Yellow-eyed Babbler; Yellow-throated Sparrow","n_species":41,"focal_species_seen":"European Roller; Spotted Flycatcher","focal_species_slugs":"european-roller;spotted-flycatcher","has_focal":true},"geometry":{"type":"Point","coordinates":[69.0046701,23.5040306]}},{"type":"Feature","properties":{"GROUP.ID":"G15605910","LOCALITY":"T 45 G - 4 Fulra, Gujarat, IN (23.704, 68.789)","LATITUDE":23.7043583,"LONGITUDE":68.78862,"OBSERVATION.DATE":"2025-09-20","OBSERVER.ID":"obsr4399854","DURATION.MINUTES":45.0,"SAMPLING.EVENT.IDENTIFIER":"S275008734","species_list":"Baya Weaver; Eurasian Collared-Dove; Eurasian Coot; European Roller; Gray-breasted Prinia; Gray Francolin; House Sparrow; Indian Peafowl; Indian Robin; Indian Silverbill; Laughing Dove; Little Cormorant; Little Swift; Marsh Sandpiper; Pied Cuckoo; Purple Sunbird; Red-vented Bulbul; Shikra; White-eared Bulbul; Yellow-wattled Lapwing","n_species":20,"focal_species_seen":"European Roller","focal_species_slugs":"european-roller","has_focal":true},"geometry":{"type":"Point","coordinates":[68.78862,23.7043583]}},{"type":"Feature","properties":{"GROUP.ID":"G15605911","LOCALITY":"T 45  G-  3 Gaduli, Gujarat, IN (23.694, 68.881)","LATITUDE":23.6941033,"LONGITUDE":68.8809583,"OBSERVATION.DATE":"2025-09-20","OBSERVER.ID":"obsr4399854","DURATION.MINUTES":44.0,"SAMPLING.EVENT.IDENTIFIER":"S275008759","species_list":"Ashy-crowned Sparrow-Lark; Asian Green Bee-eater; Baya Weaver; Black Drongo; Chestnut-bellied Sandgrouse; Common Myna; Common Tailorbird; Eurasian Collared-Dove; European Roller; Gray-breasted Prinia; Green Sandpiper; House Sparrow; Indian Bushlark; Indian Robin; Indian Spot-billed Duck; Jungle Prinia; Laughing Dove; Little Egret; Little Grebe; Little Swift; Plain Prinia; Purple Sunbird; Red-vented Bulbul; Rose-ringed Parakeet; Rosy Starling; Spotted Owlet; White-browed Wagtail; Wire-tailed Swallow","n_species":28,"focal_species_seen":"European Roller","focal_species_slugs":"european-roller","has_focal":true},"geometry":{"type":"Point","coordinates":[68.8809583,23.6941033]}},{"type":"Feature","properties":{"GROUP.ID":"G15605915","LOCALITY":"T 45 G - 2 Lakhpat - Siyot Road, Kachchh, Gujarat, IN (23.783, 68.873)","LATITUDE":23.7825867,"LONGITUDE":68.8734167,"OBSERVATION.DATE":"2025-09-20","OBSERVER.ID":"obsr4399854","DURATION.MINUTES":14.0,"SAMPLING.EVENT.IDENTIFIER":"S275008810","species_list":"Asian Green Bee-eater; Bay-backed Shrike; Baya Weaver; Black Drongo; Black Francolin; Eurasian Collared-Dove; European Roller; Gray Francolin; House Crow; House Sparrow; Indian Peafowl; Indian Robin; Indian Roller; Laughing Dove; Red-vented Bulbul; White-eared Bulbul; White-throated Kingfisher; Wire-tailed Swallow","n_species":18,"focal_species_seen":"European Roller","focal_species_slugs":"european-roller","has_focal":true},"geometry":{"type":"Point","coordinates":[68.8734167,23.7825867]}},{"type":"Feature","properties":{"GROUP.ID":"G15605914","LOCALITY":"T 45 G 1 Lakhpat-Gaduli Road, Lakhpat, Gujarat, IN (23.81, 68.788)","LATITUDE":23.81008,"LONGITUDE":68.788175,"OBSERVATION.DATE":"2025-09-20","OBSERVER.ID":"obsr4399854","DURATION.MINUTES":21.0,"SAMPLING.EVENT.IDENTIFIER":"S275008836","species_list":"Asian Green Bee-eater; Black Francolin; Common Babbler; Common Hoopoe; Eastern Cattle-Egret; Eurasian Collared-Dove; European Roller; Gray-necked Bunting; Gray Francolin; Indian Pond-Heron; Indian Robin; Jungle Prinia; Laughing Dove; Lesser Whitethroat; Montagu's Harrier; Purple Sunbird; Rose-ringed Parakeet; Rosy Starling; Rufous-fronted Prinia; Scaly-breasted Munia; White-eared Bulbul; White-throated Kingfisher; Zitting Cisticola","n_species":23,"focal_species_seen":"European Roller","focal_species_slugs":"european-roller","has_focal":true},"geometry":{"type":"Point","coordinates":[68.788175,23.81008]}},{"type":"Feature","properties":{"GROUP.ID":"G15598207","LOCALITY":"T13G2 Sati Toral Temple, Ulat","LATITUDE":23.381764,"LONGITUDE":69.415476,"OBSERVATION.DATE":"2025-09-21","OBSERVER.ID":"obsr4399854","DURATION.MINUTES":52.0,"SAMPLING.EVENT.IDENTIFIER":"S275008887","species_list":"Asian Green Bee-eater; Common Babbler; Common Tailorbird; Common Woodshrike; Dusky Crag-Martin; Eastern Red-rumped Swallow; European Roller; Gray Francolin; Indian Robin; Indian Silverbill; Jungle Prinia; Laughing Dove; Pied Cuckoo; Purple Sunbird; Red-vented Bulbul; Rose-ringed Parakeet; Spotted Flycatcher; White-eared Bulbul; White-naped Tit; Yellow-throated Sparrow","n_species":20,"focal_species_seen":"European Roller; Spotted Flycatcher","focal_species_slugs":"european-roller;spotted-flycatcher","has_focal":true},"geometry":{"type":"Point","coordinates":[69.415476,23.381764]}},{"type":"Feature","properties":{"GROUP.ID":"G15598085","LOCALITY":"T14G1","LATITUDE":23.4177918,"LONGITUDE":69.3762568,"OBSERVATION.DATE":"2025-09-21","OBSERVER.ID":"obsr4399854","DURATION.MINUTES":58.0,"SAMPLING.EVENT.IDENTIFIER":"S275008940","species_list":"Ashy-crowned Sparrow-Lark; Asian Green Bee-eater; Barred Buttonquail; Bay-backed Shrike; Common Babbler; Common Hoopoe; Common Tailorbird; Common Woodshrike; Eastern Cattle-Egret; Eurasian Collared-Dove; European Roller; Gray-necked Bunting; Gray Francolin; Green Sandpiper; Indian Peafowl; Indian Robin; Jungle Prinia; Laughing Dove; Lesser Whitethroat; Oriental Honey-buzzard; Purple Sunbird; Red-vented Bulbul; Red-wattled Lapwing; Rufous-fronted Prinia; Small Minivet; Spotted Flycatcher; Variable Wheatear; White-eared Bulbul; White-naped Tit","n_species":29,"focal_species_seen":"European Roller; Spotted Flycatcher","focal_species_slugs":"european-roller;spotted-flycatcher","has_focal":true},"geometry":{"type":"Point","coordinates":[69.3762568,23.4177918]}},{"type":"Feature","properties":{"GROUP.ID":"G15598099","LOCALITY":"T14G2","LATITUDE":23.4368067,"LONGITUDE":69.50076,"OBSERVATION.DATE":"2025-09-21","OBSERVER.ID":"obsr4399854","DURATION.MINUTES":48.0,"SAMPLING.EVENT.IDENTIFIER":"S275008976","species_list":"Asian Green Bee-eater; Baya Weaver; Common Tailorbird; Dusky Crag-Martin; Eastern Red-rumped Swallow; Eurasian Collared-Dove; Gray Francolin; House Sparrow; Indian Cormorant; Jungle Prinia; Laughing Dove; Little Cormorant; Oriental Darter; Oriental Honey-buzzard; Painted Stork; Plain Prinia; Purple Sunbird; Red-vented Bulbul; River Tern; White-eared Bulbul; Wire-tailed Swallow","n_species":21,"focal_species_seen":"","focal_species_slugs":"","has_focal":false},"geometry":{"type":"Point","coordinates":[69.50076,23.4368067]}},{"type":"Feature","properties":{"GROUP.ID":"G15596673","LOCALITY":"T14G4","LATITUDE":23.5030883,"LONGITUDE":69.5369917,"OBSERVATION.DATE":"2025-09-20","OBSERVER.ID":"obsr4399854","DURATION.MINUTES":45.0,"SAMPLING.EVENT.IDENTIFIER":"S275008992","species_list":"Asian Green Bee-eater; Barred Buttonquail; Baya Weaver; Common Babbler; Common Greenshank; Common Kingfisher; Common Tailorbird; Eastern Cattle-Egret; Eastern Red-rumped Swallow; Eurasian Collared-Dove; European Roller; Gray Francolin; House Crow; House Sparrow; Indian Pond-Heron; Indian Silverbill; Indian Spot-billed Duck; Laughing Dove; Oriental Darter; Plain Prinia; Purple Sunbird; Red-vented Bulbul; Red-wattled Lapwing; River Tern; White-eared Bulbul","n_species":25,"focal_species_seen":"European Roller","focal_species_slugs":"european-roller","has_focal":true},"geometry":{"type":"Point","coordinates":[69.5369917,23.5030883]}},{"type":"Feature","properties":{"GROUP.ID":"G15596641","LOCALITY":"T14G3","LATITUDE":23.436015,"LONGITUDE":69.5783633,"OBSERVATION.DATE":"2025-09-20","OBSERVER.ID":"obsr4399854","DURATION.MINUTES":60.0,"SAMPLING.EVENT.IDENTIFIER":"S275009056","species_list":"Asian Green Bee-eater; Common Babbler; Common Hoopoe; Common Tailorbird; Eurasian Kestrel; European Roller; Gray-breasted Prinia; Gray-necked Bunting; Gray Francolin; House Crow; Indian Pond-Heron; Laughing Dove; Purple Sunbird; Red-vented Bulbul; Rufous-tailed Scrub-Robin; White-eared Bulbul","n_species":16,"focal_species_seen":"European Roller; Rufous-tailed Scrub-Robin","focal_species_slugs":"european-roller;rufous-tailed-scrub-robin","has_focal":true},"geometry":{"type":"Point","coordinates":[69.5783633,23.436015]}},{"type":"Feature","properties":{"GROUP.ID":"G15596555","LOCALITY":"T14G5","LATITUDE":23.4610983,"LONGITUDE":69.6206917,"OBSERVATION.DATE":"2025-09-20","OBSERVER.ID":"obsr4399854","DURATION.MINUTES":60.0,"SAMPLING.EVENT.IDENTIFIER":"S275009068","species_list":"Asian Green Bee-eater; Barred Buttonquail; Baya Weaver; Black Drongo; Common Babbler; Common Hoopoe; European Roller; Glossy Ibis; Gray-breasted Prinia; Greater Coucal; Greater Short-toed Lark; House Crow; House Sparrow; Indian Robin; Indian Silverbill; Laughing Dove; Lesser Whitethroat; Long-tailed Shrike; Oriental Darter; Paddyfield Pipit; Plain Prinia; Purple Sunbird; Red-wattled Lapwing; Rosy Starling; Tawny Pipit; Variable Wheatear; White-eared Bulbul","n_species":27,"focal_species_seen":"European Roller","focal_species_slugs":"european-roller","has_focal":true},"geometry":{"type":"Point","coordinates":[69.6206917,23.4610983]}},{"type":"Feature","properties":{"GROUP.ID":"G15598162","LOCALITY":"T10G5","LATITUDE":23.144117,"LONGITUDE":69.8946796,"OBSERVATION.DATE":"2025-09-21","OBSERVER.ID":"obsr4399854","DURATION.MINUTES":42.0,"SAMPLING.EVENT.IDENTIFIER":"S275009092","species_list":"Ashy-crowned Sparrow-Lark; Bank Myna; Baya Weaver; Eurasian Collared-Dove; Greater Coucal; Greater Short-toed Lark; House Sparrow; Indian Bushlark; Indian Silverbill; Laughing Dove; Painted Stork; Plain Prinia; Red-wattled Lapwing; Western Marsh Harrier; White-eared Bulbul","n_species":15,"focal_species_seen":"","focal_species_slugs":"","has_focal":false},"geometry":{"type":"Point","coordinates":[69.8946796,23.144117]}},{"type":"Feature","properties":{"GROUP.ID":"G15598059","LOCALITY":"T28G3","LATITUDE":23.839347,"LONGITUDE":69.8081294,"OBSERVATION.DATE":"2025-09-20","OBSERVER.ID":"obsr4399854","DURATION.MINUTES":54.0,"SAMPLING.EVENT.IDENTIFIER":"S275009138","species_list":"Ashy-crowned Sparrow-Lark; Asian Green Bee-eater; Bay-backed Shrike; Baya Weaver; Black-winged Kite; Black Drongo; Chestnut-bellied Sandgrouse; Common Babbler; Common Hoopoe; Common Tailorbird; Crested Lark; Eastern Cattle-Egret; Eastern Red-rumped Swallow; Eurasian Collared-Dove; European Roller; Gray Francolin; House Sparrow; Indian Robin; Indian Silverbill; Laughing Dove; Long-tailed Shrike; Paddyfield Pipit; Plain Prinia; Purple Sunbird; Red-vented Bulbul; Red-wattled Lapwing; Red Collared-Dove; Rosy Starling; Rufous-fronted Prinia; Spotted Flycatcher; White-eared Bulbul; White-throated Kingfisher; Wire-tailed Swallow; Yellow-throated Sparrow","n_species":34,"focal_species_seen":"European Roller; Spotted Flycatcher","focal_species_slugs":"european-roller;spotted-flycatcher","has_focal":true},"geometry":{"type":"Point","coordinates":[69.8081294,23.839347]}},{"type":"Feature","properties":{"GROUP.ID":"G15598120","LOCALITY":"T36G2-Bambhdai-Mapar Rd, Kachchh, Gujarat, IN (22.957, 69.001)","LATITUDE":22.9569561,"LONGITUDE":69.0011239,"OBSERVATION.DATE":"2025-09-21","OBSERVER.ID":"obsr4399854","DURATION.MINUTES":6.0,"SAMPLING.EVENT.IDENTIFIER":"S275009173","species_list":"Asian Green Bee-eater; Black-winged Stilt; European Roller; Gray Francolin; Gray Heron; Indian Spot-billed Duck; Laughing Dove; Little Cormorant; Little Egret; River Tern; White-eared Bulbul","n_species":11,"focal_species_seen":"European Roller","focal_species_slugs":"european-roller","has_focal":true},"geometry":{"type":"Point","coordinates":[69.0011239,22.9569561]}},{"type":"Feature","properties":{"GROUP.ID":"G15606212","LOCALITY":"T25G3_PMC2025","LATITUDE":23.2585944,"LONGITUDE":70.2929977,"OBSERVATION.DATE":"2025-09-21","OBSERVER.ID":"obsr4399854","DURATION.MINUTES":61.0,"SAMPLING.EVENT.IDENTIFIER":"S275009394","species_list":"Ashy-crowned Sparrow-Lark; Asian Green Bee-eater; Barn Swallow; Baya Weaver; Brahminy Starling; Clamorous Reed Warbler; Common Babbler; Eurasian Collared-Dove; Eurasian Wryneck; European Roller; House Sparrow; Indian Bushlark; Indian Robin; Indian Silverbill; Laughing Dove; Little Egret; Paddyfield Pipit; Purple Sunbird; Red-vented Bulbul; Rosy Starling; Siberian Stonechat; Spotted Flycatcher; Tawny Pipit; Variable Wheatear","n_species":24,"focal_species_seen":"European Roller; Spotted Flycatcher","focal_species_slugs":"european-roller;spotted-flycatcher","has_focal":true},"geometry":{"type":"Point","coordinates":[70.2929977,23.2585944]}},{"type":"Feature","properties":{"GROUP.ID":"G15598070","LOCALITY":"T37G5","LATITUDE":23.2302438,"LONGITUDE":68.9759167,"OBSERVATION.DATE":"2025-09-21","OBSERVER.ID":"obsr4399854","DURATION.MINUTES":36.0,"SAMPLING.EVENT.IDENTIFIER":"S275009452","species_list":"Ashy-crowned Sparrow-Lark; Asian Green Bee-eater; Barred Buttonquail; Bay-backed Shrike; Black Drongo; Black Francolin; Common Babbler; Common Hoopoe; Eurasian Collared-Dove; European Roller; Great Gray Shrike; Indian Bushlark; Indian Silverbill; Laughing Dove; Pied Cuckoo; Purple Sunbird; Red-tailed Shrike; Red-vented Bulbul; Red Collared-Dove; Rufous-fronted Prinia; Siberian Stonechat; Spotted Flycatcher; Tawny Pipit; Western Marsh Harrier; White-tailed Iora; Zitting Cisticola","n_species":26,"focal_species_seen":"European Roller; Red-tailed Shrike; Spotted Flycatcher","focal_species_slugs":"european-roller;red-tailed-shrike;spotted-flycatcher","has_focal":true},"geometry":{"type":"Point","coordinates":[68.9759167,23.2302438]}},{"type":"Feature","properties":{"GROUP.ID":"G15597874","LOCALITY":"T46G2-PMC2025","LATITUDE":23.4447214,"LONGITUDE":68.9359683,"OBSERVATION.DATE":"2025-09-21","OBSERVER.ID":"obsr4399854","DURATION.MINUTES":45.0,"SAMPLING.EVENT.IDENTIFIER":"S275009534","species_list":"Ashy-crowned Sparrow-Lark; Baya Weaver; Brahminy Starling; Common Hoopoe; Common Kingfisher; Common Myna; Common Tailorbird; Eastern Red-rumped Swallow; Eurasian Collared-Dove; Eurasian Coot; Glossy Ibis; House Sparrow; Indian Peafowl; Indian Pond-Heron; Indian Spot-billed Duck; Laughing Dove; Little Cormorant; Plain Prinia; Purple Sunbird; Red-naped Ibis; Red-vented Bulbul; Red-wattled Lapwing; River Tern; Rose-ringed Parakeet; Rosy Starling; Western Yellow Wagtail; Whiskered Tern; White-eared Bulbul; White-tailed Iora; White-throated Kingfisher; Wire-tailed Swallow","n_species":31,"focal_species_seen":"","focal_species_slugs":"","has_focal":false},"geometry":{"type":"Point","coordinates":[68.9359683,23.4447214]}},{"type":"Feature","properties":{"GROUP.ID":"G15597875","LOCALITY":"T46G4PMC2025","LATITUDE":23.5089917,"LONGITUDE":68.877089,"OBSERVATION.DATE":"2025-09-21","OBSERVER.ID":"obsr4399854","DURATION.MINUTES":60.0,"SAMPLING.EVENT.IDENTIFIER":"S275009581","species_list":"Ashy-crowned Sparrow-Lark; Asian Green Bee-eater; Bay-backed Shrike; Black Drongo; Common Babbler; Common Hoopoe; Common Sandpiper; Eastern Cattle-Egret; Eastern Red-rumped Swallow; Eurasian Collared-Dove; European Roller; Glossy Ibis; Gray Francolin; Great Gray Shrike; House Crow; Indian Bushlark; Indian Peafowl; Indian Pond-Heron; Laughing Dove; Lesser Whistling-Duck; Little Egret; Little Grebe; Montagu's Harrier; Oriental Honey-buzzard; Purple Sunbird; Red-vented Bulbul; Red-wattled Lapwing; Rosy Starling; Rufous-fronted Prinia; Spotted Flycatcher; Tawny Pipit; White-eared Bulbul; White-tailed Iora; White-throated Kingfisher; Yellow-throated Sparrow; Yellow-wattled Lapwing","n_species":36,"focal_species_seen":"European Roller; Spotted Flycatcher","focal_species_slugs":"european-roller;spotted-flycatcher","has_focal":true},"geometry":{"type":"Point","coordinates":[68.877089,23.5089917]}},{"type":"Feature","properties":{"GROUP.ID":"G15597745","LOCALITY":"T28G4","LATITUDE":23.8193993,"LONGITUDE":69.8800696,"OBSERVATION.DATE":"2025-09-20","OBSERVER.ID":"obsr4399854","DURATION.MINUTES":53.0,"SAMPLING.EVENT.IDENTIFIER":"S275009714","species_list":"Ashy-crowned Sparrow-Lark; Asian Green Bee-eater; Bay-backed Shrike; Black Drongo; Brahminy Starling; Chestnut-bellied Sandgrouse; Common Babbler; Common Hoopoe; Common Tailorbird; Crested Lark; Eurasian Collared-Dove; European Roller; Gray Francolin; House Sparrow; Indian Robin; Indian Silverbill; Laughing Dove; Long-tailed Shrike; Paddyfield Pipit; Plain Prinia; Purple Sunbird; Red-vented Bulbul; Red-wattled Lapwing; Red Collared-Dove; Rosy Starling; Spotted Flycatcher; Variable Wheatear; White-eared Bulbul; Yellow-throated Sparrow","n_species":29,"focal_species_seen":"European Roller; Spotted Flycatcher","focal_species_slugs":"european-roller;spotted-flycatcher","has_focal":true},"geometry":{"type":"Point","coordinates":[69.8800696,23.8193993]}},{"type":"Feature","properties":{"GROUP.ID":"G15597937","LOCALITY":"T31G3","LATITUDE":23.7400752,"LONGITUDE":69.4781084,"OBSERVATION.DATE":"2025-09-21","OBSERVER.ID":"obsr4399854","DURATION.MINUTES":100.0,"SAMPLING.EVENT.IDENTIFIER":"S275009768","species_list":"Asian Green Bee-eater; Barn Swallow; Barred Buttonquail; Bay-backed Shrike; Black Drongo; Blyth's Reed Warbler; Common Babbler; Common Hoopoe; Eastern Cattle-Egret; Eastern Orphean Warbler; Eurasian Collared-Dove; Eurasian Kestrel; European Roller; Glossy Ibis; Gray Francolin; Greater Whitethroat; Indian Peafowl; Indian Silverbill; Indian Spot-billed Duck; Laughing Dove; Lesser Whitethroat; Long-tailed Shrike; Paddyfield Pipit; Purple Sunbird; Red-backed Shrike; Red-tailed Shrike; Red-wattled Lapwing; Rufous-fronted Prinia; Shikra; White-eared Bulbul; White-throated Kingfisher; Yellow-throated Sparrow","n_species":32,"focal_species_seen":"European Roller; Greater Whitethroat; Red-backed Shrike; Red-tailed Shrike","focal_species_slugs":"european-roller;greater-whitethroat;red-backed-shrike;red-tailed-shrike","has_focal":true},"geometry":{"type":"Point","coordinates":[69.4781084,23.7400752]}},{"type":"Feature","properties":{"GROUP.ID":"G15597741","LOCALITY":"T28G1","LATITUDE":23.7867858,"LONGITUDE":69.6880234,"OBSERVATION.DATE":"2025-09-21","OBSERVER.ID":"obsr4399854","DURATION.MINUTES":60.0,"SAMPLING.EVENT.IDENTIFIER":"S275009780","species_list":"Ashy-crowned Sparrow-Lark; Black-headed Ibis; Black-winged Stilt; Common Hoopoe; Common Sandpiper; Crested Lark; Eastern Red-rumped Swallow; Eurasian Collared-Dove; Eurasian Spoonbill; Garganey; Gray Heron; Great Thick-knee; Greater Sand-Plover; Gull-billed Tern; Indian Bushlark; Indian Pond-Heron; Indian Spot-billed Duck; Indian Thick-knee; Isabelline Wheatear; Kentish Plover; Laughing Dove; Lesser Whistling-Duck; Little Cormorant; Little Egret; Little Ringed Plover; Little Stint; Little Swift; Medium Egret; Paddyfield Pipit; Painted Stork; Pied Avocet; Plain Prinia; Red-wattled Lapwing; River Tern; Rufous-fronted Prinia; Spotted Redshank; Temminck's Stint; Western Marsh Harrier; Western Reef-Heron; Whiskered Tern; Wire-tailed Swallow","n_species":41,"focal_species_seen":"","focal_species_slugs":"","has_focal":false},"geometry":{"type":"Point","coordinates":[69.6880234,23.7867858]}},{"type":"Feature","properties":{"GROUP.ID":"G15600369","LOCALITY":"T48G2","LATITUDE":23.315204,"LONGITUDE":68.865876,"OBSERVATION.DATE":"2025-09-21","OBSERVER.ID":"obsr4399854","DURATION.MINUTES":51.0,"SAMPLING.EVENT.IDENTIFIER":"S275009814","species_list":"Asian Green Bee-eater; Baya Weaver; Black Drongo; Common Babbler; Eastern Red-rumped Swallow; Eurasian Collared-Dove; European Roller; Gray-breasted Prinia; Gray-headed Swamphen; Gray Francolin; Indian Spot-billed Duck; Laughing Dove; Little Cormorant; Pheasant-tailed Jacana; Pied Cuckoo; Red-vented Bulbul; Red-wattled Lapwing; Red Collared-Dove; Rosy Starling; Spotted Flycatcher; Western Marsh Harrier; Yellow-wattled Lapwing","n_species":22,"focal_species_seen":"European Roller; Spotted Flycatcher","focal_species_slugs":"european-roller;spotted-flycatcher","has_focal":true},"geometry":{"type":"Point","coordinates":[68.865876,23.315204]}},{"type":"Feature","properties":{"GROUP.ID":"G15597664","LOCALITY":"T6G6","LATITUDE":22.8435481,"LONGITUDE":69.3107693,"OBSERVATION.DATE":"2025-09-21","OBSERVER.ID":"obsr4399854","DURATION.MINUTES":77.0,"SAMPLING.EVENT.IDENTIFIER":"S275009936","species_list":"Ashy-crowned Sparrow-Lark; Asian Green Bee-eater; Booted Eagle; Common Babbler; Common Hoopoe; Common Tailorbird; Eastern Cattle-Egret; Eurasian Collared-Dove; Eurasian Spoonbill; Eurasian Wryneck; Gray Francolin; Indian Silverbill; Laughing Dove; Lesser Whitethroat; Little Swift; Paddyfield Pipit; Pied Cuckoo; Plain Prinia; Purple Sunbird; Red-vented Bulbul; Red-wattled Lapwing; Rosy Starling; Rufous-fronted Prinia; Shikra; Spotted Flycatcher; White-eared Bulbul; White-tailed Iora; Wire-tailed Swallow","n_species":28,"focal_species_seen":"Spotted Flycatcher","focal_species_slugs":"spotted-flycatcher","has_focal":true},"geometry":{"type":"Point","coordinates":[69.3107693,22.8435481]}},{"type":"Feature","properties":{"GROUP.ID":"G15597688","LOCALITY":"T11G2","LATITUDE":23.1302313,"LONGITUDE":70.1896424,"OBSERVATION.DATE":"2025-09-21","OBSERVER.ID":"obsr4399854","DURATION.MINUTES":65.0,"SAMPLING.EVENT.IDENTIFIER":"S275009951","species_list":"Ashy-crowned Sparrow-Lark; Barred Buttonquail; Bay-backed Shrike; Black-headed Ibis; Common Kingfisher; Eurasian Moorhen; Eurasian Spoonbill; European Roller; Indian Spot-billed Duck; Little Cormorant; Little Ringed Plover; Little Stint; Pied Cuckoo; Pied Kingfisher; Purple Sunbird; Red-wattled Lapwing; River Tern; Rosy Starling; Spotted Flycatcher; Western Marsh Harrier; Western Yellow Wagtail; Yellow-wattled Lapwing","n_species":22,"focal_species_seen":"European Roller; Spotted Flycatcher","focal_species_slugs":"european-roller;spotted-flycatcher","has_focal":true},"geometry":{"type":"Point","coordinates":[70.1896424,23.1302313]}},{"type":"Feature","properties":{"GROUP.ID":"G15598096","LOCALITY":"T29G3","LATITUDE":23.92693,"LONGITUDE":69.806721,"OBSERVATION.DATE":"2025-09-21","OBSERVER.ID":"obsr4399854","DURATION.MINUTES":32.0,"SAMPLING.EVENT.IDENTIFIER":"S275010004","species_list":"Asian Green Bee-eater; Black Drongo; Black Redstart; Chestnut-bellied Sandgrouse; Common Babbler; Common Cuckoo; Common Hoopoe; Common Tailorbird; Eastern Red-rumped Swallow; Eurasian Collared-Dove; Eurasian Kestrel; Eurasian Wryneck; European Roller; Gray-breasted Prinia; Gray Francolin; House Crow; House Sparrow; Indian Robin; Indian Silverbill; Indian Spot-billed Duck; Laughing Dove; Lesser Whitethroat; Long-tailed Shrike; Paddyfield Pipit; Pied Cuckoo; Purple Sunbird; Red-vented Bulbul; Red-wattled Lapwing; Rufous-fronted Prinia; Sirkeer Malkoha; Sykes's Warbler; Tawny Pipit; Tree Pipit; Western Marsh Harrier; White-eared Bulbul; White-throated Kingfisher","n_species":36,"focal_species_seen":"Common Cuckoo; European Roller","focal_species_slugs":"common-cuckoo;european-roller","has_focal":true},"geometry":{"type":"Point","coordinates":[69.806721,23.92693]}},{"type":"Feature","properties":{"GROUP.ID":"G15597563","LOCALITY":"T10G4","LATITUDE":23.0112755,"LONGITUDE":70.0229176,"OBSERVATION.DATE":"2025-09-21","OBSERVER.ID":"obsr4399854","DURATION.MINUTES":63.0,"SAMPLING.EVENT.IDENTIFIER":"S275010049","species_list":"Asian Green Bee-eater; Barn Swallow; Baya Weaver; Black-winged Stilt; Black Drongo; Blue-cheeked Bee-eater; Brahminy Starling; Chestnut-bellied Sandgrouse; Common Babbler; Common Kingfisher; Common Sandpiper; Eastern Cattle-Egret; Eurasian Collared-Dove; Eurasian Spoonbill; Glossy Ibis; Gray Francolin; Gray Heron; Greater Coucal; Indian Cormorant; Indian Peafowl; Indian Pond-Heron; Indian Robin; Indian Silverbill; Indian Spot-billed Duck; Jungle Prinia; Laughing Dove; Little Cormorant; Little Egret; Little Grebe; Medium Egret; Oriental Darter; Painted Stork; Pied Cuckoo; Pied Kingfisher; Plain Prinia; Purple Heron; Purple Sunbird; Red-wattled Lapwing; River Tern; Rose-ringed Parakeet; Spotted Flycatcher; Western Reef-Heron; Whiskered Tern; White-throated Kingfisher; Zitting Cisticola","n_species":45,"focal_species_seen":"Blue-cheeked Bee-eater; Spotted Flycatcher","focal_species_slugs":"blue-cheeked-bee-eater;spotted-flycatcher","has_focal":true},"geometry":{"type":"Point","coordinates":[70.0229176,23.0112755]}},{"type":"Feature","properties":{"GROUP.ID":"G15598097","LOCALITY":"T29G1","LATITUDE":23.8882,"LONGITUDE":69.768745,"OBSERVATION.DATE":"2025-09-20","OBSERVER.ID":"obsr4399854","DURATION.MINUTES":62.0,"SAMPLING.EVENT.IDENTIFIER":"S275010064","species_list":"Ashy-crowned Sparrow-Lark; Asian Green Bee-eater; Baya Weaver; Black-winged Kite; Black Drongo; Black Francolin; Chestnut-bellied Sandgrouse; Common Babbler; Common Hoopoe; Common Tailorbird; Crested Lark; Eastern Cattle-Egret; Eastern Red-rumped Swallow; Eurasian Collared-Dove; Eurasian Kestrel; Eurasian Sparrowhawk; European Roller; Great Gray Shrike; Greater Short-toed Lark; House Crow; House Sparrow; Indian Robin; Indian Silverbill; Indian Spot-billed Duck; Isabelline Shrike; Isabelline Wheatear; Laughing Dove; Lesser Whitethroat; Oriental Honey-buzzard; Paddyfield Pipit; Painted Sandgrouse; Purple Sunbird; Red-vented Bulbul; Rufous-fronted Prinia; Rufous-tailed Lark; Siberian Stonechat; Sirkeer Malkoha; Spotted Flycatcher; Tawny Pipit; Variable Wheatear; White-eared Bulbul; Yellow-throated Sparrow","n_species":42,"focal_species_seen":"European Roller; Spotted Flycatcher","focal_species_slugs":"european-roller;spotted-flycatcher","has_focal":true},"geometry":{"type":"Point","coordinates":[69.768745,23.8882]}},{"type":"Feature","properties":{"GROUP.ID":"G15599485","LOCALITY":"Team2025_39-5, Jakhau,Gujarat State Highway 49, Kachchh, Gujarat, IN (23.223, 68.64)","LATITUDE":23.223195,"LONGITUDE":68.6396283,"OBSERVATION.DATE":"2025-09-21","OBSERVER.ID":"obsr4399854","DURATION.MINUTES":28.0,"SAMPLING.EVENT.IDENTIFIER":"S275010119","species_list":"Ashy-crowned Sparrow-Lark; Asian Green Bee-eater; Black-tailed Godwit; Black-winged Stilt; Black Drongo; Blue-cheeked Bee-eater; Common Hoopoe; Common Kingfisher; Common Myna; Common Sandpiper; Crested Lark; Eastern Cattle-Egret; Eurasian Collared-Dove; Eurasian Curlew; European Roller; Gray Heron; Great Egret; Great Thick-knee; Greater Coucal; Green Sandpiper; House Crow; House Sparrow; Indian Bushlark; Indian Robin; Laughing Dove; Lesser Whitethroat; Little Cormorant; Little Ringed Plover; Little Stint; Little Swift; Marsh Sandpiper; Medium Egret; Pied Avocet; Pied Kingfisher; Purple Sunbird; Red-vented Bulbul; Red-wattled Lapwing; Rose-ringed Parakeet; Rosy Starling; Ruff; Sand Lark; Shikra; Temminck's Stint; Tibetan Sand-Plover; Western Marsh Harrier; White-throated Kingfisher","n_species":46,"focal_species_seen":"Blue-cheeked Bee-eater; European Roller","focal_species_slugs":"blue-cheeked-bee-eater;european-roller","has_focal":true},"geometry":{"type":"Point","coordinates":[68.6396283,23.223195]}},{"type":"Feature","properties":{"GROUP.ID":"G15597515","LOCALITY":"T43G4","LATITUDE":23.7229866,"LONGITUDE":68.908181,"OBSERVATION.DATE":"2025-09-20","OBSERVER.ID":"obsr4399854","DURATION.MINUTES":95.0,"SAMPLING.EVENT.IDENTIFIER":"S275010230","species_list":"Ashy-crowned Sparrow-Lark; Asian Green Bee-eater; Barn Swallow; Barred Buttonquail; Bay-backed Shrike; Black Drongo; Black Francolin; Blue-cheeked Bee-eater; Brown Rock Chat; Common Babbler; Common Cuckoo; Common Hoopoe; Common Tailorbird; Dusky Crag-Martin; Eastern Red-rumped Swallow; Eurasian Collared-Dove; Eurasian Wryneck; European Roller; Gray-necked Bunting; Gray Francolin; Greater Coucal; Greater Flamingo; Greater Whitethroat; House Sparrow; Indian Peafowl; Indian Robin; Laughing Dove; Medium Egret; Montagu's Harrier; Purple Sunbird; Red-vented Bulbul; Rosy Starling; Rufous-fronted Prinia; Sirkeer Malkoha; Spotted Flycatcher; White-eared Bulbul; White-tailed Iora; Wire-tailed Swallow; Yellow-crowned Woodpecker","n_species":39,"focal_species_seen":"Blue-cheeked Bee-eater; Common Cuckoo; European Roller; Greater Whitethroat; Spotted Flycatcher","focal_species_slugs":"blue-cheeked-bee-eater;common-cuckoo;european-roller;greater-whitethroat;spotted-flycatcher","has_focal":true},"geometry":{"type":"Point","coordinates":[68.908181,23.7229866]}},{"type":"Feature","properties":{"GROUP.ID":"G15597509","LOCALITY":"T43G2","LATITUDE":23.6949261,"LONGITUDE":68.9951875,"OBSERVATION.DATE":"2025-09-20","OBSERVER.ID":"obsr4399854","DURATION.MINUTES":51.0,"SAMPLING.EVENT.IDENTIFIER":"S275010256","species_list":"Ashy-crowned Sparrow-Lark; Asian Green Bee-eater; Baya Weaver; Black Drongo; Brahminy Starling; Common Babbler; Common Tailorbird; Eurasian Collared-Dove; Eurasian Wryneck; European Roller; Gray-breasted Prinia; Gray-necked Bunting; Gray Francolin; Greater Coucal; House Sparrow; Indian Peafowl; Isabelline Shrike; Laughing Dove; Paddyfield Pipit; Purple Sunbird; Red-vented Bulbul; Red-wattled Lapwing; Rufous-tailed Lark; Spotted Flycatcher; White-eared Bulbul; White-throated Kingfisher; Wire-tailed Swallow","n_species":27,"focal_species_seen":"European Roller; Spotted Flycatcher","focal_species_slugs":"european-roller;spotted-flycatcher","has_focal":true},"geometry":{"type":"Point","coordinates":[68.9951875,23.6949261]}},{"type":"Feature","properties":{"GROUP.ID":"G15597510","LOCALITY":"T43G3","LATITUDE":23.7061206,"LONGITUDE":69.0131001,"OBSERVATION.DATE":"2025-09-20","OBSERVER.ID":"obsr4399854","DURATION.MINUTES":56.0,"SAMPLING.EVENT.IDENTIFIER":"S275010270","species_list":"Ashy-crowned Sparrow-Lark; Bay-backed Shrike; Eurasian Collared-Dove; European Roller; Gray-breasted Prinia; Gray Francolin; Indian Nightjar; Indian Spot-billed Duck; Laughing Dove; Lesser Whitethroat; Paddyfield Pipit; Purple Sunbird; Red-vented Bulbul; Shikra; Small Minivet; Variable Wheatear","n_species":16,"focal_species_seen":"European Roller","focal_species_slugs":"european-roller","has_focal":true},"geometry":{"type":"Point","coordinates":[69.0131001,23.7061206]}},{"type":"Feature","properties":{"GROUP.ID":"G15611790","LOCALITY":"T-20 G-3 Rapar Frh (23.496, 71.02)","LATITUDE":23.4961698,"LONGITUDE":71.0204921,"OBSERVATION.DATE":"2025-09-21","OBSERVER.ID":"obsr4399854","DURATION.MINUTES":76.0,"SAMPLING.EVENT.IDENTIFIER":"S275010312","species_list":"Ashy-crowned Sparrow-Lark; Barn Swallow; Barred Buttonquail; Bay-backed Shrike; Black-winged Kite; Blue-cheeked Bee-eater; Blyth's Reed Warbler; Common Babbler; Common Kingfisher; Delicate Prinia; Eastern Cattle-Egret; Eurasian Collared-Dove; Eurasian Coot; Eurasian Spoonbill; Gray Francolin; Green Sandpiper; Indian Bushlark; Indian Roller; Indian Silverbill; Indian Spot-billed Duck; Isabelline Shrike; Laughing Dove; Lesser Whistling-Duck; Lesser Whitethroat; Little Grebe; Little Tern; Long-tailed Shrike; Oriental Darter; Purple Sunbird; Red-vented Bulbul; Rosy Starling; Rufous-tailed Lark; Siberian Stonechat; Sykes's Warbler; Tawny Pipit; Variable Wheatear; Western Marsh Harrier; Whiskered Tern; White-eared Bulbul","n_species":39,"focal_species_seen":"Blue-cheeked Bee-eater","focal_species_slugs":"blue-cheeked-bee-eater","has_focal":true},"geometry":{"type":"Point","coordinates":[71.0204921,23.4961698]}},{"type":"Feature","properties":{"GROUP.ID":"G15597512","LOCALITY":"T43G1","LATITUDE":23.6337634,"LONGITUDE":68.95454960000001,"OBSERVATION.DATE":"2025-09-21","OBSERVER.ID":"obsr4399854","DURATION.MINUTES":102.0,"SAMPLING.EVENT.IDENTIFIER":"S275010367","species_list":"Asian Green Bee-eater; Barred Buttonquail; Bay-backed Shrike; Baya Weaver; Blyth's Reed Warbler; Brown Rock Chat; Common Babbler; Common Cuckoo; Common Tailorbird; Eastern Red-rumped Swallow; Eurasian Collared-Dove; European Roller; Gray-breasted Prinia; Gray Francolin; Greater Whitethroat; Indian Peafowl; Indian Robin; Isabelline Shrike; Laughing Dove; Long-tailed Shrike; Pied Cuckoo; Purple Sunbird; Red-tailed Shrike; Red-vented Bulbul; Rosy Starling; Spotted Flycatcher; Streak-throated Swallow; White-eared Bulbul; Yellow-throated Sparrow","n_species":29,"focal_species_seen":"Common Cuckoo; European Roller; Greater Whitethroat; Red-tailed Shrike; Spotted Flycatcher","focal_species_slugs":"common-cuckoo;european-roller;greater-whitethroat;red-tailed-shrike;spotted-flycatcher","has_focal":true},"geometry":{"type":"Point","coordinates":[68.95454960000001,23.6337634]}},{"type":"Feature","properties":{"GROUP.ID":"G15597446","LOCALITY":"T49 G2 Unnamed Road, Kachchh, Gujarat, IN (23.452, 68.611)","LATITUDE":23.4523675,"LONGITUDE":68.6110764,"OBSERVATION.DATE":"2025-09-21","OBSERVER.ID":"obsr4399854","DURATION.MINUTES":45.0,"SAMPLING.EVENT.IDENTIFIER":"S275010418","species_list":"Baya Weaver; Black-winged Kite; Black Drongo; Common Babbler; Common Hoopoe; Common Tailorbird; Glossy Ibis; House Crow; Laughing Dove; Plain Prinia; Purple Sunbird; Red-vented Bulbul; Red-wattled Lapwing; Siberian Stonechat","n_species":14,"focal_species_seen":"","focal_species_slugs":"","has_focal":false},"geometry":{"type":"Point","coordinates":[68.6110764,23.4523675]}},{"type":"Feature","properties":{"GROUP.ID":"G15597544","LOCALITY":"T49 G3 Jadwa - Ber Moti Village Road, Maniara, Gujarat, IN (23.479, 68.604)","LATITUDE":23.4790742,"LONGITUDE":68.6044955,"OBSERVATION.DATE":"2025-09-21","OBSERVER.ID":"obsr4399854","DURATION.MINUTES":64.0,"SAMPLING.EVENT.IDENTIFIER":"S275010447","species_list":"Asian Green Bee-eater; Bay-backed Shrike; Baya Weaver; Black-winged Stilt; Black Drongo; Brown Rock Chat; Common Hoopoe; Common Sandpiper; Eastern Cattle-Egret; Eurasian Collared-Dove; Eurasian Coot; European Roller; Glossy Ibis; Gray Francolin; Great Egret; Gull-billed Tern; Indian Golden Oriole; Indian Peafowl; Indian Pond-Heron; Indian Spot-billed Duck; Laughing Dove; Lesser Whitethroat; Little Cormorant; Little Grebe; Medium Egret; Purple Sunbird; Red-backed Shrike; Red-naped Ibis; Red-vented Bulbul; Red-wattled Lapwing; Red Collared-Dove; River Tern; Rosy Starling; Whiskered Tern; White-eared Bulbul; Wood Sandpiper; Yellow-throated Sparrow; Yellow-wattled Lapwing","n_species":38,"focal_species_seen":"European Roller; Red-backed Shrike","focal_species_slugs":"european-roller;red-backed-shrike","has_focal":true},"geometry":{"type":"Point","coordinates":[68.6044955,23.4790742]}},{"type":"Feature","properties":{"GROUP.ID":"G15597550","LOCALITY":"T18G4 - Balasar-Deslpar Road, Kachchh, Gujarat, IN (23.794, 70.674)","LATITUDE":23.7942975,"LONGITUDE":70.6739289,"OBSERVATION.DATE":"2025-09-21","OBSERVER.ID":"obsr4399854","DURATION.MINUTES":78.0,"SAMPLING.EVENT.IDENTIFIER":"S275010479","species_list":"Ashy-crowned Sparrow-Lark; Asian Green Bee-eater; Black-winged Stilt; Black Kite; Blue-cheeked Bee-eater; Common Babbler; Common Cuckoo; Crested Lark; Eastern Cattle-Egret; Eurasian Collared-Dove; Eurasian Coot; Eurasian Spoonbill; European Roller; Glossy Ibis; Gray Francolin; House Sparrow; Indian Pond-Heron; Indian Robin; Indian Silverbill; Indian Spot-billed Duck; Isabelline Shrike; Laughing Dove; Lesser Flamingo; Little Cormorant; Little Grebe; Long-tailed Shrike; Painted Stork; Pied Cuckoo; Plain Prinia; Purple Sunbird; Red-naped Ibis; Red-vented Bulbul; Red-wattled Lapwing; Red Collared-Dove; Rosy Starling; Shikra; Variable Wheatear; White-eared Bulbul; White-throated Kingfisher; Wire-tailed Swallow; Yellow-throated Sparrow","n_species":41,"focal_species_seen":"Blue-cheeked Bee-eater; Common Cuckoo; European Roller","focal_species_slugs":"blue-cheeked-bee-eater;common-cuckoo;european-roller","has_focal":true},"geometry":{"type":"Point","coordinates":[70.6739289,23.7942975]}},{"type":"Feature","properties":{"GROUP.ID":"G15597685","LOCALITY":"T22G1_Kanmer","LATITUDE":23.4105006,"LONGITUDE":70.8574005,"OBSERVATION.DATE":"2025-09-21","OBSERVER.ID":"obsr4399854","DURATION.MINUTES":73.0,"SAMPLING.EVENT.IDENTIFIER":"S275010520","species_list":"Ashy-crowned Sparrow-Lark; Asian Green Bee-eater; Bank Myna; Baya Weaver; Common Babbler; Common Hoopoe; Common Tailorbird; Eurasian Collared-Dove; Eurasian Wryneck; European Roller; Glossy Ibis; Gray Francolin; Greater Coucal; Greater Flamingo; Indian Peafowl; Indian Pond-Heron; Indian Robin; Indian Silverbill; Indian Spot-billed Duck; Knob-billed Duck; Lesser Whistling-Duck; Lesser Whitethroat; Little Cormorant; Little Egret; Little Grebe; Oriental Darter; Paddyfield Pipit; Painted Sandgrouse; Pied Cuckoo; Plain Prinia; Purple Sunbird; Red-vented Bulbul; Red-wattled Lapwing; River Tern; Streak-throated Swallow; White-eared Bulbul","n_species":36,"focal_species_seen":"European Roller","focal_species_slugs":"european-roller","has_focal":true},"geometry":{"type":"Point","coordinates":[70.8574005,23.4105006]}},{"type":"Feature","properties":{"GROUP.ID":"G15597321","LOCALITY":"T10G3","LATITUDE":22.9625584,"LONGITUDE":69.9119657,"OBSERVATION.DATE":"2025-09-21","OBSERVER.ID":"obsr4399854","DURATION.MINUTES":67.0,"SAMPLING.EVENT.IDENTIFIER":"S275010537","species_list":"Asian Green Bee-eater; Barn Swallow; Bay-backed Shrike; Baya Weaver; Black-winged Stilt; Blue-cheeked Bee-eater; Brahminy Starling; Common Babbler; Common Kingfisher; Common Tailorbird; Eastern Cattle-Egret; Eastern Red-rumped Swallow; Eurasian Collared-Dove; Eurasian Coot; Eurasian Moorhen; European Roller; Gray-headed Swamphen; Gray Francolin; Gray Heron; Green Sandpiper; Gull-billed Tern; House Sparrow; Indian Robin; Indian Roller; Indian Silverbill; Indian Spot-billed Duck; Jungle Prinia; Knob-billed Duck; Laughing Dove; Lesser Whistling-Duck; Little Cormorant; Little Egret; Little Grebe; Little Tern; Oriental Darter; Plain Prinia; Purple Heron; Purple Sunbird; Red-backed Shrike; Red-tailed Shrike; River Tern; Scaly-breasted Munia; Spotted Flycatcher; Streak-throated Swallow; Western Marsh Harrier; Western Reef-Heron; Western Yellow Wagtail; Whiskered Tern; White-eared Bulbul; White-throated Kingfisher; Wire-tailed Swallow; Zitting Cisticola","n_species":52,"focal_species_seen":"Blue-cheeked Bee-eater; European Roller; Red-backed Shrike; Red-tailed Shrike; Spotted Flycatcher","focal_species_slugs":"blue-cheeked-bee-eater;european-roller;red-backed-shrike;red-tailed-shrike;spotted-flycatcher","has_focal":true},"geometry":{"type":"Point","coordinates":[69.9119657,22.9625584]}},{"type":"Feature","properties":{"GROUP.ID":"G15597665","LOCALITY":"T6G5","LATITUDE":22.9993348,"LONGITUDE":69.4108047,"OBSERVATION.DATE":"2025-09-20","OBSERVER.ID":"obsr4399854","DURATION.MINUTES":78.0,"SAMPLING.EVENT.IDENTIFIER":"S275010562","species_list":"Asian Green Bee-eater; Baya Weaver; Black Drongo; Brahminy Starling; Common Babbler; Common Tailorbird; Eastern Cattle-Egret; Eurasian Collared-Dove; Gray Francolin; Great Egret; Greater Whitethroat; House Sparrow; Indian Golden Oriole; Indian Peafowl; Indian Robin; Indian Silverbill; Jungle Prinia; Laughing Dove; Lesser Whitethroat; Little Egret; Long-billed Pipit; Paddyfield Pipit; Purple Sunbird; Red-vented Bulbul; Red-wattled Lapwing; Red Collared-Dove; Rosy Starling; Small Minivet; Spotted Flycatcher; White-eyed Buzzard; White-tailed Iora","n_species":31,"focal_species_seen":"Greater Whitethroat; Spotted Flycatcher","focal_species_slugs":"greater-whitethroat;spotted-flycatcher","has_focal":true},"geometry":{"type":"Point","coordinates":[69.4108047,22.9993348]}},{"type":"Feature","properties":{"GROUP.ID":"G15597287","LOCALITY":"T6G3","LATITUDE":22.9075444,"LONGITUDE":69.3860027,"OBSERVATION.DATE":"2025-09-21","OBSERVER.ID":"obsr4399854","DURATION.MINUTES":66.0,"SAMPLING.EVENT.IDENTIFIER":"S275010597","species_list":"Asian Green Bee-eater; Asian Koel; Black Drongo; Blyth's Reed Warbler; Common Babbler; Common Hoopoe; Common Tailorbird; Common Woodshrike; Eurasian Spoonbill; Greater Coucal; House Crow; House Sparrow; Indian Golden Oriole; Indian Robin; Laughing Dove; Lesser Whitethroat; Pied Cuckoo; Plain Prinia; Purple Sunbird; Red-naped Ibis; Red-vented Bulbul; Red-wattled Lapwing; Rosy Starling; Rufous-fronted Prinia; White-eared Bulbul; White-tailed Iora; White-throated Kingfisher; Wire-tailed Swallow","n_species":28,"focal_species_seen":"","focal_species_slugs":"","has_focal":false},"geometry":{"type":"Point","coordinates":[69.3860027,22.9075444]}},{"type":"Feature","properties":{"GROUP.ID":"G15598341","LOCALITY":"T 27 G 1 Misariyado, Gujarat, IN (23.644, 69.786)","LATITUDE":23.6441159,"LONGITUDE":69.7855768,"OBSERVATION.DATE":"2025-09-21","OBSERVER.ID":"obsr4399854","DURATION.MINUTES":42.0,"SAMPLING.EVENT.IDENTIFIER":"S275010645","species_list":"Ashy-crowned Sparrow-Lark; Asian Green Bee-eater; Barred Buttonquail; Black-winged Stilt; Caspian Tern; Common Babbler; Common Hoopoe; Common Tailorbird; European Roller; House Crow; Laughing Dove; Lesser Whitethroat; Montagu's Harrier; Red-wattled Lapwing; Rufous-fronted Prinia; Tawny Pipit; Variable Wheatear; Western Marsh Harrier; White-eared Bulbul; Zitting Cisticola","n_species":20,"focal_species_seen":"European Roller","focal_species_slugs":"european-roller","has_focal":true},"geometry":{"type":"Point","coordinates":[69.7855768,23.6441159]}},{"type":"Feature","properties":{"GROUP.ID":"G15598276","LOCALITY":"T2G1 - Unnamed Road, Vavdi, Gujarat, IN (23.191, 69.842)","LATITUDE":23.1911839,"LONGITUDE":69.8422137,"OBSERVATION.DATE":"2025-09-21","OBSERVER.ID":"obsr4399854","DURATION.MINUTES":58.0,"SAMPLING.EVENT.IDENTIFIER":"S275010680","species_list":"Asian Green Bee-eater; Asian Koel; Black Drongo; Common Babbler; Common Hoopoe; Common Tailorbird; Common Woodshrike; Eastern Cattle-Egret; European Roller; Gray-breasted Prinia; Gray Francolin; Greater Coucal; Indian Peafowl; Indian Robin; Indian Silverbill; Laughing Dove; Little Egret; Long-tailed Shrike; Purple Sunbird; Red-vented Bulbul; Red-wattled Lapwing; Rose-ringed Parakeet; Shikra; Small Minivet; Spotted Flycatcher; White-eared Bulbul; White-throated Kingfisher","n_species":27,"focal_species_seen":"European Roller; Spotted Flycatcher","focal_species_slugs":"european-roller;spotted-flycatcher","has_focal":true},"geometry":{"type":"Point","coordinates":[69.8422137,23.1911839]}},{"type":"Feature","properties":{"GROUP.ID":"G15597268","LOCALITY":"T11G5","LATITUDE":23.2549595,"LONGITUDE":70.1939616,"OBSERVATION.DATE":"2025-09-21","OBSERVER.ID":"obsr4399854","DURATION.MINUTES":60.0,"SAMPLING.EVENT.IDENTIFIER":"S275010782","species_list":"Ashy-crowned Sparrow-Lark; Barred Buttonquail; Bay-backed Shrike; Common Babbler; Common Sandpiper; Eastern Cattle-Egret; European Roller; Gray Francolin; Indian Bushlark; Indian Pond-Heron; Indian Silverbill; Laughing Dove; Paddyfield Pipit; Plain Prinia; Purple Heron; Purple Sunbird; Siberian Stonechat; Tawny Pipit; Variable Wheatear; White-throated Kingfisher","n_species":20,"focal_species_seen":"European Roller","focal_species_slugs":"european-roller","has_focal":true},"geometry":{"type":"Point","coordinates":[70.1939616,23.2549595]}},{"type":"Feature","properties":{"GROUP.ID":"G15598071","LOCALITY":"T37G1","LATITUDE":23.0212334,"LONGITUDE":68.881404,"OBSERVATION.DATE":"2025-09-21","OBSERVER.ID":"obsr4399854","DURATION.MINUTES":48.0,"SAMPLING.EVENT.IDENTIFIER":"S275010895","species_list":"Baya Weaver; Black-headed Ibis; Black Drongo; Citrine Wagtail; Common Babbler; Common Hoopoe; Common Redshank; Common Sandpiper; Crested Lark; Delicate Prinia; Desert Wheatear; Eurasian Collared-Dove; Eurasian Curlew; Gray Francolin; Gray Heron; Great Egret; Great Gray Shrike; Great Thick-knee; Greater Flamingo; Greater Short-toed Lark; Greater Whitethroat; Gull-billed Tern; Indian Spot-billed Duck; Isabelline Shrike; Isabelline Wheatear; Kentish Plover; Laughing Dove; Lesser Black-backed Gull; Lesser Whitethroat; Little Swift; Paddyfield Pipit; Pied Kingfisher; Rain Quail; Red-wattled Lapwing; River Tern; Rosy Starling; Rufous-fronted Prinia; Sand Lark; Spotted Flycatcher; Tawny Pipit; Tibetan Sand-Plover; Tree Pipit; Western Reef-Heron; Western Yellow Wagtail","n_species":44,"focal_species_seen":"Greater Whitethroat; Spotted Flycatcher","focal_species_slugs":"greater-whitethroat;spotted-flycatcher","has_focal":true},"geometry":{"type":"Point","coordinates":[68.881404,23.0212334]}},{"type":"Feature","properties":{"GROUP.ID":"G15606194","LOCALITY":"T25G5_PMC2025_Bhachau","LATITUDE":23.257641,"LONGITUDE":70.4732247,"OBSERVATION.DATE":"2025-09-21","OBSERVER.ID":"obsr4399854","DURATION.MINUTES":58.0,"SAMPLING.EVENT.IDENTIFIER":"S275010968","species_list":"Ashy-crowned Sparrow-Lark; Asian Koel; Booted Eagle; Common Babbler; Common Cuckoo; Common Tailorbird; Eurasian Collared-Dove; European Roller; Glossy Ibis; Gray-breasted Prinia; Gray Francolin; Greater Coucal; Green Warbler; Indian Cormorant; Indian Peafowl; Indian Robin; Indian Silverbill; Indian Spot-billed Duck; Jungle Prinia; Laughing Dove; Little Egret; Little Ringed Plover; Montagu's Harrier; Oriental Honey-buzzard; Paddyfield Pipit; Plain Prinia; Purple Sunbird; Red-vented Bulbul; Red-wattled Lapwing; Rock Bush-Quail; Rosy Starling; Siberian Stonechat; Spotted Flycatcher; Tawny Pipit; Variable Wheatear; Western Yellow Wagtail; Yellow-wattled Lapwing","n_species":37,"focal_species_seen":"Common Cuckoo; European Roller; Spotted Flycatcher","focal_species_slugs":"common-cuckoo;european-roller;spotted-flycatcher","has_focal":true},"geometry":{"type":"Point","coordinates":[70.4732247,23.257641]}},{"type":"Feature","properties":{"GROUP.ID":"G15598211","LOCALITY":"T13G1 Natharkui Vatachhad Road","LATITUDE":23.321731,"LONGITUDE":69.470243,"OBSERVATION.DATE":"2025-09-21","OBSERVER.ID":"obsr4399854","DURATION.MINUTES":64.0,"SAMPLING.EVENT.IDENTIFIER":"S275011002","species_list":"Asian Green Bee-eater; Barred Buttonquail; Black-crowned Night Heron; Black Redstart; Brahminy Starling; Common Babbler; Common Hoopoe; Common Tailorbird; Eastern Cattle-Egret; Eastern Red-rumped Swallow; Eurasian Collared-Dove; European Roller; Gray-breasted Prinia; Gray Francolin; Greater Coucal; Greater Whitethroat; Indian Robin; Jungle Prinia; Laughing Dove; Lesser Whistling-Duck; Lesser Whitethroat; Plain Prinia; Purple Sunbird; Red-vented Bulbul; River Tern; Rosy Starling; Siberian Stonechat; Spotted Flycatcher; Sykes's Warbler; Tawny Pipit; Tree Pipit; White-eared Bulbul; White-tailed Iora; White-throated Kingfisher; Yellow-eyed Babbler; Yellow-throated Sparrow","n_species":36,"focal_species_seen":"European Roller; Greater Whitethroat; Spotted Flycatcher","focal_species_slugs":"european-roller;greater-whitethroat;spotted-flycatcher","has_focal":true},"geometry":{"type":"Point","coordinates":[69.470243,23.321731]}},{"type":"Feature","properties":{"GROUP.ID":"G15605804","LOCALITY":"T5 G5 Mathda","LATITUDE":23.0381939,"LONGITUDE":69.8737491,"OBSERVATION.DATE":"2025-09-20","OBSERVER.ID":"obsr4399854","DURATION.MINUTES":null,"SAMPLING.EVENT.IDENTIFIER":"S275011082","species_list":"White-eared Bulbul","n_species":1,"focal_species_seen":"","focal_species_slugs":"","has_focal":false},"geometry":{"type":"Point","coordinates":[69.8737491,23.0381939]}},{"type":"Feature","properties":{"GROUP.ID":"G15596453","LOCALITY":"T5 G1 Chhasara","LATITUDE":22.9739513,"LONGITUDE":69.8200781,"OBSERVATION.DATE":"2025-09-20","OBSERVER.ID":"obsr4399854","DURATION.MINUTES":30.0,"SAMPLING.EVENT.IDENTIFIER":"S275011102","species_list":"Ashy-crowned Sparrow-Lark; Common Babbler; Common Tailorbird; Gray Francolin; House Sparrow; Laughing Dove; Lesser Whistling-Duck; Lesser Whitethroat; Red-vented Bulbul; River Tern; Siberian Stonechat; Sirkeer Malkoha; Western Marsh Harrier; Yellow-crowned Woodpecker","n_species":14,"focal_species_seen":"","focal_species_slugs":"","has_focal":false},"geometry":{"type":"Point","coordinates":[69.8200781,22.9739513]}},{"type":"Feature","properties":{"GROUP.ID":"G15600980","LOCALITY":"T32G4","LATITUDE":23.7667096,"LONGITUDE":69.3559075,"OBSERVATION.DATE":"2025-09-20","OBSERVER.ID":"obsr4399854","DURATION.MINUTES":14.0,"SAMPLING.EVENT.IDENTIFIER":"S275011142","species_list":"Ashy-crowned Sparrow-Lark; Asian Green Bee-eater; Bank Swallow; Barn Swallow; Bay-backed Shrike; Black-headed Ibis; Black-tailed Godwit; Black-winged Stilt; Black Drongo; Blue-cheeked Bee-eater; Caspian Tern; Collared Pratincole; Common Babbler; Common Greenshank; Common Hoopoe; Common Redshank; Common Sandpiper; Common Tailorbird; Crested Lark; Delicate Prinia; Dusky Crag-Martin; Eastern Cattle-Egret; Eurasian Collared-Dove; Eurasian Spoonbill; European Roller; Garganey; Glossy Ibis; Gray-breasted Prinia; Gray Francolin; Gray Heron; Great Egret; Greater Flamingo; Green Sandpiper; House Crow; House Sparrow; Indian Pond-Heron; Indian Spot-billed Duck; Isabelline Shrike; Kentish Plover; Laughing Dove; Lesser Whistling-Duck; Lesser Whitethroat; Little Cormorant; Little Egret; Little Grebe; Little Ringed Plover; Little Stint; Long-tailed Shrike; Marsh Sandpiper; Medium Egret; Montagu's Harrier; Northern Shoveler; Paddyfield Pipit; Painted Stork; Pallid Harrier; Pied Avocet; Pied Cuckoo; Plain Prinia; Purple Sunbird; Red-backed Shrike; Red-tailed Shrike; Red-vented Bulbul; Red-wattled Lapwing; Red Collared-Dove; River Tern; Rosy Starling; Ruff; Rufous-tailed Lark; Sandwich Tern; Siberian Stonechat; Temminck's Stint; Tibetan Sand-Plover; Variable Wheatear; Western Marsh Harrier; Western Reef-Heron; Whiskered Tern; White-eared Bulbul; White-throated Kingfisher; Wire-tailed Swallow","n_species":79,"focal_species_seen":"Blue-cheeked Bee-eater; European Roller; Red-backed Shrike; Red-tailed Shrike","focal_species_slugs":"blue-cheeked-bee-eater;european-roller;red-backed-shrike;red-tailed-shrike","has_focal":true},"geometry":{"type":"Point","coordinates":[69.3559075,23.7667096]}},{"type":"Feature","properties":{"GROUP.ID":"G15593692","LOCALITY":"T8G2, Jawaharnagar Check dam, Gujarat, IN (23.368, 69.998)","LATITUDE":23.3676167,"LONGITUDE":69.9978467,"OBSERVATION.DATE":"2025-09-20","OBSERVER.ID":"obsr4399854","DURATION.MINUTES":95.0,"SAMPLING.EVENT.IDENTIFIER":"S275011227","species_list":"Barn Swallow; Bay-backed Shrike; Baya Weaver; Common Babbler; Eastern Cattle-Egret; Eurasian Collared-Dove; Gray-breasted Prinia; Great Cormorant; Greater Coucal; Gull-billed Tern; House Sparrow; Indian Peafowl; Indian Robin; Indian Silverbill; Indian Spot-billed Duck; Jungle Prinia; Laughing Dove; Little Egret; Pied Cuckoo; Plain Prinia; Red-wattled Lapwing; River Tern; White-eared Bulbul; White-tailed Iora; Wood Sandpiper","n_species":25,"focal_species_seen":"","focal_species_slugs":"","has_focal":false},"geometry":{"type":"Point","coordinates":[69.9978467,23.3676167]}},{"type":"Feature","properties":{"GROUP.ID":"G15592815","LOCALITY":"T34G4, Near Piyoni Mahadev, Kachchh IN-Gujarat 23.29288, 69.18522","LATITUDE":23.292882,"LONGITUDE":69.185216,"OBSERVATION.DATE":"2025-09-20","OBSERVER.ID":"obsr4399854","DURATION.MINUTES":69.0,"SAMPLING.EVENT.IDENTIFIER":"S275011463","species_list":"Asian Green Bee-eater; Bay-backed Shrike; Baya Weaver; Black Drongo; Black Francolin; Brahminy Starling; Common Babbler; Common Tailorbird; Eastern Cattle-Egret; Eastern Red-rumped Swallow; Eurasian Collared-Dove; European Roller; Gray-breasted Prinia; Gray Francolin; Greater Coucal; Indian Peafowl; Indian Pond-Heron; Indian Robin; Indian Silverbill; Laughing Dove; Pied Cuckoo; Plain Prinia; Purple Sunbird; Red-naped Ibis; Red-vented Bulbul; Red-wattled Lapwing; Red Collared-Dove; Rosy Starling; Siberian Stonechat; Small Minivet; Spotted Flycatcher; Streak-throated Swallow; Western Marsh Harrier; White-tailed Iora; Yellow-crowned Woodpecker","n_species":35,"focal_species_seen":"European Roller; Spotted Flycatcher","focal_species_slugs":"european-roller;spotted-flycatcher","has_focal":true},"geometry":{"type":"Point","coordinates":[69.185216,23.292882]}},{"type":"Feature","properties":{"GROUP.ID":"G15593343","LOCALITY":"T8G3 to lakhara Midway, Berdo, Gujarat, IN (23.437, 69.911)","LATITUDE":23.4368854,"LONGITUDE":69.9109477,"OBSERVATION.DATE":"2025-09-20","OBSERVER.ID":"obsr4399854","DURATION.MINUTES":163.0,"SAMPLING.EVENT.IDENTIFIER":"S275011577","species_list":"Asian Green Bee-eater; Barn Swallow; Baya Weaver; Common Babbler; Common Hoopoe; Eastern Cattle-Egret; Eurasian Collared-Dove; Eurasian Spoonbill; European Roller; Greater Coucal; House Crow; Indian Silverbill; Laughing Dove; Little Cormorant; Montagu's Harrier; Purple Sunbird; Red-tailed Shrike; Red-wattled Lapwing; Rose-ringed Parakeet; Shikra; Variable Wheatear; Western Marsh Harrier; White-eared Bulbul","n_species":23,"focal_species_seen":"European Roller; Red-tailed Shrike","focal_species_slugs":"european-roller;red-tailed-shrike","has_focal":true},"geometry":{"type":"Point","coordinates":[69.9109477,23.4368854]}},{"type":"Feature","properties":{"GROUP.ID":"G15592921","LOCALITY":"T9G3, Mandvi - Layja Road, Kachchh, Gujarat, IN (22.866, 69.281)","LATITUDE":22.86576,"LONGITUDE":69.2809442,"OBSERVATION.DATE":"2025-09-20","OBSERVER.ID":"obsr4399854","DURATION.MINUTES":32.0,"SAMPLING.EVENT.IDENTIFIER":"S275011626","species_list":"Asian Koel; Bay-backed Shrike; Baya Weaver; Black Drongo; Brahminy Starling; Common Myna; Common Tailorbird; Eastern Cattle-Egret; Eurasian Collared-Dove; House Sparrow; Indian Pond-Heron; Laughing Dove; Little Cormorant; Little Swift; Long-tailed Shrike; Purple Sunbird; Red-naped Ibis; Red-vented Bulbul; Red-wattled Lapwing; Rosy Starling","n_species":20,"focal_species_seen":"","focal_species_slugs":"","has_focal":false},"geometry":{"type":"Point","coordinates":[69.2809442,22.86576]}},{"type":"Feature","properties":{"GROUP.ID":"G15592876","LOCALITY":"T-20 G-1    Rapar Frh (23.539, 70.815)","LATITUDE":23.5391947,"LONGITUDE":70.8150734,"OBSERVATION.DATE":"2025-09-20","OBSERVER.ID":"obsr4399854","DURATION.MINUTES":85.0,"SAMPLING.EVENT.IDENTIFIER":"S275011678","species_list":"Ashy-crowned Sparrow-Lark; Bay-backed Shrike; Baya Weaver; Blyth's Reed Warbler; Brahminy Starling; Common Babbler; Common Hoopoe; Eastern Cattle-Egret; Eurasian Collared-Dove; European Roller; Gray-breasted Prinia; Gray Francolin; Greater Coucal; House Sparrow; Indian Peafowl; Indian Robin; Indian Silverbill; Indian Thick-knee; Laughing Dove; Lesser Whitethroat; Long-tailed Shrike; Paddyfield Pipit; Purple Sunbird; Red-vented Bulbul; Red-wattled Lapwing; Rufous-fronted Prinia; Siberian Stonechat; Spotted Flycatcher; Variable Wheatear; White-breasted Waterhen; White-eared Bulbul; Zitting Cisticola","n_species":32,"focal_species_seen":"European Roller; Spotted Flycatcher","focal_species_slugs":"european-roller;spotted-flycatcher","has_focal":true},"geometry":{"type":"Point","coordinates":[70.8150734,23.5391947]}},{"type":"Feature","properties":{"GROUP.ID":"G15592882","LOCALITY":"T-20 G-2 Rapar Frh (23.508, 70.89)","LATITUDE":23.5080809,"LONGITUDE":70.8896039,"OBSERVATION.DATE":"2025-09-20","OBSERVER.ID":"obsr4399854","DURATION.MINUTES":48.0,"SAMPLING.EVENT.IDENTIFIER":"S275011727","species_list":"Ashy-crowned Sparrow-Lark; Baya Weaver; Black-winged Kite; Black Kite; Chestnut-bellied Sandgrouse; Common Babbler; Delicate Prinia; Eurasian Collared-Dove; European Roller; Gray Francolin; Green Sandpiper; Indian Peafowl; Indian Silverbill; Laughing Dove; Paddyfield Pipit; Purple Sunbird; Red-vented Bulbul; Red-wattled Lapwing; Rufous-fronted Prinia; Siberian Stonechat; Tawny Pipit; Variable Wheatear; Whiskered Tern; White-eared Bulbul","n_species":24,"focal_species_seen":"European Roller","focal_species_slugs":"european-roller","has_focal":true},"geometry":{"type":"Point","coordinates":[70.8896039,23.5080809]}},{"type":"Feature","properties":{"GROUP.ID":"G15592887","LOCALITY":"T-20 G-4 Rafar Frh (23.549, 70.926)","LATITUDE":23.549344,"LONGITUDE":70.9263438,"OBSERVATION.DATE":"2025-09-20","OBSERVER.ID":"obsr4399854","DURATION.MINUTES":69.0,"SAMPLING.EVENT.IDENTIFIER":"S275011745","species_list":"Asian Green Bee-eater; Bay-backed Shrike; Baya Weaver; Black-winged Kite; Blue-cheeked Bee-eater; Blyth's Reed Warbler; Chestnut-bellied Sandgrouse; Common Babbler; Eastern Cattle-Egret; Eastern Orphean Warbler; Eurasian Collared-Dove; European Roller; Gray Francolin; Greater Whitethroat; Indian Bushlark; Indian Cormorant; Indian Peafowl; Indian Robin; Indian Spot-billed Duck; Jungle Prinia; Laughing Dove; Little Swift; Montagu's Harrier; Plain Prinia; Purple Sunbird; Red-backed Shrike; Red-tailed Shrike; Red-vented Bulbul; Red-wattled Lapwing; Rufous-fronted Prinia; Streak-throated Swallow; Tawny Pipit; Western Yellow Wagtail; White-eared Bulbul; White-tailed Iora; Yellow-wattled Lapwing; Zitting Cisticola","n_species":37,"focal_species_seen":"Blue-cheeked Bee-eater; European Roller; Greater Whitethroat; Red-backed Shrike; Red-tailed Shrike","focal_species_slugs":"blue-cheeked-bee-eater;european-roller;greater-whitethroat;red-backed-shrike;red-tailed-shrike","has_focal":true},"geometry":{"type":"Point","coordinates":[70.9263438,23.549344]}},{"type":"Feature","properties":{"GROUP.ID":"G15592923","LOCALITY":"T9G2, Bhimnath Mahadev Tempel Road, Kachchh, Gujarat, IN (22.898, 69.148)","LATITUDE":22.8976718,"LONGITUDE":69.1481796,"OBSERVATION.DATE":"2025-09-20","OBSERVER.ID":"obsr4399854","DURATION.MINUTES":61.0,"SAMPLING.EVENT.IDENTIFIER":"S275011834","species_list":"Asian Green Bee-eater; Asian Koel; Common Tailorbird; European Roller; House Crow; House Sparrow; Laughing Dove; Little Cormorant; Little Egret; Pied Kingfisher; Red-vented Bulbul; Red-wattled Lapwing; River Tern; White-throated Kingfisher","n_species":14,"focal_species_seen":"European Roller","focal_species_slugs":"european-roller","has_focal":true},"geometry":{"type":"Point","coordinates":[69.1481796,22.8976718]}},{"type":"Feature","properties":{"GROUP.ID":"G15592924","LOCALITY":"T9G5, Layja Mota, Gujarat, IN (22.961, 69.138)","LATITUDE":22.9613354,"LONGITUDE":69.1382899,"OBSERVATION.DATE":"2025-09-20","OBSERVER.ID":"obsr4399854","DURATION.MINUTES":43.0,"SAMPLING.EVENT.IDENTIFIER":"S275011871","species_list":"Baya Weaver; Black Drongo; Common Kingfisher; Isabelline Shrike; Plain Prinia; Rosy Starling; Siberian Stonechat; Variable Wheatear; White-throated Kingfisher","n_species":9,"focal_species_seen":"","focal_species_slugs":"","has_focal":false},"geometry":{"type":"Point","coordinates":[69.1382899,22.9613354]}},{"type":"Feature","properties":{"GROUP.ID":"G15592816","LOCALITY":"T34G1, Nakhatrana, Kachchh IN-Gujarat 23.33324, 69.24087","LATITUDE":23.33324,"LONGITUDE":69.240871,"OBSERVATION.DATE":"2025-09-20","OBSERVER.ID":"obsr4399854","DURATION.MINUTES":49.0,"SAMPLING.EVENT.IDENTIFIER":"S275011992","species_list":"Asian Green Bee-eater; Barred Buttonquail; Baya Weaver; Black Drongo; Brahminy Starling; Common Babbler; Common Tailorbird; Common Woodshrike; Eastern Red-rumped Swallow; European Roller; Gray-breasted Prinia; Gray Francolin; Indian Peafowl; Indian Robin; Jungle Prinia; Laughing Dove; Oriental Honey-buzzard; Plain Prinia; Purple Sunbird; Red-vented Bulbul; Spotted Flycatcher; White-tailed Iora; White-throated Kingfisher","n_species":23,"focal_species_seen":"European Roller; Spotted Flycatcher","focal_species_slugs":"european-roller;spotted-flycatcher","has_focal":true},"geometry":{"type":"Point","coordinates":[69.240871,23.33324]}},{"type":"Feature","properties":{"GROUP.ID":"G15592925","LOCALITY":"T9G4, Bayat Road, Padampur, Gujara,  IN (22.959, 69.176)","LATITUDE":22.9592139,"LONGITUDE":69.1757507,"OBSERVATION.DATE":"2025-09-20","OBSERVER.ID":"obsr4399854","DURATION.MINUTES":49.0,"SAMPLING.EVENT.IDENTIFIER":"S275031426","species_list":"Asian Green Bee-eater; Asian Koel; Bank Myna; Baya Weaver; Black Drongo; Common Babbler; Common Sandpiper; Common Woodshrike; Eastern Cattle-Egret; European Roller; Gray-breasted Prinia; Gray Wagtail; Greater Coucal; Green Sandpiper; House Sparrow; Indian Golden Oriole; Indian Pond-Heron; Indian Robin; Little Cormorant; Little Egret; Oriental Darter; Pied Kingfisher; Plain Prinia; Purple Sunbird; Red-vented Bulbul; Red-wattled Lapwing; Rose-ringed Parakeet; Spotted Flycatcher; Streak-throated Swallow; White-throated Kingfisher","n_species":30,"focal_species_seen":"European Roller; Spotted Flycatcher","focal_species_slugs":"european-roller;spotted-flycatcher","has_focal":true},"geometry":{"type":"Point","coordinates":[69.1757507,22.9592139]}},{"type":"Feature","properties":{"GROUP.ID":"G15598074","LOCALITY":"T37G4","LATITUDE":23.1644689,"LONGITUDE":68.9098923,"OBSERVATION.DATE":"2025-09-20","OBSERVER.ID":"obsr4399854","DURATION.MINUTES":72.0,"SAMPLING.EVENT.IDENTIFIER":"S275031502","species_list":"Ashy-crowned Sparrow-Lark; Asian Green Bee-eater; Baya Weaver; Black-winged Kite; Black Drongo; Blyth's Reed Warbler; Common Babbler; Common Cuckoo; Common Hoopoe; Common Sandpiper; Common Tailorbird; Eastern Cattle-Egret; Eastern Red-rumped Swallow; Eurasian Collared-Dove; Eurasian Coot; Eurasian Moorhen; European Roller; Gray-breasted Prinia; Greater Coucal; Greater Whitethroat; Green Sandpiper; Green Warbler; Indian Pond-Heron; Indian Robin; Indian Silverbill; Laughing Dove; Lesser Whistling-Duck; Lesser Whitethroat; Little Cormorant; Little Egret; Little Grebe; Long-tailed Shrike; Montagu's Harrier; Northern Shoveler; Paddyfield Pipit; Painted Stork; Pied Cuckoo; Pied Kingfisher; Plain Prinia; Purple Sunbird; Red-naped Ibis; Red-vented Bulbul; Red-wattled Lapwing; Red Collared-Dove; River Tern; Rosy Starling; Siberian Stonechat; Spotted Flycatcher; Tawny Pipit; Western Marsh Harrier; Whiskered Tern; White-eared Bulbul; White-tailed Iora; Wire-tailed Swallow; Zitting Cisticola","n_species":55,"focal_species_seen":"Common Cuckoo; European Roller; Greater Whitethroat; Spotted Flycatcher","focal_species_slugs":"common-cuckoo;european-roller;greater-whitethroat;spotted-flycatcher","has_focal":true},"geometry":{"type":"Point","coordinates":[68.9098923,23.1644689]}},{"type":"Feature","properties":{"GROUP.ID":"G15598076","LOCALITY":"T37G2","LATITUDE":23.0836763,"LONGITUDE":68.8083801,"OBSERVATION.DATE":"2025-09-20","OBSERVER.ID":"obsr4399854","DURATION.MINUTES":60.0,"SAMPLING.EVENT.IDENTIFIER":"S275031590","species_list":"Ashy-crowned Sparrow-Lark; Asian Green Bee-eater; Bay-backed Shrike; Black-winged Kite; Black Drongo; Blyth's Reed Warbler; Chestnut-bellied Sandgrouse; Common Babbler; Common Hoopoe; Common Myna; Common Sandpiper; Common Tailorbird; Eastern Cattle-Egret; European Roller; Gray-breasted Prinia; Gray Francolin; Gray Heron; Great Egret; Greater Coucal; Greater Whitethroat; Green Sandpiper; House Sparrow; Indian Peafowl; Laughing Dove; Little Grebe; Montagu's Harrier; Paddyfield Pipit; Pied Kingfisher; Plain Prinia; Purple Sunbird; Red-vented Bulbul; Red-wattled Lapwing; Red Collared-Dove; River Tern; Rosy Starling; Rufous-fronted Prinia; Small Minivet; Spotted Flycatcher; Streak-throated Swallow; Sykes's Warbler; Western Reef-Heron; Whiskered Tern; White-tailed Iora; Wire-tailed Swallow; Zitting Cisticola","n_species":45,"focal_species_seen":"European Roller; Greater Whitethroat; Spotted Flycatcher","focal_species_slugs":"european-roller;greater-whitethroat;spotted-flycatcher","has_focal":true},"geometry":{"type":"Point","coordinates":[68.8083801,23.0836763]}},{"type":"Feature","properties":{"GROUP.ID":"G15598080","LOCALITY":"T37G3","LATITUDE":23.1286889,"LONGITUDE":68.8724254,"OBSERVATION.DATE":"2025-09-20","OBSERVER.ID":"obsr4399854","DURATION.MINUTES":58.0,"SAMPLING.EVENT.IDENTIFIER":"S275031689","species_list":"Ashy-crowned Sparrow-Lark; Asian Green Bee-eater; Asian Koel; Bank Myna; Baya Weaver; Black-winged Stilt; Black Drongo; Blyth's Reed Warbler; Common Babbler; Common Greenshank; Common Hoopoe; Common Kingfisher; Common Sandpiper; Common Tailorbird; Eastern Cattle-Egret; Eurasian Collared-Dove; Eurasian Spoonbill; European Roller; Gray Francolin; Greater Coucal; Greater Short-toed Lark; Green Sandpiper; Indian Golden Oriole; Indian Peafowl; Indian Silverbill; Indian Spot-billed Duck; Isabelline Shrike; Laughing Dove; Lesser Whistling-Duck; Little Egret; Little Ringed Plover; Little Stint; Long-tailed Shrike; Paddyfield Pipit; Pied Cuckoo; Pied Kingfisher; Plain Prinia; Purple Heron; Purple Sunbird; Red-backed Shrike; Red-vented Bulbul; Red-wattled Lapwing; Red Collared-Dove; Rose-ringed Parakeet; Rosy Starling; Rufous-fronted Prinia; Siberian Stonechat; Spotted Flycatcher; Sykes's Warbler; Temminck's Stint; Tree Pipit; Variable Wheatear; White-throated Kingfisher; Wire-tailed Swallow; Yellow-wattled Lapwing; Zitting Cisticola","n_species":56,"focal_species_seen":"European Roller; Red-backed Shrike; Spotted Flycatcher","focal_species_slugs":"european-roller;red-backed-shrike;spotted-flycatcher","has_focal":true},"geometry":{"type":"Point","coordinates":[68.8724254,23.1286889]}},{"type":"Feature","properties":{"GROUP.ID":"G15592659","LOCALITY":"T36G4-National Highway 41, Kachchh, Gujarat, IN (23.075, 69.02)","LATITUDE":23.0745304,"LONGITUDE":69.020155,"OBSERVATION.DATE":"2025-09-20","OBSERVER.ID":"obsr4399854","DURATION.MINUTES":67.0,"SAMPLING.EVENT.IDENTIFIER":"S275031955","species_list":"Asian Green Bee-eater; Asian Koel; Black-necked Stork; Black-winged Stilt; Black Drongo; Common Babbler; Common Kingfisher; Common Sandpiper; Common Tailorbird; Dusky Crag-Martin; Eastern Cattle-Egret; Greater Coucal; Green Sandpiper; Indian Pond-Heron; Indian Spot-billed Duck; Jungle Prinia; Laughing Dove; Lesser Whistling-Duck; Little Egret; Little Ringed Plover; Medium Egret; Purple Sunbird; Red-naped Ibis; Red-vented Bulbul; Red-wattled Lapwing; River Tern; Siberian Stonechat; Whiskered Tern; Wire-tailed Swallow","n_species":29,"focal_species_seen":"","focal_species_slugs":"","has_focal":false},"geometry":{"type":"Point","coordinates":[69.020155,23.0745304]}},{"type":"Feature","properties":{"GROUP.ID":"G15594779","LOCALITY":"T49 G1 Unnamed Road, IN (23.39, 68.586)","LATITUDE":23.3900995,"LONGITUDE":68.5858604,"OBSERVATION.DATE":"2025-09-20","OBSERVER.ID":"obsr4399854","DURATION.MINUTES":45.0,"SAMPLING.EVENT.IDENTIFIER":"S275032067","species_list":"Asian Green Bee-eater; Barn Swallow; Bay-backed Shrike; Black-necked Stork; Black-tailed Godwit; Black-winged Kite; Black-winged Stilt; Black Drongo; Brown Rock Chat; Common Babbler; Common Sandpiper; Eastern Cattle-Egret; Eastern Red-rumped Swallow; Eurasian Collared-Dove; Eurasian Spoonbill; European Roller; Glossy Ibis; Gray Francolin; Great Egret; Greater Flamingo; Gull-billed Tern; Indian Silverbill; Indian Spot-billed Duck; Laughing Dove; Lesser Whistling-Duck; Little Ringed Plover; Little Stint; Painted Stork; Red-backed Shrike; Ruff; Western Reef-Heron; White-eared Bulbul; White-throated Kingfisher; Yellow-wattled Lapwing","n_species":34,"focal_species_seen":"European Roller; Red-backed Shrike","focal_species_slugs":"european-roller;red-backed-shrike","has_focal":true},"geometry":{"type":"Point","coordinates":[68.5858604,23.3900995]}},{"type":"Feature","properties":{"GROUP.ID":"G15592409","LOCALITY":"Team21Grid4","LATITUDE":23.5805665,"LONGITUDE":70.7067542,"OBSERVATION.DATE":"2025-09-20","OBSERVER.ID":"obsr4399854","DURATION.MINUTES":59.0,"SAMPLING.EVENT.IDENTIFIER":"S275032132","species_list":"Ashy-crowned Sparrow-Lark; Asian Green Bee-eater; Bay-backed Shrike; Baya Weaver; Black-winged Kite; Black-winged Stilt; Brahminy Starling; Brown Rock Chat; Common Babbler; Common Sandpiper; Common Tailorbird; Eurasian Collared-Dove; Eurasian Spoonbill; Gray-breasted Prinia; Greater Coucal; Green Warbler; House Sparrow; Indian Peafowl; Indian Robin; Indian Roller; Indian Silverbill; Laughing Dove; Lesser Whitethroat; Little Egret; Purple Sunbird; Red-backed Shrike; Red-naped Ibis; Red-vented Bulbul; Red-wattled Lapwing; Rufous-fronted Prinia; Rufous-tailed Scrub-Robin; Tawny Pipit; Variable Wheatear; White-eared Bulbul; White-throated Kingfisher; Yellow-eyed Babbler; Yellow-wattled Lapwing","n_species":37,"focal_species_seen":"Red-backed Shrike; Rufous-tailed Scrub-Robin","focal_species_slugs":"red-backed-shrike;rufous-tailed-scrub-robin","has_focal":true},"geometry":{"type":"Point","coordinates":[70.7067542,23.5805665]}},{"type":"Feature","properties":{"GROUP.ID":"G15597338","LOCALITY":"Team2025_39-4 Jasapar, Gujarat, IN (23.231, 68.793)","LATITUDE":23.2306367,"LONGITUDE":68.7926083,"OBSERVATION.DATE":"2025-09-20","OBSERVER.ID":"obsr4399854","DURATION.MINUTES":58.0,"SAMPLING.EVENT.IDENTIFIER":"S275032361","species_list":"Ashy-crowned Sparrow-Lark; Asian Green Bee-eater; Asian Koel; Barn Swallow; Bay-backed Shrike; Black Drongo; Black Francolin; Brahminy Starling; Chestnut-bellied Sandgrouse; Common Babbler; Common Hoopoe; Common Kingfisher; Common Myna; Common Tailorbird; Common Woodshrike; Crested Lark; Desert Wheatear; Dusky Crag-Martin; Eastern Cattle-Egret; Eastern Red-rumped Swallow; Eurasian Collared-Dove; Eurasian Spoonbill; Eurasian Wryneck; European Roller; Gray-breasted Prinia; Gray-necked Bunting; Gray Francolin; Gray Heron; Great Gray Shrike; Greater Coucal; Green Sandpiper; House Crow; House Sparrow; Indian Bushlark; Indian Peafowl; Indian Pond-Heron; Indian Robin; Indian Silverbill; Indian Thick-knee; Isabelline Shrike; Jungle Prinia; Laughing Dove; Lesser Whitethroat; Little Cormorant; Little Egret; Little Swift; Long-tailed Shrike; Medium Egret; Montagu's Harrier; Painted Stork; Pallid Harrier; Pied Cuckoo; Plain Prinia; Purple Sunbird; Rain Quail; Red-backed Shrike; Red-naped Ibis; Red-tailed Shrike; Red-vented Bulbul; Red-wattled Lapwing; Red Collared-Dove; Rose-ringed Parakeet; Rosy Starling; Rufous-fronted Prinia; Short-toed Snake-Eagle; Siberian Stonechat; Spotted Flycatcher; Tawny Pipit; Variable Wheatear; White-eared Bulbul; White-tailed Iora; White-throated Kingfisher; Wire-tailed Swallow; Yellow-crowned Woodpecker; Yellow-wattled Lapwing","n_species":75,"focal_species_seen":"European Roller; Red-backed Shrike; Red-tailed Shrike; Spotted Flycatcher","focal_species_slugs":"european-roller;red-backed-shrike;red-tailed-shrike;spotted-flycatcher","has_focal":true},"geometry":{"type":"Point","coordinates":[68.7926083,23.2306367]}},{"type":"Feature","properties":{"GROUP.ID":"G15591917","LOCALITY":"T7G1","LATITUDE":23.39194,"LONGITUDE":69.779242,"OBSERVATION.DATE":"2025-09-20","OBSERVER.ID":"obsr4399854","DURATION.MINUTES":43.0,"SAMPLING.EVENT.IDENTIFIER":"S275032470","species_list":"Asian Green Bee-eater; Barred Buttonquail; Baya Weaver; Blue-cheeked Bee-eater; Brown Rock Chat; Common Babbler; Common Hoopoe; Common Tailorbird; Eurasian Collared-Dove; Eurasian Wryneck; European Roller; Gray-breasted Prinia; Gray Francolin; Greater Coucal; Greater Whitethroat; House Sparrow; Isabelline Shrike; Jungle Prinia; Laughing Dove; Oriental Honey-buzzard; Plain Prinia; Purple Sunbird; Red-backed Shrike; Red-tailed Shrike; Red-vented Bulbul; Red-wattled Lapwing; Short-toed Snake-Eagle; Siberian Stonechat; Spotted Flycatcher; Tawny Pipit; White-eared Bulbul; White-eyed Buzzard; White-tailed Iora; White-throated Kingfisher; Yellow-throated Sparrow","n_species":35,"focal_species_seen":"Blue-cheeked Bee-eater; European Roller; Greater Whitethroat; Red-backed Shrike; Red-tailed Shrike; Spotted Flycatcher","focal_species_slugs":"blue-cheeked-bee-eater;european-roller;greater-whitethroat;red-backed-shrike;red-tailed-shrike;spotted-flycatcher","has_focal":true},"geometry":{"type":"Point","coordinates":[69.779242,23.39194]}},{"type":"Feature","properties":{"GROUP.ID":"G15591886","LOCALITY":"Team 16_ Grid 4","LATITUDE":23.8773356,"LONGITUDE":70.3433004,"OBSERVATION.DATE":"2025-09-20","OBSERVER.ID":"obsr4399854","DURATION.MINUTES":43.0,"SAMPLING.EVENT.IDENTIFIER":"S275032585","species_list":"Ashy-crowned Sparrow-Lark; Asian Green Bee-eater; Asian Koel; Common Babbler; Common Cuckoo; Common Hoopoe; Eurasian Collared-Dove; Eurasian Wryneck; European Roller; Gray-necked Bunting; Gray Francolin; Indian Golden Oriole; Indian Peafowl; Indian Silverbill; Laughing Dove; Little Cormorant; Little Grebe; Little Heron; Painted Stork; Pied Bushchat; Pied Cuckoo; Plain Prinia; Purple Sunbird; Red-wattled Lapwing; Red Collared-Dove; Siberian Stonechat; Spotted Owlet; Variable Wheatear; White-eared Bulbul","n_species":29,"focal_species_seen":"Common Cuckoo; European Roller","focal_species_slugs":"common-cuckoo;european-roller","has_focal":true},"geometry":{"type":"Point","coordinates":[70.3433004,23.8773356]}},{"type":"Feature","properties":{"GROUP.ID":"G15591850","LOCALITY":"Team 16_Grid 5","LATITUDE":23.9123075,"LONGITUDE":70.2191192,"OBSERVATION.DATE":"2025-09-20","OBSERVER.ID":"obsr4399854","DURATION.MINUTES":47.0,"SAMPLING.EVENT.IDENTIFIER":"S275032614","species_list":"Ashy-crowned Sparrow-Lark; Barred Buttonquail; Bay-backed Shrike; Black-winged Stilt; Blue-cheeked Bee-eater; Common Babbler; Eurasian Collared-Dove; European Roller; Gray-necked Bunting; Gray Francolin; Indian Silverbill; Isabelline Shrike; Laughing Dove; Lesser Whitethroat; Little Grebe; Long-tailed Shrike; Plain Prinia; Red-vented Bulbul; Red-wattled Lapwing; Red Collared-Dove; Rufous-tailed Lark; Rufous-tailed Scrub-Robin; Siberian Stonechat; Variable Wheatear; White-eared Bulbul","n_species":25,"focal_species_seen":"Blue-cheeked Bee-eater; European Roller; Rufous-tailed Scrub-Robin","focal_species_slugs":"blue-cheeked-bee-eater;european-roller;rufous-tailed-scrub-robin","has_focal":true},"geometry":{"type":"Point","coordinates":[70.2191192,23.9123075]}},{"type":"Feature","properties":{"GROUP.ID":"G15591851","LOCALITY":"Team 16_ Grid 3","LATITUDE":23.8349974,"LONGITUDE":70.3743613,"OBSERVATION.DATE":"2025-09-20","OBSERVER.ID":"obsr4399854","DURATION.MINUTES":19.0,"SAMPLING.EVENT.IDENTIFIER":"S275032748","species_list":"Asian Green Bee-eater; Baya Weaver; Common Sandpiper; Eurasian Collared-Dove; Indian Robin; Indian Silverbill; Laughing Dove; Lesser Whitethroat; Little Egret; Long-tailed Shrike; Purple Sunbird; Red-vented Bulbul; Red-wattled Lapwing; Rufous-tailed Scrub-Robin; White-eared Bulbul","n_species":15,"focal_species_seen":"Rufous-tailed Scrub-Robin","focal_species_slugs":"rufous-tailed-scrub-robin","has_focal":true},"geometry":{"type":"Point","coordinates":[70.3743613,23.8349974]}},{"type":"Feature","properties":{"GROUP.ID":"G15591852","LOCALITY":"Team 16_Grid 2","LATITUDE":23.8494946,"LONGITUDE":70.2804062,"OBSERVATION.DATE":"2025-09-20","OBSERVER.ID":"obsr4399854","DURATION.MINUTES":47.0,"SAMPLING.EVENT.IDENTIFIER":"S275032791","species_list":"Ashy-crowned Sparrow-Lark; Asian Green Bee-eater; Asian Koel; Baya Weaver; Black-winged Stilt; Black Drongo; Chestnut-bellied Sandgrouse; Common Babbler; Common Sandpiper; Common Tailorbird; Dusky Crag-Martin; Eastern Orphean Warbler; Eastern Red-rumped Swallow; Eurasian Collared-Dove; Gray-necked Bunting; Gray Francolin; Indian Peafowl; Indian Robin; Indian Silverbill; Indian Spot-billed Duck; Laughing Dove; Lesser Whistling-Duck; Lesser Whitethroat; Long-tailed Shrike; Montagu's Harrier; Paddyfield Pipit; Pied Cuckoo; Plain Prinia; Purple Sunbird; Red-vented Bulbul; Red-wattled Lapwing; Red Collared-Dove; Rosy Starling; Rufous-tailed Lark; Striolated Bunting; Sykes's Warbler; White-eared Bulbul; Yellow-throated Sparrow","n_species":38,"focal_species_seen":"","focal_species_slugs":"","has_focal":false},"geometry":{"type":"Point","coordinates":[70.2804062,23.8494946]}},{"type":"Feature","properties":{"GROUP.ID":"G15591639","LOCALITY":"Team-50 Grid-3","LATITUDE":23.592435,"LONGITUDE":68.582869,"OBSERVATION.DATE":"2025-09-20","OBSERVER.ID":"obsr4399854","DURATION.MINUTES":45.0,"SAMPLING.EVENT.IDENTIFIER":"S275032951","species_list":"Eastern Cattle-Egret; Eurasian Collared-Dove; Glossy Ibis; Gray-necked Bunting; Gray Francolin; Great Thick-knee; Green Sandpiper; Indian Spot-billed Duck; Jungle Prinia; Laughing Dove; Little Grebe; Little Ringed Plover; Montagu's Harrier; Pied Cuckoo; Red-vented Bulbul; Red-wattled Lapwing; Red Collared-Dove; Tawny Pipit; Tree Pipit; Variable Wheatear; White-throated Kingfisher; Wood Sandpiper; Yellow-wattled Lapwing","n_species":23,"focal_species_seen":"","focal_species_slugs":"","has_focal":false},"geometry":{"type":"Point","coordinates":[68.582869,23.592435]}},{"type":"Feature","properties":{"GROUP.ID":"G15591640","LOCALITY":"Team-50 Grid -5","LATITUDE":23.690856,"LONGITUDE":68.59842,"OBSERVATION.DATE":"2025-09-20","OBSERVER.ID":"obsr4399854","DURATION.MINUTES":40.0,"SAMPLING.EVENT.IDENTIFIER":"S275032989","species_list":"Asian Green Bee-eater; Common Babbler; Common Hoopoe; Common Tailorbird; Eurasian Collared-Dove; European Roller; Gray-breasted Prinia; Gray Francolin; Greater Coucal; Indian Peafowl; Indian Robin; Laughing Dove; Long-tailed Shrike; Oriental Honey-buzzard; Purple Sunbird; Red-backed Shrike; Red-vented Bulbul; Red Collared-Dove; White-eared Bulbul; White-tailed Iora","n_species":20,"focal_species_seen":"European Roller; Red-backed Shrike","focal_species_slugs":"european-roller;red-backed-shrike","has_focal":true},"geometry":{"type":"Point","coordinates":[68.59842,23.690856]}},{"type":"Feature","properties":{"GROUP.ID":"G15600370","LOCALITY":"T48G3","LATITUDE":23.368923,"LONGITUDE":68.714768,"OBSERVATION.DATE":"2025-09-20","OBSERVER.ID":"obsr4399854","DURATION.MINUTES":67.0,"SAMPLING.EVENT.IDENTIFIER":"S275033120","species_list":"Ashy-crowned Sparrow-Lark; Asian Green Bee-eater; Bay-backed Shrike; Baya Weaver; Black-winged Stilt; Common Babbler; Common Woodshrike; Crested Lark; Eurasian Collared-Dove; European Roller; Glossy Ibis; Gray-breasted Prinia; Gray Francolin; Gray Heron; Indian Peafowl; Indian Silverbill; Laughing Dove; Little Egret; Marsh Sandpiper; Painted Stork; Pied Cuckoo; Plain Prinia; Purple Sunbird; Red-vented Bulbul; Red-wattled Lapwing; Rose-ringed Parakeet; Rosy Starling; Siberian Stonechat; Spotted Flycatcher; Western Marsh Harrier; Western Yellow Wagtail; Wire-tailed Swallow; Zitting Cisticola","n_species":33,"focal_species_seen":"European Roller; Spotted Flycatcher","focal_species_slugs":"european-roller;spotted-flycatcher","has_focal":true},"geometry":{"type":"Point","coordinates":[68.714768,23.368923]}},{"type":"Feature","properties":{"GROUP.ID":"G15600371","LOCALITY":"T48G1","LATITUDE":23.339384,"LONGITUDE":68.790861,"OBSERVATION.DATE":"2025-09-20","OBSERVER.ID":"obsr4399854","DURATION.MINUTES":63.0,"SAMPLING.EVENT.IDENTIFIER":"S275033145","species_list":"Ashy-crowned Sparrow-Lark; Asian Green Bee-eater; Bay-backed Shrike; Baya Weaver; Black-winged Kite; Black-winged Stilt; Black Drongo; Common Babbler; Common Hoopoe; Common Kingfisher; Delicate Prinia; Eastern Cattle-Egret; Eastern Red-rumped Swallow; Eurasian Collared-Dove; Eurasian Spoonbill; European Roller; Gray-breasted Prinia; Gray-headed Swamphen; Gray Francolin; Gray Heron; Great Gray Shrike; Indian Peafowl; Indian Pond-Heron; Indian Robin; Indian Silverbill; Indian Thick-knee; Laughing Dove; Lesser Whistling-Duck; Little Cormorant; Little Egret; Medium Egret; Oriental Darter; Paddyfield Pipit; Painted Stork; Pied Cuckoo; Plain Prinia; Purple Sunbird; Rain Quail; Red-vented Bulbul; Red-wattled Lapwing; River Tern; Rose-ringed Parakeet; Rosy Starling; Shikra; Siberian Stonechat; Spotted Flycatcher; Western Marsh Harrier; Whiskered Tern; White-eared Bulbul; White-throated Kingfisher; Wire-tailed Swallow; Yellow-wattled Lapwing","n_species":52,"focal_species_seen":"European Roller; Spotted Flycatcher","focal_species_slugs":"european-roller;spotted-flycatcher","has_focal":true},"geometry":{"type":"Point","coordinates":[68.790861,23.339384]}},{"type":"Feature","properties":{"GROUP.ID":"G15591380","LOCALITY":"T7G3","LATITUDE":23.410863,"LONGITUDE":69.841439,"OBSERVATION.DATE":"2025-09-20","OBSERVER.ID":"obsr4399854","DURATION.MINUTES":77.0,"SAMPLING.EVENT.IDENTIFIER":"S275033315","species_list":"Ashy-crowned Sparrow-Lark; Asian Green Bee-eater; Baya Weaver; Blue-cheeked Bee-eater; Blyth's Reed Warbler; Brahminy Starling; Common Babbler; Common Hoopoe; Eastern Cattle-Egret; Eurasian Collared-Dove; Eurasian Nightjar; European Roller; Greater Whitethroat; House Crow; Indian Nightjar; Indian Pond-Heron; Indian Robin; Indian Silverbill; Isabelline Shrike; Little Egret; Little Heron; Montagu's Harrier; Red-tailed Shrike; Red-wattled Lapwing; Rufous-fronted Prinia; Rufous-tailed Scrub-Robin; Spotted Flycatcher; Sykes's Warbler; Tawny Pipit; Variable Wheatear","n_species":30,"focal_species_seen":"Blue-cheeked Bee-eater; European Roller; Greater Whitethroat; Red-tailed Shrike; Rufous-tailed Scrub-Robin; Spotted Flycatcher","focal_species_slugs":"blue-cheeked-bee-eater;european-roller;greater-whitethroat;red-tailed-shrike;rufous-tailed-scrub-robin;spotted-flycatcher","has_focal":true},"geometry":{"type":"Point","coordinates":[69.841439,23.410863]}},{"type":"Feature","properties":{"GROUP.ID":"G15591337","LOCALITY":"T38, G4","LATITUDE":23.3122271,"LONGITUDE":69.0949736,"OBSERVATION.DATE":"2025-09-20","OBSERVER.ID":"obsr4399854","DURATION.MINUTES":66.0,"SAMPLING.EVENT.IDENTIFIER":"S275033386","species_list":"Ashy-crowned Sparrow-Lark; Barred Buttonquail; Baya Weaver; Black-winged Kite; Black-winged Stilt; Black Francolin; Common Sandpiper; European Roller; Glossy Ibis; House Sparrow; Indian Peafowl; Laughing Dove; Little Egret; Little Stint; Montagu's Harrier; Oriental Darter; Purple Sunbird; Red-vented Bulbul; River Tern; Rufous-fronted Prinia; Short-toed Snake-Eagle; Small Minivet; Spotted Flycatcher; Variable Wheatear; White-eared Bulbul","n_species":25,"focal_species_seen":"European Roller; Spotted Flycatcher","focal_species_slugs":"european-roller;spotted-flycatcher","has_focal":true},"geometry":{"type":"Point","coordinates":[69.0949736,23.3122271]}},{"type":"Feature","properties":{"GROUP.ID":"G15591835","LOCALITY":"T10G2","LATITUDE":23.0848499,"LONGITUDE":69.9666825,"OBSERVATION.DATE":"2025-09-20","OBSERVER.ID":"obsr4399854","DURATION.MINUTES":49.0,"SAMPLING.EVENT.IDENTIFIER":"S275033527","species_list":"Eastern Cattle-Egret; European Roller; Purple Sunbird; White-eared Bulbul","n_species":4,"focal_species_seen":"European Roller","focal_species_slugs":"european-roller","has_focal":true},"geometry":{"type":"Point","coordinates":[69.9666825,23.0848499]}},{"type":"Feature","properties":{"GROUP.ID":"G15591439","LOCALITY":"T44G2","LATITUDE":23.758933,"LONGITUDE":68.654277,"OBSERVATION.DATE":"2025-09-20","OBSERVER.ID":"obsr4399854","DURATION.MINUTES":46.0,"SAMPLING.EVENT.IDENTIFIER":"S275033609","species_list":"Asian Green Bee-eater; Black-winged Kite; Black Drongo; Blue-cheeked Bee-eater; Chestnut-bellied Sandgrouse; Common Babbler; Common Hoopoe; European Roller; Glossy Ibis; Gray Francolin; Gray Heron; Greater Coucal; Indian Pond-Heron; Indian Robin; Purple Sunbird; Red-naped Ibis; Red-vented Bulbul; Red-wattled Lapwing; Shikra; Whiskered Tern; White-eared Bulbul; White-throated Kingfisher; Wire-tailed Swallow; Yellow-wattled Lapwing","n_species":24,"focal_species_seen":"Blue-cheeked Bee-eater; European Roller","focal_species_slugs":"blue-cheeked-bee-eater;european-roller","has_focal":true},"geometry":{"type":"Point","coordinates":[68.654277,23.758933]}},{"type":"Feature","properties":{"GROUP.ID":"G15591492","LOCALITY":"T33 G4","LATITUDE":23.1413483,"LONGITUDE":69.2204533,"OBSERVATION.DATE":"2025-09-20","OBSERVER.ID":"obsr4399854","DURATION.MINUTES":73.0,"SAMPLING.EVENT.IDENTIFIER":"S275033697","species_list":"Asian Green Bee-eater; Baya Weaver; Black-crowned Night Heron; Common Babbler; Common Hoopoe; Common Kingfisher; Common Tailorbird; Common Woodshrike; Eastern Cattle-Egret; Eurasian Collared-Dove; Eurasian Wryneck; European Roller; Glossy Ibis; Gray-bellied Cuckoo; Gray-breasted Prinia; Gray Francolin; House Sparrow; Indian Golden Oriole; Indian Nightjar; Indian Silverbill; Laughing Dove; Lesser Whistling-Duck; Lesser Whitethroat; Pied Cuckoo; Red-vented Bulbul; Red-wattled Lapwing; Red Collared-Dove; Spotted Flycatcher; Western Reef-Heron; White-eared Bulbul; White-tailed Iora; White-throated Kingfisher; Wire-tailed Swallow; Yellow-crowned Woodpecker; Yellow-throated Sparrow","n_species":35,"focal_species_seen":"European Roller; Spotted Flycatcher","focal_species_slugs":"european-roller;spotted-flycatcher","has_focal":true},"geometry":{"type":"Point","coordinates":[69.2204533,23.1413483]}},{"type":"Feature","properties":{"GROUP.ID":"G15595370","LOCALITY":"Team 17 Grid 3","LATITUDE":23.867861,"LONGITUDE":70.656302,"OBSERVATION.DATE":"2025-09-20","OBSERVER.ID":"obsr4399854","DURATION.MINUTES":28.0,"SAMPLING.EVENT.IDENTIFIER":"S275033803","species_list":"Ashy-crowned Sparrow-Lark; Asian Green Bee-eater; Asian Koel; Baya Weaver; Booted Eagle; Chestnut-bellied Sandgrouse; Common Tailorbird; Eurasian Collared-Dove; European Roller; Gray-breasted Prinia; Gray Francolin; Great Gray Shrike; Greater Hoopoe-Lark; House Sparrow; Indian Robin; Indian Spot-billed Duck; Laughing Dove; Long-billed Pipit; Plain Prinia; Purple Sunbird; Red-vented Bulbul; Red-wattled Lapwing; Rufous-fronted Prinia; Rufous-tailed Lark; Spotted Flycatcher; White-eared Bulbul","n_species":26,"focal_species_seen":"European Roller; Spotted Flycatcher","focal_species_slugs":"european-roller;spotted-flycatcher","has_focal":true},"geometry":{"type":"Point","coordinates":[70.656302,23.867861]}},{"type":"Feature","properties":{"GROUP.ID":"G15595371","LOCALITY":"Team 17 Grid 4","LATITUDE":23.910278,"LONGITUDE":70.62333,"OBSERVATION.DATE":"2025-09-20","OBSERVER.ID":"obsr4399854","DURATION.MINUTES":28.0,"SAMPLING.EVENT.IDENTIFIER":"S275033828","species_list":"Ashy-crowned Sparrow-Lark; Asian Green Bee-eater; Bay-backed Shrike; Baya Weaver; Black-winged Stilt; Blue-cheeked Bee-eater; Brahminy Starling; Chestnut-bellied Sandgrouse; Common Babbler; Common Sandpiper; Eastern Cattle-Egret; Eurasian Collared-Dove; European Roller; Gray Francolin; Gull-billed Tern; House Sparrow; Indian Robin; Indian Silverbill; Isabelline Shrike; Laughing Dove; Little Egret; Long-billed Pipit; Pied Cuckoo; Red-backed Shrike; Red-tailed Shrike; Red-vented Bulbul; Red-wattled Lapwing; River Tern; Rufous-fronted Prinia; Rufous-tailed Lark; Tawny Lark; Variable Wheatear; White-eared Bulbul; White-throated Kingfisher; Wire-tailed Swallow","n_species":35,"focal_species_seen":"Blue-cheeked Bee-eater; European Roller; Red-backed Shrike; Red-tailed Shrike","focal_species_slugs":"blue-cheeked-bee-eater;european-roller;red-backed-shrike;red-tailed-shrike","has_focal":true},"geometry":{"type":"Point","coordinates":[70.62333,23.910278]}},{"type":"Feature","properties":{"GROUP.ID":"G15591085","LOCALITY":"T22G3_Kidyanagar","LATITUDE":23.4631325,"LONGITUDE":70.7829027,"OBSERVATION.DATE":"2025-09-20","OBSERVER.ID":"obsr4399854","DURATION.MINUTES":118.0,"SAMPLING.EVENT.IDENTIFIER":"S275033938","species_list":"Ashy-crowned Sparrow-Lark; Asian Green Bee-eater; Black-winged Stilt; Common Babbler; Eurasian Collared-Dove; European Roller; Gray-necked Bunting; Gray Francolin; Greater Coucal; Greater Whitethroat; House Sparrow; Indian Robin; Indian Spot-billed Duck; Laughing Dove; Lesser Whitethroat; Little Cormorant; Little Grebe; Long-tailed Shrike; Pied Cuckoo; Purple Sunbird; Red-wattled Lapwing; Red Collared-Dove; White-eared Bulbul; White-throated Kingfisher","n_species":24,"focal_species_seen":"European Roller; Greater Whitethroat","focal_species_slugs":"european-roller;greater-whitethroat","has_focal":true},"geometry":{"type":"Point","coordinates":[70.7829027,23.4631325]}},{"type":"Feature","properties":{"GROUP.ID":"G15612215","LOCALITY":"T25G1_PMC2025_Bachchau","LATITUDE":23.3198995,"LONGITUDE":70.3565308,"OBSERVATION.DATE":"2025-09-20","OBSERVER.ID":"obsr4399854","DURATION.MINUTES":49.0,"SAMPLING.EVENT.IDENTIFIER":"S275034025","species_list":"Asian Green Bee-eater; Bay-backed Shrike; Black-winged Kite; Black-winged Stilt; Common Babbler; Eurasian Collared-Dove; Glossy Ibis; Gray-breasted Prinia; Gray Francolin; Indian Robin; Indian Silverbill; Jungle Prinia; Laughing Dove; Little Egret; Little Grebe; Plain Prinia; Purple Sunbird; Red-vented Bulbul; Red-wattled Lapwing; Red Collared-Dove; Shikra; Siberian Stonechat; Sykes's Warbler; White-eared Bulbul; White-throated Kingfisher; Yellow-wattled Lapwing","n_species":26,"focal_species_seen":"","focal_species_slugs":"","has_focal":false},"geometry":{"type":"Point","coordinates":[70.3565308,23.3198995]}},{"type":"Feature","properties":{"GROUP.ID":"G15593475","LOCALITY":"T2G3 - Vadvara, Gujarat, IN (23.241, 69.889)","LATITUDE":23.2405927,"LONGITUDE":69.8885485,"OBSERVATION.DATE":"2025-09-20","OBSERVER.ID":"obsr4399854","DURATION.MINUTES":49.0,"SAMPLING.EVENT.IDENTIFIER":"S275034102","species_list":"Ashy-crowned Sparrow-Lark; Asian Green Bee-eater; Baya Weaver; Common Babbler; Common Sandpiper; Eurasian Collared-Dove; European Roller; Gray Francolin; House Sparrow; Indian Robin; Indian Silverbill; Little Grebe; Pied Bushchat; Pied Cuckoo; Plain Prinia; Purple Sunbird; Red-wattled Lapwing; White-eared Bulbul","n_species":18,"focal_species_seen":"European Roller","focal_species_slugs":"european-roller","has_focal":true},"geometry":{"type":"Point","coordinates":[69.8885485,23.2405927]}},{"type":"Feature","properties":{"GROUP.ID":"G15591039","LOCALITY":"T 27 G 2 Daddhar Nani, Gujarat, IN (23.714, 69.788)","LATITUDE":23.7141613,"LONGITUDE":69.7884953,"OBSERVATION.DATE":"2025-09-20","OBSERVER.ID":"obsr4399854","DURATION.MINUTES":61.0,"SAMPLING.EVENT.IDENTIFIER":"S275034190","species_list":"Ashy-crowned Sparrow-Lark; Asian Green Bee-eater; Black Drongo; Blue-cheeked Bee-eater; Common Babbler; Crested Lark; Delicate Prinia; Eastern Cattle-Egret; Eurasian Collared-Dove; Eurasian Wryneck; European Roller; Gray Francolin; Green Sandpiper; House Crow; Indian Spot-billed Duck; Isabelline Shrike; Laughing Dove; Lesser Whitethroat; Paddyfield Pipit; Red-vented Bulbul; Red-wattled Lapwing; Rufous-tailed Scrub-Robin; Tawny Pipit; Western Marsh Harrier; White-eared Bulbul; White-throated Kingfisher","n_species":26,"focal_species_seen":"Blue-cheeked Bee-eater; European Roller; Rufous-tailed Scrub-Robin","focal_species_slugs":"blue-cheeked-bee-eater;european-roller;rufous-tailed-scrub-robin","has_focal":true},"geometry":{"type":"Point","coordinates":[69.7884953,23.7141613]}},{"type":"Feature","properties":{"GROUP.ID":"G15597551","LOCALITY":"T18G3 - Rapar - Fatehgadh Road, Kachchh, Gujarat, IN (23.664, 70.776)","LATITUDE":23.664338,"LONGITUDE":70.7764552,"OBSERVATION.DATE":"2025-09-20","OBSERVER.ID":"obsr4399854","DURATION.MINUTES":60.0,"SAMPLING.EVENT.IDENTIFIER":"S275034293","species_list":"Ashy-crowned Sparrow-Lark; Asian Green Bee-eater; Barn Swallow; Black-winged Kite; Common Babbler; Common Kingfisher; Eastern Cattle-Egret; Eurasian Collared-Dove; Eurasian Spoonbill; European Roller; Gray Heron; House Sparrow; Indian Pond-Heron; Indian Robin; Indian Roller; Indian Silverbill; Laughing Dove; Lesser Whistling-Duck; Little Cormorant; Pied Kingfisher; Plain Prinia; Purple Sunbird; Red-vented Bulbul; Red-wattled Lapwing; Rose-ringed Parakeet; Variable Wheatear; White-eared Bulbul","n_species":27,"focal_species_seen":"European Roller","focal_species_slugs":"european-roller","has_focal":true},"geometry":{"type":"Point","coordinates":[70.7764552,23.664338]}},{"type":"Feature","properties":{"GROUP.ID":"G15598265","LOCALITY":"T44G4","LATITUDE":23.7820373,"LONGITUDE":68.6699634,"OBSERVATION.DATE":"2025-09-20","OBSERVER.ID":"obsr4399854","DURATION.MINUTES":53.0,"SAMPLING.EVENT.IDENTIFIER":"S275034421","species_list":"Asian Green Bee-eater; Asian Koel; Bay-backed Shrike; Black Drongo; Common Babbler; Common Cuckoo; Common Hoopoe; Common Tailorbird; Desert Wheatear; Eastern Red-rumped Swallow; Eurasian Collared-Dove; European Roller; Gray-breasted Prinia; Greater Coucal; Greater Short-toed Lark; House Crow; Isabelline Wheatear; Laughing Dove; Little Cormorant; Pied Cuckoo; Purple Sunbird; Red-vented Bulbul; Red-wattled Lapwing; River Tern; Rose-ringed Parakeet; Rosy Starling; Rufous-fronted Prinia; Tawny Pipit; Variable Wheatear; Western Yellow Wagtail; White-throated Kingfisher; Wire-tailed Swallow; Yellow-wattled Lapwing","n_species":33,"focal_species_seen":"Common Cuckoo; European Roller","focal_species_slugs":"common-cuckoo;european-roller","has_focal":true},"geometry":{"type":"Point","coordinates":[68.6699634,23.7820373]}},{"type":"Feature","properties":{"GROUP.ID":"G15597949","LOCALITY":"T31G2","LATITUDE":23.6984394,"LONGITUDE":69.5900832,"OBSERVATION.DATE":"2025-09-20","OBSERVER.ID":"obsr4399854","DURATION.MINUTES":54.0,"SAMPLING.EVENT.IDENTIFIER":"S275034519","species_list":"Ashy-crowned Sparrow-Lark; Asian Green Bee-eater; Bay-backed Shrike; Blue-cheeked Bee-eater; Common Babbler; Common Hoopoe; Delicate Prinia; Eastern Cattle-Egret; European Roller; Greater Short-toed Lark; House Crow; Indian Peafowl; Isabelline Wheatear; Laughing Dove; Lesser Whitethroat; Long-tailed Shrike; Montagu's Harrier; Paddyfield Pipit; Purple Sunbird; Rufous-fronted Prinia; White-eared Bulbul","n_species":21,"focal_species_seen":"Blue-cheeked Bee-eater; European Roller","focal_species_slugs":"blue-cheeked-bee-eater;european-roller","has_focal":true},"geometry":{"type":"Point","coordinates":[69.5900832,23.6984394]}},{"type":"Feature","properties":{"GROUP.ID":"G15591217","LOCALITY":"T11G4","LATITUDE":23.2367298,"LONGITUDE":70.1061059,"OBSERVATION.DATE":"2025-09-20","OBSERVER.ID":"obsr4399854","DURATION.MINUTES":73.0,"SAMPLING.EVENT.IDENTIFIER":"S275034632","species_list":"Ashy-crowned Sparrow-Lark; Asian Green Bee-eater; Bay-backed Shrike; Blue-cheeked Bee-eater; Bonelli's Eagle; Common Babbler; Common Sandpiper; Desert Wheatear; Gray Francolin; Indian Bushlark; Indian Robin; Indian Silverbill; Isabelline Wheatear; Laughing Dove; Lesser Whitethroat; Montagu's Harrier; Pied Kingfisher; Red-vented Bulbul; Red-wattled Lapwing; River Tern; Rosy Starling; Siberian Stonechat; Tawny Pipit; Variable Wheatear; Whiskered Tern; White-eared Bulbul","n_species":26,"focal_species_seen":"Blue-cheeked Bee-eater","focal_species_slugs":"blue-cheeked-bee-eater","has_focal":true},"geometry":{"type":"Point","coordinates":[70.1061059,23.2367298]}},{"type":"Feature","properties":{"GROUP.ID":"G15591869","LOCALITY":"T46G3-PMC2025","LATITUDE":23.504294,"LONGITUDE":68.786182,"OBSERVATION.DATE":"2025-09-20","OBSERVER.ID":"obsr4399854","DURATION.MINUTES":60.0,"SAMPLING.EVENT.IDENTIFIER":"S275034769","species_list":"Asian Green Bee-eater; Black Drongo; Common Babbler; Common Sandpiper; Eastern Cattle-Egret; Eurasian Collared-Dove; European Roller; Gray Francolin; House Crow; Indian Peafowl; Indian Robin; Indian Roller; Laughing Dove; Little Swift; Purple Sunbird; Red-vented Bulbul; Red-wattled Lapwing; Rosy Starling; Spotted Flycatcher; White-eared Bulbul","n_species":20,"focal_species_seen":"European Roller; Spotted Flycatcher","focal_species_slugs":"european-roller;spotted-flycatcher","has_focal":true},"geometry":{"type":"Point","coordinates":[68.786182,23.504294]}},{"type":"Feature","properties":{"GROUP.ID":"G15612622","LOCALITY":"T30G3","LATITUDE":24.1586507,"LONGITUDE":69.5595422,"OBSERVATION.DATE":"2025-09-20","OBSERVER.ID":"obsr4399854","DURATION.MINUTES":50.0,"SAMPLING.EVENT.IDENTIFIER":"S275055762","species_list":"Bay-backed Shrike; Black Drongo; Blue-cheeked Bee-eater; Common Babbler; Common Redshank; European Roller; Gray Francolin; Greater Whitethroat; Green Sandpiper; House Crow; Montagu's Harrier; Pied Cuckoo; Red-tailed Shrike; Red-wattled Lapwing; Rufous-tailed Scrub-Robin; Spotted Flycatcher; Variable Wheatear","n_species":17,"focal_species_seen":"Blue-cheeked Bee-eater; European Roller; Greater Whitethroat; Red-tailed Shrike; Rufous-tailed Scrub-Robin; Spotted Flycatcher","focal_species_slugs":"blue-cheeked-bee-eater;european-roller;greater-whitethroat;red-tailed-shrike;rufous-tailed-scrub-robin;spotted-flycatcher","has_focal":true},"geometry":{"type":"Point","coordinates":[69.5595422,24.1586507]}},{"type":"Feature","properties":{"GROUP.ID":"G15612623","LOCALITY":"T30G4","LATITUDE":24.1043195,"LONGITUDE":69.7031389,"OBSERVATION.DATE":"2025-09-20","OBSERVER.ID":"obsr4399854","DURATION.MINUTES":60.0,"SAMPLING.EVENT.IDENTIFIER":"S275055790","species_list":"Ashy-crowned Sparrow-Lark; Black-winged Stilt; Blue-cheeked Bee-eater; Eurasian Collared-Dove; Eurasian Kestrel; European Roller; Gray Francolin; Greater Short-toed Lark; Greater Whitethroat; Gull-billed Tern; Long-tailed Shrike; Montagu's Harrier; Red-tailed Shrike; Spotted Flycatcher; Western Marsh Harrier; Whiskered Tern","n_species":16,"focal_species_seen":"Blue-cheeked Bee-eater; European Roller; Greater Whitethroat; Red-tailed Shrike; Spotted Flycatcher","focal_species_slugs":"blue-cheeked-bee-eater;european-roller;greater-whitethroat;red-tailed-shrike;spotted-flycatcher","has_focal":true},"geometry":{"type":"Point","coordinates":[69.7031389,24.1043195]}},{"type":"Feature","properties":{"GROUP.ID":"G15590717","LOCALITY":"T38, G1","LATITUDE":23.1819058,"LONGITUDE":69.0895274,"OBSERVATION.DATE":"2025-09-20","OBSERVER.ID":"obsr4399854","DURATION.MINUTES":51.0,"SAMPLING.EVENT.IDENTIFIER":"S275056029","species_list":"Baya Weaver; Blue-cheeked Bee-eater; Common Tailorbird; Eurasian Collared-Dove; European Roller; Gray-breasted Prinia; Greater Short-toed Lark; House Crow; Indian Peafowl; Laughing Dove; Pied Cuckoo; Red-backed Shrike; Red-wattled Lapwing; White-tailed Iora; Wire-tailed Swallow","n_species":15,"focal_species_seen":"Blue-cheeked Bee-eater; European Roller; Red-backed Shrike","focal_species_slugs":"blue-cheeked-bee-eater;european-roller;red-backed-shrike","has_focal":true},"geometry":{"type":"Point","coordinates":[69.0895274,23.1819058]}},{"type":"Feature","properties":{"GROUP.ID":"G15591088","LOCALITY":"T33 G5","LATITUDE":23.1273733,"LONGITUDE":69.3473033,"OBSERVATION.DATE":"2025-09-20","OBSERVER.ID":"obsr4399854","DURATION.MINUTES":77.0,"SAMPLING.EVENT.IDENTIFIER":"S275056104","species_list":"Ashy-crowned Sparrow-Lark; Asian Green Bee-eater; Asian Koel; Baya Weaver; Black-winged Stilt; Black Drongo; Common Babbler; Common Hoopoe; Common Kingfisher; Common Tailorbird; Common Woodshrike; Eastern Cattle-Egret; Eastern Red-rumped Swallow; Eurasian Collared-Dove; Gray-breasted Prinia; Gray-necked Bunting; Gray Francolin; Gray Wagtail; Greater Coucal; Green Sandpiper; Indian Pond-Heron; Indian Robin; Indian Thick-knee; Laughing Dove; Lesser Whistling-Duck; Little Egret; Long-tailed Shrike; Pied Kingfisher; Plain Prinia; Red-vented Bulbul; Red-wattled Lapwing; River Tern; Rosy Starling; Spotted Flycatcher; Spotted Owlet; Tree Pipit; Western Yellow Wagtail; White-browed Wagtail; White-eared Bulbul; White-throated Kingfisher; Wire-tailed Swallow","n_species":41,"focal_species_seen":"Spotted Flycatcher","focal_species_slugs":"spotted-flycatcher","has_focal":true},"geometry":{"type":"Point","coordinates":[69.3473033,23.1273733]}},{"type":"Feature","properties":{"GROUP.ID":"G15592439","LOCALITY":"T13G5 Palar Dhuna Waterfall Trail","LATITUDE":23.262063,"LONGITUDE":69.380675,"OBSERVATION.DATE":"2025-09-20","OBSERVER.ID":"obsr4399854","DURATION.MINUTES":53.0,"SAMPLING.EVENT.IDENTIFIER":"S275056180","species_list":"Asian Green Bee-eater; Baya Weaver; Common Babbler; Common Hoopoe; Common Sandpiper; Common Tailorbird; Common Woodshrike; Great Egret; Green Sandpiper; Indian Pond-Heron; Indian Robin; Indian Silverbill; Laughing Dove; Little Egret; Little Ringed Plover; Purple Sunbird; Red-vented Bulbul; Red-wattled Lapwing; Rosy Starling; Spotted Flycatcher; Tawny Pipit; White-breasted Waterhen; White-browed Wagtail; White-eared Bulbul; White-tailed Iora; White-throated Kingfisher","n_species":26,"focal_species_seen":"Spotted Flycatcher","focal_species_slugs":"spotted-flycatcher","has_focal":true},"geometry":{"type":"Point","coordinates":[69.380675,23.262063]}},{"type":"Feature","properties":{"GROUP.ID":"G15590698","LOCALITY":"T38, G3","LATITUDE":23.2490485,"LONGITUDE":69.1426981,"OBSERVATION.DATE":"2025-09-20","OBSERVER.ID":"obsr4399854","DURATION.MINUTES":45.0,"SAMPLING.EVENT.IDENTIFIER":"S275056351","species_list":"Ashy-crowned Sparrow-Lark; Barred Buttonquail; Baya Weaver; Black Francolin; Eurasian Kestrel; Gray Francolin; Great Gray Shrike; Indian Peafowl; Indian Robin; Laughing Dove; Lesser Whitethroat; Long-tailed Shrike; Purple Sunbird; Red-backed Shrike; Red-tailed Shrike; Red-vented Bulbul; Red-wattled Lapwing; Rosy Starling; Rufous-tailed Lark; Siberian Stonechat; Spotted Flycatcher; Western Marsh Harrier; White-browed Wagtail; Yellow-wattled Lapwing","n_species":24,"focal_species_seen":"Red-backed Shrike; Red-tailed Shrike; Spotted Flycatcher","focal_species_slugs":"red-backed-shrike;red-tailed-shrike;spotted-flycatcher","has_focal":true},"geometry":{"type":"Point","coordinates":[69.1426981,23.2490485]}},{"type":"Feature","properties":{"GROUP.ID":"G15612638","LOCALITY":"T25G4_PMC2025_Bachchau_FRH Area","LATITUDE":23.2798737,"LONGITUDE":70.3283876,"OBSERVATION.DATE":"2025-09-20","OBSERVER.ID":"obsr4399854","DURATION.MINUTES":51.0,"SAMPLING.EVENT.IDENTIFIER":"S275056539","species_list":"Ashy-crowned Sparrow-Lark; Asian Green Bee-eater; Baya Weaver; Common Babbler; Common Hoopoe; Common Tailorbird; Eastern Red-rumped Swallow; House Sparrow; Indian Bushlark; Indian Robin; Indian Silverbill; Laughing Dove; Little Egret; Plain Prinia; Purple Sunbird; Red-vented Bulbul; Red-wattled Lapwing; Spotted Flycatcher; Tawny Pipit; Variable Wheatear; White-browed Wagtail; Wire-tailed Swallow","n_species":22,"focal_species_seen":"Spotted Flycatcher","focal_species_slugs":"spotted-flycatcher","has_focal":true},"geometry":{"type":"Point","coordinates":[70.3283876,23.2798737]}},{"type":"Feature","properties":{"GROUP.ID":"G15593476","LOCALITY":"T2G5 - Hirapar, Gujarat, IN (23.279, 69.929)","LATITUDE":23.2786967,"LONGITUDE":69.92919500000001,"OBSERVATION.DATE":"2025-09-20","OBSERVER.ID":"obsr4399854","DURATION.MINUTES":52.0,"SAMPLING.EVENT.IDENTIFIER":"S275056650","species_list":"Ashy-crowned Sparrow-Lark; Asian Green Bee-eater; Baya Weaver; Common Babbler; Indian Robin; Indian Silverbill; Red-naped Ibis; Red-vented Bulbul; Red-wattled Lapwing; White-eared Bulbul; White-throated Kingfisher; Zitting Cisticola","n_species":12,"focal_species_seen":"","focal_species_slugs":"","has_focal":false},"geometry":{"type":"Point","coordinates":[69.92919500000001,23.2786967]}},{"type":"Feature","properties":{"GROUP.ID":"G15590536","LOCALITY":"T21G3","LATITUDE":23.5886296,"LONGITUDE":70.5727842,"OBSERVATION.DATE":"2025-09-20","OBSERVER.ID":"obsr4399854","DURATION.MINUTES":59.0,"SAMPLING.EVENT.IDENTIFIER":"S275056767","species_list":"Ashy-crowned Sparrow-Lark; Asian Green Bee-eater; Barn Swallow; Common Babbler; Common Hoopoe; Common Tailorbird; Eurasian Collared-Dove; European Roller; Glossy Ibis; Gray-breasted Prinia; Gray Francolin; Gray Heron; Green Warbler; House Sparrow; Indian Cormorant; Indian Peafowl; Indian Pond-Heron; Indian Robin; Indian Spot-billed Duck; Laughing Dove; Lesser Whitethroat; Little Cormorant; Little Egret; Long-tailed Shrike; Plain Prinia; Purple Sunbird; Red-vented Bulbul; Red-wattled Lapwing; Red Collared-Dove; Rufous-fronted Prinia; White-eared Bulbul; White-throated Kingfisher; Wire-tailed Swallow; Zitting Cisticola","n_species":34,"focal_species_seen":"European Roller","focal_species_slugs":"european-roller","has_focal":true},"geometry":{"type":"Point","coordinates":[70.5727842,23.5886296]}},{"type":"Feature","properties":{"GROUP.ID":"G15612642","LOCALITY":"T44G1","LATITUDE":23.679501,"LONGITUDE":68.678516,"OBSERVATION.DATE":"2025-09-20","OBSERVER.ID":"obsr4399854","DURATION.MINUTES":36.0,"SAMPLING.EVENT.IDENTIFIER":"S275056933","species_list":"Baya Weaver; Black Drongo; Black Francolin; Brahminy Starling; Caspian Tern; Common Babbler; Common Hoopoe; Common Sandpiper; Eastern Cattle-Egret; Eurasian Collared-Dove; Eurasian Coot; Eurasian Spoonbill; European Roller; Glossy Ibis; Gray-breasted Prinia; Gray Francolin; Indian Robin; Laughing Dove; Little Cormorant; Little Egret; Little Grebe; Long-tailed Shrike; Pied Cuckoo; Purple Sunbird; Red-backed Shrike; Red-vented Bulbul; Red-wattled Lapwing; Rosy Starling; Rufous-tailed Lark; Whiskered Tern; White-throated Kingfisher","n_species":31,"focal_species_seen":"European Roller; Red-backed Shrike","focal_species_slugs":"european-roller;red-backed-shrike","has_focal":true},"geometry":{"type":"Point","coordinates":[68.678516,23.679501]}},{"type":"Feature","properties":{"GROUP.ID":"G15591440","LOCALITY":"T44G3","LATITUDE":23.73279,"LONGITUDE":68.761296,"OBSERVATION.DATE":"2025-09-20","OBSERVER.ID":"obsr4399854","DURATION.MINUTES":61.0,"SAMPLING.EVENT.IDENTIFIER":"S275056992","species_list":"Ashy-crowned Sparrow-Lark; Asian Green Bee-eater; Bay-backed Shrike; Baya Weaver; Black-headed Ibis; Black Drongo; Common Babbler; Common Cuckoo; Common Hoopoe; Common Tailorbird; Eastern Cattle-Egret; Eastern Orphean Warbler; Eastern Red-rumped Swallow; European Roller; Gray-breasted Prinia; Gray-necked Bunting; Gray Francolin; Green Warbler; Indian Peafowl; Indian Robin; Jungle Prinia; Laughing Dove; Lesser Whitethroat; Little Cormorant; Osprey; Paddyfield Pipit; Purple Sunbird; Red-backed Shrike; Red-vented Bulbul; Red-wattled Lapwing; River Tern; Rosy Starling; Rufous-fronted Prinia; Rufous-tailed Scrub-Robin; Siberian Stonechat; Spotted Flycatcher; Tawny Pipit; White-eared Bulbul; White-tailed Iora; Yellow-eyed Babbler","n_species":40,"focal_species_seen":"Common Cuckoo; European Roller; Red-backed Shrike; Rufous-tailed Scrub-Robin; Spotted Flycatcher","focal_species_slugs":"common-cuckoo;european-roller;red-backed-shrike;rufous-tailed-scrub-robin;spotted-flycatcher","has_focal":true},"geometry":{"type":"Point","coordinates":[68.761296,23.73279]}},{"type":"Feature","properties":{"GROUP.ID":"G15590285","LOCALITY":"T41G3 Ambara, Gujarat, IN (23.532, 69.094)","LATITUDE":23.5324226,"LONGITUDE":69.0938165,"OBSERVATION.DATE":"2025-09-20","OBSERVER.ID":"obsr4399854","DURATION.MINUTES":48.0,"SAMPLING.EVENT.IDENTIFIER":"S275057141","species_list":"Ashy-crowned Sparrow-Lark; Asian Green Bee-eater; Baya Weaver; Black Drongo; Brahminy Starling; Common Babbler; Common Hoopoe; Common Kingfisher; Dusky Crag-Martin; Eastern Red-rumped Swallow; Eurasian Collared-Dove; Eurasian Spoonbill; Gray-breasted Prinia; Gray Francolin; Gray Heron; Green Sandpiper; House Sparrow; Indian Robin; Indian Spot-billed Duck; Knob-billed Duck; Laughing Dove; Lesser Whistling-Duck; Little Egret; Paddyfield Pipit; Purple Sunbird; Red-vented Bulbul; Rufous-fronted Prinia; Spotted Flycatcher; Variable Wheatear; White-eared Bulbul; White-throated Kingfisher; Wire-tailed Swallow; Yellow-throated Sparrow; Zitting Cisticola","n_species":34,"focal_species_seen":"Spotted Flycatcher","focal_species_slugs":"spotted-flycatcher","has_focal":true},"geometry":{"type":"Point","coordinates":[69.0938165,23.5324226]}},{"type":"Feature","properties":{"GROUP.ID":"G15590268","LOCALITY":"T41G4  Ambara, Gujarat, IN (23.561, 69.143)","LATITUDE":23.5613596,"LONGITUDE":69.1427566,"OBSERVATION.DATE":"2025-09-20","OBSERVER.ID":"obsr4399854","DURATION.MINUTES":74.0,"SAMPLING.EVENT.IDENTIFIER":"S275057239","species_list":"Asian Green Bee-eater; Common Babbler; Common Hoopoe; Common Tailorbird; Common Woodshrike; Eurasian Collared-Dove; European Roller; Gray-breasted Prinia; Great Gray Shrike; House Sparrow; Indian Silverbill; Jungle Prinia; Laughing Dove; Paddyfield Pipit; Pallid Harrier; Purple Sunbird; Red-backed Shrike; Red-tailed Shrike; Red-vented Bulbul; Red Collared-Dove; Rosy Starling; Rufous-fronted Prinia; Spotted Flycatcher; White-eared Bulbul; White-tailed Iora; Yellow-throated Sparrow","n_species":26,"focal_species_seen":"European Roller; Red-backed Shrike; Red-tailed Shrike; Spotted Flycatcher","focal_species_slugs":"european-roller;red-backed-shrike;red-tailed-shrike;spotted-flycatcher","has_focal":true},"geometry":{"type":"Point","coordinates":[69.1427566,23.5613596]}},{"type":"Feature","properties":{"GROUP.ID":"G15597952","LOCALITY":"T31G4","LATITUDE":23.7634799,"LONGITUDE":69.4236672,"OBSERVATION.DATE":"2025-09-20","OBSERVER.ID":"obsr4399854","DURATION.MINUTES":47.0,"SAMPLING.EVENT.IDENTIFIER":"S275057376","species_list":"Asian Green Bee-eater; Barn Swallow; Bay-backed Shrike; Blue-cheeked Bee-eater; Brown-headed Gull; Citrine Wagtail; Common Babbler; Crested Lark; Delicate Prinia; European Roller; Greater Short-toed Lark; Green Sandpiper; Gull-billed Tern; Indian Spot-billed Duck; Lesser Whitethroat; Montagu's Harrier; Pied Cuckoo; Red-tailed Shrike; Red-vented Bulbul; Red-wattled Lapwing; Rosy Starling; Rufous-fronted Prinia; Rufous-tailed Scrub-Robin; Tibetan Sand-Plover; Western Marsh Harrier; Whiskered Tern; White-eared Bulbul; White-throated Kingfisher","n_species":28,"focal_species_seen":"Blue-cheeked Bee-eater; European Roller; Red-tailed Shrike; Rufous-tailed Scrub-Robin","focal_species_slugs":"blue-cheeked-bee-eater;european-roller;red-tailed-shrike;rufous-tailed-scrub-robin","has_focal":true},"geometry":{"type":"Point","coordinates":[69.4236672,23.7634799]}},{"type":"Feature","properties":{"GROUP.ID":"G15597955","LOCALITY":"T31G1","LATITUDE":23.7412993,"LONGITUDE":69.3939409,"OBSERVATION.DATE":"2025-09-20","OBSERVER.ID":"obsr4399854","DURATION.MINUTES":46.0,"SAMPLING.EVENT.IDENTIFIER":"S275057572","species_list":"Asian Green Bee-eater; Barn Swallow; Blue-cheeked Bee-eater; Blyth's Reed Warbler; Common Babbler; Common Hoopoe; Common Tailorbird; Delicate Prinia; Eastern Cattle-Egret; Eastern Red-rumped Swallow; Eurasian Collared-Dove; Eurasian Wryneck; European Roller; Garganey; Greater Short-toed Lark; Greater Whitethroat; Green Sandpiper; House Crow; Indian Silverbill; Isabelline Shrike; Laughing Dove; Lesser Whitethroat; Purple Sunbird; Red-vented Bulbul; Red-wattled Lapwing; Rufous-fronted Prinia; Shikra; Sykes's Warbler; White-eared Bulbul; Wire-tailed Swallow; Zitting Cisticola","n_species":31,"focal_species_seen":"Blue-cheeked Bee-eater; European Roller; Greater Whitethroat","focal_species_slugs":"blue-cheeked-bee-eater;european-roller;greater-whitethroat","has_focal":true},"geometry":{"type":"Point","coordinates":[69.3939409,23.7412993]}},{"type":"Feature","properties":{"GROUP.ID":"G15590399","LOCALITY":"T34G2, Meva Dungar, Jadodar, Kachchh, Gujarat, IN (23.376, 69.177)","LATITUDE":23.375605,"LONGITUDE":69.1767083,"OBSERVATION.DATE":"2025-09-20","OBSERVER.ID":"obsr4399854","DURATION.MINUTES":63.0,"SAMPLING.EVENT.IDENTIFIER":"S275057759","species_list":"Asian Green Bee-eater; Baya Weaver; Black Drongo; Common Babbler; Common Kingfisher; Common Tailorbird; Common Woodshrike; Eastern Cattle-Egret; Eurasian Collared-Dove; Eurasian Kestrel; Eurasian Spoonbill; Gray-breasted Prinia; Greater Coucal; Greater Whitethroat; Green Sandpiper; Indian Peafowl; Indian Robin; Jungle Prinia; Laughing Dove; Pied Cuckoo; Plain Prinia; Purple Sunbird; Red-vented Bulbul; Red-wattled Lapwing; Rose-ringed Parakeet; Rosy Starling; Spotted Flycatcher; Western Yellow Wagtail; White-eared Bulbul; White-naped Tit; White-tailed Iora; White-throated Kingfisher; Yellow-crowned Woodpecker","n_species":33,"focal_species_seen":"Greater Whitethroat; Spotted Flycatcher","focal_species_slugs":"greater-whitethroat;spotted-flycatcher","has_focal":true},"geometry":{"type":"Point","coordinates":[69.1767083,23.375605]}},{"type":"Feature","properties":{"GROUP.ID":"G15590082","LOCALITY":"T49 G5","LATITUDE":23.5608795,"LONGITUDE":68.7354469,"OBSERVATION.DATE":"2025-09-20","OBSERVER.ID":"obsr4399854","DURATION.MINUTES":72.0,"SAMPLING.EVENT.IDENTIFIER":"S275058116","species_list":"Ashy-crowned Sparrow-Lark; Asian Green Bee-eater; Bay-backed Shrike; Common Babbler; Common Sandpiper; Eastern Red-rumped Swallow; Eurasian Collared-Dove; European Roller; Gray-breasted Prinia; Gray Francolin; Gray Heron; House Crow; Indian Golden Oriole; Indian Peafowl; Indian Robin; Jungle Prinia; Knob-billed Duck; Laughing Dove; Oriental Darter; Pied Bushchat; Pied Cuckoo; Red-vented Bulbul; Red-wattled Lapwing; Rosy Starling; Siberian Stonechat; Spotted Flycatcher; White-throated Kingfisher","n_species":27,"focal_species_seen":"European Roller; Spotted Flycatcher","focal_species_slugs":"european-roller;spotted-flycatcher","has_focal":true},"geometry":{"type":"Point","coordinates":[68.7354469,23.5608795]}},{"type":"Feature","properties":{"GROUP.ID":"G15590229","LOCALITY":"T36G5-Unnamed Road, Boha, Gujarat, IN (23.068, 69.129)","LATITUDE":23.0676682,"LONGITUDE":69.1285874,"OBSERVATION.DATE":"2025-09-20","OBSERVER.ID":"obsr4399854","DURATION.MINUTES":57.0,"SAMPLING.EVENT.IDENTIFIER":"S275058443","species_list":"Asian Green Bee-eater; Black-winged Stilt; Black Drongo; Common Cuckoo; Common Kingfisher; Common Sandpiper; Eastern Cattle-Egret; European Roller; Gray-breasted Prinia; Gray Francolin; Greater Coucal; Green Sandpiper; Indian Peafowl; Indian Robin; Indian Roller; Jungle Prinia; Little Cormorant; Oriental Darter; Pied Kingfisher; Purple Heron; Purple Sunbird; Red-wattled Lapwing; River Tern; Shikra; Spotted Flycatcher; Western Marsh Harrier; Whiskered Tern; White-browed Wagtail; Wire-tailed Swallow; Wood Sandpiper","n_species":30,"focal_species_seen":"Common Cuckoo; European Roller; Spotted Flycatcher","focal_species_slugs":"common-cuckoo;european-roller;spotted-flycatcher","has_focal":true},"geometry":{"type":"Point","coordinates":[69.1285874,23.0676682]}},{"type":"Feature","properties":{"GROUP.ID":"G15591086","LOCALITY":"T22G4_Rapar Chitroda Road","LATITUDE":23.4197796,"LONGITUDE":70.6709559,"OBSERVATION.DATE":"2025-09-20","OBSERVER.ID":"obsr4399854","DURATION.MINUTES":109.0,"SAMPLING.EVENT.IDENTIFIER":"S275058657","species_list":"Ashy-crowned Sparrow-Lark; Asian Green Bee-eater; Bay-backed Shrike; Black-headed Ibis; Black-winged Kite; Brahminy Starling; Common Babbler; Common Hoopoe; Eastern Cattle-Egret; European Roller; Gray Francolin; Greater Coucal; House Sparrow; Indian Peafowl; Indian Robin; Indian Silverbill; Isabelline Wheatear; Laughing Dove; Lesser Whitethroat; Paddyfield Pipit; Pied Bushchat; Plain Prinia; Red-naped Ibis; Red-vented Bulbul; Red-wattled Lapwing; Tawny Pipit; White-eared Bulbul; Wire-tailed Swallow; Yellow-wattled Lapwing; Zitting Cisticola","n_species":30,"focal_species_seen":"European Roller","focal_species_slugs":"european-roller","has_focal":true},"geometry":{"type":"Point","coordinates":[70.6709559,23.4197796]}},{"type":"Feature","properties":{"GROUP.ID":"G15590008","LOCALITY":"Team 17 Grid 2","LATITUDE":23.862204,"LONGITUDE":70.80498299999999,"OBSERVATION.DATE":"2025-09-20","OBSERVER.ID":"obsr4399854","DURATION.MINUTES":45.0,"SAMPLING.EVENT.IDENTIFIER":"S275058883","species_list":"Asian Green Bee-eater; Baya Weaver; Black-winged Stilt; Blue-cheeked Bee-eater; Common Babbler; Eurasian Collared-Dove; House Sparrow; Indian Peafowl; Indian Pond-Heron; Indian Robin; Indian Spot-billed Duck; Laughing Dove; Lesser Whistling-Duck; Little Egret; Plain Prinia; Purple Sunbird; Red-vented Bulbul; White-eared Bulbul; Yellow-throated Sparrow","n_species":19,"focal_species_seen":"Blue-cheeked Bee-eater","focal_species_slugs":"blue-cheeked-bee-eater","has_focal":true},"geometry":{"type":"Point","coordinates":[70.80498299999999,23.862204]}},{"type":"Feature","properties":{"GROUP.ID":"G15590009","LOCALITY":"Team 17 Grid 1 NH 754A, Kachchh IN-Gujarat 23.86042, 70.81265","LATITUDE":23.860422,"LONGITUDE":70.812648,"OBSERVATION.DATE":"2025-09-20","OBSERVER.ID":"obsr4399854","DURATION.MINUTES":80.0,"SAMPLING.EVENT.IDENTIFIER":"S275059156","species_list":"Ashy-crowned Sparrow-Lark; Asian Green Bee-eater; Barred Buttonquail; Black-winged Stilt; Blue-cheeked Bee-eater; Common Babbler; Common Hoopoe; Common Tailorbird; Crested Lark; Eastern Cattle-Egret; Eurasian Collared-Dove; European Roller; Greater Flamingo; House Sparrow; Indian Peafowl; Indian Robin; Indian Silverbill; Isabelline Wheatear; Laughing Dove; Lesser Whistling-Duck; Lesser Whitethroat; Little Egret; Long-tailed Shrike; Plain Prinia; Purple Sunbird; Red-vented Bulbul; Red-wattled Lapwing; River Tern; Siberian Stonechat; Spotted Flycatcher; White-eared Bulbul; White-throated Kingfisher; Wire-tailed Swallow; Yellow-throated Sparrow","n_species":34,"focal_species_seen":"Blue-cheeked Bee-eater; European Roller; Spotted Flycatcher","focal_species_slugs":"blue-cheeked-bee-eater;european-roller;spotted-flycatcher","has_focal":true},"geometry":{"type":"Point","coordinates":[70.812648,23.860422]}},{"type":"Feature","properties":{"GROUP.ID":"G15589923","LOCALITY":"T46G1PMC2025","LATITUDE":23.455143,"LONGITUDE":68.828232,"OBSERVATION.DATE":"2025-09-20","OBSERVER.ID":"obsr4399854","DURATION.MINUTES":73.0,"SAMPLING.EVENT.IDENTIFIER":"S275059502","species_list":"Ashy-crowned Sparrow-Lark; Asian Green Bee-eater; Bay-backed Shrike; Baya Weaver; Black Drongo; Common Babbler; Common Hoopoe; Common Kingfisher; Eastern Cattle-Egret; Eurasian Collared-Dove; Eurasian Spoonbill; Glossy Ibis; Gray Francolin; Gray Heron; Indian Pond-Heron; Indian Silverbill; Indian Spot-billed Duck; Laughing Dove; Little Egret; Little Grebe; Long-tailed Shrike; Medium Egret; Oriental Darter; Pied Cuckoo; Pied Kingfisher; Plain Prinia; Purple Heron; Purple Sunbird; Red-vented Bulbul; Red-wattled Lapwing; Red Collared-Dove; River Tern; Rosy Starling; Rufous-fronted Prinia; Siberian Stonechat; Spotted Flycatcher; Whiskered Tern; White-browed Wagtail; White-eared Bulbul; White-tailed Iora; White-throated Kingfisher","n_species":41,"focal_species_seen":"Spotted Flycatcher","focal_species_slugs":"spotted-flycatcher","has_focal":true},"geometry":{"type":"Point","coordinates":[68.828232,23.455143]}},{"type":"Feature","properties":{"GROUP.ID":"G15590556","LOCALITY":"T18G1 - Unnamed Road, Kachchh, Gujarat, IN (23.681, 70.657)","LATITUDE":23.6812318,"LONGITUDE":70.6566829,"OBSERVATION.DATE":"2025-09-20","OBSERVER.ID":"obsr4399854","DURATION.MINUTES":73.0,"SAMPLING.EVENT.IDENTIFIER":"S275059797","species_list":"Ashy-crowned Sparrow-Lark; Asian Green Bee-eater; Barn Swallow; Bay-backed Shrike; Baya Weaver; Common Babbler; Common Hoopoe; Common Sandpiper; Eastern Cattle-Egret; Gray Francolin; Indian Courser; Indian Pond-Heron; Indian Robin; Indian Silverbill; Laughing Dove; Little Cormorant; Long-tailed Shrike; Medium Egret; Red-vented Bulbul; Red-wattled Lapwing; Shikra; Siberian Stonechat; Variable Wheatear; Wire-tailed Swallow; Yellow-throated Sparrow","n_species":25,"focal_species_seen":"","focal_species_slugs":"","has_focal":false},"geometry":{"type":"Point","coordinates":[70.6566829,23.6812318]}},{"type":"Feature","properties":{"GROUP.ID":"G15590020","LOCALITY":"T6G2","LATITUDE":22.8378076,"LONGITUDE":69.4816773,"OBSERVATION.DATE":"2025-09-20","OBSERVER.ID":"obsr4399854","DURATION.MINUTES":82.0,"SAMPLING.EVENT.IDENTIFIER":"S275060078","species_list":"Ashy-crowned Sparrow-Lark; Asian Green Bee-eater; Barred Buttonquail; Black-winged Stilt; Black Drongo; Blyth's Reed Warbler; Brahminy Starling; Common Babbler; Common Hoopoe; Common Myna; Common Tailorbird; Eastern Cattle-Egret; Eastern Red-rumped Swallow; Eurasian Collared-Dove; European Roller; Gray Francolin; Gray Heron; Gray Wagtail; Green Sandpiper; House Sparrow; Indian Bushlark; Indian Robin; Indian Silverbill; Indian Spot-billed Duck; Isabelline Shrike; Laughing Dove; Lesser Whitethroat; Little Egret; Little Swift; Medium Egret; Paddyfield Pipit; Painted Stork; Purple Sunbird; Red-naped Ibis; Red-wattled Lapwing; River Tern; Rosy Starling; Rufous-fronted Prinia; Sand Lark; Spotted Flycatcher; Western Marsh Harrier; White-eared Bulbul","n_species":42,"focal_species_seen":"European Roller; Spotted Flycatcher","focal_species_slugs":"european-roller;spotted-flycatcher","has_focal":true},"geometry":{"type":"Point","coordinates":[69.4816773,22.8378076]}},{"type":"Feature","properties":{"GROUP.ID":"G15590080","LOCALITY":"T49 G4","LATITUDE":23.5067763,"LONGITUDE":68.6881773,"OBSERVATION.DATE":"2025-09-20","OBSERVER.ID":"obsr4399854","DURATION.MINUTES":50.0,"SAMPLING.EVENT.IDENTIFIER":"S275060142","species_list":"Ashy-crowned Sparrow-Lark; Asian Green Bee-eater; Bay-backed Shrike; Baya Weaver; Black-winged Kite; Black Drongo; Blue-cheeked Bee-eater; Common Babbler; Common Hoopoe; Eastern Cattle-Egret; Eastern Red-rumped Swallow; Eurasian Collared-Dove; European Roller; Glossy Ibis; Great Gray Shrike; House Crow; House Sparrow; Indian Roller; Laughing Dove; Paddyfield Pipit; Red-naped Ibis; Red-vented Bulbul; Red-wattled Lapwing; Red Collared-Dove; Rosy Starling; Rufous-tailed Scrub-Robin; Siberian Stonechat; White-throated Kingfisher; Yellow-wattled Lapwing","n_species":29,"focal_species_seen":"Blue-cheeked Bee-eater; European Roller; Rufous-tailed Scrub-Robin","focal_species_slugs":"blue-cheeked-bee-eater;european-roller;rufous-tailed-scrub-robin","has_focal":true},"geometry":{"type":"Point","coordinates":[68.6881773,23.5067763]}},{"type":"Feature","properties":{"GROUP.ID":"G15598098","LOCALITY":"T29G4","LATITUDE":23.97959,"LONGITUDE":69.779969,"OBSERVATION.DATE":"2025-09-20","OBSERVER.ID":"obsr4399854","DURATION.MINUTES":62.0,"SAMPLING.EVENT.IDENTIFIER":"S275060238","species_list":"Ashy-crowned Sparrow-Lark; Asian Green Bee-eater; Black-winged Stilt; Black Drongo; Blue-cheeked Bee-eater; Chestnut-bellied Sandgrouse; Common Babbler; Common Greenshank; Common Hoopoe; Common Sandpiper; Common Tailorbird; Crested Lark; Eurasian Collared-Dove; Eurasian Wryneck; Gray-necked Bunting; Great Gray Shrike; Greater Flamingo; Green Sandpiper; Gull-billed Tern; Indian Silverbill; Laughing Dove; Little Ringed Plover; Long-tailed Shrike; Paddyfield Pipit; Purple Sunbird; Red-vented Bulbul; Red-wattled Lapwing; Red Collared-Dove; Rosy Starling; Rufous-fronted Prinia; Sirkeer Malkoha; Sykes's Warbler; Tawny Pipit; Whiskered Tern; White-eared Bulbul; Wire-tailed Swallow","n_species":36,"focal_species_seen":"Blue-cheeked Bee-eater","focal_species_slugs":"blue-cheeked-bee-eater","has_focal":true},"geometry":{"type":"Point","coordinates":[69.779969,23.97959]}},{"type":"Feature","properties":{"GROUP.ID":"G15591083","LOCALITY":"T22G2_Gagodar","LATITUDE":23.4213494,"LONGITUDE":70.8282997,"OBSERVATION.DATE":"2025-09-20","OBSERVER.ID":"obsr4399854","DURATION.MINUTES":82.0,"SAMPLING.EVENT.IDENTIFIER":"S275060321","species_list":"Ashy-crowned Sparrow-Lark; Baya Weaver; Common Babbler; Common Tailorbird; Eastern Cattle-Egret; European Roller; Gray Francolin; Indian Peafowl; Laughing Dove; Little Ringed Plover; Medium Egret; Plain Prinia; Purple Heron; Purple Sunbird; Red-vented Bulbul; Red-wattled Lapwing; Rufous-fronted Prinia; Siberian Stonechat; Spotted Flycatcher; White-eared Bulbul; Wire-tailed Swallow","n_species":21,"focal_species_seen":"European Roller; Spotted Flycatcher","focal_species_slugs":"european-roller;spotted-flycatcher","has_focal":true},"geometry":{"type":"Point","coordinates":[70.8282997,23.4213494]}},{"type":"Feature","properties":{"GROUP.ID":"G15589811","LOCALITY":"Team-50 Grid-4","LATITUDE":23.614367,"LONGITUDE":68.520337,"OBSERVATION.DATE":"2025-09-20","OBSERVER.ID":"obsr4399854","DURATION.MINUTES":46.0,"SAMPLING.EVENT.IDENTIFIER":"S275060458","species_list":"Asian Green Bee-eater; Asian Koel; Barn Swallow; Bay-backed Shrike; Baya Weaver; Black-crowned Night Heron; Booted Eagle; Common Babbler; Common Hoopoe; Common Kingfisher; Common Tailorbird; Eastern Cattle-Egret; Eurasian Collared-Dove; European Roller; Gray-breasted Prinia; Gray Francolin; Great Cormorant; House Sparrow; Indian Peafowl; Indian Robin; Indian Silverbill; Little Heron; Long-tailed Shrike; Painted Stork; Plain Prinia; Purple Sunbird; Red-vented Bulbul; Red-wattled Lapwing; Red Collared-Dove; Rosy Starling; Spotted Flycatcher; White-tailed Iora; White-throated Kingfisher; Wire-tailed Swallow","n_species":34,"focal_species_seen":"European Roller; Spotted Flycatcher","focal_species_slugs":"european-roller;spotted-flycatcher","has_focal":true},"geometry":{"type":"Point","coordinates":[68.520337,23.614367]}},{"type":"Feature","properties":{"GROUP.ID":"G15589745","LOCALITY":"Team-50 Grid-2","LATITUDE":23.567636,"LONGITUDE":68.50869,"OBSERVATION.DATE":"2025-09-20","OBSERVER.ID":"obsr4399854","DURATION.MINUTES":54.0,"SAMPLING.EVENT.IDENTIFIER":"S275060522","species_list":"Ashy-crowned Sparrow-Lark; Asian Desert Warbler; Barn Swallow; Barred Buttonquail; Bay-backed Shrike; Black-winged Kite; Black Drongo; Black Francolin; Blyth's Reed Warbler; Chestnut-bellied Sandgrouse; Common Babbler; Common Cuckoo; Common Hoopoe; Crested Lark; Eastern Cattle-Egret; Eurasian Collared-Dove; European Roller; Gray-breasted Prinia; Gray Francolin; Great Gray Shrike; Indian Peafowl; Indian Silverbill; Indian Thick-knee; Jungle Prinia; Laughing Dove; Lesser Whistling-Duck; Long-billed Pipit; Purple Sunbird; Red-backed Shrike; Red-vented Bulbul; Rosy Starling; Rufous-fronted Prinia; Siberian Stonechat; Spotted Flycatcher; Tawny Pipit; Variable Wheatear; Wire-tailed Swallow","n_species":37,"focal_species_seen":"Common Cuckoo; European Roller; Red-backed Shrike; Spotted Flycatcher","focal_species_slugs":"common-cuckoo;european-roller;red-backed-shrike;spotted-flycatcher","has_focal":true},"geometry":{"type":"Point","coordinates":[68.50869,23.567636]}},{"type":"Feature","properties":{"GROUP.ID":"G15589797","LOCALITY":"T5 G3 Fachariya road","LATITUDE":22.994537,"LONGITUDE":69.7343081,"OBSERVATION.DATE":"2025-09-20","OBSERVER.ID":"obsr4399854","DURATION.MINUTES":2.0,"SAMPLING.EVENT.IDENTIFIER":"S275063979","species_list":"Long-tailed Shrike; Siberian Stonechat; Spotted Flycatcher","n_species":3,"focal_species_seen":"Spotted Flycatcher","focal_species_slugs":"spotted-flycatcher","has_focal":true},"geometry":{"type":"Point","coordinates":[69.7343081,22.994537]}},{"type":"Feature","properties":{"GROUP.ID":"G15589780","LOCALITY":"T5 G4 Bandhara","LATITUDE":23.0298364,"LONGITUDE":69.7396825,"OBSERVATION.DATE":"2025-09-20","OBSERVER.ID":"obsr4399854","DURATION.MINUTES":3.0,"SAMPLING.EVENT.IDENTIFIER":"S275065542","species_list":"European Roller; Indian Bushlark; Indian Golden Oriole; Long-tailed Shrike","n_species":4,"focal_species_seen":"European Roller","focal_species_slugs":"european-roller","has_focal":true},"geometry":{"type":"Point","coordinates":[69.7396825,23.0298364]}},{"type":"Feature","properties":{"GROUP.ID":"G15589729","LOCALITY":"T38, G2","LATITUDE":23.1614658,"LONGITUDE":69.1697498,"OBSERVATION.DATE":"2025-09-20","OBSERVER.ID":"obsr4399854","DURATION.MINUTES":72.0,"SAMPLING.EVENT.IDENTIFIER":"S275065834","species_list":"Ashy-crowned Sparrow-Lark; Asian Green Bee-eater; Asian Koel; Barred Buttonquail; Bay-backed Shrike; Black-winged Kite; Black Drongo; Black Francolin; Brahminy Starling; Common Babbler; Common Cuckoo; Common Hoopoe; Common Tailorbird; Eastern Cattle-Egret; Eurasian Collared-Dove; European Roller; Glossy Ibis; Gray-breasted Prinia; Gray Francolin; House Sparrow; Indian Bushlark; Indian Peafowl; Indian Pond-Heron; Indian Robin; Indian Silverbill; Laughing Dove; Little Cormorant; Long-tailed Shrike; Oriental Honey-buzzard; Pied Cuckoo; Pied Kingfisher; Plain Prinia; Red-backed Shrike; Red-vented Bulbul; Red-wattled Lapwing; Red Collared-Dove; River Tern; Rosy Starling; Rufous-fronted Prinia; Siberian Stonechat; Sirkeer Malkoha; Small Minivet; Spotted Flycatcher; Streaked Weaver; Tawny Pipit; White-browed Bushchat; White-eared Bulbul; White-throated Kingfisher","n_species":48,"focal_species_seen":"Common Cuckoo; European Roller; Red-backed Shrike; Spotted Flycatcher","focal_species_slugs":"common-cuckoo;european-roller;red-backed-shrike;spotted-flycatcher","has_focal":true},"geometry":{"type":"Point","coordinates":[69.1697498,23.1614658]}},{"type":"Feature","properties":{"GROUP.ID":"G15598517","LOCALITY":"T26G4, Kharoi - Kakarva - Ramvav Road, Kachchh, Gujarat, IN (23.473, 70.404)","LATITUDE":23.4731944,"LONGITUDE":70.4039663,"OBSERVATION.DATE":"2025-09-20","OBSERVER.ID":"obsr4399854","DURATION.MINUTES":55.0,"SAMPLING.EVENT.IDENTIFIER":"S275066009","species_list":"Ashy-crowned Sparrow-Lark; Asian Green Bee-eater; Baya Weaver; Common Babbler; Common Tailorbird; Eastern Red-rumped Swallow; Eurasian Collared-Dove; European Roller; Gray-breasted Prinia; Gray Francolin; Greater Coucal; House Sparrow; Indian Peafowl; Indian Silverbill; Jungle Prinia; Laughing Dove; Long-tailed Shrike; Pied Cuckoo; Plain Prinia; Red-naped Ibis; Red-vented Bulbul; Red-wattled Lapwing; Shikra; Variable Wheatear; White-eared Bulbul; White-throated Kingfisher; Wire-tailed Swallow; Yellow-throated Sparrow","n_species":28,"focal_species_seen":"European Roller","focal_species_slugs":"european-roller","has_focal":true},"geometry":{"type":"Point","coordinates":[70.4039663,23.4731944]}},{"type":"Feature","properties":{"GROUP.ID":"G15593477","LOCALITY":"T2G2 - Unnamed Road, Kachchh, Gujarat, IN (23.248, 69.758)","LATITUDE":23.2479587,"LONGITUDE":69.758215,"OBSERVATION.DATE":"2025-09-20","OBSERVER.ID":"obsr4399854","DURATION.MINUTES":56.0,"SAMPLING.EVENT.IDENTIFIER":"S275066127","species_list":"Ashy-crowned Sparrow-Lark; Asian Green Bee-eater; Baya Weaver; Common Babbler; Common Sandpiper; Eurasian Collared-Dove; Eurasian Moorhen; Great Gray Shrike; Indian Silverbill; Kentish Plover; Little Cormorant; Little Egret; Little Grebe; Long-tailed Shrike; Marsh Sandpiper; Purple Sunbird; Red-naped Ibis; Red-wattled Lapwing; River Tern; Western Marsh Harrier; White-breasted Waterhen; Wire-tailed Swallow","n_species":22,"focal_species_seen":"","focal_species_slugs":"","has_focal":false},"geometry":{"type":"Point","coordinates":[69.758215,23.2479587]}},{"type":"Feature","properties":{"GROUP.ID":"G15589664","LOCALITY":"Team2025_39-1, Bhajir Vandh, Gujarat, IN (23.208, 68.855)","LATITUDE":23.2076933,"LONGITUDE":68.8552567,"OBSERVATION.DATE":"2025-09-20","OBSERVER.ID":"obsr4399854","DURATION.MINUTES":64.0,"SAMPLING.EVENT.IDENTIFIER":"S275066303","species_list":"Asian Green Bee-eater; Barn Swallow; Barred Buttonquail; Bay-backed Shrike; Baya Weaver; Black Francolin; Brahminy Starling; Common Hoopoe; Dusky Crag-Martin; Eurasian Collared-Dove; European Roller; Gray Francolin; Great Gray Shrike; Greater Coucal; Greater Short-toed Lark; Indian Robin; Indian Spot-billed Duck; Isabelline Shrike; Isabelline Wheatear; Jungle Prinia; Laughing Dove; Lesser Florican; Lesser Whitethroat; Long-billed Pipit; Long-tailed Shrike; Pied Bushchat; Pied Cuckoo; Purple Sunbird; Red-backed Shrike; Red-tailed Shrike; Red-vented Bulbul; Red-wattled Lapwing; Rock Bush-Quail; Rose-ringed Parakeet; Rosy Starling; Spotted Flycatcher; Striolated Bunting; Sykes's Warbler; Variable Wheatear; White-eared Bulbul","n_species":40,"focal_species_seen":"European Roller; Red-backed Shrike; Red-tailed Shrike; Spotted Flycatcher","focal_species_slugs":"european-roller;red-backed-shrike;red-tailed-shrike;spotted-flycatcher","has_focal":true},"geometry":{"type":"Point","coordinates":[68.8552567,23.2076933]}},{"type":"Feature","properties":{"GROUP.ID":"G15589665","LOCALITY":"Team2025_39-2Vada Padhar Road, Prajau, Gujarat, IN (23.156, 68.799)","LATITUDE":23.1559983,"LONGITUDE":68.79916,"OBSERVATION.DATE":"2025-09-20","OBSERVER.ID":"obsr4399854","DURATION.MINUTES":32.0,"SAMPLING.EVENT.IDENTIFIER":"S275066426","species_list":"Ashy-crowned Sparrow-Lark; Asian Green Bee-eater; Asian Koel; Barn Swallow; Bay-backed Shrike; Black-winged Stilt; Black Drongo; Common Cuckoo; Common Hoopoe; Common Kingfisher; Common Myna; Common Sandpiper; Common Tailorbird; Dusky Crag-Martin; Eurasian Collared-Dove; Eurasian Wryneck; European Roller; Glossy Ibis; Gray-breasted Prinia; Gray Francolin; Great Gray Shrike; Greater Coucal; Greater Whitethroat; Green Sandpiper; House Crow; House Sparrow; Indian Robin; Indian Silverbill; Indian Spot-billed Duck; Isabelline Shrike; Jungle Prinia; Knob-billed Duck; Laughing Dove; Lesser Whistling-Duck; Lesser Whitethroat; Long-tailed Shrike; Montagu's Harrier; Oriental Darter; Paddyfield Pipit; Painted Stork; Pied Cuckoo; Pied Kingfisher; Plain Prinia; Purple Sunbird; Red-backed Shrike; Red-naped Ibis; Red-tailed Shrike; Red-vented Bulbul; Red-wattled Lapwing; Red Collared-Dove; River Tern; Rose-ringed Parakeet; Rosy Starling; Shikra; Siberian Stonechat; Spotted Flycatcher; Sykes's Warbler; Variable Wheatear; Whiskered Tern; White-tailed Iora; White-throated Kingfisher; Yellow-crowned Woodpecker; Yellow-wattled Lapwing; Zitting Cisticola","n_species":64,"focal_species_seen":"Common Cuckoo; European Roller; Greater Whitethroat; Red-backed Shrike; Red-tailed Shrike; Spotted Flycatcher","focal_species_slugs":"common-cuckoo;european-roller;greater-whitethroat;red-backed-shrike;red-tailed-shrike;spotted-flycatcher","has_focal":true},"geometry":{"type":"Point","coordinates":[68.79916,23.1559983]}},{"type":"Feature","properties":{"GROUP.ID":"G15598515","LOCALITY":"T26G2, Kharoi Road, Kachchh, Gujarat, IN (23.437, 70.341)","LATITUDE":23.4365639,"LONGITUDE":70.3407678,"OBSERVATION.DATE":"2025-09-20","OBSERVER.ID":"obsr4399854","DURATION.MINUTES":60.0,"SAMPLING.EVENT.IDENTIFIER":"S275066580","species_list":"Ashy-crowned Sparrow-Lark; Baya Weaver; Common Babbler; Common Tailorbird; Eastern Cattle-Egret; Eurasian Collared-Dove; European Roller; Glossy Ibis; House Sparrow; Indian Peafowl; Indian Robin; Indian Silverbill; Jungle Prinia; Laughing Dove; Little Egret; Pied Kingfisher; Plain Prinia; Purple Sunbird; Red-vented Bulbul; Red-wattled Lapwing; River Tern; Rosy Starling; Rufous-tailed Lark; Streak-throated Swallow; Western Yellow Wagtail; White-eared Bulbul","n_species":26,"focal_species_seen":"European Roller","focal_species_slugs":"european-roller","has_focal":true},"geometry":{"type":"Point","coordinates":[70.3407678,23.4365639]}},{"type":"Feature","properties":{"GROUP.ID":"G15589834","LOCALITY":"T13G4 Anandsar-Kuvathada Road","LATITUDE":23.251249,"LONGITUDE":69.43914,"OBSERVATION.DATE":"2025-09-20","OBSERVER.ID":"obsr4399854","DURATION.MINUTES":45.0,"SAMPLING.EVENT.IDENTIFIER":"S275066699","species_list":"Ashy-crowned Sparrow-Lark; Asian Green Bee-eater; Asian Koel; Baya Weaver; Black-headed Ibis; Booted Eagle; Common Babbler; Common Hoopoe; Common Kingfisher; Common Tailorbird; Eastern Cattle-Egret; Eastern Red-rumped Swallow; Eurasian Collared-Dove; European Roller; Gray-breasted Prinia; Gray-necked Bunting; Greater Whitethroat; Green Sandpiper; Indian Bushlark; Indian Pond-Heron; Indian Robin; Jungle Prinia; Laughing Dove; Lesser Whistling-Duck; Lesser Whitethroat; Little Cormorant; Little Egret; Long-tailed Shrike; Oriental Darter; Pied Cuckoo; Purple Sunbird; Red-vented Bulbul; Red Collared-Dove; Rosy Starling; Siberian Stonechat; Spotted Flycatcher; White-eared Bulbul; White-throated Kingfisher; Yellow-crowned Woodpecker","n_species":39,"focal_species_seen":"European Roller; Greater Whitethroat; Spotted Flycatcher","focal_species_slugs":"european-roller;greater-whitethroat;spotted-flycatcher","has_focal":true},"geometry":{"type":"Point","coordinates":[69.43914,23.251249]}},{"type":"Feature","properties":{"GROUP.ID":"G15589643","LOCALITY":"T33 G2","LATITUDE":22.9641983,"LONGITUDE":69.2789533,"OBSERVATION.DATE":"2025-09-20","OBSERVER.ID":"obsr4399854","DURATION.MINUTES":67.0,"SAMPLING.EVENT.IDENTIFIER":"S275066822","species_list":"Asian Green Bee-eater; Asian Koel; Baya Weaver; Common Tailorbird; Eastern Cattle-Egret; Eurasian Collared-Dove; Gray-breasted Prinia; Gray Francolin; House Sparrow; Indian Cormorant; Indian Silverbill; Laughing Dove; Lesser Whitethroat; Little Cormorant; Oriental Darter; Oriental Honey-buzzard; Pied Kingfisher; Plain Prinia; Purple Sunbird; Red-vented Bulbul; Red-wattled Lapwing; River Tern; Rosy Starling; Siberian Stonechat; Spotted Flycatcher; Tree Pipit; White-breasted Waterhen; White-eared Bulbul; White-throated Kingfisher","n_species":29,"focal_species_seen":"Spotted Flycatcher","focal_species_slugs":"spotted-flycatcher","has_focal":true},"geometry":{"type":"Point","coordinates":[69.2789533,22.9641983]}},{"type":"Feature","properties":{"GROUP.ID":"G15589824","LOCALITY":"T10G1","LATITUDE":22.9149722,"LONGITUDE":69.9856381,"OBSERVATION.DATE":"2025-09-20","OBSERVER.ID":"obsr4399854","DURATION.MINUTES":50.0,"SAMPLING.EVENT.IDENTIFIER":"S275066974","species_list":"Asian Green Bee-eater; Bar-tailed Godwit; Barn Swallow; Bay-backed Shrike; Black-headed Ibis; Black-winged Stilt; Black Drongo; Brahminy Starling; Broad-billed Sandpiper; Common Kingfisher; Common Myna; Common Redshank; Common Sandpiper; Crested Lark; Eastern Cattle-Egret; Eastern Red-rumped Swallow; Eurasian Collared-Dove; Eurasian Kestrel; Eurasian Spoonbill; European Roller; Gray-breasted Prinia; Gray Heron; Great Egret; Greater Coucal; Greater Sand-Plover; Indian Cormorant; Indian Pond-Heron; Indian Roller; Isabelline Shrike; Jungle Prinia; Laughing Dove; Lesser Flamingo; Little Cormorant; Little Egret; Little Tern; Long-tailed Shrike; Marsh Sandpiper; Oriental Darter; Painted Stork; Pied Avocet; Purple Heron; Purple Sunbird; Red-naped Ibis; Red-vented Bulbul; River Tern; Ruff; Sand Lark; Spotted Flycatcher; Streak-throated Swallow; Tawny Lark; Tibetan Sand-Plover; Tree Pipit; Western Marsh Harrier; Western Reef-Heron; Whiskered Tern; White-throated Kingfisher; Wood Sandpiper; Zitting Cisticola","n_species":58,"focal_species_seen":"European Roller; Spotted Flycatcher","focal_species_slugs":"european-roller;spotted-flycatcher","has_focal":true},"geometry":{"type":"Point","coordinates":[69.9856381,22.9149722]}},{"type":"Feature","properties":{"GROUP.ID":"G15590022","LOCALITY":"T6 G1","LATITUDE":22.7874409,"LONGITUDE":69.4442911,"OBSERVATION.DATE":"2025-09-20","OBSERVER.ID":"obsr4399854","DURATION.MINUTES":69.0,"SAMPLING.EVENT.IDENTIFIER":"S275067070","species_list":"Asian Green Bee-eater; Barn Swallow; Black Drongo; Common Babbler; Common Tailorbird; Eurasian Collared-Dove; Eurasian Curlew; Eurasian Spoonbill; European Roller; Gray Francolin; Great Thick-knee; Greater Coucal; Gull-billed Tern; House Crow; Indian Bushlark; Indian Silverbill; Kentish Plover; Laughing Dove; Lesser Black-backed Gull; Lesser Whitethroat; Little Stint; Montagu's Harrier; Paddyfield Pipit; Purple Sunbird; Red-vented Bulbul; Red-wattled Lapwing; River Tern; Rose-ringed Parakeet; Sand Lark; Sanderling; Shikra; Spotted Flycatcher; Terek Sandpiper; Western Marsh Harrier; White-eared Bulbul; White-throated Kingfisher; Wire-tailed Swallow","n_species":37,"focal_species_seen":"European Roller; Spotted Flycatcher","focal_species_slugs":"european-roller;spotted-flycatcher","has_focal":true},"geometry":{"type":"Point","coordinates":[69.4442911,22.7874409]}},{"type":"Feature","properties":{"GROUP.ID":"G15589657","LOCALITY":"T28G2-Kalodungar - Day1","LATITUDE":23.7772975,"LONGITUDE":69.8257689,"OBSERVATION.DATE":"2025-09-20","OBSERVER.ID":"obsr4399854","DURATION.MINUTES":79.0,"SAMPLING.EVENT.IDENTIFIER":"S275067179","species_list":"Asian Green Bee-eater; Bay-backed Shrike; Baya Weaver; Black-winged Kite; Common Babbler; Common Hoopoe; Eurasian Collared-Dove; Eurasian Wryneck; European Roller; Glossy Ibis; Gray Francolin; Indian Robin; Indian Silverbill; Laughing Dove; Oriental Honey-buzzard; Paddyfield Pipit; Red-vented Bulbul; Red-wattled Lapwing; River Tern; Spotted Flycatcher; Variable Wheatear; White-eared Bulbul; Yellow-throated Sparrow","n_species":23,"focal_species_seen":"European Roller; Spotted Flycatcher","focal_species_slugs":"european-roller;spotted-flycatcher","has_focal":true},"geometry":{"type":"Point","coordinates":[69.8257689,23.7772975]}},{"type":"Feature","properties":{"GROUP.ID":"G15589856","LOCALITY":"T27G3, Daddhar Moti, Gujarat, IN (23.72, 69.857)","LATITUDE":23.7198177,"LONGITUDE":69.8565295,"OBSERVATION.DATE":"2025-09-20","OBSERVER.ID":"obsr4399854","DURATION.MINUTES":39.0,"SAMPLING.EVENT.IDENTIFIER":"S275067266","species_list":"Ashy-crowned Sparrow-Lark; Black-tailed Godwit; Black-winged Stilt; Blyth's Reed Warbler; Common Babbler; Common Sandpiper; Eastern Cattle-Egret; Eastern Red-rumped Swallow; Greater Flamingo; Green Sandpiper; Gull-billed Tern; Indian Spot-billed Duck; Isabelline Wheatear; Laughing Dove; Little Stint; Medium Egret; Pied Avocet; Pied Cuckoo; Plain Prinia; Red-tailed Shrike; Red-wattled Lapwing; Ruff; Rufous-tailed Scrub-Robin; Siberian Stonechat; Temminck's Stint; White-eared Bulbul","n_species":26,"focal_species_seen":"Red-tailed Shrike; Rufous-tailed Scrub-Robin","focal_species_slugs":"red-tailed-shrike;rufous-tailed-scrub-robin","has_focal":true},"geometry":{"type":"Point","coordinates":[69.8565295,23.7198177]}},{"type":"Feature","properties":{"GROUP.ID":"G15589858","LOCALITY":"T 27 G 4 Juna, Gujarat, IN (23.772, 69.919)","LATITUDE":23.7719492,"LONGITUDE":69.9188786,"OBSERVATION.DATE":"2025-09-20","OBSERVER.ID":"obsr4399854","DURATION.MINUTES":26.0,"SAMPLING.EVENT.IDENTIFIER":"S275067367","species_list":"Ashy-crowned Sparrow-Lark; Asian Green Bee-eater; Barred Buttonquail; Black Drongo; Blyth's Reed Warbler; Booted Eagle; Common Babbler; Common Tailorbird; Eastern Cattle-Egret; Eastern Red-rumped Swallow; Gray-breasted Prinia; Gray Francolin; Great Gray Shrike; House Crow; House Sparrow; Indian Bushlark; Indian Robin; Indian Silverbill; Laughing Dove; Long-legged Buzzard; Purple Sunbird; Red-vented Bulbul; Rufous-fronted Prinia; Shikra; Variable Wheatear; White-eared Bulbul","n_species":26,"focal_species_seen":"","focal_species_slugs":"","has_focal":false},"geometry":{"type":"Point","coordinates":[69.9188786,23.7719492]}},{"type":"Feature","properties":{"GROUP.ID":"G15589516","LOCALITY":"T11G3","LATITUDE":23.1675274,"LONGITUDE":70.0427535,"OBSERVATION.DATE":"2025-09-20","OBSERVER.ID":"obsr4399854","DURATION.MINUTES":62.0,"SAMPLING.EVENT.IDENTIFIER":"S275067521","species_list":"Asian Green Bee-eater; Black Drongo; Common Hoopoe; Common Kingfisher; Common Sandpiper; Eurasian Kestrel; Gray-breasted Prinia; Gray Heron; House Sparrow; Indian Peafowl; Laughing Dove; Little Cormorant; Plain Prinia; Purple Sunbird; Red-naped Ibis; Red-vented Bulbul; Red-wattled Lapwing; Rose-ringed Parakeet; Spotted Flycatcher; Western Yellow Wagtail; White-throated Kingfisher; Yellow-wattled Lapwing","n_species":22,"focal_species_seen":"Spotted Flycatcher","focal_species_slugs":"spotted-flycatcher","has_focal":true},"geometry":{"type":"Point","coordinates":[70.0427535,23.1675274]}},{"type":"Feature","properties":{"GROUP.ID":"G15590230","LOCALITY":"T36G3-Kotaya, Gujarat, IN (23.038, 69.078)","LATITUDE":23.0376252,"LONGITUDE":69.078477,"OBSERVATION.DATE":"2025-09-20","OBSERVER.ID":"obsr4399854","DURATION.MINUTES":90.0,"SAMPLING.EVENT.IDENTIFIER":"S275067659","species_list":"Ashy-crowned Sparrow-Lark; Asian Green Bee-eater; Bank Myna; Barn Swallow; Baya Weaver; Black Drongo; Brahminy Starling; Common Babbler; Common Hoopoe; Common Kingfisher; Common Sandpiper; Common Tailorbird; Eastern Cattle-Egret; Eurasian Collared-Dove; European Roller; Gray Francolin; Great Cormorant; Green Warbler; House Sparrow; Indian Peafowl; Indian Pond-Heron; Indian Robin; Indian Silverbill; Laughing Dove; Little Cormorant; Long-tailed Shrike; Pied Kingfisher; Purple Sunbird; Red-naped Ibis; Red-vented Bulbul; Red-wattled Lapwing; Red Collared-Dove; River Tern; Rosy Starling; White-breasted Waterhen; White-eared Bulbul; White-tailed Iora; White-throated Kingfisher; Wire-tailed Swallow","n_species":39,"focal_species_seen":"European Roller","focal_species_slugs":"european-roller","has_focal":true},"geometry":{"type":"Point","coordinates":[69.078477,23.0376252]}},{"type":"Feature","properties":{"GROUP.ID":"G15590557","LOCALITY":"T18G2 - Ravechi-Suvai Road, Kachchh, Gujarat, IN (23.667, 70.571)","LATITUDE":23.6666114,"LONGITUDE":70.5711012,"OBSERVATION.DATE":"2025-09-20","OBSERVER.ID":"obsr4399854","DURATION.MINUTES":61.0,"SAMPLING.EVENT.IDENTIFIER":"S275067782","species_list":"Ashy-crowned Sparrow-Lark; Asian Green Bee-eater; Black-winged Stilt; Blue-cheeked Bee-eater; Brahminy Starling; Common Babbler; Common Sandpiper; Dusky Crag-Martin; Eurasian Collared-Dove; Eurasian Wryneck; Glossy Ibis; Gray Francolin; House Sparrow; Indian Peafowl; Indian Pond-Heron; Indian Robin; Indian Silverbill; Indian Spot-billed Duck; Laughing Dove; Little Cormorant; Purple Sunbird; Red-naped Ibis; Red-vented Bulbul; Red-wattled Lapwing; Red Collared-Dove; Rose-ringed Parakeet; Western Yellow Wagtail; White-breasted Waterhen; White-browed Wagtail; White-eared Bulbul; White-tailed Iora; White-throated Kingfisher; Yellow-throated Sparrow; Yellow-wattled Lapwing; Zitting Cisticola","n_species":35,"focal_species_seen":"Blue-cheeked Bee-eater","focal_species_slugs":"blue-cheeked-bee-eater","has_focal":true},"geometry":{"type":"Point","coordinates":[70.5711012,23.6666114]}},{"type":"Feature","properties":{"GROUP.ID":"G15593478","LOCALITY":"T2G4 - Kachchh, Gujarat, IN (23.282, 69.716)","LATITUDE":23.2821586,"LONGITUDE":69.716241,"OBSERVATION.DATE":"2025-09-20","OBSERVER.ID":"obsr4399854","DURATION.MINUTES":68.0,"SAMPLING.EVENT.IDENTIFIER":"S275067980","species_list":"Asian Green Bee-eater; Barn Swallow; Common Babbler; Common Hoopoe; Eurasian Collared-Dove; Eurasian Spoonbill; Eurasian Wryneck; European Roller; Indian Bushlark; Indian Pond-Heron; Indian Robin; Indian Roller; Painted Stork; Pied Cuckoo; Pied Kingfisher; Purple Sunbird; Red-vented Bulbul; Red-wattled Lapwing; Rufous-tailed Scrub-Robin; Siberian Stonechat; Sirkeer Malkoha; Spotted Flycatcher; Variable Wheatear; White-eared Bulbul; Zitting Cisticola","n_species":25,"focal_species_seen":"European Roller; Rufous-tailed Scrub-Robin; Spotted Flycatcher","focal_species_slugs":"european-roller;rufous-tailed-scrub-robin;spotted-flycatcher","has_focal":true},"geometry":{"type":"Point","coordinates":[69.716241,23.2821586]}},{"type":"Feature","properties":{"GROUP.ID":"G15589837","LOCALITY":"T13G3 Kurbai","LATITUDE":23.204988,"LONGITUDE":69.396435,"OBSERVATION.DATE":"2025-09-20","OBSERVER.ID":"obsr4399854","DURATION.MINUTES":60.0,"SAMPLING.EVENT.IDENTIFIER":"S275068173","species_list":"Asian Green Bee-eater; Bay-backed Shrike; Baya Weaver; Black-winged Kite; Common Babbler; Common Hoopoe; Common Tailorbird; Common Woodshrike; Dusky Crag-Martin; Eastern Cattle-Egret; Eastern Red-rumped Swallow; Eurasian Hobby; Eurasian Kestrel; European Roller; Gray-breasted Prinia; Gray Francolin; Greater Coucal; House Sparrow; Indian Peafowl; Indian Robin; Jungle Prinia; Laughing Dove; Lesser Whitethroat; Little Swift; Long-tailed Shrike; Pied Cuckoo; Red-naped Ibis; Red-vented Bulbul; Red-wattled Lapwing; Small Minivet; Spotted Flycatcher; White-eared Bulbul; White-tailed Iora; White-throated Kingfisher; Wire-tailed Swallow; Yellow-throated Sparrow","n_species":36,"focal_species_seen":"European Roller; Spotted Flycatcher","focal_species_slugs":"european-roller;spotted-flycatcher","has_focal":true},"geometry":{"type":"Point","coordinates":[69.396435,23.204988]}},{"type":"Feature","properties":{"GROUP.ID":"G15589884","LOCALITY":"T29G2","LATITUDE":23.945249,"LONGITUDE":69.726074,"OBSERVATION.DATE":"2025-09-20","OBSERVER.ID":"obsr4399854","DURATION.MINUTES":61.0,"SAMPLING.EVENT.IDENTIFIER":"S275068251","species_list":"Ashy-crowned Sparrow-Lark; Bar-tailed Godwit; Bay-backed Shrike; Baya Weaver; Black-winged Stilt; Chestnut-bellied Sandgrouse; Common Babbler; Common Greenshank; Common Hoopoe; Common Kingfisher; Common Myna; Common Sandpiper; Eastern Cattle-Egret; Eurasian Collared-Dove; Eurasian Whimbrel; European Roller; Gray Francolin; Greater Flamingo; Green Sandpiper; House Sparrow; Indian Silverbill; Isabelline Shrike; Laughing Dove; Little Cormorant; Little Ringed Plover; Marsh Sandpiper; Paddyfield Pipit; Red-wattled Lapwing; Red Collared-Dove; Rose-ringed Parakeet; Rufous-fronted Prinia; Rufous-tailed Scrub-Robin; Temminck's Stint; Variable Wheatear; Western Marsh Harrier; White-eared Bulbul; White-throated Kingfisher; Wire-tailed Swallow; Zitting Cisticola","n_species":39,"focal_species_seen":"European Roller; Rufous-tailed Scrub-Robin","focal_species_slugs":"european-roller;rufous-tailed-scrub-robin","has_focal":true},"geometry":{"type":"Point","coordinates":[69.726074,23.945249]}},{"type":"Feature","properties":{"GROUP.ID":"G15589287","LOCALITY":"T11G1","LATITUDE":23.1292839,"LONGITUDE":70.1001027,"OBSERVATION.DATE":"2025-09-20","OBSERVER.ID":"obsr4399854","DURATION.MINUTES":63.0,"SAMPLING.EVENT.IDENTIFIER":"S275068337","species_list":"Ashy-crowned Sparrow-Lark; Asian Green Bee-eater; Barn Swallow; Baya Weaver; Chestnut-bellied Sandgrouse; Common Babbler; Common Kingfisher; Common Myna; Common Tailorbird; Gray Francolin; Great Cormorant; Indian Courser; Indian Peafowl; Indian Robin; Indian Spot-billed Duck; Laughing Dove; Little Egret; Long-tailed Shrike; Plain Prinia; Purple Heron; Purple Sunbird; Red-vented Bulbul; Red-wattled Lapwing; Tree Pipit; Yellow-wattled Lapwing","n_species":25,"focal_species_seen":"","focal_species_slugs":"","has_focal":false},"geometry":{"type":"Point","coordinates":[70.1001027,23.1292839]}},{"type":"Feature","properties":{"GROUP.ID":"G15613372","LOCALITY":"T30G2","LATITUDE":24.0187354,"LONGITUDE":69.6907248,"OBSERVATION.DATE":"2025-09-20","OBSERVER.ID":"obsr4399854","DURATION.MINUTES":49.0,"SAMPLING.EVENT.IDENTIFIER":"S275197728","species_list":"Asian Green Bee-eater; Barn Swallow; Bay-backed Shrike; Black Drongo; Common Babbler; Eastern Red-rumped Swallow; Eurasian Collared-Dove; European Roller; Gray Francolin; Greater Short-toed Lark; House Sparrow; Indian Peafowl; Isabelline Shrike; Laughing Dove; Long-billed Pipit; Montagu's Harrier; Pied Bushchat; Red-tailed Shrike; Red-vented Bulbul; Red Collared-Dove; Western Marsh Harrier; White-eared Bulbul; Wire-tailed Swallow","n_species":23,"focal_species_seen":"European Roller; Red-tailed Shrike","focal_species_slugs":"european-roller;red-tailed-shrike","has_focal":true},"geometry":{"type":"Point","coordinates":[69.6907248,24.0187354]}},{"type":"Feature","properties":{"GROUP.ID":"G15613373","LOCALITY":"T30G1","LATITUDE":24.0505291,"LONGITUDE":69.5871767,"OBSERVATION.DATE":"2025-09-21","OBSERVER.ID":"obsr4399854","DURATION.MINUTES":91.0,"SAMPLING.EVENT.IDENTIFIER":"S275197760","species_list":"Asian Green Bee-eater; Black-winged Stilt; Blue-cheeked Bee-eater; Common Babbler; Eurasian Kestrel; European Roller; Greater Flamingo; Green Sandpiper; Indian Spot-billed Duck; Isabelline Shrike; Lesser Whistling-Duck; Marsh Sandpiper; Montagu's Harrier; Osprey; Purple Sunbird; Red-backed Shrike; Red-tailed Shrike; Red-wattled Lapwing","n_species":18,"focal_species_seen":"Blue-cheeked Bee-eater; European Roller; Red-backed Shrike; Red-tailed Shrike","focal_species_slugs":"blue-cheeked-bee-eater;european-roller;red-backed-shrike;red-tailed-shrike","has_focal":true},"geometry":{"type":"Point","coordinates":[69.5871767,24.0505291]}},{"type":"Feature","properties":{"GROUP.ID":"G15617327","LOCALITY":"T12G4, Bhudarmora, Gujarat, IN (23.335, 70.189)","LATITUDE":23.3353186,"LONGITUDE":70.1885957,"OBSERVATION.DATE":"2025-09-20","OBSERVER.ID":"obsr4399854","DURATION.MINUTES":44.0,"SAMPLING.EVENT.IDENTIFIER":"S275198122","species_list":"Ashy-crowned Sparrow-Lark; Asian Green Bee-eater; Barn Swallow; Baya Weaver; Black-winged Kite; Common Babbler; Common Hoopoe; Common Sandpiper; Eastern Cattle-Egret; Eurasian Collared-Dove; Gray Francolin; Gray Heron; Indian Pond-Heron; Indian Robin; Indian Silverbill; Laughing Dove; Little Grebe; Little Stint; Plain Prinia; Purple Sunbird; Red-vented Bulbul; Red-wattled Lapwing; Red Collared-Dove; River Tern; Siberian Stonechat; White-eared Bulbul; Wire-tailed Swallow","n_species":27,"focal_species_seen":"","focal_species_slugs":"","has_focal":false},"geometry":{"type":"Point","coordinates":[70.1885957,23.3353186]}},{"type":"Feature","properties":{"GROUP.ID":"G15617329","LOCALITY":"T12G5, Lunva, Gujarat, IN (23.266, 70.246)","LATITUDE":23.2660802,"LONGITUDE":70.2464188,"OBSERVATION.DATE":"2025-09-20","OBSERVER.ID":"obsr4399854","DURATION.MINUTES":50.0,"SAMPLING.EVENT.IDENTIFIER":"S275198236","species_list":"Asian Green Bee-eater; Barn Swallow; Black-winged Kite; Black-winged Stilt; Black Drongo; Brahminy Starling; Common Babbler; Common Sandpiper; Eastern Cattle-Egret; Eurasian Collared-Dove; Eurasian Coot; Eurasian Moorhen; European Roller; Gray-headed Swamphen; Gray Francolin; Greater Coucal; House Sparrow; Indian Pond-Heron; Indian Robin; Indian Silverbill; Indian Spot-billed Duck; Laughing Dove; Lesser Whistling-Duck; Pied Cuckoo; Pied Kingfisher; Plain Prinia; Purple Sunbird; Red-naped Ibis; Red-vented Bulbul; Red-wattled Lapwing; Red Collared-Dove; River Tern; Siberian Stonechat; Spotted Flycatcher; White-eared Bulbul; White-throated Kingfisher; Wire-tailed Swallow","n_species":37,"focal_species_seen":"European Roller; Spotted Flycatcher","focal_species_slugs":"european-roller;spotted-flycatcher","has_focal":true},"geometry":{"type":"Point","coordinates":[70.2464188,23.2660802]}},{"type":"Feature","properties":{"GROUP.ID":"G15617331","LOCALITY":"T12G3, Amrapar, Gujarat, IN (23.379, 70.138)","LATITUDE":23.3790047,"LONGITUDE":70.1376485,"OBSERVATION.DATE":"2025-09-20","OBSERVER.ID":"obsr4399854","DURATION.MINUTES":63.0,"SAMPLING.EVENT.IDENTIFIER":"S275198275","species_list":"Asian Green Bee-eater; Baya Weaver; Common Babbler; Common Kingfisher; Eurasian Collared-Dove; Eurasian Coot; European Roller; House Sparrow; Laughing Dove; Little Grebe; Pied Bushchat; Pied Cuckoo; Red-backed Shrike; Red-tailed Shrike; Red-vented Bulbul; Red-wattled Lapwing; Red Collared-Dove; Variable Wheatear; Western Marsh Harrier; White-eared Bulbul; Wood Sandpiper","n_species":21,"focal_species_seen":"European Roller; Red-backed Shrike; Red-tailed Shrike","focal_species_slugs":"european-roller;red-backed-shrike;red-tailed-shrike","has_focal":true},"geometry":{"type":"Point","coordinates":[70.1376485,23.3790047]}},{"type":"Feature","properties":{"GROUP.ID":"G15617332","LOCALITY":"T12G2,khengarpar,Kachchh, Gujarat, IN (23.311, 70.083)","LATITUDE":23.3107633,"LONGITUDE":70.0830897,"OBSERVATION.DATE":"2025-09-20","OBSERVER.ID":"obsr4399854","DURATION.MINUTES":36.0,"SAMPLING.EVENT.IDENTIFIER":"S275198320","species_list":"Asian Green Bee-eater; Asian Koel; Barn Swallow; Baya Weaver; Black-winged Stilt; Black Drongo; Common Babbler; Common Cuckoo; Crested Lark; European Roller; Gray-breasted Prinia; Gray Francolin; House Sparrow; Indian Robin; Indian Silverbill; Laughing Dove; Little Grebe; Long-tailed Shrike; Montagu's Harrier; Paddyfield Pipit; Pied Cuckoo; Plain Prinia; Purple Sunbird; Red-naped Ibis; Red-vented Bulbul; Red-wattled Lapwing; Red Collared-Dove; Siberian Stonechat; Spotted Flycatcher; Tawny Pipit; Variable Wheatear; White-eared Bulbul; Wire-tailed Swallow","n_species":33,"focal_species_seen":"Common Cuckoo; European Roller; Spotted Flycatcher","focal_species_slugs":"common-cuckoo;european-roller;spotted-flycatcher","has_focal":true},"geometry":{"type":"Point","coordinates":[70.0830897,23.3107633]}},{"type":"Feature","properties":{"GROUP.ID":"G15617333","LOCALITY":"T12 G1 Bhujpar, Gujarat, IN (23.306, 70.138)","LATITUDE":23.3078467,"LONGITUDE":70.1613882,"OBSERVATION.DATE":"2025-09-20","OBSERVER.ID":"obsr4399854","DURATION.MINUTES":27.0,"SAMPLING.EVENT.IDENTIFIER":"S275198406","species_list":"Asian Green Bee-eater; Barn Swallow; Baya Weaver; Black-winged Kite; Common Babbler; Common Hoopoe; Crested Lark; Eastern Cattle-Egret; Gray-breasted Prinia; House Sparrow; Indian Robin; Indian Silverbill; Laughing Dove; Long-tailed Shrike; Oriental Honey-buzzard; Osprey; Paddyfield Pipit; Plain Prinia; Purple Sunbird; Red-vented Bulbul; Red-wattled Lapwing; Rosy Starling; Siberian Stonechat; Variable Wheatear; Western Reef-Heron; White-eared Bulbul; Yellow-eyed Babbler","n_species":27,"focal_species_seen":"","focal_species_slugs":"","has_focal":false},"geometry":{"type":"Point","coordinates":[70.1613882,23.3078467]}},{"type":"Feature","properties":{"GROUP.ID":"G15605147","LOCALITY":"T15G1","LATITUDE":23.5108015,"LONGITUDE":69.4690702,"OBSERVATION.DATE":"2025-09-20","OBSERVER.ID":"obsr4399854","DURATION.MINUTES":60.0,"SAMPLING.EVENT.IDENTIFIER":"S275198607","species_list":"Ashy-crowned Sparrow-Lark; Black-headed Ibis; Black Redstart; Common Babbler; Common Hoopoe; Common Myna; Common Sandpiper; Delicate Prinia; Eurasian Collared-Dove; European Roller; Glossy Ibis; Gray-necked Bunting; Gray Francolin; Greater Coucal; House Crow; House Sparrow; Indian Peafowl; Indian Pond-Heron; Indian Robin; Indian Silverbill; Indian Thick-knee; Laughing Dove; Lesser Whitethroat; Little Cormorant; Little Ringed Plover; Montagu's Harrier; Paddyfield Pipit; Painted Stork; Plain Prinia; Purple Sunbird; Red-backed Shrike; Red-vented Bulbul; Red-wattled Lapwing; River Tern; Rosy Starling; Rufous-fronted Prinia; Rufous-tailed Lark; Rufous-tailed Scrub-Robin; Siberian Stonechat; Spotted Flycatcher; Tawny Pipit; Western Marsh Harrier; Western Yellow Wagtail; White-eared Bulbul; White-tailed Iora; White-throated Kingfisher","n_species":46,"focal_species_seen":"European Roller; Red-backed Shrike; Rufous-tailed Scrub-Robin; Spotted Flycatcher","focal_species_slugs":"european-roller;red-backed-shrike;rufous-tailed-scrub-robin;spotted-flycatcher","has_focal":true},"geometry":{"type":"Point","coordinates":[69.4690702,23.5108015]}},{"type":"Feature","properties":{"GROUP.ID":"G15605965","LOCALITY":"T15G3","LATITUDE":23.6091496,"LONGITUDE":69.4128865,"OBSERVATION.DATE":"2025-09-20","OBSERVER.ID":"obsr4399854","DURATION.MINUTES":45.0,"SAMPLING.EVENT.IDENTIFIER":"S275199229","species_list":"Ashy-crowned Sparrow-Lark; Asian Green Bee-eater; Barn Swallow; Black-headed Ibis; Black-tailed Godwit; Black-winged Stilt; Blue-cheeked Bee-eater; Common Babbler; Common Sandpiper; Crested Lark; Eurasian Collared-Dove; Eurasian Spoonbill; European Roller; Glossy Ibis; Gray Francolin; Gray Heron; Great Egret; Greater Short-toed Lark; Green Sandpiper; House Crow; Indian Pond-Heron; Indian Spot-billed Duck; Isabelline Shrike; Laughing Dove; Little Cormorant; Little Egret; Little Ringed Plover; Little Stint; Marsh Sandpiper; Medium Egret; Oriental Darter; Paddyfield Pipit; Purple Sunbird; Red-naped Ibis; Red-wattled Lapwing; River Tern; Rosy Starling; Ruff; Rufous-fronted Prinia; Western Marsh Harrier; Whiskered Tern; White-eared Bulbul; White-throated Kingfisher; Wire-tailed Swallow; Wood Sandpiper","n_species":45,"focal_species_seen":"Blue-cheeked Bee-eater; European Roller","focal_species_slugs":"blue-cheeked-bee-eater;european-roller","has_focal":true},"geometry":{"type":"Point","coordinates":[69.4128865,23.6091496]}},{"type":"Feature","properties":{"GROUP.ID":"G15597331","LOCALITY":"T33 G3","LATITUDE":23.0515717,"LONGITUDE":69.3473283,"OBSERVATION.DATE":"2025-09-21","OBSERVER.ID":"obsr4399854","DURATION.MINUTES":81.0,"SAMPLING.EVENT.IDENTIFIER":"S275225603","species_list":"Ashy-crowned Sparrow-Lark; Asian Green Bee-eater; Bay-backed Shrike; Baya Weaver; Black-crowned Night Heron; Black Drongo; Common Babbler; Common Hoopoe; Common Kingfisher; Common Sandpiper; Common Tailorbird; Common Woodshrike; Crested Lark; Eastern Cattle-Egret; Eurasian Collared-Dove; Eurasian Hobby; Glossy Ibis; Gray-necked Bunting; Gray Francolin; Gray Heron; Great Egret; Indian Bushlark; Indian Peafowl; Indian Pond-Heron; Indian Robin; Indian Silverbill; Jungle Prinia; Laughing Dove; Little Cormorant; Little Egret; Little Swift; Long-tailed Shrike; Paddyfield Pipit; Pied Cuckoo; Pied Kingfisher; Plain Prinia; Purple Heron; Purple Sunbird; Red-vented Bulbul; Red-wattled Lapwing; Red Collared-Dove; River Tern; Rufous-fronted Prinia; Spotted Flycatcher; Tawny Lark; Tawny Pipit; Variable Wheatear; Western Marsh Harrier; White-tailed Iora; White-throated Kingfisher; Wire-tailed Swallow; Yellow-crowned Woodpecker; Yellow-eyed Babbler","n_species":53,"focal_species_seen":"Spotted Flycatcher","focal_species_slugs":"spotted-flycatcher","has_focal":true},"geometry":{"type":"Point","coordinates":[69.3473283,23.0515717]}},{"type":"Feature","properties":{"GROUP.ID":"G15598372","LOCALITY":"T51G2","LATITUDE":22.9080777,"LONGITUDE":69.4847425,"OBSERVATION.DATE":"2025-09-21","OBSERVER.ID":"obsr4399854","DURATION.MINUTES":51.0,"SAMPLING.EVENT.IDENTIFIER":"S275334341","species_list":"Asian Green Bee-eater; Black-winged Kite; Black Kite; Brahminy Starling; Common Babbler; Common Hoopoe; Common Myna; Common Tailorbird; Eastern Cattle-Egret; Eurasian Collared-Dove; Eurasian Wryneck; European Roller; Gray-breasted Prinia; Gray Francolin; Green Sandpiper; House Sparrow; Indian Golden Oriole; Indian Robin; Jungle Prinia; Laughing Dove; Lesser Whitethroat; Long-tailed Shrike; Medium Egret; Paddyfield Pipit; Pied Cuckoo; Purple Sunbird; Red-vented Bulbul; Red-wattled Lapwing; Rosy Starling; Rufous-fronted Prinia; Shikra; Streak-throated Swallow; Sykes's Warbler; White-eared Bulbul; White-tailed Iora; White-throated Kingfisher","n_species":36,"focal_species_seen":"European Roller","focal_species_slugs":"european-roller","has_focal":true},"geometry":{"type":"Point","coordinates":[69.4847425,22.9080777]}},{"type":"Feature","properties":{"GROUP.ID":"G15617735","LOCALITY":"T40G4 Passage Migrant Count - 2025","LATITUDE":23.5247155,"LONGITUDE":69.1854978,"OBSERVATION.DATE":"2025-09-21","OBSERVER.ID":"obsr4399854","DURATION.MINUTES":64.0,"SAMPLING.EVENT.IDENTIFIER":"S275334436","species_list":"Ashy-crowned Sparrow-Lark; Asian Green Bee-eater; Asian Koel; Baya Weaver; Brahminy Starling; Common Babbler; Common Hoopoe; Eurasian Wryneck; European Roller; Gray-breasted Prinia; Gray Francolin; Greater Whitethroat; House Sparrow; Indian Bushlark; Indian Peafowl; Indian Robin; Jungle Prinia; Lesser Whitethroat; Paddyfield Pipit; Pied Cuckoo; Purple Sunbird; Red-naped Ibis; Red-vented Bulbul; Red-wattled Lapwing; Rufous-fronted Prinia; Shikra; Spotted Flycatcher; Sykes's Warbler; Tawny Pipit; Variable Wheatear; White-eared Bulbul; Yellow-throated Sparrow","n_species":32,"focal_species_seen":"European Roller; Greater Whitethroat; Spotted Flycatcher","focal_species_slugs":"european-roller;greater-whitethroat;spotted-flycatcher","has_focal":true},"geometry":{"type":"Point","coordinates":[69.1854978,23.5247155]}},{"type":"Feature","properties":{"GROUP.ID":"G15617736","LOCALITY":"T40G3 Passage Migrant Count - 2025","LATITUDE":23.561792,"LONGITUDE":69.2240972,"OBSERVATION.DATE":"2025-09-21","OBSERVER.ID":"obsr4399854","DURATION.MINUTES":61.0,"SAMPLING.EVENT.IDENTIFIER":"S275334442","species_list":"Ashy-crowned Sparrow-Lark; Asian Green Bee-eater; Black Drongo; Blyth's Reed Warbler; Common Babbler; Common Tailorbird; Eastern Red-rumped Swallow; European Roller; Gray-breasted Prinia; Gray Francolin; Great Gray Shrike; Indian Bushlark; Indian Peafowl; Indian Silverbill; Jungle Prinia; Laughing Dove; Little Cormorant; Paddyfield Pipit; Red-vented Bulbul; Red-wattled Lapwing; Rosy Starling; Rufous-fronted Prinia; Rufous-tailed Lark; Rufous-tailed Scrub-Robin; Spotted Flycatcher; Variable Wheatear; White-eared Bulbul; White-tailed Iora; White-throated Kingfisher; Yellow-throated Sparrow","n_species":30,"focal_species_seen":"European Roller; Rufous-tailed Scrub-Robin; Spotted Flycatcher","focal_species_slugs":"european-roller;rufous-tailed-scrub-robin;spotted-flycatcher","has_focal":true},"geometry":{"type":"Point","coordinates":[69.2240972,23.561792]}},{"type":"Feature","properties":{"GROUP.ID":"G15621595","LOCALITY":"PMC-T4G5, Bharasar Road, Vandh Sim, Gujarat, IN (23.181, 69.582)","LATITUDE":23.1805734,"LONGITUDE":69.5819699,"OBSERVATION.DATE":"2025-09-21","OBSERVER.ID":"obsr4399854","DURATION.MINUTES":60.0,"SAMPLING.EVENT.IDENTIFIER":"S275362485","species_list":"Ashy-crowned Sparrow-Lark; Asian Green Bee-eater; Baya Weaver; Chestnut-bellied Sandgrouse; Common Babbler; Common Hoopoe; Common Tailorbird; Eastern Cattle-Egret; Eurasian Collared-Dove; European Roller; Gray Francolin; Greater Coucal; House Sparrow; Indian Peafowl; Laughing Dove; Lesser Whitethroat; Little Cormorant; Little Egret; Long-tailed Shrike; Oriental Darter; Pied Cuckoo; Red-vented Bulbul; Red-wattled Lapwing; River Tern; Spotted Flycatcher; White-eared Bulbul","n_species":26,"focal_species_seen":"European Roller; Spotted Flycatcher","focal_species_slugs":"european-roller;spotted-flycatcher","has_focal":true},"geometry":{"type":"Point","coordinates":[69.5819699,23.1805734]}},{"type":"Feature","properties":{"GROUP.ID":"G15596702","LOCALITY":"PMC-T4G1, Unnamed Road, Kachchh, Gujarat, IN (23.017, 69.567)","LATITUDE":23.0174851,"LONGITUDE":69.5672284,"OBSERVATION.DATE":"2025-09-20","OBSERVER.ID":"obsr4399854","DURATION.MINUTES":50.0,"SAMPLING.EVENT.IDENTIFIER":"S275362561","species_list":"Ashy-crowned Sparrow-Lark; Asian Green Bee-eater; Bay-backed Shrike; Chestnut-bellied Sandgrouse; Common Babbler; Common Tailorbird; Common Woodshrike; Crested Lark; Dusky Crag-Martin; Eurasian Collared-Dove; European Roller; Glossy Ibis; Gray-necked Bunting; Gray Francolin; Indian Robin; Jungle Prinia; Laughing Dove; Long-tailed Shrike; Oriental Darter; Paddyfield Pipit; Pied Cuckoo; Plain Prinia; Purple Sunbird; Red-vented Bulbul; Red-wattled Lapwing; River Tern; Rosy Starling; Small Minivet; Spotted Flycatcher; Sykes's Warbler; Western Marsh Harrier","n_species":31,"focal_species_seen":"European Roller; Spotted Flycatcher","focal_species_slugs":"european-roller;spotted-flycatcher","has_focal":true},"geometry":{"type":"Point","coordinates":[69.5672284,23.0174851]}},{"type":"Feature","properties":{"GROUP.ID":"G15596705","LOCALITY":"PMC-T4G3, Dahisara-Chundi Road, Kachchh, Gujarat, IN (23.071, 69.534)","LATITUDE":23.0707549,"LONGITUDE":69.5339332,"OBSERVATION.DATE":"2025-09-20","OBSERVER.ID":"obsr4399854","DURATION.MINUTES":68.0,"SAMPLING.EVENT.IDENTIFIER":"S275362578","species_list":"Ashy-crowned Sparrow-Lark; Asian Green Bee-eater; Black Drongo; Common Babbler; Eurasian Wryneck; Gray Francolin; Jungle Prinia; Purple Sunbird; Red-vented Bulbul; Spotted Flycatcher","n_species":10,"focal_species_seen":"Spotted Flycatcher","focal_species_slugs":"spotted-flycatcher","has_focal":true},"geometry":{"type":"Point","coordinates":[69.5339332,23.0707549]}},{"type":"Feature","properties":{"GROUP.ID":"G15596709","LOCALITY":"PMC-T4G4, Unnamed Road, Kachchh, Gujarat, IN (23.152, 69.475)","LATITUDE":23.1521834,"LONGITUDE":69.4752582,"OBSERVATION.DATE":"2025-09-20","OBSERVER.ID":"obsr4399854","DURATION.MINUTES":62.0,"SAMPLING.EVENT.IDENTIFIER":"S275362653","species_list":"Asian Koel; Baya Weaver; Black Drongo; Brahminy Starling; Common Woodshrike; Eurasian Collared-Dove; Eurasian Wryneck; European Roller; Gray-breasted Prinia; Gray-necked Bunting; Gray Francolin; Greater Coucal; Green Warbler; House Crow; Indian Peafowl; Indian Robin; Laughing Dove; Lesser Whitethroat; Purple Sunbird; Red-vented Bulbul; Red-wattled Lapwing; Rosy Starling; Spotted Flycatcher; White-eared Bulbul; White-tailed Iora; White-throated Kingfisher; Yellow-throated Sparrow","n_species":27,"focal_species_seen":"European Roller; Spotted Flycatcher","focal_species_slugs":"european-roller;spotted-flycatcher","has_focal":true},"geometry":{"type":"Point","coordinates":[69.4752582,23.1521834]}},{"type":"Feature","properties":{"GROUP.ID":"G15596708","LOCALITY":"PMC-T4G2","LATITUDE":23.085055,"LONGITUDE":69.4304834,"OBSERVATION.DATE":"2025-09-20","OBSERVER.ID":"obsr4399854","DURATION.MINUTES":67.0,"SAMPLING.EVENT.IDENTIFIER":"S275362686","species_list":"Asian Green Bee-eater; Black Drongo; Common Tailorbird; Common Woodshrike; Dusky Crag-Martin; Eurasian Wryneck; European Roller; House Sparrow; Indian Robin; Indian Silverbill; Jungle Prinia; Little Cormorant; Plain Prinia; Purple Sunbird; Red-vented Bulbul; Red-wattled Lapwing; Spotted Flycatcher; Variable Wheatear; White-throated Kingfisher","n_species":19,"focal_species_seen":"European Roller; Spotted Flycatcher","focal_species_slugs":"european-roller;spotted-flycatcher","has_focal":true},"geometry":{"type":"Point","coordinates":[69.4304834,23.085055]}},{"type":"Feature","properties":{"GROUP.ID":"G15625906","LOCALITY":"T5 G4 Bandhara","LATITUDE":23.0298364,"LONGITUDE":69.7396825,"OBSERVATION.DATE":"2025-09-20","OBSERVER.ID":"obsr4399854","DURATION.MINUTES":90.0,"SAMPLING.EVENT.IDENTIFIER":"S275496420","species_list":"Ashy-crowned Sparrow-Lark; Asian Green Bee-eater; Bay-backed Shrike; Common Babbler; European Roller; Indian Bushlark; Indian Golden Oriole; Long-billed Pipit; Long-tailed Shrike; Paddyfield Pipit; Plain Prinia; Rain Quail; Red-vented Bulbul; Red-wattled Lapwing; Rufous-fronted Prinia; Spotted Flycatcher; Tree Pipit; White-eared Bulbul","n_species":18,"focal_species_seen":"European Roller; Spotted Flycatcher","focal_species_slugs":"european-roller;spotted-flycatcher","has_focal":true},"geometry":{"type":"Point","coordinates":[69.7396825,23.0298364]}},{"type":"Feature","properties":{"GROUP.ID":"G15625860","LOCALITY":"T5 G3, Patri","LATITUDE":22.9850379,"LONGITUDE":69.7283948,"OBSERVATION.DATE":"2025-09-20","OBSERVER.ID":"obsr4399854","DURATION.MINUTES":150.0,"SAMPLING.EVENT.IDENTIFIER":"S275496425","species_list":"Ashy-crowned Sparrow-Lark; Asian Green Bee-eater; Barred Buttonquail; Bay-backed Shrike; Baya Weaver; Black-winged Kite; Black Drongo; Common Babbler; Common Hoopoe; Common Sandpiper; Eastern Cattle-Egret; Eurasian Collared-Dove; European Roller; Gray Francolin; Greater Coucal; Indian Robin; Indian Silverbill; Indian Spot-billed Duck; Laughing Dove; Long-tailed Shrike; Pied Cuckoo; Plain Prinia; Rain Quail; Red-vented Bulbul; Red-wattled Lapwing; Red Collared-Dove; River Tern; Rosy Starling; Siberian Stonechat; Spotted Flycatcher; White-eared Bulbul; White-throated Kingfisher","n_species":32,"focal_species_seen":"European Roller; Spotted Flycatcher","focal_species_slugs":"european-roller;spotted-flycatcher","has_focal":true},"geometry":{"type":"Point","coordinates":[69.7283948,22.9850379]}},{"type":"Feature","properties":{"GROUP.ID":"G15639014","LOCALITY":"T -23 grid 1","LATITUDE":23.364062,"LONGITUDE":70.544282,"OBSERVATION.DATE":"2025-09-21","OBSERVER.ID":"obsr4399854","DURATION.MINUTES":33.0,"SAMPLING.EVENT.IDENTIFIER":"S276215996","species_list":"Ashy-crowned Sparrow-Lark; Asian Green Bee-eater; Asian Koel; Bank Myna; Bay-backed Shrike; Black-winged Kite; Brahminy Starling; Common Kingfisher; Common Myna; House Sparrow; Indian Bushlark; Indian Pond-Heron; Indian Robin; Indian Silverbill; Isabelline Shrike; Montagu's Harrier; Plain Prinia; Red-vented Bulbul; Red-wattled Lapwing; Rosy Starling; Shikra; Spotted Flycatcher; White-eared Bulbul; White-tailed Iora; White-throated Kingfisher","n_species":25,"focal_species_seen":"Spotted Flycatcher","focal_species_slugs":"spotted-flycatcher","has_focal":true},"geometry":{"type":"Point","coordinates":[70.544282,23.364062]}},{"type":"Feature","properties":{"GROUP.ID":"G15633892","LOCALITY":"T-23 grid 2","LATITUDE":23.505558,"LONGITUDE":70.506943,"OBSERVATION.DATE":"2025-09-20","OBSERVER.ID":"obsr4399854","DURATION.MINUTES":39.0,"SAMPLING.EVENT.IDENTIFIER":"S276216016","species_list":"Asian Koel; Bank Myna; Baya Weaver; Brahminy Starling; Brown Rock Chat; Common Myna; Eurasian Collared-Dove; Great Gray Shrike; Greater Coucal; Greater Whitethroat; House Sparrow; Indian Robin; Indian Roller; Indian Silverbill; Isabelline Shrike; Laughing Dove; Lesser Whitethroat; Purple Sunbird; Red-vented Bulbul; Red-wattled Lapwing; Red Collared-Dove; Siberian Stonechat; White-eared Bulbul; Zitting Cisticola","n_species":24,"focal_species_seen":"Greater Whitethroat","focal_species_slugs":"greater-whitethroat","has_focal":true},"geometry":{"type":"Point","coordinates":[70.506943,23.505558]}},{"type":"Feature","properties":{"GROUP.ID":"G15655083","LOCALITY":"T-23 grid 4","LATITUDE":23.410706,"LONGITUDE":70.590082,"OBSERVATION.DATE":"2025-09-21","OBSERVER.ID":"obsr4399854","DURATION.MINUTES":20.0,"SAMPLING.EVENT.IDENTIFIER":"S276952685","species_list":"Asian Koel; Bank Myna; Barn Swallow; Bay-backed Shrike; Black-tailed Godwit; Black-winged Stilt; Common Myna; Common Tailorbird; Common Woodshrike; Eurasian Collared-Dove; Eurasian Coot; European Roller; Glossy Ibis; Gray-breasted Prinia; Gray Francolin; Gray Heron; Great Egret; Greater Coucal; Greater Short-toed Lark; Indian Golden Oriole; Indian Peafowl; Isabelline Shrike; Jungle Prinia; Knob-billed Duck; Laughing Dove; Lesser Whitethroat; Little Grebe; Medium Egret; Purple Heron; Red Collared-Dove; Rufous-fronted Prinia","n_species":31,"focal_species_seen":"European Roller","focal_species_slugs":"european-roller","has_focal":true},"geometry":{"type":"Point","coordinates":[70.590082,23.410706]}},{"type":"Feature","properties":{"GROUP.ID":"G15605741","LOCALITY":"T42G4","LATITUDE":23.638459,"LONGITUDE":68.7498845,"OBSERVATION.DATE":"2025-09-20","OBSERVER.ID":"obsr4399854","DURATION.MINUTES":61.0,"SAMPLING.EVENT.IDENTIFIER":"S276952686","species_list":"Asian Green Bee-eater; Black Drongo; Caspian Tern; Common Babbler; Common Hoopoe; Common Kingfisher; Common Myna; Common Sandpiper; Common Tailorbird; Eurasian Coot; Gray Francolin; Gray Heron; Great Crested Grebe; House Crow; Indian Spot-billed Duck; Indian Thick-knee; Laughing Dove; Lesser Whistling-Duck; Little Cormorant; Little Egret; Medium Egret; Northern Shoveler; Oriental Darter; Purple Sunbird; Red-vented Bulbul; Rosy Starling; Siberian Stonechat; Western Marsh Harrier; White-eared Bulbul; White-tailed Iora; White-throated Kingfisher","n_species":31,"focal_species_seen":"","focal_species_slugs":"","has_focal":false},"geometry":{"type":"Point","coordinates":[68.7498845,23.638459]}},{"type":"Feature","properties":{"GROUP.ID":"G15605743","LOCALITY":"T42G2","LATITUDE":23.6343067,"LONGITUDE":68.8081083,"OBSERVATION.DATE":"2025-09-20","OBSERVER.ID":"obsr4399854","DURATION.MINUTES":27.0,"SAMPLING.EVENT.IDENTIFIER":"S276952687","species_list":"Black-winged Stilt; Eurasian Collared-Dove; European Roller; Gray Francolin; Indian Pond-Heron; Indian Spot-billed Duck; Laughing Dove; Little Egret; Long-tailed Shrike; Pied Cuckoo; Red-vented Bulbul; Wire-tailed Swallow","n_species":12,"focal_species_seen":"European Roller","focal_species_slugs":"european-roller","has_focal":true},"geometry":{"type":"Point","coordinates":[68.8081083,23.6343067]}},{"type":"Feature","properties":{"GROUP.ID":"G15605744","LOCALITY":"T42G2","LATITUDE":23.6343067,"LONGITUDE":68.8081083,"OBSERVATION.DATE":"2025-09-20","OBSERVER.ID":"obsr4399854","DURATION.MINUTES":49.0,"SAMPLING.EVENT.IDENTIFIER":"S276952688","species_list":"Barn Swallow; Baya Weaver; Black-winged Stilt; Black Francolin; Brahminy Starling; Brown Rock Chat; Common Tailorbird; European Roller; Gray Francolin; Greater Coucal; House Sparrow; Indian Peafowl; Indian Silverbill; Indian Spot-billed Duck; Jungle Prinia; Laughing Dove; Long-tailed Shrike; Plain Prinia; Purple Sunbird; Red-backed Shrike; Red-vented Bulbul; Red-wattled Lapwing; White-eared Bulbul; Wire-tailed Swallow","n_species":24,"focal_species_seen":"European Roller; Red-backed Shrike","focal_species_slugs":"european-roller;red-backed-shrike","has_focal":true},"geometry":{"type":"Point","coordinates":[68.8081083,23.6343067]}},{"type":"Feature","properties":{"GROUP.ID":"G15626302","LOCALITY":"T42G5 Unnamed Road, Baranda, Gujarat, IN (23.566, 68.681)","LATITUDE":23.5656818,"LONGITUDE":68.6810833,"OBSERVATION.DATE":"2025-09-21","OBSERVER.ID":"obsr4399854","DURATION.MINUTES":12.0,"SAMPLING.EVENT.IDENTIFIER":"S276952689","species_list":"Asian Green Bee-eater; Black Francolin; Eurasian Wryneck; Indian Courser; Rufous-fronted Prinia; Rufous-tailed Lark","n_species":6,"focal_species_seen":"","focal_species_slugs":"","has_focal":false},"geometry":{"type":"Point","coordinates":[68.6810833,23.5656818]}},{"type":"Feature","properties":{"GROUP.ID":"G15605742","LOCALITY":"T42G3","LATITUDE":23.6101683,"LONGITUDE":68.7807467,"OBSERVATION.DATE":"2025-09-20","OBSERVER.ID":"obsr4399854","DURATION.MINUTES":39.0,"SAMPLING.EVENT.IDENTIFIER":"S276952690","species_list":"Asian Green Bee-eater; Asian Koel; Barn Swallow; Black-headed Ibis; Black-winged Kite; Black-winged Stilt; Black Drongo; Common Babbler; Common Hoopoe; Common Kingfisher; Common Sandpiper; European Roller; Glossy Ibis; Gray Heron; Great Thick-knee; Greater Coucal; Gull-billed Tern; Indian Bushlark; Indian Pond-Heron; Laughing Dove; Little Egret; Little Grebe; Little Swift; Long-tailed Shrike; Oriental Darter; Purple Heron; Red-wattled Lapwing; River Tern; Sirkeer Malkoha; Spotted Flycatcher; Western Marsh Harrier; White-eared Bulbul","n_species":32,"focal_species_seen":"European Roller; Spotted Flycatcher","focal_species_slugs":"european-roller;spotted-flycatcher","has_focal":true},"geometry":{"type":"Point","coordinates":[68.7807467,23.6101683]}},{"type":"Feature","properties":{"GROUP.ID":"G15669219","LOCALITY":"Sanva Road, Kachchh IN-Gujarat 23.60729, 70.95962","LATITUDE":23.607291,"LONGITUDE":70.959621,"OBSERVATION.DATE":"2025-09-20","OBSERVER.ID":"obsr4399854","DURATION.MINUTES":null,"SAMPLING.EVENT.IDENTIFIER":"S276952692","species_list":"European Roller","n_species":1,"focal_species_seen":"European Roller","focal_species_slugs":"european-roller","has_focal":true},"geometry":{"type":"Point","coordinates":[70.959621,23.607291]}},{"type":"Feature","properties":{"GROUP.ID":"G15669220","LOCALITY":"Sanva Phulpara Road, Kachchh IN-Gujarat 23.63478, 70.97507","LATITUDE":23.63478,"LONGITUDE":70.97507,"OBSERVATION.DATE":"2025-09-20","OBSERVER.ID":"obsr4399854","DURATION.MINUTES":null,"SAMPLING.EVENT.IDENTIFIER":"S276952693","species_list":"European Roller","n_species":1,"focal_species_seen":"European Roller","focal_species_slugs":"european-roller","has_focal":true},"geometry":{"type":"Point","coordinates":[70.97507,23.63478]}},{"type":"Feature","properties":{"GROUP.ID":"G15669221","LOCALITY":"Sanva Phulpara Road, Kachchh IN-Gujarat 23.64956, 70.97997","LATITUDE":23.649564,"LONGITUDE":70.97997,"OBSERVATION.DATE":"2025-09-20","OBSERVER.ID":"obsr4399854","DURATION.MINUTES":null,"SAMPLING.EVENT.IDENTIFIER":"S276952694","species_list":"European Roller","n_species":1,"focal_species_seen":"European Roller","focal_species_slugs":"european-roller","has_focal":true},"geometry":{"type":"Point","coordinates":[70.97997,23.649564]}},{"type":"Feature","properties":{"GROUP.ID":"G15669222","LOCALITY":"Sanva Road, Kachchh IN-Gujarat 23.59994, 70.96489","LATITUDE":23.599941,"LONGITUDE":70.964887,"OBSERVATION.DATE":"2025-09-21","OBSERVER.ID":"obsr4399854","DURATION.MINUTES":null,"SAMPLING.EVENT.IDENTIFIER":"S276952695","species_list":"Blue-cheeked Bee-eater; European Roller","n_species":2,"focal_species_seen":"Blue-cheeked Bee-eater; European Roller","focal_species_slugs":"blue-cheeked-bee-eater;european-roller","has_focal":true},"geometry":{"type":"Point","coordinates":[70.964887,23.599941]}},{"type":"Feature","properties":{"GROUP.ID":"G15669223","LOCALITY":"Rapar, Kachchh IN-Gujarat 23.61504, 70.95440","LATITUDE":23.615045,"LONGITUDE":70.954401,"OBSERVATION.DATE":"2025-09-21","OBSERVER.ID":"obsr4399854","DURATION.MINUTES":null,"SAMPLING.EVENT.IDENTIFIER":"S276952696","species_list":"Black Francolin; European Roller","n_species":2,"focal_species_seen":"European Roller","focal_species_slugs":"european-roller","has_focal":true},"geometry":{"type":"Point","coordinates":[70.954401,23.615045]}},{"type":"Feature","properties":{"GROUP.ID":"G15669224","LOCALITY":"Rapar, Kachchh IN-Gujarat 23.62563, 70.92688","LATITUDE":23.625628,"LONGITUDE":70.926878,"OBSERVATION.DATE":"2025-09-21","OBSERVER.ID":"obsr4399854","DURATION.MINUTES":null,"SAMPLING.EVENT.IDENTIFIER":"S276952697","species_list":"European Roller","n_species":1,"focal_species_seen":"European Roller","focal_species_slugs":"european-roller","has_focal":true},"geometry":{"type":"Point","coordinates":[70.926878,23.625628]}},{"type":"Feature","properties":{"GROUP.ID":"G15669225","LOCALITY":"Rapar, Kachchh IN-Gujarat 23.63505, 70.91179","LATITUDE":23.635054,"LONGITUDE":70.911793,"OBSERVATION.DATE":"2025-09-21","OBSERVER.ID":"obsr4399854","DURATION.MINUTES":null,"SAMPLING.EVENT.IDENTIFIER":"S276952698","species_list":"European Roller","n_species":1,"focal_species_seen":"European Roller","focal_species_slugs":"european-roller","has_focal":true},"geometry":{"type":"Point","coordinates":[70.911793,23.635054]}},{"type":"Feature","properties":{"GROUP.ID":"G15597390","LOCALITY":"Khandek Vidivadi Vistar Road, Kachchh IN-Gujarat 23.64839, 70.86644","LATITUDE":23.648394,"LONGITUDE":70.866436,"OBSERVATION.DATE":"2025-09-21","OBSERVER.ID":"obsr4399854","DURATION.MINUTES":null,"SAMPLING.EVENT.IDENTIFIER":"S276952699","species_list":"Common Cuckoo","n_species":1,"focal_species_seen":"Common Cuckoo","focal_species_slugs":"common-cuckoo","has_focal":true},"geometry":{"type":"Point","coordinates":[70.866436,23.648394]}},{"type":"Feature","properties":{"GROUP.ID":"G15669226","LOCALITY":"Rapar, Kachchh IN-Gujarat 23.65781, 70.85802","LATITUDE":23.657812,"LONGITUDE":70.858023,"OBSERVATION.DATE":"2025-09-21","OBSERVER.ID":"obsr4399854","DURATION.MINUTES":null,"SAMPLING.EVENT.IDENTIFIER":"S276952700","species_list":"European Roller","n_species":1,"focal_species_seen":"European Roller","focal_species_slugs":"european-roller","has_focal":true},"geometry":{"type":"Point","coordinates":[70.858023,23.657812]}},{"type":"Feature","properties":{"GROUP.ID":"G15669227","LOCALITY":"Fatehgadh Hamirpar Road, Kachchh IN-Gujarat 23.67291, 70.83603","LATITUDE":23.672905,"LONGITUDE":70.836026,"OBSERVATION.DATE":"2025-09-21","OBSERVER.ID":"obsr4399854","DURATION.MINUTES":null,"SAMPLING.EVENT.IDENTIFIER":"S276952701","species_list":"Blue-cheeked Bee-eater; European Roller","n_species":2,"focal_species_seen":"Blue-cheeked Bee-eater; European Roller","focal_species_slugs":"blue-cheeked-bee-eater;european-roller","has_focal":true},"geometry":{"type":"Point","coordinates":[70.836026,23.672905]}},{"type":"Feature","properties":{"GROUP.ID":"G15669228","LOCALITY":"Pragpar Circle Road, Kachchh IN-Gujarat 23.58038, 70.65039","LATITUDE":23.580384,"LONGITUDE":70.650391,"OBSERVATION.DATE":"2025-09-21","OBSERVER.ID":"obsr4399854","DURATION.MINUTES":null,"SAMPLING.EVENT.IDENTIFIER":"S276952702","species_list":"European Roller","n_species":1,"focal_species_seen":"European Roller","focal_species_slugs":"european-roller","has_focal":true},"geometry":{"type":"Point","coordinates":[70.650391,23.580384]}},{"type":"Feature","properties":{"GROUP.ID":"G15669229","LOCALITY":"Rapar, Kachchh IN-Gujarat 23.53663, 70.44753","LATITUDE":23.536633,"LONGITUDE":70.447529,"OBSERVATION.DATE":"2025-09-21","OBSERVER.ID":"obsr4399854","DURATION.MINUTES":null,"SAMPLING.EVENT.IDENTIFIER":"S276952703","species_list":"European Roller","n_species":1,"focal_species_seen":"European Roller","focal_species_slugs":"european-roller","has_focal":true},"geometry":{"type":"Point","coordinates":[70.447529,23.536633]}},{"type":"Feature","properties":{"GROUP.ID":"G15669230","LOCALITY":"Rapar, Kachchh IN-Gujarat 23.51546, 70.43638","LATITUDE":23.515458,"LONGITUDE":70.436382,"OBSERVATION.DATE":"2025-09-21","OBSERVER.ID":"obsr4399854","DURATION.MINUTES":null,"SAMPLING.EVENT.IDENTIFIER":"S276952704","species_list":"European Roller","n_species":1,"focal_species_seen":"European Roller","focal_species_slugs":"european-roller","has_focal":true},"geometry":{"type":"Point","coordinates":[70.436382,23.515458]}},{"type":"Feature","properties":{"GROUP.ID":"G15669231","LOCALITY":"Naliya-Narayan Sarovar Road, Kachchh, Gujarat, IN (23.339, 68.791)","LATITUDE":23.3393437,"LONGITUDE":68.7908892,"OBSERVATION.DATE":"2025-09-20","OBSERVER.ID":"obsr4399854","DURATION.MINUTES":75.0,"SAMPLING.EVENT.IDENTIFIER":"S276952705","species_list":"Ashy-crowned Sparrow-Lark; Asian Green Bee-eater; Black Drongo; Common Cuckoo; Crested Lark; European Roller; Gray-breasted Prinia; Gray Francolin; Indian Peafowl; Indian Thick-knee; Siberian Stonechat; Zitting Cisticola","n_species":12,"focal_species_seen":"Common Cuckoo; European Roller","focal_species_slugs":"common-cuckoo;european-roller","has_focal":true},"geometry":{"type":"Point","coordinates":[68.7908892,23.3393437]}},{"type":"Feature","properties":{"GROUP.ID":"G15625865","LOCALITY":"Naliya-Narayan Sarovar Road, Kachchh, Gujarat, IN (23.339, 68.791)","LATITUDE":23.3393437,"LONGITUDE":68.7908892,"OBSERVATION.DATE":"2025-09-20","OBSERVER.ID":"obsr4399854","DURATION.MINUTES":94.0,"SAMPLING.EVENT.IDENTIFIER":"S276952706","species_list":"Ashy-crowned Sparrow-Lark; Asian Green Bee-eater; Asian Koel; Barn Swallow; Bay-backed Shrike; Baya Weaver; Black-winged Kite; Black-winged Stilt; Black Drongo; Common Babbler; Common Cuckoo; Crested Lark; Eastern Cattle-Egret; Eurasian Spoonbill; European Roller; Gray Francolin; Greater Coucal; House Sparrow; Indian Peafowl; Indian Pond-Heron; Indian Silverbill; Indian Thick-knee; Laughing Dove; Little Cormorant; Little Grebe; Medium Egret; Plain Prinia; Red-wattled Lapwing; Red Collared-Dove; River Tern; Rose-ringed Parakeet; Rosy Starling; Rufous-fronted Prinia; Siberian Stonechat; Tawny Pipit; White-eared Bulbul; White-throated Kingfisher; Zitting Cisticola","n_species":38,"focal_species_seen":"Common Cuckoo; European Roller","focal_species_slugs":"common-cuckoo;european-roller","has_focal":true},"geometry":{"type":"Point","coordinates":[68.7908892,23.3393437]}},{"type":"Feature","properties":{"GROUP.ID":"G15669232","LOCALITY":"T48G1","LATITUDE":23.339384,"LONGITUDE":68.790861,"OBSERVATION.DATE":"2025-09-20","OBSERVER.ID":"obsr4399854","DURATION.MINUTES":4.0,"SAMPLING.EVENT.IDENTIFIER":"S276952707","species_list":"European Roller","n_species":1,"focal_species_seen":"European Roller","focal_species_slugs":"european-roller","has_focal":true},"geometry":{"type":"Point","coordinates":[68.790861,23.339384]}},{"type":"Feature","properties":{"GROUP.ID":"G15625866","LOCALITY":"Naliya-Narayan Sarovar Road, Kachchh, Gujarat, IN (23.339, 68.791)","LATITUDE":23.3393437,"LONGITUDE":68.7908892,"OBSERVATION.DATE":"2025-09-20","OBSERVER.ID":"obsr4399854","DURATION.MINUTES":41.0,"SAMPLING.EVENT.IDENTIFIER":"S276952708","species_list":"Asian Green Bee-eater; Black Drongo; European Roller; House Crow; Red-tailed Shrike; Western Marsh Harrier; White-throated Kingfisher","n_species":7,"focal_species_seen":"European Roller; Red-tailed Shrike","focal_species_slugs":"european-roller;red-tailed-shrike","has_focal":true},"geometry":{"type":"Point","coordinates":[68.7908892,23.3393437]}},{"type":"Feature","properties":{"GROUP.ID":"G15625867","LOCALITY":"Netra-Kuwapaddhar-Tera Road, Kachchh, Gujarat, IN (23.283, 68.928)","LATITUDE":23.283118,"LONGITUDE":68.9277616,"OBSERVATION.DATE":"2025-09-21","OBSERVER.ID":"obsr4399854","DURATION.MINUTES":14.0,"SAMPLING.EVENT.IDENTIFIER":"S276952709","species_list":"Ashy-crowned Sparrow-Lark; Black Drongo; Common Babbler; European Roller; Indian Peafowl; Long-tailed Shrike; Rose-ringed Parakeet; Rosy Starling; Western Marsh Harrier; White-throated Kingfisher","n_species":10,"focal_species_seen":"European Roller","focal_species_slugs":"european-roller","has_focal":true},"geometry":{"type":"Point","coordinates":[68.9277616,23.283118]}},{"type":"Feature","properties":{"GROUP.ID":"G15625868","LOCALITY":"Naliya Grasslands","LATITUDE":23.2040375,"LONGITUDE":68.8097334,"OBSERVATION.DATE":"2025-09-21","OBSERVER.ID":"obsr4399854","DURATION.MINUTES":85.0,"SAMPLING.EVENT.IDENTIFIER":"S276952710","species_list":"Asian Green Bee-eater; Barn Swallow; Barred Buttonquail; Bay-backed Shrike; Black Drongo; Black Francolin; Blue-cheeked Bee-eater; Crested Lark; Eurasian Wryneck; European Roller; Gray Francolin; Great Gray Shrike; Indian Silverbill; Montagu's Harrier; Pied Bushchat; Plain Prinia; Rain Quail; Red Collared-Dove; River Tern; Rufous-fronted Prinia; Siberian Stonechat; Tawny Pipit; Variable Wheatear; Western Marsh Harrier; White-eared Bulbul; White-tailed Iora; Zitting Cisticola","n_species":27,"focal_species_seen":"Blue-cheeked Bee-eater; European Roller","focal_species_slugs":"blue-cheeked-bee-eater;european-roller","has_focal":true},"geometry":{"type":"Point","coordinates":[68.8097334,23.2040375]}},{"type":"Feature","properties":{"GROUP.ID":"G15625869","LOCALITY":"Watch Tower 1","LATITUDE":23.204843,"LONGITUDE":68.8556086,"OBSERVATION.DATE":"2025-09-21","OBSERVER.ID":"obsr4399854","DURATION.MINUTES":65.0,"SAMPLING.EVENT.IDENTIFIER":"S276952711","species_list":"Asian Green Bee-eater; Black Drongo; Black Francolin; Common Babbler; Eurasian Kestrel; European Roller; Gray-breasted Prinia; Gray Francolin; Isabelline Shrike; Laughing Dove; Lesser Florican; Montagu's Harrier; Pied Bushchat; Plain Prinia; Rain Quail; Red-tailed Shrike; Rufous-fronted Prinia; Siberian Stonechat; Variable Wheatear; Western Marsh Harrier; Zitting Cisticola","n_species":21,"focal_species_seen":"European Roller; Red-tailed Shrike","focal_species_slugs":"european-roller;red-tailed-shrike","has_focal":true},"geometry":{"type":"Point","coordinates":[68.8556086,23.204843]}},{"type":"Feature","properties":{"GROUP.ID":"G15625870","LOCALITY":"Watch Tower 1","LATITUDE":23.204843,"LONGITUDE":68.8556086,"OBSERVATION.DATE":"2025-09-21","OBSERVER.ID":"obsr4399854","DURATION.MINUTES":29.0,"SAMPLING.EVENT.IDENTIFIER":"S276952712","species_list":"Asian Green Bee-eater; Asian Koel; Black Francolin; Eurasian Kestrel; European Roller; Gray Francolin; Indian Peafowl; Laughing Dove; Lesser Florican; Pied Cuckoo; Rain Quail; Red Collared-Dove; Shikra; Western Marsh Harrier","n_species":14,"focal_species_seen":"European Roller","focal_species_slugs":"european-roller","has_focal":true},"geometry":{"type":"Point","coordinates":[68.8556086,23.204843]}},{"type":"Feature","properties":{"GROUP.ID":"G15669233","LOCALITY":"T48G2","LATITUDE":23.315204,"LONGITUDE":68.865876,"OBSERVATION.DATE":"2025-09-21","OBSERVER.ID":"obsr4399854","DURATION.MINUTES":67.0,"SAMPLING.EVENT.IDENTIFIER":"S276952713","species_list":"Asian Green Bee-eater; Asian Koel; Black-winged Kite; Black Drongo; Common Babbler; Common Kingfisher; European Roller; Gray Francolin; House Crow; Indian Peafowl; Indian Pond-Heron; Indian Spot-billed Duck; Little Cormorant; Little Egret; Little Grebe; Medium Egret; Pheasant-tailed Jacana; Pied Cuckoo; Red-backed Shrike; Red-vented Bulbul; Red-wattled Lapwing; River Tern; Rosy Starling; Western Marsh Harrier; White-eared Bulbul; Wire-tailed Swallow","n_species":26,"focal_species_seen":"European Roller; Red-backed Shrike","focal_species_slugs":"european-roller;red-backed-shrike","has_focal":true},"geometry":{"type":"Point","coordinates":[68.865876,23.315204]}},{"type":"Feature","properties":{"GROUP.ID":"G15625871","LOCALITY":"Netra-Kuwapaddhar-Tera Road, Kachchh, Gujarat, IN (23.283, 68.928)","LATITUDE":23.283118,"LONGITUDE":68.9277616,"OBSERVATION.DATE":"2025-09-21","OBSERVER.ID":"obsr4399854","DURATION.MINUTES":26.0,"SAMPLING.EVENT.IDENTIFIER":"S276952714","species_list":"Asian Green Bee-eater; Asian Koel; European Roller; House Crow; Indian Peafowl; Indian Robin; Isabelline Shrike; Red Collared-Dove; Western Marsh Harrier; White-eared Bulbul; White-throated Kingfisher; Zitting Cisticola","n_species":12,"focal_species_seen":"European Roller","focal_species_slugs":"european-roller","has_focal":true},"geometry":{"type":"Point","coordinates":[68.9277616,23.283118]}},{"type":"Feature","properties":{"GROUP.ID":"G15625872","LOCALITY":"Tera, Gujarat, IN (23.287, 68.936)","LATITUDE":23.2869538,"LONGITUDE":68.9364515,"OBSERVATION.DATE":"2025-09-21","OBSERVER.ID":"obsr4399854","DURATION.MINUTES":86.0,"SAMPLING.EVENT.IDENTIFIER":"S276952715","species_list":"Ashy-crowned Sparrow-Lark; Asian Green Bee-eater; Asian Koel; Black Drongo; Common Babbler; Common Tailorbird; Eurasian Kestrel; European Roller; Gray Francolin; Great Gray Shrike; Greater Coucal; House Crow; Indian Peafowl; Indian Pond-Heron; Indian Robin; Laughing Dove; Little Egret; Pied Cuckoo; Red-naped Ibis; Red-tailed Shrike; Red-wattled Lapwing; River Tern; Rose-ringed Parakeet; Rosy Starling; Siberian Stonechat; White-eared Bulbul; White-throated Kingfisher; Zitting Cisticola","n_species":28,"focal_species_seen":"European Roller; Red-tailed Shrike","focal_species_slugs":"european-roller;red-tailed-shrike","has_focal":true},"geometry":{"type":"Point","coordinates":[68.9364515,23.2869538]}},{"type":"Feature","properties":{"GROUP.ID":"G15625873","LOCALITY":"Fot Mahadev Scrub Forest","LATITUDE":23.2443165,"LONGITUDE":69.2014706,"OBSERVATION.DATE":"2025-09-21","OBSERVER.ID":"obsr4399854","DURATION.MINUTES":221.0,"SAMPLING.EVENT.IDENTIFIER":"S276952716","species_list":"Black-winged Kite; Black Drongo; Common Hoopoe; European Roller; House Crow; Indian Peafowl; Indian Pond-Heron; White-throated Kingfisher","n_species":8,"focal_species_seen":"European Roller","focal_species_slugs":"european-roller","has_focal":true},"geometry":{"type":"Point","coordinates":[69.2014706,23.2443165]}},{"type":"Feature","properties":{"GROUP.ID":"G15625874","LOCALITY":"Khari Nadi, Bhuj (OBI)","LATITUDE":23.253315,"LONGITUDE":69.628264,"OBSERVATION.DATE":"2025-09-21","OBSERVER.ID":"obsr4399854","DURATION.MINUTES":34.0,"SAMPLING.EVENT.IDENTIFIER":"S276952717","species_list":"Black Drongo; Common Babbler; Common Hoopoe; Common Myna; Gray Heron; House Sparrow; Indian Silverbill; Plain Prinia; Purple Sunbird; Rosy Starling; Spotted Flycatcher; White-browed Wagtail; White-eared Bulbul; White-throated Kingfisher","n_species":14,"focal_species_seen":"Spotted Flycatcher","focal_species_slugs":"spotted-flycatcher","has_focal":true},"geometry":{"type":"Point","coordinates":[69.628264,23.253315]}},{"type":"Feature","properties":{"GROUP.ID":"G15625875","LOCALITY":"Khari Nadi, Bhuj (OBI)","LATITUDE":23.253315,"LONGITUDE":69.628264,"OBSERVATION.DATE":"2025-09-21","OBSERVER.ID":"obsr4399854","DURATION.MINUTES":105.0,"SAMPLING.EVENT.IDENTIFIER":"S276952718","species_list":"Asian Green Bee-eater; Asian Koel; Baya Weaver; Black-winged Stilt; Black Drongo; Common Babbler; Common Hoopoe; Common Tailorbird; Eastern Cattle-Egret; Gray-headed Swamphen; Greater Coucal; Indian Pond-Heron; Indian Robin; Indian Silverbill; Laughing Dove; Little Cormorant; Purple Sunbird; Red-vented Bulbul; Red-wattled Lapwing; River Tern; Rosy Starling; Spotted Flycatcher; White-breasted Waterhen; White-browed Wagtail; White-eared Bulbul; White-throated Kingfisher; Wire-tailed Swallow","n_species":27,"focal_species_seen":"Spotted Flycatcher","focal_species_slugs":"spotted-flycatcher","has_focal":true},"geometry":{"type":"Point","coordinates":[69.628264,23.253315]}},{"type":"Feature","properties":{"GROUP.ID":"G15616734","LOCALITY":"T24G2, Thoriari, Gujarat, IN (23.344, 70.761)","LATITUDE":23.343585,"LONGITUDE":70.7611267,"OBSERVATION.DATE":"2025-09-21","OBSERVER.ID":"obsr4399854","DURATION.MINUTES":46.0,"SAMPLING.EVENT.IDENTIFIER":"S276952720","species_list":"Ashy-crowned Sparrow-Lark; Baya Weaver; Common Hoopoe; Common Sandpiper; Indian Silverbill; Indian Spot-billed Duck; Laughing Dove; Plain Prinia; Red-tailed Shrike; Red-wattled Lapwing; Rosy Starling; Rufous-tailed Lark; Siberian Stonechat; Zitting Cisticola","n_species":14,"focal_species_seen":"Red-tailed Shrike","focal_species_slugs":"red-tailed-shrike","has_focal":true},"geometry":{"type":"Point","coordinates":[70.7611267,23.343585]}},{"type":"Feature","properties":{"GROUP.ID":"G15616731","LOCALITY":"T24G5,Manaba, Gujarat, IN (23.278, 70.76)","LATITUDE":23.27788,"LONGITUDE":70.7600233,"OBSERVATION.DATE":"2025-09-21","OBSERVER.ID":"obsr4399854","DURATION.MINUTES":15.0,"SAMPLING.EVENT.IDENTIFIER":"S276952721","species_list":"Eurasian Coot; Eurasian Spoonbill; Great Cormorant; Great Crested Grebe; Indian Cormorant; Little Cormorant; Little Tern; Oriental Darter; Painted Stork; Siberian Stonechat; Spotted Flycatcher; Whiskered Tern","n_species":12,"focal_species_seen":"Spotted Flycatcher","focal_species_slugs":"spotted-flycatcher","has_focal":true},"geometry":{"type":"Point","coordinates":[70.7600233,23.27788]}},{"type":"Feature","properties":{"GROUP.ID":"G15616732","LOCALITY":"T34G5, Kachchh, Gujarat, IN (23.304, 70.713)","LATITUDE":23.3038466,"LONGITUDE":70.7127303,"OBSERVATION.DATE":"2025-09-21","OBSERVER.ID":"obsr4399854","DURATION.MINUTES":50.0,"SAMPLING.EVENT.IDENTIFIER":"S276952722","species_list":"Baya Weaver; Black-winged Stilt; Black Drongo; Common Babbler; Common Kingfisher; Eurasian Coot; Eurasian Kestrel; European Roller; Gray Francolin; Greater Sand-Plover; Indian Peafowl; Indian Pond-Heron; Indian Roller; Indian Silverbill; Indian Spot-billed Duck; Isabelline Shrike; Laughing Dove; Little Grebe; Red-backed Shrike; Red-tailed Shrike; Rosy Starling; Siberian Stonechat; Spotted Flycatcher; Streaked Weaver; White-throated Kingfisher; Wood Sandpiper; Zitting Cisticola","n_species":27,"focal_species_seen":"European Roller; Red-backed Shrike; Red-tailed Shrike; Spotted Flycatcher","focal_species_slugs":"european-roller;red-backed-shrike;red-tailed-shrike;spotted-flycatcher","has_focal":true},"geometry":{"type":"Point","coordinates":[70.7127303,23.3038466]}},{"type":"Feature","properties":{"GROUP.ID":"G15616733","LOCALITY":"T24G5, Kachchh, Gujarat, IN (23.307, 70.706)","LATITUDE":23.3065667,"LONGITUDE":70.7063117,"OBSERVATION.DATE":"2025-09-21","OBSERVER.ID":"obsr4399854","DURATION.MINUTES":46.0,"SAMPLING.EVENT.IDENTIFIER":"S276952723","species_list":"Baya Weaver; Eastern Cattle-Egret; Eurasian Wryneck; European Roller; Gray Francolin; Indian Robin; Laughing Dove; Lesser Whitethroat; Pied Cuckoo; Red-backed Shrike; Red-wattled Lapwing; Siberian Stonechat; Spotted Flycatcher; White-eared Bulbul; White-throated Kingfisher","n_species":15,"focal_species_seen":"European Roller; Red-backed Shrike; Spotted Flycatcher","focal_species_slugs":"european-roller;red-backed-shrike;spotted-flycatcher","has_focal":true},"geometry":{"type":"Point","coordinates":[70.7063117,23.3065667]}},{"type":"Feature","properties":{"GROUP.ID":"G15616735","LOCALITY":"T24G3, Kachchh, Gujarat, IN (23.21, 70.552)","LATITUDE":23.2096533,"LONGITUDE":70.5520683,"OBSERVATION.DATE":"2025-09-20","OBSERVER.ID":"obsr4399854","DURATION.MINUTES":30.0,"SAMPLING.EVENT.IDENTIFIER":"S276952724","species_list":"Asian Green Bee-eater; Bay-backed Shrike; Black Drongo; Common Babbler; Common Myna; Eurasian Collared-Dove; Gray-breasted Prinia; House Crow; Indian Robin; Indian Roller; Laughing Dove; Red Collared-Dove; Zitting Cisticola","n_species":13,"focal_species_seen":"","focal_species_slugs":"","has_focal":false},"geometry":{"type":"Point","coordinates":[70.5520683,23.2096533]}},{"type":"Feature","properties":{"GROUP.ID":"G15616736","LOCALITY":"T24G3,Jangi, Gujarat, IN (23.218, 70.564)","LATITUDE":23.2182908,"LONGITUDE":70.5641959,"OBSERVATION.DATE":"2025-09-20","OBSERVER.ID":"obsr4399854","DURATION.MINUTES":46.0,"SAMPLING.EVENT.IDENTIFIER":"S276952725","species_list":"Asian Green Bee-eater; Bay-backed Shrike; Black-winged Stilt; Common Babbler; Common Sandpiper; Eurasian Collared-Dove; Gray-breasted Prinia; Gray Francolin; Greater Whitethroat; House Crow; House Sparrow; Indian Pond-Heron; Indian Silverbill; Red-backed Shrike; Red-vented Bulbul; Red-wattled Lapwing; White-eared Bulbul; Yellow-throated Sparrow","n_species":18,"focal_species_seen":"Greater Whitethroat; Red-backed Shrike","focal_species_slugs":"greater-whitethroat;red-backed-shrike","has_focal":true},"geometry":{"type":"Point","coordinates":[70.5641959,23.2182908]}},{"type":"Feature","properties":{"GROUP.ID":"G15616737","LOCALITY":"T24G1,Juna Katriya, Gujarat, IN (23.33, 70.637)","LATITUDE":23.3301509,"LONGITUDE":70.6372714,"OBSERVATION.DATE":"2025-09-20","OBSERVER.ID":"obsr4399854","DURATION.MINUTES":59.0,"SAMPLING.EVENT.IDENTIFIER":"S276952726","species_list":"Ashy-crowned Sparrow-Lark; Asian Green Bee-eater; Bay-backed Shrike; Baya Weaver; Eurasian Collared-Dove; Indian Peafowl; Isabelline Shrike; Isabelline Wheatear; Laughing Dove; Red-backed Shrike; Red Collared-Dove; Rufous-tailed Lark; Sand Lark; Spotted Flycatcher; Variable Wheatear; Western Marsh Harrier; Whiskered Tern","n_species":17,"focal_species_seen":"Red-backed Shrike; Spotted Flycatcher","focal_species_slugs":"red-backed-shrike;spotted-flycatcher","has_focal":true},"geometry":{"type":"Point","coordinates":[70.6372714,23.3301509]}},{"type":"Feature","properties":{"GROUP.ID":"G15616738","LOCALITY":"T24G1, Kachchh, Gujarat, IN (23.352, 70.627)","LATITUDE":23.3515394,"LONGITUDE":70.626842,"OBSERVATION.DATE":"2025-09-20","OBSERVER.ID":"obsr4399854","DURATION.MINUTES":48.0,"SAMPLING.EVENT.IDENTIFIER":"S276952727","species_list":"Eurasian Collared-Dove; Isabelline Shrike; Laughing Dove; Montagu's Harrier; Purple Sunbird; Red-tailed Shrike; Red Collared-Dove; Whiskered Tern; White-eared Bulbul","n_species":9,"focal_species_seen":"Red-tailed Shrike","focal_species_slugs":"red-tailed-shrike","has_focal":true},"geometry":{"type":"Point","coordinates":[70.626842,23.3515394]}},{"type":"Feature","properties":{"GROUP.ID":"G15616739","LOCALITY":"T24G1, Shivlakha, Gujarat, IN (23.35, 70.613)","LATITUDE":23.3495733,"LONGITUDE":70.6130633,"OBSERVATION.DATE":"2025-09-20","OBSERVER.ID":"obsr4399854","DURATION.MINUTES":56.0,"SAMPLING.EVENT.IDENTIFIER":"S276952728","species_list":"Black-winged Stilt; Common Babbler; Delicate Prinia; Eurasian Collared-Dove; Great Gray Shrike; Paddyfield Pipit; Red-vented Bulbul; Red Collared-Dove; Rufous-fronted Prinia; Rufous-tailed Scrub-Robin; Variable Wheatear; Zitting Cisticola","n_species":12,"focal_species_seen":"Rufous-tailed Scrub-Robin","focal_species_slugs":"rufous-tailed-scrub-robin","has_focal":true},"geometry":{"type":"Point","coordinates":[70.6130633,23.3495733]}},{"type":"Feature","properties":{"GROUP.ID":"G15616740","LOCALITY":"T24G4, Gujarat State Highway 6, Kachchh, Gujarat, IN (23.295, 70.569)","LATITUDE":23.2950727,"LONGITUDE":70.5691794,"OBSERVATION.DATE":"2025-09-20","OBSERVER.ID":"obsr4399854","DURATION.MINUTES":50.0,"SAMPLING.EVENT.IDENTIFIER":"S276952729","species_list":"Asian Openbill; Barn Swallow; Common Babbler; Eastern Cattle-Egret; House Sparrow; Indian Silverbill; Laughing Dove; Little Swift; Red-tailed Shrike; Red-vented Bulbul; Red-wattled Lapwing; Siberian Stonechat; White-eared Bulbul; White-throated Kingfisher; Wire-tailed Swallow","n_species":15,"focal_species_seen":"Red-tailed Shrike","focal_species_slugs":"red-tailed-shrike","has_focal":true},"geometry":{"type":"Point","coordinates":[70.5691794,23.2950727]}},{"type":"Feature","properties":{"GROUP.ID":"G15616741","LOCALITY":"T24G4, Juna Katriya, Gujarat, IN (23.289, 70.611)","LATITUDE":23.2893267,"LONGITUDE":70.6105167,"OBSERVATION.DATE":"2025-09-20","OBSERVER.ID":"obsr4399854","DURATION.MINUTES":68.0,"SAMPLING.EVENT.IDENTIFIER":"S276952730","species_list":"Asian Green Bee-eater; Baya Weaver; Common Babbler; Common Hoopoe; Common Sandpiper; European Roller; Gray-breasted Prinia; Indian Pond-Heron; Indian Robin; Indian Silverbill; Laughing Dove; Lesser Whitethroat; Little Cormorant; Plain Prinia; Purple Sunbird; Red-vented Bulbul; Red-wattled Lapwing; Red Collared-Dove; Rosy Starling; Siberian Stonechat; Spotted Flycatcher; Western Yellow Wagtail; White-browed Wagtail; White-naped Tit; White-tailed Iora; White-throated Kingfisher","n_species":26,"focal_species_seen":"European Roller; Spotted Flycatcher","focal_species_slugs":"european-roller;spotted-flycatcher","has_focal":true},"geometry":{"type":"Point","coordinates":[70.6105167,23.2893267]}},{"type":"Feature","properties":{"GROUP.ID":"G15616742","LOCALITY":"T24G4, Juna Katriya, Gujarat, IN (23.289, 70.611)","LATITUDE":23.2893267,"LONGITUDE":70.6105167,"OBSERVATION.DATE":"2025-09-20","OBSERVER.ID":"obsr4399854","DURATION.MINUTES":50.0,"SAMPLING.EVENT.IDENTIFIER":"S276952732","species_list":"Ashy-crowned Sparrow-Lark; Asian Green Bee-eater; Bay-backed Shrike; Baya Weaver; Black Redstart; Common Babbler; Common Hoopoe; Common Tailorbird; Eastern Cattle-Egret; Gray-breasted Prinia; Gray Francolin; Greater Whitethroat; House Sparrow; Indian Courser; Indian Peafowl; Indian Robin; Laughing Dove; Plain Prinia; Purple Sunbird; Red-backed Shrike; Red-vented Bulbul; Red-wattled Lapwing; Rosy Starling; Rufous-tailed Lark; Siberian Stonechat; White-throated Kingfisher","n_species":26,"focal_species_seen":"Greater Whitethroat; Red-backed Shrike","focal_species_slugs":"greater-whitethroat;red-backed-shrike","has_focal":true},"geometry":{"type":"Point","coordinates":[70.6105167,23.2893267]}},{"type":"Feature","properties":{"GROUP.ID":"G15625876","LOCALITY":"Naliya-Narayan Sarovar Road, Kachchh, Gujarat, IN (23.339, 68.791)","LATITUDE":23.3393437,"LONGITUDE":68.7908892,"OBSERVATION.DATE":"2025-09-20","OBSERVER.ID":"obsr4399854","DURATION.MINUTES":19.0,"SAMPLING.EVENT.IDENTIFIER":"S276952733","species_list":"Asian Koel; European Roller; Gray Francolin; Indian Peafowl; Pied Cuckoo","n_species":5,"focal_species_seen":"European Roller","focal_species_slugs":"european-roller","has_focal":true},"geometry":{"type":"Point","coordinates":[68.7908892,23.3393437]}},{"type":"Feature","properties":{"GROUP.ID":"G15625877","LOCALITY":"Netra-Kuwapaddhar-Tera Road, Kachchh, Gujarat, IN (23.283, 68.928)","LATITUDE":23.283118,"LONGITUDE":68.9277616,"OBSERVATION.DATE":"2025-09-20","OBSERVER.ID":"obsr4399854","DURATION.MINUTES":6.0,"SAMPLING.EVENT.IDENTIFIER":"S276952734","species_list":"Bay-backed Shrike; European Roller; Gray Francolin; Indian Peafowl","n_species":4,"focal_species_seen":"European Roller","focal_species_slugs":"european-roller","has_focal":true},"geometry":{"type":"Point","coordinates":[68.9277616,23.283118]}},{"type":"Feature","properties":{"GROUP.ID":"G15625878","LOCALITY":"Tera, Gujarat, IN (23.287, 68.936)","LATITUDE":23.2869538,"LONGITUDE":68.9364515,"OBSERVATION.DATE":"2025-09-20","OBSERVER.ID":"obsr4399854","DURATION.MINUTES":181.0,"SAMPLING.EVENT.IDENTIFIER":"S276952735","species_list":"Asian Green Bee-eater; Asian Koel; Bay-backed Shrike; Baya Weaver; Black-winged Kite; Black Drongo; Common Babbler; Common Myna; Common Tailorbird; Crested Lark; Dusky Crag-Martin; Eastern Cattle-Egret; Eurasian Collared-Dove; European Roller; Gray-breasted Prinia; Gray Francolin; Greater Coucal; House Sparrow; Indian Peafowl; Indian Pond-Heron; Indian Robin; Indian Spot-billed Duck; Isabelline Shrike; Jungle Prinia; Laughing Dove; Little Egret; Little Swift; Long-billed Pipit; Paddyfield Pipit; Painted Stork; Pied Cuckoo; Plain Prinia; Purple Sunbird; Rain Quail; Red-naped Ibis; Red-vented Bulbul; Red-wattled Lapwing; River Tern; Rose-ringed Parakeet; Rosy Starling; Siberian Stonechat; Western Marsh Harrier; Whiskered Tern; White-throated Kingfisher; Wire-tailed Swallow; Yellow-throated Sparrow; Yellow-wattled Lapwing; Zitting Cisticola","n_species":48,"focal_species_seen":"European Roller","focal_species_slugs":"european-roller","has_focal":true},"geometry":{"type":"Point","coordinates":[68.9364515,23.2869538]}},{"type":"Feature","properties":{"GROUP.ID":"G15625879","LOCALITY":"Naliya-Narayan Sarovar Road, Sukhpar, Gujarat, IN (23.358, 68.763)","LATITUDE":23.3582885,"LONGITUDE":68.7627586,"OBSERVATION.DATE":"2025-09-20","OBSERVER.ID":"obsr4399854","DURATION.MINUTES":null,"SAMPLING.EVENT.IDENTIFIER":"S276952736","species_list":"Black-winged Kite; European Roller; Rosy Starling","n_species":3,"focal_species_seen":"European Roller","focal_species_slugs":"european-roller","has_focal":true},"geometry":{"type":"Point","coordinates":[68.7627586,23.3582885]}},{"type":"Feature","properties":{"GROUP.ID":"G15625880","LOCALITY":"Naliya-Narayan Sarovar Road, Charopdi Nani, Gujarat, IN (23.368, 68.715)","LATITUDE":23.3684898,"LONGITUDE":68.7149431,"OBSERVATION.DATE":"2025-09-20","OBSERVER.ID":"obsr4399854","DURATION.MINUTES":79.0,"SAMPLING.EVENT.IDENTIFIER":"S276952737","species_list":"Asian Green Bee-eater; Asian Koel; Barn Swallow; Baya Weaver; Black Drongo; Common Babbler; Common Tailorbird; European Roller; Gray Francolin; House Crow; Indian Bushlark; Indian Peafowl; Indian Robin; Indian Silverbill; Pied Bushchat; Red-tailed Shrike; Red Collared-Dove; Rose-ringed Parakeet; Rosy Starling; Rufous-fronted Prinia; Siberian Stonechat; White-eared Bulbul; White-throated Kingfisher; Yellow-throated Sparrow; Zitting Cisticola","n_species":25,"focal_species_seen":"European Roller; Red-tailed Shrike","focal_species_slugs":"european-roller;red-tailed-shrike","has_focal":true},"geometry":{"type":"Point","coordinates":[68.7149431,23.3684898]}},{"type":"Feature","properties":{"GROUP.ID":"G15669234","LOCALITY":"Charopdi Moti, Gujarat, IN (23.335, 68.69)","LATITUDE":23.3350678,"LONGITUDE":68.690094,"OBSERVATION.DATE":"2025-09-20","OBSERVER.ID":"obsr4399854","DURATION.MINUTES":60.0,"SAMPLING.EVENT.IDENTIFIER":"S276952739","species_list":"Ashy-crowned Sparrow-Lark; Barn Swallow; Black-winged Kite; Black-winged Stilt; Black Drongo; Blue-cheeked Bee-eater; Common Babbler; Common Hoopoe; Common Sandpiper; Crested Lark; Eurasian Spoonbill; European Roller; Glossy Ibis; Gray-breasted Prinia; Gray Francolin; Gray Heron; Great Gray Shrike; Indian Peafowl; Indian Pond-Heron; Indian Silverbill; Isabelline Shrike; Jungle Prinia; Little Cormorant; Little Egret; Little Ringed Plover; Little Stint; Medium Egret; Osprey; Paddyfield Pipit; Pied Avocet; Pied Bushchat; Rain Quail; Red-wattled Lapwing; Red Collared-Dove; Rosy Starling; Siberian Stonechat; Tawny Lark; Western Marsh Harrier; Western Yellow Wagtail; Whiskered Tern; White-eared Bulbul; White-throated Kingfisher; Yellow-throated Sparrow; Zitting Cisticola","n_species":44,"focal_species_seen":"Blue-cheeked Bee-eater; European Roller","focal_species_slugs":"blue-cheeked-bee-eater;european-roller","has_focal":true},"geometry":{"type":"Point","coordinates":[68.690094,23.3350678]}},{"type":"Feature","properties":{"GROUP.ID":"G15669235","LOCALITY":"T48G4","LATITUDE":23.339307,"LONGITUDE":68.694622,"OBSERVATION.DATE":"2025-09-20","OBSERVER.ID":"obsr4399854","DURATION.MINUTES":78.0,"SAMPLING.EVENT.IDENTIFIER":"S276952741","species_list":"Asian Green Bee-eater; Baya Weaver; Black-winged Stilt; Black Drongo; Blue-cheeked Bee-eater; Common Sandpiper; Eastern Cattle-Egret; European Roller; Gray Heron; Greater Flamingo; Green Sandpiper; Indian Pond-Heron; Indian Robin; Laughing Dove; Little Cormorant; Marsh Sandpiper; Purple Sunbird; Red-naped Ibis; Red-wattled Lapwing; River Tern; Whiskered Tern; White-throated Kingfisher; Wood Sandpiper","n_species":23,"focal_species_seen":"Blue-cheeked Bee-eater; European Roller","focal_species_slugs":"blue-cheeked-bee-eater;european-roller","has_focal":true},"geometry":{"type":"Point","coordinates":[68.694622,23.339307]}},{"type":"Feature","properties":{"GROUP.ID":"G15625881","LOCALITY":"Tera, Gujarat, IN (23.287, 68.936)","LATITUDE":23.2869538,"LONGITUDE":68.9364515,"OBSERVATION.DATE":"2025-09-20","OBSERVER.ID":"obsr4399854","DURATION.MINUTES":57.0,"SAMPLING.EVENT.IDENTIFIER":"S276952743","species_list":"Black-winged Kite; Black-winged Stilt; Black Drongo; Common Babbler; Common Greenshank; Common Sandpiper; Dunlin; European Roller; Gray-breasted Prinia; Gray Francolin; Great Gray Shrike; Greater Flamingo; Indian Silverbill; Laughing Dove; Marsh Sandpiper; Paddyfield Pipit; Pied Avocet; Purple Sunbird; Red-vented Bulbul; Rosy Starling; Shikra; Variable Wheatear; White-eared Bulbul; Wire-tailed Swallow; Wood Sandpiper","n_species":25,"focal_species_seen":"European Roller","focal_species_slugs":"european-roller","has_focal":true},"geometry":{"type":"Point","coordinates":[68.9364515,23.2869538]}},{"type":"Feature","properties":{"GROUP.ID":"G15618932","LOCALITY":"Gujarat State Highway 45, Kachchh, Gujarat, IN (23.493, 69.662)","LATITUDE":23.4934573,"LONGITUDE":69.6617356,"OBSERVATION.DATE":"2025-09-21","OBSERVER.ID":"obsr4399854","DURATION.MINUTES":null,"SAMPLING.EVENT.IDENTIFIER":"S276952744","species_list":"Knob-billed Duck","n_species":1,"focal_species_seen":"","focal_species_slugs":"","has_focal":false},"geometry":{"type":"Point","coordinates":[69.6617356,23.4934573]}},{"type":"Feature","properties":{"GROUP.ID":"G15618933","LOCALITY":"Gujarat State Highway 45, Kachchh, Gujarat, IN (23.505, 69.662)","LATITUDE":23.504596,"LONGITUDE":69.6616373,"OBSERVATION.DATE":"2025-09-21","OBSERVER.ID":"obsr4399854","DURATION.MINUTES":null,"SAMPLING.EVENT.IDENTIFIER":"S276952745","species_list":"Eurasian Spoonbill; Little Egret; Medium Egret; River Tern; Western Reef-Heron","n_species":5,"focal_species_seen":"","focal_species_slugs":"","has_focal":false},"geometry":{"type":"Point","coordinates":[69.6616373,23.504596]}},{"type":"Feature","properties":{"GROUP.ID":"G15618934","LOCALITY":"Gujarat State Highway 45, Kachchh, Gujarat, IN (23.513, 69.663)","LATITUDE":23.5133077,"LONGITUDE":69.6629311,"OBSERVATION.DATE":"2025-09-21","OBSERVER.ID":"obsr4399854","DURATION.MINUTES":null,"SAMPLING.EVENT.IDENTIFIER":"S276952746","species_list":"Eurasian Coot; Little Egret; Red-wattled Lapwing","n_species":3,"focal_species_seen":"","focal_species_slugs":"","has_focal":false},"geometry":{"type":"Point","coordinates":[69.6629311,23.5133077]}},{"type":"Feature","properties":{"GROUP.ID":"G15618935","LOCALITY":"Gujarat State Highway 45, Kachchh, Gujarat, IN (23.522, 69.665)","LATITUDE":23.5224206,"LONGITUDE":69.665179,"OBSERVATION.DATE":"2025-09-21","OBSERVER.ID":"obsr4399854","DURATION.MINUTES":null,"SAMPLING.EVENT.IDENTIFIER":"S276952747","species_list":"Blue-cheeked Bee-eater; Eastern Cattle-Egret; Medium Egret; Rosy Starling; Whiskered Tern","n_species":5,"focal_species_seen":"Blue-cheeked Bee-eater","focal_species_slugs":"blue-cheeked-bee-eater","has_focal":true},"geometry":{"type":"Point","coordinates":[69.665179,23.5224206]}},{"type":"Feature","properties":{"GROUP.ID":"G15618936","LOCALITY":"National Highway 341, Bhojardo, Gujarat, IN (23.58, 69.679)","LATITUDE":23.5795844,"LONGITUDE":69.6791747,"OBSERVATION.DATE":"2025-09-21","OBSERVER.ID":"obsr4399854","DURATION.MINUTES":5.0,"SAMPLING.EVENT.IDENTIFIER":"S276952748","species_list":"Black-tailed Godwit; Black-winged Stilt; Collared Pratincole; Common Sandpiper; Dunlin; Great Thick-knee; Great White Pelican; Green-winged Teal; Little Stint; Northern Shoveler; Painted Stork; Pied Avocet; Red-wattled Lapwing; Whiskered Tern","n_species":14,"focal_species_seen":"","focal_species_slugs":"","has_focal":false},"geometry":{"type":"Point","coordinates":[69.6791747,23.5795844]}},{"type":"Feature","properties":{"GROUP.ID":"G15618937","LOCALITY":"Gujarat State Highway 45, Kachchh, Gujarat, IN (23.622, 69.689)","LATITUDE":23.6216267,"LONGITUDE":69.6893623,"OBSERVATION.DATE":"2025-09-21","OBSERVER.ID":"obsr4399854","DURATION.MINUTES":null,"SAMPLING.EVENT.IDENTIFIER":"S276952749","species_list":"Black-tailed Godwit; Black-winged Stilt; Common Redshank; Red-wattled Lapwing","n_species":4,"focal_species_seen":"","focal_species_slugs":"","has_focal":false},"geometry":{"type":"Point","coordinates":[69.6893623,23.6216267]}},{"type":"Feature","properties":{"GROUP.ID":"G15618938","LOCALITY":"Unnamed Road, Kachchh, Gujarat, IN (23.668, 69.664)","LATITUDE":23.6680266,"LONGITUDE":69.6635456,"OBSERVATION.DATE":"2025-09-21","OBSERVER.ID":"obsr4399854","DURATION.MINUTES":null,"SAMPLING.EVENT.IDENTIFIER":"S276952750","species_list":"European Roller","n_species":1,"focal_species_seen":"European Roller","focal_species_slugs":"european-roller","has_focal":true},"geometry":{"type":"Point","coordinates":[69.6635456,23.6680266]}},{"type":"Feature","properties":{"GROUP.ID":"G15618939","LOCALITY":"Unnamed Road, Kachchh, Gujarat, IN (23.667, 69.657)","LATITUDE":23.667325,"LONGITUDE":69.657404,"OBSERVATION.DATE":"2025-09-21","OBSERVER.ID":"obsr4399854","DURATION.MINUTES":null,"SAMPLING.EVENT.IDENTIFIER":"S276952751","species_list":"European Roller","n_species":1,"focal_species_seen":"European Roller","focal_species_slugs":"european-roller","has_focal":true},"geometry":{"type":"Point","coordinates":[69.657404,23.667325]}},{"type":"Feature","properties":{"GROUP.ID":"G15618940","LOCALITY":"Unnamed Road, Hodka, Gujarat, IN (23.665, 69.631)","LATITUDE":23.6647883,"LONGITUDE":69.631239,"OBSERVATION.DATE":"2025-09-21","OBSERVER.ID":"obsr4399854","DURATION.MINUTES":null,"SAMPLING.EVENT.IDENTIFIER":"S276952752","species_list":"Red-naped Ibis","n_species":1,"focal_species_seen":"","focal_species_slugs":"","has_focal":false},"geometry":{"type":"Point","coordinates":[69.631239,23.6647883]}},{"type":"Feature","properties":{"GROUP.ID":"G15618941","LOCALITY":"White Dessert Road, Dhordo, Gujarat, IN (23.79, 69.509)","LATITUDE":23.7900448,"LONGITUDE":69.5092978,"OBSERVATION.DATE":"2025-09-21","OBSERVER.ID":"obsr4399854","DURATION.MINUTES":null,"SAMPLING.EVENT.IDENTIFIER":"S276952753","species_list":"European Roller","n_species":1,"focal_species_seen":"European Roller","focal_species_slugs":"european-roller","has_focal":true},"geometry":{"type":"Point","coordinates":[69.5092978,23.7900448]}},{"type":"Feature","properties":{"GROUP.ID":"G15618942","LOCALITY":"National Highway 754K, Kachchh, Gujarat, IN (23.788, 69.618)","LATITUDE":23.7881444,"LONGITUDE":69.6178357,"OBSERVATION.DATE":"2025-09-21","OBSERVER.ID":"obsr4399854","DURATION.MINUTES":null,"SAMPLING.EVENT.IDENTIFIER":"S276952754","species_list":"Ruddy Turnstone","n_species":1,"focal_species_seen":"","focal_species_slugs":"","has_focal":false},"geometry":{"type":"Point","coordinates":[69.6178357,23.7881444]}},{"type":"Feature","properties":{"GROUP.ID":"G15618943","LOCALITY":"National Highway 754K, Kachchh, Gujarat, IN (23.785, 69.635)","LATITUDE":23.7851932,"LONGITUDE":69.6354271,"OBSERVATION.DATE":"2025-09-21","OBSERVER.ID":"obsr4399854","DURATION.MINUTES":null,"SAMPLING.EVENT.IDENTIFIER":"S276952755","species_list":"Crested Lark","n_species":1,"focal_species_seen":"","focal_species_slugs":"","has_focal":false},"geometry":{"type":"Point","coordinates":[69.6354271,23.7851932]}},{"type":"Feature","properties":{"GROUP.ID":"G15618944","LOCALITY":"Khavda-Dhordo, Kachchh, Gujarat, IN (23.778, 69.68)","LATITUDE":23.7776649,"LONGITUDE":69.6797409,"OBSERVATION.DATE":"2025-09-21","OBSERVER.ID":"obsr4399854","DURATION.MINUTES":25.0,"SAMPLING.EVENT.IDENTIFIER":"S276952756","species_list":"Black-headed Ibis; Black-tailed Godwit; Black-winged Stilt; Common Redshank; Eurasian Spoonbill; Gray Heron; Greater Sand-Plover; Green-winged Teal; Little Cormorant; Little Stint; Marsh Sandpiper; Northern Shoveler; Painted Stork; Pied Avocet; Slender-billed Gull; Western Reef-Heron; Whiskered Tern","n_species":17,"focal_species_seen":"","focal_species_slugs":"","has_focal":false},"geometry":{"type":"Point","coordinates":[69.6797409,23.7776649]}},{"type":"Feature","properties":{"GROUP.ID":"G15618945","LOCALITY":"Dhrobana, Gujarat, IN (23.936, 69.726)","LATITUDE":23.9358341,"LONGITUDE":69.7255712,"OBSERVATION.DATE":"2025-09-21","OBSERVER.ID":"obsr4399854","DURATION.MINUTES":null,"SAMPLING.EVENT.IDENTIFIER":"S276952757","species_list":"Knob-billed Duck","n_species":1,"focal_species_seen":"","focal_species_slugs":"","has_focal":false},"geometry":{"type":"Point","coordinates":[69.7255712,23.9358341]}},{"type":"Feature","properties":{"GROUP.ID":"G15618946","LOCALITY":"Gujarat State Highway 45, Kachchh, Gujarat, IN (24.015, 69.683)","LATITUDE":24.0150688,"LONGITUDE":69.6834317,"OBSERVATION.DATE":"2025-09-21","OBSERVER.ID":"obsr4399854","DURATION.MINUTES":16.0,"SAMPLING.EVENT.IDENTIFIER":"S276952758","species_list":"Black-tailed Godwit; Dunlin; Greater Flamingo; Green Sandpiper; Little Stint; Marsh Sandpiper; Northern Shoveler; Pied Avocet","n_species":8,"focal_species_seen":"","focal_species_slugs":"","has_focal":false},"geometry":{"type":"Point","coordinates":[69.6834317,24.0150688]}},{"type":"Feature","properties":{"GROUP.ID":"G15618947","LOCALITY":"Gujarat State Highway 45, Kachchh, Gujarat, IN (23.991, 69.704)","LATITUDE":23.9913446,"LONGITUDE":69.7040035,"OBSERVATION.DATE":"2025-09-21","OBSERVER.ID":"obsr4399854","DURATION.MINUTES":null,"SAMPLING.EVENT.IDENTIFIER":"S276952759","species_list":"Western Marsh Harrier","n_species":1,"focal_species_seen":"","focal_species_slugs":"","has_focal":false},"geometry":{"type":"Point","coordinates":[69.7040035,23.9913446]}},{"type":"Feature","properties":{"GROUP.ID":"G15618948","LOCALITY":"Gujarat State Highway 45, Kachchh, Gujarat, IN (23.97, 69.73)","LATITUDE":23.9699396,"LONGITUDE":69.7300035,"OBSERVATION.DATE":"2025-09-21","OBSERVER.ID":"obsr4399854","DURATION.MINUTES":4.0,"SAMPLING.EVENT.IDENTIFIER":"S276952760","species_list":"Black-winged Stilt; Dusky Crag-Martin; Slender-billed Gull; Whiskered Tern","n_species":4,"focal_species_seen":"","focal_species_slugs":"","has_focal":false},"geometry":{"type":"Point","coordinates":[69.7300035,23.9699396]}},{"type":"Feature","properties":{"GROUP.ID":"G15618949","LOCALITY":"Gujarat State Highway 45, Dhrobana, Gujarat, IN (23.917, 69.726)","LATITUDE":23.9173509,"LONGITUDE":69.7261174,"OBSERVATION.DATE":"2025-09-21","OBSERVER.ID":"obsr4399854","DURATION.MINUTES":9.0,"SAMPLING.EVENT.IDENTIFIER":"S276952761","species_list":"Common Babbler; House Sparrow; Indian Silverbill; Little Egret; Variable Wheatear; Wire-tailed Swallow; Zitting Cisticola","n_species":7,"focal_species_seen":"","focal_species_slugs":"","has_focal":false},"geometry":{"type":"Point","coordinates":[69.7261174,23.9173509]}},{"type":"Feature","properties":{"GROUP.ID":"G15618950","LOCALITY":"Gujarat State Highway 45, Dhrobana, Gujarat, IN (23.906, 69.73)","LATITUDE":23.9063627,"LONGITUDE":69.7296737,"OBSERVATION.DATE":"2025-09-21","OBSERVER.ID":"obsr4399854","DURATION.MINUTES":null,"SAMPLING.EVENT.IDENTIFIER":"S276952762","species_list":"European Roller","n_species":1,"focal_species_seen":"European Roller","focal_species_slugs":"european-roller","has_focal":true},"geometry":{"type":"Point","coordinates":[69.7296737,23.9063627]}},{"type":"Feature","properties":{"GROUP.ID":"G15618951","LOCALITY":"Dhrobana, Gujarat, IN (23.913, 69.738)","LATITUDE":23.9127806,"LONGITUDE":69.7382559,"OBSERVATION.DATE":"2025-09-21","OBSERVER.ID":"obsr4399854","DURATION.MINUTES":null,"SAMPLING.EVENT.IDENTIFIER":"S276952763","species_list":"Black Drongo; Common Babbler; European Roller; House Crow; White-eared Bulbul; White-throated Kingfisher","n_species":6,"focal_species_seen":"European Roller","focal_species_slugs":"european-roller","has_focal":true},"geometry":{"type":"Point","coordinates":[69.7382559,23.9127806]}},{"type":"Feature","properties":{"GROUP.ID":"G15618952","LOCALITY":"Kalo Dungar Road, Dhrobana, Gujarat, IN (23.921, 69.746)","LATITUDE":23.9207083,"LONGITUDE":69.7460953,"OBSERVATION.DATE":"2025-09-21","OBSERVER.ID":"obsr4399854","DURATION.MINUTES":null,"SAMPLING.EVENT.IDENTIFIER":"S276952764","species_list":"Common Babbler; House Sparrow; Pied Bushchat; White-eared Bulbul","n_species":4,"focal_species_seen":"","focal_species_slugs":"","has_focal":false},"geometry":{"type":"Point","coordinates":[69.7460953,23.9207083]}},{"type":"Feature","properties":{"GROUP.ID":"G15618953","LOCALITY":"Kalo Dungar Road, Dhrobana, Gujarat, IN (23.919, 69.769)","LATITUDE":23.9194471,"LONGITUDE":69.7693382,"OBSERVATION.DATE":"2025-09-21","OBSERVER.ID":"obsr4399854","DURATION.MINUTES":null,"SAMPLING.EVENT.IDENTIFIER":"S276952765","species_list":"Asian Green Bee-eater; Common Babbler; Common Hoopoe; Eurasian Collared-Dove; European Roller; Gray Francolin; Long-tailed Shrike; Purple Sunbird; Red-wattled Lapwing; Wire-tailed Swallow","n_species":10,"focal_species_seen":"European Roller","focal_species_slugs":"european-roller","has_focal":true},"geometry":{"type":"Point","coordinates":[69.7693382,23.9194471]}},{"type":"Feature","properties":{"GROUP.ID":"G15618954","LOCALITY":"Unnamed Road, Dhrobana, Gujarat, IN (23.98, 69.746)","LATITUDE":23.9804693,"LONGITUDE":69.7464658,"OBSERVATION.DATE":"2025-09-20","OBSERVER.ID":"obsr4399854","DURATION.MINUTES":null,"SAMPLING.EVENT.IDENTIFIER":"S276952766","species_list":"Black-winged Stilt; Black Drongo; Greater Flamingo; Pied Avocet","n_species":4,"focal_species_seen":"","focal_species_slugs":"","has_focal":false},"geometry":{"type":"Point","coordinates":[69.7464658,23.9804693]}},{"type":"Feature","properties":{"GROUP.ID":"G15618955","LOCALITY":"Ratadiya, Gujarat, IN (24.069, 69.65)","LATITUDE":24.0693688,"LONGITUDE":69.6504702,"OBSERVATION.DATE":"2025-09-20","OBSERVER.ID":"obsr4399854","DURATION.MINUTES":null,"SAMPLING.EVENT.IDENTIFIER":"S276952767","species_list":"Variable Wheatear","n_species":1,"focal_species_seen":"","focal_species_slugs":"","has_focal":false},"geometry":{"type":"Point","coordinates":[69.6504702,24.0693688]}},{"type":"Feature","properties":{"GROUP.ID":"G15618956","LOCALITY":"Ratadiya, Gujarat, IN (24.074, 69.647)","LATITUDE":24.0741859,"LONGITUDE":69.6474776,"OBSERVATION.DATE":"2025-09-20","OBSERVER.ID":"obsr4399854","DURATION.MINUTES":3.0,"SAMPLING.EVENT.IDENTIFIER":"S276952768","species_list":"Green-winged Teal; Green Sandpiper; Pied Avocet","n_species":3,"focal_species_seen":"","focal_species_slugs":"","has_focal":false},"geometry":{"type":"Point","coordinates":[69.6474776,24.0741859]}},{"type":"Feature","properties":{"GROUP.ID":"G15618957","LOCALITY":"Unnamed Road, Kachchh, Gujarat, IN (24.211, 69.533)","LATITUDE":24.2110936,"LONGITUDE":69.5328113,"OBSERVATION.DATE":"2025-09-20","OBSERVER.ID":"obsr4399854","DURATION.MINUTES":null,"SAMPLING.EVENT.IDENTIFIER":"S276952769","species_list":"European Roller","n_species":1,"focal_species_seen":"European Roller","focal_species_slugs":"european-roller","has_focal":true},"geometry":{"type":"Point","coordinates":[69.5328113,24.2110936]}},{"type":"Feature","properties":{"GROUP.ID":"G15618958","LOCALITY":"Unnamed Road, Kachchh, Gujarat, IN (24.211, 69.533)","LATITUDE":24.2110936,"LONGITUDE":69.5328113,"OBSERVATION.DATE":"2025-09-20","OBSERVER.ID":"obsr4399854","DURATION.MINUTES":null,"SAMPLING.EVENT.IDENTIFIER":"S276952770","species_list":"Montagu's Harrier","n_species":1,"focal_species_seen":"","focal_species_slugs":"","has_focal":false},"geometry":{"type":"Point","coordinates":[69.5328113,24.2110936]}},{"type":"Feature","properties":{"GROUP.ID":"G15618959","LOCALITY":"Indo - Pak Border Road, Kachchh, Gujarat, IN (24.268, 69.509)","LATITUDE":24.2677274,"LONGITUDE":69.5085555,"OBSERVATION.DATE":"2025-09-20","OBSERVER.ID":"obsr4399854","DURATION.MINUTES":null,"SAMPLING.EVENT.IDENTIFIER":"S276952771","species_list":"Blue-cheeked Bee-eater; Common Hoopoe; Greater Flamingo; Lesser Flamingo; Montagu's Harrier","n_species":5,"focal_species_seen":"Blue-cheeked Bee-eater","focal_species_slugs":"blue-cheeked-bee-eater","has_focal":true},"geometry":{"type":"Point","coordinates":[69.5085555,24.2677274]}},{"type":"Feature","properties":{"GROUP.ID":"G15618960","LOCALITY":"Indo - Pak Border Road, Kachchh, Gujarat, IN (24.272, 69.53)","LATITUDE":24.2722724,"LONGITUDE":69.5296285,"OBSERVATION.DATE":"2025-09-20","OBSERVER.ID":"obsr4399854","DURATION.MINUTES":null,"SAMPLING.EVENT.IDENTIFIER":"S276952772","species_list":"European Roller","n_species":1,"focal_species_seen":"European Roller","focal_species_slugs":"european-roller","has_focal":true},"geometry":{"type":"Point","coordinates":[69.5296285,24.2722724]}},{"type":"Feature","properties":{"GROUP.ID":"G15618961","LOCALITY":"Indo - Pak Border Road, Kachchh, Gujarat, IN (24.274, 69.537)","LATITUDE":24.2744493,"LONGITUDE":69.5368636,"OBSERVATION.DATE":"2025-09-20","OBSERVER.ID":"obsr4399854","DURATION.MINUTES":null,"SAMPLING.EVENT.IDENTIFIER":"S276952773","species_list":"European Roller","n_species":1,"focal_species_seen":"European Roller","focal_species_slugs":"european-roller","has_focal":true},"geometry":{"type":"Point","coordinates":[69.5368636,24.2744493]}},{"type":"Feature","properties":{"GROUP.ID":"G15618962","LOCALITY":"Indo - Pak Border Road, Kachchh, Gujarat, IN (24.291, 69.593)","LATITUDE":24.2908366,"LONGITUDE":69.5933603,"OBSERVATION.DATE":"2025-09-20","OBSERVER.ID":"obsr4399854","DURATION.MINUTES":null,"SAMPLING.EVENT.IDENTIFIER":"S276952774","species_list":"Blue-cheeked Bee-eater; European Roller","n_species":2,"focal_species_seen":"Blue-cheeked Bee-eater; European Roller","focal_species_slugs":"blue-cheeked-bee-eater;european-roller","has_focal":true},"geometry":{"type":"Point","coordinates":[69.5933603,24.2908366]}},{"type":"Feature","properties":{"GROUP.ID":"G15618963","LOCALITY":"Indo - Pak Border Road, Kachchh, Gujarat, IN (24.289, 69.596)","LATITUDE":24.2889418,"LONGITUDE":69.5961066,"OBSERVATION.DATE":"2025-09-20","OBSERVER.ID":"obsr4399854","DURATION.MINUTES":null,"SAMPLING.EVENT.IDENTIFIER":"S276952776","species_list":"Little Stint","n_species":1,"focal_species_seen":"","focal_species_slugs":"","has_focal":false},"geometry":{"type":"Point","coordinates":[69.5961066,24.2889418]}},{"type":"Feature","properties":{"GROUP.ID":"G15618964","LOCALITY":"Indo - Pak Border Road, Kachchh, Gujarat, PK (24.284, 69.601).","LATITUDE":24.2843799,"LONGITUDE":69.6012273,"OBSERVATION.DATE":"2025-09-20","OBSERVER.ID":"obsr4399854","DURATION.MINUTES":null,"SAMPLING.EVENT.IDENTIFIER":"S276952777","species_list":"Black Drongo","n_species":1,"focal_species_seen":"","focal_species_slugs":"","has_focal":false},"geometry":{"type":"Point","coordinates":[69.6012273,24.2843799]}},{"type":"Feature","properties":{"GROUP.ID":"G15613481","LOCALITY":"Indo - Pak Border Road, Kachchh, Gujarat, IN (24.275, 69.612)","LATITUDE":24.2745873,"LONGITUDE":69.6121939,"OBSERVATION.DATE":"2025-09-20","OBSERVER.ID":"obsr4399854","DURATION.MINUTES":null,"SAMPLING.EVENT.IDENTIFIER":"S276952778","species_list":"Eurasian Curlew","n_species":1,"focal_species_seen":"","focal_species_slugs":"","has_focal":false},"geometry":{"type":"Point","coordinates":[69.6121939,24.2745873]}},{"type":"Feature","properties":{"GROUP.ID":"G15613463","LOCALITY":"Indo - Pak Border Road, Kachchh, Gujarat, IN (24.232, 69.66)","LATITUDE":24.2323965,"LONGITUDE":69.6599727,"OBSERVATION.DATE":"2025-09-20","OBSERVER.ID":"obsr4399854","DURATION.MINUTES":null,"SAMPLING.EVENT.IDENTIFIER":"S276952779","species_list":"Blue-cheeked Bee-eater; Indian Roller","n_species":2,"focal_species_seen":"Blue-cheeked Bee-eater","focal_species_slugs":"blue-cheeked-bee-eater","has_focal":true},"geometry":{"type":"Point","coordinates":[69.6599727,24.2323965]}},{"type":"Feature","properties":{"GROUP.ID":"G15613464","LOCALITY":"Indo - Pak Border Road, Kachchh, Gujarat, IN (24.205, 69.691)","LATITUDE":24.2049665,"LONGITUDE":69.6909567,"OBSERVATION.DATE":"2025-09-20","OBSERVER.ID":"obsr4399854","DURATION.MINUTES":null,"SAMPLING.EVENT.IDENTIFIER":"S276952780","species_list":"Greater Flamingo; Northern Shoveler","n_species":2,"focal_species_seen":"","focal_species_slugs":"","has_focal":false},"geometry":{"type":"Point","coordinates":[69.6909567,24.2049665]}},{"type":"Feature","properties":{"GROUP.ID":"G15613465","LOCALITY":"Indo - Pak Border Road, Kachchh, Gujarat, IN (24.2, 69.697)","LATITUDE":24.1997703,"LONGITUDE":69.6968423,"OBSERVATION.DATE":"2025-09-20","OBSERVER.ID":"obsr4399854","DURATION.MINUTES":null,"SAMPLING.EVENT.IDENTIFIER":"S276952781","species_list":"European Roller","n_species":1,"focal_species_seen":"European Roller","focal_species_slugs":"european-roller","has_focal":true},"geometry":{"type":"Point","coordinates":[69.6968423,24.1997703]}},{"type":"Feature","properties":{"GROUP.ID":"G15613466","LOCALITY":"Indo - Pak Border Road, Kachchh, Gujarat, IN (24.193, 69.704)","LATITUDE":24.1930991,"LONGITUDE":69.7043548,"OBSERVATION.DATE":"2025-09-20","OBSERVER.ID":"obsr4399854","DURATION.MINUTES":null,"SAMPLING.EVENT.IDENTIFIER":"S276952782","species_list":"Blue-cheeked Bee-eater; Common Babbler; Montagu's Harrier; Red-tailed Shrike; Red-wattled Lapwing","n_species":5,"focal_species_seen":"Blue-cheeked Bee-eater; Red-tailed Shrike","focal_species_slugs":"blue-cheeked-bee-eater;red-tailed-shrike","has_focal":true},"geometry":{"type":"Point","coordinates":[69.7043548,24.1930991]}},{"type":"Feature","properties":{"GROUP.ID":"G15613467","LOCALITY":"Indo - Pak Border Road, Kachchh, Gujarat, IN (24.19, 69.708)","LATITUDE":24.1901748,"LONGITUDE":69.7077265,"OBSERVATION.DATE":"2025-09-20","OBSERVER.ID":"obsr4399854","DURATION.MINUTES":null,"SAMPLING.EVENT.IDENTIFIER":"S276952783","species_list":"Blue-cheeked Bee-eater; European Roller","n_species":2,"focal_species_seen":"Blue-cheeked Bee-eater; European Roller","focal_species_slugs":"blue-cheeked-bee-eater;european-roller","has_focal":true},"geometry":{"type":"Point","coordinates":[69.7077265,24.1901748]}},{"type":"Feature","properties":{"GROUP.ID":"G15613468","LOCALITY":"Indo - Pak Border Road, Kachchh, Gujarat, IN (24.184, 69.715)","LATITUDE":24.1839329,"LONGITUDE":69.7147256,"OBSERVATION.DATE":"2025-09-20","OBSERVER.ID":"obsr4399854","DURATION.MINUTES":null,"SAMPLING.EVENT.IDENTIFIER":"S276952784","species_list":"Blue-cheeked Bee-eater","n_species":1,"focal_species_seen":"Blue-cheeked Bee-eater","focal_species_slugs":"blue-cheeked-bee-eater","has_focal":true},"geometry":{"type":"Point","coordinates":[69.7147256,24.1839329]}},{"type":"Feature","properties":{"GROUP.ID":"G15613469","LOCALITY":"Indo - Pak Border Road, Kachchh, Gujarat, IN (24.169, 69.742)","LATITUDE":24.1694891,"LONGITUDE":69.7418267,"OBSERVATION.DATE":"2025-09-20","OBSERVER.ID":"obsr4399854","DURATION.MINUTES":null,"SAMPLING.EVENT.IDENTIFIER":"S276952785","species_list":"Greater Sand-Plover; Ruff","n_species":2,"focal_species_seen":"","focal_species_slugs":"","has_focal":false},"geometry":{"type":"Point","coordinates":[69.7418267,24.1694891]}},{"type":"Feature","properties":{"GROUP.ID":"G15613470","LOCALITY":"Indo - Pak Border Road, Kachchh, Gujarat, IN (24.17, 69.744)","LATITUDE":24.1695325,"LONGITUDE":69.7444829,"OBSERVATION.DATE":"2025-09-20","OBSERVER.ID":"obsr4399854","DURATION.MINUTES":null,"SAMPLING.EVENT.IDENTIFIER":"S276952786","species_list":"Blue-cheeked Bee-eater","n_species":1,"focal_species_seen":"Blue-cheeked Bee-eater","focal_species_slugs":"blue-cheeked-bee-eater","has_focal":true},"geometry":{"type":"Point","coordinates":[69.7444829,24.1695325]}},{"type":"Feature","properties":{"GROUP.ID":"G15613471","LOCALITY":"Indo - Pak Border Road, Kachchh, Gujarat, IN (24.17, 69.748)","LATITUDE":24.169553,"LONGITUDE":69.7476221,"OBSERVATION.DATE":"2025-09-20","OBSERVER.ID":"obsr4399854","DURATION.MINUTES":null,"SAMPLING.EVENT.IDENTIFIER":"S276952787","species_list":"Blue-cheeked Bee-eater","n_species":1,"focal_species_seen":"Blue-cheeked Bee-eater","focal_species_slugs":"blue-cheeked-bee-eater","has_focal":true},"geometry":{"type":"Point","coordinates":[69.7476221,24.169553]}},{"type":"Feature","properties":{"GROUP.ID":"G15613472","LOCALITY":"Indo - Pak Border Road, Kachchh, Gujarat, IN (24.17, 69.771)","LATITUDE":24.169708,"LONGITUDE":69.7709315,"OBSERVATION.DATE":"2025-09-20","OBSERVER.ID":"obsr4399854","DURATION.MINUTES":null,"SAMPLING.EVENT.IDENTIFIER":"S276952788","species_list":"European Roller; Red-tailed Shrike","n_species":2,"focal_species_seen":"European Roller; Red-tailed Shrike","focal_species_slugs":"european-roller;red-tailed-shrike","has_focal":true},"geometry":{"type":"Point","coordinates":[69.7709315,24.169708]}},{"type":"Feature","properties":{"GROUP.ID":"G15613473","LOCALITY":"Indo - Pak Border Road, Kachchh, Gujarat, IN (24.17, 69.786)","LATITUDE":24.1696729,"LONGITUDE":69.7861133,"OBSERVATION.DATE":"2025-09-20","OBSERVER.ID":"obsr4399854","DURATION.MINUTES":null,"SAMPLING.EVENT.IDENTIFIER":"S276952789","species_list":"Rufous-tailed Scrub-Robin","n_species":1,"focal_species_seen":"Rufous-tailed Scrub-Robin","focal_species_slugs":"rufous-tailed-scrub-robin","has_focal":true},"geometry":{"type":"Point","coordinates":[69.7861133,24.1696729]}},{"type":"Feature","properties":{"GROUP.ID":"G15613474","LOCALITY":"Unnamed Road, Kachchh, Gujarat, IN (24.17, 69.792)","LATITUDE":24.1696498,"LONGITUDE":69.7924712,"OBSERVATION.DATE":"2025-09-20","OBSERVER.ID":"obsr4399854","DURATION.MINUTES":null,"SAMPLING.EVENT.IDENTIFIER":"S276952790","species_list":"Blue-cheeked Bee-eater; Crested Lark","n_species":2,"focal_species_seen":"Blue-cheeked Bee-eater","focal_species_slugs":"blue-cheeked-bee-eater","has_focal":true},"geometry":{"type":"Point","coordinates":[69.7924712,24.1696498]}},{"type":"Feature","properties":{"GROUP.ID":"G15613475","LOCALITY":"Kachchh, Gujarat, IN (24.17, 69.807)","LATITUDE":24.1696098,"LONGITUDE":69.806722,"OBSERVATION.DATE":"2025-09-20","OBSERVER.ID":"obsr4399854","DURATION.MINUTES":5.0,"SAMPLING.EVENT.IDENTIFIER":"S276952791","species_list":"Blue-cheeked Bee-eater; Crested Lark; Desert Wheatear; Isabelline Wheatear; Lesser Flamingo; Variable Wheatear; Western Reef-Heron","n_species":7,"focal_species_seen":"Blue-cheeked Bee-eater","focal_species_slugs":"blue-cheeked-bee-eater","has_focal":true},"geometry":{"type":"Point","coordinates":[69.806722,24.1696098]}},{"type":"Feature","properties":{"GROUP.ID":"G15613476","LOCALITY":"Unnamed Road, Kachchh, Gujarat, IN (24.125, 69.756)","LATITUDE":24.1248222,"LONGITUDE":69.7555864,"OBSERVATION.DATE":"2025-09-20","OBSERVER.ID":"obsr4399854","DURATION.MINUTES":null,"SAMPLING.EVENT.IDENTIFIER":"S276952792","species_list":"Blue-cheeked Bee-eater; Caspian Tern; Common Babbler; Common Greenshank; Common Hoopoe; Eurasian Curlew; Long-tailed Shrike; Siberian Stonechat; Slender-billed Gull; Variable Wheatear; Western Reef-Heron; Whiskered Tern","n_species":12,"focal_species_seen":"Blue-cheeked Bee-eater","focal_species_slugs":"blue-cheeked-bee-eater","has_focal":true},"geometry":{"type":"Point","coordinates":[69.7555864,24.1248222]}},{"type":"Feature","properties":{"GROUP.ID":"G15613477","LOCALITY":"Ratadiya, Gujarat, IN (24.107, 69.7)","LATITUDE":24.1069837,"LONGITUDE":69.6997218,"OBSERVATION.DATE":"2025-09-20","OBSERVER.ID":"obsr4399854","DURATION.MINUTES":null,"SAMPLING.EVENT.IDENTIFIER":"S276952793","species_list":"Asian Green Bee-eater; Common Babbler; Red-wattled Lapwing","n_species":3,"focal_species_seen":"","focal_species_slugs":"","has_focal":false},"geometry":{"type":"Point","coordinates":[69.6997218,24.1069837]}},{"type":"Feature","properties":{"GROUP.ID":"G15613387","LOCALITY":"Unnamed Road, Kachchh, Gujarat, IN (24.069, 69.679)","LATITUDE":24.0689625,"LONGITUDE":69.6791934,"OBSERVATION.DATE":"2025-09-20","OBSERVER.ID":"obsr4399854","DURATION.MINUTES":17.0,"SAMPLING.EVENT.IDENTIFIER":"S276952794","species_list":"Blue-cheeked Bee-eater; Gull-billed Tern; Variable Wheatear; Western Marsh Harrier","n_species":4,"focal_species_seen":"Blue-cheeked Bee-eater","focal_species_slugs":"blue-cheeked-bee-eater","has_focal":true},"geometry":{"type":"Point","coordinates":[69.6791934,24.0689625]}},{"type":"Feature","properties":{"GROUP.ID":"G15613386","LOCALITY":"India Bridge, Kachchh, Gujarat, IN (23.984, 69.746)","LATITUDE":23.9838952,"LONGITUDE":69.7456645,"OBSERVATION.DATE":"2025-09-20","OBSERVER.ID":"obsr4399854","DURATION.MINUTES":54.0,"SAMPLING.EVENT.IDENTIFIER":"S276952795","species_list":"Ashy-crowned Sparrow-Lark; Asian Green Bee-eater; Black-winged Kite; Black-winged Stilt; Common Babbler; European Roller; Gray Francolin; Greater Flamingo; House Sparrow; Pied Avocet; Ruff; Rufous-tailed Scrub-Robin; Siberian Stonechat; Variable Wheatear; Western Marsh Harrier; White-eared Bulbul; Wire-tailed Swallow","n_species":17,"focal_species_seen":"European Roller; Rufous-tailed Scrub-Robin","focal_species_slugs":"european-roller;rufous-tailed-scrub-robin","has_focal":true},"geometry":{"type":"Point","coordinates":[69.7456645,23.9838952]}},{"type":"Feature","properties":{"GROUP.ID":"G15605909","LOCALITY":"Unnamed Road, Gujarat, IN (23.604, 68.508)","LATITUDE":23.604085,"LONGITUDE":68.508475,"OBSERVATION.DATE":"2025-09-21","OBSERVER.ID":"obsr4399854","DURATION.MINUTES":14.0,"SAMPLING.EVENT.IDENTIFIER":"S276952796","species_list":"Asian Green Bee-eater; Asian Koel; Black-winged Kite; Black Drongo; Black Francolin; Eurasian Collared-Dove; European Roller; Gray Francolin; House Crow; Indian Bushlark; Indian Courser; Indian Peafowl; Indian Robin; Laughing Dove; Little Swift; Pied Bushchat; Red-vented Bulbul; Red-wattled Lapwing; Rosy Starling; White-eared Bulbul; Yellow-wattled Lapwing","n_species":21,"focal_species_seen":"European Roller","focal_species_slugs":"european-roller","has_focal":true},"geometry":{"type":"Point","coordinates":[68.508475,23.604085]}},{"type":"Feature","properties":{"GROUP.ID":"G15605913","LOCALITY":"Unnamed Road, Gujarat, IN (23.604, 68.508)","LATITUDE":23.604085,"LONGITUDE":68.508475,"OBSERVATION.DATE":"2025-09-21","OBSERVER.ID":"obsr4399854","DURATION.MINUTES":18.0,"SAMPLING.EVENT.IDENTIFIER":"S276952799","species_list":"Asian Green Bee-eater; Asian Koel; Black-winged Kite; Black-winged Stilt; Black Drongo; Black Francolin; Eurasian Collared-Dove; European Roller; Gray Francolin; House Crow; Indian Bushlark; Indian Courser; Indian Peafowl; Indian Robin; Laughing Dove; Little Cormorant; Little Swift; Pied Bushchat; Red-vented Bulbul; Red-wattled Lapwing; River Tern; Rosy Starling; White-eared Bulbul; Yellow-wattled Lapwing","n_species":24,"focal_species_seen":"European Roller","focal_species_slugs":"european-roller","has_focal":true},"geometry":{"type":"Point","coordinates":[68.508475,23.604085]}},{"type":"Feature","properties":{"GROUP.ID":"G15669236","LOCALITY":"Gujarat State Highway 6, Kachchh, Gujarat, IN (23.702, 68.615)","LATITUDE":23.7016233,"LONGITUDE":68.6152633,"OBSERVATION.DATE":"2025-09-21","OBSERVER.ID":"obsr4399854","DURATION.MINUTES":16.0,"SAMPLING.EVENT.IDENTIFIER":"S276952800","species_list":"Brahminy Starling; Gray Francolin; Indian Pond-Heron; Rosy Starling; Wire-tailed Swallow","n_species":5,"focal_species_seen":"","focal_species_slugs":"","has_focal":false},"geometry":{"type":"Point","coordinates":[68.6152633,23.7016233]}},{"type":"Feature","properties":{"GROUP.ID":"G15605916","LOCALITY":"Lakhpat Kot Road, Lakhpat, Gujarat, IN (23.826, 68.779)","LATITUDE":23.826048,"LONGITUDE":68.7787865,"OBSERVATION.DATE":"2025-09-21","OBSERVER.ID":"obsr4399854","DURATION.MINUTES":17.0,"SAMPLING.EVENT.IDENTIFIER":"S276952801","species_list":"Barred Buttonquail; Black Drongo; Common Hoopoe; Common Myna; Eurasian Collared-Dove; Gray Francolin; Greater Coucal; House Sparrow; Indian Peafowl; Little Cormorant; Purple Sunbird; Red-vented Bulbul; Red-wattled Lapwing; Rose-ringed Parakeet; White-throated Kingfisher","n_species":15,"focal_species_seen":"","focal_species_slugs":"","has_focal":false},"geometry":{"type":"Point","coordinates":[68.7787865,23.826048]}},{"type":"Feature","properties":{"GROUP.ID":"G15669237","LOCALITY":"Lakhpat Kot Road, Lakhpat, Gujarat, IN (23.826, 68.779)","LATITUDE":23.826048,"LONGITUDE":68.7787865,"OBSERVATION.DATE":"2025-09-20","OBSERVER.ID":"obsr4399854","DURATION.MINUTES":35.0,"SAMPLING.EVENT.IDENTIFIER":"S276952802","species_list":"Black Drongo; Common Babbler; Eastern Cattle-Egret; Eurasian Collared-Dove; European Roller; Gray Francolin; Great Thick-knee; Great White Pelican; Greater Flamingo; Indian Peafowl; Isabelline Shrike; Little Grebe; Pied Kingfisher; Red-wattled Lapwing; River Tern; Variable Wheatear; White-eared Bulbul; Wire-tailed Swallow","n_species":18,"focal_species_seen":"European Roller","focal_species_slugs":"european-roller","has_focal":true},"geometry":{"type":"Point","coordinates":[68.7787865,23.826048]}},{"type":"Feature","properties":{"GROUP.ID":"G15604421","LOCALITY":"Bhanada Grass Land, Vadapaddhar, Gujarat, IN (23.197, 68.854)","LATITUDE":23.1974217,"LONGITUDE":68.8541667,"OBSERVATION.DATE":"2025-09-21","OBSERVER.ID":"obsr4399854","DURATION.MINUTES":65.0,"SAMPLING.EVENT.IDENTIFIER":"S276952803","species_list":"Ashy-crowned Sparrow-Lark; Asian Green Bee-eater; Asian Koel; Barn Swallow; Bay-backed Shrike; Baya Weaver; Black-winged Kite; Black Drongo; Black Francolin; Blue-cheeked Bee-eater; Blyth's Reed Warbler; Brahminy Starling; Common Babbler; Common Hoopoe; Common Myna; Common Woodshrike; Crested Lark; Delicate Prinia; Eastern Cattle-Egret; Eurasian Collared-Dove; Eurasian Wryneck; European Roller; Gray-breasted Prinia; Gray Francolin; Great Gray Shrike; Greater Short-toed Lark; House Crow; Indian Bushlark; Indian Robin; Indian Silverbill; Isabelline Shrike; Jungle Prinia; Laughing Dove; Lesser Florican; Lesser Whitethroat; Little Swift; Montagu's Harrier; Pied Bushchat; Pied Cuckoo; Plain Prinia; Purple Sunbird; Rain Quail; Red-backed Shrike; Red-tailed Shrike; Red-vented Bulbul; Red-wattled Lapwing; Red Collared-Dove; Rose-ringed Parakeet; Rosy Starling; Rufous-fronted Prinia; Rufous-tailed Lark; Shikra; Spotted Flycatcher; Tawny Pipit; Variable Wheatear; Western Marsh Harrier; White-browed Bushchat; White-eared Bulbul; White-throated Kingfisher; Wire-tailed Swallow","n_species":60,"focal_species_seen":"Blue-cheeked Bee-eater; European Roller; Red-backed Shrike; Red-tailed Shrike; Spotted Flycatcher","focal_species_slugs":"blue-cheeked-bee-eater;european-roller;red-backed-shrike;red-tailed-shrike;spotted-flycatcher","has_focal":true},"geometry":{"type":"Point","coordinates":[68.8541667,23.1974217]}},{"type":"Feature","properties":{"GROUP.ID":"G15669238","LOCALITY":"Unnamed Road, Kachchh, Gujarat, IN (23.226, 70.554)","LATITUDE":23.2261315,"LONGITUDE":70.5542046,"OBSERVATION.DATE":"2025-09-20","OBSERVER.ID":"obsr4399854","DURATION.MINUTES":49.0,"SAMPLING.EVENT.IDENTIFIER":"S276952804","species_list":"Eurasian Collared-Dove; European Roller; Laughing Dove; Painted Stork; Red-wattled Lapwing","n_species":5,"focal_species_seen":"European Roller","focal_species_slugs":"european-roller","has_focal":true},"geometry":{"type":"Point","coordinates":[70.5542046,23.2261315]}},{"type":"Feature","properties":{"GROUP.ID":"G15669239","LOCALITY":"Vidivada Pabudada Mandir Jangi - PMC failed grid 125 - Team 25","LATITUDE":23.1993297,"LONGITUDE":70.5760373,"OBSERVATION.DATE":"2025-09-20","OBSERVER.ID":"obsr4399854","DURATION.MINUTES":193.0,"SAMPLING.EVENT.IDENTIFIER":"S276952806","species_list":"Ashy-crowned Sparrow-Lark; Asian Green Bee-eater; Bay-backed Shrike; Baya Weaver; Black-headed Ibis; Black-winged Stilt; Black Drongo; Blyth's Reed Warbler; Common Babbler; Common Greenshank; Common Hoopoe; Common Redshank; Common Tailorbird; Crested Lark; Eurasian Collared-Dove; Eurasian Spoonbill; European Roller; Gray-breasted Prinia; Gray Francolin; Gray Heron; Great Egret; Greater Sand-Plover; Green Sandpiper; Gull-billed Tern; House Crow; House Sparrow; Indian Robin; Indian Spot-billed Duck; Laughing Dove; Little Cormorant; Little Egret; Little Ringed Plover; Medium Egret; Painted Stork; Pied Avocet; Plain Prinia; Purple Sunbird; Red-wattled Lapwing; Red Collared-Dove; Rufous-fronted Prinia; Sand Lark; Siberian Stonechat; Spotted Flycatcher; Sykes's Warbler; Tawny Pipit; Temminck's Stint; Tree Pipit; Western Reef-Heron; Whiskered Tern; White-eared Bulbul; Yellow-wattled Lapwing","n_species":51,"focal_species_seen":"European Roller; Spotted Flycatcher","focal_species_slugs":"european-roller;spotted-flycatcher","has_focal":true},"geometry":{"type":"Point","coordinates":[70.5760373,23.1993297]}},{"type":"Feature","properties":{"GROUP.ID":"G15669240","LOCALITY":"Bhachau, Kutch (OBI)","LATITUDE":23.295425,"LONGITUDE":70.337937,"OBSERVATION.DATE":"2025-09-20","OBSERVER.ID":"obsr4399854","DURATION.MINUTES":5.0,"SAMPLING.EVENT.IDENTIFIER":"S276952808","species_list":"Indian Nightjar","n_species":1,"focal_species_seen":"","focal_species_slugs":"","has_focal":false},"geometry":{"type":"Point","coordinates":[70.337937,23.295425]}},{"type":"Feature","properties":{"GROUP.ID":"G15606195","LOCALITY":"Unnamed Road, Chhadavada, Gujarat, IN (23.255, 70.481)","LATITUDE":23.2549389,"LONGITUDE":70.480705,"OBSERVATION.DATE":"2025-09-21","OBSERVER.ID":"obsr4399854","DURATION.MINUTES":78.0,"SAMPLING.EVENT.IDENTIFIER":"S276952809","species_list":"Ashy-crowned Sparrow-Lark; Bay-backed Shrike; Black-winged Stilt; Common Sandpiper; Great Cormorant; Little Ringed Plover; Oriental Honey-buzzard; Paddyfield Pipit; Pied Kingfisher; Rufous-tailed Lark; Sanderling; Wood Sandpiper","n_species":12,"focal_species_seen":"","focal_species_slugs":"","has_focal":false},"geometry":{"type":"Point","coordinates":[70.480705,23.2549389]}},{"type":"Feature","properties":{"GROUP.ID":"G15606196","LOCALITY":"Unnamed Road, Chhadavada, Gujarat, IN (23.262, 70.467)","LATITUDE":23.2623999,"LONGITUDE":70.4666872,"OBSERVATION.DATE":"2025-09-21","OBSERVER.ID":"obsr4399854","DURATION.MINUTES":22.0,"SAMPLING.EVENT.IDENTIFIER":"S276952810","species_list":"Asian Green Bee-eater; Common Babbler; Common Tailorbird; Eurasian Collared-Dove; European Roller; House Crow; House Sparrow; Laughing Dove; Little Grebe; Western Marsh Harrier; White-eared Bulbul","n_species":11,"focal_species_seen":"European Roller","focal_species_slugs":"european-roller","has_focal":true},"geometry":{"type":"Point","coordinates":[70.4666872,23.2623999]}},{"type":"Feature","properties":{"GROUP.ID":"G15606199","LOCALITY":"National Highway 41, Chhadavada, Gujarat, IN (23.304, 70.42)","LATITUDE":23.3038661,"LONGITUDE":70.4195974,"OBSERVATION.DATE":"2025-09-21","OBSERVER.ID":"obsr4399854","DURATION.MINUTES":null,"SAMPLING.EVENT.IDENTIFIER":"S276952811","species_list":"Montagu's Harrier","n_species":1,"focal_species_seen":"","focal_species_slugs":"","has_focal":false},"geometry":{"type":"Point","coordinates":[70.4195974,23.3038661]}},{"type":"Feature","properties":{"GROUP.ID":"G15601548","LOCALITY":"Sarspar, Gujarat, IN (23.314, 69.724)","LATITUDE":23.3136813,"LONGITUDE":69.723513,"OBSERVATION.DATE":"2025-09-21","OBSERVER.ID":"obsr4399854","DURATION.MINUTES":58.0,"SAMPLING.EVENT.IDENTIFIER":"S276952812","species_list":"Ashy-crowned Sparrow-Lark; Asian Green Bee-eater; Bay-backed Shrike; Black-headed Bunting; Black Drongo; Common Babbler; Common Cuckoo; Common Hoopoe; Eurasian Collared-Dove; Eurasian Kestrel; European Roller; Gray-breasted Prinia; Indian Bushlark; Indian Robin; Indian Silverbill; Jungle Prinia; Laughing Dove; Lesser Whistling-Duck; Lesser Whitethroat; Little Swift; Long-tailed Shrike; Paddyfield Pipit; Pied Cuckoo; Plain Prinia; Purple Sunbird; Red-backed Shrike; Red-naped Ibis; Red-tailed Shrike; Red-vented Bulbul; Red-wattled Lapwing; Red Collared-Dove; River Tern; Rufous-fronted Prinia; Siberian Stonechat; Spotted Flycatcher; Variable Wheatear; White-eared Bulbul; White-tailed Iora; Yellow-throated Sparrow; Yellow-wattled Lapwing","n_species":40,"focal_species_seen":"Common Cuckoo; European Roller; Red-backed Shrike; Red-tailed Shrike; Spotted Flycatcher","focal_species_slugs":"common-cuckoo;european-roller;red-backed-shrike;red-tailed-shrike;spotted-flycatcher","has_focal":true},"geometry":{"type":"Point","coordinates":[69.723513,23.3136813]}},{"type":"Feature","properties":{"GROUP.ID":"G15599654","LOCALITY":"Samatra, Gujarat, IN (23.194, 69.477)","LATITUDE":23.194304,"LONGITUDE":69.4770492,"OBSERVATION.DATE":"2025-09-21","OBSERVER.ID":"obsr4399854","DURATION.MINUTES":null,"SAMPLING.EVENT.IDENTIFIER":"S276952814","species_list":"Black-winged Kite","n_species":1,"focal_species_seen":"","focal_species_slugs":"","has_focal":false},"geometry":{"type":"Point","coordinates":[69.4770492,23.194304]}},{"type":"Feature","properties":{"GROUP.ID":"G15598912","LOCALITY":"Dhram, Berdo, Gujarat, IN (23.415, 69.841)","LATITUDE":23.4147429,"LONGITUDE":69.8406165,"OBSERVATION.DATE":"2025-09-21","OBSERVER.ID":"obsr4399854","DURATION.MINUTES":63.0,"SAMPLING.EVENT.IDENTIFIER":"S276952815","species_list":"Asian Green Bee-eater; Common Hoopoe; Eurasian Collared-Dove; Eurasian Nightjar; European Roller; Laughing Dove; Rufous-tailed Lark","n_species":7,"focal_species_seen":"European Roller","focal_species_slugs":"european-roller","has_focal":true},"geometry":{"type":"Point","coordinates":[69.8406165,23.4147429]}},{"type":"Feature","properties":{"GROUP.ID":"G15599655","LOCALITY":"Roha Fort Forest","LATITUDE":23.200143,"LONGITUDE":69.268318,"OBSERVATION.DATE":"2025-09-21","OBSERVER.ID":"obsr4399854","DURATION.MINUTES":86.0,"SAMPLING.EVENT.IDENTIFIER":"S276952816","species_list":"Common Tailorbird; Eurasian Collared-Dove; Gray-breasted Prinia; Gray Francolin; House Sparrow; Indian Peafowl; Little Swift; Purple Sunbird; Red-vented Bulbul; Red Collared-Dove; Streak-throated Swallow; White-tailed Iora","n_species":12,"focal_species_seen":"","focal_species_slugs":"","has_focal":false},"geometry":{"type":"Point","coordinates":[69.268318,23.200143]}},{"type":"Feature","properties":{"GROUP.ID":"G15600399","LOCALITY":"Nagasar Lake","LATITUDE":23.5673324,"LONGITUDE":70.6537725,"OBSERVATION.DATE":"2025-09-21","OBSERVER.ID":"obsr4399854","DURATION.MINUTES":13.0,"SAMPLING.EVENT.IDENTIFIER":"S276952817","species_list":"Black-headed Ibis; Common Sandpiper; European Roller; Gray-breasted Prinia; Shikra","n_species":5,"focal_species_seen":"European Roller","focal_species_slugs":"european-roller","has_focal":true},"geometry":{"type":"Point","coordinates":[70.6537725,23.5673324]}},{"type":"Feature","properties":{"GROUP.ID":"G15598416","LOCALITY":"T21G2","LATITUDE":23.5491601,"LONGITUDE":70.6677375,"OBSERVATION.DATE":"2025-09-21","OBSERVER.ID":"obsr4399854","DURATION.MINUTES":60.0,"SAMPLING.EVENT.IDENTIFIER":"S276952818","species_list":"Ashy-crowned Sparrow-Lark; Asian Green Bee-eater; Asian Koel; Baya Weaver; Black-winged Stilt; Citrine Wagtail; Common Babbler; Common Hoopoe; Common Sandpiper; Common Tailorbird; Eastern Cattle-Egret; Eurasian Collared-Dove; Eurasian Wryneck; European Roller; Glossy Ibis; Gray-breasted Prinia; Gray-necked Bunting; Gray Francolin; Greater Coucal; House Crow; House Sparrow; Indian Bushlark; Indian Peafowl; Indian Robin; Indian Silverbill; Indian Spot-billed Duck; Knob-billed Duck; Laughing Dove; Little Egret; Paddyfield Pipit; Plain Prinia; Purple Sunbird; Red-naped Ibis; Red-vented Bulbul; Red-wattled Lapwing; Rose-ringed Parakeet; Tawny Pipit; Tree Pipit; Variable Wheatear; Western Yellow Wagtail; Whiskered Tern; White-eared Bulbul; White-throated Kingfisher; Wire-tailed Swallow","n_species":44,"focal_species_seen":"European Roller","focal_species_slugs":"european-roller","has_focal":true},"geometry":{"type":"Point","coordinates":[70.6677375,23.5491601]}},{"type":"Feature","properties":{"GROUP.ID":"G15600427","LOCALITY":"Khorai Water Body","LATITUDE":23.4561758,"LONGITUDE":70.3551457,"OBSERVATION.DATE":"2025-09-21","OBSERVER.ID":"obsr4399854","DURATION.MINUTES":12.0,"SAMPLING.EVENT.IDENTIFIER":"S276952819","species_list":"Asian Green Bee-eater; Eurasian Collared-Dove; Eurasian Moorhen; Great Crested Grebe; Laughing Dove; Long-tailed Shrike; Pied Cuckoo; Pied Kingfisher","n_species":8,"focal_species_seen":"","focal_species_slugs":"","has_focal":false},"geometry":{"type":"Point","coordinates":[70.3551457,23.4561758]}},{"type":"Feature","properties":{"GROUP.ID":"G15598313","LOCALITY":"Kharoi Road, Kachchh, Gujarat, IN (23.447, 70.348)","LATITUDE":23.447335,"LONGITUDE":70.3476477,"OBSERVATION.DATE":"2025-09-21","OBSERVER.ID":"obsr4399854","DURATION.MINUTES":8.0,"SAMPLING.EVENT.IDENTIFIER":"S276952820","species_list":"Asian Green Bee-eater; Black-winged Stilt; Common Sandpiper; Eurasian Coot; Eurasian Moorhen; Great Crested Grebe; Laughing Dove; Little Cormorant; Pied Cuckoo; Pied Kingfisher; Whiskered Tern","n_species":11,"focal_species_seen":"","focal_species_slugs":"","has_focal":false},"geometry":{"type":"Point","coordinates":[70.3476477,23.447335]}},{"type":"Feature","properties":{"GROUP.ID":"G15598311","LOCALITY":"Wad Spot -National Highway 341, Bhojardo, Gujarat, IN (23.579, 69.679)","LATITUDE":23.5789755,"LONGITUDE":69.6789685,"OBSERVATION.DATE":"2025-09-21","OBSERVER.ID":"obsr4399854","DURATION.MINUTES":15.0,"SAMPLING.EVENT.IDENTIFIER":"S276952821","species_list":"Asian Green Bee-eater; Black-headed Ibis; Black-tailed Godwit; Black-winged Stilt; Common Greenshank; Common Redshank; Curlew Sandpiper; Dunlin; Dusky Crag-Martin; Eastern Cattle-Egret; Eastern Red-rumped Swallow; Eurasian Collared-Dove; Garganey; Glossy Ibis; Gray Heron; Green Sandpiper; Gull-billed Tern; House Crow; Indian Pond-Heron; Indian Spot-billed Duck; Little Cormorant; Little Stint; Northern Shoveler; Pied Avocet; Red-wattled Lapwing; Ruff; Spotted Redshank; Streak-throated Swallow; Temminck's Stint; Variable Wheatear; Whiskered Tern; White-throated Kingfisher; Wood Sandpiper","n_species":33,"focal_species_seen":"","focal_species_slugs":"","has_focal":false},"geometry":{"type":"Point","coordinates":[69.6789685,23.5789755]}},{"type":"Feature","properties":{"GROUP.ID":"G15598321","LOCALITY":"Netra-Kuwapaddhar-Tera Road, Lakhania, Gujarat, IN (23.343, 68.944)","LATITUDE":23.34298,"LONGITUDE":68.9440164,"OBSERVATION.DATE":"2025-09-20","OBSERVER.ID":"obsr4399854","DURATION.MINUTES":null,"SAMPLING.EVENT.IDENTIFIER":"S276952822","species_list":"Indian Thick-knee","n_species":1,"focal_species_seen":"","focal_species_slugs":"","has_focal":false},"geometry":{"type":"Point","coordinates":[68.9440164,23.34298]}},{"type":"Feature","properties":{"GROUP.ID":"G15598246","LOCALITY":"Gujarat State Highway 45, Kachchh, Gujarat, IN (23.608, 69.686)","LATITUDE":23.607521,"LONGITUDE":69.6859044,"OBSERVATION.DATE":"2025-09-21","OBSERVER.ID":"obsr4399854","DURATION.MINUTES":null,"SAMPLING.EVENT.IDENTIFIER":"S276952823","species_list":"Glossy Ibis","n_species":1,"focal_species_seen":"","focal_species_slugs":"","has_focal":false},"geometry":{"type":"Point","coordinates":[69.6859044,23.607521]}},{"type":"Feature","properties":{"GROUP.ID":"G15599658","LOCALITY":"SHREE JADESHWAR MAHADEV Temple Road, Gangon Ugamani, Gujarat, IN (23.254, 69.271)","LATITUDE":23.2538867,"LONGITUDE":69.2706833,"OBSERVATION.DATE":"2025-09-21","OBSERVER.ID":"obsr4399854","DURATION.MINUTES":2.0,"SAMPLING.EVENT.IDENTIFIER":"S276952824","species_list":"Black-winged Stilt; Common Sandpiper; Glossy Ibis; Red-wattled Lapwing; Spotted Flycatcher; White-browed Wagtail","n_species":6,"focal_species_seen":"Spotted Flycatcher","focal_species_slugs":"spotted-flycatcher","has_focal":true},"geometry":{"type":"Point","coordinates":[69.2706833,23.2538867]}},{"type":"Feature","properties":{"GROUP.ID":"G15599659","LOCALITY":"Olangiya, Gujarat, IN (23.241, 69.231)","LATITUDE":23.24114,"LONGITUDE":69.231335,"OBSERVATION.DATE":"2025-09-21","OBSERVER.ID":"obsr4399854","DURATION.MINUTES":44.0,"SAMPLING.EVENT.IDENTIFIER":"S276952825","species_list":"Asian Green Bee-eater; Bay-backed Shrike; Baya Weaver; Common Babbler; Common Myna; Eastern Cattle-Egret; Eurasian Collared-Dove; Gray-breasted Prinia; House Sparrow; Indian Robin; Indian Silverbill; Jungle Prinia; Laughing Dove; Paddyfield Pipit; Purple Sunbird; Red-naped Ibis; Red-vented Bulbul; Red-wattled Lapwing; Rufous-fronted Prinia; Shikra; White-browed Wagtail; White-tailed Iora; Yellow-crowned Woodpecker; Yellow-throated Sparrow; Yellow-wattled Lapwing","n_species":25,"focal_species_seen":"","focal_species_slugs":"","has_focal":false},"geometry":{"type":"Point","coordinates":[69.231335,23.24114]}},{"type":"Feature","properties":{"GROUP.ID":"G15598199","LOCALITY":"Vehicle Access End Point. Berdo, Gujarat, IN (23.415, 69.979)","LATITUDE":23.4149467,"LONGITUDE":69.979385,"OBSERVATION.DATE":"2025-09-21","OBSERVER.ID":"obsr4399854","DURATION.MINUTES":135.0,"SAMPLING.EVENT.IDENTIFIER":"S276952826","species_list":"Ashy-crowned Sparrow-Lark; Asian Green Bee-eater; Black-winged Stilt; Blue-cheeked Bee-eater; Collared Pratincole; Common Babbler; Common Greenshank; Common Hoopoe; Common Kingfisher; Crested Lark; Eurasian Collared-Dove; European Roller; Gray Francolin; Great Gray Shrike; House Crow; Indian Roller; Indian Spot-billed Duck; Kentish Plover; Laughing Dove; Little Ringed Plover; Marsh Sandpiper; Rain Quail; Red Collared-Dove; Rosy Starling; Spotted Flycatcher; Western Marsh Harrier","n_species":26,"focal_species_seen":"Blue-cheeked Bee-eater; European Roller; Spotted Flycatcher","focal_species_slugs":"blue-cheeked-bee-eater;european-roller;spotted-flycatcher","has_focal":true},"geometry":{"type":"Point","coordinates":[69.979385,23.4149467]}},{"type":"Feature","properties":{"GROUP.ID":"G15598208","LOCALITY":"Auto selected 23.38164, 69.49662","LATITUDE":23.381636,"LONGITUDE":69.49662,"OBSERVATION.DATE":"2025-09-21","OBSERVER.ID":"obsr4399854","DURATION.MINUTES":38.0,"SAMPLING.EVENT.IDENTIFIER":"S276952827","species_list":"Common Tailorbird; Crested Lark; Dusky Crag-Martin; European Roller; Gray-breasted Prinia; Gray Francolin; Greater Coucal; Jungle Prinia; Laughing Dove; Spotted Flycatcher; Streak-throated Swallow; Yellow-throated Sparrow","n_species":12,"focal_species_seen":"European Roller; Spotted Flycatcher","focal_species_slugs":"european-roller;spotted-flycatcher","has_focal":true},"geometry":{"type":"Point","coordinates":[69.49662,23.381636]}},{"type":"Feature","properties":{"GROUP.ID":"G15598187","LOCALITY":"National Highway 754K, Luna, Gujarat, IN (23.761, 69.32)","LATITUDE":23.7612985,"LONGITUDE":69.3197279,"OBSERVATION.DATE":"2025-09-21","OBSERVER.ID":"obsr4399854","DURATION.MINUTES":15.0,"SAMPLING.EVENT.IDENTIFIER":"S276952828","species_list":"Eurasian Spoonbill; Slender-billed Gull; Spotted Redshank","n_species":3,"focal_species_seen":"","focal_species_slugs":"","has_focal":false},"geometry":{"type":"Point","coordinates":[69.3197279,23.7612985]}},{"type":"Feature","properties":{"GROUP.ID":"G15598180","LOCALITY":"Dharampar to Vehicle Stop Location, Berdo, Gujarat, IN (23.402, 69.978)","LATITUDE":23.4020317,"LONGITUDE":69.9781167,"OBSERVATION.DATE":"2025-09-21","OBSERVER.ID":"obsr4399854","DURATION.MINUTES":18.0,"SAMPLING.EVENT.IDENTIFIER":"S276952830","species_list":"Indian Nightjar; Red-wattled Lapwing","n_species":2,"focal_species_seen":"","focal_species_slugs":"","has_focal":false},"geometry":{"type":"Point","coordinates":[69.9781167,23.4020317]}},{"type":"Feature","properties":{"GROUP.ID":"G15600433","LOCALITY":"Rapar, Gujarat, IN (23.577, 70.655)","LATITUDE":23.5766998,"LONGITUDE":70.6552354,"OBSERVATION.DATE":"2025-09-21","OBSERVER.ID":"obsr4399854","DURATION.MINUTES":3.0,"SAMPLING.EVENT.IDENTIFIER":"S276952831","species_list":"Black-winged Stilt; Eurasian Spoonbill; Glossy Ibis; Red-naped Ibis; Red-wattled Lapwing","n_species":5,"focal_species_seen":"","focal_species_slugs":"","has_focal":false},"geometry":{"type":"Point","coordinates":[70.6552354,23.5766998]}},{"type":"Feature","properties":{"GROUP.ID":"G15598189","LOCALITY":"Unnamed Road, Kachchh, Gujarat, IN (23.403, 69.843)","LATITUDE":23.403221,"LONGITUDE":69.8429165,"OBSERVATION.DATE":"2025-09-21","OBSERVER.ID":"obsr4399854","DURATION.MINUTES":57.0,"SAMPLING.EVENT.IDENTIFIER":"S276952832","species_list":"Asian Green Bee-eater; Common Babbler; Common Hoopoe; Eurasian Collared-Dove; Eurasian Nightjar; European Roller; Gray Francolin; Red-wattled Lapwing; Rufous-tailed Lark; Variable Wheatear","n_species":10,"focal_species_seen":"European Roller","focal_species_slugs":"european-roller","has_focal":true},"geometry":{"type":"Point","coordinates":[69.8429165,23.403221]}},{"type":"Feature","properties":{"GROUP.ID":"G15598126","LOCALITY":"National Highway 754K, Udhmo, Gujarat, IN (23.792, 69.46)","LATITUDE":23.7922935,"LONGITUDE":69.4595602,"OBSERVATION.DATE":"2025-09-21","OBSERVER.ID":"obsr4399854","DURATION.MINUTES":59.0,"SAMPLING.EVENT.IDENTIFIER":"S276952833","species_list":"Crested Lark; Eurasian Collared-Dove; Greater Flamingo; Greater Short-toed Lark; House Crow; Indian Pond-Heron; Isabelline Shrike; Laughing Dove; Little Egret; Long-tailed Shrike; Red-wattled Lapwing; Rufous-tailed Scrub-Robin; White-bellied Minivet","n_species":13,"focal_species_seen":"Rufous-tailed Scrub-Robin","focal_species_slugs":"rufous-tailed-scrub-robin","has_focal":true},"geometry":{"type":"Point","coordinates":[69.4595602,23.7922935]}},{"type":"Feature","properties":{"GROUP.ID":"G15598104","LOCALITY":"Dabhunda Road, Rapar, Gujarat, IN (23.562, 70.657)","LATITUDE":23.5621108,"LONGITUDE":70.6567001,"OBSERVATION.DATE":"2025-09-21","OBSERVER.ID":"obsr4399854","DURATION.MINUTES":null,"SAMPLING.EVENT.IDENTIFIER":"S276952834","species_list":"Red-naped Ibis; Shikra","n_species":2,"focal_species_seen":"","focal_species_slugs":"","has_focal":false},"geometry":{"type":"Point","coordinates":[70.6567001,23.5621108]}},{"type":"Feature","properties":{"GROUP.ID":"G15598121","LOCALITY":"Vinjhan-Sandhan Road, Sandhan, Gujarat, IN (23.015, 68.997)","LATITUDE":23.0148289,"LONGITUDE":68.9970778,"OBSERVATION.DATE":"2025-09-21","OBSERVER.ID":"obsr4399854","DURATION.MINUTES":3.0,"SAMPLING.EVENT.IDENTIFIER":"S276952835","species_list":"Black-winged Stilt; Common Sandpiper; Gray Heron; Pied Kingfisher","n_species":4,"focal_species_seen":"","focal_species_slugs":"","has_focal":false},"geometry":{"type":"Point","coordinates":[68.9970778,23.0148289]}},{"type":"Feature","properties":{"GROUP.ID":"G15598122","LOCALITY":"Pond near Kothara","LATITUDE":23.1392254,"LONGITUDE":68.926329,"OBSERVATION.DATE":"2025-09-21","OBSERVER.ID":"obsr4399854","DURATION.MINUTES":null,"SAMPLING.EVENT.IDENTIFIER":"S276952836","species_list":"Indian Nightjar; Indian Thick-knee","n_species":2,"focal_species_seen":"","focal_species_slugs":"","has_focal":false},"geometry":{"type":"Point","coordinates":[68.926329,23.1392254]}},{"type":"Feature","properties":{"GROUP.ID":"G15598123","LOCALITY":"T36G2-Bambhdai-Mapar Rd, Kachchh, Gujarat, IN (22.957, 69.001)","LATITUDE":22.9569561,"LONGITUDE":69.0011239,"OBSERVATION.DATE":"2025-09-21","OBSERVER.ID":"obsr4399854","DURATION.MINUTES":46.0,"SAMPLING.EVENT.IDENTIFIER":"S276952837","species_list":"Ashy-crowned Sparrow-Lark; Asian Green Bee-eater; Bank Myna; Bay-backed Shrike; Black-winged Stilt; Black Drongo; Brahminy Starling; Common Babbler; Common Cuckoo; Common Hoopoe; Common Kingfisher; Common Sandpiper; Common Tailorbird; Eurasian Collared-Dove; European Roller; Glossy Ibis; Gray Francolin; Gray Heron; Green Sandpiper; Indian Bushlark; Indian Pond-Heron; Indian Roller; Indian Spot-billed Duck; Laughing Dove; Little Cormorant; Little Egret; Little Ringed Plover; Little Stint; Long-tailed Shrike; Pied Cuckoo; Pied Kingfisher; Red-vented Bulbul; Red-wattled Lapwing; River Tern; Rose-ringed Parakeet; Rosy Starling; Tawny Pipit; Temminck's Stint; Western Yellow Wagtail; Whiskered Tern; White-eared Bulbul; Wire-tailed Swallow; Yellow-throated Sparrow","n_species":43,"focal_species_seen":"Common Cuckoo; European Roller","focal_species_slugs":"common-cuckoo;european-roller","has_focal":true},"geometry":{"type":"Point","coordinates":[69.0011239,22.9569561]}},{"type":"Feature","properties":{"GROUP.ID":"G15597997","LOCALITY":"Watch Tower 1","LATITUDE":23.204843,"LONGITUDE":68.8556086,"OBSERVATION.DATE":"2025-09-21","OBSERVER.ID":"obsr4399854","DURATION.MINUTES":75.0,"SAMPLING.EVENT.IDENTIFIER":"S276952838","species_list":"Asian Green Bee-eater; Barn Swallow; Bay-backed Shrike; Black Drongo; Black Francolin; Brahminy Starling; Common Babbler; Common Cuckoo; Common Hoopoe; Common Tailorbird; Eastern Red-rumped Swallow; Eurasian Kestrel; European Roller; Gray Francolin; Great Gray Shrike; Laughing Dove; Lesser Florican; Montagu's Harrier; Purple Sunbird; Rain Quail; Red-backed Shrike; Red Collared-Dove; Rufous-fronted Prinia; Short-toed Snake-Eagle; Spotted Flycatcher; Sykes's Warbler; Tawny Pipit; Variable Wheatear; White-tailed Iora; Wire-tailed Swallow; Zitting Cisticola","n_species":31,"focal_species_seen":"Common Cuckoo; European Roller; Red-backed Shrike; Spotted Flycatcher","focal_species_slugs":"common-cuckoo;european-roller;red-backed-shrike;spotted-flycatcher","has_focal":true},"geometry":{"type":"Point","coordinates":[68.8556086,23.204843]}},{"type":"Feature","properties":{"GROUP.ID":"G15597871","LOCALITY":"T 3 Tapkeshwari Road, Kachchh, Gujarat, IN (23.184, 69.671)","LATITUDE":23.1842292,"LONGITUDE":69.6705739,"OBSERVATION.DATE":"2025-09-21","OBSERVER.ID":"obsr4399854","DURATION.MINUTES":32.0,"SAMPLING.EVENT.IDENTIFIER":"S276952839","species_list":"Asian Green Bee-eater; Common Babbler; European Roller; Indian Robin; Indian Silverbill; Jungle Prinia; Laughing Dove; Pied Cuckoo; Purple Sunbird","n_species":9,"focal_species_seen":"European Roller","focal_species_slugs":"european-roller","has_focal":true},"geometry":{"type":"Point","coordinates":[69.6705739,23.1842292]}},{"type":"Feature","properties":{"GROUP.ID":"G15597934","LOCALITY":"Dhordo FRH, Gorewali, Gujarat, IN","LATITUDE":23.7825581,"LONGITUDE":69.5087838,"OBSERVATION.DATE":"2025-09-21","OBSERVER.ID":"obsr4399854","DURATION.MINUTES":null,"SAMPLING.EVENT.IDENTIFIER":"S276952840","species_list":"Spotted Flycatcher","n_species":1,"focal_species_seen":"Spotted Flycatcher","focal_species_slugs":"spotted-flycatcher","has_focal":true},"geometry":{"type":"Point","coordinates":[69.5087838,23.7825581]}},{"type":"Feature","properties":{"GROUP.ID":"G15597935","LOCALITY":"Unnamed Road, Gorewali, Gujarat, IN (23.74, 69.478)","LATITUDE":23.7396468,"LONGITUDE":69.477621,"OBSERVATION.DATE":"2025-09-21","OBSERVER.ID":"obsr4399854","DURATION.MINUTES":null,"SAMPLING.EVENT.IDENTIFIER":"S276952841","species_list":"Great Thick-knee; Indian Nightjar; Red-wattled Lapwing","n_species":3,"focal_species_seen":"","focal_species_slugs":"","has_focal":false},"geometry":{"type":"Point","coordinates":[69.477621,23.7396468]}},{"type":"Feature","properties":{"GROUP.ID":"G15597936","LOCALITY":"Gorewali, Gujarat, IN (23.764, 69.508)","LATITUDE":23.7641583,"LONGITUDE":69.5077758,"OBSERVATION.DATE":"2025-09-21","OBSERVER.ID":"obsr4399854","DURATION.MINUTES":3.0,"SAMPLING.EVENT.IDENTIFIER":"S276952842","species_list":"Indian Thick-knee","n_species":1,"focal_species_seen":"","focal_species_slugs":"","has_focal":false},"geometry":{"type":"Point","coordinates":[69.5077758,23.7641583]}},{"type":"Feature","properties":{"GROUP.ID":"G15597714","LOCALITY":"Hajipir Road, Kachchh, Gujarat, IN (23.64, 69.168)","LATITUDE":23.6395754,"LONGITUDE":69.1682122,"OBSERVATION.DATE":"2025-09-21","OBSERVER.ID":"obsr4399854","DURATION.MINUTES":45.0,"SAMPLING.EVENT.IDENTIFIER":"S276952843","species_list":"Asian Green Bee-eater; Black-winged Stilt; Blue-cheeked Bee-eater; Common Babbler; Common Greenshank; Common Redshank; Eastern Red-rumped Swallow; Gray Heron; Greater Flamingo; Green Sandpiper; Gull-billed Tern; House Sparrow; Indian Pond-Heron; Indian Spot-billed Duck; Isabelline Shrike; Knob-billed Duck; Laughing Dove; Lesser Whistling-Duck; Little Cormorant; Little Egret; Little Ringed Plover; Little Stint; Little Tern; Marsh Sandpiper; Medium Egret; Oriental Darter; Painted Stork; River Tern; Rosy Starling; Siberian Stonechat; Temminck's Stint; Tibetan Sand-Plover; Western Reef-Heron; Whiskered Tern; Wire-tailed Swallow","n_species":35,"focal_species_seen":"Blue-cheeked Bee-eater","focal_species_slugs":"blue-cheeked-bee-eater","has_focal":true},"geometry":{"type":"Point","coordinates":[69.1682122,23.6395754]}},{"type":"Feature","properties":{"GROUP.ID":"G15597712","LOCALITY":"Hajipir Village Industrial Road, Luna, Gujarat, IN (23.687, 69.195)","LATITUDE":23.687281,"LONGITUDE":69.1953618,"OBSERVATION.DATE":"2025-09-21","OBSERVER.ID":"obsr4399854","DURATION.MINUTES":9.0,"SAMPLING.EVENT.IDENTIFIER":"S276952844","species_list":"Asian Green Bee-eater; Crested Lark; Greater Short-toed Lark; Little Cormorant; Little Egret; Medium Egret; Siberian Stonechat","n_species":7,"focal_species_seen":"","focal_species_slugs":"","has_focal":false},"geometry":{"type":"Point","coordinates":[69.1953618,23.687281]}},{"type":"Feature","properties":{"GROUP.ID":"G15598223","LOCALITY":"Dabhunda Road, Rapar, Gujarat, IN (23.565, 70.654)","LATITUDE":23.5651818,"LONGITUDE":70.6537578,"OBSERVATION.DATE":"2025-09-21","OBSERVER.ID":"obsr4399854","DURATION.MINUTES":19.0,"SAMPLING.EVENT.IDENTIFIER":"S276952845","species_list":"Asian Green Bee-eater; Baya Weaver; Black-headed Ibis; Black-winged Stilt; Common Hoopoe; Common Sandpiper; Eastern Cattle-Egret; Eurasian Collared-Dove; Glossy Ibis; Indian Pond-Heron; Laughing Dove; Little Cormorant; Little Egret; Purple Sunbird; Red-naped Ibis; White-breasted Waterhen; Wire-tailed Swallow; Yellow-wattled Lapwing","n_species":18,"focal_species_seen":"","focal_species_slugs":"","has_focal":false},"geometry":{"type":"Point","coordinates":[70.6537578,23.5651818]}},{"type":"Feature","properties":{"GROUP.ID":"G15598277","LOCALITY":"Unnamed Road, Vavdi, Gujarat, IN (23.188, 69.817)","LATITUDE":23.1882907,"LONGITUDE":69.8166873,"OBSERVATION.DATE":"2025-09-21","OBSERVER.ID":"obsr4399854","DURATION.MINUTES":null,"SAMPLING.EVENT.IDENTIFIER":"S276952846","species_list":"Ashy-crowned Sparrow-Lark; Barred Buttonquail; European Roller; Jungle Prinia","n_species":4,"focal_species_seen":"European Roller","focal_species_slugs":"european-roller","has_focal":true},"geometry":{"type":"Point","coordinates":[69.8166873,23.1882907]}},{"type":"Feature","properties":{"GROUP.ID":"G15597804","LOCALITY":"T 3 Jadura Village to Chakar Village, Jadura, Gujarat, IN (23.165, 69.693)","LATITUDE":23.1653737,"LONGITUDE":69.6932581,"OBSERVATION.DATE":"2025-09-21","OBSERVER.ID":"obsr4399854","DURATION.MINUTES":50.0,"SAMPLING.EVENT.IDENTIFIER":"S276952847","species_list":"Ashy-crowned Sparrow-Lark; Asian Green Bee-eater; Baya Weaver; Black Drongo; Eastern Cattle-Egret; Gray-breasted Prinia; Gray Francolin; Greater Coucal; Indian Bushlark; Indian Silverbill; Jungle Prinia; Laughing Dove; Pied Kingfisher; Purple Sunbird; Red Collared-Dove; Striolated Bunting; Variable Wheatear; Western Marsh Harrier; White-browed Wagtail; White-eared Bulbul; White-tailed Iora","n_species":21,"focal_species_seen":"","focal_species_slugs":"","has_focal":false},"geometry":{"type":"Point","coordinates":[69.6932581,23.1653737]}},{"type":"Feature","properties":{"GROUP.ID":"G15597684","LOCALITY":"T22_Mevasa_no_grid","LATITUDE":23.3913275,"LONGITUDE":70.7228072,"OBSERVATION.DATE":"2025-09-21","OBSERVER.ID":"obsr4399854","DURATION.MINUTES":30.0,"SAMPLING.EVENT.IDENTIFIER":"S276952848","species_list":"Ashy-crowned Sparrow-Lark; Asian Green Bee-eater; Baya Weaver; Black-winged Stilt; Common Sandpiper; Eastern Cattle-Egret; Glossy Ibis; Indian Spot-billed Duck; Laughing Dove; Little Grebe; Paddyfield Pipit; Red-wattled Lapwing; Whiskered Tern; White-throated Kingfisher","n_species":14,"focal_species_seen":"","focal_species_slugs":"","has_focal":false},"geometry":{"type":"Point","coordinates":[70.7228072,23.3913275]}},{"type":"Feature","properties":{"GROUP.ID":"G15599486","LOCALITY":"Jakhau - Nalia Road, Kachchh, Gujarat, IN (23.218, 68.723)","LATITUDE":23.21798,"LONGITUDE":68.72301,"OBSERVATION.DATE":"2025-09-21","OBSERVER.ID":"obsr4399854","DURATION.MINUTES":16.0,"SAMPLING.EVENT.IDENTIFIER":"S276952849","species_list":"Bank Myna; Bay-backed Shrike; Baya Weaver; Black-tailed Godwit; Black-winged Kite; Black-winged Stilt; Black Drongo; Booted Eagle; Brahminy Starling; Common Kingfisher; Common Tailorbird; Crested Lark; Dusky Crag-Martin; Eastern Cattle-Egret; Eastern Orphean Warbler; Eastern Red-rumped Swallow; Eurasian Collared-Dove; Eurasian Curlew; Eurasian Spoonbill; European Roller; Glossy Ibis; Gray-breasted Prinia; Gray Heron; Great Egret; Great Gray Shrike; Great Thick-knee; Greater Coucal; Gull-billed Tern; House Crow; House Sparrow; Indian Bushlark; Indian Pond-Heron; Indian Silverbill; Indian Spot-billed Duck; Indian Thick-knee; Isabelline Shrike; Laughing Dove; Lesser Whitethroat; Little Egret; Little Ringed Plover; Little Swift; Long-tailed Shrike; Medium Egret; Montagu's Harrier; Painted Stork; Pallid Harrier; Pied Bushchat; Pied Cuckoo; Pied Kingfisher; Plain Prinia; Red-vented Bulbul; Red-wattled Lapwing; Red Collared-Dove; Rose-ringed Parakeet; Rosy Starling; Rufous-fronted Prinia; Sand Lark; Shikra; Streaked Weaver; Tibetan Sand-Plover; Western Marsh Harrier; Western Yellow Wagtail; Whiskered Tern; White-breasted Waterhen; White-eared Bulbul; White-eyed Buzzard; White-tailed Iora; White-throated Kingfisher; Wire-tailed Swallow; Wood Sandpiper","n_species":70,"focal_species_seen":"European Roller","focal_species_slugs":"european-roller","has_focal":true},"geometry":{"type":"Point","coordinates":[68.72301,23.21798]}},{"type":"Feature","properties":{"GROUP.ID":"G15599487","LOCALITY":"Jakhau, Gujarat State Highway 49, Kachchh, Gujarat, IN (23.241, 68.61)","LATITUDE":23.241025,"LONGITUDE":68.6101817,"OBSERVATION.DATE":"2025-09-21","OBSERVER.ID":"obsr4399854","DURATION.MINUTES":25.0,"SAMPLING.EVENT.IDENTIFIER":"S276952851","species_list":"Black-headed Gull; Black-winged Stilt; Black Drongo; Blyth's Reed Warbler; Caspian Tern; Common Greenshank; Common Kingfisher; Common Myna; Common Redshank; Crested Lark; Eastern Cattle-Egret; Eastern Orphean Warbler; Eurasian Collared-Dove; Eurasian Curlew; Great Egret; Greater Coucal; Greater Flamingo; House Crow; Indian Bushlark; Kentish Plover; Lesser Crested Tern; Lesser Whitethroat; Little Cormorant; Little Ringed Plover; Little Stint; Little Tern; Oriental Darter; Painted Stork; Pied Bushchat; Red-vented Bulbul; Red-wattled Lapwing; River Tern; Rosy Starling; Ruff; Sand Lark; Shikra; Temminck's Stint; Tibetan Sand-Plover; Western Reef-Heron; Whiskered Tern","n_species":40,"focal_species_seen":"","focal_species_slugs":"","has_focal":false},"geometry":{"type":"Point","coordinates":[68.6101817,23.241025]}},{"type":"Feature","properties":{"GROUP.ID":"G15599488","LOCALITY":"Gujarat State Highway 49, Kachchh, Gujarat, IN (23.22, 68.669)","LATITUDE":23.2204367,"LONGITUDE":68.6694983,"OBSERVATION.DATE":"2025-09-21","OBSERVER.ID":"obsr4399854","DURATION.MINUTES":37.0,"SAMPLING.EVENT.IDENTIFIER":"S276952852","species_list":"Ashy-crowned Sparrow-Lark; Asian Green Bee-eater; Asian Koel; Barn Swallow; Bay-backed Shrike; Black-headed Ibis; Black-tailed Godwit; Black-winged Kite; Black-winged Stilt; Black Drongo; Blue-cheeked Bee-eater; Blyth's Reed Warbler; Booted Eagle; Brahminy Starling; Brown-headed Gull; Caspian Tern; Clamorous Reed Warbler; Common Babbler; Common Hoopoe; Common Kingfisher; Common Myna; Common Sandpiper; Common Snipe; Crested Lark; Dalmatian Pelican; Desert Wheatear; Dunlin; Eastern Cattle-Egret; Eastern Orphean Warbler; Eurasian Collared-Dove; Eurasian Coot; Eurasian Curlew; Eurasian Spoonbill; European Roller; Garganey; Glossy Ibis; Gray Francolin; Gray Heron; Great Cormorant; Great Egret; Great Gray Shrike; Greater Coucal; Greater Flamingo; Green Sandpiper; Gull-billed Tern; House Sparrow; Indian Bushlark; Indian Pond-Heron; Indian Robin; Indian Spot-billed Duck; Indian Thick-knee; Isabelline Shrike; Kentish Plover; Lesser Whitethroat; Little Cormorant; Little Egret; Little Grebe; Little Ringed Plover; Little Stint; Little Swift; Medium Egret; Oriental Darter; Painted Stork; Pallas's Gull; Pied Avocet; Pied Cuckoo; Pied Kingfisher; Purple Sunbird; Rain Quail; Red-tailed Shrike; Red-vented Bulbul; Red-wattled Lapwing; River Tern; Rosy Starling; Ruff; Rufous-fronted Prinia; Rufous-tailed Lark; Sanderling; Shikra; Slender-billed Gull; Spotted Flycatcher; Tawny Lark; Temminck's Stint; Tibetan Sand-Plover; Variable Wheatear; Western Marsh Harrier; Western Reef-Heron; Whiskered Tern; White-throated Kingfisher; Wire-tailed Swallow","n_species":90,"focal_species_seen":"Blue-cheeked Bee-eater; European Roller; Red-tailed Shrike; Spotted Flycatcher","focal_species_slugs":"blue-cheeked-bee-eater;european-roller;red-tailed-shrike;spotted-flycatcher","has_focal":true},"geometry":{"type":"Point","coordinates":[68.6694983,23.2204367]}},{"type":"Feature","properties":{"GROUP.ID":"G15597473","LOCALITY":"Gaduli, Gujarat, IN (23.636, 69.062)","LATITUDE":23.6357676,"LONGITUDE":69.0618804,"OBSERVATION.DATE":"2025-09-21","OBSERVER.ID":"obsr4399854","DURATION.MINUTES":37.0,"SAMPLING.EVENT.IDENTIFIER":"S276952853","species_list":"Ashy-crowned Sparrow-Lark; Dusky Crag-Martin; Eastern Red-rumped Swallow; Eurasian Collared-Dove; European Roller; Gray-necked Bunting; Gray Francolin; Indian Bushlark; Indian Pond-Heron; Indian Silverbill; Jungle Prinia; Laughing Dove; Little Swift; Pied Cuckoo; Red-tailed Shrike; Red-vented Bulbul; Red-wattled Lapwing; Rufous-fronted Prinia; Spotted Flycatcher; White-eared Bulbul; White-tailed Iora; Wire-tailed Swallow","n_species":22,"focal_species_seen":"European Roller; Red-tailed Shrike; Spotted Flycatcher","focal_species_slugs":"european-roller;red-tailed-shrike;spotted-flycatcher","has_focal":true},"geometry":{"type":"Point","coordinates":[69.0618804,23.6357676]}},{"type":"Feature","properties":{"GROUP.ID":"G15598338","LOCALITY":"Bhojardo, Gujarat, IN (23.593, 69.814)","LATITUDE":23.5931889,"LONGITUDE":69.8142996,"OBSERVATION.DATE":"2025-09-21","OBSERVER.ID":"obsr4399854","DURATION.MINUTES":10.0,"SAMPLING.EVENT.IDENTIFIER":"S276952854","species_list":"Eastern Red-rumped Swallow; House Crow; House Sparrow; Lesser Whitethroat; Purple Sunbird; Shikra; Spotted Flycatcher; White-throated Kingfisher","n_species":8,"focal_species_seen":"Spotted Flycatcher","focal_species_slugs":"spotted-flycatcher","has_focal":true},"geometry":{"type":"Point","coordinates":[69.8142996,23.5931889]}},{"type":"Feature","properties":{"GROUP.ID":"G15669241","LOCALITY":"NH 41, Kachchh IN-GJ 23.68550, 68.53238","LATITUDE":23.685497,"LONGITUDE":68.532378,"OBSERVATION.DATE":"2025-09-21","OBSERVER.ID":"obsr4399854","DURATION.MINUTES":null,"SAMPLING.EVENT.IDENTIFIER":"S276952855","species_list":"Asian Green Bee-eater; Barn Swallow; Black-winged Stilt; Black Drongo; Black Redstart; Common Babbler; Common Greenshank; Common Hoopoe; Common Kingfisher; Common Redshank; Common Tailorbird; Delicate Prinia; Eurasian Collared-Dove; European Roller; Gray Francolin; Gray Heron; Greater Coucal; House Crow; Indian Spot-billed Duck; Laughing Dove; Lesser Whitethroat; Paddyfield Pipit; Plain Prinia; Purple Sunbird; Red-vented Bulbul; Red-wattled Lapwing; Rosy Starling; Shikra; Spotted Flycatcher; Tawny Pipit; Western Yellow Wagtail; White-eared Bulbul; White-throated Kingfisher","n_species":33,"focal_species_seen":"European Roller; Spotted Flycatcher","focal_species_slugs":"european-roller;spotted-flycatcher","has_focal":true},"geometry":{"type":"Point","coordinates":[68.532378,23.685497]}},{"type":"Feature","properties":{"GROUP.ID":"G15597396","LOCALITY":"Rapar, Kachchh IN-Gujarat 23.66636, 70.85739","LATITUDE":23.666364,"LONGITUDE":70.857386,"OBSERVATION.DATE":"2025-09-21","OBSERVER.ID":"obsr4399854","DURATION.MINUTES":53.0,"SAMPLING.EVENT.IDENTIFIER":"S276952857","species_list":"Ashy-crowned Sparrow-Lark; Asian Green Bee-eater; Barred Buttonquail; Baya Weaver; Common Babbler; Common Sandpiper; Common Tailorbird; Eastern Cattle-Egret; Eurasian Collared-Dove; Eurasian Spoonbill; European Roller; Gray Francolin; Greater Coucal; Greater Short-toed Lark; House Crow; House Sparrow; Indian Bushlark; Indian Silverbill; Indian Spot-billed Duck; Isabelline Shrike; Laughing Dove; Little Cormorant; Little Egret; Little Swift; Montagu's Harrier; Paddyfield Pipit; Plain Prinia; Purple Heron; Red-vented Bulbul; Red-wattled Lapwing; River Tern; Rufous-tailed Lark; Siberian Stonechat; Variable Wheatear; Western Marsh Harrier; White-eared Bulbul; Zitting Cisticola","n_species":37,"focal_species_seen":"European Roller","focal_species_slugs":"european-roller","has_focal":true},"geometry":{"type":"Point","coordinates":[70.857386,23.666364]}},{"type":"Feature","properties":{"GROUP.ID":"G15598278","LOCALITY":"Ratnal-Padhar Road, Kanderai, Gujarat, IN (23.234, 69.845)","LATITUDE":23.2335721,"LONGITUDE":69.8446061,"OBSERVATION.DATE":"2025-09-21","OBSERVER.ID":"obsr4399854","DURATION.MINUTES":null,"SAMPLING.EVENT.IDENTIFIER":"S276952859","species_list":"Long-legged Buzzard","n_species":1,"focal_species_seen":"","focal_species_slugs":"","has_focal":false},"geometry":{"type":"Point","coordinates":[69.8446061,23.2335721]}},{"type":"Feature","properties":{"GROUP.ID":"G15598283","LOCALITY":"Unnamed Road, Vavdi, Gujarat, IN (23.188, 69.844)","LATITUDE":23.1876567,"LONGITUDE":69.8442608,"OBSERVATION.DATE":"2025-09-21","OBSERVER.ID":"obsr4399854","DURATION.MINUTES":null,"SAMPLING.EVENT.IDENTIFIER":"S276952860","species_list":"Bay-backed Shrike; Baya Weaver; Common Hoopoe; Small Minivet","n_species":4,"focal_species_seen":"","focal_species_slugs":"","has_focal":false},"geometry":{"type":"Point","coordinates":[69.8442608,23.1876567]}},{"type":"Feature","properties":{"GROUP.ID":"G15598209","LOCALITY":"Natharkui Vatachhad Road, Kachchh IN-Gujarat 23.32711, 69.47715","LATITUDE":23.327113,"LONGITUDE":69.477146,"OBSERVATION.DATE":"2025-09-21","OBSERVER.ID":"obsr4399854","DURATION.MINUTES":53.0,"SAMPLING.EVENT.IDENTIFIER":"S276952861","species_list":"Ashy-crowned Sparrow-Lark; Asian Green Bee-eater; Brahminy Starling; Common Babbler; Common Woodshrike; European Roller; Gray-necked Bunting; Greater Whitethroat; House Sparrow; Indian Robin; Indian Silverbill; Long-tailed Shrike; Red Collared-Dove; Siberian Stonechat; Sirkeer Malkoha; Spotted Flycatcher; Tawny Pipit; Tree Pipit; Variable Wheatear; Yellow-crowned Woodpecker","n_species":20,"focal_species_seen":"European Roller; Greater Whitethroat; Spotted Flycatcher","focal_species_slugs":"european-roller;greater-whitethroat;spotted-flycatcher","has_focal":true},"geometry":{"type":"Point","coordinates":[69.477146,23.327113]}},{"type":"Feature","properties":{"GROUP.ID":"G15597107","LOCALITY":"T 3 Sapar Timbo, Gujarat, IN (23.112, 69.654)","LATITUDE":23.11182,"LONGITUDE":69.6540633,"OBSERVATION.DATE":"2025-09-21","OBSERVER.ID":"obsr4399854","DURATION.MINUTES":39.0,"SAMPLING.EVENT.IDENTIFIER":"S276952862","species_list":"Bay-backed Shrike; Baya Weaver; Common Hawk-Cuckoo; Eurasian Wryneck; European Roller; Gray Francolin; Greater Coucal; Indian Golden Oriole; Jungle Prinia; Laughing Dove; Pied Cuckoo; Red-tailed Shrike; Red-vented Bulbul; Tawny Pipit; Tree Pipit; White-tailed Iora","n_species":16,"focal_species_seen":"European Roller; Red-tailed Shrike","focal_species_slugs":"european-roller;red-tailed-shrike","has_focal":true},"geometry":{"type":"Point","coordinates":[69.6540633,23.11182]}},{"type":"Feature","properties":{"GROUP.ID":"G15597017","LOCALITY":"Nara Road, Kachchh, Gujarat, IN (23.635, 69.056)","LATITUDE":23.6354129,"LONGITUDE":69.0556968,"OBSERVATION.DATE":"2025-09-21","OBSERVER.ID":"obsr4399854","DURATION.MINUTES":22.0,"SAMPLING.EVENT.IDENTIFIER":"S276952863","species_list":"Baya Weaver; Eastern Red-rumped Swallow; Eurasian Collared-Dove; Eurasian Coot; European Roller; Gray Francolin; Indian Spot-billed Duck; Lesser Whistling-Duck; Little Grebe; Little Swift; Pied Cuckoo; Red-wattled Lapwing; Red Collared-Dove; River Tern; Streak-throated Swallow; Wire-tailed Swallow","n_species":16,"focal_species_seen":"European Roller","focal_species_slugs":"european-roller","has_focal":true},"geometry":{"type":"Point","coordinates":[69.0556968,23.6354129]}},{"type":"Feature","properties":{"GROUP.ID":"G15596840","LOCALITY":"Meghpar, Gujarat, IN (23.629, 69.004)","LATITUDE":23.628595,"LONGITUDE":69.0044432,"OBSERVATION.DATE":"2025-09-21","OBSERVER.ID":"obsr4399854","DURATION.MINUTES":null,"SAMPLING.EVENT.IDENTIFIER":"S276952864","species_list":"Green Sandpiper","n_species":1,"focal_species_seen":"","focal_species_slugs":"","has_focal":false},"geometry":{"type":"Point","coordinates":[69.0044432,23.628595]}},{"type":"Feature","properties":{"GROUP.ID":"G15593623","LOCALITY":"T8G1, Kashvti dam, Lodai, Gujarat, IN (23.377, 69.894)","LATITUDE":23.37684,"LONGITUDE":69.8944283,"OBSERVATION.DATE":"2025-09-20","OBSERVER.ID":"obsr4399854","DURATION.MINUTES":54.0,"SAMPLING.EVENT.IDENTIFIER":"S276952865","species_list":"Ashy-crowned Sparrow-Lark; Asian Green Bee-eater; Black Drongo; Common Babbler; Common Hoopoe; Common Kingfisher; Common Sandpiper; Eastern Cattle-Egret; Eurasian Collared-Dove; Eurasian Moorhen; Eurasian Spoonbill; European Roller; Gray Francolin; Great Crested Grebe; Greater Coucal; Gull-billed Tern; Indian Cormorant; Indian Pond-Heron; Indian Robin; Indian Spot-billed Duck; Jungle Prinia; Knob-billed Duck; Laughing Dove; Little Cormorant; Little Egret; Little Grebe; Oriental Darter; Purple Sunbird; Red-wattled Lapwing; River Tern; Western Marsh Harrier; White-eared Bulbul","n_species":32,"focal_species_seen":"European Roller","focal_species_slugs":"european-roller","has_focal":true},"geometry":{"type":"Point","coordinates":[69.8944283,23.37684]}},{"type":"Feature","properties":{"GROUP.ID":"G15593452","LOCALITY":"Lodai Temple Lake, Gujarat, IN (23.394, 69.891)","LATITUDE":23.3935767,"LONGITUDE":69.8912167,"OBSERVATION.DATE":"2025-09-20","OBSERVER.ID":"obsr4399854","DURATION.MINUTES":40.0,"SAMPLING.EVENT.IDENTIFIER":"S276952866","species_list":"Asian Green Bee-eater; Barn Swallow; Eastern Cattle-Egret; Eurasian Collared-Dove; Eurasian Coot; Gray Francolin; Gray Heron; Greater Coucal; House Crow; Indian Pond-Heron; Laughing Dove; Little Cormorant; Pied Kingfisher; Purple Sunbird; Red-vented Bulbul; Red-wattled Lapwing; River Tern","n_species":17,"focal_species_seen":"","focal_species_slugs":"","has_focal":false},"geometry":{"type":"Point","coordinates":[69.8912167,23.3935767]}},{"type":"Feature","properties":{"GROUP.ID":"G15593406","LOCALITY":"Lakhara Midway To T8G3, Berdo, Gujarat, IN (23.436, 69.922)","LATITUDE":23.4361167,"LONGITUDE":69.9217667,"OBSERVATION.DATE":"2025-09-20","OBSERVER.ID":"obsr4399854","DURATION.MINUTES":72.0,"SAMPLING.EVENT.IDENTIFIER":"S276952867","species_list":"Asian Green Bee-eater; Common Babbler; Eurasian Collared-Dove; Laughing Dove; Red-vented Bulbul; Siberian Stonechat","n_species":6,"focal_species_seen":"","focal_species_slugs":"","has_focal":false},"geometry":{"type":"Point","coordinates":[69.9217667,23.4361167]}},{"type":"Feature","properties":{"GROUP.ID":"G15593240","LOCALITY":"T8G3, , Berdo, Gujarat, IN (23.432, 69.898)","LATITUDE":23.4321683,"LONGITUDE":69.8979683,"OBSERVATION.DATE":"2025-09-20","OBSERVER.ID":"obsr4399854","DURATION.MINUTES":55.0,"SAMPLING.EVENT.IDENTIFIER":"S276952868","species_list":"Asian Green Bee-eater; Asian Koel; Baya Weaver; Common Babbler; Common Hoopoe; Eastern Cattle-Egret; Eurasian Collared-Dove; European Roller; Gray Francolin; Greater Coucal; House Crow; House Sparrow; Indian Silverbill; Indian Thick-knee; Laughing Dove; Plain Prinia; Red-naped Ibis; Red-vented Bulbul; Red-wattled Lapwing; White-eared Bulbul; White-throated Kingfisher; Yellow-throated Sparrow","n_species":22,"focal_species_seen":"European Roller","focal_species_slugs":"european-roller","has_focal":true},"geometry":{"type":"Point","coordinates":[69.8979683,23.4321683]}},{"type":"Feature","properties":{"GROUP.ID":"G15598075","LOCALITY":"Rapar Gadhvali, Gujarat, IN (23.066, 68.801)","LATITUDE":23.065814,"LONGITUDE":68.8011703,"OBSERVATION.DATE":"2025-09-20","OBSERVER.ID":"obsr4399854","DURATION.MINUTES":45.0,"SAMPLING.EVENT.IDENTIFIER":"S276952869","species_list":"Black-tailed Godwit; Black-winged Stilt; Caspian Tern; Common Greenshank; Crested Lark; Curlew Sandpiper; Dunlin; Eastern Cattle-Egret; Eurasian Curlew; Eurasian Spoonbill; Gray Heron; Great Egret; Greater Flamingo; Greater Sand-Plover; Gull-billed Tern; Indian Spot-billed Duck; Isabelline Shrike; Kentish Plover; Little Cormorant; Little Ringed Plover; Little Stint; Little Tern; Marsh Sandpiper; Pied Avocet; Red-wattled Lapwing; Ruff; Sand Lark; Slender-billed Gull; Tibetan Sand-Plover; Western Marsh Harrier; Western Reef-Heron; Whiskered Tern","n_species":32,"focal_species_seen":"","focal_species_slugs":"","has_focal":false},"geometry":{"type":"Point","coordinates":[68.8011703,23.065814]}},{"type":"Feature","properties":{"GROUP.ID":"G15598077","LOCALITY":"Sindhodi Moti, Gujarat, IN (23.156, 68.804)","LATITUDE":23.1556529,"LONGITUDE":68.8036148,"OBSERVATION.DATE":"2025-09-20","OBSERVER.ID":"obsr4399854","DURATION.MINUTES":10.0,"SAMPLING.EVENT.IDENTIFIER":"S276952870","species_list":"European Roller; Greater Whitethroat; Long-tailed Shrike; Spotted Flycatcher","n_species":4,"focal_species_seen":"European Roller; Greater Whitethroat; Spotted Flycatcher","focal_species_slugs":"european-roller;greater-whitethroat;spotted-flycatcher","has_focal":true},"geometry":{"type":"Point","coordinates":[68.8036148,23.1556529]}},{"type":"Feature","properties":{"GROUP.ID":"G15598078","LOCALITY":"Kothara-Vanku Road, Nodevandh, Gujarat, IN (23.126, 68.873)","LATITUDE":23.1261747,"LONGITUDE":68.8731763,"OBSERVATION.DATE":"2025-09-20","OBSERVER.ID":"obsr4399854","DURATION.MINUTES":5.0,"SAMPLING.EVENT.IDENTIFIER":"S276952872","species_list":"Ashy-crowned Sparrow-Lark; Baya Weaver; Common Babbler; Common Cuckoo; Common Tailorbird; Eastern Cattle-Egret; Greater Short-toed Lark; Green Warbler; House Sparrow; Indian Peafowl; Indian Pond-Heron; Laughing Dove; Lesser Whistling-Duck; Little Ringed Plover; Long-tailed Shrike; Plain Prinia; Red-wattled Lapwing; Red Collared-Dove; Western Yellow Wagtail; Wire-tailed Swallow; Zitting Cisticola","n_species":21,"focal_species_seen":"Common Cuckoo","focal_species_slugs":"common-cuckoo","has_focal":true},"geometry":{"type":"Point","coordinates":[68.8731763,23.1261747]}},{"type":"Feature","properties":{"GROUP.ID":"G15669242","LOCALITY":"Mazar E Noorani, Mandvi","LATITUDE":22.8402523,"LONGITUDE":69.3525328,"OBSERVATION.DATE":"2025-09-20","OBSERVER.ID":"obsr4399854","DURATION.MINUTES":17.0,"SAMPLING.EVENT.IDENTIFIER":"S276952873","species_list":"House Crow; Red-naped Ibis; Red-wattled Lapwing; Rosy Starling","n_species":4,"focal_species_seen":"","focal_species_slugs":"","has_focal":false},"geometry":{"type":"Point","coordinates":[69.3525328,22.8402523]}},{"type":"Feature","properties":{"GROUP.ID":"G15598072","LOCALITY":"Unnamed Road, Vadapaddhar, Gujarat, IN (23.195, 68.853)","LATITUDE":23.1953207,"LONGITUDE":68.852644,"OBSERVATION.DATE":"2025-09-20","OBSERVER.ID":"obsr4399854","DURATION.MINUTES":97.0,"SAMPLING.EVENT.IDENTIFIER":"S276952874","species_list":"Asian Green Bee-eater; Barn Swallow; Black Drongo; Black Francolin; Common Babbler; Eastern Cattle-Egret; European Roller; Gray Francolin; Great Gray Shrike; Greater Short-toed Lark; Isabelline Shrike; Isabelline Wheatear; Laughing Dove; Little Swift; Montagu's Harrier; Pallid Harrier; Rain Quail; Red-backed Shrike; Red-tailed Shrike; Red Collared-Dove; Rosy Starling; Rufous-fronted Prinia; Spotted Flycatcher; Tree Pipit; Variable Wheatear; Western Marsh Harrier; Yellow-wattled Lapwing","n_species":27,"focal_species_seen":"European Roller; Red-backed Shrike; Red-tailed Shrike; Spotted Flycatcher","focal_species_slugs":"european-roller;red-backed-shrike;red-tailed-shrike;spotted-flycatcher","has_focal":true},"geometry":{"type":"Point","coordinates":[68.852644,23.1953207]}},{"type":"Feature","properties":{"GROUP.ID":"G15598073","LOCALITY":"Unnamed Road, Tera, Gujarat, IN (23.287, 68.944)","LATITUDE":23.2874013,"LONGITUDE":68.9440576,"OBSERVATION.DATE":"2025-09-20","OBSERVER.ID":"obsr4399854","DURATION.MINUTES":60.0,"SAMPLING.EVENT.IDENTIFIER":"S276952875","species_list":"Indian Peafowl; Spotted Owlet","n_species":2,"focal_species_seen":"","focal_species_slugs":"","has_focal":false},"geometry":{"type":"Point","coordinates":[68.9440576,23.2874013]}},{"type":"Feature","properties":{"GROUP.ID":"G15597336","LOCALITY":"Jakhau - Nalia Road, Kachchh, Gujarat, IN (23.251, 68.801)","LATITUDE":23.2506283,"LONGITUDE":68.8012583,"OBSERVATION.DATE":"2025-09-20","OBSERVER.ID":"obsr4399854","DURATION.MINUTES":9.0,"SAMPLING.EVENT.IDENTIFIER":"S276952876","species_list":"Ashy-crowned Sparrow-Lark; Asian Green Bee-eater; Asian Koel; Black Drongo; Brahminy Starling; Common Babbler; Common Hoopoe; Common Myna; Common Tailorbird; Eurasian Collared-Dove; European Roller; Indian Bushlark; Indian Robin; Indian Silverbill; Laughing Dove; Purple Sunbird; Red-vented Bulbul; Red-wattled Lapwing; Red Collared-Dove; Rose-ringed Parakeet; Rosy Starling; Shikra","n_species":22,"focal_species_seen":"European Roller","focal_species_slugs":"european-roller","has_focal":true},"geometry":{"type":"Point","coordinates":[68.8012583,23.2506283]}},{"type":"Feature","properties":{"GROUP.ID":"G15597337","LOCALITY":"Jakhau-Vanku Road, Budiya, Gujarat, IN (23.184, 68.754)","LATITUDE":23.18402,"LONGITUDE":68.7536067,"OBSERVATION.DATE":"2025-09-20","OBSERVER.ID":"obsr4399854","DURATION.MINUTES":17.0,"SAMPLING.EVENT.IDENTIFIER":"S276952877","species_list":"Asian Green Bee-eater; Asian Koel; Bay-backed Shrike; Black-headed Ibis; Black-winged Kite; Black Drongo; Brahminy Starling; Common Babbler; Common Cuckoo; Common Hoopoe; Common Myna; Common Sandpiper; Common Tailorbird; Common Woodshrike; Eastern Cattle-Egret; Eurasian Collared-Dove; Eurasian Spoonbill; European Roller; Glossy Ibis; Gray-breasted Prinia; Gray Francolin; Great Gray Shrike; Greater Coucal; Green Sandpiper; House Crow; House Sparrow; Indian Bushlark; Indian Peafowl; Indian Pond-Heron; Indian Robin; Indian Silverbill; Indian Thick-knee; Isabelline Shrike; Laughing Dove; Lesser Whitethroat; Pied Cuckoo; Plain Prinia; Purple Sunbird; Red-tailed Shrike; Red-vented Bulbul; Red-wattled Lapwing; Red Collared-Dove; River Tern; Rosy Starling; Rufous-fronted Prinia; Shikra; Siberian Stonechat; Spotted Flycatcher; Whiskered Tern; White-throated Kingfisher; Wire-tailed Swallow; Yellow-wattled Lapwing","n_species":52,"focal_species_seen":"Common Cuckoo; European Roller; Red-tailed Shrike; Spotted Flycatcher","focal_species_slugs":"common-cuckoo;european-roller;red-tailed-shrike;spotted-flycatcher","has_focal":true},"geometry":{"type":"Point","coordinates":[68.7536067,23.18402]}},{"type":"Feature","properties":{"GROUP.ID":"G15592490","LOCALITY":"Unnamed Road, Karuda, Gujarat, IN (23.583, 70.712)","LATITUDE":23.5834964,"LONGITUDE":70.7119831,"OBSERVATION.DATE":"2025-09-20","OBSERVER.ID":"obsr4399854","DURATION.MINUTES":17.0,"SAMPLING.EVENT.IDENTIFIER":"S276952878","species_list":"Asian Green Bee-eater; Baya Weaver; Black-winged Stilt; Common Babbler; Eastern Cattle-Egret; Eurasian Spoonbill; Greater Coucal; Indian Peafowl; Indian Robin; Indian Silverbill; Jungle Prinia; Laughing Dove; Red-vented Bulbul; Red-wattled Lapwing; Variable Wheatear","n_species":15,"focal_species_seen":"","focal_species_slugs":"","has_focal":false},"geometry":{"type":"Point","coordinates":[70.7119831,23.5834964]}},{"type":"Feature","properties":{"GROUP.ID":"G15597339","LOCALITY":"Gujarat State Highway 49, Kachchh, Gujarat, IN (23.248, 68.832)","LATITUDE":23.247505,"LONGITUDE":68.8317817,"OBSERVATION.DATE":"2025-09-20","OBSERVER.ID":"obsr4399854","DURATION.MINUTES":22.0,"SAMPLING.EVENT.IDENTIFIER":"S276952879","species_list":"Ashy-crowned Sparrow-Lark; Asian Koel; Barn Swallow; Bay-backed Shrike; Baya Weaver; Black-headed Ibis; Black-winged Kite; Black Drongo; Common Babbler; Common Myna; Common Woodshrike; Crested Lark; Eastern Cattle-Egret; Eastern Red-rumped Swallow; Eurasian Collared-Dove; Eurasian Spoonbill; European Roller; Gray Francolin; Gray Heron; Great Gray Shrike; Greater Coucal; House Crow; House Sparrow; Indian Bushlark; Indian Pond-Heron; Indian Robin; Indian Roller; Indian Silverbill; Isabelline Shrike; Laughing Dove; Lesser Whitethroat; Little Egret; Little Swift; Long-tailed Shrike; Montagu's Harrier; Paddyfield Pipit; Painted Stork; Pallid Harrier; Pied Cuckoo; Purple Sunbird; Red-vented Bulbul; Red-wattled Lapwing; Red Collared-Dove; Rose-ringed Parakeet; Rosy Starling; Shikra; Siberian Stonechat; Variable Wheatear; White-eared Bulbul; White-tailed Iora; Wire-tailed Swallow; Yellow-throated Sparrow","n_species":52,"focal_species_seen":"European Roller","focal_species_slugs":"european-roller","has_focal":true},"geometry":{"type":"Point","coordinates":[68.8317817,23.247505]}},{"type":"Feature","properties":{"GROUP.ID":"G15597938","LOCALITY":"White Dessert Road, Kachchh, Gujarat, IN (23.835, 69.522)","LATITUDE":23.8351917,"LONGITUDE":69.5218255,"OBSERVATION.DATE":"2025-09-20","OBSERVER.ID":"obsr4399854","DURATION.MINUTES":null,"SAMPLING.EVENT.IDENTIFIER":"S276952880","species_list":"Kentish Plover; Lesser Flamingo; Little Ringed Plover; Little Stint; Sand Lark; Temminck's Stint; Tibetan Sand-Plover; Variable Wheatear; Whiskered Tern","n_species":9,"focal_species_seen":"","focal_species_slugs":"","has_focal":false},"geometry":{"type":"Point","coordinates":[69.5218255,23.8351917]}},{"type":"Feature","properties":{"GROUP.ID":"G15597939","LOCALITY":"Great Rann of Kachchh--Dhordo","LATITUDE":23.801798,"LONGITUDE":69.5041466,"OBSERVATION.DATE":"2025-09-20","OBSERVER.ID":"obsr4399854","DURATION.MINUTES":25.0,"SAMPLING.EVENT.IDENTIFIER":"S276952881","species_list":"Blue-cheeked Bee-eater; Eastern Cattle-Egret; Greater Flamingo; Gull-billed Tern; Western Reef-Heron","n_species":5,"focal_species_seen":"Blue-cheeked Bee-eater","focal_species_slugs":"blue-cheeked-bee-eater","has_focal":true},"geometry":{"type":"Point","coordinates":[69.5041466,23.801798]}},{"type":"Feature","properties":{"GROUP.ID":"G15597940","LOCALITY":"White Dessert Road, Dhordo, Gujarat, IN (23.802, 69.508)","LATITUDE":23.801962,"LONGITUDE":69.5083805,"OBSERVATION.DATE":"2025-09-20","OBSERVER.ID":"obsr4399854","DURATION.MINUTES":null,"SAMPLING.EVENT.IDENTIFIER":"S276952882","species_list":"Black-winged Stilt; Red-wattled Lapwing; Ruff","n_species":3,"focal_species_seen":"","focal_species_slugs":"","has_focal":false},"geometry":{"type":"Point","coordinates":[69.5083805,23.801962]}},{"type":"Feature","properties":{"GROUP.ID":"G15597941","LOCALITY":"Ratadiya, Gujarat, IN (23.698, 69.59)","LATITUDE":23.6983162,"LONGITUDE":69.5898403,"OBSERVATION.DATE":"2025-09-20","OBSERVER.ID":"obsr4399854","DURATION.MINUTES":2.0,"SAMPLING.EVENT.IDENTIFIER":"S276952883","species_list":"Ashy-crowned Sparrow-Lark; Delicate Prinia","n_species":2,"focal_species_seen":"","focal_species_slugs":"","has_focal":false},"geometry":{"type":"Point","coordinates":[69.5898403,23.6983162]}},{"type":"Feature","properties":{"GROUP.ID":"G15597942","LOCALITY":"Ratadiya, Gujarat, IN (23.697, 69.588)","LATITUDE":23.6966029,"LONGITUDE":69.5876961,"OBSERVATION.DATE":"2025-09-20","OBSERVER.ID":"obsr4399854","DURATION.MINUTES":null,"SAMPLING.EVENT.IDENTIFIER":"S276952884","species_list":"Delicate Prinia","n_species":1,"focal_species_seen":"","focal_species_slugs":"","has_focal":false},"geometry":{"type":"Point","coordinates":[69.5876961,23.6966029]}},{"type":"Feature","properties":{"GROUP.ID":"G15597943","LOCALITY":"Ratadiya, Gujarat, IN (23.697, 69.588)","LATITUDE":23.6966029,"LONGITUDE":69.5876961,"OBSERVATION.DATE":"2025-09-20","OBSERVER.ID":"obsr4399854","DURATION.MINUTES":2.0,"SAMPLING.EVENT.IDENTIFIER":"S276952885","species_list":"Bay-backed Shrike; Montagu's Harrier","n_species":2,"focal_species_seen":"","focal_species_slugs":"","has_focal":false},"geometry":{"type":"Point","coordinates":[69.5876961,23.6966029]}},{"type":"Feature","properties":{"GROUP.ID":"G15597944","LOCALITY":"Unnamed Road, Hodka, Gujarat, IN (23.693, 69.584)","LATITUDE":23.6925988,"LONGITUDE":69.5838632,"OBSERVATION.DATE":"2025-09-20","OBSERVER.ID":"obsr4399854","DURATION.MINUTES":null,"SAMPLING.EVENT.IDENTIFIER":"S276952886","species_list":"Asian Green Bee-eater; European Roller; Lesser Whitethroat","n_species":3,"focal_species_seen":"European Roller","focal_species_slugs":"european-roller","has_focal":true},"geometry":{"type":"Point","coordinates":[69.5838632,23.6925988]}},{"type":"Feature","properties":{"GROUP.ID":"G15597945","LOCALITY":"Unnamed Road, Hodka, Gujarat, IN (23.693, 69.584)","LATITUDE":23.6925988,"LONGITUDE":69.5838632,"OBSERVATION.DATE":"2025-09-20","OBSERVER.ID":"obsr4399854","DURATION.MINUTES":null,"SAMPLING.EVENT.IDENTIFIER":"S276952887","species_list":"Greater Short-toed Lark; White-eared Bulbul","n_species":2,"focal_species_seen":"","focal_species_slugs":"","has_focal":false},"geometry":{"type":"Point","coordinates":[69.5838632,23.6925988]}},{"type":"Feature","properties":{"GROUP.ID":"G15597946","LOCALITY":"Unnamed Road, Hodka, Gujarat, IN (23.693, 69.584)","LATITUDE":23.6925988,"LONGITUDE":69.5838632,"OBSERVATION.DATE":"2025-09-20","OBSERVER.ID":"obsr4399854","DURATION.MINUTES":null,"SAMPLING.EVENT.IDENTIFIER":"S276952888","species_list":"Asian Green Bee-eater; European Roller; Greater Short-toed Lark; Montagu's Harrier","n_species":4,"focal_species_seen":"European Roller","focal_species_slugs":"european-roller","has_focal":true},"geometry":{"type":"Point","coordinates":[69.5838632,23.6925988]}},{"type":"Feature","properties":{"GROUP.ID":"G15597947","LOCALITY":"Unnamed Road, Hodka, Gujarat, IN (23.693, 69.584)","LATITUDE":23.6925988,"LONGITUDE":69.5838632,"OBSERVATION.DATE":"2025-09-20","OBSERVER.ID":"obsr4399854","DURATION.MINUTES":null,"SAMPLING.EVENT.IDENTIFIER":"S276952889","species_list":"Common Babbler; European Roller; Laughing Dove","n_species":3,"focal_species_seen":"European Roller","focal_species_slugs":"european-roller","has_focal":true},"geometry":{"type":"Point","coordinates":[69.5838632,23.6925988]}},{"type":"Feature","properties":{"GROUP.ID":"G15591324","LOCALITY":"Strio- Dayapar - Junachay Road, Kachchh, Gujarat, IN (23.634, 68.96)","LATITUDE":23.6337798,"LONGITUDE":68.9600696,"OBSERVATION.DATE":"2025-09-20","OBSERVER.ID":"obsr4399854","DURATION.MINUTES":27.0,"SAMPLING.EVENT.IDENTIFIER":"S276952890","species_list":"Ashy-crowned Sparrow-Lark; Asian Green Bee-eater; Common Babbler; Eurasian Collared-Dove; European Roller; Gray-necked Bunting; Gray Francolin; Indian Bushlark; Indian Pond-Heron; Jungle Prinia; Laughing Dove; Rufous-fronted Prinia; Rufous-tailed Lark; Striolated Bunting; Tawny Pipit","n_species":15,"focal_species_seen":"European Roller","focal_species_slugs":"european-roller","has_focal":true},"geometry":{"type":"Point","coordinates":[68.9600696,23.6337798]}},{"type":"Feature","properties":{"GROUP.ID":"G15592437","LOCALITY":"Palar Dhuna Waterfall","LATITUDE":23.270434,"LONGITUDE":69.38651,"OBSERVATION.DATE":"2025-09-20","OBSERVER.ID":"obsr4399854","DURATION.MINUTES":49.0,"SAMPLING.EVENT.IDENTIFIER":"S276952891","species_list":"Asian Green Bee-eater; Black Drongo; Common Kingfisher; Common Tailorbird; Common Woodshrike; Dusky Crag-Martin; Eastern Cattle-Egret; Gray Francolin; Indian Robin; Little Heron; Pied Kingfisher; Purple Sunbird; Red-vented Bulbul; Red-wattled Lapwing; Rose-ringed Parakeet; Spotted Flycatcher; White-browed Wagtail","n_species":17,"focal_species_seen":"Spotted Flycatcher","focal_species_slugs":"spotted-flycatcher","has_focal":true},"geometry":{"type":"Point","coordinates":[69.38651,23.270434]}},{"type":"Feature","properties":{"GROUP.ID":"G15590870","LOCALITY":"T 3 Patri, Gujarat, IN (22.998, 69.699)","LATITUDE":22.9975267,"LONGITUDE":69.6993867,"OBSERVATION.DATE":"2025-09-20","OBSERVER.ID":"obsr4399854","DURATION.MINUTES":57.0,"SAMPLING.EVENT.IDENTIFIER":"S276952892","species_list":"Ashy-crowned Sparrow-Lark; Asian Green Bee-eater; Bay-backed Shrike; Black-winged Stilt; Black Drongo; Common Hoopoe; Common Kingfisher; European Roller; Gray Heron; Indian Pond-Heron; Indian Robin; Jungle Prinia; Laughing Dove; Lesser Whistling-Duck; Little Grebe; Long-tailed Shrike; Oriental Darter; Pied Cuckoo; Purple Sunbird; Red-backed Shrike; Red-wattled Lapwing; River Tern; Rosy Starling; White-throated Kingfisher; Yellow-crowned Woodpecker","n_species":25,"focal_species_seen":"European Roller; Red-backed Shrike","focal_species_slugs":"european-roller;red-backed-shrike","has_focal":true},"geometry":{"type":"Point","coordinates":[69.6993867,22.9975267]}},{"type":"Feature","properties":{"GROUP.ID":"G15597948","LOCALITY":"Unnamed Road, Kachchh, Gujarat, IN (23.705, 69.568)","LATITUDE":23.7046296,"LONGITUDE":69.5676238,"OBSERVATION.DATE":"2025-09-20","OBSERVER.ID":"obsr4399854","DURATION.MINUTES":null,"SAMPLING.EVENT.IDENTIFIER":"S276952893","species_list":"European Roller","n_species":1,"focal_species_seen":"European Roller","focal_species_slugs":"european-roller","has_focal":true},"geometry":{"type":"Point","coordinates":[69.5676238,23.7046296]}},{"type":"Feature","properties":{"GROUP.ID":"G15590757","LOCALITY":"Unnamed Road, Kachchh, Gujarat, IN (23.6, 69.022)","LATITUDE":23.6000344,"LONGITUDE":69.0216668,"OBSERVATION.DATE":"2025-09-20","OBSERVER.ID":"obsr4399854","DURATION.MINUTES":15.0,"SAMPLING.EVENT.IDENTIFIER":"S276952894","species_list":"Common Greenshank; Gray Francolin; Great Thick-knee; Green Sandpiper; Indian Pond-Heron; Indian Spot-billed Duck; Pied Kingfisher; River Tern; Wire-tailed Swallow","n_species":9,"focal_species_seen":"","focal_species_slugs":"","has_focal":false},"geometry":{"type":"Point","coordinates":[69.0216668,23.6000344]}},{"type":"Feature","properties":{"GROUP.ID":"G15590647","LOCALITY":"T41G1 Valka Mota, Gujarat, IN (23.596, 69.013)","LATITUDE":23.5964035,"LONGITUDE":69.0130664,"OBSERVATION.DATE":"2025-09-20","OBSERVER.ID":"obsr4399854","DURATION.MINUTES":41.0,"SAMPLING.EVENT.IDENTIFIER":"S276952895","species_list":"Asian Green Bee-eater; Bank Myna; Baya Weaver; Black Drongo; Common Babbler; Common Kingfisher; Eastern Red-rumped Swallow; Eurasian Collared-Dove; Eurasian Coot; European Roller; Great Thick-knee; Greater Whitethroat; Green Sandpiper; Indian Pond-Heron; Indian Robin; Indian Spot-billed Duck; Isabelline Shrike; Laughing Dove; Little Egret; Medium Egret; Red-wattled Lapwing; River Tern; Shikra; Sirkeer Malkoha; Temminck's Stint; Tree Pipit; White-tailed Iora; White-throated Kingfisher; Wire-tailed Swallow; Yellow-crowned Woodpecker","n_species":30,"focal_species_seen":"European Roller; Greater Whitethroat","focal_species_slugs":"european-roller;greater-whitethroat","has_focal":true},"geometry":{"type":"Point","coordinates":[69.0130664,23.5964035]}},{"type":"Feature","properties":{"GROUP.ID":"G15590550","LOCALITY":"Sanva Phulpara Road, Kachchh IN-Gujarat 23.62142, 70.96441","LATITUDE":23.621417,"LONGITUDE":70.964405,"OBSERVATION.DATE":"2025-09-20","OBSERVER.ID":"obsr4399854","DURATION.MINUTES":46.0,"SAMPLING.EVENT.IDENTIFIER":"S276952896","species_list":"Ashy-crowned Sparrow-Lark; Asian Green Bee-eater; Baya Weaver; Black-crowned Night Heron; Black-winged Kite; Chestnut-bellied Sandgrouse; Common Babbler; Common Tailorbird; Eastern Cattle-Egret; Eurasian Collared-Dove; European Roller; Gray-breasted Prinia; Gray Francolin; House Sparrow; Indian Peafowl; Indian Pond-Heron; Isabelline Shrike; Isabelline Wheatear; Laughing Dove; Lesser Whistling-Duck; Lesser Whitethroat; Little Swift; Long-tailed Shrike; Paddyfield Pipit; Plain Prinia; Red-vented Bulbul; Red-wattled Lapwing; Rosy Starling; Rufous-tailed Lark; Siberian Stonechat; Spotted Flycatcher; Tawny Pipit; Temminck's Stint; Variable Wheatear; Western Marsh Harrier; White-eared Bulbul; White-tailed Iora; White-throated Kingfisher; Yellow-throated Sparrow; Zitting Cisticola","n_species":40,"focal_species_seen":"European Roller; Spotted Flycatcher","focal_species_slugs":"european-roller;spotted-flycatcher","has_focal":true},"geometry":{"type":"Point","coordinates":[70.964405,23.621417]}},{"type":"Feature","properties":{"GROUP.ID":"G15590271","LOCALITY":"Lakhpat, Gujarat, IN (23.575, 68.912)","LATITUDE":23.574983,"LONGITUDE":68.9115984,"OBSERVATION.DATE":"2025-09-20","OBSERVER.ID":"obsr4399854","DURATION.MINUTES":25.0,"SAMPLING.EVENT.IDENTIFIER":"S276952897","species_list":"Asian Green Bee-eater; Eastern Red-rumped Swallow; Eurasian Collared-Dove; European Roller; Gray Francolin; House Sparrow; Knob-billed Duck; Medium Egret; Rufous-fronted Prinia; Wire-tailed Swallow","n_species":10,"focal_species_seen":"European Roller","focal_species_slugs":"european-roller","has_focal":true},"geometry":{"type":"Point","coordinates":[68.9115984,23.574983]}},{"type":"Feature","properties":{"GROUP.ID":"G15590255","LOCALITY":"Team 41 - Ambara, Gujarat, IN (23.532, 69.094)","LATITUDE":23.5323922,"LONGITUDE":69.0938204,"OBSERVATION.DATE":"2025-09-20","OBSERVER.ID":"obsr4399854","DURATION.MINUTES":40.0,"SAMPLING.EVENT.IDENTIFIER":"S276952898","species_list":"Ashy-crowned Sparrow-Lark; Barn Swallow; Black-winged Kite; Common Sandpiper; Eastern Red-rumped Swallow; Eurasian Collared-Dove; European Roller; Gray Francolin; Gray Heron; House Sparrow; Indian Spot-billed Duck; Knob-billed Duck; Laughing Dove; Little Cormorant; Oriental Darter; Rufous-fronted Prinia; Spotted Flycatcher; Wire-tailed Swallow; Yellow-throated Sparrow","n_species":19,"focal_species_seen":"European Roller; Spotted Flycatcher","focal_species_slugs":"european-roller;spotted-flycatcher","has_focal":true},"geometry":{"type":"Point","coordinates":[69.0938204,23.5323922]}},{"type":"Feature","properties":{"GROUP.ID":"G15590253","LOCALITY":"Unnamed Road, Valka Mota, Gujarat, IN (23.595, 69.012)","LATITUDE":23.5952414,"LONGITUDE":69.011584,"OBSERVATION.DATE":"2025-09-20","OBSERVER.ID":"obsr4399854","DURATION.MINUTES":null,"SAMPLING.EVENT.IDENTIFIER":"S276952899","species_list":"Bay-backed Shrike; Eurasian Collared-Dove; European Roller","n_species":3,"focal_species_seen":"European Roller","focal_species_slugs":"european-roller","has_focal":true},"geometry":{"type":"Point","coordinates":[69.011584,23.5952414]}},{"type":"Feature","properties":{"GROUP.ID":"G15590252","LOCALITY":"Unnamed Road, Kachchh, Gujarat, IN (23.599, 69.018)","LATITUDE":23.599103,"LONGITUDE":69.0181743,"OBSERVATION.DATE":"2025-09-20","OBSERVER.ID":"obsr4399854","DURATION.MINUTES":90.0,"SAMPLING.EVENT.IDENTIFIER":"S276952900","species_list":"Ashy-crowned Sparrow-Lark; Asian Green Bee-eater; Baya Weaver; Common Babbler; Eastern Red-rumped Swallow; Eurasian Collared-Dove; European Roller; Gray-breasted Prinia; Gray Francolin; Green Sandpiper; House Sparrow; Indian Bushlark; Indian Pond-Heron; Indian Silverbill; Indian Spot-billed Duck; Indian Thick-knee; Laughing Dove; Little Cormorant; Little Ringed Plover; Long-legged Buzzard; Oriental Darter; Purple Sunbird; River Tern; Rosy Starling; Rufous-fronted Prinia; Savanna Nightjar; White-eared Bulbul; Wire-tailed Swallow; Yellow-throated Sparrow","n_species":29,"focal_species_seen":"European Roller","focal_species_slugs":"european-roller","has_focal":true},"geometry":{"type":"Point","coordinates":[69.0181743,23.599103]}},{"type":"Feature","properties":{"GROUP.ID":"G15669243","LOCALITY":"Mazar E Noorani, Mandvi","LATITUDE":22.8402523,"LONGITUDE":69.3525328,"OBSERVATION.DATE":"2025-09-20","OBSERVER.ID":"obsr4399854","DURATION.MINUTES":16.0,"SAMPLING.EVENT.IDENTIFIER":"S276952901","species_list":"Asian Koel; Black Drongo; House Crow; Rosy Starling; White Stork","n_species":5,"focal_species_seen":"","focal_species_slugs":"","has_focal":false},"geometry":{"type":"Point","coordinates":[69.3525328,22.8402523]}},{"type":"Feature","properties":{"GROUP.ID":"G15597950","LOCALITY":"Unnamed Road, Bhitara Mota, Gujarat, IN (23.774, 69.438)","LATITUDE":23.7737071,"LONGITUDE":69.437666,"OBSERVATION.DATE":"2025-09-20","OBSERVER.ID":"obsr4399854","DURATION.MINUTES":null,"SAMPLING.EVENT.IDENTIFIER":"S276952902","species_list":"Common Sandpiper; Little Ringed Plover; Long-tailed Shrike","n_species":3,"focal_species_seen":"","focal_species_slugs":"","has_focal":false},"geometry":{"type":"Point","coordinates":[69.437666,23.7737071]}},{"type":"Feature","properties":{"GROUP.ID":"G15597951","LOCALITY":"Unnamed Road, Bhitara Mota, Gujarat, IN (23.769, 69.43)","LATITUDE":23.7685124,"LONGITUDE":69.4303137,"OBSERVATION.DATE":"2025-09-20","OBSERVER.ID":"obsr4399854","DURATION.MINUTES":null,"SAMPLING.EVENT.IDENTIFIER":"S276952903","species_list":"","n_species":0,"focal_species_seen":"","focal_species_slugs":"","has_focal":false},"geometry":{"type":"Point","coordinates":[69.4303137,23.7685124]}},{"type":"Feature","properties":{"GROUP.ID":"G15597953","LOCALITY":"Unnamed Road, Bhitara Mota, Gujarat, IN (23.749, 69.403)","LATITUDE":23.7485118,"LONGITUDE":69.4033134,"OBSERVATION.DATE":"2025-09-20","OBSERVER.ID":"obsr4399854","DURATION.MINUTES":18.0,"SAMPLING.EVENT.IDENTIFIER":"S276952904","species_list":"Bay-backed Shrike; Collared Pratincole; Delicate Prinia; Gull-billed Tern; Isabelline Shrike; Whiskered Tern","n_species":6,"focal_species_seen":"","focal_species_slugs":"","has_focal":false},"geometry":{"type":"Point","coordinates":[69.4033134,23.7485118]}},{"type":"Feature","properties":{"GROUP.ID":"G15597954","LOCALITY":"Unnamed Road, Bhitara Mota, Gujarat, IN (23.743, 69.396)","LATITUDE":23.7427735,"LONGITUDE":69.3958059,"OBSERVATION.DATE":"2025-09-20","OBSERVER.ID":"obsr4399854","DURATION.MINUTES":2.0,"SAMPLING.EVENT.IDENTIFIER":"S276952905","species_list":"European Roller; Red-backed Shrike; Western Marsh Harrier","n_species":3,"focal_species_seen":"European Roller; Red-backed Shrike","focal_species_slugs":"european-roller;red-backed-shrike","has_focal":true},"geometry":{"type":"Point","coordinates":[69.3958059,23.7427735]}},{"type":"Feature","properties":{"GROUP.ID":"G15597956","LOCALITY":"Unnamed Road, Bhitara Mota, Gujarat, IN (23.761, 69.42)","LATITUDE":23.7608736,"LONGITUDE":69.4199845,"OBSERVATION.DATE":"2025-09-20","OBSERVER.ID":"obsr4399854","DURATION.MINUTES":null,"SAMPLING.EVENT.IDENTIFIER":"S276952906","species_list":"European Roller; Whiskered Tern","n_species":2,"focal_species_seen":"European Roller","focal_species_slugs":"european-roller","has_focal":true},"geometry":{"type":"Point","coordinates":[69.4199845,23.7608736]}},{"type":"Feature","properties":{"GROUP.ID":"G15597957","LOCALITY":"Unnamed Road, Bhitara Mota, Gujarat, IN (23.764, 69.424)","LATITUDE":23.7639854,"LONGITUDE":69.4243013,"OBSERVATION.DATE":"2025-09-20","OBSERVER.ID":"obsr4399854","DURATION.MINUTES":null,"SAMPLING.EVENT.IDENTIFIER":"S276952907","species_list":"Barn Swallow; Crested Lark; European Roller","n_species":3,"focal_species_seen":"European Roller","focal_species_slugs":"european-roller","has_focal":true},"geometry":{"type":"Point","coordinates":[69.4243013,23.7639854]}},{"type":"Feature","properties":{"GROUP.ID":"G15597958","LOCALITY":"Unnamed Road, Bhitara Mota, Gujarat, IN (23.767, 69.428)","LATITUDE":23.766715,"LONGITUDE":69.4278974,"OBSERVATION.DATE":"2025-09-20","OBSERVER.ID":"obsr4399854","DURATION.MINUTES":null,"SAMPLING.EVENT.IDENTIFIER":"S276952908","species_list":"European Roller","n_species":1,"focal_species_seen":"European Roller","focal_species_slugs":"european-roller","has_focal":true},"geometry":{"type":"Point","coordinates":[69.4278974,23.766715]}},{"type":"Feature","properties":{"GROUP.ID":"G15597959","LOCALITY":"Unnamed Road, Bhitara Mota, Gujarat, IN (23.775, 69.442)","LATITUDE":23.7748317,"LONGITUDE":69.442137,"OBSERVATION.DATE":"2025-09-20","OBSERVER.ID":"obsr4399854","DURATION.MINUTES":null,"SAMPLING.EVENT.IDENTIFIER":"S276952909","species_list":"Green Sandpiper","n_species":1,"focal_species_seen":"","focal_species_slugs":"","has_focal":false},"geometry":{"type":"Point","coordinates":[69.442137,23.7748317]}},{"type":"Feature","properties":{"GROUP.ID":"G15597960","LOCALITY":"Unnamed Road, Bhitara Mota, Gujarat, IN (23.774, 69.46)","LATITUDE":23.7742638,"LONGITUDE":69.4596192,"OBSERVATION.DATE":"2025-09-20","OBSERVER.ID":"obsr4399854","DURATION.MINUTES":null,"SAMPLING.EVENT.IDENTIFIER":"S276952910","species_list":"Rufous-tailed Scrub-Robin","n_species":1,"focal_species_seen":"Rufous-tailed Scrub-Robin","focal_species_slugs":"rufous-tailed-scrub-robin","has_focal":true},"geometry":{"type":"Point","coordinates":[69.4596192,23.7742638]}},{"type":"Feature","properties":{"GROUP.ID":"G15597961","LOCALITY":"Unnamed Road, Bhitara Mota, Gujarat, IN (23.756, 69.413)","LATITUDE":23.7556819,"LONGITUDE":69.4129382,"OBSERVATION.DATE":"2025-09-20","OBSERVER.ID":"obsr4399854","DURATION.MINUTES":6.0,"SAMPLING.EVENT.IDENTIFIER":"S276952911","species_list":"Collared Pratincole; Greater Short-toed Lark; Ruff","n_species":3,"focal_species_seen":"","focal_species_slugs":"","has_focal":false},"geometry":{"type":"Point","coordinates":[69.4129382,23.7556819]}},{"type":"Feature","properties":{"GROUP.ID":"G15597962","LOCALITY":"Unnamed Road, Bhitara Mota, Gujarat, IN (23.749, 69.403)","LATITUDE":23.7485118,"LONGITUDE":69.4033134,"OBSERVATION.DATE":"2025-09-20","OBSERVER.ID":"obsr4399854","DURATION.MINUTES":null,"SAMPLING.EVENT.IDENTIFIER":"S276952912","species_list":"Lesser Whitethroat; Rufous-tailed Lark","n_species":2,"focal_species_seen":"","focal_species_slugs":"","has_focal":false},"geometry":{"type":"Point","coordinates":[69.4033134,23.7485118]}},{"type":"Feature","properties":{"GROUP.ID":"G15597963","LOCALITY":"Unnamed Road, Bhitara Mota, Gujarat, IN (23.743, 69.397)","LATITUDE":23.7434114,"LONGITUDE":69.3966049,"OBSERVATION.DATE":"2025-09-20","OBSERVER.ID":"obsr4399854","DURATION.MINUTES":null,"SAMPLING.EVENT.IDENTIFIER":"S276952913","species_list":"House Crow","n_species":1,"focal_species_seen":"","focal_species_slugs":"","has_focal":false},"geometry":{"type":"Point","coordinates":[69.3966049,23.7434114]}},{"type":"Feature","properties":{"GROUP.ID":"G15597964","LOCALITY":"Unnamed Road, Mithdi, Gujarat, IN (23.772, 69.469)","LATITUDE":23.7724347,"LONGITUDE":69.4690199,"OBSERVATION.DATE":"2025-09-20","OBSERVER.ID":"obsr4399854","DURATION.MINUTES":null,"SAMPLING.EVENT.IDENTIFIER":"S276952914","species_list":"Rufous-tailed Scrub-Robin","n_species":1,"focal_species_seen":"Rufous-tailed Scrub-Robin","focal_species_slugs":"rufous-tailed-scrub-robin","has_focal":true},"geometry":{"type":"Point","coordinates":[69.4690199,23.7724347]}},{"type":"Feature","properties":{"GROUP.ID":"G15597965","LOCALITY":"Unnamed Road, Mithdi, Gujarat, IN (23.771, 69.487)","LATITUDE":23.7708559,"LONGITUDE":69.4872479,"OBSERVATION.DATE":"2025-09-20","OBSERVER.ID":"obsr4399854","DURATION.MINUTES":null,"SAMPLING.EVENT.IDENTIFIER":"S276952915","species_list":"Savanna Nightjar","n_species":1,"focal_species_seen":"","focal_species_slugs":"","has_focal":false},"geometry":{"type":"Point","coordinates":[69.4872479,23.7708559]}},{"type":"Feature","properties":{"GROUP.ID":"G15597966","LOCALITY":"Unnamed Road, Gorewali, Gujarat, IN (23.774, 69.508)","LATITUDE":23.7742525,"LONGITUDE":69.5083934,"OBSERVATION.DATE":"2025-09-20","OBSERVER.ID":"obsr4399854","DURATION.MINUTES":null,"SAMPLING.EVENT.IDENTIFIER":"S276952916","species_list":"Savanna Nightjar","n_species":1,"focal_species_seen":"","focal_species_slugs":"","has_focal":false},"geometry":{"type":"Point","coordinates":[69.5083934,23.7742525]}},{"type":"Feature","properties":{"GROUP.ID":"G15590227","LOCALITY":"T36-Karodiya Nana, Gujarat, IN (23.056, 69.125)","LATITUDE":23.055796,"LONGITUDE":69.1248498,"OBSERVATION.DATE":"2025-09-20","OBSERVER.ID":"obsr4399854","DURATION.MINUTES":null,"SAMPLING.EVENT.IDENTIFIER":"S276952917","species_list":"Eurasian Kestrel; European Roller; Glossy Ibis; Pied Cuckoo; Red-backed Shrike","n_species":5,"focal_species_seen":"European Roller; Red-backed Shrike","focal_species_slugs":"european-roller;red-backed-shrike","has_focal":true},"geometry":{"type":"Point","coordinates":[69.1248498,23.055796]}},{"type":"Feature","properties":{"GROUP.ID":"G15590226","LOCALITY":"T36-Karodiya Nana, Gujarat, IN (23.058, 69.126)","LATITUDE":23.0582577,"LONGITUDE":69.1256327,"OBSERVATION.DATE":"2025-09-20","OBSERVER.ID":"obsr4399854","DURATION.MINUTES":4.0,"SAMPLING.EVENT.IDENTIFIER":"S276952918","species_list":"Bay-backed Shrike; European Roller; Red Collared-Dove","n_species":3,"focal_species_seen":"European Roller","focal_species_slugs":"european-roller","has_focal":true},"geometry":{"type":"Point","coordinates":[69.1256327,23.0582577]}},{"type":"Feature","properties":{"GROUP.ID":"G15590228","LOCALITY":"T36-Unnamed Road, Karodiya Mota, Gujarat, IN (23.056, 69.125)","LATITUDE":23.0556906,"LONGITUDE":69.1246028,"OBSERVATION.DATE":"2025-09-20","OBSERVER.ID":"obsr4399854","DURATION.MINUTES":null,"SAMPLING.EVENT.IDENTIFIER":"S276952919","species_list":"European Roller","n_species":1,"focal_species_seen":"European Roller","focal_species_slugs":"european-roller","has_focal":true},"geometry":{"type":"Point","coordinates":[69.1246028,23.0556906]}},{"type":"Feature","properties":{"GROUP.ID":"G15590002","LOCALITY":"NH 341, Kachchh IN-Gujarat 23.36531, 69.69668","LATITUDE":23.365305,"LONGITUDE":69.696681,"OBSERVATION.DATE":"2025-09-20","OBSERVER.ID":"obsr4399854","DURATION.MINUTES":3.0,"SAMPLING.EVENT.IDENTIFIER":"S276952920","species_list":"Asian Green Bee-eater; Blue-cheeked Bee-eater; European Roller; Laughing Dove","n_species":4,"focal_species_seen":"Blue-cheeked Bee-eater; European Roller","focal_species_slugs":"blue-cheeked-bee-eater;european-roller","has_focal":true},"geometry":{"type":"Point","coordinates":[69.696681,23.365305]}},{"type":"Feature","properties":{"GROUP.ID":"G15589935","LOCALITY":"Adesh Dhaba Mandvi","LATITUDE":22.8525086,"LONGITUDE":69.3066841,"OBSERVATION.DATE":"2025-09-20","OBSERVER.ID":"obsr4399854","DURATION.MINUTES":21.0,"SAMPLING.EVENT.IDENTIFIER":"S276952921","species_list":"Asian Koel; Common Myna; Eurasian Collared-Dove; Laughing Dove; Little Swift; Pied Cuckoo; Purple Sunbird; Rosy Starling; Yellow-throated Sparrow","n_species":9,"focal_species_seen":"","focal_species_slugs":"","has_focal":false},"geometry":{"type":"Point","coordinates":[69.3066841,22.8525086]}},{"type":"Feature","properties":{"GROUP.ID":"G15589896","LOCALITY":"Tera, Gujarat, IN (23.287, 68.934)","LATITUDE":23.2874617,"LONGITUDE":68.9340917,"OBSERVATION.DATE":"2025-09-20","OBSERVER.ID":"obsr4399854","DURATION.MINUTES":21.0,"SAMPLING.EVENT.IDENTIFIER":"S276952922","species_list":"Ashy-crowned Sparrow-Lark; Asian Green Bee-eater; Asian Koel; Barn Swallow; Bay-backed Shrike; Baya Weaver; Black-headed Ibis; Black-winged Kite; Black Drongo; Common Hoopoe; Common Myna; Common Tailorbird; Crested Lark; Eurasian Collared-Dove; European Roller; Glossy Ibis; Gray-necked Bunting; Gray Francolin; Gray Heron; Great Gray Shrike; Greater Coucal; Green Sandpiper; House Crow; Indian Bushlark; Indian Peafowl; Indian Robin; Indian Roller; Indian Silverbill; Isabelline Shrike; Laughing Dove; Lesser Whitethroat; Little Swift; Long-tailed Shrike; Paddyfield Pipit; Painted Stork; Pied Cuckoo; Purple Sunbird; Red-naped Ibis; Red-vented Bulbul; Red-wattled Lapwing; River Tern; Rose-ringed Parakeet; Rosy Starling; Shikra; Siberian Stonechat; Variable Wheatear; Whiskered Tern; White-eared Bulbul; White-throated Kingfisher; Wire-tailed Swallow; Yellow-wattled Lapwing","n_species":51,"focal_species_seen":"European Roller","focal_species_slugs":"european-roller","has_focal":true},"geometry":{"type":"Point","coordinates":[68.9340917,23.2874617]}},{"type":"Feature","properties":{"GROUP.ID":"G15589895","LOCALITY":"Watch Tower, Bhajir Vandh, Gujarat, IN (23.189, 68.845)","LATITUDE":23.18898,"LONGITUDE":68.845095,"OBSERVATION.DATE":"2025-09-20","OBSERVER.ID":"obsr4399854","DURATION.MINUTES":24.0,"SAMPLING.EVENT.IDENTIFIER":"S276952923","species_list":"Ashy-crowned Sparrow-Lark; Asian Green Bee-eater; Barn Swallow; Barred Buttonquail; Baya Weaver; Black Drongo; Black Francolin; Brahminy Starling; Common Cuckoo; Common Hoopoe; Common Myna; Crested Lark; Dusky Crag-Martin; Eastern Cattle-Egret; Eastern Red-rumped Swallow; Eurasian Collared-Dove; Eurasian Wryneck; European Roller; Gray-breasted Prinia; Gray-necked Bunting; Gray Francolin; Great Gray Shrike; Greater Coucal; Greater Whitethroat; House Crow; House Sparrow; Indian Bushlark; Indian Peafowl; Indian Robin; Indian Silverbill; Isabelline Shrike; Jungle Prinia; Lesser Whitethroat; Long-legged Buzzard; Long-tailed Shrike; Pied Cuckoo; Plain Prinia; Purple Sunbird; Rain Quail; Red-naped Ibis; Red-tailed Shrike; Red-vented Bulbul; Red-wattled Lapwing; Rosy Starling; Rufous-fronted Prinia; Shikra; Sirkeer Malkoha; Spotted Flycatcher; Tawny Lark; Tawny Pipit; Variable Wheatear; White-browed Bushchat; White-eared Bulbul; White-tailed Iora; White-throated Kingfisher; Wire-tailed Swallow; Yellow-throated Sparrow","n_species":57,"focal_species_seen":"Common Cuckoo; European Roller; Greater Whitethroat; Red-tailed Shrike; Spotted Flycatcher","focal_species_slugs":"common-cuckoo;european-roller;greater-whitethroat;red-tailed-shrike;spotted-flycatcher","has_focal":true},"geometry":{"type":"Point","coordinates":[68.845095,23.18898]}},{"type":"Feature","properties":{"GROUP.ID":"G15589897","LOCALITY":"Gudthar Road, Bhuj - Naliya Highway, Sudadhro Moti, Gujarat, IN (23.277, 68.878)","LATITUDE":23.277005,"LONGITUDE":68.8778667,"OBSERVATION.DATE":"2025-09-20","OBSERVER.ID":"obsr4399854","DURATION.MINUTES":16.0,"SAMPLING.EVENT.IDENTIFIER":"S276952924","species_list":"Ashy-crowned Sparrow-Lark; Asian Green Bee-eater; Asian Koel; Bay-backed Shrike; Baya Weaver; Black-winged Kite; Black Drongo; Common Hoopoe; Common Woodshrike; Eastern Cattle-Egret; Eurasian Collared-Dove; European Roller; Gray Francolin; Greater Coucal; House Crow; House Sparrow; Indian Bushlark; Indian Peafowl; Indian Robin; Indian Roller; Indian Silverbill; Jungle Prinia; Laughing Dove; Lesser Whitethroat; Little Egret; Little Swift; Long-tailed Shrike; Pied Cuckoo; Plain Prinia; Red-vented Bulbul; Red-wattled Lapwing; Rock Bush-Quail; Rose-ringed Parakeet; Rosy Starling; Rufous-tailed Lark; Shikra; Spotted Flycatcher; White-eared Bulbul; White-throated Kingfisher; Yellow-throated Sparrow; Yellow-wattled Lapwing","n_species":41,"focal_species_seen":"European Roller; Spotted Flycatcher","focal_species_slugs":"european-roller;spotted-flycatcher","has_focal":true},"geometry":{"type":"Point","coordinates":[68.8778667,23.277005]}},{"type":"Feature","properties":{"GROUP.ID":"G15590456","LOCALITY":"NH 27, Kachchh IN-Gujarat 23.60974, 71.03856","LATITUDE":23.609736,"LONGITUDE":71.03856,"OBSERVATION.DATE":"2025-09-20","OBSERVER.ID":"obsr4399854","DURATION.MINUTES":48.0,"SAMPLING.EVENT.IDENTIFIER":"S276952926","species_list":"Ashy-crowned Sparrow-Lark; Asian Green Bee-eater; Black-winged Stilt; Common Babbler; Common Hoopoe; Eastern Cattle-Egret; Eurasian Collared-Dove; Eurasian Kestrel; European Roller; Great Egret; Green Sandpiper; House Crow; House Sparrow; Indian Peafowl; Indian Silverbill; Laughing Dove; Lesser Whitethroat; Little Egret; Medium Egret; Paddyfield Pipit; Plain Prinia; Purple Sunbird; Red-wattled Lapwing; Siberian Stonechat; Zitting Cisticola","n_species":25,"focal_species_seen":"European Roller","focal_species_slugs":"european-roller","has_focal":true},"geometry":{"type":"Point","coordinates":[71.03856,23.609736]}},{"type":"Feature","properties":{"GROUP.ID":"G15589984","LOCALITY":"T 3 Bandhara Nana, Gujarat, IN (23.096, 69.745)","LATITUDE":23.0962867,"LONGITUDE":69.7448133,"OBSERVATION.DATE":"2025-09-20","OBSERVER.ID":"obsr4399854","DURATION.MINUTES":73.0,"SAMPLING.EVENT.IDENTIFIER":"S276952927","species_list":"Common Kingfisher; Eurasian Spoonbill; European Roller; Glossy Ibis; Gray-breasted Prinia; Painted Stork; Pied Cuckoo; Purple Sunbird; Red-naped Ibis; Rosy Starling; Spotted Flycatcher","n_species":11,"focal_species_seen":"European Roller; Spotted Flycatcher","focal_species_slugs":"european-roller;spotted-flycatcher","has_focal":true},"geometry":{"type":"Point","coordinates":[69.7448133,23.0962867]}},{"type":"Feature","properties":{"GROUP.ID":"G15589784","LOCALITY":"T5 G3 Khengar sagar dam grassland, Patri","LATITUDE":23.0202664,"LONGITUDE":69.7342916,"OBSERVATION.DATE":"2025-09-20","OBSERVER.ID":"obsr4399854","DURATION.MINUTES":34.0,"SAMPLING.EVENT.IDENTIFIER":"S276952928","species_list":"Ashy-crowned Sparrow-Lark; Baya Weaver; Black Drongo; Eastern Cattle-Egret; European Roller; Indian Bushlark; Long-tailed Shrike; Paddyfield Pipit; Plain Prinia; Red-vented Bulbul; Rock Bush-Quail; Tawny Lark; White-eared Bulbul","n_species":13,"focal_species_seen":"European Roller","focal_species_slugs":"european-roller","has_focal":true},"geometry":{"type":"Point","coordinates":[69.7342916,23.0202664]}},{"type":"Feature","properties":{"GROUP.ID":"G15589937","LOCALITY":"Courser Land","LATITUDE":22.9458483,"LONGITUDE":69.3301383,"OBSERVATION.DATE":"2025-09-20","OBSERVER.ID":"obsr4399854","DURATION.MINUTES":36.0,"SAMPLING.EVENT.IDENTIFIER":"S276952929","species_list":"Ashy-crowned Sparrow-Lark; Asian Green Bee-eater; Barn Swallow; Baya Weaver; Black Drongo; Common Babbler; Common Hoopoe; Common Woodshrike; Dusky Crag-Martin; Eastern Cattle-Egret; Eurasian Collared-Dove; Gray-breasted Prinia; Indian Courser; Laughing Dove; Little Swift; Paddyfield Pipit; Pied Kingfisher; Plain Prinia; Purple Sunbird; Red-naped Ibis; Red-vented Bulbul; Red-wattled Lapwing; Rosy Starling; Siberian Stonechat; Spotted Flycatcher; Wire-tailed Swallow; Yellow-wattled Lapwing","n_species":27,"focal_species_seen":"Spotted Flycatcher","focal_species_slugs":"spotted-flycatcher","has_focal":true},"geometry":{"type":"Point","coordinates":[69.3301383,22.9458483]}},{"type":"Feature","properties":{"GROUP.ID":"G15589833","LOCALITY":"Bhuj, Kachchh IN-Gujarat 23.25889, 69.44323","LATITUDE":23.258888,"LONGITUDE":69.443225,"OBSERVATION.DATE":"2025-09-20","OBSERVER.ID":"obsr4399854","DURATION.MINUTES":21.0,"SAMPLING.EVENT.IDENTIFIER":"S276952930","species_list":"Ashy-crowned Sparrow-Lark; Asian Green Bee-eater; Baya Weaver; Common Hoopoe; Eastern Red-rumped Swallow; European Roller; Jungle Prinia; Laughing Dove; Red-wattled Lapwing; Rufous-fronted Prinia; Shikra; Spotted Flycatcher; Tawny Pipit; Western Marsh Harrier","n_species":14,"focal_species_seen":"European Roller; Spotted Flycatcher","focal_species_slugs":"european-roller;spotted-flycatcher","has_focal":true},"geometry":{"type":"Point","coordinates":[69.443225,23.258888]}},{"type":"Feature","properties":{"GROUP.ID":"G15589225","LOCALITY":"Unnamed Road, Bandhara Nana, Gujarat, IN (23.06, 69.738)","LATITUDE":23.060075,"LONGITUDE":69.7382583,"OBSERVATION.DATE":"2025-09-20","OBSERVER.ID":"obsr4399854","DURATION.MINUTES":31.0,"SAMPLING.EVENT.IDENTIFIER":"S276952931","species_list":"Baya Weaver; Black-headed Ibis; Crested Lark; Eurasian Collared-Dove; House Sparrow; Indian Robin; Laughing Dove; Long-tailed Shrike; Purple Sunbird; Red-vented Bulbul; Red-wattled Lapwing; Red Collared-Dove; Rose-ringed Parakeet; Rosy Starling; White-eared Bulbul","n_species":15,"focal_species_seen":"","focal_species_slugs":"","has_focal":false},"geometry":{"type":"Point","coordinates":[69.7382583,23.060075]}},{"type":"Feature","properties":{"GROUP.ID":"G15590021","LOCALITY":"Modhva Road","LATITUDE":22.7912149,"LONGITUDE":69.4354359,"OBSERVATION.DATE":"2025-09-20","OBSERVER.ID":"obsr4399854","DURATION.MINUTES":null,"SAMPLING.EVENT.IDENTIFIER":"S276952932","species_list":"Asian Green Bee-eater; Baya Weaver; Black-winged Kite; Black-winged Stilt; Black Drongo; Black Kite; Common Babbler; Common Hoopoe; Common Myna; Eurasian Collared-Dove; Eurasian Spoonbill; European Roller; Gray Francolin; Gray Heron; Greater Coucal; House Crow; House Sparrow; Indian Pond-Heron; Indian Robin; Indian Roller; Indian Silverbill; Laughing Dove; Lesser Whitethroat; Little Cormorant; Little Egret; Little Stint; Painted Stork; Pied Kingfisher; Plain Prinia; Red-naped Ibis; Red-vented Bulbul; Red-wattled Lapwing; River Tern; Rosy Starling; Sanderling; White-breasted Waterhen; White-throated Kingfisher; Yellow-wattled Lapwing","n_species":38,"focal_species_seen":"European Roller","focal_species_slugs":"european-roller","has_focal":true},"geometry":{"type":"Point","coordinates":[69.4354359,22.7912149]}},{"type":"Feature","properties":{"GROUP.ID":"G15589508","LOCALITY":"Unnamed Road, Hajapar, Gujarat, IN (23.133, 69.762)","LATITUDE":23.1328667,"LONGITUDE":69.7618733,"OBSERVATION.DATE":"2025-09-20","OBSERVER.ID":"obsr4399854","DURATION.MINUTES":95.0,"SAMPLING.EVENT.IDENTIFIER":"S276952934","species_list":"Asian Green Bee-eater; Barn Swallow; Common Babbler; Eurasian Collared-Dove; Gray Francolin; Great Thick-knee; Indian Bushlark; Indian Peafowl; Indian Spot-billed Duck; Lesser Whitethroat; Little Ringed Plover; Red Collared-Dove; Sand Lark; Small Minivet; Spotted Flycatcher; Western Yellow Wagtail; White-throated Kingfisher","n_species":17,"focal_species_seen":"Spotted Flycatcher","focal_species_slugs":"spotted-flycatcher","has_focal":true},"geometry":{"type":"Point","coordinates":[69.7618733,23.1328667]}},{"type":"Feature","properties":{"GROUP.ID":"G15589658","LOCALITY":"Rapar, Kachchh IN-Gujarat 23.55070, 71.11348","LATITUDE":23.550697,"LONGITUDE":71.113484,"OBSERVATION.DATE":"2025-09-20","OBSERVER.ID":"obsr4399854","DURATION.MINUTES":60.0,"SAMPLING.EVENT.IDENTIFIER":"S276952935","species_list":"Asian Green Bee-eater; Bay-backed Shrike; Blue-cheeked Bee-eater; Clamorous Reed Warbler; Common Babbler; Eurasian Collared-Dove; Eurasian Wryneck; European Roller; Gray Francolin; Greater Whitethroat; House Crow; House Sparrow; Indian Peafowl; Indian Robin; Indian Silverbill; Indian Spot-billed Duck; Laughing Dove; Lesser Whistling-Duck; Lesser Whitethroat; Little Grebe; Long-tailed Shrike; Montagu's Harrier; Northern Shoveler; Pied Cuckoo; Purple Sunbird; Red-vented Bulbul; Red-wattled Lapwing; River Tern; Rufous-fronted Prinia; Siberian Stonechat; Sykes's Warbler; Tree Pipit; Western Marsh Harrier; Whiskered Tern; White-eared Bulbul","n_species":35,"focal_species_seen":"Blue-cheeked Bee-eater; European Roller; Greater Whitethroat","focal_species_slugs":"blue-cheeked-bee-eater;european-roller;greater-whitethroat","has_focal":true},"geometry":{"type":"Point","coordinates":[71.113484,23.550697]}},{"type":"Feature","properties":{"GROUP.ID":"G15589835","LOCALITY":"Nakhatrana, Kachchh IN-Gujarat 23.21387, 69.39707","LATITUDE":23.213868,"LONGITUDE":69.397066,"OBSERVATION.DATE":"2025-09-20","OBSERVER.ID":"obsr4399854","DURATION.MINUTES":17.0,"SAMPLING.EVENT.IDENTIFIER":"S276952937","species_list":"Asian Green Bee-eater; Black Drongo; Brahminy Starling; Common Babbler; Common Cuckoo; Common Hoopoe; Dusky Crag-Martin; Eastern Red-rumped Swallow; Gray-breasted Prinia; Greater Coucal; House Sparrow; Knob-billed Duck; Little Swift; Purple Sunbird; Red-naped Ibis; Red Collared-Dove; White-eared Bulbul; White-throated Kingfisher; Wire-tailed Swallow","n_species":19,"focal_species_seen":"Common Cuckoo","focal_species_slugs":"common-cuckoo","has_focal":true},"geometry":{"type":"Point","coordinates":[69.397066,23.213868]}},{"type":"Feature","properties":{"GROUP.ID":"G15589328","LOCALITY":"Nagrecha","LATITUDE":23.0238571,"LONGITUDE":69.2104153,"OBSERVATION.DATE":"2025-09-20","OBSERVER.ID":"obsr4399854","DURATION.MINUTES":41.0,"SAMPLING.EVENT.IDENTIFIER":"S276952939","species_list":"Black Redstart; Blyth's Reed Warbler; Common Babbler; Common Tailorbird; Eurasian Collared-Dove; Gray-breasted Prinia; Gray Francolin; Indian Peafowl; Indian Robin; Jungle Prinia; Laughing Dove; Lesser Whistling-Duck; Lesser Whitethroat; Little Egret; Medium Egret; Paddyfield Pipit; Plain Prinia; Purple Sunbird; Red-tailed Shrike; Red-vented Bulbul; Red-wattled Lapwing; Spotted Flycatcher; White-breasted Waterhen; White-throated Kingfisher; Wire-tailed Swallow","n_species":25,"focal_species_seen":"Red-tailed Shrike; Spotted Flycatcher","focal_species_slugs":"red-tailed-shrike;spotted-flycatcher","has_focal":true},"geometry":{"type":"Point","coordinates":[69.2104153,23.0238571]}},{"type":"Feature","properties":{"GROUP.ID":"G15589035","LOCALITY":"Nakhatrana Nana, Gujarat, IN (23.319, 69.261)","LATITUDE":23.3190423,"LONGITUDE":69.2607069,"OBSERVATION.DATE":"2025-09-20","OBSERVER.ID":"obsr4399854","DURATION.MINUTES":4.0,"SAMPLING.EVENT.IDENTIFIER":"S276952940","species_list":"Asian Green Bee-eater; Common Babbler; Eastern Cattle-Egret; House Sparrow; Indian Robin; Laughing Dove; Purple Sunbird; Red-vented Bulbul; Rufous-fronted Prinia; Spotted Flycatcher; White-throated Kingfisher","n_species":11,"focal_species_seen":"Spotted Flycatcher","focal_species_slugs":"spotted-flycatcher","has_focal":true},"geometry":{"type":"Point","coordinates":[69.2607069,23.3190423]}},{"type":"Feature","properties":{"GROUP.ID":"G15605491","LOCALITY":"T42G1","LATITUDE":23.587332,"LONGITUDE":68.866936,"OBSERVATION.DATE":"2025-09-20","OBSERVER.ID":"obsr4399854","DURATION.MINUTES":60.0,"SAMPLING.EVENT.IDENTIFIER":"S276952954","species_list":"Ashy-crowned Sparrow-Lark; Barn Swallow; Bay-backed Shrike; Baya Weaver; Black-winged Stilt; Common Sandpiper; Crested Lark; Eurasian Coot; European Roller; Glossy Ibis; Gray-necked Bunting; Gray Francolin; Indian Pond-Heron; Little Egret; Long-tailed Shrike; Red-vented Bulbul; Red-wattled Lapwing; River Tern; Rosy Starling; Small Minivet","n_species":20,"focal_species_seen":"European Roller","focal_species_slugs":"european-roller","has_focal":true},"geometry":{"type":"Point","coordinates":[68.866936,23.587332]}},{"type":"Feature","properties":{"GROUP.ID":"G15599555","LOCALITY":"T15G5","LATITUDE":23.6193926,"LONGITUDE":69.4978767,"OBSERVATION.DATE":"2025-09-20","OBSERVER.ID":"obsr4399854","DURATION.MINUTES":106.0,"SAMPLING.EVENT.IDENTIFIER":"S276952956","species_list":"Black-headed Ibis; Blue-cheeked Bee-eater; Clamorous Reed Warbler; Common Babbler; Common Cuckoo; Common Myna; Common Tailorbird; Eurasian Collared-Dove; Eurasian Spoonbill; European Roller; Glossy Ibis; Gray Francolin; Great Egret; Greater Coucal; Greater Short-toed Lark; House Crow; House Sparrow; Indian Pond-Heron; Indian Spot-billed Duck; Isabelline Shrike; Laughing Dove; Lesser Whitethroat; Little Cormorant; Little Egret; Montagu's Harrier; Northern Shoveler; Purple Sunbird; Red-backed Shrike; Red-wattled Lapwing; River Tern; Rosy Starling; Rufous-fronted Prinia; Shikra; Siberian Stonechat; Sirkeer Malkoha; Streaked Weaver; Western Marsh Harrier; White-eared Bulbul; White-throated Kingfisher","n_species":39,"focal_species_seen":"Blue-cheeked Bee-eater; Common Cuckoo; European Roller; Red-backed Shrike","focal_species_slugs":"blue-cheeked-bee-eater;common-cuckoo;european-roller;red-backed-shrike","has_focal":true},"geometry":{"type":"Point","coordinates":[69.4978767,23.6193926]}},{"type":"Feature","properties":{"GROUP.ID":"G15597492","LOCALITY":"T41G2 Nara Road, Kachchh, Gujarat, IN (23.636, 69.057)","LATITUDE":23.6361694,"LONGITUDE":69.0566977,"OBSERVATION.DATE":"2025-09-21","OBSERVER.ID":"obsr4399854","DURATION.MINUTES":72.0,"SAMPLING.EVENT.IDENTIFIER":"S276952960","species_list":"Asian Green Bee-eater; Barred Buttonquail; Baya Weaver; Black Drongo; Common Woodshrike; Eurasian Collared-Dove; European Roller; Gray-necked Bunting; Gray Francolin; Indian Bushlark; Indian Silverbill; Isabelline Shrike; Jungle Prinia; Lesser Whistling-Duck; Pied Cuckoo; Red-tailed Shrike; Red-vented Bulbul; Red-wattled Lapwing; Red Collared-Dove; Rose-ringed Parakeet; Rosy Starling; Rufous-fronted Prinia; Siberian Stonechat; White-bellied Minivet; White-eared Bulbul; White-tailed Iora","n_species":26,"focal_species_seen":"European Roller; Red-tailed Shrike","focal_species_slugs":"european-roller;red-tailed-shrike","has_focal":true},"geometry":{"type":"Point","coordinates":[69.0566977,23.6361694]}},{"type":"Feature","properties":{"GROUP.ID":"G15599379","LOCALITY":"T9G1, Way to Ashar Mata Temple, Layja Nana, Gujarat, IN (22.845, 69.218)","LATITUDE":22.8447917,"LONGITUDE":69.2184484,"OBSERVATION.DATE":"2025-09-20","OBSERVER.ID":"obsr4399854","DURATION.MINUTES":51.0,"SAMPLING.EVENT.IDENTIFIER":"S276952964","species_list":"Baya Weaver; Eastern Cattle-Egret; European Roller; Gray Heron; Indian Roller; Little Egret; Painted Stork; Red-vented Bulbul; Red-wattled Lapwing; Western Reef-Heron","n_species":10,"focal_species_seen":"European Roller","focal_species_slugs":"european-roller","has_focal":true},"geometry":{"type":"Point","coordinates":[69.2184484,22.8447917]}},{"type":"Feature","properties":{"GROUP.ID":"G15769534","LOCALITY":"T35G1 Passage Migrat Bird Count 2025","LATITUDE":23.5351556,"LONGITUDE":69.2793852,"OBSERVATION.DATE":"2025-09-20","OBSERVER.ID":"obsr4399854","DURATION.MINUTES":60.0,"SAMPLING.EVENT.IDENTIFIER":"S294864288","species_list":"Ashy-crowned Sparrow-Lark; Asian Green Bee-eater; Barn Swallow; Barred Buttonquail; Bay-backed Shrike; Baya Weaver; Black-winged Kite; Black Drongo; Caspian Tern; Common Cuckoo; Common Hoopoe; Common Kingfisher; Delicate Prinia; Dusky Crag-Martin; Eastern Cattle-Egret; Eastern Red-rumped Swallow; Eurasian Collared-Dove; Eurasian Wryneck; European Roller; Gray-breasted Prinia; Gray-necked Bunting; Gray Francolin; Gray Heron; Great Gray Shrike; Greater Coucal; House Sparrow; Indian Peafowl; Indian Pond-Heron; Indian Robin; Indian Silverbill; Isabelline Shrike; Jungle Prinia; Laughing Dove; Little Swift; Long-tailed Shrike; Paddyfield Pipit; Purple Sunbird; Red-backed Shrike; Red-naped Ibis; Red-tailed Shrike; Red-vented Bulbul; Red-wattled Lapwing; Red Collared-Dove; Rosy Starling; Rufous-tailed Lark; Scaly-breasted Munia; Siberian Stonechat; Spotted Flycatcher; Streaked Weaver; Tawny Pipit; Variable Wheatear; Western Marsh Harrier; Western Yellow Wagtail; White-eared Bulbul; White-tailed Iora; White-throated Kingfisher; Wire-tailed Swallow; Yellow-throated Sparrow; Zitting Cisticola","n_species":59,"focal_species_seen":"Common Cuckoo; European Roller; Red-backed Shrike; Red-tailed Shrike; Spotted Flycatcher","focal_species_slugs":"common-cuckoo;european-roller;red-backed-shrike;red-tailed-shrike;spotted-flycatcher","has_focal":true},"geometry":{"type":"Point","coordinates":[69.2793852,23.5351556]}},{"type":"Feature","properties":{"GROUP.ID":"G15769540","LOCALITY":"T35G3 Passage Migrat Bird Count 2025","LATITUDE":23.4373591,"LONGITUDE":69.2601568,"OBSERVATION.DATE":"2025-09-20","OBSERVER.ID":"obsr4399854","DURATION.MINUTES":50.0,"SAMPLING.EVENT.IDENTIFIER":"S294864290","species_list":"Ashy-crowned Sparrow-Lark; Asian Green Bee-eater; Barn Swallow; Barred Buttonquail; Bay-backed Shrike; Baya Weaver; Black-tailed Godwit; Black-winged Kite; Black-winged Stilt; Black Drongo; Black Francolin; Brahminy Starling; Common Babbler; Common Cuckoo; Common Hoopoe; Common Tailorbird; Dalmatian Pelican; Delicate Prinia; Dusky Crag-Martin; Eastern Cattle-Egret; Eastern Red-rumped Swallow; Eurasian Collared-Dove; Eurasian Wryneck; Gray-breasted Prinia; Gray-necked Bunting; Gray Francolin; Great Gray Shrike; Greater Coucal; Gull-billed Tern; House Sparrow; Indian Golden Oriole; Indian Robin; Indian Silverbill; Indian Spot-billed Duck; Isabelline Shrike; Laughing Dove; Lesser Whitethroat; Little Swift; Long-tailed Shrike; Paddyfield Pipit; Painted Sandgrouse; Painted Stork; Pied Cuckoo; Purple Heron; Red-tailed Shrike; Red-vented Bulbul; Red-wattled Lapwing; Red Collared-Dove; River Tern; Rose-ringed Parakeet; Rosy Starling; Rufous-fronted Prinia; Rufous-tailed Lark; Scaly-breasted Munia; Siberian Stonechat; Spotted Flycatcher; Streak-throated Swallow; Sykes's Warbler; Western Marsh Harrier; Western Yellow Wagtail; Whiskered Tern; White-breasted Waterhen; White-eared Bulbul; White-throated Kingfisher; Wire-tailed Swallow; Yellow-crowned Woodpecker; Yellow-throated Sparrow","n_species":67,"focal_species_seen":"Common Cuckoo; Red-tailed Shrike; Spotted Flycatcher","focal_species_slugs":"common-cuckoo;red-tailed-shrike;spotted-flycatcher","has_focal":true},"geometry":{"type":"Point","coordinates":[69.2601568,23.4373591]}},{"type":"Feature","properties":{"GROUP.ID":"G15769536","LOCALITY":"T35G2  Passage Migrat Bird Count 2025","LATITUDE":23.5004736,"LONGITUDE":69.2516897,"OBSERVATION.DATE":"2025-09-20","OBSERVER.ID":"obsr4399854","DURATION.MINUTES":60.0,"SAMPLING.EVENT.IDENTIFIER":"S294864291","species_list":"Ashy-crowned Sparrow-Lark; Asian Green Bee-eater; Barn Swallow; Barred Buttonquail; Bay-backed Shrike; Baya Weaver; Black-headed Ibis; Black-winged Kite; Black-winged Stilt; Black Drongo; Common Babbler; Common Cuckoo; Common Hoopoe; Common Tailorbird; Crested Lark; Delicate Prinia; Dusky Crag-Martin; Eastern Cattle-Egret; Eurasian Collared-Dove; Eurasian Spoonbill; Eurasian Wryneck; European Roller; Gray-breasted Prinia; Gray Francolin; Great Gray Shrike; Greater Coucal; Greater Whitethroat; Gull-billed Tern; House Sparrow; Indian Peafowl; Indian Robin; Indian Silverbill; Indian Spot-billed Duck; Isabelline Shrike; Jungle Prinia; Laughing Dove; Little Cormorant; Little Swift; Long-tailed Shrike; Montagu's Harrier; Paddyfield Pipit; Painted Stork; Pied Cuckoo; Pied Kingfisher; Red-backed Shrike; Red-naped Ibis; Red-tailed Shrike; Red-vented Bulbul; Red-wattled Lapwing; Red Collared-Dove; River Tern; Rosy Starling; Rufous-tailed Lark; Shikra; Siberian Stonechat; Spotted Flycatcher; Tawny Lark; Western Marsh Harrier; White-eared Bulbul; White-tailed Iora; White-throated Kingfisher; Wire-tailed Swallow; Yellow-crowned Woodpecker; Yellow-throated Sparrow","n_species":64,"focal_species_seen":"Common Cuckoo; European Roller; Greater Whitethroat; Red-backed Shrike; Red-tailed Shrike; Spotted Flycatcher","focal_species_slugs":"common-cuckoo;european-roller;greater-whitethroat;red-backed-shrike;red-tailed-shrike;spotted-flycatcher","has_focal":true},"geometry":{"type":"Point","coordinates":[69.2516897,23.5004736]}},{"type":"Feature","properties":{"GROUP.ID":"G15769539","LOCALITY":"T35G5 Passage Migrat Bird Count 2025","LATITUDE":23.3879538,"LONGITUDE":69.3440666,"OBSERVATION.DATE":"2025-09-21","OBSERVER.ID":"obsr4399854","DURATION.MINUTES":60.0,"SAMPLING.EVENT.IDENTIFIER":"S294864292","species_list":"Ashy-crowned Sparrow-Lark; Asian Green Bee-eater; Barn Swallow; Barred Buttonquail; Bay-backed Shrike; Black-headed Ibis; Black-winged Kite; Black Drongo; Black Redstart; Brahminy Starling; Common Babbler; Common Cuckoo; Common Hoopoe; Common Tailorbird; Crested Lark; Delicate Prinia; Eastern Cattle-Egret; Eastern Orphean Warbler; Eurasian Kestrel; Eurasian Wryneck; European Roller; Gray-breasted Prinia; Gray-necked Bunting; Gray Francolin; Great Gray Shrike; Greater Coucal; Greater Short-toed Lark; Greater Whitethroat; House Sparrow; Indian Golden Oriole; Indian Robin; Indian Silverbill; Isabelline Shrike; Jungle Prinia; Laughing Dove; Lesser Whitethroat; Long-tailed Shrike; Montagu's Harrier; Paddyfield Pipit; Painted Sandgrouse; Painted Stork; Pied Cuckoo; Pied Kingfisher; Purple Sunbird; Red-backed Shrike; Red-tailed Shrike; Red-vented Bulbul; Rosy Starling; Rufous-tailed Lark; Scaly-breasted Munia; Shikra; Siberian Stonechat; Spotted Flycatcher; Spotted Owlet; Sykes's Warbler; Western Marsh Harrier; Western Yellow Wagtail; White-eared Bulbul; Wire-tailed Swallow; Yellow-throated Sparrow; Zitting Cisticola","n_species":61,"focal_species_seen":"Common Cuckoo; European Roller; Greater Whitethroat; Red-backed Shrike; Red-tailed Shrike; Spotted Flycatcher","focal_species_slugs":"common-cuckoo;european-roller;greater-whitethroat;red-backed-shrike;red-tailed-shrike;spotted-flycatcher","has_focal":true},"geometry":{"type":"Point","coordinates":[69.3440666,23.3879538]}},{"type":"Feature","properties":{"GROUP.ID":"G15769537","LOCALITY":"T35G4 Passage Migrat Bird Count 2025","LATITUDE":23.4577453,"LONGITUDE":69.312829,"OBSERVATION.DATE":"2025-09-21","OBSERVER.ID":"obsr4399854","DURATION.MINUTES":55.0,"SAMPLING.EVENT.IDENTIFIER":"S294864294","species_list":"Ashy-crowned Sparrow-Lark; Asian Green Bee-eater; Barn Swallow; Barred Buttonquail; Bay-backed Shrike; Baya Weaver; Black-winged Kite; Black Drongo; Black Redstart; Blyth's Reed Warbler; Booted Eagle; Brahminy Starling; Common Babbler; Common Cuckoo; Common Hoopoe; Common Tailorbird; Crested Lark; Dusky Crag-Martin; Eastern Cattle-Egret; Eurasian Collared-Dove; Eurasian Kestrel; Eurasian Wryneck; European Roller; Glossy Ibis; Gray-breasted Prinia; Gray-necked Bunting; Gray Francolin; Great Gray Shrike; Greater Coucal; Greater Short-toed Lark; House Sparrow; Indian Golden Oriole; Indian Pond-Heron; Indian Roller; Indian Silverbill; Indian Thick-knee; Isabelline Shrike; Jungle Prinia; Laughing Dove; Long-tailed Shrike; Paddyfield Pipit; Pallid Harrier; Pied Kingfisher; Purple Sunbird; Red-naped Ibis; Red-vented Bulbul; Rufous-tailed Lark; Siberian Stonechat; Spotted Flycatcher; Sykes's Warbler; Western Marsh Harrier; Western Yellow Wagtail; White-eared Bulbul; White-eyed Buzzard; White-throated Kingfisher; Wire-tailed Swallow; Yellow-crowned Woodpecker; Yellow-throated Sparrow; Zitting Cisticola","n_species":59,"focal_species_seen":"Common Cuckoo; European Roller; Spotted Flycatcher","focal_species_slugs":"common-cuckoo;european-roller;spotted-flycatcher","has_focal":true},"geometry":{"type":"Point","coordinates":[69.312829,23.4577453]}},{"type":"Feature","properties":{"GROUP.ID":"G15597340","LOCALITY":"Team2025_39-3, Kachchh, Gujarat, IN (23.183, 68.747)","LATITUDE":23.1831753,"LONGITUDE":68.7470257,"OBSERVATION.DATE":"2025-09-20","OBSERVER.ID":"obsr4399854","DURATION.MINUTES":33.0,"SAMPLING.EVENT.IDENTIFIER":"S294864365","species_list":"Ashy-crowned Sparrow-Lark; Asian Green Bee-eater; Asian Koel; Barn Swallow; Barred Buttonquail; Bay-backed Shrike; Baya Weaver; Black-winged Kite; Black Drongo; Black Francolin; Blue-cheeked Bee-eater; Chestnut-bellied Sandgrouse; Common Babbler; Common Myna; Common Tailorbird; Common Woodshrike; Crested Lark; Dusky Crag-Martin; Eastern Cattle-Egret; Eastern Red-rumped Swallow; Eurasian Collared-Dove; Eurasian Wryneck; European Roller; Gray-breasted Prinia; Gray Francolin; Greater Coucal; House Crow; House Sparrow; Indian Bushlark; Indian Robin; Indian Silverbill; Indian Thick-knee; Isabelline Shrike; Jungle Prinia; Laughing Dove; Lesser Whitethroat; Long-legged Buzzard; Long-tailed Shrike; Montagu's Harrier; Pallid Harrier; Pied Cuckoo; Plain Prinia; Purple Sunbird; Rain Quail; Red-backed Shrike; Red-tailed Shrike; Red-vented Bulbul; Red Collared-Dove; Rose-ringed Parakeet; Rosy Starling; Rufous-fronted Prinia; Siberian Stonechat; Spotted Flycatcher; Tawny Lark; Western Marsh Harrier; White-eared Bulbul; White-tailed Iora; Wire-tailed Swallow; Yellow-crowned Woodpecker; Yellow-throated Sparrow","n_species":60,"focal_species_seen":"Blue-cheeked Bee-eater; European Roller; Red-backed Shrike; Red-tailed Shrike; Spotted Flycatcher","focal_species_slugs":"blue-cheeked-bee-eater;european-roller;red-backed-shrike;red-tailed-shrike;spotted-flycatcher","has_focal":true},"geometry":{"type":"Point","coordinates":[68.7470257,23.1831753]}}]}
