{"type":"FeatureCollection","features":[{"type":"Feature","properties":{"GRID_CODE":"GJ-KU-ANJ-040","DISTRICT":"Kachchh","BLOCK":"Anjar"},"geometry":{"type":"Polygon","coordinates":[[[70.00609853122227,22.960338251509154],[69.95609853122227,22.960338251509154],[69.95609853122227,23.010338251509155],[70.00609853122227,23.010338251509155],[70.00609853122227,22.960338251509154]]]}},{"type":"Feature","properties":{"GRID_CODE":"GJ-KU-BHU-168","DISTRICT":"Kachchh","BLOCK":"Bhuj"},"geometry":{"type":"Polygon","coordinates":[[[69.60609853122227,23.010338251509155],[69.55609853122226,23.010338251509155],[69.55609853122226,23.060338251509156],[69.60609853122227,23.060338251509156],[69.60609853122227,23.010338251509155]]]}},{"type":"Feature","properties":{"GRID_CODE":"GJ-KU-MAN-039","DISTRICT":"Kachchh","BLOCK":"Mandvi"},"geometry":{"type":"Polygon","coordinates":[[[69.25609853122227,22.860338251509157],[69.20609853122227,22.860338251509157],[69.20609853122227,22.910338251509154],[69.25609853122227,22.910338251509154],[69.25609853122227,22.860338251509157]]]}},{"type":"Feature","properties":{"GRID_CODE":"GJ-KU-MAN-002","DISTRICT":"Kachchh","BLOCK":"Mandvi"},"geometry":{"type":"Polygon","coordinates":[[[69.40609853122227,23.110338251509157],[69.35609853122227,23.110338251509157],[69.35609853122227,23.160338251509154],[69.40609853122227,23.160338251509154],[69.40609853122227,23.110338251509157]]]}},{"type":"Feature","properties":{"GRID_CODE":"GJ-KU-ABD-094","DISTRICT":"Kachchh","BLOCK":"Abdasa"},"geometry":{"type":"Polygon","coordinates":[[[69.05609853122226,22.960338251509154],[69.00609853122227,22.960338251509154],[69.00609853122227,23.010338251509155],[69.05609853122226,23.010338251509155],[69.05609853122226,22.960338251509154]]]}},{"type":"Feature","properties":{"GRID_CODE":"GJ-KU-ABD-063","DISTRICT":"Kachchh","BLOCK":"Abdasa"},"geometry":{"type":"Polygon","coordinates":[[[69.00609853122227,23.160338251509154],[68.95609853122227,23.160338251509154],[68.95609853122227,23.210338251509154],[69.00609853122227,23.210338251509154],[69.00609853122227,23.160338251509154]]]}},{"type":"Feature","properties":{"GRID_CODE":"GJ-KU-BHU-047","DISTRICT":"Kachchh","BLOCK":"Bhuj"},"geometry":{"type":"Polygon","coordinates":[[[69.60609853122227,23.660338251509154],[69.55609853122226,23.660338251509154],[69.55609853122226,23.710338251509154],[69.60609853122227,23.710338251509154],[69.60609853122227,23.660338251509154]]]}},{"type":"Feature","properties":{"GRID_CODE":"GJ-KU-LIT-132","DISTRICT":"Kachchh","BLOCK":"Little Rann"},"geometry":{"type":"Polygon","coordinates":[[[70.50609853122227,23.160338251509154],[70.45609853122227,23.160338251509154],[70.45609853122227,23.210338251509154],[70.50609853122227,23.210338251509154],[70.50609853122227,23.160338251509154]]]}},{"type":"Feature","properties":{"GRID_CODE":"GJ-KU-GAN-006","DISTRICT":"Kachchh","BLOCK":"Gandhidham"},"geometry":{"type":"Polygon","coordinates":[[[70.15609853122227,23.010338251509155],[70.10609853122227,23.010338251509155],[70.10609853122227,23.060338251509156],[70.15609853122227,23.060338251509156],[70.15609853122227,23.010338251509155]]]}},{"type":"Feature","properties":{"GRID_CODE":"GJ-KU-RAN-461","DISTRICT":"Kachchh","BLOCK":"Rann of Kachchh"},"geometry":{"type":"Polygon","coordinates":[[[69.00609853122227,23.810338251509156],[68.95609853122227,23.810338251509156],[68.95609853122227,23.860338251509157],[69.00609853122227,23.860338251509157],[69.00609853122227,23.810338251509156]]]}},{"type":"Feature","properties":{"GRID_CODE":"GJ-KU-LAK-019","DISTRICT":"Kachchh","BLOCK":"Lakhpat"},"geometry":{"type":"Polygon","coordinates":[[[68.65609853122227,23.660338251509154],[68.60609853122227,23.660338251509154],[68.60609853122227,23.710338251509154],[68.65609853122227,23.710338251509154],[68.65609853122227,23.660338251509154]]]}},{"type":"Feature","properties":{"GRID_CODE":"GJ-KU-RAN-346","DISTRICT":"Kachchh","BLOCK":"Rann of Kachchh"},"geometry":{"type":"Polygon","coordinates":[[[70.85609853122227,23.960338251509154],[70.80609853122226,23.960338251509154],[70.80609853122226,24.010338251509155],[70.85609853122227,24.010338251509155],[70.85609853122227,23.960338251509154]]]}},{"type":"Feature","properties":{"GRID_CODE":"GJ-KU-BHU-144","DISTRICT":"Kachchh","BLOCK":"Bhuj"},"geometry":{"type":"Polygon","coordinates":[[[69.55609853122226,23.160338251509154],[69.50609853122227,23.160338251509154],[69.50609853122227,23.210338251509154],[69.55609853122226,23.210338251509154],[69.55609853122226,23.160338251509154]]]}},{"type":"Feature","properties":{"GRID_CODE":"GJ-KU-RAN-482","DISTRICT":"Kachchh","BLOCK":"Rann of Kachchh"},"geometry":{"type":"Polygon","coordinates":[[[70.50609853122227,23.810338251509156],[70.45609853122227,23.810338251509156],[70.45609853122227,23.860338251509157],[70.50609853122227,23.860338251509157],[70.50609853122227,23.810338251509156]]]}},{"type":"Feature","properties":{"GRID_CODE":"GJ-KU-RAN-303","DISTRICT":"Kachchh","BLOCK":"Rann of Kachchh"},"geometry":{"type":"Polygon","coordinates":[[[68.45609853122227,23.960338251509154],[68.40609853122227,23.960338251509154],[68.40609853122227,24.010338251509155],[68.45609853122227,24.010338251509155],[68.45609853122227,23.960338251509154]]]}},{"type":"Feature","properties":{"GRID_CODE":"GJ-KU-RAN-553","DISTRICT":"Kachchh","BLOCK":"Rann of Kachchh"},"geometry":{"type":"Polygon","coordinates":[[[70.15609853122227,23.660338251509154],[70.10609853122227,23.660338251509154],[70.10609853122227,23.710338251509154],[70.15609853122227,23.710338251509154],[70.15609853122227,23.660338251509154]]]}},{"type":"Feature","properties":{"GRID_CODE":"GJ-KU-RAN-439","DISTRICT":"Kachchh","BLOCK":"Rann of Kachchh"},"geometry":{"type":"Polygon","coordinates":[[[70.10609853122227,23.860338251509157],[70.05609853122226,23.860338251509157],[70.05609853122226,23.910338251509154],[70.10609853122227,23.910338251509154],[70.10609853122227,23.860338251509157]]]}},{"type":"Feature","properties":{"GRID_CODE":"GJ-KU-RAN-010","DISTRICT":"Kachchh","BLOCK":"Rann of Kachchh"},"geometry":{"type":"Polygon","coordinates":[[[71.05609853122226,24.510338251509155],[71.00609853122227,24.510338251509155],[71.00609853122227,24.560338251509156],[71.05609853122226,24.560338251509156],[71.05609853122226,24.510338251509155]]]}},{"type":"Feature","properties":{"GRID_CODE":"GJ-KU-RAN-180","DISTRICT":"Kachchh","BLOCK":"Rann of Kachchh"},"geometry":{"type":"Polygon","coordinates":[[[70.25609853122227,24.110338251509157],[70.20609853122227,24.110338251509157],[70.20609853122227,24.160338251509154],[70.25609853122227,24.160338251509154],[70.25609853122227,24.110338251509157]]]}},{"type":"Feature","properties":{"GRID_CODE":"GJ-KU-ABD-026","DISTRICT":"Kachchh","BLOCK":"Abdasa"},"geometry":{"type":"Polygon","coordinates":[[[68.95609853122227,23.310338251509156],[68.90609853122227,23.310338251509156],[68.90609853122227,23.360338251509157],[68.95609853122227,23.360338251509157],[68.95609853122227,23.310338251509156]]]}},{"type":"Feature","properties":{"GRID_CODE":"GJ-KU-RAN-327","DISTRICT":"Kachchh","BLOCK":"Rann of Kachchh"},"geometry":{"type":"Polygon","coordinates":[[[69.90609853122227,23.960338251509154],[69.85609853122227,23.960338251509154],[69.85609853122227,24.010338251509155],[69.90609853122227,24.010338251509155],[69.90609853122227,23.960338251509154]]]}},{"type":"Feature","properties":{"GRID_CODE":"GJ-KU-RAN-472","DISTRICT":"Kachchh","BLOCK":"Rann of Kachchh"},"geometry":{"type":"Polygon","coordinates":[[[69.55609853122226,23.810338251509156],[69.50609853122227,23.810338251509156],[69.50609853122227,23.860338251509157],[69.55609853122226,23.860338251509157],[69.55609853122226,23.810338251509156]]]}},{"type":"Feature","properties":{"GRID_CODE":"GJ-KU-RAN-426","DISTRICT":"Kachchh","BLOCK":"Rann of Kachchh"},"geometry":{"type":"Polygon","coordinates":[[[69.15609853122227,23.860338251509157],[69.10609853122227,23.860338251509157],[69.10609853122227,23.910338251509154],[69.15609853122227,23.910338251509154],[69.15609853122227,23.860338251509157]]]}},{"type":"Feature","properties":{"GRID_CODE":"GJ-KU-RAN-161","DISTRICT":"Kachchh","BLOCK":"Rann of Kachchh"},"geometry":{"type":"Polygon","coordinates":[[[69.30609853122226,24.110338251509157],[69.25609853122227,24.110338251509157],[69.25609853122227,24.160338251509154],[69.30609853122226,24.160338251509154],[69.30609853122226,24.110338251509157]]]}},{"type":"Feature","properties":{"GRID_CODE":"GJ-KU-RAN-308","DISTRICT":"Kachchh","BLOCK":"Rann of Kachchh"},"geometry":{"type":"Polygon","coordinates":[[[68.95609853122227,23.960338251509154],[68.90609853122227,23.960338251509154],[68.90609853122227,24.010338251509155],[68.95609853122227,24.010338251509155],[68.95609853122227,23.960338251509154]]]}},{"type":"Feature","properties":{"GRID_CODE":"GJ-KU-LIT-141","DISTRICT":"Kachchh","BLOCK":"Little Rann"},"geometry":{"type":"Polygon","coordinates":[[[71.25609853122227,23.160338251509154],[71.20609853122227,23.160338251509154],[71.20609853122227,23.210338251509154],[71.25609853122227,23.210338251509154],[71.25609853122227,23.160338251509154]]]}},{"type":"Feature","properties":{"GRID_CODE":"GJ-KU-BHA-048","DISTRICT":"Kachchh","BLOCK":"Bhachau"},"geometry":{"type":"Polygon","coordinates":[[[70.65609853122227,23.310338251509156],[70.60609853122227,23.310338251509156],[70.60609853122227,23.360338251509157],[70.65609853122227,23.360338251509157],[70.65609853122227,23.310338251509156]]]}},{"type":"Feature","properties":{"GRID_CODE":"GJ-KU-LAK-065","DISTRICT":"Kachchh","BLOCK":"Lakhpat"},"geometry":{"type":"Polygon","coordinates":[[[68.55609853122226,23.460338251509154],[68.50609853122227,23.460338251509154],[68.50609853122227,23.510338251509155],[68.55609853122226,23.510338251509155],[68.55609853122226,23.460338251509154]]]}},{"type":"Feature","properties":{"GRID_CODE":"GJ-KU-RAN-592","DISTRICT":"Kachchh","BLOCK":"Rann of Kachchh"},"geometry":{"type":"Polygon","coordinates":[[[70.05609853122226,23.460338251509154],[70.00609853122227,23.460338251509154],[70.00609853122227,23.510338251509155],[70.05609853122226,23.510338251509155],[70.05609853122226,23.460338251509154]]]}},{"type":"Feature","properties":{"GRID_CODE":"GJ-KU-BHU-111","DISTRICT":"Kachchh","BLOCK":"Bhuj"},"geometry":{"type":"Polygon","coordinates":[[[69.70609853122227,23.310338251509156],[69.65609853122227,23.310338251509156],[69.65609853122227,23.360338251509157],[69.70609853122227,23.360338251509157],[69.70609853122227,23.310338251509156]]]}},{"type":"Feature","properties":{"GRID_CODE":"GJ-KU-LIT-123","DISTRICT":"Kachchh","BLOCK":"Little Rann"},"geometry":{"type":"Polygon","coordinates":[[[71.40609853122227,23.210338251509154],[71.35609853122227,23.210338251509154],[71.35609853122227,23.260338251509155],[71.40609853122227,23.260338251509155],[71.40609853122227,23.210338251509154]]]}},{"type":"Feature","properties":{"GRID_CODE":"GJ-KU-BHU-058","DISTRICT":"Kachchh","BLOCK":"Bhuj"},"geometry":{"type":"Polygon","coordinates":[[[69.45609853122227,23.610338251509157],[69.40609853122227,23.610338251509157],[69.40609853122227,23.660338251509154],[69.45609853122227,23.660338251509154],[69.45609853122227,23.610338251509157]]]}},{"type":"Feature","properties":{"GRID_CODE":"GJ-KU-LIT-083","DISTRICT":"Kachchh","BLOCK":"Little Rann"},"geometry":{"type":"Polygon","coordinates":[[[71.20609853122227,23.310338251509156],[71.15609853122227,23.310338251509156],[71.15609853122227,23.360338251509157],[71.20609853122227,23.360338251509157],[71.20609853122227,23.310338251509156]]]}},{"type":"Feature","properties":{"GRID_CODE":"GJ-KU-NAK-018","DISTRICT":"Kachchh","BLOCK":"Nakhatrana"},"geometry":{"type":"Polygon","coordinates":[[[69.10609853122227,23.460338251509154],[69.05609853122226,23.460338251509154],[69.05609853122226,23.510338251509155],[69.10609853122227,23.510338251509155],[69.10609853122227,23.460338251509154]]]}},{"type":"Feature","properties":{"GRID_CODE":"GJ-KU-LIT-031","DISTRICT":"Kachchh","BLOCK":"Little Rann"},"geometry":{"type":"Polygon","coordinates":[[[71.15609853122227,23.510338251509155],[71.10609853122227,23.510338251509155],[71.10609853122227,23.560338251509156],[71.15609853122227,23.560338251509156],[71.15609853122227,23.510338251509155]]]}},{"type":"Feature","properties":{"GRID_CODE":"GJ-KU-RAP-094","DISTRICT":"Kachchh","BLOCK":"Rapar"},"geometry":{"type":"Polygon","coordinates":[[[70.80609853122226,23.360338251509157],[70.75609853122227,23.360338251509157],[70.75609853122227,23.410338251509154],[70.80609853122226,23.410338251509154],[70.80609853122226,23.360338251509157]]]}},{"type":"Feature","properties":{"GRID_CODE":"GJ-KU-RAP-046","DISTRICT":"Kachchh","BLOCK":"Rapar"},"geometry":{"type":"Polygon","coordinates":[[[70.95609853122227,23.610338251509157],[70.90609853122227,23.610338251509157],[70.90609853122227,23.660338251509154],[70.95609853122227,23.660338251509154],[70.95609853122227,23.610338251509157]]]}},{"type":"Feature","properties":{"GRID_CODE":"GJ-KU-LAK-006","DISTRICT":"Kachchh","BLOCK":"Lakhpat"},"geometry":{"type":"Polygon","coordinates":[[[68.85609853122227,23.760338251509155],[68.80609853122226,23.760338251509155],[68.80609853122226,23.810338251509156],[68.85609853122227,23.810338251509156],[68.85609853122227,23.760338251509155]]]}},{"type":"Feature","properties":{"GRID_CODE":"GJ-KU-RAP-073","DISTRICT":"Kachchh","BLOCK":"Rapar"},"geometry":{"type":"Polygon","coordinates":[[[70.60609853122227,23.460338251509154],[70.55609853122226,23.460338251509154],[70.55609853122226,23.510338251509155],[70.60609853122227,23.510338251509155],[70.60609853122227,23.460338251509154]]]}},{"type":"Feature","properties":{"GRID_CODE":"GJ-KU-LAK-030","DISTRICT":"Kachchh","BLOCK":"Lakhpat"},"geometry":{"type":"Polygon","coordinates":[[[68.50609853122227,23.610338251509157],[68.45609853122227,23.610338251509157],[68.45609853122227,23.660338251509154],[68.50609853122227,23.660338251509154],[68.50609853122227,23.610338251509157]]]}},{"type":"Feature","properties":{"GRID_CODE":"GJ-KU-RAN-588","DISTRICT":"Kachchh","BLOCK":"Rann of Kachchh"},"geometry":{"type":"Polygon","coordinates":[[[70.20609853122227,23.510338251509155],[70.15609853122227,23.510338251509155],[70.15609853122227,23.560338251509156],[70.20609853122227,23.560338251509156],[70.20609853122227,23.510338251509155]]]}},{"type":"Feature","properties":{"GRID_CODE":"GJ-KU-RAN-146","DISTRICT":"Kachchh","BLOCK":"Rann of Kachchh"},"geometry":{"type":"Polygon","coordinates":[[[71.15609853122227,24.160338251509154],[71.10609853122227,24.160338251509154],[71.10609853122227,24.210338251509154],[71.15609853122227,24.210338251509154],[71.15609853122227,24.160338251509154]]]}},{"type":"Feature","properties":{"GRID_CODE":"GJ-KU-BHA-012","DISTRICT":"Kachchh","BLOCK":"Bhachau"},"geometry":{"type":"Polygon","coordinates":[[[70.35609853122227,23.760338251509155],[70.30609853122226,23.760338251509155],[70.30609853122226,23.810338251509156],[70.35609853122227,23.810338251509156],[70.35609853122227,23.760338251509155]]]}},{"type":"Feature","properties":{"GRID_CODE":"GJ-KU-RAN-027","DISTRICT":"Kachchh","BLOCK":"Rann of Kachchh"},"geometry":{"type":"Polygon","coordinates":[[[71.30609853122226,24.410338251509154],[71.25609853122227,24.410338251509154],[71.25609853122227,24.460338251509154],[71.30609853122226,24.460338251509154],[71.30609853122226,24.410338251509154]]]}},{"type":"Feature","properties":{"GRID_CODE":"GJ-KU-RAN-292","DISTRICT":"Kachchh","BLOCK":"Rann of Kachchh"},"geometry":{"type":"Polygon","coordinates":[[[70.80609853122226,24.010338251509155],[70.75609853122227,24.010338251509155],[70.75609853122227,24.060338251509156],[70.80609853122226,24.060338251509156],[70.80609853122226,24.010338251509155]]]}},{"type":"Feature","properties":{"GRID_CODE":"GJ-KU-RAN-064","DISTRICT":"Kachchh","BLOCK":"Rann of Kachchh"},"geometry":{"type":"Polygon","coordinates":[[[70.95609853122227,24.260338251509155],[70.90609853122227,24.260338251509155],[70.90609853122227,24.310338251509156],[70.95609853122227,24.310338251509156],[70.95609853122227,24.260338251509155]]]}},{"type":"Feature","properties":{"GRID_CODE":"GJ-KU-RAN-042","DISTRICT":"Kachchh","BLOCK":"Rann of Kachchh"},"geometry":{"type":"Polygon","coordinates":[[[70.55609853122226,24.310338251509156],[70.50609853122227,24.310338251509156],[70.50609853122227,24.360338251509157],[70.55609853122226,24.360338251509157],[70.55609853122226,24.310338251509156]]]}},{"type":"Feature","properties":{"GRID_CODE":"GJ-KU-BHU-001","DISTRICT":"Kachchh","BLOCK":"Bhuj"},"geometry":{"type":"Polygon","coordinates":[[[69.75609853122227,23.910338251509154],[69.70609853122227,23.910338251509154],[69.70609853122227,23.960338251509154],[69.75609853122227,23.960338251509154],[69.75609853122227,23.910338251509154]]]}},{"type":"Feature","properties":{"GRID_CODE":"GJ-KU-RAN-127","DISTRICT":"Kachchh","BLOCK":"Rann of Kachchh"},"geometry":{"type":"Polygon","coordinates":[[[70.20609853122227,24.160338251509154],[70.15609853122227,24.160338251509154],[70.15609853122227,24.210338251509154],[70.20609853122227,24.210338251509154],[70.20609853122227,24.160338251509154]]]}},{"type":"Feature","properties":{"GRID_CODE":"GJ-KU-ANJ-030","DISTRICT":"Kachchh","BLOCK":"Anjar"},"geometry":{"type":"Polygon","coordinates":[[[70.00609853122227,23.060338251509156],[69.95609853122227,23.060338251509156],[69.95609853122227,23.110338251509157],[70.00609853122227,23.110338251509157],[70.00609853122227,23.060338251509156]]]}},{"type":"Feature","properties":{"GRID_CODE":"GJ-KU-BHU-154","DISTRICT":"Kachchh","BLOCK":"Bhuj"},"geometry":{"type":"Polygon","coordinates":[[[69.60609853122227,23.110338251509157],[69.55609853122226,23.110338251509157],[69.55609853122226,23.160338251509154],[69.60609853122227,23.160338251509154],[69.60609853122227,23.110338251509157]]]}},{"type":"Feature","properties":{"GRID_CODE":"GJ-KU-MAN-020","DISTRICT":"Kachchh","BLOCK":"Mandvi"},"geometry":{"type":"Polygon","coordinates":[[[69.25609853122227,22.960338251509154],[69.20609853122227,22.960338251509154],[69.20609853122227,23.010338251509155],[69.25609853122227,23.010338251509155],[69.25609853122227,22.960338251509154]]]}},{"type":"Feature","properties":{"GRID_CODE":"GJ-KU-NAK-063","DISTRICT":"Kachchh","BLOCK":"Nakhatrana"},"geometry":{"type":"Polygon","coordinates":[[[69.40609853122227,23.210338251509154],[69.35609853122227,23.210338251509154],[69.35609853122227,23.260338251509155],[69.40609853122227,23.260338251509155],[69.40609853122227,23.210338251509154]]]}},{"type":"Feature","properties":{"GRID_CODE":"GJ-KU-ABD-039","DISTRICT":"Kachchh","BLOCK":"Abdasa"},"geometry":{"type":"Polygon","coordinates":[[[69.00609853122227,23.260338251509155],[68.95609853122227,23.260338251509155],[68.95609853122227,23.310338251509156],[69.00609853122227,23.310338251509156],[69.00609853122227,23.260338251509155]]]}},{"type":"Feature","properties":{"GRID_CODE":"GJ-KU-RAN-503","DISTRICT":"Kachchh","BLOCK":"Rann of Kachchh"},"geometry":{"type":"Polygon","coordinates":[[[69.60609853122227,23.760338251509155],[69.55609853122226,23.760338251509155],[69.55609853122226,23.810338251509156],[69.60609853122227,23.810338251509156],[69.60609853122227,23.760338251509155]]]}},{"type":"Feature","properties":{"GRID_CODE":"GJ-KU-BHA-056","DISTRICT":"Kachchh","BLOCK":"Bhachau"},"geometry":{"type":"Polygon","coordinates":[[[70.50609853122227,23.260338251509155],[70.45609853122227,23.260338251509155],[70.45609853122227,23.310338251509156],[70.50609853122227,23.310338251509156],[70.50609853122227,23.260338251509155]]]}},{"type":"Feature","properties":{"GRID_CODE":"GJ-KU-LAK-072","DISTRICT":"Kachchh","BLOCK":"Lakhpat"},"geometry":{"type":"Polygon","coordinates":[[[68.45609853122227,23.410338251509154],[68.40609853122227,23.410338251509154],[68.40609853122227,23.460338251509154],[68.45609853122227,23.460338251509154],[68.45609853122227,23.410338251509154]]]}},{"type":"Feature","properties":{"GRID_CODE":"GJ-KU-ANJ-026","DISTRICT":"Kachchh","BLOCK":"Anjar"},"geometry":{"type":"Polygon","coordinates":[[[70.15609853122227,23.110338251509157],[70.10609853122227,23.110338251509157],[70.10609853122227,23.160338251509154],[70.15609853122227,23.160338251509154],[70.15609853122227,23.110338251509157]]]}},{"type":"Feature","properties":{"GRID_CODE":"GJ-KU-RAN-368","DISTRICT":"Kachchh","BLOCK":"Rann of Kachchh"},"geometry":{"type":"Polygon","coordinates":[[[69.00609853122227,23.910338251509154],[68.95609853122227,23.910338251509154],[68.95609853122227,23.960338251509154],[69.00609853122227,23.960338251509154],[69.00609853122227,23.910338251509154]]]}},{"type":"Feature","properties":{"GRID_CODE":"GJ-KU-RAN-350","DISTRICT":"Kachchh","BLOCK":"Rann of Kachchh"},"geometry":{"type":"Polygon","coordinates":[[[71.05609853122226,23.960338251509154],[71.00609853122227,23.960338251509154],[71.00609853122227,24.010338251509155],[71.05609853122226,24.010338251509155],[71.05609853122226,23.960338251509154]]]}},{"type":"Feature","properties":{"GRID_CODE":"GJ-KU-BHU-089","DISTRICT":"Kachchh","BLOCK":"Bhuj"},"geometry":{"type":"Polygon","coordinates":[[[69.90609853122227,23.410338251509154],[69.85609853122227,23.410338251509154],[69.85609853122227,23.460338251509154],[69.90609853122227,23.460338251509154],[69.90609853122227,23.410338251509154]]]}},{"type":"Feature","properties":{"GRID_CODE":"GJ-KU-RAN-242","DISTRICT":"Kachchh","BLOCK":"Rann of Kachchh"},"geometry":{"type":"Polygon","coordinates":[[[70.85609853122227,24.060338251509156],[70.80609853122226,24.060338251509156],[70.80609853122226,24.110338251509157],[70.85609853122227,24.110338251509157],[70.85609853122227,24.060338251509156]]]}},{"type":"Feature","properties":{"GRID_CODE":"GJ-KU-BHU-120","DISTRICT":"Kachchh","BLOCK":"Bhuj"},"geometry":{"type":"Polygon","coordinates":[[[69.55609853122226,23.260338251509155],[69.50609853122227,23.260338251509155],[69.50609853122227,23.310338251509156],[69.55609853122226,23.310338251509156],[69.55609853122226,23.260338251509155]]]}},{"type":"Feature","properties":{"GRID_CODE":"GJ-KU-RAN-394","DISTRICT":"Kachchh","BLOCK":"Rann of Kachchh"},"geometry":{"type":"Polygon","coordinates":[[[70.50609853122227,23.910338251509154],[70.45609853122227,23.910338251509154],[70.45609853122227,23.960338251509154],[70.50609853122227,23.960338251509154],[70.50609853122227,23.910338251509154]]]}},{"type":"Feature","properties":{"GRID_CODE":"GJ-KU-RAN-331","DISTRICT":"Kachchh","BLOCK":"Rann of Kachchh"},"geometry":{"type":"Polygon","coordinates":[[[70.10609853122227,23.960338251509154],[70.05609853122226,23.960338251509154],[70.05609853122226,24.010338251509155],[70.10609853122227,24.010338251509155],[70.10609853122227,23.960338251509154]]]}},{"type":"Feature","properties":{"GRID_CODE":"GJ-KU-RAN-090","DISTRICT":"Kachchh","BLOCK":"Rann of Kachchh"},"geometry":{"type":"Polygon","coordinates":[[[70.25609853122227,24.210338251509154],[70.20609853122227,24.210338251509154],[70.20609853122227,24.260338251509155],[70.25609853122227,24.260338251509155],[70.25609853122227,24.210338251509154]]]}},{"type":"Feature","properties":{"GRID_CODE":"GJ-KU-LAK-075","DISTRICT":"Kachchh","BLOCK":"Lakhpat"},"geometry":{"type":"Polygon","coordinates":[[[68.95609853122227,23.410338251509154],[68.90609853122227,23.410338251509154],[68.90609853122227,23.460338251509154],[68.95609853122227,23.460338251509154],[68.95609853122227,23.410338251509154]]]}},{"type":"Feature","properties":{"GRID_CODE":"GJ-KU-RAN-223","DISTRICT":"Kachchh","BLOCK":"Rann of Kachchh"},"geometry":{"type":"Polygon","coordinates":[[[69.90609853122227,24.060338251509156],[69.85609853122227,24.060338251509156],[69.85609853122227,24.110338251509157],[69.90609853122227,24.110338251509157],[69.90609853122227,24.060338251509156]]]}},{"type":"Feature","properties":{"GRID_CODE":"GJ-KU-RAN-379","DISTRICT":"Kachchh","BLOCK":"Rann of Kachchh"},"geometry":{"type":"Polygon","coordinates":[[[69.55609853122226,23.910338251509154],[69.50609853122227,23.910338251509154],[69.50609853122227,23.960338251509154],[69.55609853122226,23.960338251509154],[69.55609853122226,23.910338251509154]]]}},{"type":"Feature","properties":{"GRID_CODE":"GJ-KU-RAN-165","DISTRICT":"Kachchh","BLOCK":"Rann of Kachchh"},"geometry":{"type":"Polygon","coordinates":[[[69.50609853122227,24.110338251509157],[69.45609853122227,24.110338251509157],[69.45609853122227,24.160338251509154],[69.50609853122227,24.160338251509154],[69.50609853122227,24.110338251509157]]]}},{"type":"Feature","properties":{"GRID_CODE":"GJ-KU-RAN-312","DISTRICT":"Kachchh","BLOCK":"Rann of Kachchh"},"geometry":{"type":"Polygon","coordinates":[[[69.15609853122227,23.960338251509154],[69.10609853122227,23.960338251509154],[69.10609853122227,24.010338251509155],[69.15609853122227,24.010338251509155],[69.15609853122227,23.960338251509154]]]}},{"type":"Feature","properties":{"GRID_CODE":"GJ-KU-RAN-080","DISTRICT":"Kachchh","BLOCK":"Rann of Kachchh"},"geometry":{"type":"Polygon","coordinates":[[[69.30609853122226,24.210338251509154],[69.25609853122227,24.210338251509154],[69.25609853122227,24.260338251509155],[69.30609853122226,24.260338251509155],[69.30609853122226,24.210338251509154]]]}},{"type":"Feature","properties":{"GRID_CODE":"GJ-KU-RAN-204","DISTRICT":"Kachchh","BLOCK":"Rann of Kachchh"},"geometry":{"type":"Polygon","coordinates":[[[68.95609853122227,24.060338251509156],[68.90609853122227,24.060338251509156],[68.90609853122227,24.110338251509157],[68.95609853122227,24.110338251509157],[68.95609853122227,24.060338251509156]]]}},{"type":"Feature","properties":{"GRID_CODE":"GJ-KU-RAN-195","DISTRICT":"Kachchh","BLOCK":"Rann of Kachchh"},"geometry":{"type":"Polygon","coordinates":[[[71.00609853122227,24.110338251509157],[70.95609853122227,24.110338251509157],[70.95609853122227,24.160338251509154],[71.00609853122227,24.160338251509154],[71.00609853122227,24.110338251509157]]]}},{"type":"Feature","properties":{"GRID_CODE":"GJ-KU-COA-003","DISTRICT":"Kachchh","BLOCK":"Coastal Area"},"geometry":{"type":"Polygon","coordinates":[[[70.05609853122226,22.910338251509154],[70.00609853122227,22.910338251509154],[70.00609853122227,22.960338251509154],[70.05609853122226,22.960338251509154],[70.05609853122226,22.910338251509154]]]}},{"type":"Feature","properties":{"GRID_CODE":"GJ-KU-COA-012","DISTRICT":"Kachchh","BLOCK":"Coastal Area"},"geometry":{"type":"Polygon","coordinates":[[[69.70609853122227,22.760338251509155],[69.65609853122227,22.760338251509155],[69.65609853122227,22.810338251509156],[69.70609853122227,22.810338251509156],[69.70609853122227,22.760338251509155]]]}},{"type":"Feature","properties":{"GRID_CODE":"GJ-KU-RAP-084","DISTRICT":"Kachchh","BLOCK":"Rapar"},"geometry":{"type":"Polygon","coordinates":[[[70.65609853122227,23.410338251509154],[70.60609853122227,23.410338251509154],[70.60609853122227,23.460338251509154],[70.65609853122227,23.460338251509154],[70.65609853122227,23.410338251509154]]]}},{"type":"Feature","properties":{"GRID_CODE":"GJ-KU-LAK-045","DISTRICT":"Kachchh","BLOCK":"Lakhpat"},"geometry":{"type":"Polygon","coordinates":[[[68.55609853122226,23.560338251509156],[68.50609853122227,23.560338251509156],[68.50609853122227,23.610338251509157],[68.55609853122226,23.610338251509157],[68.55609853122226,23.560338251509156]]]}},{"type":"Feature","properties":{"GRID_CODE":"GJ-KU-RAN-546","DISTRICT":"Kachchh","BLOCK":"Rann of Kachchh"},"geometry":{"type":"Polygon","coordinates":[[[68.35609853122227,23.660338251509154],[68.30609853122226,23.660338251509154],[68.30609853122226,23.710338251509154],[68.35609853122227,23.710338251509154],[68.35609853122227,23.660338251509154]]]}},{"type":"Feature","properties":{"GRID_CODE":"GJ-KU-MAN-027","DISTRICT":"Kachchh","BLOCK":"Mandvi"},"geometry":{"type":"Polygon","coordinates":[[[69.10609853122227,22.910338251509154],[69.05609853122226,22.910338251509154],[69.05609853122226,22.960338251509154],[69.10609853122227,22.960338251509154],[69.10609853122227,22.910338251509154]]]}},{"type":"Feature","properties":{"GRID_CODE":"GJ-KU-BHU-075","DISTRICT":"Kachchh","BLOCK":"Bhuj"},"geometry":{"type":"Polygon","coordinates":[[[70.05609853122226,23.560338251509156],[70.00609853122227,23.560338251509156],[70.00609853122227,23.610338251509157],[70.05609853122226,23.610338251509157],[70.05609853122226,23.560338251509156]]]}},{"type":"Feature","properties":{"GRID_CODE":"GJ-KU-BHU-006","DISTRICT":"Kachchh","BLOCK":"Bhuj"},"geometry":{"type":"Polygon","coordinates":[[[69.80609853122226,23.860338251509157],[69.75609853122227,23.860338251509157],[69.75609853122227,23.910338251509154],[69.80609853122226,23.910338251509154],[69.80609853122226,23.860338251509157]]]}},{"type":"Feature","properties":{"GRID_CODE":"GJ-KU-LIT-087","DISTRICT":"Kachchh","BLOCK":"Little Rann"},"geometry":{"type":"Polygon","coordinates":[[[71.40609853122227,23.310338251509156],[71.35609853122227,23.310338251509156],[71.35609853122227,23.360338251509157],[71.40609853122227,23.360338251509157],[71.40609853122227,23.310338251509156]]]}},{"type":"Feature","properties":{"GRID_CODE":"GJ-KU-BHU-029","DISTRICT":"Kachchh","BLOCK":"Bhuj"},"geometry":{"type":"Polygon","coordinates":[[[69.45609853122227,23.710338251509154],[69.40609853122227,23.710338251509154],[69.40609853122227,23.760338251509155],[69.45609853122227,23.760338251509155],[69.45609853122227,23.710338251509154]]]}},{"type":"Feature","properties":{"GRID_CODE":"GJ-KU-NAK-004","DISTRICT":"Kachchh","BLOCK":"Nakhatrana"},"geometry":{"type":"Polygon","coordinates":[[[69.10609853122227,23.560338251509156],[69.05609853122226,23.560338251509156],[69.05609853122226,23.610338251509157],[69.10609853122227,23.610338251509157],[69.10609853122227,23.560338251509156]]]}},{"type":"Feature","properties":{"GRID_CODE":"GJ-KU-RAP-077","DISTRICT":"Kachchh","BLOCK":"Rapar"},"geometry":{"type":"Polygon","coordinates":[[[70.80609853122226,23.460338251509154],[70.75609853122227,23.460338251509154],[70.75609853122227,23.510338251509155],[70.80609853122226,23.510338251509155],[70.80609853122226,23.460338251509154]]]}},{"type":"Feature","properties":{"GRID_CODE":"GJ-KU-RAN-543","DISTRICT":"Kachchh","BLOCK":"Rann of Kachchh"},"geometry":{"type":"Polygon","coordinates":[[[70.95609853122227,23.710338251509154],[70.90609853122227,23.710338251509154],[70.90609853122227,23.760338251509155],[70.95609853122227,23.760338251509155],[70.95609853122227,23.710338251509154]]]}},{"type":"Feature","properties":{"GRID_CODE":"GJ-KU-RAN-420","DISTRICT":"Kachchh","BLOCK":"Rann of Kachchh"},"geometry":{"type":"Polygon","coordinates":[[[68.85609853122227,23.860338251509157],[68.80609853122226,23.860338251509157],[68.80609853122226,23.910338251509154],[68.85609853122227,23.910338251509154],[68.85609853122227,23.860338251509157]]]}},{"type":"Feature","properties":{"GRID_CODE":"GJ-KU-RAP-050","DISTRICT":"Kachchh","BLOCK":"Rapar"},"geometry":{"type":"Polygon","coordinates":[[[70.60609853122227,23.560338251509156],[70.55609853122226,23.560338251509156],[70.55609853122226,23.610338251509157],[70.60609853122227,23.610338251509157],[70.60609853122227,23.560338251509156]]]}},{"type":"Feature","properties":{"GRID_CODE":"GJ-KU-RAN-571","DISTRICT":"Kachchh","BLOCK":"Rann of Kachchh"},"geometry":{"type":"Polygon","coordinates":[[[70.20609853122227,23.610338251509157],[70.15609853122227,23.610338251509157],[70.15609853122227,23.660338251509154],[70.20609853122227,23.660338251509154],[70.20609853122227,23.610338251509157]]]}},{"type":"Feature","properties":{"GRID_CODE":"GJ-KU-RAN-068","DISTRICT":"Kachchh","BLOCK":"Rann of Kachchh"},"geometry":{"type":"Polygon","coordinates":[[[71.15609853122227,24.260338251509155],[71.10609853122227,24.260338251509155],[71.10609853122227,24.310338251509156],[71.15609853122227,24.310338251509156],[71.15609853122227,24.260338251509155]]]}},{"type":"Feature","properties":{"GRID_CODE":"GJ-KU-BHA-005","DISTRICT":"Kachchh","BLOCK":"Bhachau"},"geometry":{"type":"Polygon","coordinates":[[[70.35609853122227,23.860338251509157],[70.30609853122226,23.860338251509157],[70.30609853122226,23.910338251509154],[70.35609853122227,23.910338251509154],[70.35609853122227,23.860338251509157]]]}},{"type":"Feature","properties":{"GRID_CODE":"GJ-KU-RAN-271","DISTRICT":"Kachchh","BLOCK":"Rann of Kachchh"},"geometry":{"type":"Polygon","coordinates":[[[69.75609853122227,24.010338251509155],[69.70609853122227,24.010338251509155],[69.70609853122227,24.060338251509156],[69.75609853122227,24.060338251509156],[69.75609853122227,24.010338251509155]]]}},{"type":"Feature","properties":{"GRID_CODE":"GJ-KU-RAN-055","DISTRICT":"Kachchh","BLOCK":"Rann of Kachchh"},"geometry":{"type":"Polygon","coordinates":[[[70.20609853122227,24.260338251509155],[70.15609853122227,24.260338251509155],[70.15609853122227,24.310338251509156],[70.20609853122227,24.310338251509156],[70.20609853122227,24.260338251509155]]]}},{"type":"Feature","properties":{"GRID_CODE":"GJ-KU-BHU-133","DISTRICT":"Kachchh","BLOCK":"Bhuj"},"geometry":{"type":"Polygon","coordinates":[[[69.60609853122227,23.210338251509154],[69.55609853122226,23.210338251509154],[69.55609853122226,23.260338251509155],[69.60609853122227,23.260338251509155],[69.60609853122227,23.210338251509154]]]}},{"type":"Feature","properties":{"GRID_CODE":"GJ-KU-MAN-004","DISTRICT":"Kachchh","BLOCK":"Mandvi"},"geometry":{"type":"Polygon","coordinates":[[[69.25609853122227,23.060338251509156],[69.20609853122227,23.060338251509156],[69.20609853122227,23.110338251509157],[69.25609853122227,23.110338251509157],[69.25609853122227,23.060338251509156]]]}},{"type":"Feature","properties":{"GRID_CODE":"GJ-KU-NAK-054","DISTRICT":"Kachchh","BLOCK":"Nakhatrana"},"geometry":{"type":"Polygon","coordinates":[[[69.40609853122227,23.310338251509156],[69.35609853122227,23.310338251509156],[69.35609853122227,23.360338251509157],[69.40609853122227,23.360338251509157],[69.40609853122227,23.310338251509156]]]}},{"type":"Feature","properties":{"GRID_CODE":"GJ-KU-LIT-117","DISTRICT":"Kachchh","BLOCK":"Little Rann"},"geometry":{"type":"Polygon","coordinates":[[[71.10609853122227,23.210338251509154],[71.05609853122226,23.210338251509154],[71.05609853122226,23.260338251509155],[71.10609853122227,23.260338251509155],[71.10609853122227,23.210338251509154]]]}},{"type":"Feature","properties":{"GRID_CODE":"GJ-KU-ABD-018","DISTRICT":"Kachchh","BLOCK":"Abdasa"},"geometry":{"type":"Polygon","coordinates":[[[69.00609853122227,23.360338251509157],[68.95609853122227,23.360338251509157],[68.95609853122227,23.410338251509154],[69.00609853122227,23.410338251509154],[69.00609853122227,23.360338251509157]]]}},{"type":"Feature","properties":{"GRID_CODE":"GJ-KU-ABD-044","DISTRICT":"Kachchh","BLOCK":"Abdasa"},"geometry":{"type":"Polygon","coordinates":[[[68.65609853122227,23.210338251509154],[68.60609853122227,23.210338251509154],[68.60609853122227,23.260338251509155],[68.65609853122227,23.260338251509155],[68.65609853122227,23.210338251509154]]]}},{"type":"Feature","properties":{"GRID_CODE":"GJ-KU-RAP-067","DISTRICT":"Kachchh","BLOCK":"Rapar"},"geometry":{"type":"Polygon","coordinates":[[[70.85609853122227,23.510338251509155],[70.80609853122226,23.510338251509155],[70.80609853122226,23.560338251509156],[70.85609853122227,23.560338251509156],[70.85609853122227,23.510338251509155]]]}},{"type":"Feature","properties":{"GRID_CODE":"GJ-KU-BHA-036","DISTRICT":"Kachchh","BLOCK":"Bhachau"},"geometry":{"type":"Polygon","coordinates":[[[70.50609853122227,23.360338251509157],[70.45609853122227,23.360338251509157],[70.45609853122227,23.410338251509154],[70.50609853122227,23.410338251509154],[70.50609853122227,23.360338251509157]]]}},{"type":"Feature","properties":{"GRID_CODE":"GJ-KU-LAK-053","DISTRICT":"Kachchh","BLOCK":"Lakhpat"},"geometry":{"type":"Polygon","coordinates":[[[68.45609853122227,23.510338251509155],[68.40609853122227,23.510338251509155],[68.40609853122227,23.560338251509156],[68.45609853122227,23.560338251509156],[68.45609853122227,23.510338251509155]]]}},{"type":"Feature","properties":{"GRID_CODE":"GJ-KU-ANJ-012","DISTRICT":"Kachchh","BLOCK":"Anjar"},"geometry":{"type":"Polygon","coordinates":[[[70.15609853122227,23.210338251509154],[70.10609853122227,23.210338251509154],[70.10609853122227,23.260338251509155],[70.15609853122227,23.260338251509155],[70.15609853122227,23.210338251509154]]]}},{"type":"Feature","properties":{"GRID_CODE":"GJ-KU-RAN-256","DISTRICT":"Kachchh","BLOCK":"Rann of Kachchh"},"geometry":{"type":"Polygon","coordinates":[[[69.00609853122227,24.010338251509155],[68.95609853122227,24.010338251509155],[68.95609853122227,24.060338251509156],[69.00609853122227,24.060338251509156],[69.00609853122227,24.010338251509155]]]}},{"type":"Feature","properties":{"GRID_CODE":"GJ-KU-RAN-246","DISTRICT":"Kachchh","BLOCK":"Rann of Kachchh"},"geometry":{"type":"Polygon","coordinates":[[[71.05609853122226,24.060338251509156],[71.00609853122227,24.060338251509156],[71.00609853122227,24.110338251509157],[71.05609853122226,24.110338251509157],[71.05609853122226,24.060338251509156]]]}},{"type":"Feature","properties":{"GRID_CODE":"GJ-KU-BHU-077","DISTRICT":"Kachchh","BLOCK":"Bhuj"},"geometry":{"type":"Polygon","coordinates":[[[69.90609853122227,23.510338251509155],[69.85609853122227,23.510338251509155],[69.85609853122227,23.560338251509156],[69.90609853122227,23.560338251509156],[69.90609853122227,23.510338251509155]]]}},{"type":"Feature","properties":{"GRID_CODE":"GJ-KU-RAN-140","DISTRICT":"Kachchh","BLOCK":"Rann of Kachchh"},"geometry":{"type":"Polygon","coordinates":[[[70.85609853122227,24.160338251509154],[70.80609853122226,24.160338251509154],[70.80609853122226,24.210338251509154],[70.85609853122227,24.210338251509154],[70.85609853122227,24.160338251509154]]]}},{"type":"Feature","properties":{"GRID_CODE":"GJ-KU-BHU-095","DISTRICT":"Kachchh","BLOCK":"Bhuj"},"geometry":{"type":"Polygon","coordinates":[[[69.55609853122226,23.360338251509157],[69.50609853122227,23.360338251509157],[69.50609853122227,23.410338251509154],[69.55609853122226,23.410338251509154],[69.55609853122226,23.360338251509157]]]}},{"type":"Feature","properties":{"GRID_CODE":"GJ-KU-RAN-286","DISTRICT":"Kachchh","BLOCK":"Rann of Kachchh"},"geometry":{"type":"Polygon","coordinates":[[[70.50609853122227,24.010338251509155],[70.45609853122227,24.010338251509155],[70.45609853122227,24.060338251509156],[70.50609853122227,24.060338251509156],[70.50609853122227,24.010338251509155]]]}},{"type":"Feature","properties":{"GRID_CODE":"GJ-KU-RAN-094","DISTRICT":"Kachchh","BLOCK":"Rann of Kachchh"},"geometry":{"type":"Polygon","coordinates":[[[70.45609853122227,24.210338251509154],[70.40609853122227,24.210338251509154],[70.40609853122227,24.260338251509155],[70.45609853122227,24.260338251509155],[70.45609853122227,24.210338251509154]]]}},{"type":"Feature","properties":{"GRID_CODE":"GJ-KU-NAK-031","DISTRICT":"Kachchh","BLOCK":"Nakhatrana"},"geometry":{"type":"Polygon","coordinates":[[[69.15609853122227,23.410338251509154],[69.10609853122227,23.410338251509154],[69.10609853122227,23.460338251509154],[69.15609853122227,23.460338251509154],[69.15609853122227,23.410338251509154]]]}},{"type":"Feature","properties":{"GRID_CODE":"GJ-KU-RAN-227","DISTRICT":"Kachchh","BLOCK":"Rann of Kachchh"},"geometry":{"type":"Polygon","coordinates":[[[70.10609853122227,24.060338251509156],[70.05609853122226,24.060338251509156],[70.05609853122226,24.110338251509157],[70.10609853122227,24.110338251509157],[70.10609853122227,24.060338251509156]]]}},{"type":"Feature","properties":{"GRID_CODE":"GJ-KU-BHU-041","DISTRICT":"Kachchh","BLOCK":"Bhuj"},"geometry":{"type":"Polygon","coordinates":[[[69.30609853122226,23.660338251509154],[69.25609853122227,23.660338251509154],[69.25609853122227,23.710338251509154],[69.30609853122226,23.710338251509154],[69.30609853122226,23.660338251509154]]]}},{"type":"Feature","properties":{"GRID_CODE":"GJ-KU-LAK-063","DISTRICT":"Kachchh","BLOCK":"Lakhpat"},"geometry":{"type":"Polygon","coordinates":[[[68.95609853122227,23.510338251509155],[68.90609853122227,23.510338251509155],[68.90609853122227,23.560338251509156],[68.95609853122227,23.560338251509156],[68.95609853122227,23.510338251509155]]]}},{"type":"Feature","properties":{"GRID_CODE":"GJ-KU-RAN-084","DISTRICT":"Kachchh","BLOCK":"Rann of Kachchh"},"geometry":{"type":"Polygon","coordinates":[[[69.50609853122227,24.210338251509154],[69.45609853122227,24.210338251509154],[69.45609853122227,24.260338251509155],[69.50609853122227,24.260338251509155],[69.50609853122227,24.210338251509154]]]}},{"type":"Feature","properties":{"GRID_CODE":"GJ-KU-RAN-208","DISTRICT":"Kachchh","BLOCK":"Rann of Kachchh"},"geometry":{"type":"Polygon","coordinates":[[[69.15609853122227,24.060338251509156],[69.10609853122227,24.060338251509156],[69.10609853122227,24.110338251509157],[69.15609853122227,24.110338251509157],[69.15609853122227,24.060338251509156]]]}},{"type":"Feature","properties":{"GRID_CODE":"GJ-KU-RAN-109","DISTRICT":"Kachchh","BLOCK":"Rann of Kachchh"},"geometry":{"type":"Polygon","coordinates":[[[68.95609853122227,24.160338251509154],[68.90609853122227,24.160338251509154],[68.90609853122227,24.210338251509154],[68.95609853122227,24.210338251509154],[68.95609853122227,24.160338251509154]]]}},{"type":"Feature","properties":{"GRID_CODE":"GJ-KU-RAN-100","DISTRICT":"Kachchh","BLOCK":"Rann of Kachchh"},"geometry":{"type":"Polygon","coordinates":[[[71.00609853122227,24.210338251509154],[70.95609853122227,24.210338251509154],[70.95609853122227,24.260338251509155],[71.00609853122227,24.260338251509155],[71.00609853122227,24.210338251509154]]]}},{"type":"Feature","properties":{"GRID_CODE":"GJ-KU-GAN-004","DISTRICT":"Kachchh","BLOCK":"Gandhidham"},"geometry":{"type":"Polygon","coordinates":[[[70.05609853122226,23.010338251509155],[70.00609853122227,23.010338251509155],[70.00609853122227,23.060338251509156],[70.05609853122226,23.060338251509156],[70.05609853122226,23.010338251509155]]]}},{"type":"Feature","properties":{"GRID_CODE":"GJ-KU-MUN-020","DISTRICT":"Kachchh","BLOCK":"Mundra"},"geometry":{"type":"Polygon","coordinates":[[[69.70609853122227,22.860338251509157],[69.65609853122227,22.860338251509157],[69.65609853122227,22.910338251509154],[69.70609853122227,22.910338251509154],[69.70609853122227,22.860338251509157]]]}},{"type":"Feature","properties":{"GRID_CODE":"GJ-KU-LAK-017","DISTRICT":"Kachchh","BLOCK":"Lakhpat"},"geometry":{"type":"Polygon","coordinates":[[[68.55609853122226,23.660338251509154],[68.50609853122227,23.660338251509154],[68.50609853122227,23.710338251509154],[68.55609853122226,23.710338251509154],[68.55609853122226,23.660338251509154]]]}},{"type":"Feature","properties":{"GRID_CODE":"GJ-KU-BHU-142","DISTRICT":"Kachchh","BLOCK":"Bhuj"},"geometry":{"type":"Polygon","coordinates":[[[69.45609853122227,23.160338251509154],[69.40609853122227,23.160338251509154],[69.40609853122227,23.210338251509154],[69.45609853122227,23.210338251509154],[69.45609853122227,23.160338251509154]]]}},{"type":"Feature","properties":{"GRID_CODE":"GJ-KU-MAN-009","DISTRICT":"Kachchh","BLOCK":"Mandvi"},"geometry":{"type":"Polygon","coordinates":[[[69.10609853122227,23.010338251509155],[69.05609853122226,23.010338251509155],[69.05609853122226,23.060338251509156],[69.10609853122227,23.060338251509156],[69.10609853122227,23.010338251509155]]]}},{"type":"Feature","properties":{"GRID_CODE":"GJ-KU-RAN-551","DISTRICT":"Kachchh","BLOCK":"Rann of Kachchh"},"geometry":{"type":"Polygon","coordinates":[[[70.05609853122226,23.660338251509154],[70.00609853122227,23.660338251509154],[70.00609853122227,23.710338251509154],[70.05609853122226,23.710338251509154],[70.05609853122226,23.660338251509154]]]}},{"type":"Feature","properties":{"GRID_CODE":"GJ-KU-LIT-138","DISTRICT":"Kachchh","BLOCK":"Little Rann"},"geometry":{"type":"Polygon","coordinates":[[[70.95609853122227,23.160338251509154],[70.90609853122227,23.160338251509154],[70.90609853122227,23.210338251509154],[70.95609853122227,23.210338251509154],[70.95609853122227,23.160338251509154]]]}},{"type":"Feature","properties":{"GRID_CODE":"GJ-KU-RAN-325","DISTRICT":"Kachchh","BLOCK":"Rann of Kachchh"},"geometry":{"type":"Polygon","coordinates":[[[69.80609853122226,23.960338251509154],[69.75609853122227,23.960338251509154],[69.75609853122227,24.010338251509155],[69.80609853122226,24.010338251509155],[69.80609853122226,23.960338251509154]]]}},{"type":"Feature","properties":{"GRID_CODE":"GJ-KU-LIT-058","DISTRICT":"Kachchh","BLOCK":"Little Rann"},"geometry":{"type":"Polygon","coordinates":[[[71.40609853122227,23.410338251509154],[71.35609853122227,23.410338251509154],[71.35609853122227,23.460338251509154],[71.40609853122227,23.460338251509154],[71.40609853122227,23.410338251509154]]]}},{"type":"Feature","properties":{"GRID_CODE":"GJ-KU-LIT-180","DISTRICT":"Kachchh","BLOCK":"Little Rann"},"geometry":{"type":"Polygon","coordinates":[[[70.60609853122227,23.010338251509155],[70.55609853122226,23.010338251509155],[70.55609853122226,23.060338251509156],[70.60609853122227,23.060338251509156],[70.60609853122227,23.010338251509155]]]}},{"type":"Feature","properties":{"GRID_CODE":"GJ-KU-RAN-470","DISTRICT":"Kachchh","BLOCK":"Rann of Kachchh"},"geometry":{"type":"Polygon","coordinates":[[[69.45609853122227,23.810338251509156],[69.40609853122227,23.810338251509156],[69.40609853122227,23.860338251509157],[69.45609853122227,23.860338251509157],[69.45609853122227,23.810338251509156]]]}},{"type":"Feature","properties":{"GRID_CODE":"GJ-KU-RAN-355","DISTRICT":"Kachchh","BLOCK":"Rann of Kachchh"},"geometry":{"type":"Polygon","coordinates":[[[71.30609853122226,23.960338251509154],[71.25609853122227,23.960338251509154],[71.25609853122227,24.010338251509155],[71.30609853122226,24.010338251509155],[71.30609853122226,23.960338251509154]]]}},{"type":"Feature","properties":{"GRID_CODE":"GJ-KU-RAN-159","DISTRICT":"Kachchh","BLOCK":"Rann of Kachchh"},"geometry":{"type":"Polygon","coordinates":[[[69.20609853122227,24.110338251509157],[69.15609853122227,24.110338251509157],[69.15609853122227,24.160338251509154],[69.20609853122227,24.160338251509154],[69.20609853122227,24.110338251509157]]]}},{"type":"Feature","properties":{"GRID_CODE":"GJ-KU-RAP-054","DISTRICT":"Kachchh","BLOCK":"Rapar"},"geometry":{"type":"Polygon","coordinates":[[[70.80609853122226,23.560338251509156],[70.75609853122227,23.560338251509156],[70.75609853122227,23.610338251509157],[70.80609853122226,23.610338251509157],[70.80609853122226,23.560338251509156]]]}},{"type":"Feature","properties":{"GRID_CODE":"GJ-KU-RAN-485","DISTRICT":"Kachchh","BLOCK":"Rann of Kachchh"},"geometry":{"type":"Polygon","coordinates":[[[70.95609853122227,23.810338251509156],[70.90609853122227,23.810338251509156],[70.90609853122227,23.860338251509157],[70.95609853122227,23.860338251509157],[70.95609853122227,23.810338251509156]]]}},{"type":"Feature","properties":{"GRID_CODE":"GJ-KU-RAN-306","DISTRICT":"Kachchh","BLOCK":"Rann of Kachchh"},"geometry":{"type":"Polygon","coordinates":[[[68.85609853122227,23.960338251509154],[68.80609853122226,23.960338251509154],[68.80609853122226,24.010338251509155],[68.85609853122227,24.010338251509155],[68.85609853122227,23.960338251509154]]]}},{"type":"Feature","properties":{"GRID_CODE":"GJ-KU-RAN-452","DISTRICT":"Kachchh","BLOCK":"Rann of Kachchh"},"geometry":{"type":"Polygon","coordinates":[[[68.50609853122227,23.810338251509156],[68.45609853122227,23.810338251509156],[68.45609853122227,23.860338251509157],[68.50609853122227,23.860338251509157],[68.50609853122227,23.810338251509156]]]}},{"type":"Feature","properties":{"GRID_CODE":"GJ-KU-RAN-442","DISTRICT":"Kachchh","BLOCK":"Rann of Kachchh"},"geometry":{"type":"Polygon","coordinates":[[[70.55609853122226,23.860338251509157],[70.50609853122227,23.860338251509157],[70.50609853122227,23.910338251509154],[70.55609853122226,23.910338251509154],[70.55609853122226,23.860338251509157]]]}},{"type":"Feature","properties":{"GRID_CODE":"GJ-KU-RAN-189","DISTRICT":"Kachchh","BLOCK":"Rann of Kachchh"},"geometry":{"type":"Polygon","coordinates":[[[70.70609853122227,24.110338251509157],[70.65609853122227,24.110338251509157],[70.65609853122227,24.160338251509154],[70.70609853122227,24.160338251509154],[70.70609853122227,24.110338251509157]]]}},{"type":"Feature","properties":{"GRID_CODE":"GJ-KU-RAN-536","DISTRICT":"Kachchh","BLOCK":"Rann of Kachchh"},"geometry":{"type":"Polygon","coordinates":[[[70.20609853122227,23.710338251509154],[70.15609853122227,23.710338251509154],[70.15609853122227,23.760338251509155],[70.20609853122227,23.760338251509155],[70.20609853122227,23.710338251509154]]]}},{"type":"Feature","properties":{"GRID_CODE":"GJ-KU-RAN-032","DISTRICT":"Kachchh","BLOCK":"Rann of Kachchh"},"geometry":{"type":"Polygon","coordinates":[[[71.15609853122227,24.360338251509157],[71.10609853122227,24.360338251509157],[71.10609853122227,24.410338251509154],[71.15609853122227,24.410338251509154],[71.15609853122227,24.360338251509157]]]}},{"type":"Feature","properties":{"GRID_CODE":"GJ-KU-RAN-336","DISTRICT":"Kachchh","BLOCK":"Rann of Kachchh"},"geometry":{"type":"Polygon","coordinates":[[[70.35609853122227,23.960338251509154],[70.30609853122226,23.960338251509154],[70.30609853122226,24.010338251509155],[70.35609853122227,24.010338251509155],[70.35609853122227,23.960338251509154]]]}},{"type":"Feature","properties":{"GRID_CODE":"GJ-KU-RAN-170","DISTRICT":"Kachchh","BLOCK":"Rann of Kachchh"},"geometry":{"type":"Polygon","coordinates":[[[69.75609853122227,24.110338251509157],[69.70609853122227,24.110338251509157],[69.70609853122227,24.160338251509154],[69.75609853122227,24.160338251509154],[69.75609853122227,24.110338251509157]]]}},{"type":"Feature","properties":{"GRID_CODE":"GJ-KU-BHU-109","DISTRICT":"Kachchh","BLOCK":"Bhuj"},"geometry":{"type":"Polygon","coordinates":[[[69.60609853122227,23.310338251509156],[69.55609853122226,23.310338251509156],[69.55609853122226,23.360338251509157],[69.60609853122227,23.360338251509157],[69.60609853122227,23.310338251509156]]]}},{"type":"Feature","properties":{"GRID_CODE":"GJ-KU-LIT-081","DISTRICT":"Kachchh","BLOCK":"Little Rann"},"geometry":{"type":"Polygon","coordinates":[[[71.10609853122227,23.310338251509156],[71.05609853122226,23.310338251509156],[71.05609853122226,23.360338251509157],[71.10609853122227,23.360338251509157],[71.10609853122227,23.310338251509156]]]}},{"type":"Feature","properties":{"GRID_CODE":"GJ-KU-NAK-016","DISTRICT":"Kachchh","BLOCK":"Nakhatrana"},"geometry":{"type":"Polygon","coordinates":[[[69.00609853122227,23.460338251509154],[68.95609853122227,23.460338251509154],[68.95609853122227,23.510338251509155],[69.00609853122227,23.510338251509155],[69.00609853122227,23.460338251509154]]]}},{"type":"Feature","properties":{"GRID_CODE":"GJ-KU-ABD-020","DISTRICT":"Kachchh","BLOCK":"Abdasa"},"geometry":{"type":"Polygon","coordinates":[[[68.65609853122227,23.310338251509156],[68.60609853122227,23.310338251509156],[68.60609853122227,23.360338251509157],[68.65609853122227,23.360338251509157],[68.65609853122227,23.310338251509156]]]}},{"type":"Feature","properties":{"GRID_CODE":"GJ-KU-RAP-044","DISTRICT":"Kachchh","BLOCK":"Rapar"},"geometry":{"type":"Polygon","coordinates":[[[70.85609853122227,23.610338251509157],[70.80609853122226,23.610338251509157],[70.80609853122226,23.660338251509154],[70.85609853122227,23.660338251509154],[70.85609853122227,23.610338251509157]]]}},{"type":"Feature","properties":{"GRID_CODE":"GJ-KU-LAK-004","DISTRICT":"Kachchh","BLOCK":"Lakhpat"},"geometry":{"type":"Polygon","coordinates":[[[68.75609853122227,23.760338251509155],[68.70609853122227,23.760338251509155],[68.70609853122227,23.810338251509156],[68.75609853122227,23.810338251509156],[68.75609853122227,23.760338251509155]]]}},{"type":"Feature","properties":{"GRID_CODE":"GJ-KU-MUN-025","DISTRICT":"Kachchh","BLOCK":"Mundra"},"geometry":{"type":"Polygon","coordinates":[[[69.55609853122226,22.810338251509156],[69.50609853122227,22.810338251509156],[69.50609853122227,22.860338251509157],[69.55609853122226,22.860338251509157],[69.55609853122226,22.810338251509156]]]}},{"type":"Feature","properties":{"GRID_CODE":"GJ-KU-BHA-021","DISTRICT":"Kachchh","BLOCK":"Bhachau"},"geometry":{"type":"Polygon","coordinates":[[[70.50609853122227,23.460338251509154],[70.45609853122227,23.460338251509154],[70.45609853122227,23.510338251509155],[70.50609853122227,23.510338251509155],[70.50609853122227,23.460338251509154]]]}},{"type":"Feature","properties":{"GRID_CODE":"GJ-KU-ANJ-004","DISTRICT":"Kachchh","BLOCK":"Anjar"},"geometry":{"type":"Polygon","coordinates":[[[70.15609853122227,23.310338251509156],[70.10609853122227,23.310338251509156],[70.10609853122227,23.360338251509157],[70.15609853122227,23.360338251509157],[70.15609853122227,23.310338251509156]]]}},{"type":"Feature","properties":{"GRID_CODE":"GJ-KU-RAN-586","DISTRICT":"Kachchh","BLOCK":"Rann of Kachchh"},"geometry":{"type":"Polygon","coordinates":[[[70.10609853122227,23.510338251509155],[70.05609853122226,23.510338251509155],[70.05609853122226,23.560338251509156],[70.10609853122227,23.560338251509156],[70.10609853122227,23.510338251509155]]]}},{"type":"Feature","properties":{"GRID_CODE":"GJ-KU-RAN-144","DISTRICT":"Kachchh","BLOCK":"Rann of Kachchh"},"geometry":{"type":"Polygon","coordinates":[[[71.05609853122226,24.160338251509154],[71.00609853122227,24.160338251509154],[71.00609853122227,24.210338251509154],[71.05609853122226,24.210338251509154],[71.05609853122226,24.160338251509154]]]}},{"type":"Feature","properties":{"GRID_CODE":"GJ-KU-RAN-512","DISTRICT":"Kachchh","BLOCK":"Rann of Kachchh"},"geometry":{"type":"Polygon","coordinates":[[[70.25609853122227,23.760338251509155],[70.20609853122227,23.760338251509155],[70.20609853122227,23.810338251509156],[70.25609853122227,23.810338251509156],[70.25609853122227,23.760338251509155]]]}},{"type":"Feature","properties":{"GRID_CODE":"GJ-KU-ABD-092","DISTRICT":"Kachchh","BLOCK":"Abdasa"},"geometry":{"type":"Polygon","coordinates":[[[68.95609853122227,22.960338251509154],[68.90609853122227,22.960338251509154],[68.90609853122227,23.010338251509155],[68.95609853122227,23.010338251509155],[68.95609853122227,22.960338251509154]]]}},{"type":"Feature","properties":{"GRID_CODE":"GJ-KU-BHU-067","DISTRICT":"Kachchh","BLOCK":"Bhuj"},"geometry":{"type":"Polygon","coordinates":[[[69.90609853122227,23.610338251509157],[69.85609853122227,23.610338251509157],[69.85609853122227,23.660338251509154],[69.90609853122227,23.660338251509154],[69.90609853122227,23.610338251509157]]]}},{"type":"Feature","properties":{"GRID_CODE":"GJ-KU-LIT-092","DISTRICT":"Kachchh","BLOCK":"Little Rann"},"geometry":{"type":"Polygon","coordinates":[[[71.65609853122227,23.310338251509156],[71.60609853122227,23.310338251509156],[71.60609853122227,23.360338251509157],[71.65609853122227,23.360338251509157],[71.65609853122227,23.310338251509156]]]}},{"type":"Feature","properties":{"GRID_CODE":"GJ-KU-NAK-027","DISTRICT":"Kachchh","BLOCK":"Nakhatrana"},"geometry":{"type":"Polygon","coordinates":[[[69.55609853122226,23.460338251509154],[69.50609853122227,23.460338251509154],[69.50609853122227,23.510338251509155],[69.55609853122226,23.510338251509155],[69.55609853122226,23.460338251509154]]]}},{"type":"Feature","properties":{"GRID_CODE":"GJ-KU-RAN-040","DISTRICT":"Kachchh","BLOCK":"Rann of Kachchh"},"geometry":{"type":"Polygon","coordinates":[[[70.45609853122227,24.310338251509156],[70.40609853122227,24.310338251509156],[70.40609853122227,24.360338251509157],[70.45609853122227,24.360338251509157],[70.45609853122227,24.310338251509156]]]}},{"type":"Feature","properties":{"GRID_CODE":"GJ-KU-NAK-011","DISTRICT":"Kachchh","BLOCK":"Nakhatrana"},"geometry":{"type":"Polygon","coordinates":[[[69.15609853122227,23.510338251509155],[69.10609853122227,23.510338251509155],[69.10609853122227,23.560338251509156],[69.15609853122227,23.560338251509156],[69.15609853122227,23.510338251509155]]]}},{"type":"Feature","properties":{"GRID_CODE":"GJ-KU-RAN-125","DISTRICT":"Kachchh","BLOCK":"Rann of Kachchh"},"geometry":{"type":"Polygon","coordinates":[[[70.10609853122227,24.160338251509154],[70.05609853122226,24.160338251509154],[70.05609853122226,24.210338251509154],[70.10609853122227,24.210338251509154],[70.10609853122227,24.160338251509154]]]}},{"type":"Feature","properties":{"GRID_CODE":"GJ-KU-BHU-016","DISTRICT":"Kachchh","BLOCK":"Bhuj"},"geometry":{"type":"Polygon","coordinates":[[[69.30609853122226,23.760338251509155],[69.25609853122227,23.760338251509155],[69.25609853122227,23.810338251509156],[69.30609853122226,23.810338251509156],[69.30609853122226,23.760338251509155]]]}},{"type":"Feature","properties":{"GRID_CODE":"GJ-KU-LAK-039","DISTRICT":"Kachchh","BLOCK":"Lakhpat"},"geometry":{"type":"Polygon","coordinates":[[[68.95609853122227,23.610338251509157],[68.90609853122227,23.610338251509157],[68.90609853122227,23.660338251509154],[68.95609853122227,23.660338251509154],[68.95609853122227,23.610338251509157]]]}},{"type":"Feature","properties":{"GRID_CODE":"GJ-KU-RAN-362","DISTRICT":"Kachchh","BLOCK":"Rann of Kachchh"},"geometry":{"type":"Polygon","coordinates":[[[68.70609853122227,23.910338251509154],[68.65609853122227,23.910338251509154],[68.65609853122227,23.960338251509154],[68.70609853122227,23.960338251509154],[68.70609853122227,23.910338251509154]]]}},{"type":"Feature","properties":{"GRID_CODE":"GJ-KU-RAN-113","DISTRICT":"Kachchh","BLOCK":"Rann of Kachchh"},"geometry":{"type":"Polygon","coordinates":[[[69.15609853122227,24.160338251509154],[69.10609853122227,24.160338251509154],[69.10609853122227,24.210338251509154],[69.15609853122227,24.210338251509154],[69.15609853122227,24.160338251509154]]]}},{"type":"Feature","properties":{"GRID_CODE":"GJ-KU-RAN-021","DISTRICT":"Kachchh","BLOCK":"Rann of Kachchh"},"geometry":{"type":"Polygon","coordinates":[[[71.35609853122227,24.460338251509154],[71.30609853122226,24.460338251509154],[71.30609853122226,24.510338251509155],[71.35609853122227,24.510338251509155],[71.35609853122227,24.460338251509154]]]}},{"type":"Feature","properties":{"GRID_CODE":"GJ-KU-RAN-043","DISTRICT":"Kachchh","BLOCK":"Rann of Kachchh"},"geometry":{"type":"Polygon","coordinates":[[[71.00609853122227,24.310338251509156],[70.95609853122227,24.310338251509156],[70.95609853122227,24.360338251509157],[71.00609853122227,24.360338251509157],[71.00609853122227,24.310338251509156]]]}},{"type":"Feature","properties":{"GRID_CODE":"GJ-KU-ANJ-024","DISTRICT":"Kachchh","BLOCK":"Anjar"},"geometry":{"type":"Polygon","coordinates":[[[70.05609853122226,23.110338251509157],[70.00609853122227,23.110338251509157],[70.00609853122227,23.160338251509154],[70.05609853122226,23.160338251509154],[70.05609853122226,23.110338251509157]]]}},{"type":"Feature","properties":{"GRID_CODE":"GJ-KU-MUN-006","DISTRICT":"Kachchh","BLOCK":"Mundra"},"geometry":{"type":"Polygon","coordinates":[[[69.70609853122227,22.960338251509154],[69.65609853122227,22.960338251509154],[69.65609853122227,23.010338251509155],[69.70609853122227,23.010338251509155],[69.70609853122227,22.960338251509154]]]}},{"type":"Feature","properties":{"GRID_CODE":"GJ-KU-RAN-493","DISTRICT":"Kachchh","BLOCK":"Rann of Kachchh"},"geometry":{"type":"Polygon","coordinates":[[[68.55609853122226,23.760338251509155],[68.50609853122227,23.760338251509155],[68.50609853122227,23.810338251509156],[68.55609853122226,23.810338251509156],[68.55609853122226,23.760338251509155]]]}},{"type":"Feature","properties":{"GRID_CODE":"GJ-KU-BHU-118","DISTRICT":"Kachchh","BLOCK":"Bhuj"},"geometry":{"type":"Polygon","coordinates":[[[69.45609853122227,23.260338251509155],[69.40609853122227,23.260338251509155],[69.40609853122227,23.310338251509156],[69.45609853122227,23.310338251509156],[69.45609853122227,23.260338251509155]]]}},{"type":"Feature","properties":{"GRID_CODE":"GJ-KU-ABD-076","DISTRICT":"Kachchh","BLOCK":"Abdasa"},"geometry":{"type":"Polygon","coordinates":[[[69.10609853122227,23.110338251509157],[69.05609853122226,23.110338251509157],[69.05609853122226,23.160338251509154],[69.10609853122227,23.160338251509154],[69.10609853122227,23.110338251509157]]]}},{"type":"Feature","properties":{"GRID_CODE":"GJ-KU-RAN-508","DISTRICT":"Kachchh","BLOCK":"Rann of Kachchh"},"geometry":{"type":"Polygon","coordinates":[[[70.05609853122226,23.760338251509155],[70.00609853122227,23.760338251509155],[70.00609853122227,23.810338251509156],[70.05609853122226,23.810338251509156],[70.05609853122226,23.760338251509155]]]}},{"type":"Feature","properties":{"GRID_CODE":"GJ-KU-LIT-095","DISTRICT":"Kachchh","BLOCK":"Little Rann"},"geometry":{"type":"Polygon","coordinates":[[[70.95609853122227,23.260338251509155],[70.90609853122227,23.260338251509155],[70.90609853122227,23.310338251509156],[70.95609853122227,23.310338251509156],[70.95609853122227,23.260338251509155]]]}},{"type":"Feature","properties":{"GRID_CODE":"GJ-KU-ABD-008","DISTRICT":"Kachchh","BLOCK":"Abdasa"},"geometry":{"type":"Polygon","coordinates":[[[68.85609853122227,23.410338251509154],[68.80609853122226,23.410338251509154],[68.80609853122226,23.460338251509154],[68.85609853122227,23.460338251509154],[68.85609853122227,23.410338251509154]]]}},{"type":"Feature","properties":{"GRID_CODE":"GJ-KU-RAN-221","DISTRICT":"Kachchh","BLOCK":"Rann of Kachchh"},"geometry":{"type":"Polygon","coordinates":[[[69.80609853122226,24.060338251509156],[69.75609853122227,24.060338251509156],[69.75609853122227,24.110338251509157],[69.80609853122226,24.110338251509157],[69.80609853122226,24.060338251509156]]]}},{"type":"Feature","properties":{"GRID_CODE":"GJ-KU-LIT-157","DISTRICT":"Kachchh","BLOCK":"Little Rann"},"geometry":{"type":"Polygon","coordinates":[[[70.60609853122227,23.110338251509157],[70.55609853122226,23.110338251509157],[70.55609853122226,23.160338251509154],[70.60609853122227,23.160338251509154],[70.60609853122227,23.110338251509157]]]}},{"type":"Feature","properties":{"GRID_CODE":"GJ-KU-RAN-377","DISTRICT":"Kachchh","BLOCK":"Rann of Kachchh"},"geometry":{"type":"Polygon","coordinates":[[[69.45609853122227,23.910338251509154],[69.40609853122227,23.910338251509154],[69.40609853122227,23.960338251509154],[69.45609853122227,23.960338251509154],[69.45609853122227,23.910338251509154]]]}},{"type":"Feature","properties":{"GRID_CODE":"GJ-KU-ANJ-020","DISTRICT":"Kachchh","BLOCK":"Anjar"},"geometry":{"type":"Polygon","coordinates":[[[70.20609853122227,23.160338251509154],[70.15609853122227,23.160338251509154],[70.15609853122227,23.210338251509154],[70.20609853122227,23.210338251509154],[70.20609853122227,23.160338251509154]]]}},{"type":"Feature","properties":{"GRID_CODE":"GJ-KU-BHA-024","DISTRICT":"Kachchh","BLOCK":"Bhachau"},"geometry":{"type":"Polygon","coordinates":[[[70.35609853122227,23.410338251509154],[70.30609853122226,23.410338251509154],[70.30609853122226,23.460338251509154],[70.35609853122227,23.460338251509154],[70.35609853122227,23.410338251509154]]]}},{"type":"Feature","properties":{"GRID_CODE":"GJ-KU-RAN-251","DISTRICT":"Kachchh","BLOCK":"Rann of Kachchh"},"geometry":{"type":"Polygon","coordinates":[[[71.30609853122226,24.060338251509156],[71.25609853122227,24.060338251509156],[71.25609853122227,24.110338251509157],[71.30609853122226,24.110338251509157],[71.30609853122226,24.060338251509156]]]}},{"type":"Feature","properties":{"GRID_CODE":"GJ-KU-RAN-078","DISTRICT":"Kachchh","BLOCK":"Rann of Kachchh"},"geometry":{"type":"Polygon","coordinates":[[[69.20609853122227,24.210338251509154],[69.15609853122227,24.210338251509154],[69.15609853122227,24.260338251509155],[69.20609853122227,24.260338251509155],[69.20609853122227,24.210338251509154]]]}},{"type":"Feature","properties":{"GRID_CODE":"GJ-KU-RAP-033","DISTRICT":"Kachchh","BLOCK":"Rapar"},"geometry":{"type":"Polygon","coordinates":[[[70.80609853122226,23.660338251509154],[70.75609853122227,23.660338251509154],[70.75609853122227,23.710338251509154],[70.80609853122226,23.710338251509154],[70.80609853122226,23.660338251509154]]]}},{"type":"Feature","properties":{"GRID_CODE":"GJ-KU-RAN-401","DISTRICT":"Kachchh","BLOCK":"Rann of Kachchh"},"geometry":{"type":"Polygon","coordinates":[[[70.95609853122227,23.910338251509154],[70.90609853122227,23.910338251509154],[70.90609853122227,23.960338251509154],[70.95609853122227,23.960338251509154],[70.95609853122227,23.910338251509154]]]}},{"type":"Feature","properties":{"GRID_CODE":"GJ-KU-RAN-202","DISTRICT":"Kachchh","BLOCK":"Rann of Kachchh"},"geometry":{"type":"Polygon","coordinates":[[[68.85609853122227,24.060338251509156],[68.80609853122226,24.060338251509156],[68.80609853122226,24.110338251509157],[68.85609853122227,24.110338251509157],[68.85609853122227,24.060338251509156]]]}},{"type":"Feature","properties":{"GRID_CODE":"GJ-KU-RAN-358","DISTRICT":"Kachchh","BLOCK":"Rann of Kachchh"},"geometry":{"type":"Polygon","coordinates":[[[68.50609853122227,23.910338251509154],[68.45609853122227,23.910338251509154],[68.45609853122227,23.960338251509154],[68.50609853122227,23.960338251509154],[68.50609853122227,23.910338251509154]]]}},{"type":"Feature","properties":{"GRID_CODE":"GJ-KU-RAN-340","DISTRICT":"Kachchh","BLOCK":"Rann of Kachchh"},"geometry":{"type":"Polygon","coordinates":[[[70.55609853122226,23.960338251509154],[70.50609853122227,23.960338251509154],[70.50609853122227,24.010338251509155],[70.55609853122226,24.010338251509155],[70.55609853122226,23.960338251509154]]]}},{"type":"Feature","properties":{"GRID_CODE":"GJ-KU-RAN-480","DISTRICT":"Kachchh","BLOCK":"Rann of Kachchh"},"geometry":{"type":"Polygon","coordinates":[[[70.20609853122227,23.810338251509156],[70.15609853122227,23.810338251509156],[70.15609853122227,23.860338251509157],[70.20609853122227,23.860338251509157],[70.20609853122227,23.810338251509156]]]}},{"type":"Feature","properties":{"GRID_CODE":"GJ-KU-RAN-017","DISTRICT":"Kachchh","BLOCK":"Rann of Kachchh"},"geometry":{"type":"Polygon","coordinates":[[[71.15609853122227,24.460338251509154],[71.10609853122227,24.460338251509154],[71.10609853122227,24.510338251509155],[71.15609853122227,24.510338251509155],[71.15609853122227,24.460338251509154]]]}},{"type":"Feature","properties":{"GRID_CODE":"GJ-KU-RAN-232","DISTRICT":"Kachchh","BLOCK":"Rann of Kachchh"},"geometry":{"type":"Polygon","coordinates":[[[70.35609853122227,24.060338251509156],[70.30609853122226,24.060338251509156],[70.30609853122226,24.110338251509157],[70.35609853122227,24.110338251509157],[70.35609853122227,24.060338251509156]]]}},{"type":"Feature","properties":{"GRID_CODE":"GJ-KU-RAN-174","DISTRICT":"Kachchh","BLOCK":"Rann of Kachchh"},"geometry":{"type":"Polygon","coordinates":[[[69.95609853122227,24.110338251509157],[69.90609853122227,24.110338251509157],[69.90609853122227,24.160338251509154],[69.95609853122227,24.160338251509154],[69.95609853122227,24.110338251509157]]]}},{"type":"Feature","properties":{"GRID_CODE":"GJ-KU-COA-010","DISTRICT":"Kachchh","BLOCK":"Coastal Area"},"geometry":{"type":"Polygon","coordinates":[[[69.60609853122227,22.760338251509155],[69.55609853122226,22.760338251509155],[69.55609853122226,22.810338251509156],[69.60609853122227,22.810338251509156],[69.60609853122227,22.760338251509155]]]}},{"type":"Feature","properties":{"GRID_CODE":"GJ-KU-MAN-042","DISTRICT":"Kachchh","BLOCK":"Mandvi"},"geometry":{"type":"Polygon","coordinates":[[[69.40609853122227,22.860338251509157],[69.35609853122227,22.860338251509157],[69.35609853122227,22.910338251509154],[69.40609853122227,22.910338251509154],[69.40609853122227,22.860338251509157]]]}},{"type":"Feature","properties":{"GRID_CODE":"GJ-KU-ABD-095","DISTRICT":"Kachchh","BLOCK":"Abdasa"},"geometry":{"type":"Polygon","coordinates":[[[69.00609853122227,22.910338251509154],[68.95609853122227,22.910338251509154],[68.95609853122227,22.960338251509154],[69.00609853122227,22.960338251509154],[69.00609853122227,22.910338251509154]]]}},{"type":"Feature","properties":{"GRID_CODE":"GJ-KU-NAK-040","DISTRICT":"Kachchh","BLOCK":"Nakhatrana"},"geometry":{"type":"Polygon","coordinates":[[[69.60609853122227,23.410338251509154],[69.55609853122226,23.410338251509154],[69.55609853122226,23.460338251509154],[69.60609853122227,23.460338251509154],[69.60609853122227,23.410338251509154]]]}},{"type":"Feature","properties":{"GRID_CODE":"GJ-KU-LIT-190","DISTRICT":"Kachchh","BLOCK":"Little Rann"},"geometry":{"type":"Polygon","coordinates":[[[70.50609853122227,22.910338251509154],[70.45609853122227,22.910338251509154],[70.45609853122227,22.960338251509154],[70.50609853122227,22.960338251509154],[70.50609853122227,22.910338251509154]]]}},{"type":"Feature","properties":{"GRID_CODE":"GJ-KU-LIT-052","DISTRICT":"Kachchh","BLOCK":"Little Rann"},"geometry":{"type":"Polygon","coordinates":[[[71.10609853122227,23.410338251509154],[71.05609853122226,23.410338251509154],[71.05609853122226,23.460338251509154],[71.10609853122227,23.460338251509154],[71.10609853122227,23.410338251509154]]]}},{"type":"Feature","properties":{"GRID_CODE":"GJ-KU-NAK-002","DISTRICT":"Kachchh","BLOCK":"Nakhatrana"},"geometry":{"type":"Polygon","coordinates":[[[69.00609853122227,23.560338251509156],[68.95609853122227,23.560338251509156],[68.95609853122227,23.610338251509157],[69.00609853122227,23.610338251509157],[69.00609853122227,23.560338251509156]]]}},{"type":"Feature","properties":{"GRID_CODE":"GJ-KU-RAN-577","DISTRICT":"Kachchh","BLOCK":"Rann of Kachchh"},"geometry":{"type":"Polygon","coordinates":[[[71.05609853122226,23.610338251509157],[71.00609853122227,23.610338251509157],[71.00609853122227,23.660338251509154],[71.05609853122226,23.660338251509154],[71.05609853122226,23.610338251509157]]]}},{"type":"Feature","properties":{"GRID_CODE":"GJ-KU-ANJ-028","DISTRICT":"Kachchh","BLOCK":"Anjar"},"geometry":{"type":"Polygon","coordinates":[[[69.90609853122227,23.060338251509156],[69.85609853122227,23.060338251509156],[69.85609853122227,23.110338251509157],[69.90609853122227,23.110338251509157],[69.90609853122227,23.060338251509156]]]}},{"type":"Feature","properties":{"GRID_CODE":"GJ-KU-RAN-542","DISTRICT":"Kachchh","BLOCK":"Rann of Kachchh"},"geometry":{"type":"Polygon","coordinates":[[[70.85609853122227,23.710338251509154],[70.80609853122226,23.710338251509154],[70.80609853122226,23.760338251509155],[70.85609853122227,23.760338251509155],[70.85609853122227,23.710338251509154]]]}},{"type":"Feature","properties":{"GRID_CODE":"GJ-KU-RAN-418","DISTRICT":"Kachchh","BLOCK":"Rann of Kachchh"},"geometry":{"type":"Polygon","coordinates":[[[68.75609853122227,23.860338251509157],[68.70609853122227,23.860338251509157],[68.70609853122227,23.910338251509154],[68.75609853122227,23.910338251509154],[68.75609853122227,23.860338251509157]]]}},{"type":"Feature","properties":{"GRID_CODE":"GJ-KU-MAN-036","DISTRICT":"Kachchh","BLOCK":"Mandvi"},"geometry":{"type":"Polygon","coordinates":[[[69.55609853122226,22.910338251509154],[69.50609853122227,22.910338251509154],[69.50609853122227,22.960338251509154],[69.55609853122226,22.960338251509154],[69.55609853122226,22.910338251509154]]]}},{"type":"Feature","properties":{"GRID_CODE":"GJ-KU-RAP-048","DISTRICT":"Kachchh","BLOCK":"Rapar"},"geometry":{"type":"Polygon","coordinates":[[[70.50609853122227,23.560338251509156],[70.45609853122227,23.560338251509156],[70.45609853122227,23.610338251509157],[70.50609853122227,23.610338251509157],[70.50609853122227,23.560338251509156]]]}},{"type":"Feature","properties":{"GRID_CODE":"GJ-KU-RAN-526","DISTRICT":"Kachchh","BLOCK":"Rann of Kachchh"},"geometry":{"type":"Polygon","coordinates":[[[68.40609853122227,23.710338251509154],[68.35609853122227,23.710338251509154],[68.35609853122227,23.760338251509155],[68.40609853122227,23.760338251509155],[68.40609853122227,23.710338251509154]]]}},{"type":"Feature","properties":{"GRID_CODE":"GJ-KU-RAN-569","DISTRICT":"Kachchh","BLOCK":"Rann of Kachchh"},"geometry":{"type":"Polygon","coordinates":[[[70.10609853122227,23.610338251509157],[70.05609853122226,23.610338251509157],[70.05609853122226,23.660338251509154],[70.10609853122227,23.660338251509154],[70.10609853122227,23.610338251509157]]]}},{"type":"Feature","properties":{"GRID_CODE":"GJ-KU-RAN-066","DISTRICT":"Kachchh","BLOCK":"Rann of Kachchh"},"geometry":{"type":"Polygon","coordinates":[[[71.05609853122226,24.260338251509155],[71.00609853122227,24.260338251509155],[71.00609853122227,24.310338251509156],[71.05609853122226,24.310338251509156],[71.05609853122226,24.260338251509155]]]}},{"type":"Feature","properties":{"GRID_CODE":"GJ-KU-BHA-003","DISTRICT":"Kachchh","BLOCK":"Bhachau"},"geometry":{"type":"Polygon","coordinates":[[[70.25609853122227,23.860338251509157],[70.20609853122227,23.860338251509157],[70.20609853122227,23.910338251509154],[70.25609853122227,23.910338251509154],[70.25609853122227,23.860338251509157]]]}},{"type":"Feature","properties":{"GRID_CODE":"GJ-KU-ABD-081","DISTRICT":"Kachchh","BLOCK":"Abdasa"},"geometry":{"type":"Polygon","coordinates":[[[68.95609853122227,23.060338251509156],[68.90609853122227,23.060338251509156],[68.90609853122227,23.110338251509157],[68.95609853122227,23.110338251509157],[68.95609853122227,23.060338251509156]]]}},{"type":"Feature","properties":{"GRID_CODE":"GJ-KU-RAN-531","DISTRICT":"Kachchh","BLOCK":"Rann of Kachchh"},"geometry":{"type":"Polygon","coordinates":[[[69.90609853122227,23.710338251509154],[69.85609853122227,23.710338251509154],[69.85609853122227,23.760338251509155],[69.90609853122227,23.760338251509155],[69.90609853122227,23.710338251509154]]]}},{"type":"Feature","properties":{"GRID_CODE":"GJ-KU-LIT-012","DISTRICT":"Kachchh","BLOCK":"Little Rann"},"geometry":{"type":"Polygon","coordinates":[[[69.55609853122226,23.560338251509156],[69.50609853122227,23.560338251509156],[69.50609853122227,23.610338251509157],[69.55609853122226,23.610338251509157],[69.55609853122226,23.560338251509156]]]}},{"type":"Feature","properties":{"GRID_CODE":"GJ-KU-BHU-018","DISTRICT":"Kachchh","BLOCK":"Bhuj"},"geometry":{"type":"Polygon","coordinates":[[[69.50609853122227,23.760338251509155],[69.45609853122227,23.760338251509155],[69.45609853122227,23.810338251509156],[69.50609853122227,23.810338251509156],[69.50609853122227,23.760338251509155]]]}},{"type":"Feature","properties":{"GRID_CODE":"GJ-KU-RAN-269","DISTRICT":"Kachchh","BLOCK":"Rann of Kachchh"},"geometry":{"type":"Polygon","coordinates":[[[69.65609853122227,24.010338251509155],[69.60609853122227,24.010338251509155],[69.60609853122227,24.060338251509156],[69.65609853122227,24.060338251509156],[69.65609853122227,24.010338251509155]]]}},{"type":"Feature","properties":{"GRID_CODE":"GJ-KU-LAK-043","DISTRICT":"Kachchh","BLOCK":"Lakhpat"},"geometry":{"type":"Polygon","coordinates":[[[69.15609853122227,23.610338251509157],[69.10609853122227,23.610338251509157],[69.10609853122227,23.660338251509154],[69.15609853122227,23.660338251509154],[69.15609853122227,23.610338251509157]]]}},{"type":"Feature","properties":{"GRID_CODE":"GJ-KU-RAN-429","DISTRICT":"Kachchh","BLOCK":"Rann of Kachchh"},"geometry":{"type":"Polygon","coordinates":[[[69.30609853122226,23.860338251509157],[69.25609853122227,23.860338251509157],[69.25609853122227,23.910338251509154],[69.30609853122226,23.910338251509154],[69.30609853122226,23.860338251509157]]]}},{"type":"Feature","properties":{"GRID_CODE":"GJ-KU-LAK-015","DISTRICT":"Kachchh","BLOCK":"Lakhpat"},"geometry":{"type":"Polygon","coordinates":[[[68.95609853122227,23.710338251509154],[68.90609853122227,23.710338251509154],[68.90609853122227,23.760338251509155],[68.95609853122227,23.760338251509155],[68.95609853122227,23.710338251509154]]]}},{"type":"Feature","properties":{"GRID_CODE":"GJ-KU-RAN-521","DISTRICT":"Kachchh","BLOCK":"Rann of Kachchh"},"geometry":{"type":"Polygon","coordinates":[[[71.00609853122227,23.760338251509155],[70.95609853122227,23.760338251509155],[70.95609853122227,23.810338251509156],[71.00609853122227,23.810338251509156],[71.00609853122227,23.760338251509155]]]}},{"type":"Feature","properties":{"GRID_CODE":"GJ-KU-LIT-171","DISTRICT":"Kachchh","BLOCK":"Little Rann"},"geometry":{"type":"Polygon","coordinates":[[[70.65609853122227,23.060338251509156],[70.60609853122227,23.060338251509156],[70.60609853122227,23.110338251509157],[70.65609853122227,23.110338251509157],[70.65609853122227,23.060338251509156]]]}},{"type":"Feature","properties":{"GRID_CODE":"GJ-KU-ANJ-010","DISTRICT":"Kachchh","BLOCK":"Anjar"},"geometry":{"type":"Polygon","coordinates":[[[70.05609853122226,23.210338251509154],[70.00609853122227,23.210338251509154],[70.00609853122227,23.260338251509155],[70.05609853122226,23.260338251509155],[70.05609853122226,23.210338251509154]]]}},{"type":"Feature","properties":{"GRID_CODE":"GJ-KU-BHU-164","DISTRICT":"Kachchh","BLOCK":"Bhuj"},"geometry":{"type":"Polygon","coordinates":[[[69.70609853122227,23.060338251509156],[69.65609853122227,23.060338251509156],[69.65609853122227,23.110338251509157],[69.70609853122227,23.110338251509157],[69.70609853122227,23.060338251509156]]]}},{"type":"Feature","properties":{"GRID_CODE":"GJ-KU-LIT-030","DISTRICT":"Kachchh","BLOCK":"Little Rann"},"geometry":{"type":"Polygon","coordinates":[[[69.80609853122226,23.510338251509155],[69.75609853122227,23.510338251509155],[69.75609853122227,23.560338251509156],[69.80609853122226,23.560338251509156],[69.80609853122226,23.510338251509155]]]}},{"type":"Feature","properties":{"GRID_CODE":"GJ-KU-LIT-126","DISTRICT":"Kachchh","BLOCK":"Little Rann"},"geometry":{"type":"Polygon","coordinates":[[[71.55609853122226,23.210338251509154],[71.50609853122227,23.210338251509154],[71.50609853122227,23.260338251509155],[71.55609853122226,23.260338251509155],[71.55609853122226,23.210338251509154]]]}},{"type":"Feature","properties":{"GRID_CODE":"GJ-KU-NAK-048","DISTRICT":"Kachchh","BLOCK":"Nakhatrana"},"geometry":{"type":"Polygon","coordinates":[[[69.45609853122227,23.360338251509157],[69.40609853122227,23.360338251509157],[69.40609853122227,23.410338251509154],[69.45609853122227,23.410338251509154],[69.45609853122227,23.360338251509157]]]}},{"type":"Feature","properties":{"GRID_CODE":"GJ-KU-ABD-053","DISTRICT":"Kachchh","BLOCK":"Abdasa"},"geometry":{"type":"Polygon","coordinates":[[[69.10609853122227,23.210338251509154],[69.05609853122226,23.210338251509154],[69.05609853122226,23.260338251509155],[69.10609853122227,23.260338251509155],[69.10609853122227,23.210338251509154]]]}},{"type":"Feature","properties":{"GRID_CODE":"GJ-KU-LIT-099","DISTRICT":"Kachchh","BLOCK":"Little Rann"},"geometry":{"type":"Polygon","coordinates":[[[71.15609853122227,23.260338251509155],[71.10609853122227,23.260338251509155],[71.10609853122227,23.310338251509156],[71.15609853122227,23.310338251509156],[71.15609853122227,23.260338251509155]]]}},{"type":"Feature","properties":{"GRID_CODE":"GJ-KU-LIT-034","DISTRICT":"Kachchh","BLOCK":"Little Rann"},"geometry":{"type":"Polygon","coordinates":[[[71.30609853122226,23.510338251509155],[71.25609853122227,23.510338251509155],[71.25609853122227,23.560338251509156],[71.30609853122226,23.560338251509156],[71.30609853122226,23.510338251509155]]]}},{"type":"Feature","properties":{"GRID_CODE":"GJ-KU-RAP-097","DISTRICT":"Kachchh","BLOCK":"Rapar"},"geometry":{"type":"Polygon","coordinates":[[[70.95609853122227,23.360338251509157],[70.90609853122227,23.360338251509157],[70.90609853122227,23.410338251509154],[70.95609853122227,23.410338251509154],[70.95609853122227,23.360338251509157]]]}},{"type":"Feature","properties":{"GRID_CODE":"GJ-KU-LAK-061","DISTRICT":"Kachchh","BLOCK":"Lakhpat"},"geometry":{"type":"Polygon","coordinates":[[[68.85609853122227,23.510338251509155],[68.80609853122226,23.510338251509155],[68.80609853122226,23.560338251509156],[68.85609853122227,23.560338251509156],[68.85609853122227,23.510338251509155]]]}},{"type":"Feature","properties":{"GRID_CODE":"GJ-KU-BHA-069","DISTRICT":"Kachchh","BLOCK":"Bhachau"},"geometry":{"type":"Polygon","coordinates":[[[70.60609853122227,23.210338251509154],[70.55609853122226,23.210338251509154],[70.55609853122226,23.260338251509155],[70.60609853122227,23.260338251509155],[70.60609853122227,23.210338251509154]]]}},{"type":"Feature","properties":{"GRID_CODE":"GJ-KU-RAN-265","DISTRICT":"Kachchh","BLOCK":"Rann of Kachchh"},"geometry":{"type":"Polygon","coordinates":[[[69.45609853122227,24.010338251509155],[69.40609853122227,24.010338251509155],[69.40609853122227,24.060338251509156],[69.45609853122227,24.060338251509156],[69.45609853122227,24.010338251509155]]]}},{"type":"Feature","properties":{"GRID_CODE":"GJ-KU-BHA-050","DISTRICT":"Kachchh","BLOCK":"Bhachau"},"geometry":{"type":"Polygon","coordinates":[[[70.20609853122227,23.260338251509155],[70.15609853122227,23.260338251509155],[70.15609853122227,23.310338251509156],[70.20609853122227,23.310338251509156],[70.20609853122227,23.260338251509155]]]}},{"type":"Feature","properties":{"GRID_CODE":"GJ-KU-RAN-405","DISTRICT":"Kachchh","BLOCK":"Rann of Kachchh"},"geometry":{"type":"Polygon","coordinates":[[[71.15609853122227,23.910338251509154],[71.10609853122227,23.910338251509154],[71.10609853122227,23.960338251509154],[71.15609853122227,23.960338251509154],[71.15609853122227,23.910338251509154]]]}},{"type":"Feature","properties":{"GRID_CODE":"GJ-KU-BHA-015","DISTRICT":"Kachchh","BLOCK":"Bhachau"},"geometry":{"type":"Polygon","coordinates":[[[70.35609853122227,23.510338251509155],[70.30609853122226,23.510338251509155],[70.30609853122226,23.560338251509156],[70.35609853122227,23.560338251509156],[70.35609853122227,23.510338251509155]]]}},{"type":"Feature","properties":{"GRID_CODE":"GJ-KU-RAN-149","DISTRICT":"Kachchh","BLOCK":"Rann of Kachchh"},"geometry":{"type":"Polygon","coordinates":[[[71.30609853122226,24.160338251509154],[71.25609853122227,24.160338251509154],[71.25609853122227,24.210338251509154],[71.30609853122226,24.210338251509154],[71.30609853122226,24.160338251509154]]]}},{"type":"Feature","properties":{"GRID_CODE":"GJ-KU-RAP-018","DISTRICT":"Kachchh","BLOCK":"Rapar"},"geometry":{"type":"Polygon","coordinates":[[[70.80609853122226,23.760338251509155],[70.75609853122227,23.760338251509155],[70.75609853122227,23.810338251509156],[70.80609853122226,23.810338251509156],[70.80609853122226,23.760338251509155]]]}},{"type":"Feature","properties":{"GRID_CODE":"GJ-KU-RAN-295","DISTRICT":"Kachchh","BLOCK":"Rann of Kachchh"},"geometry":{"type":"Polygon","coordinates":[[[70.95609853122227,24.010338251509155],[70.90609853122227,24.010338251509155],[70.90609853122227,24.060338251509156],[70.95609853122227,24.060338251509156],[70.95609853122227,24.010338251509155]]]}},{"type":"Feature","properties":{"GRID_CODE":"GJ-KU-RAN-107","DISTRICT":"Kachchh","BLOCK":"Rann of Kachchh"},"geometry":{"type":"Polygon","coordinates":[[[68.85609853122227,24.160338251509154],[68.80609853122226,24.160338251509154],[68.80609853122226,24.210338251509154],[68.85609853122227,24.210338251509154],[68.85609853122227,24.160338251509154]]]}},{"type":"Feature","properties":{"GRID_CODE":"GJ-KU-RAN-098","DISTRICT":"Kachchh","BLOCK":"Rann of Kachchh"},"geometry":{"type":"Polygon","coordinates":[[[70.90609853122227,24.210338251509154],[70.85609853122227,24.210338251509154],[70.85609853122227,24.260338251509155],[70.90609853122227,24.260338251509155],[70.90609853122227,24.210338251509154]]]}},{"type":"Feature","properties":{"GRID_CODE":"GJ-KU-RAN-236","DISTRICT":"Kachchh","BLOCK":"Rann of Kachchh"},"geometry":{"type":"Polygon","coordinates":[[[70.55609853122226,24.060338251509156],[70.50609853122227,24.060338251509156],[70.50609853122227,24.110338251509157],[70.55609853122226,24.110338251509157],[70.55609853122226,24.060338251509156]]]}},{"type":"Feature","properties":{"GRID_CODE":"GJ-KU-BHU-050","DISTRICT":"Kachchh","BLOCK":"Bhuj"},"geometry":{"type":"Polygon","coordinates":[[[69.75609853122227,23.660338251509154],[69.70609853122227,23.660338251509154],[69.70609853122227,23.710338251509154],[69.75609853122227,23.710338251509154],[69.75609853122227,23.660338251509154]]]}},{"type":"Feature","properties":{"GRID_CODE":"GJ-KU-BHA-001","DISTRICT":"Kachchh","BLOCK":"Bhachau"},"geometry":{"type":"Polygon","coordinates":[[[70.20609853122227,23.910338251509154],[70.15609853122227,23.910338251509154],[70.15609853122227,23.960338251509154],[70.20609853122227,23.960338251509154],[70.20609853122227,23.910338251509154]]]}},{"type":"Feature","properties":{"GRID_CODE":"GJ-KU-RAN-130","DISTRICT":"Kachchh","BLOCK":"Rann of Kachchh"},"geometry":{"type":"Polygon","coordinates":[[[70.35609853122227,24.160338251509154],[70.30609853122226,24.160338251509154],[70.30609853122226,24.210338251509154],[70.35609853122227,24.210338251509154],[70.35609853122227,24.160338251509154]]]}},{"type":"Feature","properties":{"GRID_CODE":"GJ-KU-MUN-018","DISTRICT":"Kachchh","BLOCK":"Mundra"},"geometry":{"type":"Polygon","coordinates":[[[69.60609853122227,22.860338251509157],[69.55609853122226,22.860338251509157],[69.55609853122226,22.910338251509154],[69.60609853122227,22.910338251509154],[69.60609853122227,22.860338251509157]]]}},{"type":"Feature","properties":{"GRID_CODE":"GJ-KU-MAN-023","DISTRICT":"Kachchh","BLOCK":"Mandvi"},"geometry":{"type":"Polygon","coordinates":[[[69.40609853122227,22.960338251509154],[69.35609853122227,22.960338251509154],[69.35609853122227,23.010338251509155],[69.40609853122227,23.010338251509155],[69.40609853122227,22.960338251509154]]]}},{"type":"Feature","properties":{"GRID_CODE":"GJ-KU-ABD-089","DISTRICT":"Kachchh","BLOCK":"Abdasa"},"geometry":{"type":"Polygon","coordinates":[[[69.00609853122227,23.010338251509155],[68.95609853122227,23.010338251509155],[68.95609853122227,23.060338251509156],[69.00609853122227,23.060338251509156],[69.00609853122227,23.010338251509155]]]}},{"type":"Feature","properties":{"GRID_CODE":"GJ-KU-LIT-136","DISTRICT":"Kachchh","BLOCK":"Little Rann"},"geometry":{"type":"Polygon","coordinates":[[[70.85609853122227,23.160338251509154],[70.80609853122226,23.160338251509154],[70.80609853122226,23.210338251509154],[70.85609853122227,23.210338251509154],[70.85609853122227,23.160338251509154]]]}},{"type":"Feature","properties":{"GRID_CODE":"GJ-KU-LIT-178","DISTRICT":"Kachchh","BLOCK":"Little Rann"},"geometry":{"type":"Polygon","coordinates":[[[70.50609853122227,23.010338251509155],[70.45609853122227,23.010338251509155],[70.45609853122227,23.060338251509156],[70.50609853122227,23.060338251509156],[70.50609853122227,23.010338251509155]]]}},{"type":"Feature","properties":{"GRID_CODE":"GJ-KU-LAK-026","DISTRICT":"Kachchh","BLOCK":"Lakhpat"},"geometry":{"type":"Polygon","coordinates":[[[69.00609853122227,23.660338251509154],[68.95609853122227,23.660338251509154],[68.95609853122227,23.710338251509154],[69.00609853122227,23.710338251509154],[69.00609853122227,23.660338251509154]]]}},{"type":"Feature","properties":{"GRID_CODE":"GJ-KU-RAN-545","DISTRICT":"Kachchh","BLOCK":"Rann of Kachchh"},"geometry":{"type":"Polygon","coordinates":[[[71.05609853122226,23.710338251509154],[71.00609853122227,23.710338251509154],[71.00609853122227,23.760338251509155],[71.05609853122226,23.760338251509155],[71.05609853122226,23.710338251509154]]]}},{"type":"Feature","properties":{"GRID_CODE":"GJ-KU-ANJ-014","DISTRICT":"Kachchh","BLOCK":"Anjar"},"geometry":{"type":"Polygon","coordinates":[[[69.90609853122227,23.160338251509154],[69.85609853122227,23.160338251509154],[69.85609853122227,23.210338251509154],[69.90609853122227,23.210338251509154],[69.90609853122227,23.160338251509154]]]}},{"type":"Feature","properties":{"GRID_CODE":"GJ-KU-RAP-013","DISTRICT":"Kachchh","BLOCK":"Rapar"},"geometry":{"type":"Polygon","coordinates":[[[70.85609853122227,23.810338251509156],[70.80609853122226,23.810338251509156],[70.80609853122226,23.860338251509157],[70.85609853122227,23.860338251509157],[70.85609853122227,23.810338251509156]]]}},{"type":"Feature","properties":{"GRID_CODE":"GJ-KU-BHU-167","DISTRICT":"Kachchh","BLOCK":"Bhuj"},"geometry":{"type":"Polygon","coordinates":[[[69.55609853122226,23.010338251509155],[69.50609853122227,23.010338251509155],[69.50609853122227,23.060338251509156],[69.55609853122226,23.060338251509156],[69.55609853122226,23.010338251509155]]]}},{"type":"Feature","properties":{"GRID_CODE":"GJ-KU-RAN-560","DISTRICT":"Kachchh","BLOCK":"Rann of Kachchh"},"geometry":{"type":"Polygon","coordinates":[[[70.50609853122227,23.660338251509154],[70.45609853122227,23.660338251509154],[70.45609853122227,23.710338251509154],[70.50609853122227,23.710338251509154],[70.50609853122227,23.660338251509154]]]}},{"type":"Feature","properties":{"GRID_CODE":"GJ-KU-RAN-450","DISTRICT":"Kachchh","BLOCK":"Rann of Kachchh"},"geometry":{"type":"Polygon","coordinates":[[[68.40609853122227,23.810338251509156],[68.35609853122227,23.810338251509156],[68.35609853122227,23.860338251509157],[68.40609853122227,23.860338251509157],[68.40609853122227,23.810338251509156]]]}},{"type":"Feature","properties":{"GRID_CODE":"GJ-KU-RAN-451","DISTRICT":"Kachchh","BLOCK":"Rann of Kachchh"},"geometry":{"type":"Polygon","coordinates":[[[68.45609853122227,23.810338251509156],[68.40609853122227,23.810338251509156],[68.40609853122227,23.860338251509157],[68.45609853122227,23.860338251509157],[68.45609853122227,23.810338251509156]]]}},{"type":"Feature","properties":{"GRID_CODE":"GJ-KU-ABD-085","DISTRICT":"Kachchh","BLOCK":"Abdasa"},"geometry":{"type":"Polygon","coordinates":[[[69.15609853122227,23.060338251509156],[69.10609853122227,23.060338251509156],[69.10609853122227,23.110338251509157],[69.15609853122227,23.110338251509157],[69.15609853122227,23.060338251509156]]]}},{"type":"Feature","properties":{"GRID_CODE":"GJ-KU-RAN-534","DISTRICT":"Kachchh","BLOCK":"Rann of Kachchh"},"geometry":{"type":"Polygon","coordinates":[[[70.10609853122227,23.710338251509154],[70.05609853122226,23.710338251509154],[70.05609853122226,23.760338251509155],[70.10609853122227,23.760338251509155],[70.10609853122227,23.710338251509154]]]}},{"type":"Feature","properties":{"GRID_CODE":"GJ-KU-NAK-052","DISTRICT":"Kachchh","BLOCK":"Nakhatrana"},"geometry":{"type":"Polygon","coordinates":[[[69.30609853122226,23.310338251509156],[69.25609853122227,23.310338251509156],[69.25609853122227,23.360338251509157],[69.30609853122226,23.360338251509157],[69.30609853122226,23.310338251509156]]]}},{"type":"Feature","properties":{"GRID_CODE":"GJ-KU-RAN-334","DISTRICT":"Kachchh","BLOCK":"Rann of Kachchh"},"geometry":{"type":"Polygon","coordinates":[[[70.25609853122227,23.960338251509154],[70.20609853122227,23.960338251509154],[70.20609853122227,24.010338251509155],[70.25609853122227,24.010338251509155],[70.25609853122227,23.960338251509154]]]}},{"type":"Feature","properties":{"GRID_CODE":"GJ-KU-ABD-062","DISTRICT":"Kachchh","BLOCK":"Abdasa"},"geometry":{"type":"Polygon","coordinates":[[[68.95609853122227,23.160338251509154],[68.90609853122227,23.160338251509154],[68.90609853122227,23.210338251509154],[68.95609853122227,23.210338251509154],[68.95609853122227,23.160338251509154]]]}},{"type":"Feature","properties":{"GRID_CODE":"GJ-KU-BHU-013","DISTRICT":"Kachchh","BLOCK":"Bhuj"},"geometry":{"type":"Polygon","coordinates":[[[69.90609853122227,23.810338251509156],[69.85609853122227,23.810338251509156],[69.85609853122227,23.860338251509157],[69.90609853122227,23.860338251509157],[69.90609853122227,23.810338251509156]]]}},{"type":"Feature","properties":{"GRID_CODE":"GJ-KU-RAN-433","DISTRICT":"Kachchh","BLOCK":"Rann of Kachchh"},"geometry":{"type":"Polygon","coordinates":[[[69.50609853122227,23.860338251509157],[69.45609853122227,23.860338251509157],[69.45609853122227,23.910338251509154],[69.50609853122227,23.910338251509154],[69.50609853122227,23.860338251509157]]]}},{"type":"Feature","properties":{"GRID_CODE":"GJ-KU-RAN-168","DISTRICT":"Kachchh","BLOCK":"Rann of Kachchh"},"geometry":{"type":"Polygon","coordinates":[[[69.65609853122227,24.110338251509157],[69.60609853122227,24.110338251509157],[69.60609853122227,24.160338251509154],[69.65609853122227,24.160338251509154],[69.65609853122227,24.110338251509157]]]}},{"type":"Feature","properties":{"GRID_CODE":"GJ-KU-RAN-530","DISTRICT":"Kachchh","BLOCK":"Rann of Kachchh"},"geometry":{"type":"Polygon","coordinates":[[[69.15609853122227,23.710338251509154],[69.10609853122227,23.710338251509154],[69.10609853122227,23.760338251509155],[69.15609853122227,23.760338251509155],[69.15609853122227,23.710338251509154]]]}},{"type":"Feature","properties":{"GRID_CODE":"GJ-KU-RAN-315","DISTRICT":"Kachchh","BLOCK":"Rann of Kachchh"},"geometry":{"type":"Polygon","coordinates":[[[69.30609853122226,23.960338251509154],[69.25609853122227,23.960338251509154],[69.25609853122227,24.010338251509155],[69.30609853122226,24.010338251509155],[69.30609853122226,23.960338251509154]]]}},{"type":"Feature","properties":{"GRID_CODE":"GJ-KU-RAN-460","DISTRICT":"Kachchh","BLOCK":"Rann of Kachchh"},"geometry":{"type":"Polygon","coordinates":[[[68.95609853122227,23.810338251509156],[68.90609853122227,23.810338251509156],[68.90609853122227,23.860338251509157],[68.95609853122227,23.860338251509157],[68.95609853122227,23.810338251509156]]]}},{"type":"Feature","properties":{"GRID_CODE":"GJ-KU-RAN-445","DISTRICT":"Kachchh","BLOCK":"Rann of Kachchh"},"geometry":{"type":"Polygon","coordinates":[[[71.00609853122227,23.860338251509157],[70.95609853122227,23.860338251509157],[70.95609853122227,23.910338251509154],[71.00609853122227,23.910338251509154],[71.00609853122227,23.860338251509157]]]}},{"type":"Feature","properties":{"GRID_CODE":"GJ-KU-RAN-254","DISTRICT":"Kachchh","BLOCK":"Rann of Kachchh"},"geometry":{"type":"Polygon","coordinates":[[[68.90609853122227,24.010338251509155],[68.85609853122227,24.010338251509155],[68.85609853122227,24.060338251509156],[68.90609853122227,24.060338251509156],[68.90609853122227,24.010338251509155]]]}},{"type":"Feature","properties":{"GRID_CODE":"GJ-KU-RAN-284","DISTRICT":"Kachchh","BLOCK":"Rann of Kachchh"},"geometry":{"type":"Polygon","coordinates":[[[70.40609853122227,24.010338251509155],[70.35609853122227,24.010338251509155],[70.35609853122227,24.060338251509156],[70.40609853122227,24.060338251509156],[70.40609853122227,24.010338251509155]]]}},{"type":"Feature","properties":{"GRID_CODE":"GJ-KU-BHA-075","DISTRICT":"Kachchh","BLOCK":"Bhachau"},"geometry":{"type":"Polygon","coordinates":[[[70.65609853122227,23.160338251509154],[70.60609853122227,23.160338251509154],[70.60609853122227,23.210338251509154],[70.65609853122227,23.210338251509154],[70.65609853122227,23.160338251509154]]]}},{"type":"Feature","properties":{"GRID_CODE":"GJ-KU-MAN-050","DISTRICT":"Kachchh","BLOCK":"Mandvi"},"geometry":{"type":"Polygon","coordinates":[[[69.45609853122227,22.810338251509156],[69.40609853122227,22.810338251509156],[69.40609853122227,22.860338251509157],[69.45609853122227,22.860338251509157],[69.45609853122227,22.810338251509156]]]}},{"type":"Feature","properties":{"GRID_CODE":"GJ-KU-ANJ-002","DISTRICT":"Kachchh","BLOCK":"Anjar"},"geometry":{"type":"Polygon","coordinates":[[[70.05609853122226,23.310338251509156],[70.00609853122227,23.310338251509156],[70.00609853122227,23.360338251509157],[70.05609853122226,23.360338251509157],[70.05609853122226,23.310338251509156]]]}},{"type":"Feature","properties":{"GRID_CODE":"GJ-KU-BHU-065","DISTRICT":"Kachchh","BLOCK":"Bhuj"},"geometry":{"type":"Polygon","coordinates":[[[69.80609853122226,23.610338251509157],[69.75609853122227,23.610338251509157],[69.75609853122227,23.660338251509154],[69.80609853122226,23.660338251509154],[69.80609853122226,23.610338251509157]]]}},{"type":"Feature","properties":{"GRID_CODE":"GJ-KU-LIT-090","DISTRICT":"Kachchh","BLOCK":"Little Rann"},"geometry":{"type":"Polygon","coordinates":[[[71.55609853122226,23.310338251509156],[71.50609853122227,23.310338251509156],[71.50609853122227,23.360338251509157],[71.55609853122226,23.360338251509157],[71.55609853122226,23.310338251509156]]]}},{"type":"Feature","properties":{"GRID_CODE":"GJ-KU-NAK-025","DISTRICT":"Kachchh","BLOCK":"Nakhatrana"},"geometry":{"type":"Polygon","coordinates":[[[69.45609853122227,23.460338251509154],[69.40609853122227,23.460338251509154],[69.40609853122227,23.510338251509155],[69.45609853122227,23.510338251509155],[69.45609853122227,23.460338251509154]]]}},{"type":"Feature","properties":{"GRID_CODE":"GJ-KU-ABD-029","DISTRICT":"Kachchh","BLOCK":"Abdasa"},"geometry":{"type":"Polygon","coordinates":[[[69.10609853122227,23.310338251509156],[69.05609853122226,23.310338251509156],[69.05609853122226,23.360338251509157],[69.10609853122227,23.360338251509157],[69.10609853122227,23.310338251509156]]]}},{"type":"Feature","properties":{"GRID_CODE":"GJ-KU-LIT-066","DISTRICT":"Kachchh","BLOCK":"Little Rann"},"geometry":{"type":"Polygon","coordinates":[[[71.15609853122227,23.360338251509157],[71.10609853122227,23.360338251509157],[71.10609853122227,23.410338251509154],[71.15609853122227,23.410338251509154],[71.15609853122227,23.360338251509157]]]}},{"type":"Feature","properties":{"GRID_CODE":"GJ-KU-LIT-005","DISTRICT":"Kachchh","BLOCK":"Little Rann"},"geometry":{"type":"Polygon","coordinates":[[[71.30609853122226,23.610338251509157],[71.25609853122227,23.610338251509157],[71.25609853122227,23.660338251509154],[71.30609853122226,23.660338251509154],[71.30609853122226,23.610338251509157]]]}},{"type":"Feature","properties":{"GRID_CODE":"GJ-KU-RAN-500","DISTRICT":"Kachchh","BLOCK":"Rann of Kachchh"},"geometry":{"type":"Polygon","coordinates":[[[69.20609853122227,23.760338251509155],[69.15609853122227,23.760338251509155],[69.15609853122227,23.810338251509156],[69.20609853122227,23.810338251509156],[69.20609853122227,23.760338251509155]]]}},{"type":"Feature","properties":{"GRID_CODE":"GJ-KU-LIT-111","DISTRICT":"Kachchh","BLOCK":"Little Rann"},"geometry":{"type":"Polygon","coordinates":[[[70.80609853122226,23.210338251509154],[70.75609853122227,23.210338251509154],[70.75609853122227,23.260338251509155],[70.80609853122226,23.260338251509155],[70.80609853122226,23.210338251509154]]]}},{"type":"Feature","properties":{"GRID_CODE":"GJ-KU-RAP-080","DISTRICT":"Kachchh","BLOCK":"Rapar"},"geometry":{"type":"Polygon","coordinates":[[[70.95609853122227,23.460338251509154],[70.90609853122227,23.460338251509154],[70.90609853122227,23.510338251509155],[70.95609853122227,23.510338251509155],[70.95609853122227,23.460338251509154]]]}},{"type":"Feature","properties":{"GRID_CODE":"GJ-KU-LAK-037","DISTRICT":"Kachchh","BLOCK":"Lakhpat"},"geometry":{"type":"Polygon","coordinates":[[[68.85609853122227,23.610338251509157],[68.80609853122226,23.610338251509157],[68.80609853122226,23.660338251509154],[68.85609853122227,23.660338251509154],[68.85609853122227,23.610338251509157]]]}},{"type":"Feature","properties":{"GRID_CODE":"GJ-KU-BHA-047","DISTRICT":"Kachchh","BLOCK":"Bhachau"},"geometry":{"type":"Polygon","coordinates":[[[70.60609853122227,23.310338251509156],[70.55609853122226,23.310338251509156],[70.55609853122226,23.360338251509157],[70.60609853122227,23.360338251509157],[70.60609853122227,23.310338251509156]]]}},{"type":"Feature","properties":{"GRID_CODE":"GJ-KU-LAK-064","DISTRICT":"Kachchh","BLOCK":"Lakhpat"},"geometry":{"type":"Polygon","coordinates":[[[68.50609853122227,23.460338251509154],[68.45609853122227,23.460338251509154],[68.45609853122227,23.510338251509155],[68.50609853122227,23.510338251509155],[68.50609853122227,23.460338251509154]]]}},{"type":"Feature","properties":{"GRID_CODE":"GJ-KU-RAP-061","DISTRICT":"Kachchh","BLOCK":"Rapar"},"geometry":{"type":"Polygon","coordinates":[[[70.55609853122226,23.510338251509155],[70.50609853122227,23.510338251509155],[70.50609853122227,23.560338251509156],[70.55609853122226,23.560338251509156],[70.55609853122226,23.510338251509155]]]}},{"type":"Feature","properties":{"GRID_CODE":"GJ-KU-RAP-016","DISTRICT":"Kachchh","BLOCK":"Rapar"},"geometry":{"type":"Polygon","coordinates":[[[70.70609853122227,23.760338251509155],[70.65609853122227,23.760338251509155],[70.65609853122227,23.810338251509156],[70.70609853122227,23.810338251509156],[70.70609853122227,23.760338251509155]]]}},{"type":"Feature","properties":{"GRID_CODE":"GJ-KU-BHA-030","DISTRICT":"Kachchh","BLOCK":"Bhachau"},"geometry":{"type":"Polygon","coordinates":[[[70.20609853122227,23.360338251509157],[70.15609853122227,23.360338251509157],[70.15609853122227,23.410338251509154],[70.20609853122227,23.410338251509154],[70.20609853122227,23.360338251509157]]]}},{"type":"Feature","properties":{"GRID_CODE":"GJ-KU-RAN-299","DISTRICT":"Kachchh","BLOCK":"Rann of Kachchh"},"geometry":{"type":"Polygon","coordinates":[[[71.15609853122227,24.010338251509155],[71.10609853122227,24.010338251509155],[71.10609853122227,24.060338251509156],[71.15609853122227,24.060338251509156],[71.15609853122227,24.010338251509155]]]}},{"type":"Feature","properties":{"GRID_CODE":"GJ-KU-RAN-574","DISTRICT":"Kachchh","BLOCK":"Rann of Kachchh"},"geometry":{"type":"Polygon","coordinates":[[[70.35609853122227,23.610338251509157],[70.30609853122226,23.610338251509157],[70.30609853122226,23.660338251509154],[70.35609853122227,23.660338251509154],[70.35609853122227,23.610338251509157]]]}},{"type":"Feature","properties":{"GRID_CODE":"GJ-KU-RAN-071","DISTRICT":"Kachchh","BLOCK":"Rann of Kachchh"},"geometry":{"type":"Polygon","coordinates":[[[71.30609853122226,24.260338251509155],[71.25609853122227,24.260338251509155],[71.25609853122227,24.310338251509156],[71.30609853122226,24.310338251509156],[71.30609853122226,24.260338251509155]]]}},{"type":"Feature","properties":{"GRID_CODE":"GJ-KU-RAN-488","DISTRICT":"Kachchh","BLOCK":"Rann of Kachchh"},"geometry":{"type":"Polygon","coordinates":[[[68.25609853122227,23.760338251509155],[68.20609853122227,23.760338251509155],[68.20609853122227,23.810338251509156],[68.25609853122227,23.810338251509156],[68.25609853122227,23.760338251509155]]]}},{"type":"Feature","properties":{"GRID_CODE":"GJ-KU-RAN-053","DISTRICT":"Kachchh","BLOCK":"Rann of Kachchh"},"geometry":{"type":"Polygon","coordinates":[[[68.85609853122227,24.260338251509155],[68.80609853122226,24.260338251509155],[68.80609853122226,24.310338251509156],[68.85609853122227,24.310338251509156],[68.85609853122227,24.260338251509155]]]}},{"type":"Feature","properties":{"GRID_CODE":"GJ-KU-RAN-134","DISTRICT":"Kachchh","BLOCK":"Rann of Kachchh"},"geometry":{"type":"Polygon","coordinates":[[[70.55609853122226,24.160338251509154],[70.50609853122227,24.160338251509154],[70.50609853122227,24.210338251509154],[70.55609853122226,24.210338251509154],[70.55609853122226,24.160338251509154]]]}},{"type":"Feature","properties":{"GRID_CODE":"GJ-KU-BHU-020","DISTRICT":"Kachchh","BLOCK":"Bhuj"},"geometry":{"type":"Polygon","coordinates":[[[69.75609853122227,23.760338251509155],[69.70609853122227,23.760338251509155],[69.70609853122227,23.810338251509156],[69.75609853122227,23.810338251509156],[69.75609853122227,23.760338251509155]]]}},{"type":"Feature","properties":{"GRID_CODE":"GJ-KU-RAN-280","DISTRICT":"Kachchh","BLOCK":"Rann of Kachchh"},"geometry":{"type":"Polygon","coordinates":[[[70.20609853122227,24.010338251509155],[70.15609853122227,24.010338251509155],[70.15609853122227,24.060338251509156],[70.20609853122227,24.060338251509156],[70.20609853122227,24.010338251509155]]]}},{"type":"Feature","properties":{"GRID_CODE":"GJ-KU-RAN-058","DISTRICT":"Kachchh","BLOCK":"Rann of Kachchh"},"geometry":{"type":"Polygon","coordinates":[[[70.35609853122227,24.260338251509155],[70.30609853122226,24.260338251509155],[70.30609853122226,24.310338251509156],[70.35609853122227,24.310338251509156],[70.35609853122227,24.260338251509155]]]}},{"type":"Feature","properties":{"GRID_CODE":"GJ-KU-MUN-004","DISTRICT":"Kachchh","BLOCK":"Mundra"},"geometry":{"type":"Polygon","coordinates":[[[69.60609853122227,22.960338251509154],[69.55609853122226,22.960338251509154],[69.55609853122226,23.010338251509155],[69.60609853122227,23.010338251509155],[69.60609853122227,22.960338251509154]]]}},{"type":"Feature","properties":{"GRID_CODE":"GJ-KU-ABD-074","DISTRICT":"Kachchh","BLOCK":"Abdasa"},"geometry":{"type":"Polygon","coordinates":[[[69.00609853122227,23.110338251509157],[68.95609853122227,23.110338251509157],[68.95609853122227,23.160338251509154],[69.00609853122227,23.160338251509154],[69.00609853122227,23.110338251509157]]]}},{"type":"Feature","properties":{"GRID_CODE":"GJ-KU-LIT-093","DISTRICT":"Kachchh","BLOCK":"Little Rann"},"geometry":{"type":"Polygon","coordinates":[[[70.85609853122227,23.260338251509155],[70.80609853122226,23.260338251509155],[70.80609853122226,23.310338251509156],[70.85609853122227,23.310338251509156],[70.85609853122227,23.260338251509155]]]}},{"type":"Feature","properties":{"GRID_CODE":"GJ-KU-LIT-155","DISTRICT":"Kachchh","BLOCK":"Little Rann"},"geometry":{"type":"Polygon","coordinates":[[[70.50609853122227,23.110338251509157],[70.45609853122227,23.110338251509157],[70.45609853122227,23.160338251509154],[70.50609853122227,23.160338251509154],[70.50609853122227,23.110338251509157]]]}},{"type":"Feature","properties":{"GRID_CODE":"GJ-KU-COA-001","DISTRICT":"Kachchh","BLOCK":"Coastal Area"},"geometry":{"type":"Polygon","coordinates":[[[70.15609853122227,22.960338251509154],[70.10609853122227,22.960338251509154],[70.10609853122227,23.010338251509155],[70.15609853122227,23.010338251509155],[70.15609853122227,22.960338251509154]]]}},{"type":"Feature","properties":{"GRID_CODE":"GJ-KU-ANJ-018","DISTRICT":"Kachchh","BLOCK":"Anjar"},"geometry":{"type":"Polygon","coordinates":[[[70.10609853122227,23.160338251509154],[70.05609853122226,23.160338251509154],[70.05609853122226,23.210338251509154],[70.10609853122227,23.210338251509154],[70.10609853122227,23.160338251509154]]]}},{"type":"Feature","properties":{"GRID_CODE":"GJ-KU-RAN-487","DISTRICT":"Kachchh","BLOCK":"Rann of Kachchh"},"geometry":{"type":"Polygon","coordinates":[[[71.05609853122226,23.810338251509156],[71.00609853122227,23.810338251509156],[71.00609853122227,23.860338251509157],[71.05609853122226,23.860338251509157],[71.05609853122226,23.810338251509156]]]}},{"type":"Feature","properties":{"GRID_CODE":"GJ-KU-BHU-127","DISTRICT":"Kachchh","BLOCK":"Bhuj"},"geometry":{"type":"Polygon","coordinates":[[[69.90609853122227,23.260338251509155],[69.85609853122227,23.260338251509155],[69.85609853122227,23.310338251509156],[69.90609853122227,23.310338251509156],[69.90609853122227,23.260338251509155]]]}},{"type":"Feature","properties":{"GRID_CODE":"GJ-KU-RAN-399","DISTRICT":"Kachchh","BLOCK":"Rann of Kachchh"},"geometry":{"type":"Polygon","coordinates":[[[70.85609853122227,23.910338251509154],[70.80609853122226,23.910338251509154],[70.80609853122226,23.960338251509154],[70.85609853122227,23.960338251509154],[70.85609853122227,23.910338251509154]]]}},{"type":"Feature","properties":{"GRID_CODE":"GJ-KU-BHU-153","DISTRICT":"Kachchh","BLOCK":"Bhuj"},"geometry":{"type":"Polygon","coordinates":[[[69.55609853122226,23.110338251509157],[69.50609853122227,23.110338251509157],[69.50609853122227,23.160338251509154],[69.55609853122226,23.160338251509154],[69.55609853122226,23.110338251509157]]]}},{"type":"Feature","properties":{"GRID_CODE":"GJ-KU-LIT-148","DISTRICT":"Kachchh","BLOCK":"Little Rann"},"geometry":{"type":"Polygon","coordinates":[[[71.60609853122227,23.160338251509154],[71.55609853122226,23.160338251509154],[71.55609853122226,23.210338251509154],[71.60609853122227,23.210338251509154],[71.60609853122227,23.160338251509154]]]}},{"type":"Feature","properties":{"GRID_CODE":"GJ-KU-RAN-356","DISTRICT":"Kachchh","BLOCK":"Rann of Kachchh"},"geometry":{"type":"Polygon","coordinates":[[[68.40609853122227,23.910338251509154],[68.35609853122227,23.910338251509154],[68.35609853122227,23.960338251509154],[68.40609853122227,23.960338251509154],[68.40609853122227,23.910338251509154]]]}},{"type":"Feature","properties":{"GRID_CODE":"GJ-KU-RAN-338","DISTRICT":"Kachchh","BLOCK":"Rann of Kachchh"},"geometry":{"type":"Polygon","coordinates":[[[70.45609853122227,23.960338251509154],[70.40609853122227,23.960338251509154],[70.40609853122227,24.010338251509155],[70.45609853122227,24.010338251509155],[70.45609853122227,23.960338251509154]]]}},{"type":"Feature","properties":{"GRID_CODE":"GJ-KU-RAN-357","DISTRICT":"Kachchh","BLOCK":"Rann of Kachchh"},"geometry":{"type":"Polygon","coordinates":[[[68.45609853122227,23.910338251509154],[68.40609853122227,23.910338251509154],[68.40609853122227,23.960338251509154],[68.45609853122227,23.960338251509154],[68.45609853122227,23.910338251509154]]]}},{"type":"Feature","properties":{"GRID_CODE":"GJ-KU-ABD-066","DISTRICT":"Kachchh","BLOCK":"Abdasa"},"geometry":{"type":"Polygon","coordinates":[[[69.15609853122227,23.160338251509154],[69.10609853122227,23.160338251509154],[69.10609853122227,23.210338251509154],[69.15609853122227,23.210338251509154],[69.15609853122227,23.160338251509154]]]}},{"type":"Feature","properties":{"GRID_CODE":"GJ-KU-RAN-478","DISTRICT":"Kachchh","BLOCK":"Rann of Kachchh"},"geometry":{"type":"Polygon","coordinates":[[[70.10609853122227,23.810338251509156],[70.05609853122226,23.810338251509156],[70.05609853122226,23.860338251509157],[70.10609853122227,23.860338251509157],[70.10609853122227,23.810338251509156]]]}},{"type":"Feature","properties":{"GRID_CODE":"GJ-KU-RAN-015","DISTRICT":"Kachchh","BLOCK":"Rann of Kachchh"},"geometry":{"type":"Polygon","coordinates":[[[71.05609853122226,24.460338251509154],[71.00609853122227,24.460338251509154],[71.00609853122227,24.510338251509155],[71.05609853122226,24.510338251509155],[71.05609853122226,24.460338251509154]]]}},{"type":"Feature","properties":{"GRID_CODE":"GJ-KU-NAK-034","DISTRICT":"Kachchh","BLOCK":"Nakhatrana"},"geometry":{"type":"Polygon","coordinates":[[[69.30609853122226,23.410338251509154],[69.25609853122227,23.410338251509154],[69.25609853122227,23.460338251509154],[69.30609853122226,23.460338251509154],[69.30609853122226,23.410338251509154]]]}},{"type":"Feature","properties":{"GRID_CODE":"GJ-KU-RAN-230","DISTRICT":"Kachchh","BLOCK":"Rann of Kachchh"},"geometry":{"type":"Polygon","coordinates":[[[70.25609853122227,24.060338251509156],[70.20609853122227,24.060338251509156],[70.20609853122227,24.110338251509157],[70.25609853122227,24.110338251509157],[70.25609853122227,24.060338251509156]]]}},{"type":"Feature","properties":{"GRID_CODE":"GJ-KU-ABD-038","DISTRICT":"Kachchh","BLOCK":"Abdasa"},"geometry":{"type":"Polygon","coordinates":[[[68.95609853122227,23.260338251509155],[68.90609853122227,23.260338251509155],[68.90609853122227,23.310338251509156],[68.95609853122227,23.310338251509156],[68.95609853122227,23.260338251509155]]]}},{"type":"Feature","properties":{"GRID_CODE":"GJ-KU-RAN-383","DISTRICT":"Kachchh","BLOCK":"Rann of Kachchh"},"geometry":{"type":"Polygon","coordinates":[[[69.90609853122227,23.910338251509154],[69.85609853122227,23.910338251509154],[69.85609853122227,23.960338251509154],[69.90609853122227,23.960338251509154],[69.90609853122227,23.910338251509154]]]}},{"type":"Feature","properties":{"GRID_CODE":"GJ-KU-RAN-319","DISTRICT":"Kachchh","BLOCK":"Rann of Kachchh"},"geometry":{"type":"Polygon","coordinates":[[[69.50609853122227,23.960338251509154],[69.45609853122227,23.960338251509154],[69.45609853122227,24.010338251509155],[69.50609853122227,24.010338251509155],[69.50609853122227,23.960338251509154]]]}},{"type":"Feature","properties":{"GRID_CODE":"GJ-KU-RAN-087","DISTRICT":"Kachchh","BLOCK":"Rann of Kachchh"},"geometry":{"type":"Polygon","coordinates":[[[69.65609853122227,24.210338251509154],[69.60609853122227,24.210338251509154],[69.60609853122227,24.260338251509155],[69.65609853122227,24.260338251509155],[69.65609853122227,24.210338251509154]]]}},{"type":"Feature","properties":{"GRID_CODE":"GJ-KU-RAN-464","DISTRICT":"Kachchh","BLOCK":"Rann of Kachchh"},"geometry":{"type":"Polygon","coordinates":[[[69.15609853122227,23.810338251509156],[69.10609853122227,23.810338251509156],[69.10609853122227,23.860338251509157],[69.15609853122227,23.860338251509157],[69.15609853122227,23.810338251509156]]]}},{"type":"Feature","properties":{"GRID_CODE":"GJ-KU-RAN-211","DISTRICT":"Kachchh","BLOCK":"Rann of Kachchh"},"geometry":{"type":"Polygon","coordinates":[[[69.30609853122226,24.060338251509156],[69.25609853122227,24.060338251509156],[69.25609853122227,24.110338251509157],[69.30609853122226,24.110338251509157],[69.30609853122226,24.060338251509156]]]}},{"type":"Feature","properties":{"GRID_CODE":"GJ-KU-RAN-349","DISTRICT":"Kachchh","BLOCK":"Rann of Kachchh"},"geometry":{"type":"Polygon","coordinates":[[[71.00609853122227,23.960338251509154],[70.95609853122227,23.960338251509154],[70.95609853122227,24.010338251509155],[71.00609853122227,24.010338251509155],[71.00609853122227,23.960338251509154]]]}},{"type":"Feature","properties":{"GRID_CODE":"GJ-KU-RAN-153","DISTRICT":"Kachchh","BLOCK":"Rann of Kachchh"},"geometry":{"type":"Polygon","coordinates":[[[68.90609853122227,24.110338251509157],[68.85609853122227,24.110338251509157],[68.85609853122227,24.160338251509154],[68.90609853122227,24.160338251509154],[68.90609853122227,24.110338251509157]]]}},{"type":"Feature","properties":{"GRID_CODE":"GJ-KU-RAN-183","DISTRICT":"Kachchh","BLOCK":"Rann of Kachchh"},"geometry":{"type":"Polygon","coordinates":[[[70.40609853122227,24.110338251509157],[70.35609853122227,24.110338251509157],[70.35609853122227,24.160338251509154],[70.40609853122227,24.160338251509154],[70.40609853122227,24.110338251509157]]]}},{"type":"Feature","properties":{"GRID_CODE":"GJ-KU-ABD-003","DISTRICT":"Kachchh","BLOCK":"Abdasa"},"geometry":{"type":"Polygon","coordinates":[[[68.55609853122226,23.410338251509154],[68.50609853122227,23.410338251509154],[68.50609853122227,23.460338251509154],[68.55609853122226,23.460338251509154],[68.55609853122226,23.410338251509154]]]}},{"type":"Feature","properties":{"GRID_CODE":"GJ-KU-MAN-034","DISTRICT":"Kachchh","BLOCK":"Mandvi"},"geometry":{"type":"Polygon","coordinates":[[[69.45609853122227,22.910338251509154],[69.40609853122227,22.910338251509154],[69.40609853122227,22.960338251509154],[69.45609853122227,22.960338251509154],[69.45609853122227,22.910338251509154]]]}},{"type":"Feature","properties":{"GRID_CODE":"GJ-KU-BHU-092","DISTRICT":"Kachchh","BLOCK":"Bhuj"},"geometry":{"type":"Polygon","coordinates":[[[70.05609853122226,23.410338251509154],[70.00609853122227,23.410338251509154],[70.00609853122227,23.460338251509154],[70.05609853122226,23.460338251509154],[70.05609853122226,23.410338251509154]]]}},{"type":"Feature","properties":{"GRID_CODE":"GJ-KU-ABD-079","DISTRICT":"Kachchh","BLOCK":"Abdasa"},"geometry":{"type":"Polygon","coordinates":[[[68.85609853122227,23.060338251509156],[68.80609853122226,23.060338251509156],[68.80609853122226,23.110338251509157],[68.85609853122227,23.110338251509157],[68.85609853122227,23.060338251509156]]]}},{"type":"Feature","properties":{"GRID_CODE":"GJ-KU-BHU-036","DISTRICT":"Kachchh","BLOCK":"Bhuj"},"geometry":{"type":"Polygon","coordinates":[[[69.80609853122226,23.710338251509154],[69.75609853122227,23.710338251509154],[69.75609853122227,23.760338251509155],[69.80609853122226,23.760338251509155],[69.80609853122226,23.710338251509154]]]}},{"type":"Feature","properties":{"GRID_CODE":"GJ-KU-LIT-144","DISTRICT":"Kachchh","BLOCK":"Little Rann"},"geometry":{"type":"Polygon","coordinates":[[[71.40609853122227,23.160338251509154],[71.35609853122227,23.160338251509154],[71.35609853122227,23.210338251509154],[71.40609853122227,23.210338251509154],[71.40609853122227,23.160338251509154]]]}},{"type":"Feature","properties":{"GRID_CODE":"GJ-KU-LIT-061","DISTRICT":"Kachchh","BLOCK":"Little Rann"},"geometry":{"type":"Polygon","coordinates":[[[71.55609853122226,23.410338251509154],[71.50609853122227,23.410338251509154],[71.50609853122227,23.460338251509154],[71.55609853122226,23.460338251509154],[71.55609853122226,23.410338251509154]]]}},{"type":"Feature","properties":{"GRID_CODE":"GJ-KU-LIT-010","DISTRICT":"Kachchh","BLOCK":"Little Rann"},"geometry":{"type":"Polygon","coordinates":[[[69.45609853122227,23.560338251509156],[69.40609853122227,23.560338251509156],[69.40609853122227,23.610338251509157],[69.45609853122227,23.610338251509157],[69.45609853122227,23.560338251509156]]]}},{"type":"Feature","properties":{"GRID_CODE":"GJ-KU-LIT-043","DISTRICT":"Kachchh","BLOCK":"Little Rann"},"geometry":{"type":"Polygon","coordinates":[[[71.15609853122227,23.460338251509154],[71.10609853122227,23.460338251509154],[71.10609853122227,23.510338251509155],[71.15609853122227,23.510338251509155],[71.15609853122227,23.460338251509154]]]}},{"type":"Feature","properties":{"GRID_CODE":"GJ-KU-LIT-165","DISTRICT":"Kachchh","BLOCK":"Little Rann"},"geometry":{"type":"Polygon","coordinates":[[[70.35609853122227,23.060338251509156],[70.30609853122226,23.060338251509156],[70.30609853122226,23.110338251509157],[70.35609853122227,23.110338251509157],[70.35609853122227,23.060338251509156]]]}},{"type":"Feature","properties":{"GRID_CODE":"GJ-KU-RAN-427","DISTRICT":"Kachchh","BLOCK":"Rann of Kachchh"},"geometry":{"type":"Polygon","coordinates":[[[69.20609853122227,23.860338251509157],[69.15609853122227,23.860338251509157],[69.15609853122227,23.910338251509154],[69.20609853122227,23.910338251509154],[69.20609853122227,23.860338251509157]]]}},{"type":"Feature","properties":{"GRID_CODE":"GJ-KU-RAP-099","DISTRICT":"Kachchh","BLOCK":"Rapar"},"geometry":{"type":"Polygon","coordinates":[[[70.80609853122226,23.310338251509156],[70.75609853122227,23.310338251509156],[70.75609853122227,23.360338251509157],[70.80609853122226,23.360338251509157],[70.80609853122226,23.310338251509156]]]}},{"type":"Feature","properties":{"GRID_CODE":"GJ-KU-RAP-057","DISTRICT":"Kachchh","BLOCK":"Rapar"},"geometry":{"type":"Polygon","coordinates":[[[70.95609853122227,23.560338251509156],[70.90609853122227,23.560338251509156],[70.90609853122227,23.610338251509157],[70.95609853122227,23.610338251509157],[70.95609853122227,23.560338251509156]]]}},{"type":"Feature","properties":{"GRID_CODE":"GJ-KU-LAK-013","DISTRICT":"Kachchh","BLOCK":"Lakhpat"},"geometry":{"type":"Polygon","coordinates":[[[68.85609853122227,23.710338251509154],[68.80609853122226,23.710338251509154],[68.80609853122226,23.760338251509155],[68.85609853122227,23.760338251509155],[68.85609853122227,23.710338251509154]]]}},{"type":"Feature","properties":{"GRID_CODE":"GJ-KU-LAK-044","DISTRICT":"Kachchh","BLOCK":"Lakhpat"},"geometry":{"type":"Polygon","coordinates":[[[68.50609853122227,23.560338251509156],[68.45609853122227,23.560338251509156],[68.45609853122227,23.610338251509157],[68.50609853122227,23.610338251509157],[68.50609853122227,23.560338251509156]]]}},{"type":"Feature","properties":{"GRID_CODE":"GJ-KU-RAP-038","DISTRICT":"Kachchh","BLOCK":"Rapar"},"geometry":{"type":"Polygon","coordinates":[[[70.55609853122226,23.610338251509157],[70.50609853122227,23.610338251509157],[70.50609853122227,23.660338251509154],[70.55609853122226,23.660338251509154],[70.55609853122226,23.610338251509157]]]}},{"type":"Feature","properties":{"GRID_CODE":"GJ-KU-RAP-005","DISTRICT":"Kachchh","BLOCK":"Rapar"},"geometry":{"type":"Polygon","coordinates":[[[70.70609853122227,23.860338251509157],[70.65609853122227,23.860338251509157],[70.65609853122227,23.910338251509154],[70.70609853122227,23.910338251509154],[70.70609853122227,23.860338251509157]]]}},{"type":"Feature","properties":{"GRID_CODE":"GJ-KU-RAN-595","DISTRICT":"Kachchh","BLOCK":"Rann of Kachchh"},"geometry":{"type":"Polygon","coordinates":[[[70.20609853122227,23.460338251509154],[70.15609853122227,23.460338251509154],[70.15609853122227,23.510338251509155],[70.20609853122227,23.510338251509155],[70.20609853122227,23.460338251509154]]]}},{"type":"Feature","properties":{"GRID_CODE":"GJ-KU-RAN-198","DISTRICT":"Kachchh","BLOCK":"Rann of Kachchh"},"geometry":{"type":"Polygon","coordinates":[[[71.15609853122227,24.110338251509157],[71.10609853122227,24.110338251509157],[71.10609853122227,24.160338251509154],[71.15609853122227,24.160338251509154],[71.15609853122227,24.110338251509157]]]}},{"type":"Feature","properties":{"GRID_CODE":"GJ-KU-RAN-539","DISTRICT":"Kachchh","BLOCK":"Rann of Kachchh"},"geometry":{"type":"Polygon","coordinates":[[[70.35609853122227,23.710338251509154],[70.30609853122226,23.710338251509154],[70.30609853122226,23.760338251509155],[70.35609853122227,23.760338251509155],[70.35609853122227,23.710338251509154]]]}},{"type":"Feature","properties":{"GRID_CODE":"GJ-KU-RAN-035","DISTRICT":"Kachchh","BLOCK":"Rann of Kachchh"},"geometry":{"type":"Polygon","coordinates":[[[71.30609853122226,24.360338251509157],[71.25609853122227,24.360338251509157],[71.25609853122227,24.410338251509154],[71.30609853122226,24.410338251509154],[71.30609853122226,24.360338251509157]]]}},{"type":"Feature","properties":{"GRID_CODE":"GJ-KU-RAN-008","DISTRICT":"Kachchh","BLOCK":"Rann of Kachchh"},"geometry":{"type":"Polygon","coordinates":[[[71.25609853122227,24.560338251509156],[71.20609853122227,24.560338251509156],[71.20609853122227,24.610338251509157],[71.25609853122227,24.610338251509157],[71.25609853122227,24.560338251509156]]]}},{"type":"Feature","properties":{"GRID_CODE":"GJ-KU-RAN-506","DISTRICT":"Kachchh","BLOCK":"Rann of Kachchh"},"geometry":{"type":"Polygon","coordinates":[[[69.95609853122227,23.760338251509155],[69.90609853122227,23.760338251509155],[69.90609853122227,23.810338251509156],[69.95609853122227,23.810338251509156],[69.95609853122227,23.760338251509155]]]}},{"type":"Feature","properties":{"GRID_CODE":"GJ-KU-RAN-062","DISTRICT":"Kachchh","BLOCK":"Rann of Kachchh"},"geometry":{"type":"Polygon","coordinates":[[[70.55609853122226,24.260338251509155],[70.50609853122227,24.260338251509155],[70.50609853122227,24.310338251509156],[70.55609853122226,24.310338251509156],[70.55609853122226,24.260338251509155]]]}},{"type":"Feature","properties":{"GRID_CODE":"GJ-KU-BHU-005","DISTRICT":"Kachchh","BLOCK":"Bhuj"},"geometry":{"type":"Polygon","coordinates":[[[69.75609853122227,23.860338251509157],[69.70609853122227,23.860338251509157],[69.70609853122227,23.910338251509154],[69.75609853122227,23.910338251509154],[69.75609853122227,23.860338251509157]]]}},{"type":"Feature","properties":{"GRID_CODE":"GJ-KU-BHU-162","DISTRICT":"Kachchh","BLOCK":"Bhuj"},"geometry":{"type":"Polygon","coordinates":[[[69.60609853122227,23.060338251509156],[69.55609853122226,23.060338251509156],[69.55609853122226,23.110338251509157],[69.60609853122227,23.110338251509157],[69.60609853122227,23.060338251509156]]]}},{"type":"Feature","properties":{"GRID_CODE":"GJ-KU-ABD-051","DISTRICT":"Kachchh","BLOCK":"Abdasa"},"geometry":{"type":"Polygon","coordinates":[[[69.00609853122227,23.210338251509154],[68.95609853122227,23.210338251509154],[68.95609853122227,23.260338251509155],[69.00609853122227,23.260338251509155],[69.00609853122227,23.210338251509154]]]}},{"type":"Feature","properties":{"GRID_CODE":"GJ-KU-RAP-095","DISTRICT":"Kachchh","BLOCK":"Rapar"},"geometry":{"type":"Polygon","coordinates":[[[70.85609853122227,23.360338251509157],[70.80609853122226,23.360338251509157],[70.80609853122226,23.410338251509154],[70.85609853122227,23.410338251509154],[70.85609853122227,23.360338251509157]]]}},{"type":"Feature","properties":{"GRID_CODE":"GJ-KU-LAK-059","DISTRICT":"Kachchh","BLOCK":"Lakhpat"},"geometry":{"type":"Polygon","coordinates":[[[68.75609853122227,23.510338251509155],[68.70609853122227,23.510338251509155],[68.70609853122227,23.560338251509156],[68.75609853122227,23.560338251509156],[68.75609853122227,23.510338251509155]]]}},{"type":"Feature","properties":{"GRID_CODE":"GJ-KU-BHA-067","DISTRICT":"Kachchh","BLOCK":"Bhachau"},"geometry":{"type":"Polygon","coordinates":[[[70.50609853122227,23.210338251509154],[70.45609853122227,23.210338251509154],[70.45609853122227,23.260338251509155],[70.50609853122227,23.260338251509155],[70.50609853122227,23.210338251509154]]]}},{"type":"Feature","properties":{"GRID_CODE":"GJ-KU-ANJ-007","DISTRICT":"Kachchh","BLOCK":"Anjar"},"geometry":{"type":"Polygon","coordinates":[[[70.10609853122227,23.260338251509155],[70.05609853122226,23.260338251509155],[70.05609853122226,23.310338251509156],[70.10609853122227,23.310338251509156],[70.10609853122227,23.260338251509155]]]}},{"type":"Feature","properties":{"GRID_CODE":"GJ-KU-RAN-403","DISTRICT":"Kachchh","BLOCK":"Rann of Kachchh"},"geometry":{"type":"Polygon","coordinates":[[[71.05609853122226,23.910338251509154],[71.00609853122227,23.910338251509154],[71.00609853122227,23.960338251509154],[71.05609853122226,23.960338251509154],[71.05609853122226,23.910338251509154]]]}},{"type":"Feature","properties":{"GRID_CODE":"GJ-KU-RAN-589","DISTRICT":"Kachchh","BLOCK":"Rann of Kachchh"},"geometry":{"type":"Polygon","coordinates":[[[70.25609853122227,23.510338251509155],[70.20609853122227,23.510338251509155],[70.20609853122227,23.560338251509156],[70.25609853122227,23.560338251509156],[70.25609853122227,23.510338251509155]]]}},{"type":"Feature","properties":{"GRID_CODE":"GJ-KU-BHU-102","DISTRICT":"Kachchh","BLOCK":"Bhuj"},"geometry":{"type":"Polygon","coordinates":[[[69.90609853122227,23.360338251509157],[69.85609853122227,23.360338251509157],[69.85609853122227,23.410338251509154],[69.90609853122227,23.410338251509154],[69.90609853122227,23.360338251509157]]]}},{"type":"Feature","properties":{"GRID_CODE":"GJ-KU-RAN-293","DISTRICT":"Kachchh","BLOCK":"Rann of Kachchh"},"geometry":{"type":"Polygon","coordinates":[[[70.85609853122227,24.010338251509155],[70.80609853122226,24.010338251509155],[70.80609853122226,24.060338251509156],[70.85609853122227,24.060338251509156],[70.85609853122227,24.010338251509155]]]}},{"type":"Feature","properties":{"GRID_CODE":"GJ-KU-BHU-132","DISTRICT":"Kachchh","BLOCK":"Bhuj"},"geometry":{"type":"Polygon","coordinates":[[[69.55609853122226,23.210338251509154],[69.50609853122227,23.210338251509154],[69.50609853122227,23.260338251509155],[69.55609853122226,23.260338251509155],[69.55609853122226,23.210338251509154]]]}},{"type":"Feature","properties":{"GRID_CODE":"GJ-KU-LIT-108","DISTRICT":"Kachchh","BLOCK":"Little Rann"},"geometry":{"type":"Polygon","coordinates":[[[71.60609853122227,23.260338251509155],[71.55609853122226,23.260338251509155],[71.55609853122226,23.310338251509156],[71.60609853122227,23.310338251509156],[71.60609853122227,23.260338251509155]]]}},{"type":"Feature","properties":{"GRID_CODE":"GJ-KU-RAN-234","DISTRICT":"Kachchh","BLOCK":"Rann of Kachchh"},"geometry":{"type":"Polygon","coordinates":[[[70.45609853122227,24.060338251509156],[70.40609853122227,24.060338251509156],[70.40609853122227,24.110338251509157],[70.45609853122227,24.110338251509157],[70.45609853122227,24.060338251509156]]]}},{"type":"Feature","properties":{"GRID_CODE":"GJ-KU-ABD-042","DISTRICT":"Kachchh","BLOCK":"Abdasa"},"geometry":{"type":"Polygon","coordinates":[[[69.15609853122227,23.260338251509155],[69.10609853122227,23.260338251509155],[69.10609853122227,23.310338251509156],[69.15609853122227,23.310338251509156],[69.15609853122227,23.260338251509155]]]}},{"type":"Feature","properties":{"GRID_CODE":"GJ-KU-RAN-387","DISTRICT":"Kachchh","BLOCK":"Rann of Kachchh"},"geometry":{"type":"Polygon","coordinates":[[[70.10609853122227,23.910338251509154],[70.05609853122226,23.910338251509154],[70.05609853122226,23.960338251509154],[70.10609853122227,23.960338251509154],[70.10609853122227,23.910338251509154]]]}},{"type":"Feature","properties":{"GRID_CODE":"GJ-KU-RAN-004","DISTRICT":"Kachchh","BLOCK":"Rann of Kachchh"},"geometry":{"type":"Polygon","coordinates":[[[71.05609853122226,24.560338251509156],[71.00609853122227,24.560338251509156],[71.00609853122227,24.610338251509157],[71.05609853122226,24.610338251509157],[71.05609853122226,24.560338251509156]]]}},{"type":"Feature","properties":{"GRID_CODE":"GJ-KU-NAK-014","DISTRICT":"Kachchh","BLOCK":"Nakhatrana"},"geometry":{"type":"Polygon","coordinates":[[[69.30609853122226,23.510338251509155],[69.25609853122227,23.510338251509155],[69.25609853122227,23.560338251509156],[69.30609853122226,23.560338251509156],[69.30609853122226,23.510338251509155]]]}},{"type":"Feature","properties":{"GRID_CODE":"GJ-KU-RAN-128","DISTRICT":"Kachchh","BLOCK":"Rann of Kachchh"},"geometry":{"type":"Polygon","coordinates":[[[70.25609853122227,24.160338251509154],[70.20609853122227,24.160338251509154],[70.20609853122227,24.210338251509154],[70.25609853122227,24.210338251509154],[70.25609853122227,24.160338251509154]]]}},{"type":"Feature","properties":{"GRID_CODE":"GJ-KU-ABD-017","DISTRICT":"Kachchh","BLOCK":"Abdasa"},"geometry":{"type":"Polygon","coordinates":[[[68.95609853122227,23.360338251509157],[68.90609853122227,23.360338251509157],[68.90609853122227,23.410338251509154],[68.95609853122227,23.410338251509154],[68.95609853122227,23.360338251509157]]]}},{"type":"Feature","properties":{"GRID_CODE":"GJ-KU-RAP-091","DISTRICT":"Kachchh","BLOCK":"Rapar"},"geometry":{"type":"Polygon","coordinates":[[[71.00609853122227,23.410338251509154],[70.95609853122227,23.410338251509154],[70.95609853122227,23.460338251509154],[71.00609853122227,23.460338251509154],[71.00609853122227,23.410338251509154]]]}},{"type":"Feature","properties":{"GRID_CODE":"GJ-KU-RAN-215","DISTRICT":"Kachchh","BLOCK":"Rann of Kachchh"},"geometry":{"type":"Polygon","coordinates":[[[69.50609853122227,24.060338251509156],[69.45609853122227,24.060338251509156],[69.45609853122227,24.110338251509157],[69.50609853122227,24.110338251509157],[69.50609853122227,24.060338251509156]]]}},{"type":"Feature","properties":{"GRID_CODE":"GJ-KU-LAK-020","DISTRICT":"Kachchh","BLOCK":"Lakhpat"},"geometry":{"type":"Polygon","coordinates":[[[68.70609853122227,23.660338251509154],[68.65609853122227,23.660338251509154],[68.65609853122227,23.710338251509154],[68.70609853122227,23.710338251509154],[68.70609853122227,23.660338251509154]]]}},{"type":"Feature","properties":{"GRID_CODE":"GJ-KU-RAN-371","DISTRICT":"Kachchh","BLOCK":"Rann of Kachchh"},"geometry":{"type":"Polygon","coordinates":[[[69.15609853122227,23.910338251509154],[69.10609853122227,23.910338251509154],[69.10609853122227,23.960338251509154],[69.15609853122227,23.960338251509154],[69.15609853122227,23.910338251509154]]]}},{"type":"Feature","properties":{"GRID_CODE":"GJ-KU-RAN-116","DISTRICT":"Kachchh","BLOCK":"Rann of Kachchh"},"geometry":{"type":"Polygon","coordinates":[[[69.30609853122226,24.160338251509154],[69.25609853122227,24.160338251509154],[69.25609853122227,24.210338251509154],[69.30609853122226,24.210338251509154],[69.30609853122226,24.160338251509154]]]}},{"type":"Feature","properties":{"GRID_CODE":"GJ-KU-RAN-245","DISTRICT":"Kachchh","BLOCK":"Rann of Kachchh"},"geometry":{"type":"Polygon","coordinates":[[[71.00609853122227,24.060338251509156],[70.95609853122227,24.060338251509156],[70.95609853122227,24.110338251509157],[71.00609853122227,24.110338251509157],[71.00609853122227,24.060338251509156]]]}},{"type":"Feature","properties":{"GRID_CODE":"GJ-KU-RAN-093","DISTRICT":"Kachchh","BLOCK":"Rann of Kachchh"},"geometry":{"type":"Polygon","coordinates":[[[70.40609853122227,24.210338251509154],[70.35609853122227,24.210338251509154],[70.35609853122227,24.260338251509155],[70.40609853122227,24.260338251509155],[70.40609853122227,24.210338251509154]]]}},{"type":"Feature","properties":{"GRID_CODE":"GJ-KU-BHU-149","DISTRICT":"Kachchh","BLOCK":"Bhuj"},"geometry":{"type":"Polygon","coordinates":[[[69.80609853122226,23.160338251509154],[69.75609853122227,23.160338251509154],[69.75609853122227,23.210338251509154],[69.80609853122226,23.210338251509154],[69.80609853122226,23.160338251509154]]]}},{"type":"Feature","properties":{"GRID_CODE":"GJ-KU-MAN-015","DISTRICT":"Kachchh","BLOCK":"Mandvi"},"geometry":{"type":"Polygon","coordinates":[[[69.45609853122227,23.010338251509155],[69.40609853122227,23.010338251509155],[69.40609853122227,23.060338251509156],[69.45609853122227,23.060338251509156],[69.45609853122227,23.010338251509155]]]}},{"type":"Feature","properties":{"GRID_CODE":"GJ-KU-LIT-142","DISTRICT":"Kachchh","BLOCK":"Little Rann"},"geometry":{"type":"Polygon","coordinates":[[[71.30609853122226,23.160338251509154],[71.25609853122227,23.160338251509154],[71.25609853122227,23.210338251509154],[71.30609853122226,23.210338251509154],[71.30609853122226,23.160338251509154]]]}},{"type":"Feature","properties":{"GRID_CODE":"GJ-KU-ABD-060","DISTRICT":"Kachchh","BLOCK":"Abdasa"},"geometry":{"type":"Polygon","coordinates":[[[68.85609853122227,23.160338251509154],[68.80609853122226,23.160338251509154],[68.80609853122226,23.210338251509154],[68.85609853122227,23.210338251509154],[68.85609853122227,23.160338251509154]]]}},{"type":"Feature","properties":{"GRID_CODE":"GJ-KU-BHU-011","DISTRICT":"Kachchh","BLOCK":"Bhuj"},"geometry":{"type":"Polygon","coordinates":[[[69.80609853122226,23.810338251509156],[69.75609853122227,23.810338251509156],[69.75609853122227,23.860338251509157],[69.80609853122226,23.860338251509157],[69.80609853122226,23.810338251509156]]]}},{"type":"Feature","properties":{"GRID_CODE":"GJ-KU-BHU-044","DISTRICT":"Kachchh","BLOCK":"Bhuj"},"geometry":{"type":"Polygon","coordinates":[[[69.45609853122227,23.660338251509154],[69.40609853122227,23.660338251509154],[69.40609853122227,23.710338251509154],[69.45609853122227,23.710338251509154],[69.45609853122227,23.660338251509154]]]}},{"type":"Feature","properties":{"GRID_CODE":"GJ-KU-LIT-016","DISTRICT":"Kachchh","BLOCK":"Little Rann"},"geometry":{"type":"Polygon","coordinates":[[[71.15609853122227,23.560338251509156],[71.10609853122227,23.560338251509156],[71.10609853122227,23.610338251509157],[71.15609853122227,23.610338251509157],[71.15609853122227,23.560338251509156]]]}},{"type":"Feature","properties":{"GRID_CODE":"GJ-KU-LIT-129","DISTRICT":"Kachchh","BLOCK":"Little Rann"},"geometry":{"type":"Polygon","coordinates":[[[70.35609853122227,23.160338251509154],[70.30609853122226,23.160338251509154],[70.30609853122226,23.210338251509154],[70.35609853122227,23.210338251509154],[70.35609853122227,23.160338251509154]]]}},{"type":"Feature","properties":{"GRID_CODE":"GJ-KU-RAN-313","DISTRICT":"Kachchh","BLOCK":"Rann of Kachchh"},"geometry":{"type":"Polygon","coordinates":[[[69.20609853122227,23.960338251509154],[69.15609853122227,23.960338251509154],[69.15609853122227,24.010338251509155],[69.20609853122227,24.010338251509155],[69.20609853122227,23.960338251509154]]]}},{"type":"Feature","properties":{"GRID_CODE":"GJ-KU-RAP-087","DISTRICT":"Kachchh","BLOCK":"Rapar"},"geometry":{"type":"Polygon","coordinates":[[[70.80609853122226,23.410338251509154],[70.75609853122227,23.410338251509154],[70.75609853122227,23.460338251509154],[70.80609853122226,23.460338251509154],[70.80609853122226,23.410338251509154]]]}},{"type":"Feature","properties":{"GRID_CODE":"GJ-KU-RAP-036","DISTRICT":"Kachchh","BLOCK":"Rapar"},"geometry":{"type":"Polygon","coordinates":[[[70.95609853122227,23.660338251509154],[70.90609853122227,23.660338251509154],[70.90609853122227,23.710338251509154],[70.95609853122227,23.710338251509154],[70.95609853122227,23.660338251509154]]]}},{"type":"Feature","properties":{"GRID_CODE":"GJ-KU-RAN-458","DISTRICT":"Kachchh","BLOCK":"Rann of Kachchh"},"geometry":{"type":"Polygon","coordinates":[[[68.85609853122227,23.810338251509156],[68.80609853122226,23.810338251509156],[68.80609853122226,23.860338251509157],[68.85609853122227,23.860338251509157],[68.85609853122227,23.810338251509156]]]}},{"type":"Feature","properties":{"GRID_CODE":"GJ-KU-RAN-443","DISTRICT":"Kachchh","BLOCK":"Rann of Kachchh"},"geometry":{"type":"Polygon","coordinates":[[[70.90609853122227,23.860338251509157],[70.85609853122227,23.860338251509157],[70.85609853122227,23.910338251509154],[70.90609853122227,23.910338251509154],[70.90609853122227,23.860338251509157]]]}},{"type":"Feature","properties":{"GRID_CODE":"GJ-KU-RAP-021","DISTRICT":"Kachchh","BLOCK":"Rapar"},"geometry":{"type":"Polygon","coordinates":[[[70.55609853122226,23.710338251509154],[70.50609853122227,23.710338251509154],[70.50609853122227,23.760338251509155],[70.55609853122226,23.760338251509155],[70.55609853122226,23.710338251509154]]]}},{"type":"Feature","properties":{"GRID_CODE":"GJ-KU-BHU-112","DISTRICT":"Kachchh","BLOCK":"Bhuj"},"geometry":{"type":"Polygon","coordinates":[[[69.75609853122227,23.310338251509156],[69.70609853122227,23.310338251509156],[69.70609853122227,23.360338251509157],[69.75609853122227,23.360338251509157],[69.75609853122227,23.310338251509156]]]}},{"type":"Feature","properties":{"GRID_CODE":"GJ-KU-RAN-343","DISTRICT":"Kachchh","BLOCK":"Rann of Kachchh"},"geometry":{"type":"Polygon","coordinates":[[[70.70609853122227,23.960338251509154],[70.65609853122227,23.960338251509154],[70.65609853122227,24.010338251509155],[70.70609853122227,24.010338251509155],[70.70609853122227,23.960338251509154]]]}},{"type":"Feature","properties":{"GRID_CODE":"GJ-KU-RAN-582","DISTRICT":"Kachchh","BLOCK":"Rann of Kachchh"},"geometry":{"type":"Polygon","coordinates":[[[70.20609853122227,23.560338251509156],[70.15609853122227,23.560338251509156],[70.15609853122227,23.610338251509157],[70.20609853122227,23.610338251509157],[70.20609853122227,23.560338251509156]]]}},{"type":"Feature","properties":{"GRID_CODE":"GJ-KU-BHA-010","DISTRICT":"Kachchh","BLOCK":"Bhachau"},"geometry":{"type":"Polygon","coordinates":[[[70.35609853122227,23.810338251509156],[70.30609853122226,23.810338251509156],[70.30609853122226,23.860338251509157],[70.35609853122227,23.860338251509157],[70.35609853122227,23.810338251509156]]]}},{"type":"Feature","properties":{"GRID_CODE":"GJ-KU-BHU-009","DISTRICT":"Kachchh","BLOCK":"Bhuj"},"geometry":{"type":"Polygon","coordinates":[[[69.95609853122227,23.860338251509157],[69.90609853122227,23.860338251509157],[69.90609853122227,23.910338251509154],[69.95609853122227,23.910338251509154],[69.95609853122227,23.860338251509157]]]}},{"type":"Feature","properties":{"GRID_CODE":"GJ-KU-RAN-030","DISTRICT":"Kachchh","BLOCK":"Rann of Kachchh"},"geometry":{"type":"Polygon","coordinates":[[[70.55609853122226,24.360338251509157],[70.50609853122227,24.360338251509157],[70.50609853122227,24.410338251509154],[70.55609853122226,24.410338251509154],[70.55609853122226,24.360338251509157]]]}},{"type":"Feature","properties":{"GRID_CODE":"GJ-KU-RAN-324","DISTRICT":"Kachchh","BLOCK":"Rann of Kachchh"},"geometry":{"type":"Polygon","coordinates":[[[69.75609853122227,23.960338251509154],[69.70609853122227,23.960338251509154],[69.70609853122227,24.010338251509155],[69.75609853122227,24.010338251509155],[69.75609853122227,23.960338251509154]]]}},{"type":"Feature","properties":{"GRID_CODE":"GJ-KU-RAN-263","DISTRICT":"Kachchh","BLOCK":"Rann of Kachchh"},"geometry":{"type":"Polygon","coordinates":[[[69.35609853122227,24.010338251509155],[69.30609853122226,24.010338251509155],[69.30609853122226,24.060338251509156],[69.35609853122227,24.060338251509156],[69.35609853122227,24.010338251509155]]]}},{"type":"Feature","properties":{"GRID_CODE":"GJ-KU-BHU-145","DISTRICT":"Kachchh","BLOCK":"Bhuj"},"geometry":{"type":"Polygon","coordinates":[[[69.60609853122227,23.160338251509154],[69.55609853122226,23.160338251509154],[69.55609853122226,23.210338251509154],[69.60609853122227,23.210338251509154],[69.60609853122227,23.160338251509154]]]}},{"type":"Feature","properties":{"GRID_CODE":"GJ-KU-ABD-027","DISTRICT":"Kachchh","BLOCK":"Abdasa"},"geometry":{"type":"Polygon","coordinates":[[[69.00609853122227,23.310338251509156],[68.95609853122227,23.310338251509156],[68.95609853122227,23.360338251509157],[69.00609853122227,23.360338251509157],[69.00609853122227,23.310338251509156]]]}},{"type":"Feature","properties":{"GRID_CODE":"GJ-KU-LIT-064","DISTRICT":"Kachchh","BLOCK":"Little Rann"},"geometry":{"type":"Polygon","coordinates":[[[71.05609853122226,23.360338251509157],[71.00609853122227,23.360338251509157],[71.00609853122227,23.410338251509154],[71.05609853122226,23.410338251509154],[71.05609853122226,23.360338251509157]]]}},{"type":"Feature","properties":{"GRID_CODE":"GJ-KU-RAP-078","DISTRICT":"Kachchh","BLOCK":"Rapar"},"geometry":{"type":"Polygon","coordinates":[[[70.85609853122227,23.460338251509154],[70.80609853122226,23.460338251509154],[70.80609853122226,23.510338251509155],[70.85609853122227,23.510338251509155],[70.85609853122227,23.460338251509154]]]}},{"type":"Feature","properties":{"GRID_CODE":"GJ-KU-LAK-035","DISTRICT":"Kachchh","BLOCK":"Lakhpat"},"geometry":{"type":"Polygon","coordinates":[[[68.75609853122227,23.610338251509157],[68.70609853122227,23.610338251509157],[68.70609853122227,23.660338251509154],[68.75609853122227,23.660338251509154],[68.75609853122227,23.610338251509157]]]}},{"type":"Feature","properties":{"GRID_CODE":"GJ-KU-BHA-045","DISTRICT":"Kachchh","BLOCK":"Bhachau"},"geometry":{"type":"Polygon","coordinates":[[[70.50609853122227,23.310338251509156],[70.45609853122227,23.310338251509156],[70.45609853122227,23.360338251509157],[70.50609853122227,23.360338251509157],[70.50609853122227,23.310338251509156]]]}},{"type":"Feature","properties":{"GRID_CODE":"GJ-KU-BHU-106","DISTRICT":"Kachchh","BLOCK":"Bhuj"},"geometry":{"type":"Polygon","coordinates":[[[70.10609853122227,23.360338251509157],[70.05609853122226,23.360338251509157],[70.05609853122226,23.410338251509154],[70.10609853122227,23.410338251509154],[70.10609853122227,23.360338251509157]]]}},{"type":"Feature","properties":{"GRID_CODE":"GJ-KU-RAN-297","DISTRICT":"Kachchh","BLOCK":"Rann of Kachchh"},"geometry":{"type":"Polygon","coordinates":[[[71.05609853122226,24.010338251509155],[71.00609853122227,24.010338251509155],[71.00609853122227,24.060338251509156],[71.05609853122226,24.060338251509156],[71.05609853122226,24.010338251509155]]]}},{"type":"Feature","properties":{"GRID_CODE":"GJ-KU-RAN-572","DISTRICT":"Kachchh","BLOCK":"Rann of Kachchh"},"geometry":{"type":"Polygon","coordinates":[[[70.25609853122227,23.610338251509157],[70.20609853122227,23.610338251509157],[70.20609853122227,23.660338251509154],[70.25609853122227,23.660338251509154],[70.25609853122227,23.610338251509157]]]}},{"type":"Feature","properties":{"GRID_CODE":"GJ-KU-BHU-082","DISTRICT":"Kachchh","BLOCK":"Bhuj"},"geometry":{"type":"Polygon","coordinates":[[[69.90609853122227,23.460338251509154],[69.85609853122227,23.460338251509154],[69.85609853122227,23.510338251509155],[69.90609853122227,23.510338251509155],[69.90609853122227,23.460338251509154]]]}},{"type":"Feature","properties":{"GRID_CODE":"GJ-KU-RAN-192","DISTRICT":"Kachchh","BLOCK":"Rann of Kachchh"},"geometry":{"type":"Polygon","coordinates":[[[70.85609853122227,24.110338251509157],[70.80609853122226,24.110338251509157],[70.80609853122226,24.160338251509154],[70.85609853122227,24.160338251509154],[70.85609853122227,24.110338251509157]]]}},{"type":"Feature","properties":{"GRID_CODE":"GJ-KU-LIT-075","DISTRICT":"Kachchh","BLOCK":"Little Rann"},"geometry":{"type":"Polygon","coordinates":[[[71.60609853122227,23.360338251509157],[71.55609853122226,23.360338251509157],[71.55609853122226,23.410338251509154],[71.60609853122227,23.410338251509154],[71.60609853122227,23.360338251509157]]]}},{"type":"Feature","properties":{"GRID_CODE":"GJ-KU-LIT-025","DISTRICT":"Kachchh","BLOCK":"Little Rann"},"geometry":{"type":"Polygon","coordinates":[[[69.50609853122227,23.510338251509155],[69.45609853122227,23.510338251509155],[69.45609853122227,23.560338251509156],[69.50609853122227,23.560338251509156],[69.50609853122227,23.510338251509155]]]}},{"type":"Feature","properties":{"GRID_CODE":"GJ-KU-RAN-132","DISTRICT":"Kachchh","BLOCK":"Rann of Kachchh"},"geometry":{"type":"Polygon","coordinates":[[[70.45609853122227,24.160338251509154],[70.40609853122227,24.160338251509154],[70.40609853122227,24.210338251509154],[70.45609853122227,24.210338251509154],[70.45609853122227,24.160338251509154]]]}},{"type":"Feature","properties":{"GRID_CODE":"GJ-KU-RAN-504","DISTRICT":"Kachchh","BLOCK":"Rann of Kachchh"},"geometry":{"type":"Polygon","coordinates":[[[69.65609853122227,23.760338251509155],[69.60609853122227,23.760338251509155],[69.60609853122227,23.810338251509156],[69.65609853122227,23.810338251509156],[69.65609853122227,23.760338251509155]]]}},{"type":"Feature","properties":{"GRID_CODE":"GJ-KU-NAK-042","DISTRICT":"Kachchh","BLOCK":"Nakhatrana"},"geometry":{"type":"Polygon","coordinates":[[[69.15609853122227,23.360338251509157],[69.10609853122227,23.360338251509157],[69.10609853122227,23.410338251509154],[69.15609853122227,23.410338251509154],[69.15609853122227,23.360338251509157]]]}},{"type":"Feature","properties":{"GRID_CODE":"GJ-KU-RAN-278","DISTRICT":"Kachchh","BLOCK":"Rann of Kachchh"},"geometry":{"type":"Polygon","coordinates":[[[70.10609853122227,24.010338251509155],[70.05609853122226,24.010338251509155],[70.05609853122226,24.060338251509156],[70.10609853122227,24.060338251509156],[70.10609853122227,24.010338251509155]]]}},{"type":"Feature","properties":{"GRID_CODE":"GJ-KU-BHU-055","DISTRICT":"Kachchh","BLOCK":"Bhuj"},"geometry":{"type":"Polygon","coordinates":[[[69.30609853122226,23.610338251509157],[69.25609853122227,23.610338251509157],[69.25609853122227,23.660338251509154],[69.30609853122226,23.660338251509154],[69.30609853122226,23.610338251509157]]]}},{"type":"Feature","properties":{"GRID_CODE":"GJ-KU-RAN-056","DISTRICT":"Kachchh","BLOCK":"Rann of Kachchh"},"geometry":{"type":"Polygon","coordinates":[[[70.25609853122227,24.260338251509155],[70.20609853122227,24.260338251509155],[70.20609853122227,24.310338251509156],[70.25609853122227,24.310338251509156],[70.25609853122227,24.260338251509155]]]}},{"type":"Feature","properties":{"GRID_CODE":"GJ-KU-LAK-071","DISTRICT":"Kachchh","BLOCK":"Lakhpat"},"geometry":{"type":"Polygon","coordinates":[[[68.95609853122227,23.460338251509154],[68.90609853122227,23.460338251509154],[68.90609853122227,23.510338251509155],[68.95609853122227,23.510338251509155],[68.95609853122227,23.460338251509154]]]}},{"type":"Feature","properties":{"GRID_CODE":"GJ-KU-RAP-070","DISTRICT":"Kachchh","BLOCK":"Rapar"},"geometry":{"type":"Polygon","coordinates":[[[71.00609853122227,23.510338251509155],[70.95609853122227,23.510338251509155],[70.95609853122227,23.560338251509156],[71.00609853122227,23.560338251509156],[71.00609853122227,23.510338251509155]]]}},{"type":"Feature","properties":{"GRID_CODE":"GJ-KU-RAN-120","DISTRICT":"Kachchh","BLOCK":"Rann of Kachchh"},"geometry":{"type":"Polygon","coordinates":[[[69.50609853122227,24.160338251509154],[69.45609853122227,24.160338251509154],[69.45609853122227,24.210338251509154],[69.50609853122227,24.210338251509154],[69.50609853122227,24.160338251509154]]]}},{"type":"Feature","properties":{"GRID_CODE":"GJ-KU-LAK-003","DISTRICT":"Kachchh","BLOCK":"Lakhpat"},"geometry":{"type":"Polygon","coordinates":[[[68.70609853122227,23.760338251509155],[68.65609853122227,23.760338251509155],[68.65609853122227,23.810338251509156],[68.70609853122227,23.810338251509156],[68.70609853122227,23.760338251509155]]]}},{"type":"Feature","properties":{"GRID_CODE":"GJ-KU-RAN-050","DISTRICT":"Kachchh","BLOCK":"Rann of Kachchh"},"geometry":{"type":"Polygon","coordinates":[[[71.35609853122227,24.310338251509156],[71.30609853122226,24.310338251509156],[71.30609853122226,24.360338251509157],[71.35609853122227,24.360338251509157],[71.35609853122227,24.310338251509156]]]}},{"type":"Feature","properties":{"GRID_CODE":"GJ-KU-RAN-143","DISTRICT":"Kachchh","BLOCK":"Rann of Kachchh"},"geometry":{"type":"Polygon","coordinates":[[[71.00609853122227,24.160338251509154],[70.95609853122227,24.160338251509154],[70.95609853122227,24.210338251509154],[71.00609853122227,24.210338251509154],[71.00609853122227,24.160338251509154]]]}},{"type":"Feature","properties":{"GRID_CODE":"GJ-KU-RAN-039","DISTRICT":"Kachchh","BLOCK":"Rann of Kachchh"},"geometry":{"type":"Polygon","coordinates":[[[70.40609853122227,24.310338251509156],[70.35609853122227,24.310338251509156],[70.35609853122227,24.360338251509157],[70.40609853122227,24.360338251509157],[70.40609853122227,24.310338251509156]]]}},{"type":"Feature","properties":{"GRID_CODE":"GJ-KU-ANJ-041","DISTRICT":"Kachchh","BLOCK":"Anjar"},"geometry":{"type":"Polygon","coordinates":[[[70.05609853122226,22.960338251509154],[70.00609853122227,22.960338251509154],[70.00609853122227,23.010338251509155],[70.05609853122226,23.010338251509155],[70.05609853122226,22.960338251509154]]]}},{"type":"Feature","properties":{"GRID_CODE":"GJ-KU-BHU-125","DISTRICT":"Kachchh","BLOCK":"Bhuj"},"geometry":{"type":"Polygon","coordinates":[[[69.80609853122226,23.260338251509155],[69.75609853122227,23.260338251509155],[69.75609853122227,23.310338251509156],[69.80609853122226,23.310338251509156],[69.80609853122226,23.260338251509155]]]}},{"type":"Feature","properties":{"GRID_CODE":"GJ-KU-BHU-151","DISTRICT":"Kachchh","BLOCK":"Bhuj"},"geometry":{"type":"Polygon","coordinates":[[[69.45609853122227,23.110338251509157],[69.40609853122227,23.110338251509157],[69.40609853122227,23.160338251509154],[69.45609853122227,23.160338251509154],[69.45609853122227,23.110338251509157]]]}},{"type":"Feature","properties":{"GRID_CODE":"GJ-KU-MAN-017","DISTRICT":"Kachchh","BLOCK":"Mandvi"},"geometry":{"type":"Polygon","coordinates":[[[69.10609853122227,22.960338251509154],[69.05609853122226,22.960338251509154],[69.05609853122226,23.010338251509155],[69.10609853122227,23.010338251509155],[69.10609853122227,22.960338251509154]]]}},{"type":"Feature","properties":{"GRID_CODE":"GJ-KU-LIT-102","DISTRICT":"Kachchh","BLOCK":"Little Rann"},"geometry":{"type":"Polygon","coordinates":[[[71.30609853122226,23.260338251509155],[71.25609853122227,23.260338251509155],[71.25609853122227,23.310338251509156],[71.30609853122226,23.310338251509156],[71.30609853122226,23.260338251509155]]]}},{"type":"Feature","properties":{"GRID_CODE":"GJ-KU-NAK-032","DISTRICT":"Kachchh","BLOCK":"Nakhatrana"},"geometry":{"type":"Polygon","coordinates":[[[69.20609853122227,23.410338251509154],[69.15609853122227,23.410338251509154],[69.15609853122227,23.460338251509154],[69.20609853122227,23.460338251509154],[69.20609853122227,23.410338251509154]]]}},{"type":"Feature","properties":{"GRID_CODE":"GJ-KU-LIT-162","DISTRICT":"Kachchh","BLOCK":"Little Rann"},"geometry":{"type":"Polygon","coordinates":[[[70.95609853122227,23.110338251509157],[70.90609853122227,23.110338251509157],[70.90609853122227,23.160338251509154],[70.95609853122227,23.160338251509154],[70.95609853122227,23.110338251509157]]]}},{"type":"Feature","properties":{"GRID_CODE":"GJ-KU-ABD-036","DISTRICT":"Kachchh","BLOCK":"Abdasa"},"geometry":{"type":"Polygon","coordinates":[[[68.85609853122227,23.260338251509155],[68.80609853122226,23.260338251509155],[68.80609853122226,23.310338251509156],[68.85609853122227,23.310338251509156],[68.85609853122227,23.260338251509155]]]}},{"type":"Feature","properties":{"GRID_CODE":"GJ-KU-BHU-002","DISTRICT":"Kachchh","BLOCK":"Bhuj"},"geometry":{"type":"Polygon","coordinates":[[[69.80609853122226,23.910338251509154],[69.75609853122227,23.910338251509154],[69.75609853122227,23.960338251509154],[69.80609853122226,23.960338251509154],[69.80609853122226,23.910338251509154]]]}},{"type":"Feature","properties":{"GRID_CODE":"GJ-KU-BHA-073","DISTRICT":"Kachchh","BLOCK":"Bhachau"},"geometry":{"type":"Polygon","coordinates":[[[70.55609853122226,23.160338251509154],[70.50609853122227,23.160338251509154],[70.50609853122227,23.210338251509154],[70.55609853122226,23.210338251509154],[70.55609853122226,23.160338251509154]]]}},{"type":"Feature","properties":{"GRID_CODE":"GJ-KU-RAP-085","DISTRICT":"Kachchh","BLOCK":"Rapar"},"geometry":{"type":"Polygon","coordinates":[[[70.70609853122227,23.410338251509154],[70.65609853122227,23.410338251509154],[70.65609853122227,23.460338251509154],[70.70609853122227,23.460338251509154],[70.70609853122227,23.410338251509154]]]}},{"type":"Feature","properties":{"GRID_CODE":"GJ-KU-LIT-172","DISTRICT":"Kachchh","BLOCK":"Little Rann"},"geometry":{"type":"Polygon","coordinates":[[[70.20609853122227,23.010338251509155],[70.15609853122227,23.010338251509155],[70.15609853122227,23.060338251509156],[70.20609853122227,23.060338251509156],[70.20609853122227,23.010338251509155]]]}},{"type":"Feature","properties":{"GRID_CODE":"GJ-KU-BHA-053","DISTRICT":"Kachchh","BLOCK":"Bhachau"},"geometry":{"type":"Polygon","coordinates":[[[70.35609853122227,23.260338251509155],[70.30609853122226,23.260338251509155],[70.30609853122226,23.310338251509156],[70.35609853122227,23.310338251509156],[70.35609853122227,23.260338251509155]]]}},{"type":"Feature","properties":{"GRID_CODE":"GJ-KU-RAN-408","DISTRICT":"Kachchh","BLOCK":"Rann of Kachchh"},"geometry":{"type":"Polygon","coordinates":[[[71.30609853122226,23.910338251509154],[71.25609853122227,23.910338251509154],[71.25609853122227,23.960338251509154],[71.30609853122226,23.960338251509154],[71.30609853122226,23.910338251509154]]]}},{"type":"Feature","properties":{"GRID_CODE":"GJ-KU-RAN-209","DISTRICT":"Kachchh","BLOCK":"Rann of Kachchh"},"geometry":{"type":"Polygon","coordinates":[[[69.20609853122227,24.060338251509156],[69.15609853122227,24.060338251509156],[69.15609853122227,24.110338251509157],[69.20609853122227,24.110338251509157],[69.20609853122227,24.060338251509156]]]}},{"type":"Feature","properties":{"GRID_CODE":"GJ-KU-RAN-365","DISTRICT":"Kachchh","BLOCK":"Rann of Kachchh"},"geometry":{"type":"Polygon","coordinates":[[[68.85609853122227,23.910338251509154],[68.80609853122226,23.910338251509154],[68.80609853122226,23.960338251509154],[68.85609853122227,23.960338251509154],[68.85609853122227,23.910338251509154]]]}},{"type":"Feature","properties":{"GRID_CODE":"GJ-KU-RAN-347","DISTRICT":"Kachchh","BLOCK":"Rann of Kachchh"},"geometry":{"type":"Polygon","coordinates":[[[70.90609853122227,23.960338251509154],[70.85609853122227,23.960338251509154],[70.85609853122227,24.010338251509155],[70.90609853122227,24.010338251509155],[70.90609853122227,23.960338251509154]]]}},{"type":"Feature","properties":{"GRID_CODE":"GJ-KU-RAN-151","DISTRICT":"Kachchh","BLOCK":"Rann of Kachchh"},"geometry":{"type":"Polygon","coordinates":[[[68.80609853122226,24.110338251509157],[68.75609853122227,24.110338251509157],[68.75609853122227,24.160338251509154],[68.80609853122226,24.160338251509154],[68.80609853122226,24.110338251509157]]]}},{"type":"Feature","properties":{"GRID_CODE":"GJ-KU-RAN-483","DISTRICT":"Kachchh","BLOCK":"Rann of Kachchh"},"geometry":{"type":"Polygon","coordinates":[[[70.55609853122226,23.810338251509156],[70.50609853122227,23.810338251509156],[70.50609853122227,23.860338251509157],[70.55609853122226,23.860338251509157],[70.55609853122226,23.810338251509156]]]}},{"type":"Feature","properties":{"GRID_CODE":"GJ-KU-BHU-086","DISTRICT":"Kachchh","BLOCK":"Bhuj"},"geometry":{"type":"Polygon","coordinates":[[[69.75609853122227,23.410338251509154],[69.70609853122227,23.410338251509154],[69.70609853122227,23.460338251509154],[69.75609853122227,23.460338251509154],[69.75609853122227,23.410338251509154]]]}},{"type":"Feature","properties":{"GRID_CODE":"GJ-KU-RAN-239","DISTRICT":"Kachchh","BLOCK":"Rann of Kachchh"},"geometry":{"type":"Polygon","coordinates":[[[70.70609853122227,24.060338251509156],[70.65609853122227,24.060338251509156],[70.65609853122227,24.110338251509157],[70.70609853122227,24.110338251509157],[70.70609853122227,24.060338251509156]]]}},{"type":"Feature","properties":{"GRID_CODE":"GJ-KU-RAN-554","DISTRICT":"Kachchh","BLOCK":"Rann of Kachchh"},"geometry":{"type":"Polygon","coordinates":[[[70.20609853122227,23.660338251509154],[70.15609853122227,23.660338251509154],[70.15609853122227,23.710338251509154],[70.20609853122227,23.710338251509154],[70.20609853122227,23.660338251509154]]]}},{"type":"Feature","properties":{"GRID_CODE":"GJ-KU-RAN-391","DISTRICT":"Kachchh","BLOCK":"Rann of Kachchh"},"geometry":{"type":"Polygon","coordinates":[[[70.35609853122227,23.910338251509154],[70.30609853122226,23.910338251509154],[70.30609853122226,23.960338251509154],[70.35609853122227,23.960338251509154],[70.35609853122227,23.910338251509154]]]}},{"type":"Feature","properties":{"GRID_CODE":"GJ-KU-RAN-181","DISTRICT":"Kachchh","BLOCK":"Rann of Kachchh"},"geometry":{"type":"Polygon","coordinates":[[[70.30609853122226,24.110338251509157],[70.25609853122227,24.110338251509157],[70.25609853122227,24.160338251509154],[70.30609853122226,24.160338251509154],[70.30609853122226,24.110338251509157]]]}},{"type":"Feature","properties":{"GRID_CODE":"GJ-KU-RAN-328","DISTRICT":"Kachchh","BLOCK":"Rann of Kachchh"},"geometry":{"type":"Polygon","coordinates":[[[69.95609853122227,23.960338251509154],[69.90609853122227,23.960338251509154],[69.90609853122227,24.010338251509155],[69.95609853122227,24.010338251509155],[69.95609853122227,23.960338251509154]]]}},{"type":"Feature","properties":{"GRID_CODE":"GJ-KU-RAN-220","DISTRICT":"Kachchh","BLOCK":"Rann of Kachchh"},"geometry":{"type":"Polygon","coordinates":[[[69.75609853122227,24.060338251509156],[69.70609853122227,24.060338251509156],[69.70609853122227,24.110338251509157],[69.75609853122227,24.110338251509157],[69.75609853122227,24.060338251509156]]]}},{"type":"Feature","properties":{"GRID_CODE":"GJ-KU-RAN-162","DISTRICT":"Kachchh","BLOCK":"Rann of Kachchh"},"geometry":{"type":"Polygon","coordinates":[[[69.35609853122227,24.110338251509157],[69.30609853122226,24.110338251509157],[69.30609853122226,24.160338251509154],[69.35609853122227,24.160338251509154],[69.35609853122227,24.110338251509157]]]}},{"type":"Feature","properties":{"GRID_CODE":"GJ-KU-NAK-028","DISTRICT":"Kachchh","BLOCK":"Nakhatrana"},"geometry":{"type":"Polygon","coordinates":[[[69.00609853122227,23.410338251509154],[68.95609853122227,23.410338251509154],[68.95609853122227,23.460338251509154],[69.00609853122227,23.460338251509154],[69.00609853122227,23.410338251509154]]]}},{"type":"Feature","properties":{"GRID_CODE":"GJ-KU-RAP-082","DISTRICT":"Kachchh","BLOCK":"Rapar"},"geometry":{"type":"Polygon","coordinates":[[[71.05609853122226,23.460338251509154],[71.00609853122227,23.460338251509154],[71.00609853122227,23.510338251509155],[71.05609853122226,23.510338251509155],[71.05609853122226,23.460338251509154]]]}},{"type":"Feature","properties":{"GRID_CODE":"GJ-KU-MUN-015","DISTRICT":"Kachchh","BLOCK":"Mundra"},"geometry":{"type":"Polygon","coordinates":[[[69.90609853122227,22.910338251509154],[69.85609853122227,22.910338251509154],[69.85609853122227,22.960338251509154],[69.90609853122227,22.960338251509154],[69.90609853122227,22.910338251509154]]]}},{"type":"Feature","properties":{"GRID_CODE":"GJ-KU-RAP-055","DISTRICT":"Kachchh","BLOCK":"Rapar"},"geometry":{"type":"Polygon","coordinates":[[[70.85609853122227,23.560338251509156],[70.80609853122226,23.560338251509156],[70.80609853122226,23.610338251509157],[70.85609853122227,23.610338251509157],[70.85609853122227,23.560338251509156]]]}},{"type":"Feature","properties":{"GRID_CODE":"GJ-KU-LAK-011","DISTRICT":"Kachchh","BLOCK":"Lakhpat"},"geometry":{"type":"Polygon","coordinates":[[[68.75609853122227,23.710338251509154],[68.70609853122227,23.710338251509154],[68.70609853122227,23.760338251509155],[68.75609853122227,23.760338251509155],[68.75609853122227,23.710338251509154]]]}},{"type":"Feature","properties":{"GRID_CODE":"GJ-KU-COA-009","DISTRICT":"Kachchh","BLOCK":"Coastal Area"},"geometry":{"type":"Polygon","coordinates":[[[69.55609853122226,22.760338251509155],[69.50609853122227,22.760338251509155],[69.50609853122227,22.810338251509156],[69.55609853122226,22.810338251509156],[69.55609853122226,22.760338251509155]]]}},{"type":"Feature","properties":{"GRID_CODE":"GJ-KU-BHA-027","DISTRICT":"Kachchh","BLOCK":"Bhachau"},"geometry":{"type":"Polygon","coordinates":[[[70.50609853122227,23.410338251509154],[70.45609853122227,23.410338251509154],[70.45609853122227,23.460338251509154],[70.50609853122227,23.460338251509154],[70.50609853122227,23.410338251509154]]]}},{"type":"Feature","properties":{"GRID_CODE":"GJ-KU-RAN-576","DISTRICT":"Kachchh","BLOCK":"Rann of Kachchh"},"geometry":{"type":"Polygon","coordinates":[[[70.45609853122227,23.610338251509157],[70.40609853122227,23.610338251509157],[70.40609853122227,23.660338251509154],[70.45609853122227,23.660338251509154],[70.45609853122227,23.610338251509157]]]}},{"type":"Feature","properties":{"GRID_CODE":"GJ-KU-RAN-593","DISTRICT":"Kachchh","BLOCK":"Rann of Kachchh"},"geometry":{"type":"Polygon","coordinates":[[[70.10609853122227,23.460338251509154],[70.05609853122226,23.460338251509154],[70.05609853122226,23.510338251509155],[70.10609853122227,23.510338251509155],[70.10609853122227,23.460338251509154]]]}},{"type":"Feature","properties":{"GRID_CODE":"GJ-KU-RAN-196","DISTRICT":"Kachchh","BLOCK":"Rann of Kachchh"},"geometry":{"type":"Polygon","coordinates":[[[71.05609853122226,24.110338251509157],[71.00609853122227,24.110338251509157],[71.00609853122227,24.160338251509154],[71.05609853122226,24.160338251509154],[71.05609853122226,24.110338251509157]]]}},{"type":"Feature","properties":{"GRID_CODE":"GJ-KU-MAN-005","DISTRICT":"Kachchh","BLOCK":"Mandvi"},"geometry":{"type":"Polygon","coordinates":[[[69.30609853122226,23.060338251509156],[69.25609853122227,23.060338251509156],[69.25609853122227,23.110338251509157],[69.30609853122226,23.110338251509157],[69.30609853122226,23.060338251509156]]]}},{"type":"Feature","properties":{"GRID_CODE":"GJ-KU-RAN-537","DISTRICT":"Kachchh","BLOCK":"Rann of Kachchh"},"geometry":{"type":"Polygon","coordinates":[[[70.25609853122227,23.710338251509154],[70.20609853122227,23.710338251509154],[70.20609853122227,23.760338251509155],[70.25609853122227,23.760338251509155],[70.25609853122227,23.710338251509154]]]}},{"type":"Feature","properties":{"GRID_CODE":"GJ-KU-BHU-073","DISTRICT":"Kachchh","BLOCK":"Bhuj"},"geometry":{"type":"Polygon","coordinates":[[[69.90609853122227,23.560338251509156],[69.85609853122227,23.560338251509156],[69.85609853122227,23.610338251509157],[69.90609853122227,23.610338251509157],[69.90609853122227,23.560338251509156]]]}},{"type":"Feature","properties":{"GRID_CODE":"GJ-KU-BHU-059","DISTRICT":"Kachchh","BLOCK":"Bhuj"},"geometry":{"type":"Polygon","coordinates":[[[69.50609853122227,23.610338251509157],[69.45609853122227,23.610338251509157],[69.45609853122227,23.660338251509154],[69.50609853122227,23.660338251509154],[69.50609853122227,23.610338251509157]]]}},{"type":"Feature","properties":{"GRID_CODE":"GJ-KU-RAN-060","DISTRICT":"Kachchh","BLOCK":"Rann of Kachchh"},"geometry":{"type":"Polygon","coordinates":[[[70.45609853122227,24.260338251509155],[70.40609853122227,24.260338251509155],[70.40609853122227,24.310338251509156],[70.45609853122227,24.310338251509156],[70.45609853122227,24.260338251509155]]]}},{"type":"Feature","properties":{"GRID_CODE":"GJ-KU-RAN-436","DISTRICT":"Kachchh","BLOCK":"Rann of Kachchh"},"geometry":{"type":"Polygon","coordinates":[[[69.65609853122227,23.860338251509157],[69.60609853122227,23.860338251509157],[69.60609853122227,23.910338251509154],[69.65609853122227,23.910338251509154],[69.65609853122227,23.860338251509157]]]}},{"type":"Feature","properties":{"GRID_CODE":"GJ-KU-NAK-019","DISTRICT":"Kachchh","BLOCK":"Nakhatrana"},"geometry":{"type":"Polygon","coordinates":[[[69.15609853122227,23.460338251509154],[69.10609853122227,23.460338251509154],[69.10609853122227,23.510338251509155],[69.15609853122227,23.510338251509155],[69.15609853122227,23.460338251509154]]]}},{"type":"Feature","properties":{"GRID_CODE":"GJ-KU-RAN-177","DISTRICT":"Kachchh","BLOCK":"Rann of Kachchh"},"geometry":{"type":"Polygon","coordinates":[[[70.10609853122227,24.110338251509157],[70.05609853122226,24.110338251509157],[70.05609853122226,24.160338251509154],[70.10609853122227,24.160338251509154],[70.10609853122227,24.110338251509157]]]}},{"type":"Feature","properties":{"GRID_CODE":"GJ-KU-BHU-026","DISTRICT":"Kachchh","BLOCK":"Bhuj"},"geometry":{"type":"Polygon","coordinates":[[[69.30609853122226,23.710338251509154],[69.25609853122227,23.710338251509154],[69.25609853122227,23.760338251509155],[69.30609853122226,23.760338251509155],[69.30609853122226,23.710338251509154]]]}},{"type":"Feature","properties":{"GRID_CODE":"GJ-KU-NAK-001","DISTRICT":"Kachchh","BLOCK":"Nakhatrana"},"geometry":{"type":"Polygon","coordinates":[[[68.95609853122227,23.560338251509156],[68.90609853122227,23.560338251509156],[68.90609853122227,23.610338251509157],[68.95609853122227,23.610338251509157],[68.95609853122227,23.560338251509156]]]}},{"type":"Feature","properties":{"GRID_CODE":"GJ-KU-RAP-047","DISTRICT":"Kachchh","BLOCK":"Rapar"},"geometry":{"type":"Polygon","coordinates":[[[71.00609853122227,23.610338251509157],[70.95609853122227,23.610338251509157],[70.95609853122227,23.660338251509154],[71.00609853122227,23.660338251509154],[71.00609853122227,23.610338251509157]]]}},{"type":"Feature","properties":{"GRID_CODE":"GJ-KU-LAK-007","DISTRICT":"Kachchh","BLOCK":"Lakhpat"},"geometry":{"type":"Polygon","coordinates":[[[68.90609853122227,23.760338251509155],[68.85609853122227,23.760338251509155],[68.85609853122227,23.810338251509156],[68.90609853122227,23.810338251509156],[68.90609853122227,23.760338251509155]]]}},{"type":"Feature","properties":{"GRID_CODE":"GJ-KU-RAN-257","DISTRICT":"Kachchh","BLOCK":"Rann of Kachchh"},"geometry":{"type":"Polygon","coordinates":[[[69.05609853122226,24.010338251509155],[69.00609853122227,24.010338251509155],[69.00609853122227,24.060338251509156],[69.05609853122226,24.060338251509156],[69.05609853122226,24.010338251509155]]]}},{"type":"Feature","properties":{"GRID_CODE":"GJ-KU-RAN-417","DISTRICT":"Kachchh","BLOCK":"Rann of Kachchh"},"geometry":{"type":"Polygon","coordinates":[[[68.70609853122227,23.860338251509157],[68.65609853122227,23.860338251509157],[68.65609853122227,23.910338251509154],[68.70609853122227,23.910338251509154],[68.70609853122227,23.860338251509157]]]}},{"type":"Feature","properties":{"GRID_CODE":"GJ-KU-RAN-514","DISTRICT":"Kachchh","BLOCK":"Rann of Kachchh"},"geometry":{"type":"Polygon","coordinates":[[[70.40609853122227,23.760338251509155],[70.35609853122227,23.760338251509155],[70.35609853122227,23.810338251509156],[70.40609853122227,23.810338251509156],[70.40609853122227,23.760338251509155]]]}},{"type":"Feature","properties":{"GRID_CODE":"GJ-KU-RAN-028","DISTRICT":"Kachchh","BLOCK":"Rann of Kachchh"},"geometry":{"type":"Polygon","coordinates":[[[71.35609853122227,24.410338251509154],[71.30609853122226,24.410338251509154],[71.30609853122226,24.460338251509154],[71.35609853122227,24.460338251509154],[71.35609853122227,24.410338251509154]]]}},{"type":"Feature","properties":{"GRID_CODE":"GJ-KU-RAN-065","DISTRICT":"Kachchh","BLOCK":"Rann of Kachchh"},"geometry":{"type":"Polygon","coordinates":[[[71.00609853122227,24.260338251509155],[70.95609853122227,24.260338251509155],[70.95609853122227,24.310338251509156],[71.00609853122227,24.310338251509156],[71.00609853122227,24.260338251509155]]]}},{"type":"Feature","properties":{"GRID_CODE":"GJ-KU-ANJ-031","DISTRICT":"Kachchh","BLOCK":"Anjar"},"geometry":{"type":"Polygon","coordinates":[[[70.05609853122226,23.060338251509156],[70.00609853122227,23.060338251509156],[70.00609853122227,23.110338251509157],[70.05609853122226,23.110338251509157],[70.05609853122226,23.060338251509156]]]}},{"type":"Feature","properties":{"GRID_CODE":"GJ-KU-BHU-100","DISTRICT":"Kachchh","BLOCK":"Bhuj"},"geometry":{"type":"Polygon","coordinates":[[[69.80609853122226,23.360338251509157],[69.75609853122227,23.360338251509157],[69.75609853122227,23.410338251509154],[69.80609853122226,23.410338251509154],[69.80609853122226,23.360338251509157]]]}},{"type":"Feature","properties":{"GRID_CODE":"GJ-KU-BHU-130","DISTRICT":"Kachchh","BLOCK":"Bhuj"},"geometry":{"type":"Polygon","coordinates":[[[69.45609853122227,23.210338251509154],[69.40609853122227,23.210338251509154],[69.40609853122227,23.260338251509155],[69.45609853122227,23.260338251509155],[69.45609853122227,23.210338251509154]]]}},{"type":"Feature","properties":{"GRID_CODE":"GJ-KU-LIT-106","DISTRICT":"Kachchh","BLOCK":"Little Rann"},"geometry":{"type":"Polygon","coordinates":[[[71.50609853122227,23.260338251509155],[71.45609853122227,23.260338251509155],[71.45609853122227,23.310338251509156],[71.50609853122227,23.310338251509156],[71.50609853122227,23.260338251509155]]]}},{"type":"Feature","properties":{"GRID_CODE":"GJ-KU-LIT-069","DISTRICT":"Kachchh","BLOCK":"Little Rann"},"geometry":{"type":"Polygon","coordinates":[[[71.30609853122226,23.360338251509157],[71.25609853122227,23.360338251509157],[71.25609853122227,23.410338251509154],[71.30609853122226,23.410338251509154],[71.30609853122226,23.360338251509157]]]}},{"type":"Feature","properties":{"GRID_CODE":"GJ-KU-NAK-012","DISTRICT":"Kachchh","BLOCK":"Nakhatrana"},"geometry":{"type":"Polygon","coordinates":[[[69.20609853122227,23.510338251509155],[69.15609853122227,23.510338251509155],[69.15609853122227,23.560338251509156],[69.20609853122227,23.560338251509156],[69.20609853122227,23.510338251509155]]]}},{"type":"Feature","properties":{"GRID_CODE":"GJ-KU-LIT-114","DISTRICT":"Kachchh","BLOCK":"Little Rann"},"geometry":{"type":"Polygon","coordinates":[[[70.95609853122227,23.210338251509154],[70.90609853122227,23.210338251509154],[70.90609853122227,23.260338251509155],[70.95609853122227,23.260338251509155],[70.95609853122227,23.210338251509154]]]}},{"type":"Feature","properties":{"GRID_CODE":"GJ-KU-ABD-015","DISTRICT":"Kachchh","BLOCK":"Abdasa"},"geometry":{"type":"Polygon","coordinates":[[[68.85609853122227,23.360338251509157],[68.80609853122226,23.360338251509157],[68.80609853122226,23.410338251509154],[68.85609853122227,23.410338251509154],[68.85609853122227,23.360338251509157]]]}},{"type":"Feature","properties":{"GRID_CODE":"GJ-KU-RAN-272","DISTRICT":"Kachchh","BLOCK":"Rann of Kachchh"},"geometry":{"type":"Polygon","coordinates":[[[69.80609853122226,24.010338251509155],[69.75609853122227,24.010338251509155],[69.75609853122227,24.060338251509156],[69.80609853122226,24.060338251509156],[69.80609853122226,24.010338251509155]]]}},{"type":"Feature","properties":{"GRID_CODE":"GJ-KU-BHA-057","DISTRICT":"Kachchh","BLOCK":"Bhachau"},"geometry":{"type":"Polygon","coordinates":[[[70.55609853122226,23.260338251509155],[70.50609853122227,23.260338251509155],[70.50609853122227,23.310338251509156],[70.55609853122226,23.310338251509156],[70.55609853122226,23.260338251509155]]]}},{"type":"Feature","properties":{"GRID_CODE":"GJ-KU-RAP-064","DISTRICT":"Kachchh","BLOCK":"Rapar"},"geometry":{"type":"Polygon","coordinates":[[[70.70609853122227,23.510338251509155],[70.65609853122227,23.510338251509155],[70.65609853122227,23.560338251509156],[70.70609853122227,23.560338251509156],[70.70609853122227,23.510338251509155]]]}},{"type":"Feature","properties":{"GRID_CODE":"GJ-KU-GAN-001","DISTRICT":"Kachchh","BLOCK":"Gandhidham"},"geometry":{"type":"Polygon","coordinates":[[[70.20609853122227,23.110338251509157],[70.15609853122227,23.110338251509157],[70.15609853122227,23.160338251509154],[70.20609853122227,23.160338251509154],[70.20609853122227,23.110338251509157]]]}},{"type":"Feature","properties":{"GRID_CODE":"GJ-KU-BHA-033","DISTRICT":"Kachchh","BLOCK":"Bhachau"},"geometry":{"type":"Polygon","coordinates":[[[70.35609853122227,23.360338251509157],[70.30609853122226,23.360338251509157],[70.30609853122226,23.410338251509154],[70.35609853122227,23.410338251509154],[70.35609853122227,23.360338251509157]]]}},{"type":"Feature","properties":{"GRID_CODE":"GJ-KU-RAN-302","DISTRICT":"Kachchh","BLOCK":"Rann of Kachchh"},"geometry":{"type":"Polygon","coordinates":[[[71.30609853122226,24.010338251509155],[71.25609853122227,24.010338251509155],[71.25609853122227,24.060338251509156],[71.30609853122226,24.060338251509156],[71.30609853122226,24.010338251509155]]]}},{"type":"Feature","properties":{"GRID_CODE":"GJ-KU-RAN-114","DISTRICT":"Kachchh","BLOCK":"Rann of Kachchh"},"geometry":{"type":"Polygon","coordinates":[[[69.20609853122227,24.160338251509154],[69.15609853122227,24.160338251509154],[69.15609853122227,24.210338251509154],[69.20609853122227,24.210338251509154],[69.20609853122227,24.160338251509154]]]}},{"type":"Feature","properties":{"GRID_CODE":"GJ-KU-BHU-090","DISTRICT":"Kachchh","BLOCK":"Bhuj"},"geometry":{"type":"Polygon","coordinates":[[[69.95609853122227,23.410338251509154],[69.90609853122227,23.410338251509154],[69.90609853122227,23.460338251509154],[69.95609853122227,23.460338251509154],[69.95609853122227,23.410338251509154]]]}},{"type":"Feature","properties":{"GRID_CODE":"GJ-KU-RAN-243","DISTRICT":"Kachchh","BLOCK":"Rann of Kachchh"},"geometry":{"type":"Polygon","coordinates":[[[70.90609853122227,24.060338251509156],[70.85609853122227,24.060338251509156],[70.85609853122227,24.110338251509157],[70.90609853122227,24.110338251509157],[70.90609853122227,24.060338251509156]]]}},{"type":"Feature","properties":{"GRID_CODE":"GJ-KU-RAN-072","DISTRICT":"Kachchh","BLOCK":"Rann of Kachchh"},"geometry":{"type":"Polygon","coordinates":[[[68.80609853122226,24.210338251509154],[68.75609853122227,24.210338251509154],[68.75609853122227,24.260338251509155],[68.80609853122226,24.260338251509155],[68.80609853122226,24.210338251509154]]]}},{"type":"Feature","properties":{"GRID_CODE":"GJ-KU-RAN-395","DISTRICT":"Kachchh","BLOCK":"Rann of Kachchh"},"geometry":{"type":"Polygon","coordinates":[[[70.55609853122226,23.910338251509154],[70.50609853122227,23.910338251509154],[70.50609853122227,23.960338251509154],[70.55609853122226,23.960338251509154],[70.55609853122226,23.910338251509154]]]}},{"type":"Feature","properties":{"GRID_CODE":"GJ-KU-LIT-029","DISTRICT":"Kachchh","BLOCK":"Little Rann"},"geometry":{"type":"Polygon","coordinates":[[[69.75609853122227,23.510338251509155],[69.70609853122227,23.510338251509155],[69.70609853122227,23.560338251509156],[69.75609853122227,23.560338251509156],[69.75609853122227,23.510338251509155]]]}},{"type":"Feature","properties":{"GRID_CODE":"GJ-KU-RAN-137","DISTRICT":"Kachchh","BLOCK":"Rann of Kachchh"},"geometry":{"type":"Polygon","coordinates":[[[70.70609853122227,24.160338251509154],[70.65609853122227,24.160338251509154],[70.65609853122227,24.210338251509154],[70.70609853122227,24.210338251509154],[70.70609853122227,24.160338251509154]]]}},{"type":"Feature","properties":{"GRID_CODE":"GJ-KU-LIT-059","DISTRICT":"Kachchh","BLOCK":"Little Rann"},"geometry":{"type":"Polygon","coordinates":[[[71.45609853122227,23.410338251509154],[71.40609853122227,23.410338251509154],[71.40609853122227,23.460338251509154],[71.45609853122227,23.460338251509154],[71.45609853122227,23.410338251509154]]]}},{"type":"Feature","properties":{"GRID_CODE":"GJ-KU-RAN-091","DISTRICT":"Kachchh","BLOCK":"Rann of Kachchh"},"geometry":{"type":"Polygon","coordinates":[[[70.30609853122226,24.210338251509154],[70.25609853122227,24.210338251509154],[70.25609853122227,24.260338251509155],[70.30609853122226,24.260338251509155],[70.30609853122226,24.210338251509154]]]}},{"type":"Feature","properties":{"GRID_CODE":"GJ-KU-RAN-224","DISTRICT":"Kachchh","BLOCK":"Rann of Kachchh"},"geometry":{"type":"Polygon","coordinates":[[[69.95609853122227,24.060338251509156],[69.90609853122227,24.060338251509156],[69.90609853122227,24.110338251509157],[69.95609853122227,24.110338251509157],[69.95609853122227,24.060338251509156]]]}},{"type":"Feature","properties":{"GRID_CODE":"GJ-KU-RAN-081","DISTRICT":"Kachchh","BLOCK":"Rann of Kachchh"},"geometry":{"type":"Polygon","coordinates":[[[69.35609853122227,24.210338251509154],[69.30609853122226,24.210338251509154],[69.30609853122226,24.260338251509155],[69.35609853122227,24.260338251509155],[69.35609853122227,24.210338251509154]]]}},{"type":"Feature","properties":{"GRID_CODE":"GJ-KU-RAN-033","DISTRICT":"Kachchh","BLOCK":"Rann of Kachchh"},"geometry":{"type":"Polygon","coordinates":[[[71.20609853122227,24.360338251509157],[71.15609853122227,24.360338251509157],[71.15609853122227,24.410338251509154],[71.20609853122227,24.410338251509154],[71.20609853122227,24.360338251509157]]]}},{"type":"Feature","properties":{"GRID_CODE":"GJ-KU-ABD-058","DISTRICT":"Kachchh","BLOCK":"Abdasa"},"geometry":{"type":"Polygon","coordinates":[[[68.75609853122227,23.160338251509154],[68.70609853122227,23.160338251509154],[68.70609853122227,23.210338251509154],[68.75609853122227,23.210338251509154],[68.75609853122227,23.160338251509154]]]}},{"type":"Feature","properties":{"GRID_CODE":"GJ-KU-LIT-193","DISTRICT":"Kachchh","BLOCK":"Little Rann"},"geometry":{"type":"Polygon","coordinates":[[[70.50609853122227,22.860338251509157],[70.45609853122227,22.860338251509157],[70.45609853122227,22.910338251509154],[70.50609853122227,22.910338251509154],[70.50609853122227,22.860338251509157]]]}},{"type":"Feature","properties":{"GRID_CODE":"GJ-KU-COA-004","DISTRICT":"Kachchh","BLOCK":"Coastal Area"},"geometry":{"type":"Polygon","coordinates":[[[70.10609853122227,22.910338251509154],[70.05609853122226,22.910338251509154],[70.05609853122226,22.960338251509154],[70.10609853122227,22.960338251509154],[70.10609853122227,22.910338251509154]]]}},{"type":"Feature","properties":{"GRID_CODE":"GJ-KU-LIT-014","DISTRICT":"Kachchh","BLOCK":"Little Rann"},"geometry":{"type":"Polygon","coordinates":[[[71.05609853122226,23.560338251509156],[71.00609853122227,23.560338251509156],[71.00609853122227,23.610338251509157],[71.05609853122226,23.610338251509157],[71.05609853122226,23.560338251509156]]]}},{"type":"Feature","properties":{"GRID_CODE":"GJ-KU-BHA-072","DISTRICT":"Kachchh","BLOCK":"Bhachau"},"geometry":{"type":"Polygon","coordinates":[[[70.25609853122227,23.160338251509154],[70.20609853122227,23.160338251509154],[70.20609853122227,23.210338251509154],[70.25609853122227,23.210338251509154],[70.25609853122227,23.160338251509154]]]}},{"type":"Feature","properties":{"GRID_CODE":"GJ-KU-ANJ-034","DISTRICT":"Kachchh","BLOCK":"Anjar"},"geometry":{"type":"Polygon","coordinates":[[[69.90609853122227,23.010338251509155],[69.85609853122227,23.010338251509155],[69.85609853122227,23.060338251509156],[69.90609853122227,23.060338251509156],[69.90609853122227,23.010338251509155]]]}},{"type":"Feature","properties":{"GRID_CODE":"GJ-KU-RAP-034","DISTRICT":"Kachchh","BLOCK":"Rapar"},"geometry":{"type":"Polygon","coordinates":[[[70.85609853122227,23.660338251509154],[70.80609853122226,23.660338251509154],[70.80609853122226,23.710338251509154],[70.85609853122227,23.710338251509154],[70.85609853122227,23.660338251509154]]]}},{"type":"Feature","properties":{"GRID_CODE":"GJ-KU-LAK-001","DISTRICT":"Kachchh","BLOCK":"Lakhpat"},"geometry":{"type":"Polygon","coordinates":[[[68.75609853122227,23.810338251509156],[68.70609853122227,23.810338251509156],[68.70609853122227,23.860338251509157],[68.75609853122227,23.860338251509157],[68.75609853122227,23.810338251509156]]]}},{"type":"Feature","properties":{"GRID_CODE":"GJ-KU-MUN-017","DISTRICT":"Kachchh","BLOCK":"Mundra"},"geometry":{"type":"Polygon","coordinates":[[[69.55609853122226,22.860338251509157],[69.50609853122227,22.860338251509157],[69.50609853122227,22.910338251509154],[69.55609853122226,22.910338251509154],[69.55609853122226,22.860338251509157]]]}},{"type":"Feature","properties":{"GRID_CODE":"GJ-KU-RAN-547","DISTRICT":"Kachchh","BLOCK":"Rann of Kachchh"},"geometry":{"type":"Polygon","coordinates":[[[68.40609853122227,23.660338251509154],[68.35609853122227,23.660338251509154],[68.35609853122227,23.710338251509154],[68.40609853122227,23.710338251509154],[68.40609853122227,23.660338251509154]]]}},{"type":"Feature","properties":{"GRID_CODE":"GJ-KU-RAN-541","DISTRICT":"Kachchh","BLOCK":"Rann of Kachchh"},"geometry":{"type":"Polygon","coordinates":[[[70.45609853122227,23.710338251509154],[70.40609853122227,23.710338251509154],[70.40609853122227,23.760338251509155],[70.45609853122227,23.760338251509155],[70.45609853122227,23.710338251509154]]]}},{"type":"Feature","properties":{"GRID_CODE":"GJ-KU-MAN-028","DISTRICT":"Kachchh","BLOCK":"Mandvi"},"geometry":{"type":"Polygon","coordinates":[[[69.15609853122227,22.910338251509154],[69.10609853122227,22.910338251509154],[69.10609853122227,22.960338251509154],[69.15609853122227,22.960338251509154],[69.15609853122227,22.910338251509154]]]}},{"type":"Feature","properties":{"GRID_CODE":"GJ-KU-RAN-580","DISTRICT":"Kachchh","BLOCK":"Rann of Kachchh"},"geometry":{"type":"Polygon","coordinates":[[[70.10609853122227,23.560338251509156],[70.05609853122226,23.560338251509156],[70.05609853122226,23.610338251509157],[70.10609853122227,23.610338251509157],[70.10609853122227,23.560338251509156]]]}},{"type":"Feature","properties":{"GRID_CODE":"GJ-KU-RAN-101","DISTRICT":"Kachchh","BLOCK":"Rann of Kachchh"},"geometry":{"type":"Polygon","coordinates":[[[71.05609853122226,24.210338251509154],[71.00609853122227,24.210338251509154],[71.00609853122227,24.260338251509155],[71.05609853122226,24.260338251509155],[71.05609853122226,24.210338251509154]]]}},{"type":"Feature","properties":{"GRID_CODE":"GJ-KU-NAK-064","DISTRICT":"Kachchh","BLOCK":"Nakhatrana"},"geometry":{"type":"Polygon","coordinates":[[[69.30609853122226,23.160338251509154],[69.25609853122227,23.160338251509154],[69.25609853122227,23.210338251509154],[69.30609853122226,23.210338251509154],[69.30609853122226,23.160338251509154]]]}},{"type":"Feature","properties":{"GRID_CODE":"GJ-KU-BHA-008","DISTRICT":"Kachchh","BLOCK":"Bhachau"},"geometry":{"type":"Polygon","coordinates":[[[70.25609853122227,23.810338251509156],[70.20609853122227,23.810338251509156],[70.20609853122227,23.860338251509157],[70.25609853122227,23.860338251509157],[70.25609853122227,23.810338251509156]]]}},{"type":"Feature","properties":{"GRID_CODE":"GJ-KU-ABD-088","DISTRICT":"Kachchh","BLOCK":"Abdasa"},"geometry":{"type":"Polygon","coordinates":[[[68.95609853122227,23.010338251509155],[68.90609853122227,23.010338251509155],[68.90609853122227,23.060338251509156],[68.95609853122227,23.060338251509156],[68.95609853122227,23.010338251509155]]]}},{"type":"Feature","properties":{"GRID_CODE":"GJ-KU-RAN-548","DISTRICT":"Kachchh","BLOCK":"Rann of Kachchh"},"geometry":{"type":"Polygon","coordinates":[[[69.90609853122227,23.660338251509154],[69.85609853122227,23.660338251509154],[69.85609853122227,23.710338251509154],[69.90609853122227,23.710338251509154],[69.90609853122227,23.660338251509154]]]}},{"type":"Feature","properties":{"GRID_CODE":"GJ-KU-BHU-007","DISTRICT":"Kachchh","BLOCK":"Bhuj"},"geometry":{"type":"Polygon","coordinates":[[[69.85609853122227,23.860338251509157],[69.80609853122226,23.860338251509157],[69.80609853122226,23.910338251509154],[69.85609853122227,23.910338251509154],[69.85609853122227,23.860338251509157]]]}},{"type":"Feature","properties":{"GRID_CODE":"GJ-KU-RAN-175","DISTRICT":"Kachchh","BLOCK":"Rann of Kachchh"},"geometry":{"type":"Polygon","coordinates":[[[70.00609853122227,24.110338251509157],[69.95609853122227,24.110338251509157],[69.95609853122227,24.160338251509154],[70.00609853122227,24.160338251509154],[70.00609853122227,24.110338251509157]]]}},{"type":"Feature","properties":{"GRID_CODE":"GJ-KU-BHU-030","DISTRICT":"Kachchh","BLOCK":"Bhuj"},"geometry":{"type":"Polygon","coordinates":[[[69.50609853122227,23.710338251509154],[69.45609853122227,23.710338251509154],[69.45609853122227,23.760338251509155],[69.50609853122227,23.760338251509155],[69.50609853122227,23.710338251509154]]]}},{"type":"Feature","properties":{"GRID_CODE":"GJ-KU-ABD-021","DISTRICT":"Kachchh","BLOCK":"Abdasa"},"geometry":{"type":"Polygon","coordinates":[[[68.70609853122227,23.310338251509156],[68.65609853122227,23.310338251509156],[68.65609853122227,23.360338251509157],[68.70609853122227,23.360338251509157],[68.70609853122227,23.310338251509156]]]}},{"type":"Feature","properties":{"GRID_CODE":"GJ-KU-RAN-322","DISTRICT":"Kachchh","BLOCK":"Rann of Kachchh"},"geometry":{"type":"Polygon","coordinates":[[[69.65609853122227,23.960338251509154],[69.60609853122227,23.960338251509154],[69.60609853122227,24.010338251509155],[69.65609853122227,24.010338251509155],[69.65609853122227,23.960338251509154]]]}},{"type":"Feature","properties":{"GRID_CODE":"GJ-KU-NAK-005","DISTRICT":"Kachchh","BLOCK":"Nakhatrana"},"geometry":{"type":"Polygon","coordinates":[[[69.15609853122227,23.560338251509156],[69.10609853122227,23.560338251509156],[69.10609853122227,23.610338251509157],[69.15609853122227,23.610338251509157],[69.15609853122227,23.560338251509156]]]}},{"type":"Feature","properties":{"GRID_CODE":"GJ-KU-RAN-467","DISTRICT":"Kachchh","BLOCK":"Rann of Kachchh"},"geometry":{"type":"Polygon","coordinates":[[[69.30609853122226,23.810338251509156],[69.25609853122227,23.810338251509156],[69.25609853122227,23.860338251509157],[69.30609853122226,23.860338251509157],[69.30609853122226,23.810338251509156]]]}},{"type":"Feature","properties":{"GRID_CODE":"GJ-KU-RAN-544","DISTRICT":"Kachchh","BLOCK":"Rann of Kachchh"},"geometry":{"type":"Polygon","coordinates":[[[71.00609853122227,23.710338251509154],[70.95609853122227,23.710338251509154],[70.95609853122227,23.760338251509155],[71.00609853122227,23.760338251509155],[71.00609853122227,23.710338251509154]]]}},{"type":"Feature","properties":{"GRID_CODE":"GJ-KU-RAN-421","DISTRICT":"Kachchh","BLOCK":"Rann of Kachchh"},"geometry":{"type":"Polygon","coordinates":[[[68.90609853122227,23.860338251509157],[68.85609853122227,23.860338251509157],[68.85609853122227,23.910338251509154],[68.90609853122227,23.910338251509154],[68.90609853122227,23.860338251509157]]]}},{"type":"Feature","properties":{"GRID_CODE":"GJ-KU-RAN-156","DISTRICT":"Kachchh","BLOCK":"Rann of Kachchh"},"geometry":{"type":"Polygon","coordinates":[[[69.05609853122226,24.110338251509157],[69.00609853122227,24.110338251509157],[69.00609853122227,24.160338251509154],[69.05609853122226,24.160338251509154],[69.05609853122226,24.110338251509157]]]}},{"type":"Feature","properties":{"GRID_CODE":"GJ-KU-BHA-006","DISTRICT":"Kachchh","BLOCK":"Bhachau"},"geometry":{"type":"Polygon","coordinates":[[[70.40609853122227,23.860338251509157],[70.35609853122227,23.860338251509157],[70.35609853122227,23.910338251509154],[70.40609853122227,23.910338251509154],[70.40609853122227,23.860338251509157]]]}},{"type":"Feature","properties":{"GRID_CODE":"GJ-KU-LIT-042","DISTRICT":"Kachchh","BLOCK":"Little Rann"},"geometry":{"type":"Polygon","coordinates":[[[69.80609853122226,23.460338251509154],[69.75609853122227,23.460338251509154],[69.75609853122227,23.510338251509155],[69.80609853122226,23.510338251509155],[69.80609853122226,23.460338251509154]]]}},{"type":"Feature","properties":{"GRID_CODE":"GJ-KU-NAK-055","DISTRICT":"Kachchh","BLOCK":"Nakhatrana"},"geometry":{"type":"Polygon","coordinates":[[[69.45609853122227,23.310338251509156],[69.40609853122227,23.310338251509156],[69.40609853122227,23.360338251509157],[69.45609853122227,23.360338251509157],[69.45609853122227,23.310338251509156]]]}},{"type":"Feature","properties":{"GRID_CODE":"GJ-KU-LIT-073","DISTRICT":"Kachchh","BLOCK":"Little Rann"},"geometry":{"type":"Polygon","coordinates":[[[71.50609853122227,23.360338251509157],[71.45609853122227,23.360338251509157],[71.45609853122227,23.410338251509154],[71.50609853122227,23.410338251509154],[71.50609853122227,23.360338251509157]]]}},{"type":"Feature","properties":{"GRID_CODE":"GJ-KU-LIT-118","DISTRICT":"Kachchh","BLOCK":"Little Rann"},"geometry":{"type":"Polygon","coordinates":[[[71.15609853122227,23.210338251509154],[71.10609853122227,23.210338251509154],[71.10609853122227,23.260338251509155],[71.15609853122227,23.260338251509155],[71.15609853122227,23.210338251509154]]]}},{"type":"Feature","properties":{"GRID_CODE":"GJ-KU-LIT-046","DISTRICT":"Kachchh","BLOCK":"Little Rann"},"geometry":{"type":"Polygon","coordinates":[[[71.30609853122226,23.460338251509154],[71.25609853122227,23.460338251509154],[71.25609853122227,23.510338251509155],[71.30609853122226,23.510338251509155],[71.30609853122226,23.460338251509154]]]}},{"type":"Feature","properties":{"GRID_CODE":"GJ-KU-BHU-053","DISTRICT":"Kachchh","BLOCK":"Bhuj"},"geometry":{"type":"Polygon","coordinates":[[[69.20609853122227,23.610338251509157],[69.15609853122227,23.610338251509157],[69.15609853122227,23.660338251509154],[69.20609853122227,23.660338251509154],[69.20609853122227,23.610338251509157]]]}},{"type":"Feature","properties":{"GRID_CODE":"GJ-KU-LIT-078","DISTRICT":"Kachchh","BLOCK":"Little Rann"},"geometry":{"type":"Polygon","coordinates":[[[70.95609853122227,23.310338251509156],[70.90609853122227,23.310338251509156],[70.90609853122227,23.360338251509157],[70.95609853122227,23.360338251509157],[70.95609853122227,23.310338251509156]]]}},{"type":"Feature","properties":{"GRID_CODE":"GJ-KU-LAK-069","DISTRICT":"Kachchh","BLOCK":"Lakhpat"},"geometry":{"type":"Polygon","coordinates":[[[68.85609853122227,23.460338251509154],[68.80609853122226,23.460338251509154],[68.80609853122226,23.510338251509155],[68.85609853122227,23.510338251509155],[68.85609853122227,23.460338251509154]]]}},{"type":"Feature","properties":{"GRID_CODE":"GJ-KU-RAP-068","DISTRICT":"Kachchh","BLOCK":"Rapar"},"geometry":{"type":"Polygon","coordinates":[[[70.90609853122227,23.510338251509155],[70.85609853122227,23.510338251509155],[70.85609853122227,23.560338251509156],[70.90609853122227,23.560338251509156],[70.90609853122227,23.510338251509155]]]}},{"type":"Feature","properties":{"GRID_CODE":"GJ-KU-BHA-037","DISTRICT":"Kachchh","BLOCK":"Bhachau"},"geometry":{"type":"Polygon","coordinates":[[[70.55609853122226,23.360338251509157],[70.50609853122227,23.360338251509157],[70.50609853122227,23.410338251509154],[70.55609853122226,23.410338251509154],[70.55609853122226,23.360338251509157]]]}},{"type":"Feature","properties":{"GRID_CODE":"GJ-KU-MUN-007","DISTRICT":"Kachchh","BLOCK":"Mundra"},"geometry":{"type":"Polygon","coordinates":[[[69.75609853122227,22.960338251509154],[69.70609853122227,22.960338251509154],[69.70609853122227,23.010338251509155],[69.75609853122227,23.010338251509155],[69.75609853122227,22.960338251509154]]]}},{"type":"Feature","properties":{"GRID_CODE":"GJ-KU-RAP-041","DISTRICT":"Kachchh","BLOCK":"Rapar"},"geometry":{"type":"Polygon","coordinates":[[[70.70609853122227,23.610338251509157],[70.65609853122227,23.610338251509157],[70.65609853122227,23.660338251509154],[70.70609853122227,23.660338251509154],[70.70609853122227,23.610338251509157]]]}},{"type":"Feature","properties":{"GRID_CODE":"GJ-KU-RAN-494","DISTRICT":"Kachchh","BLOCK":"Rann of Kachchh"},"geometry":{"type":"Polygon","coordinates":[[[68.60609853122227,23.760338251509155],[68.55609853122226,23.760338251509155],[68.55609853122226,23.810338251509156],[68.60609853122227,23.810338251509156],[68.60609853122227,23.760338251509155]]]}},{"type":"Feature","properties":{"GRID_CODE":"GJ-KU-ANJ-013","DISTRICT":"Kachchh","BLOCK":"Anjar"},"geometry":{"type":"Polygon","coordinates":[[[70.20609853122227,23.210338251509154],[70.15609853122227,23.210338251509154],[70.15609853122227,23.260338251509155],[70.20609853122227,23.260338251509155],[70.20609853122227,23.210338251509154]]]}},{"type":"Feature","properties":{"GRID_CODE":"GJ-KU-BHA-018","DISTRICT":"Kachchh","BLOCK":"Bhachau"},"geometry":{"type":"Polygon","coordinates":[[[70.35609853122227,23.460338251509154],[70.30609853122226,23.460338251509154],[70.30609853122226,23.510338251509155],[70.35609853122227,23.510338251509155],[70.35609853122227,23.460338251509154]]]}},{"type":"Feature","properties":{"GRID_CODE":"GJ-KU-RAN-563","DISTRICT":"Kachchh","BLOCK":"Rann of Kachchh"},"geometry":{"type":"Polygon","coordinates":[[[68.25609853122227,23.610338251509157],[68.20609853122227,23.610338251509157],[68.20609853122227,23.660338251509154],[68.25609853122227,23.660338251509154],[68.25609853122227,23.610338251509157]]]}},{"type":"Feature","properties":{"GRID_CODE":"GJ-KU-RAN-048","DISTRICT":"Kachchh","BLOCK":"Rann of Kachchh"},"geometry":{"type":"Polygon","coordinates":[[[71.25609853122227,24.310338251509156],[71.20609853122227,24.310338251509156],[71.20609853122227,24.360338251509157],[71.25609853122227,24.360338251509157],[71.25609853122227,24.310338251509156]]]}},{"type":"Feature","properties":{"GRID_CODE":"GJ-KU-BHU-078","DISTRICT":"Kachchh","BLOCK":"Bhuj"},"geometry":{"type":"Polygon","coordinates":[[[69.95609853122227,23.510338251509155],[69.90609853122227,23.510338251509155],[69.90609853122227,23.560338251509156],[69.95609853122227,23.560338251509156],[69.95609853122227,23.510338251509155]]]}},{"type":"Feature","properties":{"GRID_CODE":"GJ-KU-RAN-141","DISTRICT":"Kachchh","BLOCK":"Rann of Kachchh"},"geometry":{"type":"Polygon","coordinates":[[[70.90609853122227,24.160338251509154],[70.85609853122227,24.160338251509154],[70.85609853122227,24.210338251509154],[70.90609853122227,24.210338251509154],[70.90609853122227,24.160338251509154]]]}},{"type":"Feature","properties":{"GRID_CODE":"GJ-KU-RAN-287","DISTRICT":"Kachchh","BLOCK":"Rann of Kachchh"},"geometry":{"type":"Polygon","coordinates":[[[70.55609853122226,24.010338251509155],[70.50609853122227,24.010338251509155],[70.50609853122227,24.060338251509156],[70.55609853122226,24.060338251509156],[70.55609853122226,24.010338251509155]]]}},{"type":"Feature","properties":{"GRID_CODE":"GJ-KU-BHU-064","DISTRICT":"Kachchh","BLOCK":"Bhuj"},"geometry":{"type":"Polygon","coordinates":[[[69.75609853122227,23.610338251509157],[69.70609853122227,23.610338251509157],[69.70609853122227,23.660338251509154],[69.75609853122227,23.660338251509154],[69.75609853122227,23.610338251509157]]]}},{"type":"Feature","properties":{"GRID_CODE":"GJ-KU-LIT-037","DISTRICT":"Kachchh","BLOCK":"Little Rann"},"geometry":{"type":"Polygon","coordinates":[[[71.45609853122227,23.510338251509155],[71.40609853122227,23.510338251509155],[71.40609853122227,23.560338251509156],[71.45609853122227,23.560338251509156],[71.45609853122227,23.510338251509155]]]}},{"type":"Feature","properties":{"GRID_CODE":"GJ-KU-BHU-042","DISTRICT":"Kachchh","BLOCK":"Bhuj"},"geometry":{"type":"Polygon","coordinates":[[[69.35609853122227,23.660338251509154],[69.30609853122226,23.660338251509154],[69.30609853122226,23.710338251509154],[69.35609853122227,23.710338251509154],[69.35609853122227,23.660338251509154]]]}},{"type":"Feature","properties":{"GRID_CODE":"GJ-KU-RAN-018","DISTRICT":"Kachchh","BLOCK":"Rann of Kachchh"},"geometry":{"type":"Polygon","coordinates":[[[71.20609853122227,24.460338251509154],[71.15609853122227,24.460338251509154],[71.15609853122227,24.510338251509155],[71.20609853122227,24.510338251509155],[71.20609853122227,24.460338251509154]]]}},{"type":"Feature","properties":{"GRID_CODE":"GJ-KU-MUN-026","DISTRICT":"Kachchh","BLOCK":"Mundra"},"geometry":{"type":"Polygon","coordinates":[[[69.60609853122227,22.810338251509156],[69.55609853122226,22.810338251509156],[69.55609853122226,22.860338251509157],[69.60609853122227,22.860338251509157],[69.60609853122227,22.810338251509156]]]}},{"type":"Feature","properties":{"GRID_CODE":"GJ-KU-ABD-093","DISTRICT":"Kachchh","BLOCK":"Abdasa"},"geometry":{"type":"Polygon","coordinates":[[[69.00609853122227,22.960338251509154],[68.95609853122227,22.960338251509154],[68.95609853122227,23.010338251509155],[69.00609853122227,23.010338251509155],[69.00609853122227,22.960338251509154]]]}},{"type":"Feature","properties":{"GRID_CODE":"GJ-KU-LIT-160","DISTRICT":"Kachchh","BLOCK":"Little Rann"},"geometry":{"type":"Polygon","coordinates":[[[70.85609853122227,23.110338251509157],[70.80609853122226,23.110338251509157],[70.80609853122226,23.160338251509154],[70.85609853122227,23.160338251509154],[70.85609853122227,23.110338251509157]]]}},{"type":"Feature","properties":{"GRID_CODE":"GJ-KU-ABD-034","DISTRICT":"Kachchh","BLOCK":"Abdasa"},"geometry":{"type":"Polygon","coordinates":[[[68.75609853122227,23.260338251509155],[68.70609853122227,23.260338251509155],[68.70609853122227,23.310338251509156],[68.75609853122227,23.310338251509156],[68.75609853122227,23.260338251509155]]]}},{"type":"Feature","properties":{"GRID_CODE":"GJ-KU-LIT-185","DISTRICT":"Kachchh","BLOCK":"Little Rann"},"geometry":{"type":"Polygon","coordinates":[[[70.50609853122227,22.960338251509154],[70.45609853122227,22.960338251509154],[70.45609853122227,23.010338251509155],[70.50609853122227,23.010338251509155],[70.50609853122227,22.960338251509154]]]}},{"type":"Feature","properties":{"GRID_CODE":"GJ-KU-GAN-005","DISTRICT":"Kachchh","BLOCK":"Gandhidham"},"geometry":{"type":"Polygon","coordinates":[[[70.10609853122227,23.010338251509155],[70.05609853122226,23.010338251509155],[70.05609853122226,23.060338251509156],[70.10609853122227,23.060338251509156],[70.10609853122227,23.010338251509155]]]}},{"type":"Feature","properties":{"GRID_CODE":"GJ-KU-RAN-562","DISTRICT":"Kachchh","BLOCK":"Rann of Kachchh"},"geometry":{"type":"Polygon","coordinates":[[[71.05609853122226,23.660338251509154],[71.00609853122227,23.660338251509154],[71.00609853122227,23.710338251509154],[71.05609853122226,23.710338251509154],[71.05609853122226,23.660338251509154]]]}},{"type":"Feature","properties":{"GRID_CODE":"GJ-KU-BHA-051","DISTRICT":"Kachchh","BLOCK":"Bhachau"},"geometry":{"type":"Polygon","coordinates":[[[70.25609853122227,23.260338251509155],[70.20609853122227,23.260338251509155],[70.20609853122227,23.310338251509156],[70.25609853122227,23.310338251509156],[70.25609853122227,23.260338251509155]]]}},{"type":"Feature","properties":{"GRID_CODE":"GJ-KU-ANJ-021","DISTRICT":"Kachchh","BLOCK":"Anjar"},"geometry":{"type":"Polygon","coordinates":[[[69.90609853122227,23.110338251509157],[69.85609853122227,23.110338251509157],[69.85609853122227,23.160338251509154],[69.90609853122227,23.160338251509154],[69.90609853122227,23.110338251509157]]]}},{"type":"Feature","properties":{"GRID_CODE":"GJ-KU-RAP-019","DISTRICT":"Kachchh","BLOCK":"Rapar"},"geometry":{"type":"Polygon","coordinates":[[[70.85609853122227,23.760338251509155],[70.80609853122226,23.760338251509155],[70.80609853122226,23.810338251509156],[70.85609853122227,23.810338251509156],[70.85609853122227,23.760338251509155]]]}},{"type":"Feature","properties":{"GRID_CODE":"GJ-KU-RAN-363","DISTRICT":"Kachchh","BLOCK":"Rann of Kachchh"},"geometry":{"type":"Polygon","coordinates":[[[68.75609853122227,23.910338251509154],[68.70609853122227,23.910338251509154],[68.70609853122227,23.960338251509154],[68.75609853122227,23.960338251509154],[68.75609853122227,23.910338251509154]]]}},{"type":"Feature","properties":{"GRID_CODE":"GJ-KU-MUN-003","DISTRICT":"Kachchh","BLOCK":"Mundra"},"geometry":{"type":"Polygon","coordinates":[[[69.55609853122226,22.960338251509154],[69.50609853122227,22.960338251509154],[69.50609853122227,23.010338251509155],[69.55609853122226,23.010338251509155],[69.55609853122226,22.960338251509154]]]}},{"type":"Feature","properties":{"GRID_CODE":"GJ-KU-BHU-143","DISTRICT":"Kachchh","BLOCK":"Bhuj"},"geometry":{"type":"Polygon","coordinates":[[[69.50609853122227,23.160338251509154],[69.45609853122227,23.160338251509154],[69.45609853122227,23.210338251509154],[69.50609853122227,23.210338251509154],[69.50609853122227,23.160338251509154]]]}},{"type":"Feature","properties":{"GRID_CODE":"GJ-KU-RAN-481","DISTRICT":"Kachchh","BLOCK":"Rann of Kachchh"},"geometry":{"type":"Polygon","coordinates":[[[70.45609853122227,23.810338251509156],[70.40609853122227,23.810338251509156],[70.40609853122227,23.860338251509157],[70.45609853122227,23.860338251509157],[70.45609853122227,23.810338251509156]]]}},{"type":"Feature","properties":{"GRID_CODE":"GJ-KU-BHU-084","DISTRICT":"Kachchh","BLOCK":"Bhuj"},"geometry":{"type":"Polygon","coordinates":[[[69.65609853122227,23.410338251509154],[69.60609853122227,23.410338251509154],[69.60609853122227,23.460338251509154],[69.65609853122227,23.460338251509154],[69.65609853122227,23.410338251509154]]]}},{"type":"Feature","properties":{"GRID_CODE":"GJ-KU-ABD-091","DISTRICT":"Kachchh","BLOCK":"Abdasa"},"geometry":{"type":"Polygon","coordinates":[[[69.15609853122227,23.010338251509155],[69.10609853122227,23.010338251509155],[69.10609853122227,23.060338251509156],[69.15609853122227,23.060338251509156],[69.15609853122227,23.010338251509155]]]}},{"type":"Feature","properties":{"GRID_CODE":"GJ-KU-RAN-552","DISTRICT":"Kachchh","BLOCK":"Rann of Kachchh"},"geometry":{"type":"Polygon","coordinates":[[[70.10609853122227,23.660338251509154],[70.05609853122226,23.660338251509154],[70.05609853122226,23.710338251509154],[70.10609853122227,23.710338251509154],[70.10609853122227,23.660338251509154]]]}},{"type":"Feature","properties":{"GRID_CODE":"GJ-KU-NAK-057","DISTRICT":"Kachchh","BLOCK":"Nakhatrana"},"geometry":{"type":"Polygon","coordinates":[[[69.30609853122226,23.260338251509155],[69.25609853122227,23.260338251509155],[69.25609853122227,23.310338251509156],[69.30609853122226,23.310338251509156],[69.30609853122226,23.260338251509155]]]}},{"type":"Feature","properties":{"GRID_CODE":"GJ-KU-RAN-389","DISTRICT":"Kachchh","BLOCK":"Rann of Kachchh"},"geometry":{"type":"Polygon","coordinates":[[[70.25609853122227,23.910338251509154],[70.20609853122227,23.910338251509154],[70.20609853122227,23.960338251509154],[70.25609853122227,23.960338251509154],[70.25609853122227,23.910338251509154]]]}},{"type":"Feature","properties":{"GRID_CODE":"GJ-KU-ABD-073","DISTRICT":"Kachchh","BLOCK":"Abdasa"},"geometry":{"type":"Polygon","coordinates":[[[68.95609853122227,23.110338251509157],[68.90609853122227,23.110338251509157],[68.90609853122227,23.160338251509154],[68.95609853122227,23.160338251509154],[68.95609853122227,23.110338251509157]]]}},{"type":"Feature","properties":{"GRID_CODE":"GJ-KU-LIT-139","DISTRICT":"Kachchh","BLOCK":"Little Rann"},"geometry":{"type":"Polygon","coordinates":[[[71.00609853122227,23.160338251509154],[70.95609853122227,23.160338251509154],[70.95609853122227,23.210338251509154],[71.00609853122227,23.210338251509154],[71.00609853122227,23.160338251509154]]]}},{"type":"Feature","properties":{"GRID_CODE":"GJ-KU-RAN-326","DISTRICT":"Kachchh","BLOCK":"Rann of Kachchh"},"geometry":{"type":"Polygon","coordinates":[[[69.85609853122227,23.960338251509154],[69.80609853122226,23.960338251509154],[69.80609853122226,24.010338251509155],[69.85609853122227,24.010338251509155],[69.85609853122227,23.960338251509154]]]}},{"type":"Feature","properties":{"GRID_CODE":"GJ-KU-RAN-471","DISTRICT":"Kachchh","BLOCK":"Rann of Kachchh"},"geometry":{"type":"Polygon","coordinates":[[[69.50609853122227,23.810338251509156],[69.45609853122227,23.810338251509156],[69.45609853122227,23.860338251509157],[69.50609853122227,23.860338251509157],[69.50609853122227,23.810338251509156]]]}},{"type":"Feature","properties":{"GRID_CODE":"GJ-KU-ABD-005","DISTRICT":"Kachchh","BLOCK":"Abdasa"},"geometry":{"type":"Polygon","coordinates":[[[68.70609853122227,23.410338251509154],[68.65609853122227,23.410338251509154],[68.65609853122227,23.460338251509154],[68.70609853122227,23.460338251509154],[68.70609853122227,23.410338251509154]]]}},{"type":"Feature","properties":{"GRID_CODE":"GJ-KU-RAN-218","DISTRICT":"Kachchh","BLOCK":"Rann of Kachchh"},"geometry":{"type":"Polygon","coordinates":[[[69.65609853122227,24.060338251509156],[69.60609853122227,24.060338251509156],[69.60609853122227,24.110338251509157],[69.65609853122227,24.110338251509157],[69.65609853122227,24.060338251509156]]]}},{"type":"Feature","properties":{"GRID_CODE":"GJ-KU-LAK-029","DISTRICT":"Kachchh","BLOCK":"Lakhpat"},"geometry":{"type":"Polygon","coordinates":[[[69.15609853122227,23.660338251509154],[69.10609853122227,23.660338251509154],[69.10609853122227,23.710338251509154],[69.15609853122227,23.710338251509154],[69.15609853122227,23.660338251509154]]]}},{"type":"Feature","properties":{"GRID_CODE":"GJ-KU-RAN-374","DISTRICT":"Kachchh","BLOCK":"Rann of Kachchh"},"geometry":{"type":"Polygon","coordinates":[[[69.30609853122226,23.910338251509154],[69.25609853122227,23.910338251509154],[69.25609853122227,23.960338251509154],[69.30609853122226,23.960338251509154],[69.30609853122226,23.910338251509154]]]}},{"type":"Feature","properties":{"GRID_CODE":"GJ-KU-RAN-160","DISTRICT":"Kachchh","BLOCK":"Rann of Kachchh"},"geometry":{"type":"Polygon","coordinates":[[[69.25609853122227,24.110338251509157],[69.20609853122227,24.110338251509157],[69.20609853122227,24.160338251509154],[69.25609853122227,24.160338251509154],[69.25609853122227,24.110338251509157]]]}},{"type":"Feature","properties":{"GRID_CODE":"GJ-KU-RAN-486","DISTRICT":"Kachchh","BLOCK":"Rann of Kachchh"},"geometry":{"type":"Polygon","coordinates":[[[71.00609853122227,23.810338251509156],[70.95609853122227,23.810338251509156],[70.95609853122227,23.860338251509157],[71.00609853122227,23.860338251509157],[71.00609853122227,23.810338251509156]]]}},{"type":"Feature","properties":{"GRID_CODE":"GJ-KU-RAN-307","DISTRICT":"Kachchh","BLOCK":"Rann of Kachchh"},"geometry":{"type":"Polygon","coordinates":[[[68.90609853122227,23.960338251509154],[68.85609853122227,23.960338251509154],[68.85609853122227,24.010338251509155],[68.90609853122227,24.010338251509155],[68.90609853122227,23.960338251509154]]]}},{"type":"Feature","properties":{"GRID_CODE":"GJ-KU-RAN-075","DISTRICT":"Kachchh","BLOCK":"Rann of Kachchh"},"geometry":{"type":"Polygon","coordinates":[[[69.05609853122226,24.210338251509154],[69.00609853122227,24.210338251509154],[69.00609853122227,24.260338251509155],[69.05609853122226,24.260338251509155],[69.05609853122226,24.210338251509154]]]}},{"type":"Feature","properties":{"GRID_CODE":"GJ-KU-RAN-190","DISTRICT":"Kachchh","BLOCK":"Rann of Kachchh"},"geometry":{"type":"Polygon","coordinates":[[[70.75609853122227,24.110338251509157],[70.70609853122227,24.110338251509157],[70.70609853122227,24.160338251509154],[70.75609853122227,24.160338251509154],[70.75609853122227,24.110338251509157]]]}},{"type":"Feature","properties":{"GRID_CODE":"GJ-KU-RAN-337","DISTRICT":"Kachchh","BLOCK":"Rann of Kachchh"},"geometry":{"type":"Polygon","coordinates":[[[70.40609853122227,23.960338251509154],[70.35609853122227,23.960338251509154],[70.35609853122227,24.010338251509155],[70.40609853122227,24.010338251509155],[70.40609853122227,23.960338251509154]]]}},{"type":"Feature","properties":{"GRID_CODE":"GJ-KU-MUN-013","DISTRICT":"Kachchh","BLOCK":"Mundra"},"geometry":{"type":"Polygon","coordinates":[[[69.80609853122226,22.910338251509154],[69.75609853122227,22.910338251509154],[69.75609853122227,22.960338251509154],[69.80609853122226,22.960338251509154],[69.80609853122226,22.910338251509154]]]}},{"type":"Feature","properties":{"GRID_CODE":"GJ-KU-MAN-052","DISTRICT":"Kachchh","BLOCK":"Mandvi"},"geometry":{"type":"Polygon","coordinates":[[[69.45609853122227,22.760338251509155],[69.40609853122227,22.760338251509155],[69.40609853122227,22.810338251509156],[69.45609853122227,22.810338251509156],[69.45609853122227,22.760338251509155]]]}},{"type":"Feature","properties":{"GRID_CODE":"GJ-KU-BHU-071","DISTRICT":"Kachchh","BLOCK":"Bhuj"},"geometry":{"type":"Polygon","coordinates":[[[69.80609853122226,23.560338251509156],[69.75609853122227,23.560338251509156],[69.75609853122227,23.610338251509157],[69.80609853122226,23.610338251509157],[69.80609853122226,23.560338251509156]]]}},{"type":"Feature","properties":{"GRID_CODE":"GJ-KU-LIT-050","DISTRICT":"Kachchh","BLOCK":"Little Rann"},"geometry":{"type":"Polygon","coordinates":[[[71.50609853122227,23.460338251509154],[71.45609853122227,23.460338251509154],[71.45609853122227,23.510338251509155],[71.50609853122227,23.510338251509155],[71.50609853122227,23.460338251509154]]]}},{"type":"Feature","properties":{"GRID_CODE":"GJ-KU-LIT-082","DISTRICT":"Kachchh","BLOCK":"Little Rann"},"geometry":{"type":"Polygon","coordinates":[[[71.15609853122227,23.310338251509156],[71.10609853122227,23.310338251509156],[71.10609853122227,23.360338251509157],[71.15609853122227,23.360338251509157],[71.15609853122227,23.310338251509156]]]}},{"type":"Feature","properties":{"GRID_CODE":"GJ-KU-LIT-187","DISTRICT":"Kachchh","BLOCK":"Little Rann"},"geometry":{"type":"Polygon","coordinates":[[[70.35609853122227,22.910338251509154],[70.30609853122226,22.910338251509154],[70.30609853122226,22.960338251509154],[70.35609853122227,22.960338251509154],[70.35609853122227,22.910338251509154]]]}},{"type":"Feature","properties":{"GRID_CODE":"GJ-KU-LIT-019","DISTRICT":"Kachchh","BLOCK":"Little Rann"},"geometry":{"type":"Polygon","coordinates":[[[71.30609853122226,23.560338251509156],[71.25609853122227,23.560338251509156],[71.25609853122227,23.610338251509157],[71.30609853122226,23.610338251509157],[71.30609853122226,23.560338251509156]]]}},{"type":"Feature","properties":{"GRID_CODE":"GJ-KU-BHU-024","DISTRICT":"Kachchh","BLOCK":"Bhuj"},"geometry":{"type":"Polygon","coordinates":[[[69.20609853122227,23.710338251509154],[69.15609853122227,23.710338251509154],[69.15609853122227,23.760338251509155],[69.20609853122227,23.760338251509155],[69.20609853122227,23.710338251509154]]]}},{"type":"Feature","properties":{"GRID_CODE":"GJ-KU-LAK-051","DISTRICT":"Kachchh","BLOCK":"Lakhpat"},"geometry":{"type":"Polygon","coordinates":[[[68.85609853122227,23.560338251509156],[68.80609853122226,23.560338251509156],[68.80609853122226,23.610338251509157],[68.85609853122227,23.610338251509157],[68.85609853122227,23.560338251509156]]]}},{"type":"Feature","properties":{"GRID_CODE":"GJ-KU-RAP-045","DISTRICT":"Kachchh","BLOCK":"Rapar"},"geometry":{"type":"Polygon","coordinates":[[[70.90609853122227,23.610338251509157],[70.85609853122227,23.610338251509157],[70.85609853122227,23.660338251509154],[70.90609853122227,23.660338251509154],[70.90609853122227,23.610338251509157]]]}},{"type":"Feature","properties":{"GRID_CODE":"GJ-KU-BHA-022","DISTRICT":"Kachchh","BLOCK":"Bhachau"},"geometry":{"type":"Polygon","coordinates":[[[70.55609853122226,23.460338251509154],[70.50609853122227,23.460338251509154],[70.50609853122227,23.510338251509155],[70.55609853122226,23.510338251509155],[70.55609853122226,23.460338251509154]]]}},{"type":"Feature","properties":{"GRID_CODE":"GJ-KU-BHU-165","DISTRICT":"Kachchh","BLOCK":"Bhuj"},"geometry":{"type":"Polygon","coordinates":[[[69.75609853122227,23.060338251509156],[69.70609853122227,23.060338251509156],[69.70609853122227,23.110338251509157],[69.75609853122227,23.110338251509157],[69.75609853122227,23.060338251509156]]]}},{"type":"Feature","properties":{"GRID_CODE":"GJ-KU-RAP-024","DISTRICT":"Kachchh","BLOCK":"Rapar"},"geometry":{"type":"Polygon","coordinates":[[[70.70609853122227,23.710338251509154],[70.65609853122227,23.710338251509154],[70.65609853122227,23.760338251509155],[70.70609853122227,23.760338251509155],[70.70609853122227,23.710338251509154]]]}},{"type":"Feature","properties":{"GRID_CODE":"GJ-KU-RAN-415","DISTRICT":"Kachchh","BLOCK":"Rann of Kachchh"},"geometry":{"type":"Polygon","coordinates":[[[68.60609853122227,23.860338251509157],[68.55609853122226,23.860338251509157],[68.55609853122226,23.910338251509154],[68.60609853122227,23.910338251509154],[68.60609853122227,23.860338251509157]]]}},{"type":"Feature","properties":{"GRID_CODE":"GJ-KU-ANJ-005","DISTRICT":"Kachchh","BLOCK":"Anjar"},"geometry":{"type":"Polygon","coordinates":[[[70.20609853122227,23.310338251509156],[70.15609853122227,23.310338251509156],[70.15609853122227,23.360338251509157],[70.20609853122227,23.360338251509157],[70.20609853122227,23.310338251509156]]]}},{"type":"Feature","properties":{"GRID_CODE":"GJ-KU-RAN-585","DISTRICT":"Kachchh","BLOCK":"Rann of Kachchh"},"geometry":{"type":"Polygon","coordinates":[[[70.35609853122227,23.560338251509156],[70.30609853122226,23.560338251509156],[70.30609853122226,23.610338251509157],[70.35609853122227,23.610338251509157],[70.35609853122227,23.560338251509156]]]}},{"type":"Feature","properties":{"GRID_CODE":"GJ-KU-RAN-523","DISTRICT":"Kachchh","BLOCK":"Rann of Kachchh"},"geometry":{"type":"Polygon","coordinates":[[[68.25609853122227,23.710338251509154],[68.20609853122227,23.710338251509154],[68.20609853122227,23.760338251509155],[68.25609853122227,23.760338251509155],[68.25609853122227,23.710338251509154]]]}},{"type":"Feature","properties":{"GRID_CODE":"GJ-KU-RAN-026","DISTRICT":"Kachchh","BLOCK":"Rann of Kachchh"},"geometry":{"type":"Polygon","coordinates":[[[71.25609853122227,24.410338251509154],[71.20609853122227,24.410338251509154],[71.20609853122227,24.460338251509154],[71.25609853122227,24.460338251509154],[71.25609853122227,24.410338251509154]]]}},{"type":"Feature","properties":{"GRID_CODE":"GJ-KU-RAN-566","DISTRICT":"Kachchh","BLOCK":"Rann of Kachchh"},"geometry":{"type":"Polygon","coordinates":[[[69.95609853122227,23.610338251509157],[69.90609853122227,23.610338251509157],[69.90609853122227,23.660338251509154],[69.95609853122227,23.660338251509154],[69.95609853122227,23.610338251509157]]]}},{"type":"Feature","properties":{"GRID_CODE":"GJ-KU-BHU-035","DISTRICT":"Kachchh","BLOCK":"Bhuj"},"geometry":{"type":"Polygon","coordinates":[[[69.75609853122227,23.710338251509154],[69.70609853122227,23.710338251509154],[69.70609853122227,23.760338251509155],[69.75609853122227,23.760338251509155],[69.75609853122227,23.710338251509154]]]}},{"type":"Feature","properties":{"GRID_CODE":"GJ-KU-RAN-501","DISTRICT":"Kachchh","BLOCK":"Rann of Kachchh"},"geometry":{"type":"Polygon","coordinates":[[[69.35609853122227,23.760338251509155],[69.30609853122226,23.760338251509155],[69.30609853122226,23.810338251509156],[69.35609853122227,23.810338251509156],[69.35609853122227,23.760338251509155]]]}},{"type":"Feature","properties":{"GRID_CODE":"GJ-KU-RAN-007","DISTRICT":"Kachchh","BLOCK":"Rann of Kachchh"},"geometry":{"type":"Polygon","coordinates":[[[71.20609853122227,24.560338251509156],[71.15609853122227,24.560338251509156],[71.15609853122227,24.610338251509157],[71.20609853122227,24.610338251509157],[71.20609853122227,24.560338251509156]]]}},{"type":"Feature","properties":{"GRID_CODE":"GJ-KU-ABD-082","DISTRICT":"Kachchh","BLOCK":"Abdasa"},"geometry":{"type":"Polygon","coordinates":[[[69.00609853122227,23.060338251509156],[68.95609853122227,23.060338251509156],[68.95609853122227,23.110338251509157],[69.00609853122227,23.110338251509157],[69.00609853122227,23.060338251509156]]]}},{"type":"Feature","properties":{"GRID_CODE":"GJ-KU-LIT-112","DISTRICT":"Kachchh","BLOCK":"Little Rann"},"geometry":{"type":"Polygon","coordinates":[[[70.85609853122227,23.210338251509154],[70.80609853122226,23.210338251509154],[70.80609853122226,23.260338251509155],[70.85609853122227,23.260338251509155],[70.85609853122227,23.210338251509154]]]}},{"type":"Feature","properties":{"GRID_CODE":"GJ-KU-ABD-013","DISTRICT":"Kachchh","BLOCK":"Abdasa"},"geometry":{"type":"Polygon","coordinates":[[[68.75609853122227,23.360338251509157],[68.70609853122227,23.360338251509157],[68.70609853122227,23.410338251509154],[68.75609853122227,23.410338251509154],[68.75609853122227,23.360338251509157]]]}},{"type":"Feature","properties":{"GRID_CODE":"GJ-KU-LIT-168","DISTRICT":"Kachchh","BLOCK":"Little Rann"},"geometry":{"type":"Polygon","coordinates":[[[70.50609853122227,23.060338251509156],[70.45609853122227,23.060338251509156],[70.45609853122227,23.110338251509157],[70.50609853122227,23.110338251509157],[70.50609853122227,23.060338251509156]]]}},{"type":"Feature","properties":{"GRID_CODE":"GJ-KU-BHA-055","DISTRICT":"Kachchh","BLOCK":"Bhachau"},"geometry":{"type":"Polygon","coordinates":[[[70.45609853122227,23.260338251509155],[70.40609853122227,23.260338251509155],[70.40609853122227,23.310338251509156],[70.45609853122227,23.310338251509156],[70.45609853122227,23.260338251509155]]]}},{"type":"Feature","properties":{"GRID_CODE":"GJ-KU-ANJ-025","DISTRICT":"Kachchh","BLOCK":"Anjar"},"geometry":{"type":"Polygon","coordinates":[[[70.10609853122227,23.110338251509157],[70.05609853122226,23.110338251509157],[70.05609853122226,23.160338251509154],[70.10609853122227,23.160338251509154],[70.10609853122227,23.110338251509157]]]}},{"type":"Feature","properties":{"GRID_CODE":"GJ-KU-RAN-522","DISTRICT":"Kachchh","BLOCK":"Rann of Kachchh"},"geometry":{"type":"Polygon","coordinates":[[[71.05609853122226,23.760338251509155],[71.00609853122227,23.760338251509155],[71.00609853122227,23.810338251509156],[71.05609853122226,23.810338251509156],[71.05609853122226,23.760338251509155]]]}},{"type":"Feature","properties":{"GRID_CODE":"GJ-KU-BHA-031","DISTRICT":"Kachchh","BLOCK":"Bhachau"},"geometry":{"type":"Polygon","coordinates":[[[70.25609853122227,23.360338251509157],[70.20609853122227,23.360338251509157],[70.20609853122227,23.410338251509154],[70.25609853122227,23.410338251509154],[70.25609853122227,23.360338251509157]]]}},{"type":"Feature","properties":{"GRID_CODE":"GJ-KU-BHU-139","DISTRICT":"Kachchh","BLOCK":"Bhuj"},"geometry":{"type":"Polygon","coordinates":[[[69.90609853122227,23.210338251509154],[69.85609853122227,23.210338251509154],[69.85609853122227,23.260338251509155],[69.90609853122227,23.260338251509155],[69.90609853122227,23.210338251509154]]]}},{"type":"Feature","properties":{"GRID_CODE":"GJ-KU-BHU-119","DISTRICT":"Kachchh","BLOCK":"Bhuj"},"geometry":{"type":"Polygon","coordinates":[[[69.50609853122227,23.260338251509155],[69.45609853122227,23.260338251509155],[69.45609853122227,23.310338251509156],[69.50609853122227,23.310338251509156],[69.50609853122227,23.260338251509155]]]}},{"type":"Feature","properties":{"GRID_CODE":"GJ-KU-RAN-393","DISTRICT":"Kachchh","BLOCK":"Rann of Kachchh"},"geometry":{"type":"Polygon","coordinates":[[[70.45609853122227,23.910338251509154],[70.40609853122227,23.910338251509154],[70.40609853122227,23.960338251509154],[70.45609853122227,23.960338251509154],[70.45609853122227,23.910338251509154]]]}},{"type":"Feature","properties":{"GRID_CODE":"GJ-KU-LIT-027","DISTRICT":"Kachchh","BLOCK":"Little Rann"},"geometry":{"type":"Polygon","coordinates":[[[69.65609853122227,23.510338251509155],[69.60609853122227,23.510338251509155],[69.60609853122227,23.560338251509156],[69.65609853122227,23.560338251509156],[69.65609853122227,23.510338251509155]]]}},{"type":"Feature","properties":{"GRID_CODE":"GJ-KU-ABD-077","DISTRICT":"Kachchh","BLOCK":"Abdasa"},"geometry":{"type":"Polygon","coordinates":[[[69.15609853122227,23.110338251509157],[69.10609853122227,23.110338251509157],[69.10609853122227,23.160338251509154],[69.15609853122227,23.160338251509154],[69.15609853122227,23.110338251509157]]]}},{"type":"Feature","properties":{"GRID_CODE":"GJ-KU-RAN-509","DISTRICT":"Kachchh","BLOCK":"Rann of Kachchh"},"geometry":{"type":"Polygon","coordinates":[[[70.10609853122227,23.760338251509155],[70.05609853122226,23.760338251509155],[70.05609853122226,23.810338251509156],[70.10609853122227,23.810338251509156],[70.10609853122227,23.760338251509155]]]}},{"type":"Feature","properties":{"GRID_CODE":"GJ-KU-NAK-045","DISTRICT":"Kachchh","BLOCK":"Nakhatrana"},"geometry":{"type":"Polygon","coordinates":[[[69.30609853122226,23.360338251509157],[69.25609853122227,23.360338251509157],[69.25609853122227,23.410338251509154],[69.30609853122226,23.410338251509154],[69.30609853122226,23.360338251509157]]]}},{"type":"Feature","properties":{"GRID_CODE":"GJ-KU-RAN-281","DISTRICT":"Kachchh","BLOCK":"Rann of Kachchh"},"geometry":{"type":"Polygon","coordinates":[[[70.25609853122227,24.010338251509155],[70.20609853122227,24.010338251509155],[70.20609853122227,24.060338251509156],[70.25609853122227,24.060338251509156],[70.25609853122227,24.010338251509155]]]}},{"type":"Feature","properties":{"GRID_CODE":"GJ-KU-ABD-050","DISTRICT":"Kachchh","BLOCK":"Abdasa"},"geometry":{"type":"Polygon","coordinates":[[[68.95609853122227,23.210338251509154],[68.90609853122227,23.210338251509154],[68.90609853122227,23.260338251509155],[68.95609853122227,23.260338251509155],[68.95609853122227,23.210338251509154]]]}},{"type":"Feature","properties":{"GRID_CODE":"GJ-KU-LIT-096","DISTRICT":"Kachchh","BLOCK":"Little Rann"},"geometry":{"type":"Polygon","coordinates":[[[71.00609853122227,23.260338251509155],[70.95609853122227,23.260338251509155],[70.95609853122227,23.310338251509156],[71.00609853122227,23.310338251509156],[71.00609853122227,23.260338251509155]]]}},{"type":"Feature","properties":{"GRID_CODE":"GJ-KU-ABD-009","DISTRICT":"Kachchh","BLOCK":"Abdasa"},"geometry":{"type":"Polygon","coordinates":[[[68.90609853122227,23.410338251509154],[68.85609853122227,23.410338251509154],[68.85609853122227,23.460338251509154],[68.90609853122227,23.460338251509154],[68.90609853122227,23.410338251509154]]]}},{"type":"Feature","properties":{"GRID_CODE":"GJ-KU-RAN-222","DISTRICT":"Kachchh","BLOCK":"Rann of Kachchh"},"geometry":{"type":"Polygon","coordinates":[[[69.85609853122227,24.060338251509156],[69.80609853122226,24.060338251509156],[69.80609853122226,24.110338251509157],[69.85609853122227,24.110338251509157],[69.85609853122227,24.060338251509156]]]}},{"type":"Feature","properties":{"GRID_CODE":"GJ-KU-LAK-027","DISTRICT":"Kachchh","BLOCK":"Lakhpat"},"geometry":{"type":"Polygon","coordinates":[[[69.05609853122226,23.660338251509154],[69.00609853122227,23.660338251509154],[69.00609853122227,23.710338251509154],[69.05609853122226,23.710338251509154],[69.05609853122226,23.660338251509154]]]}},{"type":"Feature","properties":{"GRID_CODE":"GJ-KU-RAN-378","DISTRICT":"Kachchh","BLOCK":"Rann of Kachchh"},"geometry":{"type":"Polygon","coordinates":[[[69.50609853122227,23.910338251509154],[69.45609853122227,23.910338251509154],[69.45609853122227,23.960338251509154],[69.50609853122227,23.960338251509154],[69.50609853122227,23.910338251509154]]]}},{"type":"Feature","properties":{"GRID_CODE":"GJ-KU-LAK-058","DISTRICT":"Kachchh","BLOCK":"Lakhpat"},"geometry":{"type":"Polygon","coordinates":[[[68.70609853122227,23.510338251509155],[68.65609853122227,23.510338251509155],[68.65609853122227,23.560338251509156],[68.70609853122227,23.560338251509156],[68.70609853122227,23.510338251509155]]]}},{"type":"Feature","properties":{"GRID_CODE":"GJ-KU-RAN-123","DISTRICT":"Kachchh","BLOCK":"Rann of Kachchh"},"geometry":{"type":"Polygon","coordinates":[[[69.65609853122227,24.160338251509154],[69.60609853122227,24.160338251509154],[69.60609853122227,24.210338251509154],[69.65609853122227,24.210338251509154],[69.65609853122227,24.160338251509154]]]}},{"type":"Feature","properties":{"GRID_CODE":"GJ-KU-BHA-025","DISTRICT":"Kachchh","BLOCK":"Bhachau"},"geometry":{"type":"Polygon","coordinates":[[[70.40609853122227,23.410338251509154],[70.35609853122227,23.410338251509154],[70.35609853122227,23.460338251509154],[70.40609853122227,23.460338251509154],[70.40609853122227,23.410338251509154]]]}},{"type":"Feature","properties":{"GRID_CODE":"GJ-KU-RAN-079","DISTRICT":"Kachchh","BLOCK":"Rann of Kachchh"},"geometry":{"type":"Polygon","coordinates":[[[69.25609853122227,24.210338251509154],[69.20609853122227,24.210338251509154],[69.20609853122227,24.260338251509155],[69.25609853122227,24.260338251509155],[69.25609853122227,24.210338251509154]]]}},{"type":"Feature","properties":{"GRID_CODE":"GJ-KU-RAN-402","DISTRICT":"Kachchh","BLOCK":"Rann of Kachchh"},"geometry":{"type":"Polygon","coordinates":[[[71.00609853122227,23.910338251509154],[70.95609853122227,23.910338251509154],[70.95609853122227,23.960338251509154],[71.00609853122227,23.960338251509154],[71.00609853122227,23.910338251509154]]]}},{"type":"Feature","properties":{"GRID_CODE":"GJ-KU-RAN-203","DISTRICT":"Kachchh","BLOCK":"Rann of Kachchh"},"geometry":{"type":"Polygon","coordinates":[[[68.90609853122227,24.060338251509156],[68.85609853122227,24.060338251509156],[68.85609853122227,24.110338251509157],[68.90609853122227,24.110338251509157],[68.90609853122227,24.060338251509156]]]}},{"type":"Feature","properties":{"GRID_CODE":"GJ-KU-RAN-233","DISTRICT":"Kachchh","BLOCK":"Rann of Kachchh"},"geometry":{"type":"Polygon","coordinates":[[[70.40609853122227,24.060338251509156],[70.35609853122227,24.060338251509156],[70.35609853122227,24.110338251509157],[70.40609853122227,24.110338251509157],[70.40609853122227,24.060338251509156]]]}},{"type":"Feature","properties":{"GRID_CODE":"GJ-KU-MUN-002","DISTRICT":"Kachchh","BLOCK":"Mundra"},"geometry":{"type":"Polygon","coordinates":[[[69.80609853122226,23.010338251509155],[69.75609853122227,23.010338251509155],[69.75609853122227,23.060338251509156],[69.80609853122226,23.060338251509156],[69.80609853122226,23.010338251509155]]]}},{"type":"Feature","properties":{"GRID_CODE":"GJ-KU-MAN-043","DISTRICT":"Kachchh","BLOCK":"Mandvi"},"geometry":{"type":"Polygon","coordinates":[[[69.45609853122227,22.860338251509157],[69.40609853122227,22.860338251509157],[69.40609853122227,22.910338251509154],[69.45609853122227,22.910338251509154],[69.45609853122227,22.860338251509157]]]}},{"type":"Feature","properties":{"GRID_CODE":"GJ-KU-ABD-067","DISTRICT":"Kachchh","BLOCK":"Abdasa"},"geometry":{"type":"Polygon","coordinates":[[[69.20609853122227,23.160338251509154],[69.15609853122227,23.160338251509154],[69.15609853122227,23.210338251509154],[69.20609853122227,23.210338251509154],[69.20609853122227,23.160338251509154]]]}},{"type":"Feature","properties":{"GRID_CODE":"GJ-KU-ABD-086","DISTRICT":"Kachchh","BLOCK":"Abdasa"},"geometry":{"type":"Polygon","coordinates":[[[68.85609853122227,23.010338251509155],[68.80609853122226,23.010338251509155],[68.80609853122226,23.060338251509156],[68.85609853122227,23.060338251509156],[68.85609853122227,23.010338251509155]]]}},{"type":"Feature","properties":{"GRID_CODE":"GJ-KU-BHU-051","DISTRICT":"Kachchh","BLOCK":"Bhuj"},"geometry":{"type":"Polygon","coordinates":[[[69.80609853122226,23.660338251509154],[69.75609853122227,23.660338251509154],[69.75609853122227,23.710338251509154],[69.80609853122226,23.710338251509154],[69.80609853122226,23.660338251509154]]]}},{"type":"Feature","properties":{"GRID_CODE":"GJ-KU-LIT-191","DISTRICT":"Kachchh","BLOCK":"Little Rann"},"geometry":{"type":"Polygon","coordinates":[[[70.55609853122226,22.910338251509154],[70.50609853122227,22.910338251509154],[70.50609853122227,22.960338251509154],[70.55609853122226,22.960338251509154],[70.55609853122226,22.910338251509154]]]}},{"type":"Feature","properties":{"GRID_CODE":"GJ-KU-LIT-133","DISTRICT":"Kachchh","BLOCK":"Little Rann"},"geometry":{"type":"Polygon","coordinates":[[[70.70609853122227,23.160338251509154],[70.65609853122227,23.160338251509154],[70.65609853122227,23.210338251509154],[70.70609853122227,23.210338251509154],[70.70609853122227,23.160338251509154]]]}},{"type":"Feature","properties":{"GRID_CODE":"GJ-KU-LIT-053","DISTRICT":"Kachchh","BLOCK":"Little Rann"},"geometry":{"type":"Polygon","coordinates":[[[71.15609853122227,23.410338251509154],[71.10609853122227,23.410338251509154],[71.10609853122227,23.460338251509154],[71.15609853122227,23.460338251509154],[71.15609853122227,23.410338251509154]]]}},{"type":"Feature","properties":{"GRID_CODE":"GJ-KU-LIT-175","DISTRICT":"Kachchh","BLOCK":"Little Rann"},"geometry":{"type":"Polygon","coordinates":[[[70.35609853122227,23.010338251509155],[70.30609853122226,23.010338251509155],[70.30609853122226,23.060338251509156],[70.35609853122227,23.060338251509156],[70.35609853122227,23.010338251509155]]]}},{"type":"Feature","properties":{"GRID_CODE":"GJ-KU-RAN-465","DISTRICT":"Kachchh","BLOCK":"Rann of Kachchh"},"geometry":{"type":"Polygon","coordinates":[[[69.20609853122227,23.810338251509156],[69.15609853122227,23.810338251509156],[69.15609853122227,23.860338251509157],[69.20609853122227,23.860338251509157],[69.20609853122227,23.810338251509156]]]}},{"type":"Feature","properties":{"GRID_CODE":"GJ-KU-RAP-027","DISTRICT":"Kachchh","BLOCK":"Rapar"},"geometry":{"type":"Polygon","coordinates":[[[70.90609853122227,23.710338251509154],[70.85609853122227,23.710338251509154],[70.85609853122227,23.760338251509155],[70.90609853122227,23.760338251509155],[70.90609853122227,23.710338251509154]]]}},{"type":"Feature","properties":{"GRID_CODE":"GJ-KU-RAN-419","DISTRICT":"Kachchh","BLOCK":"Rann of Kachchh"},"geometry":{"type":"Polygon","coordinates":[[[68.80609853122226,23.860338251509157],[68.75609853122227,23.860338251509157],[68.75609853122227,23.910338251509154],[68.80609853122226,23.910338251509154],[68.80609853122226,23.860338251509157]]]}},{"type":"Feature","properties":{"GRID_CODE":"GJ-KU-RAP-049","DISTRICT":"Kachchh","BLOCK":"Rapar"},"geometry":{"type":"Polygon","coordinates":[[[70.55609853122226,23.560338251509156],[70.50609853122227,23.560338251509156],[70.50609853122227,23.610338251509157],[70.55609853122226,23.610338251509157],[70.55609853122226,23.560338251509156]]]}},{"type":"Feature","properties":{"GRID_CODE":"GJ-KU-BHU-148","DISTRICT":"Kachchh","BLOCK":"Bhuj"},"geometry":{"type":"Polygon","coordinates":[[[69.75609853122227,23.160338251509154],[69.70609853122227,23.160338251509154],[69.70609853122227,23.210338251509154],[69.75609853122227,23.210338251509154],[69.75609853122227,23.160338251509154]]]}},{"type":"Feature","properties":{"GRID_CODE":"GJ-KU-RAP-010","DISTRICT":"Kachchh","BLOCK":"Rapar"},"geometry":{"type":"Polygon","coordinates":[[[70.70609853122227,23.810338251509156],[70.65609853122227,23.810338251509156],[70.65609853122227,23.860338251509157],[70.70609853122227,23.860338251509157],[70.70609853122227,23.810338251509156]]]}},{"type":"Feature","properties":{"GRID_CODE":"GJ-KU-BHA-004","DISTRICT":"Kachchh","BLOCK":"Bhachau"},"geometry":{"type":"Polygon","coordinates":[[[70.30609853122226,23.860338251509157],[70.25609853122227,23.860338251509157],[70.25609853122227,23.910338251509154],[70.30609853122226,23.910338251509154],[70.30609853122226,23.860338251509157]]]}},{"type":"Feature","properties":{"GRID_CODE":"GJ-KU-RAN-014","DISTRICT":"Kachchh","BLOCK":"Rann of Kachchh"},"geometry":{"type":"Polygon","coordinates":[[[71.25609853122227,24.510338251509155],[71.20609853122227,24.510338251509155],[71.20609853122227,24.560338251509156],[71.25609853122227,24.560338251509156],[71.25609853122227,24.510338251509155]]]}},{"type":"Feature","properties":{"GRID_CODE":"GJ-KU-BHU-038","DISTRICT":"Kachchh","BLOCK":"Bhuj"},"geometry":{"type":"Polygon","coordinates":[[[69.95609853122227,23.710338251509154],[69.90609853122227,23.710338251509154],[69.90609853122227,23.760338251509155],[69.95609853122227,23.760338251509155],[69.95609853122227,23.710338251509154]]]}},{"type":"Feature","properties":{"GRID_CODE":"GJ-KU-BHU-010","DISTRICT":"Kachchh","BLOCK":"Bhuj"},"geometry":{"type":"Polygon","coordinates":[[[69.75609853122227,23.810338251509156],[69.70609853122227,23.810338251509156],[69.70609853122227,23.860338251509157],[69.75609853122227,23.860338251509157],[69.75609853122227,23.810338251509156]]]}},{"type":"Feature","properties":{"GRID_CODE":"GJ-KU-RAN-430","DISTRICT":"Kachchh","BLOCK":"Rann of Kachchh"},"geometry":{"type":"Polygon","coordinates":[[[69.35609853122227,23.860338251509157],[69.30609853122226,23.860338251509157],[69.30609853122226,23.910338251509154],[69.35609853122227,23.910338251509154],[69.35609853122227,23.860338251509157]]]}},{"type":"Feature","properties":{"GRID_CODE":"GJ-KU-LIT-116","DISTRICT":"Kachchh","BLOCK":"Little Rann"},"geometry":{"type":"Polygon","coordinates":[[[71.05609853122226,23.210338251509154],[71.00609853122227,23.210338251509154],[71.00609853122227,23.260338251509155],[71.05609853122226,23.260338251509155],[71.05609853122226,23.210338251509154]]]}},{"type":"Feature","properties":{"GRID_CODE":"GJ-KU-LIT-076","DISTRICT":"Kachchh","BLOCK":"Little Rann"},"geometry":{"type":"Polygon","coordinates":[[[70.85609853122227,23.310338251509156],[70.80609853122226,23.310338251509156],[70.80609853122226,23.360338251509157],[70.85609853122227,23.360338251509157],[70.85609853122227,23.310338251509156]]]}},{"type":"Feature","properties":{"GRID_CODE":"GJ-KU-ABD-002","DISTRICT":"Kachchh","BLOCK":"Abdasa"},"geometry":{"type":"Polygon","coordinates":[[[68.75609853122227,23.460338251509154],[68.70609853122227,23.460338251509154],[68.70609853122227,23.510338251509155],[68.75609853122227,23.510338251509155],[68.75609853122227,23.460338251509154]]]}},{"type":"Feature","properties":{"GRID_CODE":"GJ-KU-BHA-035","DISTRICT":"Kachchh","BLOCK":"Bhachau"},"geometry":{"type":"Polygon","coordinates":[[[70.45609853122227,23.360338251509157],[70.40609853122227,23.360338251509157],[70.40609853122227,23.410338251509154],[70.45609853122227,23.410338251509154],[70.45609853122227,23.360338251509157]]]}},{"type":"Feature","properties":{"GRID_CODE":"GJ-KU-ANJ-011","DISTRICT":"Kachchh","BLOCK":"Anjar"},"geometry":{"type":"Polygon","coordinates":[[[70.10609853122227,23.210338251509154],[70.05609853122226,23.210338251509154],[70.05609853122226,23.260338251509155],[70.10609853122227,23.260338251509155],[70.10609853122227,23.210338251509154]]]}},{"type":"Feature","properties":{"GRID_CODE":"GJ-KU-RAN-446","DISTRICT":"Kachchh","BLOCK":"Rann of Kachchh"},"geometry":{"type":"Polygon","coordinates":[[[71.05609853122226,23.860338251509157],[71.00609853122227,23.860338251509157],[71.00609853122227,23.910338251509154],[71.05609853122226,23.910338251509154],[71.05609853122226,23.860338251509157]]]}},{"type":"Feature","properties":{"GRID_CODE":"GJ-KU-MAN-047","DISTRICT":"Kachchh","BLOCK":"Mandvi"},"geometry":{"type":"Polygon","coordinates":[[[69.30609853122226,22.810338251509156],[69.25609853122227,22.810338251509156],[69.25609853122227,22.860338251509157],[69.30609853122226,22.860338251509157],[69.30609853122226,22.810338251509156]]]}},{"type":"Feature","properties":{"GRID_CODE":"GJ-KU-RAN-596","DISTRICT":"Kachchh","BLOCK":"Rann of Kachchh"},"geometry":{"type":"Polygon","coordinates":[[[70.25609853122227,23.460338251509154],[70.20609853122227,23.460338251509154],[70.20609853122227,23.510338251509155],[70.25609853122227,23.510338251509155],[70.25609853122227,23.460338251509154]]]}},{"type":"Feature","properties":{"GRID_CODE":"GJ-KU-BHU-115","DISTRICT":"Kachchh","BLOCK":"Bhuj"},"geometry":{"type":"Polygon","coordinates":[[[69.90609853122227,23.310338251509156],[69.85609853122227,23.310338251509156],[69.85609853122227,23.360338251509157],[69.90609853122227,23.360338251509157],[69.90609853122227,23.310338251509156]]]}},{"type":"Feature","properties":{"GRID_CODE":"GJ-KU-BHU-076","DISTRICT":"Kachchh","BLOCK":"Bhuj"},"geometry":{"type":"Polygon","coordinates":[[[69.85609853122227,23.510338251509155],[69.80609853122226,23.510338251509155],[69.80609853122226,23.560338251509156],[69.85609853122227,23.560338251509156],[69.85609853122227,23.510338251509155]]]}},{"type":"Feature","properties":{"GRID_CODE":"GJ-KU-RAN-507","DISTRICT":"Kachchh","BLOCK":"Rann of Kachchh"},"geometry":{"type":"Polygon","coordinates":[[[70.00609853122227,23.760338251509155],[69.95609853122227,23.760338251509155],[69.95609853122227,23.810338251509156],[70.00609853122227,23.810338251509156],[70.00609853122227,23.760338251509155]]]}},{"type":"Feature","properties":{"GRID_CODE":"GJ-KU-LIT-127","DISTRICT":"Kachchh","BLOCK":"Little Rann"},"geometry":{"type":"Polygon","coordinates":[[[71.60609853122227,23.210338251509154],[71.55609853122226,23.210338251509154],[71.55609853122226,23.260338251509155],[71.60609853122227,23.260338251509155],[71.60609853122227,23.210338251509154]]]}},{"type":"Feature","properties":{"GRID_CODE":"GJ-KU-NAK-049","DISTRICT":"Kachchh","BLOCK":"Nakhatrana"},"geometry":{"type":"Polygon","coordinates":[[[69.50609853122227,23.360338251509157],[69.45609853122227,23.360338251509157],[69.45609853122227,23.410338251509154],[69.50609853122227,23.410338251509154],[69.50609853122227,23.360338251509157]]]}},{"type":"Feature","properties":{"GRID_CODE":"GJ-KU-RAN-285","DISTRICT":"Kachchh","BLOCK":"Rann of Kachchh"},"geometry":{"type":"Polygon","coordinates":[[[70.45609853122227,24.010338251509155],[70.40609853122227,24.010338251509155],[70.40609853122227,24.060338251509156],[70.45609853122227,24.060338251509156],[70.45609853122227,24.010338251509155]]]}},{"type":"Feature","properties":{"GRID_CODE":"GJ-KU-BHU-062","DISTRICT":"Kachchh","BLOCK":"Bhuj"},"geometry":{"type":"Polygon","coordinates":[[[69.65609853122227,23.610338251509157],[69.60609853122227,23.610338251509157],[69.60609853122227,23.660338251509154],[69.65609853122227,23.660338251509154],[69.65609853122227,23.610338251509157]]]}},{"type":"Feature","properties":{"GRID_CODE":"GJ-KU-ABD-054","DISTRICT":"Kachchh","BLOCK":"Abdasa"},"geometry":{"type":"Polygon","coordinates":[[[69.15609853122227,23.210338251509154],[69.10609853122227,23.210338251509154],[69.10609853122227,23.260338251509155],[69.15609853122227,23.260338251509155],[69.15609853122227,23.210338251509154]]]}},{"type":"Feature","properties":{"GRID_CODE":"GJ-KU-NAK-022","DISTRICT":"Kachchh","BLOCK":"Nakhatrana"},"geometry":{"type":"Polygon","coordinates":[[[69.30609853122226,23.460338251509154],[69.25609853122227,23.460338251509154],[69.25609853122227,23.510338251509155],[69.30609853122226,23.510338251509155],[69.30609853122226,23.460338251509154]]]}},{"type":"Feature","properties":{"GRID_CODE":"GJ-KU-LIT-035","DISTRICT":"Kachchh","BLOCK":"Little Rann"},"geometry":{"type":"Polygon","coordinates":[[[71.35609853122227,23.510338251509155],[71.30609853122226,23.510338251509155],[71.30609853122226,23.560338251509156],[71.35609853122227,23.560338251509156],[71.35609853122227,23.510338251509155]]]}},{"type":"Feature","properties":{"GRID_CODE":"GJ-KU-LIT-063","DISTRICT":"Kachchh","BLOCK":"Little Rann"},"geometry":{"type":"Polygon","coordinates":[[[71.00609853122227,23.360338251509157],[70.95609853122227,23.360338251509157],[70.95609853122227,23.410338251509154],[71.00609853122227,23.410338251509154],[71.00609853122227,23.360338251509157]]]}},{"type":"Feature","properties":{"GRID_CODE":"GJ-KU-LAK-062","DISTRICT":"Kachchh","BLOCK":"Lakhpat"},"geometry":{"type":"Polygon","coordinates":[[[68.90609853122227,23.510338251509155],[68.85609853122227,23.510338251509155],[68.85609853122227,23.560338251509156],[68.90609853122227,23.560338251509156],[68.90609853122227,23.510338251509155]]]}},{"type":"Feature","properties":{"GRID_CODE":"GJ-KU-RAN-497","DISTRICT":"Kachchh","BLOCK":"Rann of Kachchh"},"geometry":{"type":"Polygon","coordinates":[[[69.05609853122226,23.760338251509155],[69.00609853122227,23.760338251509155],[69.00609853122227,23.810338251509156],[69.05609853122226,23.810338251509156],[69.05609853122226,23.760338251509155]]]}},{"type":"Feature","properties":{"GRID_CODE":"GJ-KU-RAN-266","DISTRICT":"Kachchh","BLOCK":"Rann of Kachchh"},"geometry":{"type":"Polygon","coordinates":[[[69.50609853122227,24.010338251509155],[69.45609853122227,24.010338251509155],[69.45609853122227,24.060338251509156],[69.50609853122227,24.060338251509156],[69.50609853122227,24.010338251509155]]]}},{"type":"Feature","properties":{"GRID_CODE":"GJ-KU-LAK-034","DISTRICT":"Kachchh","BLOCK":"Lakhpat"},"geometry":{"type":"Polygon","coordinates":[[[68.70609853122227,23.610338251509157],[68.65609853122227,23.610338251509157],[68.65609853122227,23.660338251509154],[68.70609853122227,23.660338251509154],[68.70609853122227,23.610338251509157]]]}},{"type":"Feature","properties":{"GRID_CODE":"GJ-KU-BHA-016","DISTRICT":"Kachchh","BLOCK":"Bhachau"},"geometry":{"type":"Polygon","coordinates":[[[70.40609853122227,23.510338251509155],[70.35609853122227,23.510338251509155],[70.35609853122227,23.560338251509156],[70.40609853122227,23.560338251509156],[70.40609853122227,23.510338251509155]]]}},{"type":"Feature","properties":{"GRID_CODE":"GJ-KU-RAN-150","DISTRICT":"Kachchh","BLOCK":"Rann of Kachchh"},"geometry":{"type":"Polygon","coordinates":[[[71.35609853122227,24.160338251509154],[71.30609853122226,24.160338251509154],[71.30609853122226,24.210338251509154],[71.35609853122227,24.210338251509154],[71.35609853122227,24.160338251509154]]]}},{"type":"Feature","properties":{"GRID_CODE":"GJ-KU-RAN-296","DISTRICT":"Kachchh","BLOCK":"Rann of Kachchh"},"geometry":{"type":"Polygon","coordinates":[[[71.00609853122227,24.010338251509155],[70.95609853122227,24.010338251509155],[70.95609853122227,24.060338251509156],[71.00609853122227,24.060338251509156],[71.00609853122227,24.010338251509155]]]}},{"type":"Feature","properties":{"GRID_CODE":"GJ-KU-RAN-108","DISTRICT":"Kachchh","BLOCK":"Rann of Kachchh"},"geometry":{"type":"Polygon","coordinates":[[[68.90609853122227,24.160338251509154],[68.85609853122227,24.160338251509154],[68.85609853122227,24.210338251509154],[68.90609853122227,24.210338251509154],[68.90609853122227,24.160338251509154]]]}},{"type":"Feature","properties":{"GRID_CODE":"GJ-KU-RAN-016","DISTRICT":"Kachchh","BLOCK":"Rann of Kachchh"},"geometry":{"type":"Polygon","coordinates":[[[71.10609853122227,24.460338251509154],[71.05609853122226,24.460338251509154],[71.05609853122226,24.510338251509155],[71.10609853122227,24.510338251509155],[71.10609853122227,24.460338251509154]]]}},{"type":"Feature","properties":{"GRID_CODE":"GJ-KU-RAN-131","DISTRICT":"Kachchh","BLOCK":"Rann of Kachchh"},"geometry":{"type":"Polygon","coordinates":[[[70.40609853122227,24.160338251509154],[70.35609853122227,24.160338251509154],[70.35609853122227,24.210338251509154],[70.40609853122227,24.210338251509154],[70.40609853122227,24.160338251509154]]]}},{"type":"Feature","properties":{"GRID_CODE":"GJ-KU-BHU-158","DISTRICT":"Kachchh","BLOCK":"Bhuj"},"geometry":{"type":"Polygon","coordinates":[[[69.80609853122226,23.110338251509157],[69.75609853122227,23.110338251509157],[69.75609853122227,23.160338251509154],[69.80609853122226,23.160338251509154],[69.80609853122226,23.110338251509157]]]}},{"type":"Feature","properties":{"GRID_CODE":"GJ-KU-MAN-024","DISTRICT":"Kachchh","BLOCK":"Mandvi"},"geometry":{"type":"Polygon","coordinates":[[[69.45609853122227,22.960338251509154],[69.40609853122227,22.960338251509154],[69.40609853122227,23.010338251509155],[69.45609853122227,23.010338251509155],[69.45609853122227,22.960338251509154]]]}},{"type":"Feature","properties":{"GRID_CODE":"GJ-KU-ABD-043","DISTRICT":"Kachchh","BLOCK":"Abdasa"},"geometry":{"type":"Polygon","coordinates":[[[69.20609853122227,23.260338251509155],[69.15609853122227,23.260338251509155],[69.15609853122227,23.310338251509156],[69.20609853122227,23.310338251509156],[69.20609853122227,23.260338251509155]]]}},{"type":"Feature","properties":{"GRID_CODE":"GJ-KU-ABD-071","DISTRICT":"Kachchh","BLOCK":"Abdasa"},"geometry":{"type":"Polygon","coordinates":[[[68.85609853122227,23.110338251509157],[68.80609853122226,23.110338251509157],[68.80609853122226,23.160338251509154],[68.85609853122227,23.160338251509154],[68.85609853122227,23.110338251509157]]]}},{"type":"Feature","properties":{"GRID_CODE":"GJ-KU-BHU-021","DISTRICT":"Kachchh","BLOCK":"Bhuj"},"geometry":{"type":"Polygon","coordinates":[[[69.80609853122226,23.760338251509155],[69.75609853122227,23.760338251509155],[69.75609853122227,23.810338251509156],[69.80609853122226,23.810338251509156],[69.80609853122226,23.760338251509155]]]}},{"type":"Feature","properties":{"GRID_CODE":"GJ-KU-LIT-179","DISTRICT":"Kachchh","BLOCK":"Little Rann"},"geometry":{"type":"Polygon","coordinates":[[[70.55609853122226,23.010338251509155],[70.50609853122227,23.010338251509155],[70.50609853122227,23.060338251509156],[70.55609853122226,23.060338251509156],[70.55609853122226,23.010338251509155]]]}},{"type":"Feature","properties":{"GRID_CODE":"GJ-KU-BHA-060","DISTRICT":"Kachchh","BLOCK":"Bhachau"},"geometry":{"type":"Polygon","coordinates":[[[70.70609853122227,23.260338251509155],[70.65609853122227,23.260338251509155],[70.65609853122227,23.310338251509156],[70.70609853122227,23.310338251509156],[70.70609853122227,23.260338251509155]]]}},{"type":"Feature","properties":{"GRID_CODE":"GJ-KU-ABD-004","DISTRICT":"Kachchh","BLOCK":"Abdasa"},"geometry":{"type":"Polygon","coordinates":[[[68.60609853122227,23.410338251509154],[68.55609853122226,23.410338251509154],[68.55609853122226,23.460338251509154],[68.60609853122227,23.460338251509154],[68.60609853122227,23.410338251509154]]]}},{"type":"Feature","properties":{"GRID_CODE":"GJ-KU-LIT-152","DISTRICT":"Kachchh","BLOCK":"Little Rann"},"geometry":{"type":"Polygon","coordinates":[[[70.35609853122227,23.110338251509157],[70.30609853122226,23.110338251509157],[70.30609853122226,23.160338251509154],[70.35609853122227,23.160338251509154],[70.35609853122227,23.110338251509157]]]}},{"type":"Feature","properties":{"GRID_CODE":"GJ-KU-RAN-372","DISTRICT":"Kachchh","BLOCK":"Rann of Kachchh"},"geometry":{"type":"Polygon","coordinates":[[[69.20609853122227,23.910338251509154],[69.15609853122227,23.910338251509154],[69.15609853122227,23.960338251509154],[69.20609853122227,23.960338251509154],[69.20609853122227,23.910338251509154]]]}},{"type":"Feature","properties":{"GRID_CODE":"GJ-KU-RAN-354","DISTRICT":"Kachchh","BLOCK":"Rann of Kachchh"},"geometry":{"type":"Polygon","coordinates":[[[71.25609853122227,23.960338251509154],[71.20609853122227,23.960338251509154],[71.20609853122227,24.010338251509155],[71.25609853122227,24.010338251509155],[71.25609853122227,23.960338251509154]]]}},{"type":"Feature","properties":{"GRID_CODE":"GJ-KU-ANJ-015","DISTRICT":"Kachchh","BLOCK":"Anjar"},"geometry":{"type":"Polygon","coordinates":[[[69.95609853122227,23.160338251509154],[69.90609853122227,23.160338251509154],[69.90609853122227,23.210338251509154],[69.95609853122227,23.210338251509154],[69.95609853122227,23.160338251509154]]]}},{"type":"Feature","properties":{"GRID_CODE":"GJ-KU-RAP-014","DISTRICT":"Kachchh","BLOCK":"Rapar"},"geometry":{"type":"Polygon","coordinates":[[[70.90609853122227,23.810338251509156],[70.85609853122227,23.810338251509156],[70.85609853122227,23.860338251509157],[70.90609853122227,23.860338251509157],[70.90609853122227,23.810338251509156]]]}},{"type":"Feature","properties":{"GRID_CODE":"GJ-KU-RAN-305","DISTRICT":"Kachchh","BLOCK":"Rann of Kachchh"},"geometry":{"type":"Polygon","coordinates":[[[68.80609853122226,23.960338251509154],[68.75609853122227,23.960338251509154],[68.75609853122227,24.010338251509155],[68.80609853122226,24.010338251509155],[68.80609853122226,23.960338251509154]]]}},{"type":"Feature","properties":{"GRID_CODE":"GJ-KU-RAP-028","DISTRICT":"Kachchh","BLOCK":"Rapar"},"geometry":{"type":"Polygon","coordinates":[[[70.55609853122226,23.660338251509154],[70.50609853122227,23.660338251509154],[70.50609853122227,23.710338251509154],[70.55609853122226,23.710338251509154],[70.55609853122226,23.660338251509154]]]}},{"type":"Feature","properties":{"GRID_CODE":"GJ-KU-BHU-124","DISTRICT":"Kachchh","BLOCK":"Bhuj"},"geometry":{"type":"Polygon","coordinates":[[[69.75609853122227,23.260338251509155],[69.70609853122227,23.260338251509155],[69.70609853122227,23.310338251509156],[69.75609853122227,23.310338251509156],[69.75609853122227,23.260338251509155]]]}},{"type":"Feature","properties":{"GRID_CODE":"GJ-KU-RAN-396","DISTRICT":"Kachchh","BLOCK":"Rann of Kachchh"},"geometry":{"type":"Polygon","coordinates":[[[70.70609853122227,23.910338251509154],[70.65609853122227,23.910338251509154],[70.65609853122227,23.960338251509154],[70.70609853122227,23.960338251509154],[70.70609853122227,23.910338251509154]]]}},{"type":"Feature","properties":{"GRID_CODE":"GJ-KU-LIT-145","DISTRICT":"Kachchh","BLOCK":"Little Rann"},"geometry":{"type":"Polygon","coordinates":[[[71.45609853122227,23.160338251509154],[71.40609853122227,23.160338251509154],[71.40609853122227,23.210338251509154],[71.45609853122227,23.210338251509154],[71.45609853122227,23.160338251509154]]]}},{"type":"Feature","properties":{"GRID_CODE":"GJ-KU-RAN-335","DISTRICT":"Kachchh","BLOCK":"Rann of Kachchh"},"geometry":{"type":"Polygon","coordinates":[[[70.30609853122226,23.960338251509154],[70.25609853122227,23.960338251509154],[70.25609853122227,24.010338251509155],[70.30609853122226,24.010338251509155],[70.30609853122226,23.960338251509154]]]}},{"type":"Feature","properties":{"GRID_CODE":"GJ-KU-BHU-014","DISTRICT":"Kachchh","BLOCK":"Bhuj"},"geometry":{"type":"Polygon","coordinates":[[[69.95609853122227,23.810338251509156],[69.90609853122227,23.810338251509156],[69.90609853122227,23.860338251509157],[69.95609853122227,23.860338251509157],[69.95609853122227,23.810338251509156]]]}},{"type":"Feature","properties":{"GRID_CODE":"GJ-KU-RAN-169","DISTRICT":"Kachchh","BLOCK":"Rann of Kachchh"},"geometry":{"type":"Polygon","coordinates":[[[69.70609853122227,24.110338251509157],[69.65609853122227,24.110338251509157],[69.65609853122227,24.160338251509154],[69.70609853122227,24.160338251509154],[69.70609853122227,24.110338251509157]]]}},{"type":"Feature","properties":{"GRID_CODE":"GJ-KU-RAN-316","DISTRICT":"Kachchh","BLOCK":"Rann of Kachchh"},"geometry":{"type":"Polygon","coordinates":[[[69.35609853122227,23.960338251509154],[69.30609853122226,23.960338251509154],[69.30609853122226,24.010338251509155],[69.35609853122227,24.010338251509155],[69.35609853122227,23.960338251509154]]]}},{"type":"Feature","properties":{"GRID_CODE":"GJ-KU-RAN-199","DISTRICT":"Kachchh","BLOCK":"Rann of Kachchh"},"geometry":{"type":"Polygon","coordinates":[[[71.20609853122227,24.110338251509157],[71.15609853122227,24.110338251509157],[71.15609853122227,24.160338251509154],[71.20609853122227,24.160338251509154],[71.20609853122227,24.110338251509157]]]}},{"type":"Feature","properties":{"GRID_CODE":"GJ-KU-LIT-080","DISTRICT":"Kachchh","BLOCK":"Little Rann"},"geometry":{"type":"Polygon","coordinates":[[[71.05609853122226,23.310338251509156],[71.00609853122227,23.310338251509156],[71.00609853122227,23.360338251509157],[71.05609853122226,23.360338251509157],[71.05609853122226,23.310338251509156]]]}},{"type":"Feature","properties":{"GRID_CODE":"GJ-KU-RAP-088","DISTRICT":"Kachchh","BLOCK":"Rapar"},"geometry":{"type":"Polygon","coordinates":[[[70.85609853122227,23.410338251509154],[70.80609853122226,23.410338251509154],[70.80609853122226,23.460338251509154],[70.85609853122227,23.460338251509154],[70.85609853122227,23.410338251509154]]]}},{"type":"Feature","properties":{"GRID_CODE":"GJ-KU-LAK-049","DISTRICT":"Kachchh","BLOCK":"Lakhpat"},"geometry":{"type":"Polygon","coordinates":[[[68.75609853122227,23.560338251509156],[68.70609853122227,23.560338251509156],[68.70609853122227,23.610338251509157],[68.75609853122227,23.610338251509157],[68.75609853122227,23.560338251509156]]]}},{"type":"Feature","properties":{"GRID_CODE":"GJ-KU-MAN-051","DISTRICT":"Kachchh","BLOCK":"Mandvi"},"geometry":{"type":"Polygon","coordinates":[[[69.50609853122227,22.810338251509156],[69.45609853122227,22.810338251509156],[69.45609853122227,22.860338251509157],[69.50609853122227,22.860338251509157],[69.50609853122227,22.810338251509156]]]}},{"type":"Feature","properties":{"GRID_CODE":"GJ-KU-BHA-020","DISTRICT":"Kachchh","BLOCK":"Bhachau"},"geometry":{"type":"Polygon","coordinates":[[[70.45609853122227,23.460338251509154],[70.40609853122227,23.460338251509154],[70.40609853122227,23.510338251509155],[70.45609853122227,23.510338251509155],[70.45609853122227,23.460338251509154]]]}},{"type":"Feature","properties":{"GRID_CODE":"GJ-KU-BHU-163","DISTRICT":"Kachchh","BLOCK":"Bhuj"},"geometry":{"type":"Polygon","coordinates":[[[69.65609853122227,23.060338251509156],[69.60609853122227,23.060338251509156],[69.60609853122227,23.110338251509157],[69.65609853122227,23.110338251509157],[69.65609853122227,23.060338251509156]]]}},{"type":"Feature","properties":{"GRID_CODE":"GJ-KU-ANJ-003","DISTRICT":"Kachchh","BLOCK":"Anjar"},"geometry":{"type":"Polygon","coordinates":[[[70.10609853122227,23.310338251509156],[70.05609853122226,23.310338251509156],[70.05609853122226,23.360338251509157],[70.10609853122227,23.360338251509157],[70.10609853122227,23.310338251509156]]]}},{"type":"Feature","properties":{"GRID_CODE":"GJ-KU-MAN-031","DISTRICT":"Kachchh","BLOCK":"Mandvi"},"geometry":{"type":"Polygon","coordinates":[[[69.30609853122226,22.910338251509154],[69.25609853122227,22.910338251509154],[69.25609853122227,22.960338251509154],[69.30609853122226,22.960338251509154],[69.30609853122226,22.910338251509154]]]}},{"type":"Feature","properties":{"GRID_CODE":"GJ-KU-RAN-583","DISTRICT":"Kachchh","BLOCK":"Rann of Kachchh"},"geometry":{"type":"Polygon","coordinates":[[[70.25609853122227,23.560338251509156],[70.20609853122227,23.560338251509156],[70.20609853122227,23.610338251509157],[70.25609853122227,23.610338251509157],[70.25609853122227,23.560338251509156]]]}},{"type":"Feature","properties":{"GRID_CODE":"GJ-KU-BHU-066","DISTRICT":"Kachchh","BLOCK":"Bhuj"},"geometry":{"type":"Polygon","coordinates":[[[69.85609853122227,23.610338251509157],[69.80609853122226,23.610338251509157],[69.80609853122226,23.660338251509154],[69.85609853122227,23.660338251509154],[69.85609853122227,23.610338251509157]]]}},{"type":"Feature","properties":{"GRID_CODE":"GJ-KU-RAN-437","DISTRICT":"Kachchh","BLOCK":"Rann of Kachchh"},"geometry":{"type":"Polygon","coordinates":[[[70.00609853122227,23.860338251509157],[69.95609853122227,23.860338251509157],[69.95609853122227,23.910338251509154],[70.00609853122227,23.910338251509154],[70.00609853122227,23.860338251509157]]]}},{"type":"Feature","properties":{"GRID_CODE":"GJ-KU-LIT-091","DISTRICT":"Kachchh","BLOCK":"Little Rann"},"geometry":{"type":"Polygon","coordinates":[[[71.60609853122227,23.310338251509156],[71.55609853122226,23.310338251509156],[71.55609853122226,23.360338251509157],[71.60609853122227,23.360338251509157],[71.60609853122227,23.310338251509156]]]}},{"type":"Feature","properties":{"GRID_CODE":"GJ-KU-NAK-026","DISTRICT":"Kachchh","BLOCK":"Nakhatrana"},"geometry":{"type":"Polygon","coordinates":[[[69.50609853122227,23.460338251509154],[69.45609853122227,23.460338251509154],[69.45609853122227,23.510338251509155],[69.50609853122227,23.510338251509155],[69.50609853122227,23.460338251509154]]]}},{"type":"Feature","properties":{"GRID_CODE":"GJ-KU-RAN-184","DISTRICT":"Kachchh","BLOCK":"Rann of Kachchh"},"geometry":{"type":"Polygon","coordinates":[[[70.45609853122227,24.110338251509157],[70.40609853122227,24.110338251509157],[70.40609853122227,24.160338251509154],[70.45609853122227,24.160338251509154],[70.45609853122227,24.110338251509157]]]}},{"type":"Feature","properties":{"GRID_CODE":"GJ-KU-BHU-033","DISTRICT":"Kachchh","BLOCK":"Bhuj"},"geometry":{"type":"Polygon","coordinates":[[[69.65609853122227,23.710338251509154],[69.60609853122227,23.710338251509154],[69.60609853122227,23.760338251509155],[69.65609853122227,23.760338251509155],[69.65609853122227,23.710338251509154]]]}},{"type":"Feature","properties":{"GRID_CODE":"GJ-KU-ABD-030","DISTRICT":"Kachchh","BLOCK":"Abdasa"},"geometry":{"type":"Polygon","coordinates":[[[69.15609853122227,23.310338251509156],[69.10609853122227,23.310338251509156],[69.10609853122227,23.360338251509157],[69.15609853122227,23.360338251509157],[69.15609853122227,23.310338251509156]]]}},{"type":"Feature","properties":{"GRID_CODE":"GJ-KU-LIT-007","DISTRICT":"Kachchh","BLOCK":"Little Rann"},"geometry":{"type":"Polygon","coordinates":[[[69.30609853122226,23.560338251509156],[69.25609853122227,23.560338251509156],[69.25609853122227,23.610338251509157],[69.30609853122226,23.610338251509157],[69.30609853122226,23.560338251509156]]]}},{"type":"Feature","properties":{"GRID_CODE":"GJ-KU-LIT-006","DISTRICT":"Kachchh","BLOCK":"Little Rann"},"geometry":{"type":"Polygon","coordinates":[[[71.35609853122227,23.610338251509157],[71.30609853122226,23.610338251509157],[71.30609853122226,23.660338251509154],[71.35609853122227,23.660338251509154],[71.35609853122227,23.610338251509157]]]}},{"type":"Feature","properties":{"GRID_CODE":"GJ-KU-BHU-015","DISTRICT":"Kachchh","BLOCK":"Bhuj"},"geometry":{"type":"Polygon","coordinates":[[[69.25609853122227,23.760338251509155],[69.20609853122227,23.760338251509155],[69.20609853122227,23.810338251509156],[69.25609853122227,23.810338251509156],[69.25609853122227,23.760338251509155]]]}},{"type":"Feature","properties":{"GRID_CODE":"GJ-KU-RAN-264","DISTRICT":"Kachchh","BLOCK":"Rann of Kachchh"},"geometry":{"type":"Polygon","coordinates":[[[69.40609853122227,24.010338251509155],[69.35609853122227,24.010338251509155],[69.35609853122227,24.060338251509156],[69.40609853122227,24.060338251509156],[69.40609853122227,24.010338251509155]]]}},{"type":"Feature","properties":{"GRID_CODE":"GJ-KU-RAP-081","DISTRICT":"Kachchh","BLOCK":"Rapar"},"geometry":{"type":"Polygon","coordinates":[[[71.00609853122227,23.460338251509154],[70.95609853122227,23.460338251509154],[70.95609853122227,23.510338251509155],[71.00609853122227,23.510338251509155],[71.00609853122227,23.460338251509154]]]}},{"type":"Feature","properties":{"GRID_CODE":"GJ-KU-LAK-038","DISTRICT":"Kachchh","BLOCK":"Lakhpat"},"geometry":{"type":"Polygon","coordinates":[[[68.90609853122227,23.610338251509157],[68.85609853122227,23.610338251509157],[68.85609853122227,23.660338251509154],[68.90609853122227,23.660338251509154],[68.90609853122227,23.610338251509157]]]}},{"type":"Feature","properties":{"GRID_CODE":"GJ-KU-RAN-424","DISTRICT":"Kachchh","BLOCK":"Rann of Kachchh"},"geometry":{"type":"Polygon","coordinates":[[[69.05609853122226,23.860338251509157],[69.00609853122227,23.860338251509157],[69.00609853122227,23.910338251509154],[69.05609853122226,23.910338251509154],[69.05609853122226,23.860338251509157]]]}},{"type":"Feature","properties":{"GRID_CODE":"GJ-KU-LAK-010","DISTRICT":"Kachchh","BLOCK":"Lakhpat"},"geometry":{"type":"Polygon","coordinates":[[[68.70609853122227,23.710338251509154],[68.65609853122227,23.710338251509154],[68.65609853122227,23.760338251509155],[68.70609853122227,23.760338251509155],[68.70609853122227,23.710338251509154]]]}},{"type":"Feature","properties":{"GRID_CODE":"GJ-KU-RAP-017","DISTRICT":"Kachchh","BLOCK":"Rapar"},"geometry":{"type":"Polygon","coordinates":[[[70.75609853122227,23.760338251509155],[70.70609853122227,23.760338251509155],[70.70609853122227,23.810338251509156],[70.75609853122227,23.810338251509156],[70.75609853122227,23.760338251509155]]]}},{"type":"Feature","properties":{"GRID_CODE":"GJ-KU-RAN-575","DISTRICT":"Kachchh","BLOCK":"Rann of Kachchh"},"geometry":{"type":"Polygon","coordinates":[[[70.40609853122227,23.610338251509157],[70.35609853122227,23.610338251509157],[70.35609853122227,23.660338251509154],[70.40609853122227,23.660338251509154],[70.40609853122227,23.610338251509157]]]}},{"type":"Feature","properties":{"GRID_CODE":"GJ-KU-RAN-489","DISTRICT":"Kachchh","BLOCK":"Rann of Kachchh"},"geometry":{"type":"Polygon","coordinates":[[[68.30609853122226,23.760338251509155],[68.25609853122227,23.760338251509155],[68.25609853122227,23.810338251509156],[68.30609853122226,23.810338251509156],[68.30609853122226,23.760338251509155]]]}},{"type":"Feature","properties":{"GRID_CODE":"GJ-KU-RAN-005","DISTRICT":"Kachchh","BLOCK":"Rann of Kachchh"},"geometry":{"type":"Polygon","coordinates":[[[71.10609853122227,24.560338251509156],[71.05609853122226,24.560338251509156],[71.05609853122226,24.610338251509157],[71.10609853122227,24.610338251509157],[71.10609853122227,24.560338251509156]]]}},{"type":"Feature","properties":{"GRID_CODE":"GJ-KU-RAN-059","DISTRICT":"Kachchh","BLOCK":"Rann of Kachchh"},"geometry":{"type":"Polygon","coordinates":[[[70.40609853122227,24.260338251509155],[70.35609853122227,24.260338251509155],[70.35609853122227,24.310338251509156],[70.40609853122227,24.310338251509156],[70.40609853122227,24.260338251509155]]]}},{"type":"Feature","properties":{"GRID_CODE":"GJ-KU-BHU-137","DISTRICT":"Kachchh","BLOCK":"Bhuj"},"geometry":{"type":"Polygon","coordinates":[[[69.80609853122226,23.210338251509154],[69.75609853122227,23.210338251509154],[69.75609853122227,23.260338251509155],[69.80609853122226,23.260338251509155],[69.80609853122226,23.210338251509154]]]}},{"type":"Feature","properties":{"GRID_CODE":"GJ-KU-MAN-008","DISTRICT":"Kachchh","BLOCK":"Mandvi"},"geometry":{"type":"Polygon","coordinates":[[[69.45609853122227,23.060338251509156],[69.40609853122227,23.060338251509156],[69.40609853122227,23.110338251509157],[69.45609853122227,23.110338251509157],[69.45609853122227,23.060338251509156]]]}},{"type":"Feature","properties":{"GRID_CODE":"GJ-KU-LIT-121","DISTRICT":"Kachchh","BLOCK":"Little Rann"},"geometry":{"type":"Polygon","coordinates":[[[71.30609853122226,23.210338251509154],[71.25609853122227,23.210338251509154],[71.25609853122227,23.260338251509155],[71.30609853122226,23.260338251509155],[71.30609853122226,23.210338251509154]]]}},{"type":"Feature","properties":{"GRID_CODE":"GJ-KU-NAK-043","DISTRICT":"Kachchh","BLOCK":"Nakhatrana"},"geometry":{"type":"Polygon","coordinates":[[[69.20609853122227,23.360338251509157],[69.15609853122227,23.360338251509157],[69.15609853122227,23.410338251509154],[69.20609853122227,23.410338251509154],[69.20609853122227,23.360338251509157]]]}},{"type":"Feature","properties":{"GRID_CODE":"GJ-KU-ABD-048","DISTRICT":"Kachchh","BLOCK":"Abdasa"},"geometry":{"type":"Polygon","coordinates":[[[68.85609853122227,23.210338251509154],[68.80609853122226,23.210338251509154],[68.80609853122226,23.260338251509155],[68.85609853122227,23.260338251509155],[68.85609853122227,23.210338251509154]]]}},{"type":"Feature","properties":{"GRID_CODE":"GJ-KU-LIT-094","DISTRICT":"Kachchh","BLOCK":"Little Rann"},"geometry":{"type":"Polygon","coordinates":[[[70.90609853122227,23.260338251509155],[70.85609853122227,23.260338251509155],[70.85609853122227,23.310338251509156],[70.90609853122227,23.310338251509156],[70.90609853122227,23.260338251509155]]]}},{"type":"Feature","properties":{"GRID_CODE":"GJ-KU-LIT-156","DISTRICT":"Kachchh","BLOCK":"Little Rann"},"geometry":{"type":"Polygon","coordinates":[[[70.55609853122226,23.110338251509157],[70.50609853122227,23.110338251509157],[70.50609853122227,23.160338251509154],[70.55609853122226,23.160338251509154],[70.55609853122226,23.110338251509157]]]}},{"type":"Feature","properties":{"GRID_CODE":"GJ-KU-RAP-092","DISTRICT":"Kachchh","BLOCK":"Rapar"},"geometry":{"type":"Polygon","coordinates":[[[70.70609853122227,23.360338251509157],[70.65609853122227,23.360338251509157],[70.65609853122227,23.410338251509154],[70.70609853122227,23.410338251509154],[70.70609853122227,23.360338251509157]]]}},{"type":"Feature","properties":{"GRID_CODE":"GJ-KU-LAK-056","DISTRICT":"Kachchh","BLOCK":"Lakhpat"},"geometry":{"type":"Polygon","coordinates":[[[68.60609853122227,23.510338251509155],[68.55609853122226,23.510338251509155],[68.55609853122226,23.560338251509156],[68.60609853122227,23.560338251509156],[68.60609853122227,23.510338251509155]]]}},{"type":"Feature","properties":{"GRID_CODE":"GJ-KU-GAN-007","DISTRICT":"Kachchh","BLOCK":"Gandhidham"},"geometry":{"type":"Polygon","coordinates":[[[70.20609853122227,22.960338251509154],[70.15609853122227,22.960338251509154],[70.15609853122227,23.010338251509155],[70.20609853122227,23.010338251509155],[70.20609853122227,22.960338251509154]]]}},{"type":"Feature","properties":{"GRID_CODE":"GJ-KU-BHA-064","DISTRICT":"Kachchh","BLOCK":"Bhachau"},"geometry":{"type":"Polygon","coordinates":[[[70.35609853122227,23.210338251509154],[70.30609853122226,23.210338251509154],[70.30609853122226,23.260338251509155],[70.35609853122227,23.260338251509155],[70.35609853122227,23.210338251509154]]]}},{"type":"Feature","properties":{"GRID_CODE":"GJ-KU-RAN-260","DISTRICT":"Kachchh","BLOCK":"Rann of Kachchh"},"geometry":{"type":"Polygon","coordinates":[[[69.20609853122227,24.010338251509155],[69.15609853122227,24.010338251509155],[69.15609853122227,24.060338251509156],[69.20609853122227,24.060338251509156],[69.20609853122227,24.010338251509155]]]}},{"type":"Feature","properties":{"GRID_CODE":"GJ-KU-RAN-250","DISTRICT":"Kachchh","BLOCK":"Rann of Kachchh"},"geometry":{"type":"Polygon","coordinates":[[[71.25609853122227,24.060338251509156],[71.20609853122227,24.060338251509156],[71.20609853122227,24.110338251509157],[71.25609853122227,24.110338251509157],[71.25609853122227,24.060338251509156]]]}},{"type":"Feature","properties":{"GRID_CODE":"GJ-KU-BHU-128","DISTRICT":"Kachchh","BLOCK":"Bhuj"},"geometry":{"type":"Polygon","coordinates":[[[69.95609853122227,23.260338251509155],[69.90609853122227,23.260338251509155],[69.90609853122227,23.310338251509156],[69.95609853122227,23.310338251509156],[69.95609853122227,23.260338251509155]]]}},{"type":"Feature","properties":{"GRID_CODE":"GJ-KU-RAN-400","DISTRICT":"Kachchh","BLOCK":"Rann of Kachchh"},"geometry":{"type":"Polygon","coordinates":[[[70.90609853122227,23.910338251509154],[70.85609853122227,23.910338251509154],[70.85609853122227,23.960338251509154],[70.90609853122227,23.960338251509154],[70.90609853122227,23.910338251509154]]]}},{"type":"Feature","properties":{"GRID_CODE":"GJ-KU-RAN-201","DISTRICT":"Kachchh","BLOCK":"Rann of Kachchh"},"geometry":{"type":"Polygon","coordinates":[[[68.80609853122226,24.060338251509156],[68.75609853122227,24.060338251509156],[68.75609853122227,24.110338251509157],[68.80609853122226,24.110338251509157],[68.80609853122226,24.060338251509156]]]}},{"type":"Feature","properties":{"GRID_CODE":"GJ-KU-RAN-517","DISTRICT":"Kachchh","BLOCK":"Rann of Kachchh"},"geometry":{"type":"Polygon","coordinates":[[[70.55609853122226,23.760338251509155],[70.50609853122227,23.760338251509155],[70.50609853122227,23.810338251509156],[70.55609853122226,23.810338251509156],[70.55609853122226,23.760338251509155]]]}},{"type":"Feature","properties":{"GRID_CODE":"GJ-KU-BHU-099","DISTRICT":"Kachchh","BLOCK":"Bhuj"},"geometry":{"type":"Polygon","coordinates":[[[69.75609853122227,23.360338251509157],[69.70609853122227,23.360338251509157],[69.70609853122227,23.410338251509154],[69.75609853122227,23.410338251509154],[69.75609853122227,23.360338251509157]]]}},{"type":"Feature","properties":{"GRID_CODE":"GJ-KU-RAN-290","DISTRICT":"Kachchh","BLOCK":"Rann of Kachchh"},"geometry":{"type":"Polygon","coordinates":[[[70.70609853122227,24.010338251509155],[70.65609853122227,24.010338251509155],[70.65609853122227,24.060338251509156],[70.70609853122227,24.060338251509156],[70.70609853122227,24.010338251509155]]]}},{"type":"Feature","properties":{"GRID_CODE":"GJ-KU-LIT-105","DISTRICT":"Kachchh","BLOCK":"Little Rann"},"geometry":{"type":"Polygon","coordinates":[[[71.45609853122227,23.260338251509155],[71.40609853122227,23.260338251509155],[71.40609853122227,23.310338251509156],[71.45609853122227,23.310338251509156],[71.45609853122227,23.260338251509155]]]}},{"type":"Feature","properties":{"GRID_CODE":"GJ-KU-NAK-035","DISTRICT":"Kachchh","BLOCK":"Nakhatrana"},"geometry":{"type":"Polygon","coordinates":[[[69.35609853122227,23.410338251509154],[69.30609853122226,23.410338251509154],[69.30609853122226,23.460338251509154],[69.35609853122227,23.460338251509154],[69.35609853122227,23.410338251509154]]]}},{"type":"Feature","properties":{"GRID_CODE":"GJ-KU-RAN-231","DISTRICT":"Kachchh","BLOCK":"Rann of Kachchh"},"geometry":{"type":"Polygon","coordinates":[[[70.30609853122226,24.060338251509156],[70.25609853122227,24.060338251509156],[70.25609853122227,24.110338251509157],[70.30609853122226,24.110338251509157],[70.30609853122226,24.060338251509156]]]}},{"type":"Feature","properties":{"GRID_CODE":"GJ-KU-RAN-384","DISTRICT":"Kachchh","BLOCK":"Rann of Kachchh"},"geometry":{"type":"Polygon","coordinates":[[[69.95609853122227,23.910338251509154],[69.90609853122227,23.910338251509154],[69.90609853122227,23.960338251509154],[69.95609853122227,23.960338251509154],[69.95609853122227,23.910338251509154]]]}},{"type":"Feature","properties":{"GRID_CODE":"GJ-KU-RAN-212","DISTRICT":"Kachchh","BLOCK":"Rann of Kachchh"},"geometry":{"type":"Polygon","coordinates":[[[69.35609853122227,24.060338251509156],[69.30609853122226,24.060338251509156],[69.30609853122226,24.110338251509157],[69.35609853122227,24.110338251509157],[69.35609853122227,24.060338251509156]]]}},{"type":"Feature","properties":{"GRID_CODE":"GJ-KU-RAN-104","DISTRICT":"Kachchh","BLOCK":"Rann of Kachchh"},"geometry":{"type":"Polygon","coordinates":[[[71.20609853122227,24.210338251509154],[71.15609853122227,24.210338251509154],[71.15609853122227,24.260338251509155],[71.20609853122227,24.260338251509155],[71.20609853122227,24.210338251509154]]]}},{"type":"Feature","properties":{"GRID_CODE":"GJ-KU-RAN-031","DISTRICT":"Kachchh","BLOCK":"Rann of Kachchh"},"geometry":{"type":"Polygon","coordinates":[[[70.60609853122227,24.360338251509157],[70.55609853122226,24.360338251509157],[70.55609853122226,24.410338251509154],[70.60609853122227,24.410338251509154],[70.60609853122227,24.360338251509157]]]}},{"type":"Feature","properties":{"GRID_CODE":"GJ-KU-LIT-189","DISTRICT":"Kachchh","BLOCK":"Little Rann"},"geometry":{"type":"Polygon","coordinates":[[[70.45609853122227,22.910338251509154],[70.40609853122227,22.910338251509154],[70.40609853122227,22.960338251509154],[70.45609853122227,22.960338251509154],[70.45609853122227,22.910338251509154]]]}},{"type":"Feature","properties":{"GRID_CODE":"GJ-KU-LIT-051","DISTRICT":"Kachchh","BLOCK":"Little Rann"},"geometry":{"type":"Polygon","coordinates":[[[71.05609853122226,23.410338251509154],[71.00609853122227,23.410338251509154],[71.00609853122227,23.460338251509154],[71.05609853122226,23.460338251509154],[71.05609853122226,23.410338251509154]]]}},{"type":"Feature","properties":{"GRID_CODE":"GJ-KU-LIT-173","DISTRICT":"Kachchh","BLOCK":"Little Rann"},"geometry":{"type":"Polygon","coordinates":[[[70.25609853122227,23.010338251509155],[70.20609853122227,23.010338251509155],[70.20609853122227,23.060338251509156],[70.25609853122227,23.060338251509156],[70.25609853122227,23.010338251509155]]]}},{"type":"Feature","properties":{"GRID_CODE":"GJ-KU-MUN-024","DISTRICT":"Kachchh","BLOCK":"Mundra"},"geometry":{"type":"Polygon","coordinates":[[[69.90609853122227,22.860338251509157],[69.85609853122227,22.860338251509157],[69.85609853122227,22.910338251509154],[69.90609853122227,22.910338251509154],[69.90609853122227,22.860338251509157]]]}},{"type":"Feature","properties":{"GRID_CODE":"GJ-KU-LAK-021","DISTRICT":"Kachchh","BLOCK":"Lakhpat"},"geometry":{"type":"Polygon","coordinates":[[[68.75609853122227,23.660338251509154],[68.70609853122227,23.660338251509154],[68.70609853122227,23.710338251509154],[68.75609853122227,23.710338251509154],[68.75609853122227,23.660338251509154]]]}},{"type":"Feature","properties":{"GRID_CODE":"GJ-KU-MAN-035","DISTRICT":"Kachchh","BLOCK":"Mandvi"},"geometry":{"type":"Polygon","coordinates":[[[69.50609853122227,22.910338251509154],[69.45609853122227,22.910338251509154],[69.45609853122227,22.960338251509154],[69.50609853122227,22.960338251509154],[69.50609853122227,22.910338251509154]]]}},{"type":"Feature","properties":{"GRID_CODE":"GJ-KU-BHA-014","DISTRICT":"Kachchh","BLOCK":"Bhachau"},"geometry":{"type":"Polygon","coordinates":[[[70.45609853122227,23.560338251509156],[70.40609853122227,23.560338251509156],[70.40609853122227,23.610338251509157],[70.45609853122227,23.610338251509157],[70.45609853122227,23.560338251509156]]]}},{"type":"Feature","properties":{"GRID_CODE":"GJ-KU-BHU-146","DISTRICT":"Kachchh","BLOCK":"Bhuj"},"geometry":{"type":"Polygon","coordinates":[[[69.65609853122227,23.160338251509154],[69.60609853122227,23.160338251509154],[69.60609853122227,23.210338251509154],[69.65609853122227,23.210338251509154],[69.65609853122227,23.160338251509154]]]}},{"type":"Feature","properties":{"GRID_CODE":"GJ-KU-BHU-093","DISTRICT":"Kachchh","BLOCK":"Bhuj"},"geometry":{"type":"Polygon","coordinates":[[[70.10609853122227,23.410338251509154],[70.05609853122226,23.410338251509154],[70.05609853122226,23.460338251509154],[70.10609853122227,23.460338251509154],[70.10609853122227,23.410338251509154]]]}},{"type":"Feature","properties":{"GRID_CODE":"GJ-KU-MAN-012","DISTRICT":"Kachchh","BLOCK":"Mandvi"},"geometry":{"type":"Polygon","coordinates":[[[69.30609853122226,23.010338251509155],[69.25609853122227,23.010338251509155],[69.25609853122227,23.060338251509156],[69.30609853122226,23.060338251509156],[69.30609853122226,23.010338251509155]]]}},{"type":"Feature","properties":{"GRID_CODE":"GJ-KU-RAN-555","DISTRICT":"Kachchh","BLOCK":"Rann of Kachchh"},"geometry":{"type":"Polygon","coordinates":[[[70.25609853122227,23.660338251509154],[70.20609853122227,23.660338251509154],[70.20609853122227,23.710338251509154],[70.25609853122227,23.710338251509154],[70.25609853122227,23.660338251509154]]]}},{"type":"Feature","properties":{"GRID_CODE":"GJ-KU-ABD-080","DISTRICT":"Kachchh","BLOCK":"Abdasa"},"geometry":{"type":"Polygon","coordinates":[[[68.90609853122227,23.060338251509156],[68.85609853122227,23.060338251509156],[68.85609853122227,23.110338251509157],[68.90609853122227,23.110338251509157],[68.90609853122227,23.060338251509156]]]}},{"type":"Feature","properties":{"GRID_CODE":"GJ-KU-BHU-037","DISTRICT":"Kachchh","BLOCK":"Bhuj"},"geometry":{"type":"Polygon","coordinates":[[[69.85609853122227,23.710338251509154],[69.80609853122226,23.710338251509154],[69.80609853122226,23.760338251509155],[69.85609853122227,23.760338251509155],[69.85609853122227,23.710338251509154]]]}},{"type":"Feature","properties":{"GRID_CODE":"GJ-KU-ABD-028","DISTRICT":"Kachchh","BLOCK":"Abdasa"},"geometry":{"type":"Polygon","coordinates":[[[69.05609853122226,23.310338251509156],[69.00609853122227,23.310338251509156],[69.00609853122227,23.360338251509157],[69.05609853122226,23.360338251509157],[69.05609853122226,23.310338251509156]]]}},{"type":"Feature","properties":{"GRID_CODE":"GJ-KU-RAN-329","DISTRICT":"Kachchh","BLOCK":"Rann of Kachchh"},"geometry":{"type":"Polygon","coordinates":[[[70.00609853122227,23.960338251509154],[69.95609853122227,23.960338251509154],[69.95609853122227,24.010338251509155],[70.00609853122227,24.010338251509155],[70.00609853122227,23.960338251509154]]]}},{"type":"Feature","properties":{"GRID_CODE":"GJ-KU-LIT-062","DISTRICT":"Kachchh","BLOCK":"Little Rann"},"geometry":{"type":"Polygon","coordinates":[[[71.60609853122227,23.410338251509154],[71.55609853122226,23.410338251509154],[71.55609853122226,23.460338251509154],[71.60609853122227,23.460338251509154],[71.60609853122227,23.410338251509154]]]}},{"type":"Feature","properties":{"GRID_CODE":"GJ-KU-LIT-011","DISTRICT":"Kachchh","BLOCK":"Little Rann"},"geometry":{"type":"Polygon","coordinates":[[[69.50609853122227,23.560338251509156],[69.45609853122227,23.560338251509156],[69.45609853122227,23.610338251509157],[69.50609853122227,23.610338251509157],[69.50609853122227,23.560338251509156]]]}},{"type":"Feature","properties":{"GRID_CODE":"GJ-KU-ABD-057","DISTRICT":"Kachchh","BLOCK":"Abdasa"},"geometry":{"type":"Polygon","coordinates":[[[68.70609853122227,23.160338251509154],[68.65609853122227,23.160338251509154],[68.65609853122227,23.210338251509154],[68.70609853122227,23.210338251509154],[68.70609853122227,23.160338251509154]]]}},{"type":"Feature","properties":{"GRID_CODE":"GJ-KU-RAN-474","DISTRICT":"Kachchh","BLOCK":"Rann of Kachchh"},"geometry":{"type":"Polygon","coordinates":[[[69.65609853122227,23.810338251509156],[69.60609853122227,23.810338251509156],[69.60609853122227,23.860338251509157],[69.65609853122227,23.860338251509157],[69.65609853122227,23.810338251509156]]]}},{"type":"Feature","properties":{"GRID_CODE":"GJ-KU-LIT-166","DISTRICT":"Kachchh","BLOCK":"Little Rann"},"geometry":{"type":"Polygon","coordinates":[[[70.40609853122227,23.060338251509156],[70.35609853122227,23.060338251509156],[70.35609853122227,23.110338251509157],[70.40609853122227,23.110338251509157],[70.40609853122227,23.060338251509156]]]}},{"type":"Feature","properties":{"GRID_CODE":"GJ-KU-RAN-428","DISTRICT":"Kachchh","BLOCK":"Rann of Kachchh"},"geometry":{"type":"Polygon","coordinates":[[[69.25609853122227,23.860338251509157],[69.20609853122227,23.860338251509157],[69.20609853122227,23.910338251509154],[69.25609853122227,23.910338251509154],[69.25609853122227,23.860338251509157]]]}},{"type":"Feature","properties":{"GRID_CODE":"GJ-KU-RAN-163","DISTRICT":"Kachchh","BLOCK":"Rann of Kachchh"},"geometry":{"type":"Polygon","coordinates":[[[69.40609853122227,24.110338251509157],[69.35609853122227,24.110338251509157],[69.35609853122227,24.160338251509154],[69.40609853122227,24.160338251509154],[69.40609853122227,24.110338251509157]]]}},{"type":"Feature","properties":{"GRID_CODE":"GJ-KU-RAP-058","DISTRICT":"Kachchh","BLOCK":"Rapar"},"geometry":{"type":"Polygon","coordinates":[[[71.00609853122227,23.560338251509156],[70.95609853122227,23.560338251509156],[70.95609853122227,23.610338251509157],[71.00609853122227,23.610338251509157],[71.00609853122227,23.560338251509156]]]}},{"type":"Feature","properties":{"GRID_CODE":"GJ-KU-LAK-014","DISTRICT":"Kachchh","BLOCK":"Lakhpat"},"geometry":{"type":"Polygon","coordinates":[[[68.90609853122227,23.710338251509154],[68.85609853122227,23.710338251509154],[68.85609853122227,23.760338251509155],[68.90609853122227,23.760338251509155],[68.90609853122227,23.710338251509154]]]}},{"type":"Feature","properties":{"GRID_CODE":"GJ-KU-RAN-310","DISTRICT":"Kachchh","BLOCK":"Rann of Kachchh"},"geometry":{"type":"Polygon","coordinates":[[[69.05609853122226,23.960338251509154],[69.00609853122227,23.960338251509154],[69.00609853122227,24.010338251509155],[69.05609853122226,24.010338251509155],[69.05609853122226,23.960338251509154]]]}},{"type":"Feature","properties":{"GRID_CODE":"GJ-KU-RAN-456","DISTRICT":"Kachchh","BLOCK":"Rann of Kachchh"},"geometry":{"type":"Polygon","coordinates":[[[68.70609853122227,23.810338251509156],[68.65609853122227,23.810338251509156],[68.65609853122227,23.860338251509157],[68.70609853122227,23.860338251509157],[68.70609853122227,23.810338251509156]]]}},{"type":"Feature","properties":{"GRID_CODE":"GJ-KU-RAP-006","DISTRICT":"Kachchh","BLOCK":"Rapar"},"geometry":{"type":"Polygon","coordinates":[[[70.75609853122227,23.860338251509157],[70.70609853122227,23.860338251509157],[70.70609853122227,23.910338251509154],[70.75609853122227,23.910338251509154],[70.75609853122227,23.860338251509157]]]}},{"type":"Feature","properties":{"GRID_CODE":"GJ-KU-RAN-540","DISTRICT":"Kachchh","BLOCK":"Rann of Kachchh"},"geometry":{"type":"Polygon","coordinates":[[[70.40609853122227,23.710338251509154],[70.35609853122227,23.710338251509154],[70.35609853122227,23.760338251509155],[70.40609853122227,23.760338251509155],[70.40609853122227,23.710338251509154]]]}},{"type":"Feature","properties":{"GRID_CODE":"GJ-KU-RAN-036","DISTRICT":"Kachchh","BLOCK":"Rann of Kachchh"},"geometry":{"type":"Polygon","coordinates":[[[71.35609853122227,24.360338251509157],[71.30609853122226,24.360338251509157],[71.30609853122226,24.410338251509154],[71.35609853122227,24.410338251509154],[71.35609853122227,24.360338251509157]]]}},{"type":"Feature","properties":{"GRID_CODE":"GJ-KU-RAN-409","DISTRICT":"Kachchh","BLOCK":"Rann of Kachchh"},"geometry":{"type":"Polygon","coordinates":[[[68.30609853122226,23.860338251509157],[68.25609853122227,23.860338251509157],[68.25609853122227,23.910338251509154],[68.30609853122226,23.910338251509154],[68.30609853122226,23.860338251509157]]]}},{"type":"Feature","properties":{"GRID_CODE":"GJ-KU-RAN-279","DISTRICT":"Kachchh","BLOCK":"Rann of Kachchh"},"geometry":{"type":"Polygon","coordinates":[[[70.15609853122227,24.010338251509155],[70.10609853122227,24.010338251509155],[70.10609853122227,24.060338251509156],[70.15609853122227,24.060338251509156],[70.15609853122227,24.010338251509155]]]}},{"type":"Feature","properties":{"GRID_CODE":"GJ-KU-MAN-045","DISTRICT":"Kachchh","BLOCK":"Mandvi"},"geometry":{"type":"Polygon","coordinates":[[[69.20609853122227,22.810338251509156],[69.15609853122227,22.810338251509156],[69.15609853122227,22.860338251509157],[69.20609853122227,22.860338251509157],[69.20609853122227,22.810338251509156]]]}},{"type":"Feature","properties":{"GRID_CODE":"GJ-KU-BHU-113","DISTRICT":"Kachchh","BLOCK":"Bhuj"},"geometry":{"type":"Polygon","coordinates":[[[69.80609853122226,23.310338251509156],[69.75609853122227,23.310338251509156],[69.75609853122227,23.360338251509157],[69.80609853122226,23.360338251509157],[69.80609853122226,23.310338251509156]]]}},{"type":"Feature","properties":{"GRID_CODE":"GJ-KU-LIT-125","DISTRICT":"Kachchh","BLOCK":"Little Rann"},"geometry":{"type":"Polygon","coordinates":[[[71.50609853122227,23.210338251509154],[71.45609853122227,23.210338251509154],[71.45609853122227,23.260338251509155],[71.50609853122227,23.260338251509155],[71.50609853122227,23.210338251509154]]]}},{"type":"Feature","properties":{"GRID_CODE":"GJ-KU-LIT-085","DISTRICT":"Kachchh","BLOCK":"Little Rann"},"geometry":{"type":"Polygon","coordinates":[[[71.30609853122226,23.310338251509156],[71.25609853122227,23.310338251509156],[71.25609853122227,23.360338251509157],[71.30609853122226,23.360338251509157],[71.30609853122226,23.310338251509156]]]}},{"type":"Feature","properties":{"GRID_CODE":"GJ-KU-NAK-020","DISTRICT":"Kachchh","BLOCK":"Nakhatrana"},"geometry":{"type":"Polygon","coordinates":[[[69.20609853122227,23.460338251509154],[69.15609853122227,23.460338251509154],[69.15609853122227,23.510338251509155],[69.20609853122227,23.510338251509155],[69.20609853122227,23.460338251509154]]]}},{"type":"Feature","properties":{"GRID_CODE":"GJ-KU-ABD-024","DISTRICT":"Kachchh","BLOCK":"Abdasa"},"geometry":{"type":"Polygon","coordinates":[[[68.85609853122227,23.310338251509156],[68.80609853122226,23.310338251509156],[68.80609853122226,23.360338251509157],[68.85609853122227,23.360338251509157],[68.85609853122227,23.310338251509156]]]}},{"type":"Feature","properties":{"GRID_CODE":"GJ-KU-RAP-096","DISTRICT":"Kachchh","BLOCK":"Rapar"},"geometry":{"type":"Polygon","coordinates":[[[70.90609853122227,23.360338251509157],[70.85609853122227,23.360338251509157],[70.85609853122227,23.410338251509154],[70.90609853122227,23.410338251509154],[70.90609853122227,23.360338251509157]]]}},{"type":"Feature","properties":{"GRID_CODE":"GJ-KU-LAK-060","DISTRICT":"Kachchh","BLOCK":"Lakhpat"},"geometry":{"type":"Polygon","coordinates":[[[68.80609853122226,23.510338251509155],[68.75609853122227,23.510338251509155],[68.75609853122227,23.560338251509156],[68.80609853122226,23.560338251509156],[68.80609853122226,23.510338251509155]]]}},{"type":"Feature","properties":{"GRID_CODE":"GJ-KU-BHA-068","DISTRICT":"Kachchh","BLOCK":"Bhachau"},"geometry":{"type":"Polygon","coordinates":[[[70.55609853122226,23.210338251509154],[70.50609853122227,23.210338251509154],[70.50609853122227,23.260338251509155],[70.55609853122226,23.260338251509155],[70.55609853122226,23.210338251509154]]]}},{"type":"Feature","properties":{"GRID_CODE":"GJ-KU-MUN-029","DISTRICT":"Kachchh","BLOCK":"Mundra"},"geometry":{"type":"Polygon","coordinates":[[[69.75609853122227,22.810338251509156],[69.70609853122227,22.810338251509156],[69.70609853122227,22.860338251509157],[69.75609853122227,22.860338251509157],[69.75609853122227,22.810338251509156]]]}},{"type":"Feature","properties":{"GRID_CODE":"GJ-KU-RAP-075","DISTRICT":"Kachchh","BLOCK":"Rapar"},"geometry":{"type":"Polygon","coordinates":[[[70.70609853122227,23.460338251509154],[70.65609853122227,23.460338251509154],[70.65609853122227,23.510338251509155],[70.70609853122227,23.510338251509155],[70.70609853122227,23.460338251509154]]]}},{"type":"Feature","properties":{"GRID_CODE":"GJ-KU-LAK-032","DISTRICT":"Kachchh","BLOCK":"Lakhpat"},"geometry":{"type":"Polygon","coordinates":[[[68.60609853122227,23.610338251509157],[68.55609853122226,23.610338251509157],[68.55609853122226,23.660338251509154],[68.60609853122227,23.660338251509154],[68.60609853122227,23.610338251509157]]]}},{"type":"Feature","properties":{"GRID_CODE":"GJ-KU-GAN-003","DISTRICT":"Kachchh","BLOCK":"Gandhidham"},"geometry":{"type":"Polygon","coordinates":[[[70.20609853122227,23.060338251509156],[70.15609853122227,23.060338251509156],[70.15609853122227,23.110338251509157],[70.20609853122227,23.110338251509157],[70.20609853122227,23.060338251509156]]]}},{"type":"Feature","properties":{"GRID_CODE":"GJ-KU-BHA-042","DISTRICT":"Kachchh","BLOCK":"Bhachau"},"geometry":{"type":"Polygon","coordinates":[[[70.35609853122227,23.310338251509156],[70.30609853122226,23.310338251509156],[70.30609853122226,23.360338251509157],[70.35609853122227,23.360338251509157],[70.35609853122227,23.310338251509156]]]}},{"type":"Feature","properties":{"GRID_CODE":"GJ-KU-RAN-590","DISTRICT":"Kachchh","BLOCK":"Rann of Kachchh"},"geometry":{"type":"Polygon","coordinates":[[[70.30609853122226,23.510338251509155],[70.25609853122227,23.510338251509155],[70.25609853122227,23.560338251509156],[70.30609853122226,23.560338251509156],[70.30609853122226,23.510338251509155]]]}},{"type":"Feature","properties":{"GRID_CODE":"GJ-KU-RAN-148","DISTRICT":"Kachchh","BLOCK":"Rann of Kachchh"},"geometry":{"type":"Polygon","coordinates":[[[71.25609853122227,24.160338251509154],[71.20609853122227,24.160338251509154],[71.20609853122227,24.210338251509154],[71.25609853122227,24.210338251509154],[71.25609853122227,24.160338251509154]]]}},{"type":"Feature","properties":{"GRID_CODE":"GJ-KU-BHU-103","DISTRICT":"Kachchh","BLOCK":"Bhuj"},"geometry":{"type":"Polygon","coordinates":[[[69.95609853122227,23.360338251509157],[69.90609853122227,23.360338251509157],[69.90609853122227,23.410338251509154],[69.95609853122227,23.410338251509154],[69.95609853122227,23.360338251509157]]]}},{"type":"Feature","properties":{"GRID_CODE":"GJ-KU-RAN-294","DISTRICT":"Kachchh","BLOCK":"Rann of Kachchh"},"geometry":{"type":"Polygon","coordinates":[[[70.90609853122227,24.010338251509155],[70.85609853122227,24.010338251509155],[70.85609853122227,24.060338251509156],[70.90609853122227,24.060338251509156],[70.90609853122227,24.010338251509155]]]}},{"type":"Feature","properties":{"GRID_CODE":"GJ-KU-RAN-106","DISTRICT":"Kachchh","BLOCK":"Rann of Kachchh"},"geometry":{"type":"Polygon","coordinates":[[[68.80609853122226,24.160338251509154],[68.75609853122227,24.160338251509154],[68.75609853122227,24.210338251509154],[68.80609853122226,24.210338251509154],[68.80609853122226,24.160338251509154]]]}},{"type":"Feature","properties":{"GRID_CODE":"GJ-KU-LIT-041","DISTRICT":"Kachchh","BLOCK":"Little Rann"},"geometry":{"type":"Polygon","coordinates":[[[69.75609853122227,23.460338251509154],[69.70609853122227,23.460338251509154],[69.70609853122227,23.510338251509155],[69.75609853122227,23.510338251509155],[69.75609853122227,23.460338251509154]]]}},{"type":"Feature","properties":{"GRID_CODE":"GJ-KU-LIT-072","DISTRICT":"Kachchh","BLOCK":"Little Rann"},"geometry":{"type":"Polygon","coordinates":[[[71.45609853122227,23.360338251509157],[71.40609853122227,23.360338251509157],[71.40609853122227,23.410338251509154],[71.45609853122227,23.410338251509154],[71.45609853122227,23.360338251509157]]]}},{"type":"Feature","properties":{"GRID_CODE":"GJ-KU-LIT-022","DISTRICT":"Kachchh","BLOCK":"Little Rann"},"geometry":{"type":"Polygon","coordinates":[[[69.35609853122227,23.510338251509155],[69.30609853122226,23.510338251509155],[69.30609853122226,23.560338251509156],[69.35609853122227,23.560338251509156],[69.35609853122227,23.510338251509155]]]}},{"type":"Feature","properties":{"GRID_CODE":"GJ-KU-RAN-129","DISTRICT":"Kachchh","BLOCK":"Rann of Kachchh"},"geometry":{"type":"Polygon","coordinates":[[[70.30609853122226,24.160338251509154],[70.25609853122227,24.160338251509154],[70.25609853122227,24.210338251509154],[70.30609853122226,24.210338251509154],[70.30609853122226,24.160338251509154]]]}},{"type":"Feature","properties":{"GRID_CODE":"GJ-KU-RAN-275","DISTRICT":"Kachchh","BLOCK":"Rann of Kachchh"},"geometry":{"type":"Polygon","coordinates":[[[69.95609853122227,24.010338251509155],[69.90609853122227,24.010338251509155],[69.90609853122227,24.060338251509156],[69.95609853122227,24.060338251509156],[69.95609853122227,24.010338251509155]]]}},{"type":"Feature","properties":{"GRID_CODE":"GJ-KU-RAN-117","DISTRICT":"Kachchh","BLOCK":"Rann of Kachchh"},"geometry":{"type":"Polygon","coordinates":[[[69.35609853122227,24.160338251509154],[69.30609853122226,24.160338251509154],[69.30609853122226,24.210338251509154],[69.35609853122227,24.210338251509154],[69.35609853122227,24.160338251509154]]]}},{"type":"Feature","properties":{"GRID_CODE":"GJ-KU-RAN-047","DISTRICT":"Kachchh","BLOCK":"Rann of Kachchh"},"geometry":{"type":"Polygon","coordinates":[[[71.20609853122227,24.310338251509156],[71.15609853122227,24.310338251509156],[71.15609853122227,24.360338251509157],[71.20609853122227,24.360338251509157],[71.20609853122227,24.310338251509156]]]}},{"type":"Feature","properties":{"GRID_CODE":"GJ-KU-ABD-069","DISTRICT":"Kachchh","BLOCK":"Abdasa"},"geometry":{"type":"Polygon","coordinates":[[[68.75609853122227,23.110338251509157],[68.70609853122227,23.110338251509157],[68.70609853122227,23.160338251509154],[68.75609853122227,23.160338251509154],[68.75609853122227,23.110338251509157]]]}},{"type":"Feature","properties":{"GRID_CODE":"GJ-KU-LIT-177","DISTRICT":"Kachchh","BLOCK":"Little Rann"},"geometry":{"type":"Polygon","coordinates":[[[70.45609853122227,23.010338251509155],[70.40609853122227,23.010338251509155],[70.40609853122227,23.060338251509156],[70.45609853122227,23.060338251509156],[70.45609853122227,23.010338251509155]]]}},{"type":"Feature","properties":{"GRID_CODE":"GJ-KU-RAP-071","DISTRICT":"Kachchh","BLOCK":"Rapar"},"geometry":{"type":"Polygon","coordinates":[[[71.05609853122226,23.510338251509155],[71.00609853122227,23.510338251509155],[71.00609853122227,23.560338251509156],[71.05609853122226,23.560338251509156],[71.05609853122226,23.510338251509155]]]}},{"type":"Feature","properties":{"GRID_CODE":"GJ-KU-LIT-150","DISTRICT":"Kachchh","BLOCK":"Little Rann"},"geometry":{"type":"Polygon","coordinates":[[[70.25609853122227,23.110338251509157],[70.20609853122227,23.110338251509157],[70.20609853122227,23.160338251509154],[70.25609853122227,23.160338251509154],[70.25609853122227,23.110338251509157]]]}},{"type":"Feature","properties":{"GRID_CODE":"GJ-KU-ANJ-038","DISTRICT":"Kachchh","BLOCK":"Anjar"},"geometry":{"type":"Polygon","coordinates":[[[69.90609853122227,22.960338251509154],[69.85609853122227,22.960338251509154],[69.85609853122227,23.010338251509155],[69.90609853122227,23.010338251509155],[69.90609853122227,22.960338251509154]]]}},{"type":"Feature","properties":{"GRID_CODE":"GJ-KU-MAN-016","DISTRICT":"Kachchh","BLOCK":"Mandvi"},"geometry":{"type":"Polygon","coordinates":[[[69.50609853122227,23.010338251509155],[69.45609853122227,23.010338251509155],[69.45609853122227,23.060338251509156],[69.50609853122227,23.060338251509156],[69.50609853122227,23.010338251509155]]]}},{"type":"Feature","properties":{"GRID_CODE":"GJ-KU-RAN-559","DISTRICT":"Kachchh","BLOCK":"Rann of Kachchh"},"geometry":{"type":"Polygon","coordinates":[[[70.45609853122227,23.660338251509154],[70.40609853122227,23.660338251509154],[70.40609853122227,23.710338251509154],[70.45609853122227,23.710338251509154],[70.45609853122227,23.660338251509154]]]}},{"type":"Feature","properties":{"GRID_CODE":"GJ-KU-BHU-122","DISTRICT":"Kachchh","BLOCK":"Bhuj"},"geometry":{"type":"Polygon","coordinates":[[[69.65609853122227,23.260338251509155],[69.60609853122227,23.260338251509155],[69.60609853122227,23.310338251509156],[69.65609853122227,23.310338251509156],[69.65609853122227,23.260338251509155]]]}},{"type":"Feature","properties":{"GRID_CODE":"GJ-KU-MAN-037","DISTRICT":"Kachchh","BLOCK":"Mandvi"},"geometry":{"type":"Polygon","coordinates":[[[69.15609853122227,22.860338251509157],[69.10609853122227,22.860338251509157],[69.10609853122227,22.910338251509154],[69.15609853122227,22.910338251509154],[69.15609853122227,22.860338251509157]]]}},{"type":"Feature","properties":{"GRID_CODE":"GJ-KU-MAN-001","DISTRICT":"Kachchh","BLOCK":"Mandvi"},"geometry":{"type":"Polygon","coordinates":[[[69.30609853122226,23.110338251509157],[69.25609853122227,23.110338251509157],[69.25609853122227,23.160338251509154],[69.30609853122226,23.160338251509154],[69.30609853122226,23.110338251509157]]]}},{"type":"Feature","properties":{"GRID_CODE":"GJ-KU-LIT-143","DISTRICT":"Kachchh","BLOCK":"Little Rann"},"geometry":{"type":"Polygon","coordinates":[[[71.35609853122227,23.160338251509154],[71.30609853122226,23.160338251509154],[71.30609853122226,23.210338251509154],[71.35609853122227,23.210338251509154],[71.35609853122227,23.160338251509154]]]}},{"type":"Feature","properties":{"GRID_CODE":"GJ-KU-ABD-061","DISTRICT":"Kachchh","BLOCK":"Abdasa"},"geometry":{"type":"Polygon","coordinates":[[[68.90609853122227,23.160338251509154],[68.85609853122227,23.160338251509154],[68.85609853122227,23.210338251509154],[68.90609853122227,23.210338251509154],[68.90609853122227,23.160338251509154]]]}},{"type":"Feature","properties":{"GRID_CODE":"GJ-KU-BHU-012","DISTRICT":"Kachchh","BLOCK":"Bhuj"},"geometry":{"type":"Polygon","coordinates":[[[69.85609853122227,23.810338251509156],[69.80609853122226,23.810338251509156],[69.80609853122226,23.860338251509157],[69.85609853122227,23.860338251509157],[69.85609853122227,23.810338251509156]]]}},{"type":"Feature","properties":{"GRID_CODE":"GJ-KU-NAK-029","DISTRICT":"Kachchh","BLOCK":"Nakhatrana"},"geometry":{"type":"Polygon","coordinates":[[[69.05609853122226,23.410338251509154],[69.00609853122227,23.410338251509154],[69.00609853122227,23.460338251509154],[69.05609853122226,23.460338251509154],[69.05609853122226,23.410338251509154]]]}},{"type":"Feature","properties":{"GRID_CODE":"GJ-KU-RAN-225","DISTRICT":"Kachchh","BLOCK":"Rann of Kachchh"},"geometry":{"type":"Polygon","coordinates":[[[70.00609853122227,24.060338251509156],[69.95609853122227,24.060338251509156],[69.95609853122227,24.110338251509157],[70.00609853122227,24.110338251509157],[70.00609853122227,24.060338251509156]]]}},{"type":"Feature","properties":{"GRID_CODE":"GJ-KU-BHU-045","DISTRICT":"Kachchh","BLOCK":"Bhuj"},"geometry":{"type":"Polygon","coordinates":[[[69.50609853122227,23.660338251509154],[69.45609853122227,23.660338251509154],[69.45609853122227,23.710338251509154],[69.50609853122227,23.710338251509154],[69.50609853122227,23.660338251509154]]]}},{"type":"Feature","properties":{"GRID_CODE":"GJ-KU-ABD-033","DISTRICT":"Kachchh","BLOCK":"Abdasa"},"geometry":{"type":"Polygon","coordinates":[[[68.70609853122227,23.260338251509155],[68.65609853122227,23.260338251509155],[68.65609853122227,23.310338251509156],[68.70609853122227,23.310338251509156],[68.70609853122227,23.260338251509155]]]}},{"type":"Feature","properties":{"GRID_CODE":"GJ-KU-RAN-381","DISTRICT":"Kachchh","BLOCK":"Rann of Kachchh"},"geometry":{"type":"Polygon","coordinates":[[[69.65609853122227,23.910338251509154],[69.60609853122227,23.910338251509154],[69.60609853122227,23.960338251509154],[69.65609853122227,23.960338251509154],[69.65609853122227,23.910338251509154]]]}},{"type":"Feature","properties":{"GRID_CODE":"GJ-KU-LIT-130","DISTRICT":"Kachchh","BLOCK":"Little Rann"},"geometry":{"type":"Polygon","coordinates":[[[70.40609853122227,23.160338251509154],[70.35609853122227,23.160338251509154],[70.35609853122227,23.210338251509154],[70.40609853122227,23.210338251509154],[70.40609853122227,23.160338251509154]]]}},{"type":"Feature","properties":{"GRID_CODE":"GJ-KU-RAN-314","DISTRICT":"Kachchh","BLOCK":"Rann of Kachchh"},"geometry":{"type":"Polygon","coordinates":[[[69.25609853122227,23.960338251509154],[69.20609853122227,23.960338251509154],[69.20609853122227,24.010338251509155],[69.25609853122227,24.010338251509155],[69.25609853122227,23.960338251509154]]]}},{"type":"Feature","properties":{"GRID_CODE":"GJ-KU-RAN-082","DISTRICT":"Kachchh","BLOCK":"Rann of Kachchh"},"geometry":{"type":"Polygon","coordinates":[[[69.40609853122227,24.210338251509154],[69.35609853122227,24.210338251509154],[69.35609853122227,24.260338251509155],[69.40609853122227,24.260338251509155],[69.40609853122227,24.210338251509154]]]}},{"type":"Feature","properties":{"GRID_CODE":"GJ-KU-RAN-561","DISTRICT":"Kachchh","BLOCK":"Rann of Kachchh"},"geometry":{"type":"Polygon","coordinates":[[[71.00609853122227,23.660338251509154],[70.95609853122227,23.660338251509154],[70.95609853122227,23.710338251509154],[71.00609853122227,23.710338251509154],[71.00609853122227,23.660338251509154]]]}},{"type":"Feature","properties":{"GRID_CODE":"GJ-KU-RAN-459","DISTRICT":"Kachchh","BLOCK":"Rann of Kachchh"},"geometry":{"type":"Polygon","coordinates":[[[68.90609853122227,23.810338251509156],[68.85609853122227,23.810338251509156],[68.85609853122227,23.860338251509157],[68.90609853122227,23.860338251509157],[68.90609853122227,23.810338251509156]]]}},{"type":"Feature","properties":{"GRID_CODE":"GJ-KU-RAN-206","DISTRICT":"Kachchh","BLOCK":"Rann of Kachchh"},"geometry":{"type":"Polygon","coordinates":[[[69.05609853122226,24.060338251509156],[69.00609853122227,24.060338251509156],[69.00609853122227,24.110338251509157],[69.05609853122226,24.110338251509157],[69.05609853122226,24.060338251509156]]]}},{"type":"Feature","properties":{"GRID_CODE":"GJ-KU-RAN-344","DISTRICT":"Kachchh","BLOCK":"Rann of Kachchh"},"geometry":{"type":"Polygon","coordinates":[[[70.75609853122227,23.960338251509154],[70.70609853122227,23.960338251509154],[70.70609853122227,24.010338251509155],[70.75609853122227,24.010338251509155],[70.75609853122227,23.960338251509154]]]}},{"type":"Feature","properties":{"GRID_CODE":"GJ-KU-BHA-011","DISTRICT":"Kachchh","BLOCK":"Bhachau"},"geometry":{"type":"Polygon","coordinates":[[[70.40609853122227,23.810338251509156],[70.35609853122227,23.810338251509156],[70.35609853122227,23.860338251509157],[70.40609853122227,23.860338251509157],[70.40609853122227,23.810338251509156]]]}},{"type":"Feature","properties":{"GRID_CODE":"GJ-KU-RAN-178","DISTRICT":"Kachchh","BLOCK":"Rann of Kachchh"},"geometry":{"type":"Polygon","coordinates":[[[70.15609853122227,24.110338251509157],[70.10609853122227,24.110338251509157],[70.10609853122227,24.160338251509154],[70.15609853122227,24.160338251509154],[70.15609853122227,24.110338251509157]]]}},{"type":"Feature","properties":{"GRID_CODE":"GJ-KU-MAN-029","DISTRICT":"Kachchh","BLOCK":"Mandvi"},"geometry":{"type":"Polygon","coordinates":[[[69.20609853122227,22.910338251509154],[69.15609853122227,22.910338251509154],[69.15609853122227,22.960338251509154],[69.20609853122227,22.960338251509154],[69.20609853122227,22.910338251509154]]]}},{"type":"Feature","properties":{"GRID_CODE":"GJ-KU-BHU-087","DISTRICT":"Kachchh","BLOCK":"Bhuj"},"geometry":{"type":"Polygon","coordinates":[[[69.80609853122226,23.410338251509154],[69.75609853122227,23.410338251509154],[69.75609853122227,23.460338251509154],[69.80609853122226,23.460338251509154],[69.80609853122226,23.410338251509154]]]}},{"type":"Feature","properties":{"GRID_CODE":"GJ-KU-LIT-089","DISTRICT":"Kachchh","BLOCK":"Little Rann"},"geometry":{"type":"Polygon","coordinates":[[[71.50609853122227,23.310338251509156],[71.45609853122227,23.310338251509156],[71.45609853122227,23.360338251509157],[71.50609853122227,23.360338251509157],[71.50609853122227,23.310338251509156]]]}},{"type":"Feature","properties":{"GRID_CODE":"GJ-KU-LIT-056","DISTRICT":"Kachchh","BLOCK":"Little Rann"},"geometry":{"type":"Polygon","coordinates":[[[71.30609853122226,23.410338251509154],[71.25609853122227,23.410338251509154],[71.25609853122227,23.460338251509154],[71.30609853122226,23.460338251509154],[71.30609853122226,23.410338251509154]]]}},{"type":"Feature","properties":{"GRID_CODE":"GJ-KU-NAK-006","DISTRICT":"Kachchh","BLOCK":"Nakhatrana"},"geometry":{"type":"Polygon","coordinates":[[[69.20609853122227,23.560338251509156],[69.15609853122227,23.560338251509156],[69.15609853122227,23.610338251509157],[69.20609853122227,23.610338251509157],[69.20609853122227,23.560338251509156]]]}},{"type":"Feature","properties":{"GRID_CODE":"GJ-KU-LIT-004","DISTRICT":"Kachchh","BLOCK":"Little Rann"},"geometry":{"type":"Polygon","coordinates":[[[71.25609853122227,23.610338251509157],[71.20609853122227,23.610338251509157],[71.20609853122227,23.660338251509154],[71.25609853122227,23.660338251509154],[71.25609853122227,23.610338251509157]]]}},{"type":"Feature","properties":{"GRID_CODE":"GJ-KU-RAP-079","DISTRICT":"Kachchh","BLOCK":"Rapar"},"geometry":{"type":"Polygon","coordinates":[[[70.90609853122227,23.460338251509154],[70.85609853122227,23.460338251509154],[70.85609853122227,23.510338251509155],[70.90609853122227,23.510338251509155],[70.90609853122227,23.460338251509154]]]}},{"type":"Feature","properties":{"GRID_CODE":"GJ-KU-LAK-036","DISTRICT":"Kachchh","BLOCK":"Lakhpat"},"geometry":{"type":"Polygon","coordinates":[[[68.80609853122226,23.610338251509157],[68.75609853122227,23.610338251509157],[68.75609853122227,23.660338251509154],[68.80609853122226,23.660338251509154],[68.80609853122226,23.610338251509157]]]}},{"type":"Feature","properties":{"GRID_CODE":"GJ-KU-BHA-046","DISTRICT":"Kachchh","BLOCK":"Bhachau"},"geometry":{"type":"Polygon","coordinates":[[[70.55609853122226,23.310338251509156],[70.50609853122227,23.310338251509156],[70.50609853122227,23.360338251509157],[70.55609853122226,23.360338251509157],[70.55609853122226,23.310338251509156]]]}},{"type":"Feature","properties":{"GRID_CODE":"GJ-KU-MUN-012","DISTRICT":"Kachchh","BLOCK":"Mundra"},"geometry":{"type":"Polygon","coordinates":[[[69.75609853122227,22.910338251509154],[69.70609853122227,22.910338251509154],[69.70609853122227,22.960338251509154],[69.75609853122227,22.960338251509154],[69.75609853122227,22.910338251509154]]]}},{"type":"Feature","properties":{"GRID_CODE":"GJ-KU-RAP-052","DISTRICT":"Kachchh","BLOCK":"Rapar"},"geometry":{"type":"Polygon","coordinates":[[[70.70609853122227,23.560338251509156],[70.65609853122227,23.560338251509156],[70.65609853122227,23.610338251509157],[70.70609853122227,23.610338251509157],[70.70609853122227,23.560338251509156]]]}},{"type":"Feature","properties":{"GRID_CODE":"GJ-KU-LAK-008","DISTRICT":"Kachchh","BLOCK":"Lakhpat"},"geometry":{"type":"Polygon","coordinates":[[[68.60609853122227,23.710338251509154],[68.55609853122226,23.710338251509154],[68.55609853122226,23.760338251509155],[68.60609853122227,23.760338251509155],[68.60609853122227,23.710338251509154]]]}},{"type":"Feature","properties":{"GRID_CODE":"GJ-KU-RAN-573","DISTRICT":"Kachchh","BLOCK":"Rann of Kachchh"},"geometry":{"type":"Polygon","coordinates":[[[70.30609853122226,23.610338251509157],[70.25609853122227,23.610338251509157],[70.25609853122227,23.660338251509154],[70.30609853122226,23.660338251509154],[70.30609853122226,23.610338251509157]]]}},{"type":"Feature","properties":{"GRID_CODE":"GJ-KU-RAN-070","DISTRICT":"Kachchh","BLOCK":"Rann of Kachchh"},"geometry":{"type":"Polygon","coordinates":[[[71.25609853122227,24.260338251509155],[71.20609853122227,24.260338251509155],[71.20609853122227,24.310338251509156],[71.25609853122227,24.310338251509156],[71.25609853122227,24.260338251509155]]]}},{"type":"Feature","properties":{"GRID_CODE":"GJ-KU-BHU-083","DISTRICT":"Kachchh","BLOCK":"Bhuj"},"geometry":{"type":"Polygon","coordinates":[[[69.95609853122227,23.460338251509154],[69.90609853122227,23.460338251509154],[69.90609853122227,23.510338251509155],[69.95609853122227,23.510338251509155],[69.95609853122227,23.460338251509154]]]}},{"type":"Feature","properties":{"GRID_CODE":"GJ-KU-RAN-193","DISTRICT":"Kachchh","BLOCK":"Rann of Kachchh"},"geometry":{"type":"Polygon","coordinates":[[[70.90609853122227,24.110338251509157],[70.85609853122227,24.110338251509157],[70.85609853122227,24.160338251509154],[70.90609853122227,24.160338251509154],[70.90609853122227,24.110338251509157]]]}},{"type":"Feature","properties":{"GRID_CODE":"GJ-KU-RAN-052","DISTRICT":"Kachchh","BLOCK":"Rann of Kachchh"},"geometry":{"type":"Polygon","coordinates":[[[68.80609853122226,24.260338251509155],[68.75609853122227,24.260338251509155],[68.75609853122227,24.310338251509156],[68.80609853122226,24.310338251509156],[68.80609853122226,24.260338251509155]]]}},{"type":"Feature","properties":{"GRID_CODE":"GJ-KU-BHU-070","DISTRICT":"Kachchh","BLOCK":"Bhuj"},"geometry":{"type":"Polygon","coordinates":[[[69.75609853122227,23.560338251509156],[69.70609853122227,23.560338251509156],[69.70609853122227,23.610338251509157],[69.75609853122227,23.610338251509157],[69.75609853122227,23.560338251509156]]]}},{"type":"Feature","properties":{"GRID_CODE":"GJ-KU-RAN-505","DISTRICT":"Kachchh","BLOCK":"Rann of Kachchh"},"geometry":{"type":"Polygon","coordinates":[[[69.70609853122227,23.760338251509155],[69.65609853122227,23.760338251509155],[69.65609853122227,23.810338251509156],[69.70609853122227,23.810338251509156],[69.70609853122227,23.760338251509155]]]}},{"type":"Feature","properties":{"GRID_CODE":"GJ-KU-LIT-049","DISTRICT":"Kachchh","BLOCK":"Little Rann"},"geometry":{"type":"Polygon","coordinates":[[[71.45609853122227,23.460338251509154],[71.40609853122227,23.460338251509154],[71.40609853122227,23.510338251509155],[71.45609853122227,23.510338251509155],[71.45609853122227,23.460338251509154]]]}},{"type":"Feature","properties":{"GRID_CODE":"GJ-KU-BHU-056","DISTRICT":"Kachchh","BLOCK":"Bhuj"},"geometry":{"type":"Polygon","coordinates":[[[69.35609853122227,23.610338251509157],[69.30609853122226,23.610338251509157],[69.30609853122226,23.660338251509154],[69.35609853122227,23.660338251509154],[69.35609853122227,23.610338251509157]]]}},{"type":"Feature","properties":{"GRID_CODE":"GJ-KU-RAN-057","DISTRICT":"Kachchh","BLOCK":"Rann of Kachchh"},"geometry":{"type":"Polygon","coordinates":[[[70.30609853122226,24.260338251509155],[70.25609853122227,24.260338251509155],[70.25609853122227,24.310338251509156],[70.30609853122226,24.310338251509156],[70.30609853122226,24.260338251509155]]]}},{"type":"Feature","properties":{"GRID_CODE":"GJ-KU-RAN-051","DISTRICT":"Kachchh","BLOCK":"Rann of Kachchh"},"geometry":{"type":"Polygon","coordinates":[[[71.40609853122227,24.310338251509156],[71.35609853122227,24.310338251509156],[71.35609853122227,24.360338251509157],[71.40609853122227,24.360338251509157],[71.40609853122227,24.310338251509156]]]}},{"type":"Feature","properties":{"GRID_CODE":"GJ-KU-RAN-025","DISTRICT":"Kachchh","BLOCK":"Rann of Kachchh"},"geometry":{"type":"Polygon","coordinates":[[[71.20609853122227,24.410338251509154],[71.15609853122227,24.410338251509154],[71.15609853122227,24.460338251509154],[71.20609853122227,24.460338251509154],[71.20609853122227,24.410338251509154]]]}},{"type":"Feature","properties":{"GRID_CODE":"GJ-KU-ABD-046","DISTRICT":"Kachchh","BLOCK":"Abdasa"},"geometry":{"type":"Polygon","coordinates":[[[68.75609853122227,23.210338251509154],[68.70609853122227,23.210338251509154],[68.70609853122227,23.260338251509155],[68.75609853122227,23.260338251509155],[68.75609853122227,23.210338251509154]]]}},{"type":"Feature","properties":{"GRID_CODE":"GJ-KU-LIT-154","DISTRICT":"Kachchh","BLOCK":"Little Rann"},"geometry":{"type":"Polygon","coordinates":[[[70.45609853122227,23.110338251509157],[70.40609853122227,23.110338251509157],[70.40609853122227,23.160338251509154],[70.45609853122227,23.160338251509154],[70.45609853122227,23.110338251509157]]]}},{"type":"Feature","properties":{"GRID_CODE":"GJ-KU-ANJ-042","DISTRICT":"Kachchh","BLOCK":"Anjar"},"geometry":{"type":"Polygon","coordinates":[[[70.10609853122227,22.960338251509154],[70.05609853122226,22.960338251509154],[70.05609853122226,23.010338251509155],[70.10609853122227,23.010338251509155],[70.10609853122227,22.960338251509154]]]}},{"type":"Feature","properties":{"GRID_CODE":"GJ-KU-BHA-062","DISTRICT":"Kachchh","BLOCK":"Bhachau"},"geometry":{"type":"Polygon","coordinates":[[[70.25609853122227,23.210338251509154],[70.20609853122227,23.210338251509154],[70.20609853122227,23.260338251509155],[70.25609853122227,23.260338251509155],[70.25609853122227,23.210338251509154]]]}},{"type":"Feature","properties":{"GRID_CODE":"GJ-KU-BHU-126","DISTRICT":"Kachchh","BLOCK":"Bhuj"},"geometry":{"type":"Polygon","coordinates":[[[69.85609853122227,23.260338251509155],[69.80609853122226,23.260338251509155],[69.80609853122226,23.310338251509156],[69.85609853122227,23.310338251509156],[69.85609853122227,23.260338251509155]]]}},{"type":"Feature","properties":{"GRID_CODE":"GJ-KU-BHU-079","DISTRICT":"Kachchh","BLOCK":"Bhuj"},"geometry":{"type":"Polygon","coordinates":[[[70.00609853122227,23.510338251509155],[69.95609853122227,23.510338251509155],[69.95609853122227,23.560338251509156],[70.00609853122227,23.560338251509156],[70.00609853122227,23.510338251509155]]]}},{"type":"Feature","properties":{"GRID_CODE":"GJ-KU-BHU-152","DISTRICT":"Kachchh","BLOCK":"Bhuj"},"geometry":{"type":"Polygon","coordinates":[[[69.50609853122227,23.110338251509157],[69.45609853122227,23.110338251509157],[69.45609853122227,23.160338251509154],[69.50609853122227,23.160338251509154],[69.50609853122227,23.110338251509157]]]}},{"type":"Feature","properties":{"GRID_CODE":"GJ-KU-RAN-515","DISTRICT":"Kachchh","BLOCK":"Rann of Kachchh"},"geometry":{"type":"Polygon","coordinates":[[[70.45609853122227,23.760338251509155],[70.40609853122227,23.760338251509155],[70.40609853122227,23.810338251509156],[70.45609853122227,23.810338251509156],[70.45609853122227,23.760338251509155]]]}},{"type":"Feature","properties":{"GRID_CODE":"GJ-KU-BHU-097","DISTRICT":"Kachchh","BLOCK":"Bhuj"},"geometry":{"type":"Polygon","coordinates":[[[69.65609853122227,23.360338251509157],[69.60609853122227,23.360338251509157],[69.60609853122227,23.410338251509154],[69.65609853122227,23.410338251509154],[69.65609853122227,23.360338251509157]]]}},{"type":"Feature","properties":{"GRID_CODE":"GJ-KU-MAN-018","DISTRICT":"Kachchh","BLOCK":"Mandvi"},"geometry":{"type":"Polygon","coordinates":[[[69.15609853122227,22.960338251509154],[69.10609853122227,22.960338251509154],[69.10609853122227,23.010338251509155],[69.15609853122227,23.010338251509155],[69.15609853122227,22.960338251509154]]]}},{"type":"Feature","properties":{"GRID_CODE":"GJ-KU-NAK-061","DISTRICT":"Kachchh","BLOCK":"Nakhatrana"},"geometry":{"type":"Polygon","coordinates":[[[69.30609853122226,23.210338251509154],[69.25609853122227,23.210338251509154],[69.25609853122227,23.260338251509155],[69.30609853122226,23.260338251509155],[69.30609853122226,23.210338251509154]]]}},{"type":"Feature","properties":{"GRID_CODE":"GJ-KU-LIT-103","DISTRICT":"Kachchh","BLOCK":"Little Rann"},"geometry":{"type":"Polygon","coordinates":[[[71.35609853122227,23.260338251509155],[71.30609853122226,23.260338251509155],[71.30609853122226,23.310338251509156],[71.35609853122227,23.310338251509156],[71.35609853122227,23.260338251509155]]]}},{"type":"Feature","properties":{"GRID_CODE":"GJ-KU-ABD-037","DISTRICT":"Kachchh","BLOCK":"Abdasa"},"geometry":{"type":"Polygon","coordinates":[[[68.90609853122227,23.260338251509155],[68.85609853122227,23.260338251509155],[68.85609853122227,23.310338251509156],[68.90609853122227,23.310338251509156],[68.90609853122227,23.260338251509155]]]}},{"type":"Feature","properties":{"GRID_CODE":"GJ-KU-BHU-003","DISTRICT":"Kachchh","BLOCK":"Bhuj"},"geometry":{"type":"Polygon","coordinates":[[[69.85609853122227,23.910338251509154],[69.80609853122226,23.910338251509154],[69.80609853122226,23.960338251509154],[69.85609853122227,23.960338251509154],[69.85609853122227,23.910338251509154]]]}},{"type":"Feature","properties":{"GRID_CODE":"GJ-KU-NAK-009","DISTRICT":"Kachchh","BLOCK":"Nakhatrana"},"geometry":{"type":"Polygon","coordinates":[[[69.05609853122226,23.510338251509155],[69.00609853122227,23.510338251509155],[69.00609853122227,23.560338251509156],[69.05609853122226,23.560338251509156],[69.05609853122226,23.510338251509155]]]}},{"type":"Feature","properties":{"GRID_CODE":"GJ-KU-ABD-012","DISTRICT":"Kachchh","BLOCK":"Abdasa"},"geometry":{"type":"Polygon","coordinates":[[[68.70609853122227,23.360338251509157],[68.65609853122227,23.360338251509157],[68.65609853122227,23.410338251509154],[68.70609853122227,23.410338251509154],[68.70609853122227,23.360338251509157]]]}},{"type":"Feature","properties":{"GRID_CODE":"GJ-KU-RAN-086","DISTRICT":"Kachchh","BLOCK":"Rann of Kachchh"},"geometry":{"type":"Polygon","coordinates":[[[69.60609853122227,24.210338251509154],[69.55609853122226,24.210338251509154],[69.55609853122226,24.260338251509155],[69.60609853122227,24.260338251509155],[69.60609853122227,24.210338251509154]]]}},{"type":"Feature","properties":{"GRID_CODE":"GJ-KU-BHA-054","DISTRICT":"Kachchh","BLOCK":"Bhachau"},"geometry":{"type":"Polygon","coordinates":[[[70.40609853122227,23.260338251509155],[70.35609853122227,23.260338251509155],[70.35609853122227,23.310338251509156],[70.40609853122227,23.310338251509156],[70.40609853122227,23.260338251509155]]]}},{"type":"Feature","properties":{"GRID_CODE":"GJ-KU-RAN-210","DISTRICT":"Kachchh","BLOCK":"Rann of Kachchh"},"geometry":{"type":"Polygon","coordinates":[[[69.25609853122227,24.060338251509156],[69.20609853122227,24.060338251509156],[69.20609853122227,24.110338251509157],[69.25609853122227,24.110338251509157],[69.25609853122227,24.060338251509156]]]}},{"type":"Feature","properties":{"GRID_CODE":"GJ-KU-RAN-366","DISTRICT":"Kachchh","BLOCK":"Rann of Kachchh"},"geometry":{"type":"Polygon","coordinates":[[[68.90609853122227,23.910338251509154],[68.85609853122227,23.910338251509154],[68.85609853122227,23.960338251509154],[68.90609853122227,23.960338251509154],[68.90609853122227,23.910338251509154]]]}},{"type":"Feature","properties":{"GRID_CODE":"GJ-KU-RAN-111","DISTRICT":"Kachchh","BLOCK":"Rann of Kachchh"},"geometry":{"type":"Polygon","coordinates":[[[69.05609853122226,24.160338251509154],[69.00609853122227,24.160338251509154],[69.00609853122227,24.210338251509154],[69.05609853122226,24.210338251509154],[69.05609853122226,24.160338251509154]]]}},{"type":"Feature","properties":{"GRID_CODE":"GJ-KU-RAN-102","DISTRICT":"Kachchh","BLOCK":"Rann of Kachchh"},"geometry":{"type":"Polygon","coordinates":[[[71.10609853122227,24.210338251509154],[71.05609853122226,24.210338251509154],[71.05609853122226,24.260338251509155],[71.10609853122227,24.260338251509155],[71.10609853122227,24.210338251509154]]]}},{"type":"Feature","properties":{"GRID_CODE":"GJ-KU-RAN-240","DISTRICT":"Kachchh","BLOCK":"Rann of Kachchh"},"geometry":{"type":"Polygon","coordinates":[[[70.75609853122227,24.060338251509156],[70.70609853122227,24.060338251509156],[70.70609853122227,24.110338251509157],[70.75609853122227,24.110338251509157],[70.75609853122227,24.060338251509156]]]}},{"type":"Feature","properties":{"GRID_CODE":"GJ-KU-RAN-392","DISTRICT":"Kachchh","BLOCK":"Rann of Kachchh"},"geometry":{"type":"Polygon","coordinates":[[[70.40609853122227,23.910338251509154],[70.35609853122227,23.910338251509154],[70.35609853122227,23.960338251509154],[70.40609853122227,23.960338251509154],[70.40609853122227,23.910338251509154]]]}},{"type":"Feature","properties":{"GRID_CODE":"GJ-KU-RAN-088","DISTRICT":"Kachchh","BLOCK":"Rann of Kachchh"},"geometry":{"type":"Polygon","coordinates":[[[70.15609853122227,24.210338251509154],[70.10609853122227,24.210338251509154],[70.10609853122227,24.260338251509155],[70.15609853122227,24.260338251509155],[70.15609853122227,24.210338251509154]]]}},{"type":"Feature","properties":{"GRID_CODE":"GJ-KU-MUN-022","DISTRICT":"Kachchh","BLOCK":"Mundra"},"geometry":{"type":"Polygon","coordinates":[[[69.80609853122226,22.860338251509157],[69.75609853122227,22.860338251509157],[69.75609853122227,22.910338251509154],[69.80609853122226,22.910338251509154],[69.80609853122226,22.860338251509157]]]}},{"type":"Feature","properties":{"GRID_CODE":"GJ-KU-MAN-010","DISTRICT":"Kachchh","BLOCK":"Mandvi"},"geometry":{"type":"Polygon","coordinates":[[[69.20609853122227,23.010338251509155],[69.15609853122227,23.010338251509155],[69.15609853122227,23.060338251509156],[69.20609853122227,23.060338251509156],[69.20609853122227,23.010338251509155]]]}},{"type":"Feature","properties":{"GRID_CODE":"GJ-KU-LIT-060","DISTRICT":"Kachchh","BLOCK":"Little Rann"},"geometry":{"type":"Polygon","coordinates":[[[71.50609853122227,23.410338251509154],[71.45609853122227,23.410338251509154],[71.45609853122227,23.460338251509154],[71.50609853122227,23.460338251509154],[71.50609853122227,23.410338251509154]]]}},{"type":"Feature","properties":{"GRID_CODE":"GJ-KU-BHU-039","DISTRICT":"Kachchh","BLOCK":"Bhuj"},"geometry":{"type":"Polygon","coordinates":[[[69.20609853122227,23.660338251509154],[69.15609853122227,23.660338251509154],[69.15609853122227,23.710338251509154],[69.20609853122227,23.710338251509154],[69.20609853122227,23.660338251509154]]]}},{"type":"Feature","properties":{"GRID_CODE":"GJ-KU-MUN-016","DISTRICT":"Kachchh","BLOCK":"Mundra"},"geometry":{"type":"Polygon","coordinates":[[[69.95609853122227,22.910338251509154],[69.90609853122227,22.910338251509154],[69.90609853122227,22.960338251509154],[69.95609853122227,22.960338251509154],[69.95609853122227,22.910338251509154]]]}},{"type":"Feature","properties":{"GRID_CODE":"GJ-KU-RAP-056","DISTRICT":"Kachchh","BLOCK":"Rapar"},"geometry":{"type":"Polygon","coordinates":[[[70.90609853122227,23.560338251509156],[70.85609853122227,23.560338251509156],[70.85609853122227,23.610338251509157],[70.90609853122227,23.610338251509157],[70.90609853122227,23.560338251509156]]]}},{"type":"Feature","properties":{"GRID_CODE":"GJ-KU-LAK-012","DISTRICT":"Kachchh","BLOCK":"Lakhpat"},"geometry":{"type":"Polygon","coordinates":[[[68.80609853122226,23.710338251509154],[68.75609853122227,23.710338251509154],[68.75609853122227,23.760338251509155],[68.80609853122226,23.760338251509155],[68.80609853122226,23.710338251509154]]]}},{"type":"Feature","properties":{"GRID_CODE":"GJ-KU-BHA-028","DISTRICT":"Kachchh","BLOCK":"Bhachau"},"geometry":{"type":"Polygon","coordinates":[[[70.55609853122226,23.410338251509154],[70.50609853122227,23.410338251509154],[70.50609853122227,23.460338251509154],[70.55609853122226,23.460338251509154],[70.55609853122226,23.410338251509154]]]}},{"type":"Feature","properties":{"GRID_CODE":"GJ-KU-BHU-170","DISTRICT":"Kachchh","BLOCK":"Bhuj"},"geometry":{"type":"Polygon","coordinates":[[[69.75609853122227,23.010338251509155],[69.70609853122227,23.010338251509155],[69.70609853122227,23.060338251509156],[69.75609853122227,23.060338251509156],[69.75609853122227,23.010338251509155]]]}},{"type":"Feature","properties":{"GRID_CODE":"GJ-KU-RAP-031","DISTRICT":"Kachchh","BLOCK":"Rapar"},"geometry":{"type":"Polygon","coordinates":[[[70.70609853122227,23.660338251509154],[70.65609853122227,23.660338251509154],[70.65609853122227,23.710338251509154],[70.70609853122227,23.710338251509154],[70.70609853122227,23.660338251509154]]]}},{"type":"Feature","properties":{"GRID_CODE":"GJ-KU-RAN-454","DISTRICT":"Kachchh","BLOCK":"Rann of Kachchh"},"geometry":{"type":"Polygon","coordinates":[[[68.60609853122227,23.810338251509156],[68.55609853122226,23.810338251509156],[68.55609853122226,23.860338251509157],[68.60609853122227,23.860338251509157],[68.60609853122227,23.810338251509156]]]}},{"type":"Feature","properties":{"GRID_CODE":"GJ-KU-RAP-004","DISTRICT":"Kachchh","BLOCK":"Rapar"},"geometry":{"type":"Polygon","coordinates":[[[70.65609853122227,23.860338251509157],[70.60609853122227,23.860338251509157],[70.60609853122227,23.910338251509154],[70.65609853122227,23.910338251509154],[70.65609853122227,23.860338251509157]]]}},{"type":"Feature","properties":{"GRID_CODE":"GJ-KU-MAN-006","DISTRICT":"Kachchh","BLOCK":"Mandvi"},"geometry":{"type":"Polygon","coordinates":[[[69.35609853122227,23.060338251509156],[69.30609853122226,23.060338251509156],[69.30609853122226,23.110338251509157],[69.35609853122227,23.110338251509157],[69.35609853122227,23.060338251509156]]]}},{"type":"Feature","properties":{"GRID_CODE":"GJ-KU-RAN-538","DISTRICT":"Kachchh","BLOCK":"Rann of Kachchh"},"geometry":{"type":"Polygon","coordinates":[[[70.30609853122226,23.710338251509154],[70.25609853122227,23.710338251509154],[70.25609853122227,23.760338251509155],[70.30609853122226,23.760338251509155],[70.30609853122226,23.710338251509154]]]}},{"type":"Feature","properties":{"GRID_CODE":"GJ-KU-RAN-034","DISTRICT":"Kachchh","BLOCK":"Rann of Kachchh"},"geometry":{"type":"Polygon","coordinates":[[[71.25609853122227,24.360338251509157],[71.20609853122227,24.360338251509157],[71.20609853122227,24.410338251509154],[71.25609853122227,24.410338251509154],[71.25609853122227,24.360338251509157]]]}},{"type":"Feature","properties":{"GRID_CODE":"GJ-KU-BHU-074","DISTRICT":"Kachchh","BLOCK":"Bhuj"},"geometry":{"type":"Polygon","coordinates":[[[69.95609853122227,23.560338251509156],[69.90609853122227,23.560338251509156],[69.90609853122227,23.610338251509157],[69.95609853122227,23.610338251509157],[69.95609853122227,23.560338251509156]]]}},{"type":"Feature","properties":{"GRID_CODE":"GJ-KU-BHU-004","DISTRICT":"Kachchh","BLOCK":"Bhuj"},"geometry":{"type":"Polygon","coordinates":[[[69.70609853122227,23.860338251509157],[69.65609853122227,23.860338251509157],[69.65609853122227,23.910338251509154],[69.70609853122227,23.910338251509154],[69.70609853122227,23.860338251509157]]]}},{"type":"Feature","properties":{"GRID_CODE":"GJ-KU-BHU-027","DISTRICT":"Kachchh","BLOCK":"Bhuj"},"geometry":{"type":"Polygon","coordinates":[[[69.35609853122227,23.710338251509154],[69.30609853122226,23.710338251509154],[69.30609853122226,23.760338251509155],[69.35609853122227,23.760338251509155],[69.35609853122227,23.710338251509154]]]}},{"type":"Feature","properties":{"GRID_CODE":"GJ-KU-RAN-258","DISTRICT":"Kachchh","BLOCK":"Rann of Kachchh"},"geometry":{"type":"Polygon","coordinates":[[[69.10609853122227,24.010338251509155],[69.05609853122226,24.010338251509155],[69.05609853122226,24.060338251509156],[69.10609853122227,24.060338251509156],[69.10609853122227,24.010338251509155]]]}},{"type":"Feature","properties":{"GRID_CODE":"GJ-KU-RAN-288","DISTRICT":"Kachchh","BLOCK":"Rann of Kachchh"},"geometry":{"type":"Polygon","coordinates":[[[70.60609853122227,24.010338251509155],[70.55609853122226,24.010338251509155],[70.55609853122226,24.060338251509156],[70.60609853122227,24.060338251509156],[70.60609853122227,24.010338251509155]]]}},{"type":"Feature","properties":{"GRID_CODE":"GJ-KU-RAN-013","DISTRICT":"Kachchh","BLOCK":"Rann of Kachchh"},"geometry":{"type":"Polygon","coordinates":[[[71.20609853122227,24.510338251509155],[71.15609853122227,24.510338251509155],[71.15609853122227,24.560338251509156],[71.20609853122227,24.560338251509156],[71.20609853122227,24.510338251509155]]]}},{"type":"Feature","properties":{"GRID_CODE":"GJ-KU-ABD-022","DISTRICT":"Kachchh","BLOCK":"Abdasa"},"geometry":{"type":"Polygon","coordinates":[[[68.75609853122227,23.310338251509156],[68.70609853122227,23.310338251509156],[68.70609853122227,23.360338251509157],[68.75609853122227,23.360338251509157],[68.75609853122227,23.310338251509156]]]}},{"type":"Feature","properties":{"GRID_CODE":"GJ-KU-BHA-066","DISTRICT":"Kachchh","BLOCK":"Bhachau"},"geometry":{"type":"Polygon","coordinates":[[[70.45609853122227,23.210338251509154],[70.40609853122227,23.210338251509154],[70.40609853122227,23.260338251509155],[70.45609853122227,23.260338251509155],[70.45609853122227,23.210338251509154]]]}},{"type":"Feature","properties":{"GRID_CODE":"GJ-KU-MUN-027","DISTRICT":"Kachchh","BLOCK":"Mundra"},"geometry":{"type":"Polygon","coordinates":[[[69.65609853122227,22.810338251509156],[69.60609853122227,22.810338251509156],[69.60609853122227,22.860338251509157],[69.65609853122227,22.860338251509157],[69.65609853122227,22.810338251509156]]]}},{"type":"Feature","properties":{"GRID_CODE":"GJ-KU-ANJ-032","DISTRICT":"Kachchh","BLOCK":"Anjar"},"geometry":{"type":"Polygon","coordinates":[[[70.10609853122227,23.060338251509156],[70.05609853122226,23.060338251509156],[70.05609853122226,23.110338251509157],[70.10609853122227,23.110338251509157],[70.10609853122227,23.060338251509156]]]}},{"type":"Feature","properties":{"GRID_CODE":"GJ-KU-BHA-040","DISTRICT":"Kachchh","BLOCK":"Bhachau"},"geometry":{"type":"Polygon","coordinates":[[[70.25609853122227,23.310338251509156],[70.20609853122227,23.310338251509156],[70.20609853122227,23.360338251509157],[70.25609853122227,23.360338251509157],[70.25609853122227,23.310338251509156]]]}},{"type":"Feature","properties":{"GRID_CODE":"GJ-KU-BHU-101","DISTRICT":"Kachchh","BLOCK":"Bhuj"},"geometry":{"type":"Polygon","coordinates":[[[69.85609853122227,23.360338251509157],[69.80609853122226,23.360338251509157],[69.80609853122226,23.410338251509154],[69.85609853122227,23.410338251509154],[69.85609853122227,23.360338251509157]]]}},{"type":"Feature","properties":{"GRID_CODE":"GJ-KU-RAN-567","DISTRICT":"Kachchh","BLOCK":"Rann of Kachchh"},"geometry":{"type":"Polygon","coordinates":[[[70.00609853122227,23.610338251509157],[69.95609853122227,23.610338251509157],[69.95609853122227,23.660338251509154],[70.00609853122227,23.660338251509154],[70.00609853122227,23.610338251509157]]]}},{"type":"Feature","properties":{"GRID_CODE":"GJ-KU-BHU-131","DISTRICT":"Kachchh","BLOCK":"Bhuj"},"geometry":{"type":"Polygon","coordinates":[[[69.50609853122227,23.210338251509154],[69.45609853122227,23.210338251509154],[69.45609853122227,23.260338251509155],[69.50609853122227,23.260338251509155],[69.50609853122227,23.210338251509154]]]}},{"type":"Feature","properties":{"GRID_CODE":"GJ-KU-BHA-007","DISTRICT":"Kachchh","BLOCK":"Bhachau"},"geometry":{"type":"Polygon","coordinates":[[[70.45609853122227,23.860338251509157],[70.40609853122227,23.860338251509157],[70.40609853122227,23.910338251509154],[70.45609853122227,23.910338251509154],[70.45609853122227,23.860338251509157]]]}},{"type":"Feature","properties":{"GRID_CODE":"GJ-KU-LIT-039","DISTRICT":"Kachchh","BLOCK":"Little Rann"},"geometry":{"type":"Polygon","coordinates":[[[69.65609853122227,23.460338251509154],[69.60609853122227,23.460338251509154],[69.60609853122227,23.510338251509155],[69.65609853122227,23.510338251509155],[69.65609853122227,23.460338251509154]]]}},{"type":"Feature","properties":{"GRID_CODE":"GJ-KU-LIT-070","DISTRICT":"Kachchh","BLOCK":"Little Rann"},"geometry":{"type":"Polygon","coordinates":[[[71.35609853122227,23.360338251509157],[71.30609853122226,23.360338251509157],[71.30609853122226,23.410338251509154],[71.35609853122227,23.410338251509154],[71.35609853122227,23.360338251509157]]]}},{"type":"Feature","properties":{"GRID_CODE":"GJ-KU-NAK-013","DISTRICT":"Kachchh","BLOCK":"Nakhatrana"},"geometry":{"type":"Polygon","coordinates":[[[69.25609853122227,23.510338251509155],[69.20609853122227,23.510338251509155],[69.20609853122227,23.560338251509156],[69.25609853122227,23.560338251509156],[69.25609853122227,23.510338251509155]]]}},{"type":"Feature","properties":{"GRID_CODE":"GJ-KU-RAN-502","DISTRICT":"Kachchh","BLOCK":"Rann of Kachchh"},"geometry":{"type":"Polygon","coordinates":[[[69.40609853122227,23.760338251509155],[69.35609853122227,23.760338251509155],[69.35609853122227,23.810338251509156],[69.40609853122227,23.810338251509156],[69.40609853122227,23.760338251509155]]]}},{"type":"Feature","properties":{"GRID_CODE":"GJ-KU-LIT-115","DISTRICT":"Kachchh","BLOCK":"Little Rann"},"geometry":{"type":"Polygon","coordinates":[[[71.00609853122227,23.210338251509154],[70.95609853122227,23.210338251509154],[70.95609853122227,23.260338251509155],[71.00609853122227,23.260338251509155],[71.00609853122227,23.210338251509154]]]}},{"type":"Feature","properties":{"GRID_CODE":"GJ-KU-ABD-016","DISTRICT":"Kachchh","BLOCK":"Abdasa"},"geometry":{"type":"Polygon","coordinates":[[[68.90609853122227,23.360338251509157],[68.85609853122227,23.360338251509157],[68.85609853122227,23.410338251509154],[68.90609853122227,23.410338251509154],[68.90609853122227,23.360338251509157]]]}},{"type":"Feature","properties":{"GRID_CODE":"GJ-KU-RAN-273","DISTRICT":"Kachchh","BLOCK":"Rann of Kachchh"},"geometry":{"type":"Polygon","coordinates":[[[69.85609853122227,24.010338251509155],[69.80609853122226,24.010338251509155],[69.80609853122226,24.060338251509156],[69.85609853122227,24.060338251509156],[69.85609853122227,24.010338251509155]]]}},{"type":"Feature","properties":{"GRID_CODE":"GJ-KU-LAK-041","DISTRICT":"Kachchh","BLOCK":"Lakhpat"},"geometry":{"type":"Polygon","coordinates":[[[69.05609853122226,23.610338251509157],[69.00609853122227,23.610338251509157],[69.00609853122227,23.660338251509154],[69.05609853122226,23.660338251509154],[69.05609853122226,23.610338251509157]]]}},{"type":"Feature","properties":{"GRID_CODE":"GJ-KU-LAK-067","DISTRICT":"Kachchh","BLOCK":"Lakhpat"},"geometry":{"type":"Polygon","coordinates":[[[68.70609853122227,23.460338251509154],[68.65609853122227,23.460338251509154],[68.65609853122227,23.510338251509155],[68.70609853122227,23.510338251509155],[68.70609853122227,23.460338251509154]]]}},{"type":"Feature","properties":{"GRID_CODE":"GJ-KU-RAP-065","DISTRICT":"Kachchh","BLOCK":"Rapar"},"geometry":{"type":"Polygon","coordinates":[[[70.75609853122227,23.510338251509155],[70.70609853122227,23.510338251509155],[70.70609853122227,23.560338251509156],[70.75609853122227,23.560338251509156],[70.75609853122227,23.510338251509155]]]}},{"type":"Feature","properties":{"GRID_CODE":"GJ-KU-BHA-034","DISTRICT":"Kachchh","BLOCK":"Bhachau"},"geometry":{"type":"Polygon","coordinates":[[[70.40609853122227,23.360338251509157],[70.35609853122227,23.360338251509157],[70.35609853122227,23.410338251509154],[70.40609853122227,23.410338251509154],[70.40609853122227,23.360338251509157]]]}},{"type":"Feature","properties":{"GRID_CODE":"GJ-KU-RAN-115","DISTRICT":"Kachchh","BLOCK":"Rann of Kachchh"},"geometry":{"type":"Polygon","coordinates":[[[69.25609853122227,24.160338251509154],[69.20609853122227,24.160338251509154],[69.20609853122227,24.210338251509154],[69.25609853122227,24.210338251509154],[69.25609853122227,24.160338251509154]]]}},{"type":"Feature","properties":{"GRID_CODE":"GJ-KU-RAN-045","DISTRICT":"Kachchh","BLOCK":"Rann of Kachchh"},"geometry":{"type":"Polygon","coordinates":[[[71.10609853122227,24.310338251509156],[71.05609853122226,24.310338251509156],[71.05609853122226,24.360338251509157],[71.10609853122227,24.360338251509157],[71.10609853122227,24.310338251509156]]]}},{"type":"Feature","properties":{"GRID_CODE":"GJ-KU-RAN-138","DISTRICT":"Kachchh","BLOCK":"Rann of Kachchh"},"geometry":{"type":"Polygon","coordinates":[[[70.75609853122227,24.160338251509154],[70.70609853122227,24.160338251509154],[70.70609853122227,24.210338251509154],[70.75609853122227,24.210338251509154],[70.75609853122227,24.160338251509154]]]}},{"type":"Feature","properties":{"GRID_CODE":"GJ-KU-MUN-008","DISTRICT":"Kachchh","BLOCK":"Mundra"},"geometry":{"type":"Polygon","coordinates":[[[69.80609853122226,22.960338251509154],[69.75609853122227,22.960338251509154],[69.75609853122227,23.010338251509155],[69.80609853122226,23.010338251509155],[69.80609853122226,22.960338251509154]]]}},{"type":"Feature","properties":{"GRID_CODE":"GJ-KU-NAK-066","DISTRICT":"Kachchh","BLOCK":"Nakhatrana"},"geometry":{"type":"Polygon","coordinates":[[[69.20609853122227,23.110338251509157],[69.15609853122227,23.110338251509157],[69.15609853122227,23.160338251509154],[69.20609853122227,23.160338251509154],[69.20609853122227,23.110338251509157]]]}},{"type":"Feature","properties":{"GRID_CODE":"GJ-KU-ABD-059","DISTRICT":"Kachchh","BLOCK":"Abdasa"},"geometry":{"type":"Polygon","coordinates":[[[68.80609853122226,23.160338251509154],[68.75609853122227,23.160338251509154],[68.75609853122227,23.210338251509154],[68.80609853122226,23.210338251509154],[68.80609853122226,23.160338251509154]]]}},{"type":"Feature","properties":{"GRID_CODE":"GJ-KU-LIT-159","DISTRICT":"Kachchh","BLOCK":"Little Rann"},"geometry":{"type":"Polygon","coordinates":[[[70.70609853122227,23.110338251509157],[70.65609853122227,23.110338251509157],[70.65609853122227,23.160338251509154],[70.70609853122227,23.160338251509154],[70.70609853122227,23.110338251509157]]]}},{"type":"Feature","properties":{"GRID_CODE":"GJ-KU-ABD-031","DISTRICT":"Kachchh","BLOCK":"Abdasa"},"geometry":{"type":"Polygon","coordinates":[[[68.60609853122227,23.260338251509155],[68.55609853122226,23.260338251509155],[68.55609853122226,23.310338251509156],[68.60609853122227,23.310338251509156],[68.60609853122227,23.260338251509155]]]}},{"type":"Feature","properties":{"GRID_CODE":"GJ-KU-LIT-182","DISTRICT":"Kachchh","BLOCK":"Little Rann"},"geometry":{"type":"Polygon","coordinates":[[[70.35609853122227,22.960338251509154],[70.30609853122226,22.960338251509154],[70.30609853122226,23.010338251509155],[70.35609853122227,23.010338251509155],[70.35609853122227,22.960338251509154]]]}},{"type":"Feature","properties":{"GRID_CODE":"GJ-KU-LIT-128","DISTRICT":"Kachchh","BLOCK":"Little Rann"},"geometry":{"type":"Polygon","coordinates":[[[70.30609853122226,23.160338251509154],[70.25609853122227,23.160338251509154],[70.25609853122227,23.210338251509154],[70.30609853122226,23.210338251509154],[70.30609853122226,23.160338251509154]]]}},{"type":"Feature","properties":{"GRID_CODE":"GJ-KU-ANJ-035","DISTRICT":"Kachchh","BLOCK":"Anjar"},"geometry":{"type":"Polygon","coordinates":[[[69.95609853122227,23.010338251509155],[69.90609853122227,23.010338251509155],[69.90609853122227,23.060338251509156],[69.95609853122227,23.060338251509156],[69.95609853122227,23.010338251509155]]]}},{"type":"Feature","properties":{"GRID_CODE":"GJ-KU-RAP-035","DISTRICT":"Kachchh","BLOCK":"Rapar"},"geometry":{"type":"Polygon","coordinates":[[[70.90609853122227,23.660338251509154],[70.85609853122227,23.660338251509154],[70.85609853122227,23.710338251509154],[70.90609853122227,23.710338251509154],[70.90609853122227,23.660338251509154]]]}},{"type":"Feature","properties":{"GRID_CODE":"GJ-KU-RAN-457","DISTRICT":"Kachchh","BLOCK":"Rann of Kachchh"},"geometry":{"type":"Polygon","coordinates":[[[68.80609853122226,23.810338251509156],[68.75609853122227,23.810338251509156],[68.75609853122227,23.860338251509157],[68.80609853122226,23.860338251509157],[68.80609853122226,23.810338251509156]]]}},{"type":"Feature","properties":{"GRID_CODE":"GJ-KU-BHU-157","DISTRICT":"Kachchh","BLOCK":"Bhuj"},"geometry":{"type":"Polygon","coordinates":[[[69.75609853122227,23.110338251509157],[69.70609853122227,23.110338251509157],[69.70609853122227,23.160338251509154],[69.75609853122227,23.160338251509154],[69.75609853122227,23.110338251509157]]]}},{"type":"Feature","properties":{"GRID_CODE":"GJ-KU-RAN-360","DISTRICT":"Kachchh","BLOCK":"Rann of Kachchh"},"geometry":{"type":"Polygon","coordinates":[[[68.60609853122227,23.910338251509154],[68.55609853122226,23.910338251509154],[68.55609853122226,23.960338251509154],[68.60609853122227,23.960338251509154],[68.60609853122227,23.910338251509154]]]}},{"type":"Feature","properties":{"GRID_CODE":"GJ-KU-RAN-342","DISTRICT":"Kachchh","BLOCK":"Rann of Kachchh"},"geometry":{"type":"Polygon","coordinates":[[[70.65609853122227,23.960338251509154],[70.60609853122227,23.960338251509154],[70.60609853122227,24.010338251509155],[70.65609853122227,24.010338251509155],[70.65609853122227,23.960338251509154]]]}},{"type":"Feature","properties":{"GRID_CODE":"GJ-KU-NAK-065","DISTRICT":"Kachchh","BLOCK":"Nakhatrana"},"geometry":{"type":"Polygon","coordinates":[[[69.35609853122227,23.160338251509154],[69.30609853122226,23.160338251509154],[69.30609853122226,23.210338251509154],[69.35609853122227,23.210338251509154],[69.35609853122227,23.160338251509154]]]}},{"type":"Feature","properties":{"GRID_CODE":"GJ-KU-BHA-009","DISTRICT":"Kachchh","BLOCK":"Bhachau"},"geometry":{"type":"Polygon","coordinates":[[[70.30609853122226,23.810338251509156],[70.25609853122227,23.810338251509156],[70.25609853122227,23.860338251509157],[70.30609853122226,23.860338251509157],[70.30609853122226,23.810338251509156]]]}},{"type":"Feature","properties":{"GRID_CODE":"GJ-KU-RAN-019","DISTRICT":"Kachchh","BLOCK":"Rann of Kachchh"},"geometry":{"type":"Polygon","coordinates":[[[71.25609853122227,24.460338251509154],[71.20609853122227,24.460338251509154],[71.20609853122227,24.510338251509155],[71.25609853122227,24.510338251509155],[71.25609853122227,24.460338251509154]]]}},{"type":"Feature","properties":{"GRID_CODE":"GJ-KU-RAN-549","DISTRICT":"Kachchh","BLOCK":"Rann of Kachchh"},"geometry":{"type":"Polygon","coordinates":[[[69.95609853122227,23.660338251509154],[69.90609853122227,23.660338251509154],[69.90609853122227,23.710338251509154],[69.95609853122227,23.710338251509154],[69.95609853122227,23.660338251509154]]]}},{"type":"Feature","properties":{"GRID_CODE":"GJ-KU-RAN-176","DISTRICT":"Kachchh","BLOCK":"Rann of Kachchh"},"geometry":{"type":"Polygon","coordinates":[[[70.05609853122226,24.110338251509157],[70.00609853122227,24.110338251509157],[70.00609853122227,24.160338251509154],[70.05609853122226,24.160338251509154],[70.05609853122226,24.110338251509157]]]}},{"type":"Feature","properties":{"GRID_CODE":"GJ-KU-RAN-323","DISTRICT":"Kachchh","BLOCK":"Rann of Kachchh"},"geometry":{"type":"Polygon","coordinates":[[[69.70609853122227,23.960338251509154],[69.65609853122227,23.960338251509154],[69.65609853122227,24.010338251509155],[69.70609853122227,24.010338251509155],[69.70609853122227,23.960338251509154]]]}},{"type":"Feature","properties":{"GRID_CODE":"GJ-KU-RAN-468","DISTRICT":"Kachchh","BLOCK":"Rann of Kachchh"},"geometry":{"type":"Polygon","coordinates":[[[69.35609853122227,23.810338251509156],[69.30609853122226,23.810338251509156],[69.30609853122226,23.860338251509157],[69.35609853122227,23.860338251509157],[69.35609853122227,23.810338251509156]]]}},{"type":"Feature","properties":{"GRID_CODE":"GJ-KU-RAN-353","DISTRICT":"Kachchh","BLOCK":"Rann of Kachchh"},"geometry":{"type":"Polygon","coordinates":[[[71.20609853122227,23.960338251509154],[71.15609853122227,23.960338251509154],[71.15609853122227,24.010338251509155],[71.20609853122227,24.010338251509155],[71.20609853122227,23.960338251509154]]]}},{"type":"Feature","properties":{"GRID_CODE":"GJ-KU-RAN-157","DISTRICT":"Kachchh","BLOCK":"Rann of Kachchh"},"geometry":{"type":"Polygon","coordinates":[[[69.10609853122227,24.110338251509157],[69.05609853122226,24.110338251509157],[69.05609853122226,24.160338251509154],[69.10609853122227,24.160338251509154],[69.10609853122227,24.110338251509157]]]}},{"type":"Feature","properties":{"GRID_CODE":"GJ-KU-RAN-187","DISTRICT":"Kachchh","BLOCK":"Rann of Kachchh"},"geometry":{"type":"Polygon","coordinates":[[[70.60609853122227,24.110338251509157],[70.55609853122226,24.110338251509157],[70.55609853122226,24.160338251509154],[70.60609853122227,24.160338251509154],[70.60609853122227,24.110338251509157]]]}},{"type":"Feature","properties":{"GRID_CODE":"GJ-KU-RAN-003","DISTRICT":"Kachchh","BLOCK":"Rann of Kachchh"},"geometry":{"type":"Polygon","coordinates":[[[71.20609853122227,24.610338251509157],[71.15609853122227,24.610338251509157],[71.15609853122227,24.660338251509154],[71.20609853122227,24.660338251509154],[71.20609853122227,24.610338251509157]]]}},{"type":"Feature","properties":{"GRID_CODE":"GJ-KU-LIT-140","DISTRICT":"Kachchh","BLOCK":"Little Rann"},"geometry":{"type":"Polygon","coordinates":[[[71.05609853122226,23.160338251509154],[71.00609853122227,23.160338251509154],[71.00609853122227,23.210338251509154],[71.05609853122226,23.210338251509154],[71.05609853122226,23.160338251509154]]]}},{"type":"Feature","properties":{"GRID_CODE":"GJ-KU-ABD-006","DISTRICT":"Kachchh","BLOCK":"Abdasa"},"geometry":{"type":"Polygon","coordinates":[[[68.75609853122227,23.410338251509154],[68.70609853122227,23.410338251509154],[68.70609853122227,23.460338251509154],[68.75609853122227,23.460338251509154],[68.75609853122227,23.410338251509154]]]}},{"type":"Feature","properties":{"GRID_CODE":"GJ-KU-BHA-044","DISTRICT":"Kachchh","BLOCK":"Bhachau"},"geometry":{"type":"Polygon","coordinates":[[[70.45609853122227,23.310338251509156],[70.40609853122227,23.310338251509156],[70.40609853122227,23.360338251509157],[70.45609853122227,23.360338251509157],[70.45609853122227,23.310338251509156]]]}},{"type":"Feature","properties":{"GRID_CODE":"GJ-KU-MUN-010","DISTRICT":"Kachchh","BLOCK":"Mundra"},"geometry":{"type":"Polygon","coordinates":[[[69.65609853122227,22.910338251509154],[69.60609853122227,22.910338251509154],[69.60609853122227,22.960338251509154],[69.65609853122227,22.960338251509154],[69.65609853122227,22.910338251509154]]]}},{"type":"Feature","properties":{"GRID_CODE":"GJ-KU-RAN-598","DISTRICT":"Kachchh","BLOCK":"Rann of Kachchh"},"geometry":{"type":"Polygon","coordinates":[[[70.25609853122227,23.410338251509154],[70.20609853122227,23.410338251509154],[70.20609853122227,23.460338251509154],[70.25609853122227,23.460338251509154],[70.25609853122227,23.410338251509154]]]}},{"type":"Feature","properties":{"GRID_CODE":"GJ-KU-BHU-081","DISTRICT":"Kachchh","BLOCK":"Bhuj"},"geometry":{"type":"Polygon","coordinates":[[[69.85609853122227,23.460338251509154],[69.80609853122226,23.460338251509154],[69.80609853122226,23.510338251509155],[69.85609853122227,23.510338251509155],[69.85609853122227,23.460338251509154]]]}},{"type":"Feature","properties":{"GRID_CODE":"GJ-KU-ABD-083","DISTRICT":"Kachchh","BLOCK":"Abdasa"},"geometry":{"type":"Polygon","coordinates":[[[69.05609853122226,23.060338251509156],[69.00609853122227,23.060338251509156],[69.00609853122227,23.110338251509157],[69.05609853122226,23.110338251509157],[69.05609853122226,23.060338251509156]]]}},{"type":"Feature","properties":{"GRID_CODE":"GJ-KU-RAN-532","DISTRICT":"Kachchh","BLOCK":"Rann of Kachchh"},"geometry":{"type":"Polygon","coordinates":[[[70.00609853122227,23.710338251509154],[69.95609853122227,23.710338251509154],[69.95609853122227,23.760338251509155],[70.00609853122227,23.760338251509155],[70.00609853122227,23.710338251509154]]]}},{"type":"Feature","properties":{"GRID_CODE":"GJ-KU-BHU-107","DISTRICT":"Kachchh","BLOCK":"Bhuj"},"geometry":{"type":"Polygon","coordinates":[[[69.50609853122227,23.310338251509156],[69.45609853122227,23.310338251509156],[69.45609853122227,23.360338251509157],[69.50609853122227,23.360338251509157],[69.50609853122227,23.310338251509156]]]}},{"type":"Feature","properties":{"GRID_CODE":"GJ-KU-BHU-068","DISTRICT":"Kachchh","BLOCK":"Bhuj"},"geometry":{"type":"Polygon","coordinates":[[[69.65609853122227,23.560338251509156],[69.60609853122227,23.560338251509156],[69.60609853122227,23.610338251509157],[69.65609853122227,23.610338251509157],[69.65609853122227,23.560338251509156]]]}},{"type":"Feature","properties":{"GRID_CODE":"GJ-KU-LIT-047","DISTRICT":"Kachchh","BLOCK":"Little Rann"},"geometry":{"type":"Polygon","coordinates":[[[71.35609853122227,23.460338251509154],[71.30609853122226,23.460338251509154],[71.30609853122226,23.510338251509155],[71.35609853122227,23.510338251509155],[71.35609853122227,23.460338251509154]]]}},{"type":"Feature","properties":{"GRID_CODE":"GJ-KU-BHU-054","DISTRICT":"Kachchh","BLOCK":"Bhuj"},"geometry":{"type":"Polygon","coordinates":[[[69.25609853122227,23.610338251509157],[69.20609853122227,23.610338251509157],[69.20609853122227,23.660338251509154],[69.25609853122227,23.660338251509154],[69.25609853122227,23.610338251509157]]]}},{"type":"Feature","properties":{"GRID_CODE":"GJ-KU-RAN-431","DISTRICT":"Kachchh","BLOCK":"Rann of Kachchh"},"geometry":{"type":"Polygon","coordinates":[[[69.40609853122227,23.860338251509157],[69.35609853122227,23.860338251509157],[69.35609853122227,23.910338251509154],[69.40609853122227,23.910338251509154],[69.40609853122227,23.860338251509157]]]}},{"type":"Feature","properties":{"GRID_CODE":"GJ-KU-LIT-079","DISTRICT":"Kachchh","BLOCK":"Little Rann"},"geometry":{"type":"Polygon","coordinates":[[[71.00609853122227,23.310338251509156],[70.95609853122227,23.310338251509156],[70.95609853122227,23.360338251509157],[71.00609853122227,23.360338251509157],[71.00609853122227,23.310338251509156]]]}},{"type":"Feature","properties":{"GRID_CODE":"GJ-KU-LAK-070","DISTRICT":"Kachchh","BLOCK":"Lakhpat"},"geometry":{"type":"Polygon","coordinates":[[[68.90609853122227,23.460338251509154],[68.85609853122227,23.460338251509154],[68.85609853122227,23.510338251509155],[68.90609853122227,23.510338251509155],[68.90609853122227,23.460338251509154]]]}},{"type":"Feature","properties":{"GRID_CODE":"GJ-KU-RAN-172","DISTRICT":"Kachchh","BLOCK":"Rann of Kachchh"},"geometry":{"type":"Polygon","coordinates":[[[69.85609853122227,24.110338251509157],[69.80609853122226,24.110338251509157],[69.80609853122226,24.160338251509154],[69.85609853122227,24.160338251509154],[69.85609853122227,24.110338251509157]]]}},{"type":"Feature","properties":{"GRID_CODE":"GJ-KU-RAN-528","DISTRICT":"Kachchh","BLOCK":"Rann of Kachchh"},"geometry":{"type":"Polygon","coordinates":[[[69.05609853122226,23.710338251509154],[69.00609853122227,23.710338251509154],[69.00609853122227,23.760338251509155],[69.05609853122226,23.760338251509155],[69.05609853122226,23.710338251509154]]]}},{"type":"Feature","properties":{"GRID_CODE":"GJ-KU-LAK-048","DISTRICT":"Kachchh","BLOCK":"Lakhpat"},"geometry":{"type":"Polygon","coordinates":[[[68.70609853122227,23.560338251509156],[68.65609853122227,23.560338251509156],[68.65609853122227,23.610338251509157],[68.70609853122227,23.610338251509157],[68.70609853122227,23.560338251509156]]]}},{"type":"Feature","properties":{"GRID_CODE":"GJ-KU-RAP-042","DISTRICT":"Kachchh","BLOCK":"Rapar"},"geometry":{"type":"Polygon","coordinates":[[[70.75609853122227,23.610338251509157],[70.70609853122227,23.610338251509157],[70.70609853122227,23.660338251509154],[70.75609853122227,23.660338251509154],[70.75609853122227,23.610338251509157]]]}},{"type":"Feature","properties":{"GRID_CODE":"GJ-KU-LAK-002","DISTRICT":"Kachchh","BLOCK":"Lakhpat"},"geometry":{"type":"Polygon","coordinates":[[[68.65609853122227,23.760338251509155],[68.60609853122227,23.760338251509155],[68.60609853122227,23.810338251509156],[68.65609853122227,23.810338251509156],[68.65609853122227,23.760338251509155]]]}},{"type":"Feature","properties":{"GRID_CODE":"GJ-KU-BHA-019","DISTRICT":"Kachchh","BLOCK":"Bhachau"},"geometry":{"type":"Polygon","coordinates":[[[70.40609853122227,23.460338251509154],[70.35609853122227,23.460338251509154],[70.35609853122227,23.510338251509155],[70.40609853122227,23.510338251509155],[70.40609853122227,23.460338251509154]]]}},{"type":"Feature","properties":{"GRID_CODE":"GJ-KU-RAN-564","DISTRICT":"Kachchh","BLOCK":"Rann of Kachchh"},"geometry":{"type":"Polygon","coordinates":[[[68.30609853122226,23.610338251509157],[68.25609853122227,23.610338251509157],[68.25609853122227,23.660338251509154],[68.30609853122226,23.660338251509154],[68.30609853122226,23.610338251509157]]]}},{"type":"Feature","properties":{"GRID_CODE":"GJ-KU-RAN-510","DISTRICT":"Kachchh","BLOCK":"Rann of Kachchh"},"geometry":{"type":"Polygon","coordinates":[[[70.15609853122227,23.760338251509155],[70.10609853122227,23.760338251509155],[70.10609853122227,23.810338251509156],[70.15609853122227,23.810338251509156],[70.15609853122227,23.760338251509155]]]}},{"type":"Feature","properties":{"GRID_CODE":"GJ-KU-RAN-023","DISTRICT":"Kachchh","BLOCK":"Rann of Kachchh"},"geometry":{"type":"Polygon","coordinates":[[[71.10609853122227,24.410338251509154],[71.05609853122226,24.410338251509154],[71.05609853122226,24.460338251509154],[71.10609853122227,24.460338251509154],[71.10609853122227,24.410338251509154]]]}},{"type":"Feature","properties":{"GRID_CODE":"GJ-KU-BHU-166","DISTRICT":"Kachchh","BLOCK":"Bhuj"},"geometry":{"type":"Polygon","coordinates":[[[69.80609853122226,23.060338251509156],[69.75609853122227,23.060338251509156],[69.75609853122227,23.110338251509157],[69.80609853122226,23.110338251509157],[69.80609853122226,23.060338251509156]]]}},{"type":"Feature","properties":{"GRID_CODE":"GJ-KU-ABD-055","DISTRICT":"Kachchh","BLOCK":"Abdasa"},"geometry":{"type":"Polygon","coordinates":[[[69.20609853122227,23.210338251509154],[69.15609853122227,23.210338251509154],[69.15609853122227,23.260338251509155],[69.20609853122227,23.260338251509155],[69.20609853122227,23.210338251509154]]]}},{"type":"Feature","properties":{"GRID_CODE":"GJ-KU-LIT-101","DISTRICT":"Kachchh","BLOCK":"Little Rann"},"geometry":{"type":"Polygon","coordinates":[[[71.25609853122227,23.260338251509155],[71.20609853122227,23.260338251509155],[71.20609853122227,23.310338251509156],[71.25609853122227,23.310338251509156],[71.25609853122227,23.260338251509155]]]}},{"type":"Feature","properties":{"GRID_CODE":"GJ-KU-LIT-161","DISTRICT":"Kachchh","BLOCK":"Little Rann"},"geometry":{"type":"Polygon","coordinates":[[[70.90609853122227,23.110338251509157],[70.85609853122227,23.110338251509157],[70.85609853122227,23.160338251509154],[70.90609853122227,23.160338251509154],[70.90609853122227,23.110338251509157]]]}},{"type":"Feature","properties":{"GRID_CODE":"GJ-KU-ABD-035","DISTRICT":"Kachchh","BLOCK":"Abdasa"},"geometry":{"type":"Polygon","coordinates":[[[68.80609853122226,23.260338251509155],[68.75609853122227,23.260338251509155],[68.75609853122227,23.310338251509156],[68.80609853122226,23.310338251509156],[68.80609853122226,23.260338251509155]]]}},{"type":"Feature","properties":{"GRID_CODE":"GJ-KU-LIT-186","DISTRICT":"Kachchh","BLOCK":"Little Rann"},"geometry":{"type":"Polygon","coordinates":[[[70.55609853122226,22.960338251509154],[70.50609853122227,22.960338251509154],[70.50609853122227,23.010338251509155],[70.55609853122226,23.010338251509155],[70.55609853122226,22.960338251509154]]]}},{"type":"Feature","properties":{"GRID_CODE":"GJ-KU-BHA-071","DISTRICT":"Kachchh","BLOCK":"Bhachau"},"geometry":{"type":"Polygon","coordinates":[[[70.70609853122227,23.210338251509154],[70.65609853122227,23.210338251509154],[70.65609853122227,23.260338251509155],[70.70609853122227,23.260338251509155],[70.70609853122227,23.210338251509154]]]}},{"type":"Feature","properties":{"GRID_CODE":"GJ-KU-ABD-010","DISTRICT":"Kachchh","BLOCK":"Abdasa"},"geometry":{"type":"Polygon","coordinates":[[[68.60609853122227,23.360338251509157],[68.55609853122226,23.360338251509157],[68.55609853122226,23.410338251509154],[68.60609853122227,23.410338251509154],[68.60609853122227,23.360338251509157]]]}},{"type":"Feature","properties":{"GRID_CODE":"GJ-KU-BHA-052","DISTRICT":"Kachchh","BLOCK":"Bhachau"},"geometry":{"type":"Polygon","coordinates":[[[70.30609853122226,23.260338251509155],[70.25609853122227,23.260338251509155],[70.25609853122227,23.310338251509156],[70.30609853122226,23.310338251509156],[70.30609853122226,23.260338251509155]]]}},{"type":"Feature","properties":{"GRID_CODE":"GJ-KU-RAN-407","DISTRICT":"Kachchh","BLOCK":"Rann of Kachchh"},"geometry":{"type":"Polygon","coordinates":[[[71.25609853122227,23.910338251509154],[71.20609853122227,23.910338251509154],[71.20609853122227,23.960338251509154],[71.25609853122227,23.960338251509154],[71.25609853122227,23.910338251509154]]]}},{"type":"Feature","properties":{"GRID_CODE":"GJ-KU-ANJ-022","DISTRICT":"Kachchh","BLOCK":"Anjar"},"geometry":{"type":"Polygon","coordinates":[[[69.95609853122227,23.110338251509157],[69.90609853122227,23.110338251509157],[69.90609853122227,23.160338251509154],[69.95609853122227,23.160338251509154],[69.95609853122227,23.110338251509157]]]}},{"type":"Feature","properties":{"GRID_CODE":"GJ-KU-RAN-519","DISTRICT":"Kachchh","BLOCK":"Rann of Kachchh"},"geometry":{"type":"Polygon","coordinates":[[[70.90609853122227,23.760338251509155],[70.85609853122227,23.760338251509155],[70.85609853122227,23.810338251509156],[70.90609853122227,23.810338251509156],[70.90609853122227,23.760338251509155]]]}},{"type":"Feature","properties":{"GRID_CODE":"GJ-KU-RAN-364","DISTRICT":"Kachchh","BLOCK":"Rann of Kachchh"},"geometry":{"type":"Polygon","coordinates":[[[68.80609853122226,23.910338251509154],[68.75609853122227,23.910338251509154],[68.75609853122227,23.960338251509154],[68.80609853122226,23.960338251509154],[68.80609853122226,23.910338251509154]]]}},{"type":"Feature","properties":{"GRID_CODE":"GJ-KU-BHU-136","DISTRICT":"Kachchh","BLOCK":"Bhuj"},"geometry":{"type":"Polygon","coordinates":[[[69.75609853122227,23.210338251509154],[69.70609853122227,23.210338251509154],[69.70609853122227,23.260338251509155],[69.75609853122227,23.260338251509155],[69.75609853122227,23.210338251509154]]]}},{"type":"Feature","properties":{"GRID_CODE":"GJ-KU-BHU-085","DISTRICT":"Kachchh","BLOCK":"Bhuj"},"geometry":{"type":"Polygon","coordinates":[[[69.70609853122227,23.410338251509154],[69.65609853122227,23.410338251509154],[69.65609853122227,23.460338251509154],[69.70609853122227,23.460338251509154],[69.70609853122227,23.410338251509154]]]}},{"type":"Feature","properties":{"GRID_CODE":"GJ-KU-RAN-238","DISTRICT":"Kachchh","BLOCK":"Rann of Kachchh"},"geometry":{"type":"Polygon","coordinates":[[[70.65609853122227,24.060338251509156],[70.60609853122227,24.060338251509156],[70.60609853122227,24.110338251509157],[70.65609853122227,24.110338251509157],[70.65609853122227,24.060338251509156]]]}},{"type":"Feature","properties":{"GRID_CODE":"GJ-KU-NAK-058","DISTRICT":"Kachchh","BLOCK":"Nakhatrana"},"geometry":{"type":"Polygon","coordinates":[[[69.35609853122227,23.260338251509155],[69.30609853122226,23.260338251509155],[69.30609853122226,23.310338251509156],[69.35609853122227,23.310338251509156],[69.35609853122227,23.260338251509155]]]}},{"type":"Feature","properties":{"GRID_CODE":"GJ-KU-RAN-390","DISTRICT":"Kachchh","BLOCK":"Rann of Kachchh"},"geometry":{"type":"Polygon","coordinates":[[[70.30609853122226,23.910338251509154],[70.25609853122227,23.910338251509154],[70.25609853122227,23.960338251509154],[70.30609853122226,23.960338251509154],[70.30609853122226,23.910338251509154]]]}},{"type":"Feature","properties":{"GRID_CODE":"GJ-KU-LIT-054","DISTRICT":"Kachchh","BLOCK":"Little Rann"},"geometry":{"type":"Polygon","coordinates":[[[71.20609853122227,23.410338251509154],[71.15609853122227,23.410338251509154],[71.15609853122227,23.460338251509154],[71.20609853122227,23.460338251509154],[71.20609853122227,23.410338251509154]]]}},{"type":"Feature","properties":{"GRID_CODE":"GJ-KU-RAN-219","DISTRICT":"Kachchh","BLOCK":"Rann of Kachchh"},"geometry":{"type":"Polygon","coordinates":[[[69.70609853122227,24.060338251509156],[69.65609853122227,24.060338251509156],[69.65609853122227,24.110338251509157],[69.70609853122227,24.110338251509157],[69.70609853122227,24.060338251509156]]]}},{"type":"Feature","properties":{"GRID_CODE":"GJ-KU-RAN-375","DISTRICT":"Kachchh","BLOCK":"Rann of Kachchh"},"geometry":{"type":"Polygon","coordinates":[[[69.35609853122227,23.910338251509154],[69.30609853122226,23.910338251509154],[69.30609853122226,23.960338251509154],[69.35609853122227,23.960338251509154],[69.35609853122227,23.910338251509154]]]}},{"type":"Feature","properties":{"GRID_CODE":"GJ-KU-RAN-249","DISTRICT":"Kachchh","BLOCK":"Rann of Kachchh"},"geometry":{"type":"Polygon","coordinates":[[[71.20609853122227,24.060338251509156],[71.15609853122227,24.060338251509156],[71.15609853122227,24.110338251509157],[71.20609853122227,24.110338251509157],[71.20609853122227,24.060338251509156]]]}},{"type":"Feature","properties":{"GRID_CODE":"GJ-KU-RAN-076","DISTRICT":"Kachchh","BLOCK":"Rann of Kachchh"},"geometry":{"type":"Polygon","coordinates":[[[69.10609853122227,24.210338251509154],[69.05609853122226,24.210338251509154],[69.05609853122226,24.260338251509155],[69.10609853122227,24.260338251509155],[69.10609853122227,24.210338251509154]]]}},{"type":"Feature","properties":{"GRID_CODE":"GJ-KU-RAN-191","DISTRICT":"Kachchh","BLOCK":"Rann of Kachchh"},"geometry":{"type":"Polygon","coordinates":[[[70.80609853122226,24.110338251509157],[70.75609853122227,24.110338251509157],[70.75609853122227,24.160338251509154],[70.80609853122226,24.160338251509154],[70.80609853122226,24.110338251509157]]]}},{"type":"Feature","properties":{"GRID_CODE":"GJ-KU-RAN-097","DISTRICT":"Kachchh","BLOCK":"Rann of Kachchh"},"geometry":{"type":"Polygon","coordinates":[[[70.60609853122227,24.210338251509154],[70.55609853122226,24.210338251509154],[70.55609853122226,24.260338251509155],[70.60609853122227,24.260338251509155],[70.60609853122227,24.210338251509154]]]}},{"type":"Feature","properties":{"GRID_CODE":"GJ-KU-LIT-097","DISTRICT":"Kachchh","BLOCK":"Little Rann"},"geometry":{"type":"Polygon","coordinates":[[[71.05609853122226,23.260338251509155],[71.00609853122227,23.260338251509155],[71.00609853122227,23.310338251509156],[71.05609853122226,23.310338251509156],[71.05609853122226,23.260338251509155]]]}},{"type":"Feature","properties":{"GRID_CODE":"GJ-KU-MUN-014","DISTRICT":"Kachchh","BLOCK":"Mundra"},"geometry":{"type":"Polygon","coordinates":[[[69.85609853122227,22.910338251509154],[69.80609853122226,22.910338251509154],[69.80609853122226,22.960338251509154],[69.85609853122227,22.960338251509154],[69.85609853122227,22.910338251509154]]]}},{"type":"Feature","properties":{"GRID_CODE":"GJ-KU-ANJ-016","DISTRICT":"Kachchh","BLOCK":"Anjar"},"geometry":{"type":"Polygon","coordinates":[[[70.00609853122227,23.160338251509154],[69.95609853122227,23.160338251509154],[69.95609853122227,23.210338251509154],[70.00609853122227,23.210338251509154],[70.00609853122227,23.160338251509154]]]}},{"type":"Feature","properties":{"GRID_CODE":"GJ-KU-COA-008","DISTRICT":"Kachchh","BLOCK":"Coastal Area"},"geometry":{"type":"Polygon","coordinates":[[[69.50609853122227,22.760338251509155],[69.45609853122227,22.760338251509155],[69.45609853122227,22.810338251509156],[69.50609853122227,22.810338251509156],[69.50609853122227,22.760338251509155]]]}},{"type":"Feature","properties":{"GRID_CODE":"GJ-KU-BHA-026","DISTRICT":"Kachchh","BLOCK":"Bhachau"},"geometry":{"type":"Polygon","coordinates":[[[70.45609853122227,23.410338251509154],[70.40609853122227,23.410338251509154],[70.40609853122227,23.460338251509154],[70.45609853122227,23.460338251509154],[70.45609853122227,23.410338251509154]]]}},{"type":"Feature","properties":{"GRID_CODE":"GJ-KU-BHU-169","DISTRICT":"Kachchh","BLOCK":"Bhuj"},"geometry":{"type":"Polygon","coordinates":[[[69.65609853122227,23.010338251509155],[69.60609853122227,23.010338251509155],[69.60609853122227,23.060338251509156],[69.65609853122227,23.060338251509156],[69.65609853122227,23.010338251509155]]]}},{"type":"Feature","properties":{"GRID_CODE":"GJ-KU-MAN-040","DISTRICT":"Kachchh","BLOCK":"Mandvi"},"geometry":{"type":"Polygon","coordinates":[[[69.30609853122226,22.860338251509157],[69.25609853122227,22.860338251509157],[69.25609853122227,22.910338251509154],[69.30609853122226,22.910338251509154],[69.30609853122226,22.860338251509157]]]}},{"type":"Feature","properties":{"GRID_CODE":"GJ-KU-BHU-072","DISTRICT":"Kachchh","BLOCK":"Bhuj"},"geometry":{"type":"Polygon","coordinates":[[[69.85609853122227,23.560338251509156],[69.80609853122226,23.560338251509156],[69.80609853122226,23.610338251509157],[69.85609853122227,23.610338251509157],[69.85609853122227,23.560338251509156]]]}},{"type":"Feature","properties":{"GRID_CODE":"GJ-KU-ABD-064","DISTRICT":"Kachchh","BLOCK":"Abdasa"},"geometry":{"type":"Polygon","coordinates":[[[69.05609853122226,23.160338251509154],[69.00609853122227,23.160338251509154],[69.00609853122227,23.210338251509154],[69.05609853122226,23.210338251509154],[69.05609853122226,23.160338251509154]]]}},{"type":"Feature","properties":{"GRID_CODE":"GJ-KU-RAN-476","DISTRICT":"Kachchh","BLOCK":"Rann of Kachchh"},"geometry":{"type":"Polygon","coordinates":[[[70.00609853122227,23.810338251509156],[69.95609853122227,23.810338251509156],[69.95609853122227,23.860338251509157],[70.00609853122227,23.860338251509157],[70.00609853122227,23.810338251509156]]]}},{"type":"Feature","properties":{"GRID_CODE":"GJ-KU-NAK-038","DISTRICT":"Kachchh","BLOCK":"Nakhatrana"},"geometry":{"type":"Polygon","coordinates":[[[69.50609853122227,23.410338251509154],[69.45609853122227,23.410338251509154],[69.45609853122227,23.460338251509154],[69.50609853122227,23.460338251509154],[69.50609853122227,23.410338251509154]]]}},{"type":"Feature","properties":{"GRID_CODE":"GJ-KU-BHU-048","DISTRICT":"Kachchh","BLOCK":"Bhuj"},"geometry":{"type":"Polygon","coordinates":[[[69.65609853122227,23.660338251509154],[69.60609853122227,23.660338251509154],[69.60609853122227,23.710338251509154],[69.65609853122227,23.710338251509154],[69.65609853122227,23.660338251509154]]]}},{"type":"Feature","properties":{"GRID_CODE":"GJ-KU-RAN-435","DISTRICT":"Kachchh","BLOCK":"Rann of Kachchh"},"geometry":{"type":"Polygon","coordinates":[[[69.60609853122227,23.860338251509157],[69.55609853122226,23.860338251509157],[69.55609853122226,23.910338251509154],[69.60609853122227,23.910338251509154],[69.60609853122227,23.860338251509157]]]}},{"type":"Feature","properties":{"GRID_CODE":"GJ-KU-LIT-188","DISTRICT":"Kachchh","BLOCK":"Little Rann"},"geometry":{"type":"Polygon","coordinates":[[[70.40609853122227,22.910338251509154],[70.35609853122227,22.910338251509154],[70.35609853122227,22.960338251509154],[70.40609853122227,22.960338251509154],[70.40609853122227,22.910338251509154]]]}},{"type":"Feature","properties":{"GRID_CODE":"GJ-KU-LIT-020","DISTRICT":"Kachchh","BLOCK":"Little Rann"},"geometry":{"type":"Polygon","coordinates":[[[71.35609853122227,23.560338251509156],[71.30609853122226,23.560338251509156],[71.30609853122226,23.610338251509157],[71.35609853122227,23.610338251509157],[71.35609853122227,23.560338251509156]]]}},{"type":"Feature","properties":{"GRID_CODE":"GJ-KU-BHU-025","DISTRICT":"Kachchh","BLOCK":"Bhuj"},"geometry":{"type":"Polygon","coordinates":[[[69.25609853122227,23.710338251509154],[69.20609853122227,23.710338251509154],[69.20609853122227,23.760338251509155],[69.25609853122227,23.760338251509155],[69.25609853122227,23.710338251509154]]]}},{"type":"Feature","properties":{"GRID_CODE":"GJ-KU-RAN-317","DISTRICT":"Kachchh","BLOCK":"Rann of Kachchh"},"geometry":{"type":"Polygon","coordinates":[[[69.40609853122227,23.960338251509154],[69.35609853122227,23.960338251509154],[69.35609853122227,24.010338251509155],[69.40609853122227,24.010338251509155],[69.40609853122227,23.960338251509154]]]}},{"type":"Feature","properties":{"GRID_CODE":"GJ-KU-LAK-052","DISTRICT":"Kachchh","BLOCK":"Lakhpat"},"geometry":{"type":"Polygon","coordinates":[[[68.90609853122227,23.560338251509156],[68.85609853122227,23.560338251509156],[68.85609853122227,23.610338251509157],[68.90609853122227,23.610338251509157],[68.90609853122227,23.560338251509156]]]}},{"type":"Feature","properties":{"GRID_CODE":"GJ-KU-RAN-462","DISTRICT":"Kachchh","BLOCK":"Rann of Kachchh"},"geometry":{"type":"Polygon","coordinates":[[[69.05609853122226,23.810338251509156],[69.00609853122227,23.810338251509156],[69.00609853122227,23.860338251509157],[69.05609853122226,23.860338251509157],[69.05609853122226,23.810338251509156]]]}},{"type":"Feature","properties":{"GRID_CODE":"GJ-KU-RAN-447","DISTRICT":"Kachchh","BLOCK":"Rann of Kachchh"},"geometry":{"type":"Polygon","coordinates":[[[71.10609853122227,23.860338251509157],[71.05609853122226,23.860338251509157],[71.05609853122226,23.910338251509154],[71.10609853122227,23.910338251509154],[71.10609853122227,23.860338251509157]]]}},{"type":"Feature","properties":{"GRID_CODE":"GJ-KU-RAP-025","DISTRICT":"Kachchh","BLOCK":"Rapar"},"geometry":{"type":"Polygon","coordinates":[[[70.75609853122227,23.710338251509154],[70.70609853122227,23.710338251509154],[70.70609853122227,23.760338251509155],[70.75609853122227,23.760338251509155],[70.75609853122227,23.710338251509154]]]}},{"type":"Feature","properties":{"GRID_CODE":"GJ-KU-RAN-416","DISTRICT":"Kachchh","BLOCK":"Rann of Kachchh"},"geometry":{"type":"Polygon","coordinates":[[[68.65609853122227,23.860338251509157],[68.60609853122227,23.860338251509157],[68.60609853122227,23.910338251509154],[68.65609853122227,23.910338251509154],[68.65609853122227,23.860338251509157]]]}},{"type":"Feature","properties":{"GRID_CODE":"GJ-KU-BHA-013","DISTRICT":"Kachchh","BLOCK":"Bhachau"},"geometry":{"type":"Polygon","coordinates":[[[70.40609853122227,23.560338251509156],[70.35609853122227,23.560338251509156],[70.35609853122227,23.610338251509157],[70.40609853122227,23.610338251509157],[70.40609853122227,23.560338251509156]]]}},{"type":"Feature","properties":{"GRID_CODE":"GJ-KU-RAN-524","DISTRICT":"Kachchh","BLOCK":"Rann of Kachchh"},"geometry":{"type":"Polygon","coordinates":[[[68.30609853122226,23.710338251509154],[68.25609853122227,23.710338251509154],[68.25609853122227,23.760338251509155],[68.30609853122226,23.760338251509155],[68.30609853122226,23.710338251509154]]]}},{"type":"Feature","properties":{"GRID_CODE":"GJ-KU-RAN-440","DISTRICT":"Kachchh","BLOCK":"Rann of Kachchh"},"geometry":{"type":"Polygon","coordinates":[[[70.15609853122227,23.860338251509157],[70.10609853122227,23.860338251509157],[70.10609853122227,23.910338251509154],[70.15609853122227,23.910338251509154],[70.15609853122227,23.860338251509157]]]}},{"type":"Feature","properties":{"GRID_CODE":"GJ-KU-RAN-011","DISTRICT":"Kachchh","BLOCK":"Rann of Kachchh"},"geometry":{"type":"Polygon","coordinates":[[[71.10609853122227,24.510338251509155],[71.05609853122226,24.510338251509155],[71.05609853122226,24.560338251509156],[71.10609853122227,24.560338251509156],[71.10609853122227,24.510338251509155]]]}},{"type":"Feature","properties":{"GRID_CODE":"GJ-KU-RAN-267","DISTRICT":"Kachchh","BLOCK":"Rann of Kachchh"},"geometry":{"type":"Polygon","coordinates":[[[69.55609853122226,24.010338251509155],[69.50609853122227,24.010338251509155],[69.50609853122227,24.060338251509156],[69.55609853122226,24.060338251509156],[69.55609853122226,24.010338251509155]]]}},{"type":"Feature","properties":{"GRID_CODE":"GJ-KU-NAK-050","DISTRICT":"Kachchh","BLOCK":"Nakhatrana"},"geometry":{"type":"Polygon","coordinates":[[[69.20609853122227,23.310338251509156],[69.15609853122227,23.310338251509156],[69.15609853122227,23.360338251509157],[69.20609853122227,23.360338251509157],[69.20609853122227,23.310338251509156]]]}},{"type":"Feature","properties":{"GRID_CODE":"GJ-KU-LIT-068","DISTRICT":"Kachchh","BLOCK":"Little Rann"},"geometry":{"type":"Polygon","coordinates":[[[71.25609853122227,23.360338251509157],[71.20609853122227,23.360338251509157],[71.20609853122227,23.410338251509154],[71.25609853122227,23.410338251509154],[71.25609853122227,23.360338251509157]]]}},{"type":"Feature","properties":{"GRID_CODE":"GJ-KU-LIT-113","DISTRICT":"Kachchh","BLOCK":"Little Rann"},"geometry":{"type":"Polygon","coordinates":[[[70.90609853122227,23.210338251509154],[70.85609853122227,23.210338251509154],[70.85609853122227,23.260338251509155],[70.90609853122227,23.260338251509155],[70.90609853122227,23.210338251509154]]]}},{"type":"Feature","properties":{"GRID_CODE":"GJ-KU-ABD-014","DISTRICT":"Kachchh","BLOCK":"Abdasa"},"geometry":{"type":"Polygon","coordinates":[[[68.80609853122226,23.360338251509157],[68.75609853122227,23.360338251509157],[68.75609853122227,23.410338251509154],[68.80609853122226,23.410338251509154],[68.80609853122226,23.360338251509157]]]}},{"type":"Feature","properties":{"GRID_CODE":"GJ-KU-LIT-169","DISTRICT":"Kachchh","BLOCK":"Little Rann"},"geometry":{"type":"Polygon","coordinates":[[[70.55609853122226,23.060338251509156],[70.50609853122227,23.060338251509156],[70.50609853122227,23.110338251509157],[70.55609853122226,23.110338251509157],[70.55609853122226,23.060338251509156]]]}},{"type":"Feature","properties":{"GRID_CODE":"GJ-KU-BHA-049","DISTRICT":"Kachchh","BLOCK":"Bhachau"},"geometry":{"type":"Polygon","coordinates":[[[70.70609853122227,23.310338251509156],[70.65609853122227,23.310338251509156],[70.65609853122227,23.360338251509157],[70.70609853122227,23.360338251509157],[70.70609853122227,23.310338251509156]]]}},{"type":"Feature","properties":{"GRID_CODE":"GJ-KU-ABD-001","DISTRICT":"Kachchh","BLOCK":"Abdasa"},"geometry":{"type":"Polygon","coordinates":[[[68.60609853122227,23.460338251509154],[68.55609853122226,23.460338251509154],[68.55609853122226,23.510338251509155],[68.60609853122227,23.510338251509155],[68.60609853122227,23.460338251509154]]]}},{"type":"Feature","properties":{"GRID_CODE":"GJ-KU-RAP-063","DISTRICT":"Kachchh","BLOCK":"Rapar"},"geometry":{"type":"Polygon","coordinates":[[[70.65609853122227,23.510338251509155],[70.60609853122227,23.510338251509155],[70.60609853122227,23.560338251509156],[70.65609853122227,23.560338251509156],[70.65609853122227,23.510338251509155]]]}},{"type":"Feature","properties":{"GRID_CODE":"GJ-KU-BHA-032","DISTRICT":"Kachchh","BLOCK":"Bhachau"},"geometry":{"type":"Polygon","coordinates":[[[70.30609853122226,23.360338251509157],[70.25609853122227,23.360338251509157],[70.25609853122227,23.410338251509154],[70.30609853122226,23.410338251509154],[70.30609853122226,23.360338251509157]]]}},{"type":"Feature","properties":{"GRID_CODE":"GJ-KU-RAN-301","DISTRICT":"Kachchh","BLOCK":"Rann of Kachchh"},"geometry":{"type":"Polygon","coordinates":[[[71.25609853122227,24.010338251509155],[71.20609853122227,24.010338251509155],[71.20609853122227,24.060338251509156],[71.25609853122227,24.060338251509156],[71.25609853122227,24.010338251509155]]]}},{"type":"Feature","properties":{"GRID_CODE":"GJ-KU-RAN-490","DISTRICT":"Kachchh","BLOCK":"Rann of Kachchh"},"geometry":{"type":"Polygon","coordinates":[[[68.35609853122227,23.760338251509155],[68.30609853122226,23.760338251509155],[68.30609853122226,23.810338251509156],[68.35609853122227,23.810338251509156],[68.35609853122227,23.760338251509155]]]}},{"type":"Feature","properties":{"GRID_CODE":"GJ-KU-BHU-140","DISTRICT":"Kachchh","BLOCK":"Bhuj"},"geometry":{"type":"Polygon","coordinates":[[[69.95609853122227,23.210338251509154],[69.90609853122227,23.210338251509154],[69.90609853122227,23.260338251509155],[69.95609853122227,23.260338251509155],[69.95609853122227,23.210338251509154]]]}},{"type":"Feature","properties":{"GRID_CODE":"GJ-KU-RAN-252","DISTRICT":"Kachchh","BLOCK":"Rann of Kachchh"},"geometry":{"type":"Polygon","coordinates":[[[68.80609853122226,24.010338251509155],[68.75609853122227,24.010338251509155],[68.75609853122227,24.060338251509156],[68.80609853122226,24.060338251509156],[68.80609853122226,24.010338251509155]]]}},{"type":"Feature","properties":{"GRID_CODE":"GJ-KU-LIT-028","DISTRICT":"Kachchh","BLOCK":"Little Rann"},"geometry":{"type":"Polygon","coordinates":[[[69.70609853122227,23.510338251509155],[69.65609853122227,23.510338251509155],[69.65609853122227,23.560338251509156],[69.70609853122227,23.560338251509156],[69.70609853122227,23.510338251509155]]]}},{"type":"Feature","properties":{"GRID_CODE":"GJ-KU-RAN-136","DISTRICT":"Kachchh","BLOCK":"Rann of Kachchh"},"geometry":{"type":"Polygon","coordinates":[[[70.65609853122227,24.160338251509154],[70.60609853122227,24.160338251509154],[70.60609853122227,24.210338251509154],[70.65609853122227,24.210338251509154],[70.65609853122227,24.160338251509154]]]}},{"type":"Feature","properties":{"GRID_CODE":"GJ-KU-LIT-124","DISTRICT":"Kachchh","BLOCK":"Little Rann"},"geometry":{"type":"Polygon","coordinates":[[[71.45609853122227,23.210338251509154],[71.40609853122227,23.210338251509154],[71.40609853122227,23.260338251509155],[71.45609853122227,23.260338251509155],[71.45609853122227,23.210338251509154]]]}},{"type":"Feature","properties":{"GRID_CODE":"GJ-KU-NAK-046","DISTRICT":"Kachchh","BLOCK":"Nakhatrana"},"geometry":{"type":"Polygon","coordinates":[[[69.35609853122227,23.360338251509157],[69.30609853122226,23.360338251509157],[69.30609853122226,23.410338251509154],[69.35609853122227,23.410338251509154],[69.35609853122227,23.360338251509157]]]}},{"type":"Feature","properties":{"GRID_CODE":"GJ-KU-RAN-282","DISTRICT":"Kachchh","BLOCK":"Rann of Kachchh"},"geometry":{"type":"Polygon","coordinates":[[[70.30609853122226,24.010338251509155],[70.25609853122227,24.010338251509155],[70.25609853122227,24.060338251509156],[70.30609853122226,24.060338251509156],[70.30609853122226,24.010338251509155]]]}},{"type":"Feature","properties":{"GRID_CODE":"GJ-KU-LIT-032","DISTRICT":"Kachchh","BLOCK":"Little Rann"},"geometry":{"type":"Polygon","coordinates":[[[71.20609853122227,23.510338251509155],[71.15609853122227,23.510338251509155],[71.15609853122227,23.560338251509156],[71.20609853122227,23.560338251509156],[71.20609853122227,23.510338251509155]]]}},{"type":"Feature","properties":{"GRID_CODE":"GJ-KU-LAK-028","DISTRICT":"Kachchh","BLOCK":"Lakhpat"},"geometry":{"type":"Polygon","coordinates":[[[69.10609853122227,23.660338251509154],[69.05609853122226,23.660338251509154],[69.05609853122226,23.710338251509154],[69.10609853122227,23.710338251509154],[69.10609853122227,23.660338251509154]]]}},{"type":"Feature","properties":{"GRID_CODE":"GJ-KU-RAN-124","DISTRICT":"Kachchh","BLOCK":"Rann of Kachchh"},"geometry":{"type":"Polygon","coordinates":[[[69.70609853122227,24.160338251509154],[69.65609853122227,24.160338251509154],[69.65609853122227,24.210338251509154],[69.70609853122227,24.210338251509154],[69.70609853122227,24.160338251509154]]]}},{"type":"Feature","properties":{"GRID_CODE":"GJ-KU-RAP-029","DISTRICT":"Kachchh","BLOCK":"Rapar"},"geometry":{"type":"Polygon","coordinates":[[[70.60609853122227,23.660338251509154],[70.55609853122226,23.660338251509154],[70.55609853122226,23.710338251509154],[70.60609853122227,23.710338251509154],[70.60609853122227,23.660338251509154]]]}},{"type":"Feature","properties":{"GRID_CODE":"GJ-KU-RAN-147","DISTRICT":"Kachchh","BLOCK":"Rann of Kachchh"},"geometry":{"type":"Polygon","coordinates":[[[71.20609853122227,24.160338251509154],[71.15609853122227,24.160338251509154],[71.15609853122227,24.210338251509154],[71.20609853122227,24.210338251509154],[71.20609853122227,24.160338251509154]]]}},{"type":"Feature","properties":{"GRID_CODE":"GJ-KU-LIT-192","DISTRICT":"Kachchh","BLOCK":"Little Rann"},"geometry":{"type":"Polygon","coordinates":[[[70.45609853122227,22.860338251509157],[70.40609853122227,22.860338251509157],[70.40609853122227,22.910338251509154],[70.45609853122227,22.910338251509154],[70.45609853122227,22.860338251509157]]]}},{"type":"Feature","properties":{"GRID_CODE":"GJ-KU-COA-002","DISTRICT":"Kachchh","BLOCK":"Coastal Area"},"geometry":{"type":"Polygon","coordinates":[[[70.25609853122227,22.960338251509154],[70.20609853122227,22.960338251509154],[70.20609853122227,23.010338251509155],[70.25609853122227,23.010338251509155],[70.25609853122227,22.960338251509154]]]}},{"type":"Feature","properties":{"GRID_CODE":"GJ-KU-ANJ-033","DISTRICT":"Kachchh","BLOCK":"Anjar"},"geometry":{"type":"Polygon","coordinates":[[[69.85609853122227,23.010338251509155],[69.80609853122226,23.010338251509155],[69.80609853122226,23.060338251509156],[69.85609853122227,23.060338251509156],[69.85609853122227,23.010338251509155]]]}},{"type":"Feature","properties":{"GRID_CODE":"GJ-KU-BHU-129","DISTRICT":"Kachchh","BLOCK":"Bhuj"},"geometry":{"type":"Polygon","coordinates":[[[70.00609853122227,23.260338251509155],[69.95609853122227,23.260338251509155],[69.95609853122227,23.310338251509156],[70.00609853122227,23.310338251509156],[70.00609853122227,23.260338251509155]]]}},{"type":"Feature","properties":{"GRID_CODE":"GJ-KU-MAN-044","DISTRICT":"Kachchh","BLOCK":"Mandvi"},"geometry":{"type":"Polygon","coordinates":[[[69.50609853122227,22.860338251509157],[69.45609853122227,22.860338251509157],[69.45609853122227,22.910338251509154],[69.50609853122227,22.910338251509154],[69.50609853122227,22.860338251509157]]]}},{"type":"Feature","properties":{"GRID_CODE":"GJ-KU-RAP-059","DISTRICT":"Kachchh","BLOCK":"Rapar"},"geometry":{"type":"Polygon","coordinates":[[[70.45609853122227,23.510338251509155],[70.40609853122227,23.510338251509155],[70.40609853122227,23.560338251509156],[70.45609853122227,23.560338251509156],[70.45609853122227,23.510338251509155]]]}},{"type":"Feature","properties":{"GRID_CODE":"GJ-KU-BHU-155","DISTRICT":"Kachchh","BLOCK":"Bhuj"},"geometry":{"type":"Polygon","coordinates":[[[69.65609853122227,23.110338251509157],[69.60609853122227,23.110338251509157],[69.60609853122227,23.160338251509154],[69.65609853122227,23.160338251509154],[69.65609853122227,23.110338251509157]]]}},{"type":"Feature","properties":{"GRID_CODE":"GJ-KU-MAN-021","DISTRICT":"Kachchh","BLOCK":"Mandvi"},"geometry":{"type":"Polygon","coordinates":[[[69.30609853122226,22.960338251509154],[69.25609853122227,22.960338251509154],[69.25609853122227,23.010338251509155],[69.30609853122226,23.010338251509155],[69.30609853122226,22.960338251509154]]]}},{"type":"Feature","properties":{"GRID_CODE":"GJ-KU-ABD-068","DISTRICT":"Kachchh","BLOCK":"Abdasa"},"geometry":{"type":"Polygon","coordinates":[[[69.25609853122227,23.160338251509154],[69.20609853122227,23.160338251509154],[69.20609853122227,23.210338251509154],[69.25609853122227,23.210338251509154],[69.25609853122227,23.160338251509154]]]}},{"type":"Feature","properties":{"GRID_CODE":"GJ-KU-NAK-036","DISTRICT":"Kachchh","BLOCK":"Nakhatrana"},"geometry":{"type":"Polygon","coordinates":[[[69.40609853122227,23.410338251509154],[69.35609853122227,23.410338251509154],[69.35609853122227,23.460338251509154],[69.40609853122227,23.460338251509154],[69.40609853122227,23.410338251509154]]]}},{"type":"Feature","properties":{"GRID_CODE":"GJ-KU-ABD-087","DISTRICT":"Kachchh","BLOCK":"Abdasa"},"geometry":{"type":"Polygon","coordinates":[[[68.90609853122227,23.010338251509155],[68.85609853122227,23.010338251509155],[68.85609853122227,23.060338251509156],[68.90609853122227,23.060338251509156],[68.90609853122227,23.010338251509155]]]}},{"type":"Feature","properties":{"GRID_CODE":"GJ-KU-BHU-052","DISTRICT":"Kachchh","BLOCK":"Bhuj"},"geometry":{"type":"Polygon","coordinates":[[[69.85609853122227,23.660338251509154],[69.80609853122226,23.660338251509154],[69.80609853122226,23.710338251509154],[69.85609853122227,23.710338251509154],[69.85609853122227,23.660338251509154]]]}},{"type":"Feature","properties":{"GRID_CODE":"GJ-KU-ABD-040","DISTRICT":"Kachchh","BLOCK":"Abdasa"},"geometry":{"type":"Polygon","coordinates":[[[69.05609853122226,23.260338251509155],[69.00609853122227,23.260338251509155],[69.00609853122227,23.310338251509156],[69.05609853122226,23.310338251509156],[69.05609853122226,23.260338251509155]]]}},{"type":"Feature","properties":{"GRID_CODE":"GJ-KU-RAN-385","DISTRICT":"Kachchh","BLOCK":"Rann of Kachchh"},"geometry":{"type":"Polygon","coordinates":[[[70.00609853122227,23.910338251509154],[69.95609853122227,23.910338251509154],[69.95609853122227,23.960338251509154],[70.00609853122227,23.960338251509154],[70.00609853122227,23.910338251509154]]]}},{"type":"Feature","properties":{"GRID_CODE":"GJ-KU-LIT-134","DISTRICT":"Kachchh","BLOCK":"Little Rann"},"geometry":{"type":"Polygon","coordinates":[[[70.75609853122227,23.160338251509154],[70.70609853122227,23.160338251509154],[70.70609853122227,23.210338251509154],[70.75609853122227,23.210338251509154],[70.75609853122227,23.160338251509154]]]}},{"type":"Feature","properties":{"GRID_CODE":"GJ-KU-RAN-321","DISTRICT":"Kachchh","BLOCK":"Rann of Kachchh"},"geometry":{"type":"Polygon","coordinates":[[[69.60609853122227,23.960338251509154],[69.55609853122226,23.960338251509154],[69.55609853122226,24.010338251509155],[69.60609853122227,24.010338251509155],[69.60609853122227,23.960338251509154]]]}},{"type":"Feature","properties":{"GRID_CODE":"GJ-KU-LIT-176","DISTRICT":"Kachchh","BLOCK":"Little Rann"},"geometry":{"type":"Polygon","coordinates":[[[70.40609853122227,23.010338251509155],[70.35609853122227,23.010338251509155],[70.35609853122227,23.060338251509156],[70.40609853122227,23.060338251509156],[70.40609853122227,23.010338251509155]]]}},{"type":"Feature","properties":{"GRID_CODE":"GJ-KU-RAN-466","DISTRICT":"Kachchh","BLOCK":"Rann of Kachchh"},"geometry":{"type":"Polygon","coordinates":[[[69.25609853122227,23.810338251509156],[69.20609853122227,23.810338251509156],[69.20609853122227,23.860338251509157],[69.25609853122227,23.860338251509157],[69.25609853122227,23.810338251509156]]]}},{"type":"Feature","properties":{"GRID_CODE":"GJ-KU-RAN-213","DISTRICT":"Kachchh","BLOCK":"Rann of Kachchh"},"geometry":{"type":"Polygon","coordinates":[[[69.40609853122227,24.060338251509156],[69.35609853122227,24.060338251509156],[69.35609853122227,24.110338251509157],[69.40609853122227,24.110338251509157],[69.40609853122227,24.060338251509156]]]}},{"type":"Feature","properties":{"GRID_CODE":"GJ-KU-LAK-024","DISTRICT":"Kachchh","BLOCK":"Lakhpat"},"geometry":{"type":"Polygon","coordinates":[[[68.90609853122227,23.660338251509154],[68.85609853122227,23.660338251509154],[68.85609853122227,23.710338251509154],[68.90609853122227,23.710338251509154],[68.90609853122227,23.660338251509154]]]}},{"type":"Feature","properties":{"GRID_CODE":"GJ-KU-RAN-369","DISTRICT":"Kachchh","BLOCK":"Rann of Kachchh"},"geometry":{"type":"Polygon","coordinates":[[[69.05609853122226,23.910338251509154],[69.00609853122227,23.910338251509154],[69.00609853122227,23.960338251509154],[69.05609853122226,23.960338251509154],[69.05609853122226,23.910338251509154]]]}},{"type":"Feature","properties":{"GRID_CODE":"GJ-KU-RAN-351","DISTRICT":"Kachchh","BLOCK":"Rann of Kachchh"},"geometry":{"type":"Polygon","coordinates":[[[71.10609853122227,23.960338251509154],[71.05609853122226,23.960338251509154],[71.05609853122226,24.010338251509155],[71.10609853122227,24.010338251509155],[71.10609853122227,23.960338251509154]]]}},{"type":"Feature","properties":{"GRID_CODE":"GJ-KU-RAN-155","DISTRICT":"Kachchh","BLOCK":"Rann of Kachchh"},"geometry":{"type":"Polygon","coordinates":[[[69.00609853122227,24.110338251509157],[68.95609853122227,24.110338251509157],[68.95609853122227,24.160338251509154],[69.00609853122227,24.160338251509154],[69.00609853122227,24.110338251509157]]]}},{"type":"Feature","properties":{"GRID_CODE":"GJ-KU-RAP-011","DISTRICT":"Kachchh","BLOCK":"Rapar"},"geometry":{"type":"Polygon","coordinates":[[[70.75609853122227,23.810338251509156],[70.70609853122227,23.810338251509156],[70.70609853122227,23.860338251509157],[70.75609853122227,23.860338251509157],[70.75609853122227,23.810338251509156]]]}},{"type":"Feature","properties":{"GRID_CODE":"GJ-KU-RAN-558","DISTRICT":"Kachchh","BLOCK":"Rann of Kachchh"},"geometry":{"type":"Polygon","coordinates":[[[70.40609853122227,23.660338251509154],[70.35609853122227,23.660338251509154],[70.35609853122227,23.710338251509154],[70.40609853122227,23.710338251509154],[70.40609853122227,23.660338251509154]]]}},{"type":"Feature","properties":{"GRID_CODE":"GJ-KU-RAN-448","DISTRICT":"Kachchh","BLOCK":"Rann of Kachchh"},"geometry":{"type":"Polygon","coordinates":[[[68.30609853122226,23.810338251509156],[68.25609853122227,23.810338251509156],[68.25609853122227,23.860338251509157],[68.30609853122226,23.860338251509157],[68.30609853122226,23.810338251509156]]]}},{"type":"Feature","properties":{"GRID_CODE":"GJ-KU-RAN-185","DISTRICT":"Kachchh","BLOCK":"Rann of Kachchh"},"geometry":{"type":"Polygon","coordinates":[[[70.50609853122227,24.110338251509157],[70.45609853122227,24.110338251509157],[70.45609853122227,24.160338251509154],[70.50609853122227,24.160338251509154],[70.50609853122227,24.110338251509157]]]}},{"type":"Feature","properties":{"GRID_CODE":"GJ-KU-RAN-332","DISTRICT":"Kachchh","BLOCK":"Rann of Kachchh"},"geometry":{"type":"Polygon","coordinates":[[[70.15609853122227,23.960338251509154],[70.10609853122227,23.960338251509154],[70.10609853122227,24.010338251509155],[70.15609853122227,24.010338251509155],[70.15609853122227,23.960338251509154]]]}},{"type":"Feature","properties":{"GRID_CODE":"GJ-KU-RAN-001","DISTRICT":"Kachchh","BLOCK":"Rann of Kachchh"},"geometry":{"type":"Polygon","coordinates":[[[71.10609853122227,24.610338251509157],[71.05609853122226,24.610338251509157],[71.05609853122226,24.660338251509154],[71.10609853122227,24.660338251509154],[71.10609853122227,24.610338251509157]]]}},{"type":"Feature","properties":{"GRID_CODE":"GJ-KU-RAN-166","DISTRICT":"Kachchh","BLOCK":"Rann of Kachchh"},"geometry":{"type":"Polygon","coordinates":[[[69.55609853122226,24.110338251509157],[69.50609853122227,24.110338251509157],[69.50609853122227,24.160338251509154],[69.55609853122226,24.160338251509154],[69.55609853122226,24.110338251509157]]]}},{"type":"Feature","properties":{"GRID_CODE":"GJ-KU-LIT-146","DISTRICT":"Kachchh","BLOCK":"Little Rann"},"geometry":{"type":"Polygon","coordinates":[[[71.50609853122227,23.160338251509154],[71.45609853122227,23.160338251509154],[71.45609853122227,23.210338251509154],[71.50609853122227,23.210338251509154],[71.50609853122227,23.160338251509154]]]}},{"type":"Feature","properties":{"GRID_CODE":"GJ-KU-LIT-045","DISTRICT":"Kachchh","BLOCK":"Little Rann"},"geometry":{"type":"Polygon","coordinates":[[[71.25609853122227,23.460338251509154],[71.20609853122227,23.460338251509154],[71.20609853122227,23.510338251509155],[71.25609853122227,23.510338251509155],[71.25609853122227,23.460338251509154]]]}},{"type":"Feature","properties":{"GRID_CODE":"GJ-KU-LIT-077","DISTRICT":"Kachchh","BLOCK":"Little Rann"},"geometry":{"type":"Polygon","coordinates":[[[70.90609853122227,23.310338251509156],[70.85609853122227,23.310338251509156],[70.85609853122227,23.360338251509157],[70.90609853122227,23.360338251509157],[70.90609853122227,23.310338251509156]]]}},{"type":"Feature","properties":{"GRID_CODE":"GJ-KU-LAK-068","DISTRICT":"Kachchh","BLOCK":"Lakhpat"},"geometry":{"type":"Polygon","coordinates":[[[68.80609853122226,23.460338251509154],[68.75609853122227,23.460338251509154],[68.75609853122227,23.510338251509155],[68.80609853122226,23.510338251509155],[68.80609853122226,23.460338251509154]]]}},{"type":"Feature","properties":{"GRID_CODE":"GJ-KU-COA-013","DISTRICT":"Kachchh","BLOCK":"Coastal Area"},"geometry":{"type":"Polygon","coordinates":[[[69.75609853122227,22.760338251509155],[69.70609853122227,22.760338251509155],[69.70609853122227,22.810338251509156],[69.75609853122227,22.810338251509156],[69.75609853122227,22.760338251509155]]]}},{"type":"Feature","properties":{"GRID_CODE":"GJ-KU-LAK-046","DISTRICT":"Kachchh","BLOCK":"Lakhpat"},"geometry":{"type":"Polygon","coordinates":[[[68.60609853122227,23.560338251509156],[68.55609853122226,23.560338251509156],[68.55609853122226,23.610338251509157],[68.60609853122227,23.610338251509157],[68.60609853122227,23.560338251509156]]]}},{"type":"Feature","properties":{"GRID_CODE":"GJ-KU-RAP-040","DISTRICT":"Kachchh","BLOCK":"Rapar"},"geometry":{"type":"Polygon","coordinates":[[[70.65609853122227,23.610338251509157],[70.60609853122227,23.610338251509157],[70.60609853122227,23.660338251509154],[70.65609853122227,23.660338251509154],[70.65609853122227,23.610338251509157]]]}},{"type":"Feature","properties":{"GRID_CODE":"GJ-KU-MAN-048","DISTRICT":"Kachchh","BLOCK":"Mandvi"},"geometry":{"type":"Polygon","coordinates":[[[69.35609853122227,22.810338251509156],[69.30609853122226,22.810338251509156],[69.30609853122226,22.860338251509157],[69.35609853122227,22.860338251509157],[69.35609853122227,22.810338251509156]]]}},{"type":"Feature","properties":{"GRID_CODE":"GJ-KU-BHA-017","DISTRICT":"Kachchh","BLOCK":"Bhachau"},"geometry":{"type":"Polygon","coordinates":[[[70.30609853122226,23.460338251509154],[70.25609853122227,23.460338251509154],[70.25609853122227,23.510338251509155],[70.30609853122226,23.510338251509155],[70.30609853122226,23.460338251509154]]]}},{"type":"Feature","properties":{"GRID_CODE":"GJ-KU-RAN-200","DISTRICT":"Kachchh","BLOCK":"Rann of Kachchh"},"geometry":{"type":"Polygon","coordinates":[[[71.25609853122227,24.110338251509157],[71.20609853122227,24.110338251509157],[71.20609853122227,24.160338251509154],[71.25609853122227,24.160338251509154],[71.25609853122227,24.110338251509157]]]}},{"type":"Feature","properties":{"GRID_CODE":"GJ-KU-RAN-410","DISTRICT":"Kachchh","BLOCK":"Rann of Kachchh"},"geometry":{"type":"Polygon","coordinates":[[[68.35609853122227,23.860338251509157],[68.30609853122226,23.860338251509157],[68.30609853122226,23.910338251509154],[68.35609853122227,23.910338251509154],[68.35609853122227,23.860338251509157]]]}},{"type":"Feature","properties":{"GRID_CODE":"GJ-KU-BHU-116","DISTRICT":"Kachchh","BLOCK":"Bhuj"},"geometry":{"type":"Polygon","coordinates":[[[69.95609853122227,23.310338251509156],[69.90609853122227,23.310338251509156],[69.90609853122227,23.360338251509157],[69.95609853122227,23.360338251509157],[69.95609853122227,23.310338251509156]]]}},{"type":"Feature","properties":{"GRID_CODE":"GJ-KU-BHU-063","DISTRICT":"Kachchh","BLOCK":"Bhuj"},"geometry":{"type":"Polygon","coordinates":[[[69.70609853122227,23.610338251509157],[69.65609853122227,23.610338251509157],[69.65609853122227,23.660338251509154],[69.70609853122227,23.660338251509154],[69.70609853122227,23.610338251509157]]]}},{"type":"Feature","properties":{"GRID_CODE":"GJ-KU-LIT-088","DISTRICT":"Kachchh","BLOCK":"Little Rann"},"geometry":{"type":"Polygon","coordinates":[[[71.45609853122227,23.310338251509156],[71.40609853122227,23.310338251509156],[71.40609853122227,23.360338251509157],[71.45609853122227,23.360338251509157],[71.45609853122227,23.310338251509156]]]}},{"type":"Feature","properties":{"GRID_CODE":"GJ-KU-NAK-023","DISTRICT":"Kachchh","BLOCK":"Nakhatrana"},"geometry":{"type":"Polygon","coordinates":[[[69.35609853122227,23.460338251509154],[69.30609853122226,23.460338251509154],[69.30609853122226,23.510338251509155],[69.35609853122227,23.510338251509155],[69.35609853122227,23.460338251509154]]]}},{"type":"Feature","properties":{"GRID_CODE":"GJ-KU-LIT-036","DISTRICT":"Kachchh","BLOCK":"Little Rann"},"geometry":{"type":"Polygon","coordinates":[[[71.40609853122227,23.510338251509155],[71.35609853122227,23.510338251509155],[71.35609853122227,23.560338251509156],[71.40609853122227,23.560338251509156],[71.40609853122227,23.510338251509155]]]}},{"type":"Feature","properties":{"GRID_CODE":"GJ-KU-LIT-003","DISTRICT":"Kachchh","BLOCK":"Little Rann"},"geometry":{"type":"Polygon","coordinates":[[[71.20609853122227,23.610338251509157],[71.15609853122227,23.610338251509157],[71.15609853122227,23.660338251509154],[71.20609853122227,23.660338251509154],[71.20609853122227,23.610338251509157]]]}},{"type":"Feature","properties":{"GRID_CODE":"GJ-KU-RAN-498","DISTRICT":"Kachchh","BLOCK":"Rann of Kachchh"},"geometry":{"type":"Polygon","coordinates":[[[69.10609853122227,23.760338251509155],[69.05609853122226,23.760338251509155],[69.05609853122226,23.810338251509156],[69.10609853122227,23.810338251509156],[69.10609853122227,23.760338251509155]]]}},{"type":"Feature","properties":{"GRID_CODE":"GJ-KU-RAN-518","DISTRICT":"Kachchh","BLOCK":"Rann of Kachchh"},"geometry":{"type":"Polygon","coordinates":[[[70.60609853122227,23.760338251509155],[70.55609853122226,23.760338251509155],[70.55609853122226,23.810338251509156],[70.60609853122227,23.810338251509156],[70.60609853122227,23.760338251509155]]]}},{"type":"Feature","properties":{"GRID_CODE":"GJ-KU-RAN-069","DISTRICT":"Kachchh","BLOCK":"Rann of Kachchh"},"geometry":{"type":"Polygon","coordinates":[[[71.20609853122227,24.260338251509155],[71.15609853122227,24.260338251509155],[71.15609853122227,24.310338251509156],[71.20609853122227,24.310338251509156],[71.20609853122227,24.260338251509155]]]}},{"type":"Feature","properties":{"GRID_CODE":"GJ-KU-LIT-184","DISTRICT":"Kachchh","BLOCK":"Little Rann"},"geometry":{"type":"Polygon","coordinates":[[[70.45609853122227,22.960338251509154],[70.40609853122227,22.960338251509154],[70.40609853122227,23.010338251509155],[70.45609853122227,23.010338251509155],[70.45609853122227,22.960338251509154]]]}},{"type":"Feature","properties":{"GRID_CODE":"GJ-KU-LIT-163","DISTRICT":"Kachchh","BLOCK":"Little Rann"},"geometry":{"type":"Polygon","coordinates":[[[70.25609853122227,23.060338251509156],[70.20609853122227,23.060338251509156],[70.20609853122227,23.110338251509157],[70.25609853122227,23.110338251509157],[70.25609853122227,23.060338251509156]]]}},{"type":"Feature","properties":{"GRID_CODE":"GJ-KU-BHU-159","DISTRICT":"Kachchh","BLOCK":"Bhuj"},"geometry":{"type":"Polygon","coordinates":[[[69.85609853122227,23.110338251509157],[69.80609853122226,23.110338251509157],[69.80609853122226,23.160338251509154],[69.85609853122227,23.160338251509154],[69.85609853122227,23.110338251509157]]]}},{"type":"Feature","properties":{"GRID_CODE":"GJ-KU-BHU-104","DISTRICT":"Kachchh","BLOCK":"Bhuj"},"geometry":{"type":"Polygon","coordinates":[[[70.00609853122227,23.360338251509157],[69.95609853122227,23.360338251509157],[69.95609853122227,23.410338251509154],[70.00609853122227,23.410338251509154],[70.00609853122227,23.360338251509157]]]}},{"type":"Feature","properties":{"GRID_CODE":"GJ-KU-MAN-025","DISTRICT":"Kachchh","BLOCK":"Mandvi"},"geometry":{"type":"Polygon","coordinates":[[[69.50609853122227,22.960338251509154],[69.45609853122227,22.960338251509154],[69.45609853122227,23.010338251509155],[69.50609853122227,23.010338251509155],[69.50609853122227,22.960338251509154]]]}},{"type":"Feature","properties":{"GRID_CODE":"GJ-KU-BHU-134","DISTRICT":"Kachchh","BLOCK":"Bhuj"},"geometry":{"type":"Polygon","coordinates":[[[69.65609853122227,23.210338251509154],[69.60609853122227,23.210338251509154],[69.60609853122227,23.260338251509155],[69.65609853122227,23.260338251509155],[69.65609853122227,23.210338251509154]]]}},{"type":"Feature","properties":{"GRID_CODE":"GJ-KU-NAK-056","DISTRICT":"Kachchh","BLOCK":"Nakhatrana"},"geometry":{"type":"Polygon","coordinates":[[[69.25609853122227,23.260338251509155],[69.20609853122227,23.260338251509155],[69.20609853122227,23.310338251509156],[69.25609853122227,23.310338251509156],[69.25609853122227,23.260338251509155]]]}},{"type":"Feature","properties":{"GRID_CODE":"GJ-KU-LIT-023","DISTRICT":"Kachchh","BLOCK":"Little Rann"},"geometry":{"type":"Polygon","coordinates":[[[69.40609853122227,23.510338251509155],[69.35609853122227,23.510338251509155],[69.35609853122227,23.560338251509156],[69.40609853122227,23.560338251509156],[69.40609853122227,23.510338251509155]]]}},{"type":"Feature","properties":{"GRID_CODE":"GJ-KU-ABD-072","DISTRICT":"Kachchh","BLOCK":"Abdasa"},"geometry":{"type":"Polygon","coordinates":[[[68.90609853122227,23.110338251509157],[68.85609853122227,23.110338251509157],[68.85609853122227,23.160338251509154],[68.90609853122227,23.160338251509154],[68.90609853122227,23.110338251509157]]]}},{"type":"Feature","properties":{"GRID_CODE":"GJ-KU-BHU-022","DISTRICT":"Kachchh","BLOCK":"Bhuj"},"geometry":{"type":"Polygon","coordinates":[[[69.85609853122227,23.760338251509155],[69.80609853122226,23.760338251509155],[69.80609853122226,23.810338251509156],[69.85609853122227,23.810338251509156],[69.85609853122227,23.760338251509155]]]}},{"type":"Feature","properties":{"GRID_CODE":"GJ-KU-ABD-019","DISTRICT":"Kachchh","BLOCK":"Abdasa"},"geometry":{"type":"Polygon","coordinates":[[[69.05609853122226,23.360338251509157],[69.00609853122227,23.360338251509157],[69.00609853122227,23.410338251509154],[69.05609853122226,23.410338251509154],[69.05609853122226,23.360338251509157]]]}},{"type":"Feature","properties":{"GRID_CODE":"GJ-KU-RAN-276","DISTRICT":"Kachchh","BLOCK":"Rann of Kachchh"},"geometry":{"type":"Polygon","coordinates":[[[70.00609853122227,24.010338251509155],[69.95609853122227,24.010338251509155],[69.95609853122227,24.060338251509156],[70.00609853122227,24.060338251509156],[70.00609853122227,24.010338251509155]]]}},{"type":"Feature","properties":{"GRID_CODE":"GJ-KU-ABD-045","DISTRICT":"Kachchh","BLOCK":"Abdasa"},"geometry":{"type":"Polygon","coordinates":[[[68.70609853122227,23.210338251509154],[68.65609853122227,23.210338251509154],[68.65609853122227,23.260338251509155],[68.70609853122227,23.260338251509155],[68.70609853122227,23.210338251509154]]]}},{"type":"Feature","properties":{"GRID_CODE":"GJ-KU-BHA-061","DISTRICT":"Kachchh","BLOCK":"Bhachau"},"geometry":{"type":"Polygon","coordinates":[[[70.75609853122227,23.260338251509155],[70.70609853122227,23.260338251509155],[70.70609853122227,23.310338251509156],[70.75609853122227,23.310338251509156],[70.75609853122227,23.260338251509155]]]}},{"type":"Feature","properties":{"GRID_CODE":"GJ-KU-LAK-074","DISTRICT":"Kachchh","BLOCK":"Lakhpat"},"geometry":{"type":"Polygon","coordinates":[[[68.65609853122227,23.410338251509154],[68.60609853122227,23.410338251509154],[68.60609853122227,23.460338251509154],[68.65609853122227,23.460338251509154],[68.65609853122227,23.410338251509154]]]}},{"type":"Feature","properties":{"GRID_CODE":"GJ-KU-RAN-217","DISTRICT":"Kachchh","BLOCK":"Rann of Kachchh"},"geometry":{"type":"Polygon","coordinates":[[[69.60609853122227,24.060338251509156],[69.55609853122226,24.060338251509156],[69.55609853122226,24.110338251509157],[69.60609853122227,24.110338251509157],[69.60609853122227,24.060338251509156]]]}},{"type":"Feature","properties":{"GRID_CODE":"GJ-KU-LIT-153","DISTRICT":"Kachchh","BLOCK":"Little Rann"},"geometry":{"type":"Polygon","coordinates":[[[70.40609853122227,23.110338251509157],[70.35609853122227,23.110338251509157],[70.35609853122227,23.160338251509154],[70.40609853122227,23.160338251509154],[70.40609853122227,23.110338251509157]]]}},{"type":"Feature","properties":{"GRID_CODE":"GJ-KU-RAN-373","DISTRICT":"Kachchh","BLOCK":"Rann of Kachchh"},"geometry":{"type":"Polygon","coordinates":[[[69.25609853122227,23.910338251509154],[69.20609853122227,23.910338251509154],[69.20609853122227,23.960338251509154],[69.25609853122227,23.960338251509154],[69.25609853122227,23.910338251509154]]]}},{"type":"Feature","properties":{"GRID_CODE":"GJ-KU-RAN-118","DISTRICT":"Kachchh","BLOCK":"Rann of Kachchh"},"geometry":{"type":"Polygon","coordinates":[[[69.40609853122227,24.160338251509154],[69.35609853122227,24.160338251509154],[69.35609853122227,24.210338251509154],[69.40609853122227,24.210338251509154],[69.40609853122227,24.160338251509154]]]}},{"type":"Feature","properties":{"GRID_CODE":"GJ-KU-BHU-094","DISTRICT":"Kachchh","BLOCK":"Bhuj"},"geometry":{"type":"Polygon","coordinates":[[[70.15609853122227,23.410338251509154],[70.10609853122227,23.410338251509154],[70.10609853122227,23.460338251509154],[70.15609853122227,23.460338251509154],[70.15609853122227,23.410338251509154]]]}},{"type":"Feature","properties":{"GRID_CODE":"GJ-KU-RAN-247","DISTRICT":"Kachchh","BLOCK":"Rann of Kachchh"},"geometry":{"type":"Polygon","coordinates":[[[71.10609853122227,24.060338251509156],[71.05609853122226,24.060338251509156],[71.05609853122226,24.110338251509157],[71.10609853122227,24.110338251509157],[71.10609853122227,24.060338251509156]]]}},{"type":"Feature","properties":{"GRID_CODE":"GJ-KU-RAN-397","DISTRICT":"Kachchh","BLOCK":"Rann of Kachchh"},"geometry":{"type":"Polygon","coordinates":[[[70.75609853122227,23.910338251509154],[70.70609853122227,23.910338251509154],[70.70609853122227,23.960338251509154],[70.75609853122227,23.960338251509154],[70.75609853122227,23.910338251509154]]]}},{"type":"Feature","properties":{"GRID_CODE":"GJ-KU-RAN-095","DISTRICT":"Kachchh","BLOCK":"Rann of Kachchh"},"geometry":{"type":"Polygon","coordinates":[[[70.50609853122227,24.210338251509154],[70.45609853122227,24.210338251509154],[70.45609853122227,24.260338251509155],[70.50609853122227,24.260338251509155],[70.50609853122227,24.210338251509154]]]}},{"type":"Feature","properties":{"GRID_CODE":"GJ-KU-RAN-228","DISTRICT":"Kachchh","BLOCK":"Rann of Kachchh"},"geometry":{"type":"Polygon","coordinates":[[[70.15609853122227,24.060338251509156],[70.10609853122227,24.060338251509156],[70.10609853122227,24.110338251509157],[70.15609853122227,24.110338251509157],[70.15609853122227,24.060338251509156]]]}},{"type":"Feature","properties":{"GRID_CODE":"GJ-KU-RAN-085","DISTRICT":"Kachchh","BLOCK":"Rann of Kachchh"},"geometry":{"type":"Polygon","coordinates":[[[69.55609853122226,24.210338251509154],[69.50609853122227,24.210338251509154],[69.50609853122227,24.260338251509155],[69.55609853122226,24.260338251509155],[69.55609853122226,24.210338251509154]]]}},{"type":"Feature","properties":{"GRID_CODE":"GJ-KU-MAN-038","DISTRICT":"Kachchh","BLOCK":"Mandvi"},"geometry":{"type":"Polygon","coordinates":[[[69.20609853122227,22.860338251509157],[69.15609853122227,22.860338251509157],[69.15609853122227,22.910338251509154],[69.20609853122227,22.910338251509154],[69.20609853122227,22.860338251509157]]]}},{"type":"Feature","properties":{"GRID_CODE":"GJ-KU-LIT-018","DISTRICT":"Kachchh","BLOCK":"Little Rann"},"geometry":{"type":"Polygon","coordinates":[[[71.25609853122227,23.560338251509156],[71.20609853122227,23.560338251509156],[71.20609853122227,23.610338251509157],[71.25609853122227,23.610338251509157],[71.25609853122227,23.560338251509156]]]}},{"type":"Feature","properties":{"GRID_CODE":"GJ-KU-RAP-089","DISTRICT":"Kachchh","BLOCK":"Rapar"},"geometry":{"type":"Polygon","coordinates":[[[70.90609853122227,23.410338251509154],[70.85609853122227,23.410338251509154],[70.85609853122227,23.460338251509154],[70.90609853122227,23.460338251509154],[70.90609853122227,23.410338251509154]]]}},{"type":"Feature","properties":{"GRID_CODE":"GJ-KU-LAK-050","DISTRICT":"Kachchh","BLOCK":"Lakhpat"},"geometry":{"type":"Polygon","coordinates":[[[68.80609853122226,23.560338251509156],[68.75609853122227,23.560338251509156],[68.75609853122227,23.610338251509157],[68.80609853122226,23.610338251509157],[68.80609853122226,23.560338251509156]]]}},{"type":"Feature","properties":{"GRID_CODE":"GJ-KU-MUN-021","DISTRICT":"Kachchh","BLOCK":"Mundra"},"geometry":{"type":"Polygon","coordinates":[[[69.75609853122227,22.860338251509157],[69.70609853122227,22.860338251509157],[69.70609853122227,22.910338251509154],[69.75609853122227,22.910338251509154],[69.75609853122227,22.860338251509157]]]}},{"type":"Feature","properties":{"GRID_CODE":"GJ-KU-LAK-018","DISTRICT":"Kachchh","BLOCK":"Lakhpat"},"geometry":{"type":"Polygon","coordinates":[[[68.60609853122227,23.660338251509154],[68.55609853122226,23.660338251509154],[68.55609853122226,23.710338251509154],[68.60609853122227,23.710338251509154],[68.60609853122227,23.660338251509154]]]}},{"type":"Feature","properties":{"GRID_CODE":"GJ-KU-RAP-023","DISTRICT":"Kachchh","BLOCK":"Rapar"},"geometry":{"type":"Polygon","coordinates":[[[70.65609853122227,23.710338251509154],[70.60609853122227,23.710338251509154],[70.60609853122227,23.760338251509155],[70.65609853122227,23.760338251509155],[70.65609853122227,23.710338251509154]]]}},{"type":"Feature","properties":{"GRID_CODE":"GJ-KU-RAN-414","DISTRICT":"Kachchh","BLOCK":"Rann of Kachchh"},"geometry":{"type":"Polygon","coordinates":[[[68.55609853122226,23.860338251509157],[68.50609853122227,23.860338251509157],[68.50609853122227,23.910338251509154],[68.55609853122226,23.910338251509154],[68.55609853122226,23.860338251509157]]]}},{"type":"Feature","properties":{"GRID_CODE":"GJ-KU-MAN-032","DISTRICT":"Kachchh","BLOCK":"Mandvi"},"geometry":{"type":"Polygon","coordinates":[[[69.35609853122227,22.910338251509154],[69.30609853122226,22.910338251509154],[69.30609853122226,22.960338251509154],[69.35609853122227,22.960338251509154],[69.35609853122227,22.910338251509154]]]}},{"type":"Feature","properties":{"GRID_CODE":"GJ-KU-RAN-584","DISTRICT":"Kachchh","BLOCK":"Rann of Kachchh"},"geometry":{"type":"Polygon","coordinates":[[[70.30609853122226,23.560338251509156],[70.25609853122227,23.560338251509156],[70.25609853122227,23.610338251509157],[70.30609853122226,23.610338251509157],[70.30609853122226,23.560338251509156]]]}},{"type":"Feature","properties":{"GRID_CODE":"GJ-KU-RAN-438","DISTRICT":"Kachchh","BLOCK":"Rann of Kachchh"},"geometry":{"type":"Polygon","coordinates":[[[70.05609853122226,23.860338251509157],[70.00609853122227,23.860338251509157],[70.00609853122227,23.910338251509154],[70.05609853122226,23.910338251509154],[70.05609853122226,23.860338251509157]]]}},{"type":"Feature","properties":{"GRID_CODE":"GJ-KU-BHU-034","DISTRICT":"Kachchh","BLOCK":"Bhuj"},"geometry":{"type":"Polygon","coordinates":[[[69.70609853122227,23.710338251509154],[69.65609853122227,23.710338251509154],[69.65609853122227,23.760338251509155],[69.70609853122227,23.760338251509155],[69.70609853122227,23.710338251509154]]]}},{"type":"Feature","properties":{"GRID_CODE":"GJ-KU-LIT-008","DISTRICT":"Kachchh","BLOCK":"Little Rann"},"geometry":{"type":"Polygon","coordinates":[[[69.35609853122227,23.560338251509156],[69.30609853122226,23.560338251509156],[69.30609853122226,23.610338251509157],[69.35609853122227,23.610338251509157],[69.35609853122227,23.560338251509156]]]}},{"type":"Feature","properties":{"GRID_CODE":"GJ-KU-LIT-001","DISTRICT":"Kachchh","BLOCK":"Little Rann"},"geometry":{"type":"Polygon","coordinates":[[[71.20609853122227,23.710338251509154],[71.15609853122227,23.710338251509154],[71.15609853122227,23.760338251509155],[71.20609853122227,23.760338251509155],[71.20609853122227,23.710338251509154]]]}},{"type":"Feature","properties":{"GRID_CODE":"GJ-KU-RAN-425","DISTRICT":"Kachchh","BLOCK":"Rann of Kachchh"},"geometry":{"type":"Polygon","coordinates":[[[69.10609853122227,23.860338251509157],[69.05609853122226,23.860338251509157],[69.05609853122226,23.910338251509154],[69.10609853122227,23.910338251509154],[69.10609853122227,23.860338251509157]]]}},{"type":"Feature","properties":{"GRID_CODE":"GJ-KU-RAP-003","DISTRICT":"Kachchh","BLOCK":"Rapar"},"geometry":{"type":"Polygon","coordinates":[[[70.60609853122227,23.860338251509157],[70.55609853122226,23.860338251509157],[70.55609853122226,23.910338251509154],[70.60609853122227,23.910338251509154],[70.60609853122227,23.860338251509157]]]}},{"type":"Feature","properties":{"GRID_CODE":"GJ-KU-RAN-006","DISTRICT":"Kachchh","BLOCK":"Rann of Kachchh"},"geometry":{"type":"Polygon","coordinates":[[[71.15609853122227,24.560338251509156],[71.10609853122227,24.560338251509156],[71.10609853122227,24.610338251509157],[71.15609853122227,24.610338251509157],[71.15609853122227,24.560338251509156]]]}},{"type":"Feature","properties":{"GRID_CODE":"GJ-KU-LIT-167","DISTRICT":"Kachchh","BLOCK":"Little Rann"},"geometry":{"type":"Polygon","coordinates":[[[70.45609853122227,23.060338251509156],[70.40609853122227,23.060338251509156],[70.40609853122227,23.110338251509157],[70.45609853122227,23.110338251509157],[70.45609853122227,23.060338251509156]]]}},{"type":"Feature","properties":{"GRID_CODE":"GJ-KU-BHU-138","DISTRICT":"Kachchh","BLOCK":"Bhuj"},"geometry":{"type":"Polygon","coordinates":[[[69.85609853122227,23.210338251509154],[69.80609853122226,23.210338251509154],[69.80609853122226,23.260338251509155],[69.85609853122227,23.260338251509155],[69.85609853122227,23.210338251509154]]]}},{"type":"Feature","properties":{"GRID_CODE":"GJ-KU-RAN-591","DISTRICT":"Kachchh","BLOCK":"Rann of Kachchh"},"geometry":{"type":"Polygon","coordinates":[[[70.00609853122227,23.460338251509154],[69.95609853122227,23.460338251509154],[69.95609853122227,23.510338251509155],[70.00609853122227,23.510338251509155],[70.00609853122227,23.460338251509154]]]}},{"type":"Feature","properties":{"GRID_CODE":"GJ-KU-BHU-160","DISTRICT":"Kachchh","BLOCK":"Bhuj"},"geometry":{"type":"Polygon","coordinates":[[[69.50609853122227,23.060338251509156],[69.45609853122227,23.060338251509156],[69.45609853122227,23.110338251509157],[69.50609853122227,23.110338251509157],[69.50609853122227,23.060338251509156]]]}},{"type":"Feature","properties":{"GRID_CODE":"GJ-KU-BHU-110","DISTRICT":"Kachchh","BLOCK":"Bhuj"},"geometry":{"type":"Polygon","coordinates":[[[69.65609853122227,23.310338251509156],[69.60609853122227,23.310338251509156],[69.60609853122227,23.360338251509157],[69.65609853122227,23.360338251509157],[69.65609853122227,23.310338251509156]]]}},{"type":"Feature","properties":{"GRID_CODE":"GJ-KU-LIT-026","DISTRICT":"Kachchh","BLOCK":"Little Rann"},"geometry":{"type":"Polygon","coordinates":[[[69.60609853122227,23.510338251509155],[69.55609853122226,23.510338251509155],[69.55609853122226,23.560338251509156],[69.60609853122227,23.560338251509156],[69.60609853122227,23.510338251509155]]]}},{"type":"Feature","properties":{"GRID_CODE":"GJ-KU-LIT-122","DISTRICT":"Kachchh","BLOCK":"Little Rann"},"geometry":{"type":"Polygon","coordinates":[[[71.35609853122227,23.210338251509154],[71.30609853122226,23.210338251509154],[71.30609853122226,23.260338251509155],[71.35609853122227,23.260338251509155],[71.35609853122227,23.210338251509154]]]}},{"type":"Feature","properties":{"GRID_CODE":"GJ-KU-NAK-044","DISTRICT":"Kachchh","BLOCK":"Nakhatrana"},"geometry":{"type":"Polygon","coordinates":[[[69.25609853122227,23.360338251509157],[69.20609853122227,23.360338251509157],[69.20609853122227,23.410338251509154],[69.25609853122227,23.410338251509154],[69.25609853122227,23.360338251509157]]]}},{"type":"Feature","properties":{"GRID_CODE":"GJ-KU-BHU-057","DISTRICT":"Kachchh","BLOCK":"Bhuj"},"geometry":{"type":"Polygon","coordinates":[[[69.40609853122227,23.610338251509157],[69.35609853122227,23.610338251509157],[69.35609853122227,23.660338251509154],[69.40609853122227,23.660338251509154],[69.40609853122227,23.610338251509157]]]}},{"type":"Feature","properties":{"GRID_CODE":"GJ-KU-ABD-049","DISTRICT":"Kachchh","BLOCK":"Abdasa"},"geometry":{"type":"Polygon","coordinates":[[[68.90609853122227,23.210338251509154],[68.85609853122227,23.210338251509154],[68.85609853122227,23.260338251509155],[68.90609853122227,23.260338251509155],[68.90609853122227,23.210338251509154]]]}},{"type":"Feature","properties":{"GRID_CODE":"GJ-KU-NAK-017","DISTRICT":"Kachchh","BLOCK":"Nakhatrana"},"geometry":{"type":"Polygon","coordinates":[[[69.05609853122226,23.460338251509154],[69.00609853122227,23.460338251509154],[69.00609853122227,23.510338251509155],[69.05609853122226,23.510338251509155],[69.05609853122226,23.460338251509154]]]}},{"type":"Feature","properties":{"GRID_CODE":"GJ-KU-RAP-072","DISTRICT":"Kachchh","BLOCK":"Rapar"},"geometry":{"type":"Polygon","coordinates":[[[71.10609853122227,23.510338251509155],[71.05609853122226,23.510338251509155],[71.05609853122226,23.560338251509156],[71.10609853122227,23.560338251509156],[71.10609853122227,23.510338251509155]]]}},{"type":"Feature","properties":{"GRID_CODE":"GJ-KU-RAP-093","DISTRICT":"Kachchh","BLOCK":"Rapar"},"geometry":{"type":"Polygon","coordinates":[[[70.75609853122227,23.360338251509157],[70.70609853122227,23.360338251509157],[70.70609853122227,23.410338251509154],[70.75609853122227,23.410338251509154],[70.75609853122227,23.360338251509157]]]}},{"type":"Feature","properties":{"GRID_CODE":"GJ-KU-LAK-057","DISTRICT":"Kachchh","BLOCK":"Lakhpat"},"geometry":{"type":"Polygon","coordinates":[[[68.65609853122227,23.510338251509155],[68.60609853122227,23.510338251509155],[68.60609853122227,23.560338251509156],[68.65609853122227,23.560338251509156],[68.65609853122227,23.510338251509155]]]}},{"type":"Feature","properties":{"GRID_CODE":"GJ-KU-RAN-122","DISTRICT":"Kachchh","BLOCK":"Rann of Kachchh"},"geometry":{"type":"Polygon","coordinates":[[[69.60609853122227,24.160338251509154],[69.55609853122226,24.160338251509154],[69.55609853122226,24.210338251509154],[69.60609853122227,24.210338251509154],[69.60609853122227,24.160338251509154]]]}},{"type":"Feature","properties":{"GRID_CODE":"GJ-KU-BHA-065","DISTRICT":"Kachchh","BLOCK":"Bhachau"},"geometry":{"type":"Polygon","coordinates":[[[70.40609853122227,23.210338251509154],[70.35609853122227,23.210338251509154],[70.35609853122227,23.260338251509155],[70.40609853122227,23.260338251509155],[70.40609853122227,23.210338251509154]]]}},{"type":"Feature","properties":{"GRID_CODE":"GJ-KU-RAN-261","DISTRICT":"Kachchh","BLOCK":"Rann of Kachchh"},"geometry":{"type":"Polygon","coordinates":[[[69.25609853122227,24.010338251509155],[69.20609853122227,24.010338251509155],[69.20609853122227,24.060338251509156],[69.25609853122227,24.060338251509156],[69.25609853122227,24.010338251509155]]]}},{"type":"Feature","properties":{"GRID_CODE":"GJ-KU-RAN-587","DISTRICT":"Kachchh","BLOCK":"Rann of Kachchh"},"geometry":{"type":"Polygon","coordinates":[[[70.15609853122227,23.510338251509155],[70.10609853122227,23.510338251509155],[70.10609853122227,23.560338251509156],[70.15609853122227,23.560338251509156],[70.15609853122227,23.510338251509155]]]}},{"type":"Feature","properties":{"GRID_CODE":"GJ-KU-RAN-145","DISTRICT":"Kachchh","BLOCK":"Rann of Kachchh"},"geometry":{"type":"Polygon","coordinates":[[[71.10609853122227,24.160338251509154],[71.05609853122226,24.160338251509154],[71.05609853122226,24.210338251509154],[71.10609853122227,24.210338251509154],[71.10609853122227,24.160338251509154]]]}},{"type":"Feature","properties":{"GRID_CODE":"GJ-KU-RAN-291","DISTRICT":"Kachchh","BLOCK":"Rann of Kachchh"},"geometry":{"type":"Polygon","coordinates":[[[70.75609853122227,24.010338251509155],[70.70609853122227,24.010338251509155],[70.70609853122227,24.060338251509156],[70.75609853122227,24.060338251509156],[70.75609853122227,24.010338251509155]]]}},{"type":"Feature","properties":{"GRID_CODE":"GJ-KU-BHU-046","DISTRICT":"Kachchh","BLOCK":"Bhuj"},"geometry":{"type":"Polygon","coordinates":[[[69.55609853122226,23.660338251509154],[69.50609853122227,23.660338251509154],[69.50609853122227,23.710338251509154],[69.55609853122226,23.710338251509154],[69.55609853122226,23.660338251509154]]]}},{"type":"Feature","properties":{"GRID_CODE":"GJ-KU-RAN-041","DISTRICT":"Kachchh","BLOCK":"Rann of Kachchh"},"geometry":{"type":"Polygon","coordinates":[[[70.50609853122227,24.310338251509156],[70.45609853122227,24.310338251509156],[70.45609853122227,24.360338251509157],[70.50609853122227,24.360338251509157],[70.50609853122227,24.310338251509156]]]}},{"type":"Feature","properties":{"GRID_CODE":"GJ-KU-RAN-126","DISTRICT":"Kachchh","BLOCK":"Rann of Kachchh"},"geometry":{"type":"Polygon","coordinates":[[[70.15609853122227,24.160338251509154],[70.10609853122227,24.160338251509154],[70.10609853122227,24.210338251509154],[70.15609853122227,24.210338251509154],[70.15609853122227,24.160338251509154]]]}},{"type":"Feature","properties":{"GRID_CODE":"GJ-KU-MUN-030","DISTRICT":"Kachchh","BLOCK":"Mundra"},"geometry":{"type":"Polygon","coordinates":[[[69.80609853122226,22.810338251509156],[69.75609853122227,22.810338251509156],[69.75609853122227,22.860338251509157],[69.80609853122226,22.860338251509157],[69.80609853122226,22.810338251509156]]]}},{"type":"Feature","properties":{"GRID_CODE":"GJ-KU-MAN-019","DISTRICT":"Kachchh","BLOCK":"Mandvi"},"geometry":{"type":"Polygon","coordinates":[[[69.20609853122227,22.960338251509154],[69.15609853122227,22.960338251509154],[69.15609853122227,23.010338251509155],[69.20609853122227,23.010338251509155],[69.20609853122227,22.960338251509154]]]}},{"type":"Feature","properties":{"GRID_CODE":"GJ-KU-LIT-174","DISTRICT":"Kachchh","BLOCK":"Little Rann"},"geometry":{"type":"Polygon","coordinates":[[[70.30609853122226,23.010338251509155],[70.25609853122227,23.010338251509155],[70.25609853122227,23.060338251509156],[70.30609853122226,23.060338251509156],[70.30609853122226,23.010338251509155]]]}},{"type":"Feature","properties":{"GRID_CODE":"GJ-KU-COA-006","DISTRICT":"Kachchh","BLOCK":"Coastal Area"},"geometry":{"type":"Polygon","coordinates":[[[69.95609853122227,22.860338251509157],[69.90609853122227,22.860338251509157],[69.90609853122227,22.910338251509154],[69.95609853122227,22.910338251509154],[69.95609853122227,22.860338251509157]]]}},{"type":"Feature","properties":{"GRID_CODE":"GJ-KU-LAK-022","DISTRICT":"Kachchh","BLOCK":"Lakhpat"},"geometry":{"type":"Polygon","coordinates":[[[68.80609853122226,23.660338251509154],[68.75609853122227,23.660338251509154],[68.75609853122227,23.710338251509154],[68.80609853122226,23.710338251509154],[68.80609853122226,23.660338251509154]]]}},{"type":"Feature","properties":{"GRID_CODE":"GJ-KU-BHU-147","DISTRICT":"Kachchh","BLOCK":"Bhuj"},"geometry":{"type":"Polygon","coordinates":[[[69.70609853122227,23.160338251509154],[69.65609853122227,23.160338251509154],[69.65609853122227,23.210338251509154],[69.70609853122227,23.210338251509154],[69.70609853122227,23.160338251509154]]]}},{"type":"Feature","properties":{"GRID_CODE":"GJ-KU-RAP-009","DISTRICT":"Kachchh","BLOCK":"Rapar"},"geometry":{"type":"Polygon","coordinates":[[[70.65609853122227,23.810338251509156],[70.60609853122227,23.810338251509156],[70.60609853122227,23.860338251509157],[70.65609853122227,23.860338251509157],[70.65609853122227,23.810338251509156]]]}},{"type":"Feature","properties":{"GRID_CODE":"GJ-KU-MAN-013","DISTRICT":"Kachchh","BLOCK":"Mandvi"},"geometry":{"type":"Polygon","coordinates":[[[69.35609853122227,23.010338251509155],[69.30609853122226,23.010338251509155],[69.30609853122226,23.060338251509156],[69.35609853122227,23.060338251509156],[69.35609853122227,23.010338251509155]]]}},{"type":"Feature","properties":{"GRID_CODE":"GJ-KU-RAN-556","DISTRICT":"Kachchh","BLOCK":"Rann of Kachchh"},"geometry":{"type":"Polygon","coordinates":[[[70.30609853122226,23.660338251509154],[70.25609853122227,23.660338251509154],[70.25609853122227,23.710338251509154],[70.30609853122226,23.710338251509154],[70.30609853122226,23.660338251509154]]]}},{"type":"Feature","properties":{"GRID_CODE":"GJ-KU-RAN-330","DISTRICT":"Kachchh","BLOCK":"Rann of Kachchh"},"geometry":{"type":"Polygon","coordinates":[[[70.05609853122226,23.960338251509154],[70.00609853122227,23.960338251509154],[70.00609853122227,24.010338251509155],[70.05609853122226,24.010338251509155],[70.05609853122226,23.960338251509154]]]}},{"type":"Feature","properties":{"GRID_CODE":"GJ-KU-RAN-475","DISTRICT":"Kachchh","BLOCK":"Rann of Kachchh"},"geometry":{"type":"Polygon","coordinates":[[[69.70609853122227,23.810338251509156],[69.65609853122227,23.810338251509156],[69.65609853122227,23.860338251509157],[69.70609853122227,23.860338251509157],[69.70609853122227,23.810338251509156]]]}},{"type":"Feature","properties":{"GRID_CODE":"GJ-KU-RAN-164","DISTRICT":"Kachchh","BLOCK":"Rann of Kachchh"},"geometry":{"type":"Polygon","coordinates":[[[69.45609853122227,24.110338251509157],[69.40609853122227,24.110338251509157],[69.40609853122227,24.160338251509154],[69.45609853122227,24.160338251509154],[69.45609853122227,24.110338251509157]]]}},{"type":"Feature","properties":{"GRID_CODE":"GJ-KU-RAN-311","DISTRICT":"Kachchh","BLOCK":"Rann of Kachchh"},"geometry":{"type":"Polygon","coordinates":[[[69.10609853122227,23.960338251509154],[69.05609853122226,23.960338251509154],[69.05609853122226,24.010338251509155],[69.10609853122227,24.010338251509155],[69.10609853122227,23.960338251509154]]]}},{"type":"Feature","properties":{"GRID_CODE":"GJ-KU-RAP-007","DISTRICT":"Kachchh","BLOCK":"Rapar"},"geometry":{"type":"Polygon","coordinates":[[[70.80609853122226,23.860338251509157],[70.75609853122227,23.860338251509157],[70.75609853122227,23.910338251509154],[70.80609853122226,23.910338251509154],[70.80609853122226,23.860338251509157]]]}},{"type":"Feature","properties":{"GRID_CODE":"GJ-KU-RAN-194","DISTRICT":"Kachchh","BLOCK":"Rann of Kachchh"},"geometry":{"type":"Polygon","coordinates":[[[70.95609853122227,24.110338251509157],[70.90609853122227,24.110338251509157],[70.90609853122227,24.160338251509154],[70.95609853122227,24.160338251509154],[70.95609853122227,24.110338251509157]]]}},{"type":"Feature","properties":{"GRID_CODE":"GJ-KU-RAN-037","DISTRICT":"Kachchh","BLOCK":"Rann of Kachchh"},"geometry":{"type":"Polygon","coordinates":[[[71.40609853122227,24.360338251509157],[71.35609853122227,24.360338251509157],[71.35609853122227,24.410338251509154],[71.40609853122227,24.410338251509154],[71.40609853122227,24.360338251509157]]]}},{"type":"Feature","properties":{"GRID_CODE":"GJ-KU-RAN-341","DISTRICT":"Kachchh","BLOCK":"Rann of Kachchh"},"geometry":{"type":"Polygon","coordinates":[[[70.60609853122227,23.960338251509154],[70.55609853122226,23.960338251509154],[70.55609853122226,24.010338251509155],[70.60609853122227,24.010338251509155],[70.60609853122227,23.960338251509154]]]}},{"type":"Feature","properties":{"GRID_CODE":"GJ-KU-ANJ-043","DISTRICT":"Kachchh","BLOCK":"Anjar"},"geometry":{"type":"Polygon","coordinates":[[[70.00609853122227,22.910338251509154],[69.95609853122227,22.910338251509154],[69.95609853122227,22.960338251509154],[70.00609853122227,22.960338251509154],[70.00609853122227,22.910338251509154]]]}},{"type":"Feature","properties":{"GRID_CODE":"GJ-KU-LIT-131","DISTRICT":"Kachchh","BLOCK":"Little Rann"},"geometry":{"type":"Polygon","coordinates":[[[70.45609853122227,23.160338251509154],[70.40609853122227,23.160338251509154],[70.40609853122227,23.210338251509154],[70.45609853122227,23.210338251509154],[70.45609853122227,23.160338251509154]]]}},{"type":"Feature","properties":{"GRID_CODE":"GJ-KU-COA-011","DISTRICT":"Kachchh","BLOCK":"Coastal Area"},"geometry":{"type":"Polygon","coordinates":[[[69.65609853122227,22.760338251509155],[69.60609853122227,22.760338251509155],[69.60609853122227,22.810338251509156],[69.65609853122227,22.810338251509156],[69.65609853122227,22.760338251509155]]]}},{"type":"Feature","properties":{"GRID_CODE":"GJ-KU-MAN-046","DISTRICT":"Kachchh","BLOCK":"Mandvi"},"geometry":{"type":"Polygon","coordinates":[[[69.25609853122227,22.810338251509156],[69.20609853122227,22.810338251509156],[69.20609853122227,22.860338251509157],[69.25609853122227,22.860338251509157],[69.25609853122227,22.810338251509156]]]}},{"type":"Feature","properties":{"GRID_CODE":"GJ-KU-MAN-007","DISTRICT":"Kachchh","BLOCK":"Mandvi"},"geometry":{"type":"Polygon","coordinates":[[[69.40609853122227,23.060338251509156],[69.35609853122227,23.060338251509156],[69.35609853122227,23.110338251509157],[69.40609853122227,23.110338251509157],[69.40609853122227,23.060338251509156]]]}},{"type":"Feature","properties":{"GRID_CODE":"GJ-KU-BHU-114","DISTRICT":"Kachchh","BLOCK":"Bhuj"},"geometry":{"type":"Polygon","coordinates":[[[69.85609853122227,23.310338251509156],[69.80609853122226,23.310338251509156],[69.80609853122226,23.360338251509157],[69.85609853122227,23.360338251509157],[69.85609853122227,23.310338251509156]]]}},{"type":"Feature","properties":{"GRID_CODE":"GJ-KU-MAN-026","DISTRICT":"Kachchh","BLOCK":"Mandvi"},"geometry":{"type":"Polygon","coordinates":[[[69.05609853122226,22.910338251509154],[69.00609853122227,22.910338251509154],[69.00609853122227,22.960338251509154],[69.05609853122226,22.960338251509154],[69.05609853122226,22.910338251509154]]]}},{"type":"Feature","properties":{"GRID_CODE":"GJ-KU-RAN-579","DISTRICT":"Kachchh","BLOCK":"Rann of Kachchh"},"geometry":{"type":"Polygon","coordinates":[[[70.00609853122227,23.560338251509156],[69.95609853122227,23.560338251509156],[69.95609853122227,23.610338251509157],[70.00609853122227,23.610338251509157],[70.00609853122227,23.560338251509156]]]}},{"type":"Feature","properties":{"GRID_CODE":"GJ-KU-BHU-061","DISTRICT":"Kachchh","BLOCK":"Bhuj"},"geometry":{"type":"Polygon","coordinates":[[[69.60609853122227,23.610338251509157],[69.55609853122226,23.610338251509157],[69.55609853122226,23.660338251509154],[69.60609853122227,23.660338251509154],[69.60609853122227,23.610338251509157]]]}},{"type":"Feature","properties":{"GRID_CODE":"GJ-KU-LIT-086","DISTRICT":"Kachchh","BLOCK":"Little Rann"},"geometry":{"type":"Polygon","coordinates":[[[71.35609853122227,23.310338251509156],[71.30609853122226,23.310338251509156],[71.30609853122226,23.360338251509157],[71.35609853122227,23.360338251509157],[71.35609853122227,23.310338251509156]]]}},{"type":"Feature","properties":{"GRID_CODE":"GJ-KU-NAK-021","DISTRICT":"Kachchh","BLOCK":"Nakhatrana"},"geometry":{"type":"Polygon","coordinates":[[[69.25609853122227,23.460338251509154],[69.20609853122227,23.460338251509154],[69.20609853122227,23.510338251509155],[69.25609853122227,23.510338251509155],[69.25609853122227,23.460338251509154]]]}},{"type":"Feature","properties":{"GRID_CODE":"GJ-KU-BHU-028","DISTRICT":"Kachchh","BLOCK":"Bhuj"},"geometry":{"type":"Polygon","coordinates":[[[69.40609853122227,23.710338251509154],[69.35609853122227,23.710338251509154],[69.35609853122227,23.760338251509155],[69.40609853122227,23.760338251509155],[69.40609853122227,23.710338251509154]]]}},{"type":"Feature","properties":{"GRID_CODE":"GJ-KU-ABD-025","DISTRICT":"Kachchh","BLOCK":"Abdasa"},"geometry":{"type":"Polygon","coordinates":[[[68.90609853122227,23.310338251509156],[68.85609853122227,23.310338251509156],[68.85609853122227,23.360338251509157],[68.90609853122227,23.360338251509157],[68.90609853122227,23.310338251509156]]]}},{"type":"Feature","properties":{"GRID_CODE":"GJ-KU-NAK-003","DISTRICT":"Kachchh","BLOCK":"Nakhatrana"},"geometry":{"type":"Polygon","coordinates":[[[69.05609853122226,23.560338251509156],[69.00609853122227,23.560338251509156],[69.00609853122227,23.610338251509157],[69.05609853122226,23.610338251509157],[69.05609853122226,23.560338251509156]]]}},{"type":"Feature","properties":{"GRID_CODE":"GJ-KU-RAN-496","DISTRICT":"Kachchh","BLOCK":"Rann of Kachchh"},"geometry":{"type":"Polygon","coordinates":[[[69.00609853122227,23.760338251509155],[68.95609853122227,23.760338251509155],[68.95609853122227,23.810338251509156],[69.00609853122227,23.810338251509156],[69.00609853122227,23.760338251509155]]]}},{"type":"Feature","properties":{"GRID_CODE":"GJ-KU-RAP-076","DISTRICT":"Kachchh","BLOCK":"Rapar"},"geometry":{"type":"Polygon","coordinates":[[[70.75609853122227,23.460338251509154],[70.70609853122227,23.460338251509154],[70.70609853122227,23.510338251509155],[70.75609853122227,23.510338251509155],[70.75609853122227,23.460338251509154]]]}},{"type":"Feature","properties":{"GRID_CODE":"GJ-KU-LAK-033","DISTRICT":"Kachchh","BLOCK":"Lakhpat"},"geometry":{"type":"Polygon","coordinates":[[[68.65609853122227,23.610338251509157],[68.60609853122227,23.610338251509157],[68.60609853122227,23.660338251509154],[68.65609853122227,23.660338251509154],[68.65609853122227,23.610338251509157]]]}},{"type":"Feature","properties":{"GRID_CODE":"GJ-KU-BHA-043","DISTRICT":"Kachchh","BLOCK":"Bhachau"},"geometry":{"type":"Polygon","coordinates":[[[70.40609853122227,23.310338251509156],[70.35609853122227,23.310338251509156],[70.35609853122227,23.360338251509157],[70.40609853122227,23.360338251509157],[70.40609853122227,23.310338251509156]]]}},{"type":"Feature","properties":{"GRID_CODE":"GJ-KU-RAN-516","DISTRICT":"Kachchh","BLOCK":"Rann of Kachchh"},"geometry":{"type":"Polygon","coordinates":[[[70.50609853122227,23.760338251509155],[70.45609853122227,23.760338251509155],[70.45609853122227,23.810338251509156],[70.50609853122227,23.810338251509156],[70.50609853122227,23.760338251509155]]]}},{"type":"Feature","properties":{"GRID_CODE":"GJ-KU-RAN-570","DISTRICT":"Kachchh","BLOCK":"Rann of Kachchh"},"geometry":{"type":"Polygon","coordinates":[[[70.15609853122227,23.610338251509157],[70.10609853122227,23.610338251509157],[70.10609853122227,23.660338251509154],[70.15609853122227,23.660338251509154],[70.15609853122227,23.610338251509157]]]}},{"type":"Feature","properties":{"GRID_CODE":"GJ-KU-RAN-067","DISTRICT":"Kachchh","BLOCK":"Rann of Kachchh"},"geometry":{"type":"Polygon","coordinates":[[[71.10609853122227,24.260338251509155],[71.05609853122226,24.260338251509155],[71.05609853122226,24.310338251509156],[71.10609853122227,24.310338251509156],[71.10609853122227,24.260338251509155]]]}},{"type":"Feature","properties":{"GRID_CODE":"GJ-KU-BHU-019","DISTRICT":"Kachchh","BLOCK":"Bhuj"},"geometry":{"type":"Polygon","coordinates":[[[69.55609853122226,23.760338251509155],[69.50609853122227,23.760338251509155],[69.50609853122227,23.810338251509156],[69.55609853122226,23.810338251509156],[69.55609853122226,23.760338251509155]]]}},{"type":"Feature","properties":{"GRID_CODE":"GJ-KU-RAN-054","DISTRICT":"Kachchh","BLOCK":"Rann of Kachchh"},"geometry":{"type":"Polygon","coordinates":[[[70.15609853122227,24.260338251509155],[70.10609853122227,24.260338251509155],[70.10609853122227,24.310338251509156],[70.15609853122227,24.310338251509156],[70.15609853122227,24.260338251509155]]]}},{"type":"Feature","properties":{"GRID_CODE":"GJ-KU-RAN-367","DISTRICT":"Kachchh","BLOCK":"Rann of Kachchh"},"geometry":{"type":"Polygon","coordinates":[[[68.95609853122227,23.910338251509154],[68.90609853122227,23.910338251509154],[68.90609853122227,23.960338251509154],[68.95609853122227,23.960338251509154],[68.95609853122227,23.910338251509154]]]}},{"type":"Feature","properties":{"GRID_CODE":"GJ-KU-MAN-003","DISTRICT":"Kachchh","BLOCK":"Mandvi"},"geometry":{"type":"Polygon","coordinates":[[[69.20609853122227,23.060338251509156],[69.15609853122227,23.060338251509156],[69.15609853122227,23.110338251509157],[69.20609853122227,23.110338251509157],[69.20609853122227,23.060338251509156]]]}},{"type":"Feature","properties":{"GRID_CODE":"GJ-KU-ABD-070","DISTRICT":"Kachchh","BLOCK":"Abdasa"},"geometry":{"type":"Polygon","coordinates":[[[68.80609853122226,23.110338251509157],[68.75609853122227,23.110338251509157],[68.75609853122227,23.160338251509154],[68.80609853122226,23.160338251509154],[68.80609853122226,23.110338251509157]]]}},{"type":"Feature","properties":{"GRID_CODE":"GJ-KU-BHA-059","DISTRICT":"Kachchh","BLOCK":"Bhachau"},"geometry":{"type":"Polygon","coordinates":[[[70.65609853122227,23.260338251509155],[70.60609853122227,23.260338251509155],[70.60609853122227,23.310338251509156],[70.65609853122227,23.310338251509156],[70.65609853122227,23.260338251509155]]]}},{"type":"Feature","properties":{"GRID_CODE":"GJ-KU-LIT-151","DISTRICT":"Kachchh","BLOCK":"Little Rann"},"geometry":{"type":"Polygon","coordinates":[[[70.30609853122226,23.110338251509157],[70.25609853122227,23.110338251509157],[70.25609853122227,23.160338251509154],[70.30609853122226,23.160338251509154],[70.30609853122226,23.110338251509157]]]}},{"type":"Feature","properties":{"GRID_CODE":"GJ-KU-ANJ-039","DISTRICT":"Kachchh","BLOCK":"Anjar"},"geometry":{"type":"Polygon","coordinates":[[[69.95609853122227,22.960338251509154],[69.90609853122227,22.960338251509154],[69.90609853122227,23.010338251509155],[69.95609853122227,23.010338251509155],[69.95609853122227,22.960338251509154]]]}},{"type":"Feature","properties":{"GRID_CODE":"GJ-KU-LAK-005","DISTRICT":"Kachchh","BLOCK":"Lakhpat"},"geometry":{"type":"Polygon","coordinates":[[[68.80609853122226,23.760338251509155],[68.75609853122227,23.760338251509155],[68.75609853122227,23.810338251509156],[68.80609853122226,23.810338251509156],[68.80609853122226,23.760338251509155]]]}},{"type":"Feature","properties":{"GRID_CODE":"GJ-KU-BHU-123","DISTRICT":"Kachchh","BLOCK":"Bhuj"},"geometry":{"type":"Polygon","coordinates":[[[69.70609853122227,23.260338251509155],[69.65609853122227,23.260338251509155],[69.65609853122227,23.310338251509156],[69.70609853122227,23.310338251509156],[69.70609853122227,23.260338251509155]]]}},{"type":"Feature","properties":{"GRID_CODE":"GJ-KU-RAP-002","DISTRICT":"Kachchh","BLOCK":"Rapar"},"geometry":{"type":"Polygon","coordinates":[[[70.65609853122227,23.910338251509154],[70.60609853122227,23.910338251509154],[70.60609853122227,23.960338251509154],[70.65609853122227,23.960338251509154],[70.65609853122227,23.910338251509154]]]}},{"type":"Feature","properties":{"GRID_CODE":"GJ-KU-NAK-068","DISTRICT":"Kachchh","BLOCK":"Nakhatrana"},"geometry":{"type":"Polygon","coordinates":[[[69.35609853122227,23.110338251509157],[69.30609853122226,23.110338251509157],[69.30609853122226,23.160338251509154],[69.35609853122227,23.160338251509154],[69.35609853122227,23.110338251509157]]]}},{"type":"Feature","properties":{"GRID_CODE":"GJ-KU-RAN-513","DISTRICT":"Kachchh","BLOCK":"Rann of Kachchh"},"geometry":{"type":"Polygon","coordinates":[[[70.30609853122226,23.760338251509155],[70.25609853122227,23.760338251509155],[70.25609853122227,23.810338251509156],[70.30609853122226,23.810338251509156],[70.30609853122226,23.760338251509155]]]}},{"type":"Feature","properties":{"GRID_CODE":"GJ-KU-LIT-100","DISTRICT":"Kachchh","BLOCK":"Little Rann"},"geometry":{"type":"Polygon","coordinates":[[[71.20609853122227,23.260338251509155],[71.15609853122227,23.260338251509155],[71.15609853122227,23.310338251509156],[71.20609853122227,23.310338251509156],[71.20609853122227,23.260338251509155]]]}},{"type":"Feature","properties":{"GRID_CODE":"GJ-KU-NAK-030","DISTRICT":"Kachchh","BLOCK":"Nakhatrana"},"geometry":{"type":"Polygon","coordinates":[[[69.10609853122227,23.410338251509154],[69.05609853122226,23.410338251509154],[69.05609853122226,23.460338251509154],[69.10609853122227,23.460338251509154],[69.10609853122227,23.410338251509154]]]}},{"type":"Feature","properties":{"GRID_CODE":"GJ-KU-RAN-226","DISTRICT":"Kachchh","BLOCK":"Rann of Kachchh"},"geometry":{"type":"Polygon","coordinates":[[[70.05609853122226,24.060338251509156],[70.00609853122227,24.060338251509156],[70.00609853122227,24.110338251509157],[70.05609853122226,24.110338251509157],[70.05609853122226,24.060338251509156]]]}},{"type":"Feature","properties":{"GRID_CODE":"GJ-KU-RAN-382","DISTRICT":"Kachchh","BLOCK":"Rann of Kachchh"},"geometry":{"type":"Polygon","coordinates":[[[69.70609853122227,23.910338251509154],[69.65609853122227,23.910338251509154],[69.65609853122227,23.960338251509154],[69.70609853122227,23.960338251509154],[69.70609853122227,23.910338251509154]]]}},{"type":"Feature","properties":{"GRID_CODE":"GJ-KU-BHA-029","DISTRICT":"Kachchh","BLOCK":"Bhachau"},"geometry":{"type":"Polygon","coordinates":[[[70.60609853122227,23.410338251509154],[70.55609853122226,23.410338251509154],[70.55609853122226,23.460338251509154],[70.60609853122227,23.460338251509154],[70.60609853122227,23.410338251509154]]]}},{"type":"Feature","properties":{"GRID_CODE":"GJ-KU-RAN-083","DISTRICT":"Kachchh","BLOCK":"Rann of Kachchh"},"geometry":{"type":"Polygon","coordinates":[[[69.45609853122227,24.210338251509154],[69.40609853122227,24.210338251509154],[69.40609853122227,24.260338251509155],[69.45609853122227,24.260338251509155],[69.45609853122227,24.210338251509154]]]}},{"type":"Feature","properties":{"GRID_CODE":"GJ-KU-RAN-406","DISTRICT":"Kachchh","BLOCK":"Rann of Kachchh"},"geometry":{"type":"Polygon","coordinates":[[[71.20609853122227,23.910338251509154],[71.15609853122227,23.910338251509154],[71.15609853122227,23.960338251509154],[71.20609853122227,23.960338251509154],[71.20609853122227,23.910338251509154]]]}},{"type":"Feature","properties":{"GRID_CODE":"GJ-KU-RAN-207","DISTRICT":"Kachchh","BLOCK":"Rann of Kachchh"},"geometry":{"type":"Polygon","coordinates":[[[69.10609853122227,24.060338251509156],[69.05609853122226,24.060338251509156],[69.05609853122226,24.110338251509157],[69.10609853122227,24.110338251509157],[69.10609853122227,24.060338251509156]]]}},{"type":"Feature","properties":{"GRID_CODE":"GJ-KU-RAN-345","DISTRICT":"Kachchh","BLOCK":"Rann of Kachchh"},"geometry":{"type":"Polygon","coordinates":[[[70.80609853122226,23.960338251509154],[70.75609853122227,23.960338251509154],[70.75609853122227,24.010338251509155],[70.80609853122226,24.010338251509155],[70.80609853122226,23.960338251509154]]]}},{"type":"Feature","properties":{"GRID_CODE":"GJ-KU-RAN-099","DISTRICT":"Kachchh","BLOCK":"Rann of Kachchh"},"geometry":{"type":"Polygon","coordinates":[[[70.95609853122227,24.210338251509154],[70.90609853122227,24.210338251509154],[70.90609853122227,24.260338251509155],[70.95609853122227,24.260338251509155],[70.95609853122227,24.210338251509154]]]}},{"type":"Feature","properties":{"GRID_CODE":"GJ-KU-RAN-237","DISTRICT":"Kachchh","BLOCK":"Rann of Kachchh"},"geometry":{"type":"Polygon","coordinates":[[[70.60609853122227,24.060338251509156],[70.55609853122226,24.060338251509156],[70.55609853122226,24.110338251509157],[70.60609853122227,24.110338251509157],[70.60609853122227,24.060338251509156]]]}},{"type":"Feature","properties":{"GRID_CODE":"GJ-KU-RAN-179","DISTRICT":"Kachchh","BLOCK":"Rann of Kachchh"},"geometry":{"type":"Polygon","coordinates":[[[70.20609853122227,24.110338251509157],[70.15609853122227,24.110338251509157],[70.15609853122227,24.160338251509154],[70.20609853122227,24.160338251509154],[70.20609853122227,24.110338251509157]]]}},{"type":"Feature","properties":{"GRID_CODE":"GJ-KU-ANJ-036","DISTRICT":"Kachchh","BLOCK":"Anjar"},"geometry":{"type":"Polygon","coordinates":[[[70.00609853122227,23.010338251509155],[69.95609853122227,23.010338251509155],[69.95609853122227,23.060338251509156],[70.00609853122227,23.060338251509156],[70.00609853122227,23.010338251509155]]]}},{"type":"Feature","properties":{"GRID_CODE":"GJ-KU-MUN-019","DISTRICT":"Kachchh","BLOCK":"Mundra"},"geometry":{"type":"Polygon","coordinates":[[[69.65609853122227,22.860338251509157],[69.60609853122227,22.860338251509157],[69.60609853122227,22.910338251509154],[69.65609853122227,22.910338251509154],[69.65609853122227,22.860338251509157]]]}},{"type":"Feature","properties":{"GRID_CODE":"GJ-KU-MAN-030","DISTRICT":"Kachchh","BLOCK":"Mandvi"},"geometry":{"type":"Polygon","coordinates":[[[69.25609853122227,22.910338251509154],[69.20609853122227,22.910338251509154],[69.20609853122227,22.960338251509154],[69.25609853122227,22.960338251509154],[69.25609853122227,22.910338251509154]]]}},{"type":"Feature","properties":{"GRID_CODE":"GJ-KU-BHU-141","DISTRICT":"Kachchh","BLOCK":"Bhuj"},"geometry":{"type":"Polygon","coordinates":[[[69.40609853122227,23.160338251509154],[69.35609853122227,23.160338251509154],[69.35609853122227,23.210338251509154],[69.40609853122227,23.210338251509154],[69.40609853122227,23.160338251509154]]]}},{"type":"Feature","properties":{"GRID_CODE":"GJ-KU-BHU-088","DISTRICT":"Kachchh","BLOCK":"Bhuj"},"geometry":{"type":"Polygon","coordinates":[[[69.85609853122227,23.410338251509154],[69.80609853122226,23.410338251509154],[69.80609853122226,23.460338251509154],[69.85609853122227,23.460338251509154],[69.85609853122227,23.410338251509154]]]}},{"type":"Feature","properties":{"GRID_CODE":"GJ-KU-ABD-090","DISTRICT":"Kachchh","BLOCK":"Abdasa"},"geometry":{"type":"Polygon","coordinates":[[[69.05609853122226,23.010338251509155],[69.00609853122227,23.010338251509155],[69.00609853122227,23.060338251509156],[69.05609853122226,23.060338251509156],[69.05609853122226,23.010338251509155]]]}},{"type":"Feature","properties":{"GRID_CODE":"GJ-KU-RAN-550","DISTRICT":"Kachchh","BLOCK":"Rann of Kachchh"},"geometry":{"type":"Polygon","coordinates":[[[70.00609853122227,23.660338251509154],[69.95609853122227,23.660338251509154],[69.95609853122227,23.710338251509154],[70.00609853122227,23.710338251509154],[70.00609853122227,23.660338251509154]]]}},{"type":"Feature","properties":{"GRID_CODE":"GJ-KU-BHU-032","DISTRICT":"Kachchh","BLOCK":"Bhuj"},"geometry":{"type":"Polygon","coordinates":[[[69.60609853122227,23.710338251509154],[69.55609853122226,23.710338251509154],[69.55609853122226,23.760338251509155],[69.60609853122227,23.760338251509155],[69.60609853122227,23.710338251509154]]]}},{"type":"Feature","properties":{"GRID_CODE":"GJ-KU-LIT-195","DISTRICT":"Kachchh","BLOCK":"Little Rann"},"geometry":{"type":"Polygon","coordinates":[[[70.40609853122227,22.760338251509155],[70.35609853122227,22.760338251509155],[70.35609853122227,22.810338251509156],[70.40609853122227,22.810338251509156],[70.40609853122227,22.760338251509155]]]}},{"type":"Feature","properties":{"GRID_CODE":"GJ-KU-LIT-057","DISTRICT":"Kachchh","BLOCK":"Little Rann"},"geometry":{"type":"Polygon","coordinates":[[[71.35609853122227,23.410338251509154],[71.30609853122226,23.410338251509154],[71.30609853122226,23.460338251509154],[71.35609853122227,23.460338251509154],[71.35609853122227,23.410338251509154]]]}},{"type":"Feature","properties":{"GRID_CODE":"GJ-KU-NAK-007","DISTRICT":"Kachchh","BLOCK":"Nakhatrana"},"geometry":{"type":"Polygon","coordinates":[[[69.25609853122227,23.560338251509156],[69.20609853122227,23.560338251509156],[69.20609853122227,23.610338251509157],[69.25609853122227,23.610338251509157],[69.25609853122227,23.560338251509156]]]}},{"type":"Feature","properties":{"GRID_CODE":"GJ-KU-RAN-469","DISTRICT":"Kachchh","BLOCK":"Rann of Kachchh"},"geometry":{"type":"Polygon","coordinates":[[[69.40609853122227,23.810338251509156],[69.35609853122227,23.810338251509156],[69.35609853122227,23.860338251509157],[69.40609853122227,23.860338251509157],[69.40609853122227,23.810338251509156]]]}},{"type":"Feature","properties":{"GRID_CODE":"GJ-KU-GAN-002","DISTRICT":"Kachchh","BLOCK":"Gandhidham"},"geometry":{"type":"Polygon","coordinates":[[[70.15609853122227,23.060338251509156],[70.10609853122227,23.060338251509156],[70.10609853122227,23.110338251509157],[70.15609853122227,23.110338251509157],[70.15609853122227,23.060338251509156]]]}},{"type":"Feature","properties":{"GRID_CODE":"GJ-KU-RAN-423","DISTRICT":"Kachchh","BLOCK":"Rann of Kachchh"},"geometry":{"type":"Polygon","coordinates":[[[69.00609853122227,23.860338251509157],[68.95609853122227,23.860338251509157],[68.95609853122227,23.910338251509154],[69.00609853122227,23.910338251509154],[69.00609853122227,23.860338251509157]]]}},{"type":"Feature","properties":{"GRID_CODE":"GJ-KU-RAP-053","DISTRICT":"Kachchh","BLOCK":"Rapar"},"geometry":{"type":"Polygon","coordinates":[[[70.75609853122227,23.560338251509156],[70.70609853122227,23.560338251509156],[70.70609853122227,23.610338251509157],[70.75609853122227,23.610338251509157],[70.75609853122227,23.560338251509156]]]}},{"type":"Feature","properties":{"GRID_CODE":"GJ-KU-LAK-009","DISTRICT":"Kachchh","BLOCK":"Lakhpat"},"geometry":{"type":"Polygon","coordinates":[[[68.65609853122227,23.710338251509154],[68.60609853122227,23.710338251509154],[68.60609853122227,23.760338251509155],[68.65609853122227,23.760338251509155],[68.65609853122227,23.710338251509154]]]}},{"type":"Feature","properties":{"GRID_CODE":"GJ-KU-RAN-578","DISTRICT":"Kachchh","BLOCK":"Rann of Kachchh"},"geometry":{"type":"Polygon","coordinates":[[[68.30609853122226,23.560338251509156],[68.25609853122227,23.560338251509156],[68.25609853122227,23.610338251509157],[68.30609853122226,23.610338251509157],[68.30609853122226,23.560338251509156]]]}},{"type":"Feature","properties":{"GRID_CODE":"GJ-KU-RAN-441","DISTRICT":"Kachchh","BLOCK":"Rann of Kachchh"},"geometry":{"type":"Polygon","coordinates":[[[70.50609853122227,23.860338251509157],[70.45609853122227,23.860338251509157],[70.45609853122227,23.910338251509154],[70.50609853122227,23.910338251509154],[70.50609853122227,23.860338251509157]]]}},{"type":"Feature","properties":{"GRID_CODE":"GJ-KU-RAN-535","DISTRICT":"Kachchh","BLOCK":"Rann of Kachchh"},"geometry":{"type":"Polygon","coordinates":[[[70.15609853122227,23.710338251509154],[70.10609853122227,23.710338251509154],[70.10609853122227,23.760338251509155],[70.15609853122227,23.760338251509155],[70.15609853122227,23.710338251509154]]]}},{"type":"Feature","properties":{"GRID_CODE":"GJ-KU-RAN-274","DISTRICT":"Kachchh","BLOCK":"Rann of Kachchh"},"geometry":{"type":"Polygon","coordinates":[[[69.90609853122227,24.010338251509155],[69.85609853122227,24.010338251509155],[69.85609853122227,24.060338251509156],[69.90609853122227,24.060338251509156],[69.90609853122227,24.010338251509155]]]}},{"type":"Feature","properties":{"GRID_CODE":"GJ-KU-RAN-434","DISTRICT":"Kachchh","BLOCK":"Rann of Kachchh"},"geometry":{"type":"Polygon","coordinates":[[[69.55609853122226,23.860338251509157],[69.50609853122227,23.860338251509157],[69.50609853122227,23.910338251509154],[69.55609853122226,23.910338251509154],[69.55609853122226,23.860338251509157]]]}},{"type":"Feature","properties":{"GRID_CODE":"GJ-KU-RAN-255","DISTRICT":"Kachchh","BLOCK":"Rann of Kachchh"},"geometry":{"type":"Polygon","coordinates":[[[68.95609853122227,24.010338251509155],[68.90609853122227,24.010338251509155],[68.90609853122227,24.060338251509156],[68.95609853122227,24.060338251509156],[68.95609853122227,24.010338251509155]]]}},{"type":"Feature","properties":{"GRID_CODE":"GJ-KU-LIT-120","DISTRICT":"Kachchh","BLOCK":"Little Rann"},"geometry":{"type":"Polygon","coordinates":[[[71.25609853122227,23.210338251509154],[71.20609853122227,23.210338251509154],[71.20609853122227,23.260338251509155],[71.25609853122227,23.260338251509155],[71.25609853122227,23.210338251509154]]]}},{"type":"Feature","properties":{"GRID_CODE":"GJ-KU-ABD-047","DISTRICT":"Kachchh","BLOCK":"Abdasa"},"geometry":{"type":"Polygon","coordinates":[[[68.80609853122226,23.210338251509154],[68.75609853122227,23.210338251509154],[68.75609853122227,23.260338251509155],[68.80609853122226,23.260338251509155],[68.80609853122226,23.210338251509154]]]}},{"type":"Feature","properties":{"GRID_CODE":"GJ-KU-BHA-039","DISTRICT":"Kachchh","BLOCK":"Bhachau"},"geometry":{"type":"Polygon","coordinates":[[[70.65609853122227,23.360338251509157],[70.60609853122227,23.360338251509157],[70.60609853122227,23.410338251509154],[70.65609853122227,23.410338251509154],[70.65609853122227,23.360338251509157]]]}},{"type":"Feature","properties":{"GRID_CODE":"GJ-KU-LAK-055","DISTRICT":"Kachchh","BLOCK":"Lakhpat"},"geometry":{"type":"Polygon","coordinates":[[[68.55609853122226,23.510338251509155],[68.50609853122227,23.510338251509155],[68.50609853122227,23.560338251509156],[68.55609853122226,23.560338251509156],[68.55609853122226,23.510338251509155]]]}},{"type":"Feature","properties":{"GRID_CODE":"GJ-KU-BHA-063","DISTRICT":"Kachchh","BLOCK":"Bhachau"},"geometry":{"type":"Polygon","coordinates":[[[70.30609853122226,23.210338251509154],[70.25609853122227,23.210338251509154],[70.25609853122227,23.260338251509155],[70.30609853122226,23.260338251509155],[70.30609853122226,23.210338251509154]]]}},{"type":"Feature","properties":{"GRID_CODE":"GJ-KU-RAN-565","DISTRICT":"Kachchh","BLOCK":"Rann of Kachchh"},"geometry":{"type":"Polygon","coordinates":[[[68.35609853122227,23.610338251509157],[68.30609853122226,23.610338251509157],[68.30609853122226,23.660338251509154],[68.35609853122227,23.660338251509154],[68.35609853122227,23.610338251509157]]]}},{"type":"Feature","properties":{"GRID_CODE":"GJ-KU-ANJ-029","DISTRICT":"Kachchh","BLOCK":"Anjar"},"geometry":{"type":"Polygon","coordinates":[[[69.95609853122227,23.060338251509156],[69.90609853122227,23.060338251509156],[69.90609853122227,23.110338251509157],[69.95609853122227,23.110338251509157],[69.95609853122227,23.060338251509156]]]}},{"type":"Feature","properties":{"GRID_CODE":"GJ-KU-BHU-080","DISTRICT":"Kachchh","BLOCK":"Bhuj"},"geometry":{"type":"Polygon","coordinates":[[[70.05609853122226,23.510338251509155],[70.00609853122227,23.510338251509155],[70.00609853122227,23.560338251509156],[70.05609853122226,23.560338251509156],[70.05609853122226,23.510338251509155]]]}},{"type":"Feature","properties":{"GRID_CODE":"GJ-KU-BHU-098","DISTRICT":"Kachchh","BLOCK":"Bhuj"},"geometry":{"type":"Polygon","coordinates":[[[69.70609853122227,23.360338251509157],[69.65609853122227,23.360338251509157],[69.65609853122227,23.410338251509154],[69.70609853122227,23.410338251509154],[69.70609853122227,23.360338251509157]]]}},{"type":"Feature","properties":{"GRID_CODE":"GJ-KU-RAN-289","DISTRICT":"Kachchh","BLOCK":"Rann of Kachchh"},"geometry":{"type":"Polygon","coordinates":[[[70.65609853122227,24.010338251509155],[70.60609853122227,24.010338251509155],[70.60609853122227,24.060338251509156],[70.65609853122227,24.060338251509156],[70.65609853122227,24.010338251509155]]]}},{"type":"Feature","properties":{"GRID_CODE":"GJ-KU-NAK-062","DISTRICT":"Kachchh","BLOCK":"Nakhatrana"},"geometry":{"type":"Polygon","coordinates":[[[69.35609853122227,23.210338251509154],[69.30609853122226,23.210338251509154],[69.30609853122226,23.260338251509155],[69.35609853122227,23.260338251509155],[69.35609853122227,23.210338251509154]]]}},{"type":"Feature","properties":{"GRID_CODE":"GJ-KU-LIT-104","DISTRICT":"Kachchh","BLOCK":"Little Rann"},"geometry":{"type":"Polygon","coordinates":[[[71.40609853122227,23.260338251509155],[71.35609853122227,23.260338251509155],[71.35609853122227,23.310338251509156],[71.40609853122227,23.310338251509156],[71.40609853122227,23.260338251509155]]]}},{"type":"Feature","properties":{"GRID_CODE":"GJ-KU-LIT-067","DISTRICT":"Kachchh","BLOCK":"Little Rann"},"geometry":{"type":"Polygon","coordinates":[[[71.20609853122227,23.360338251509157],[71.15609853122227,23.360338251509157],[71.15609853122227,23.410338251509154],[71.20609853122227,23.410338251509154],[71.20609853122227,23.360338251509157]]]}},{"type":"Feature","properties":{"GRID_CODE":"GJ-KU-NAK-010","DISTRICT":"Kachchh","BLOCK":"Nakhatrana"},"geometry":{"type":"Polygon","coordinates":[[[69.10609853122227,23.510338251509155],[69.05609853122226,23.510338251509155],[69.05609853122226,23.560338251509156],[69.10609853122227,23.560338251509156],[69.10609853122227,23.510338251509155]]]}},{"type":"Feature","properties":{"GRID_CODE":"GJ-KU-RAN-270","DISTRICT":"Kachchh","BLOCK":"Rann of Kachchh"},"geometry":{"type":"Polygon","coordinates":[[[69.70609853122227,24.010338251509155],[69.65609853122227,24.010338251509155],[69.65609853122227,24.060338251509156],[69.70609853122227,24.060338251509156],[69.70609853122227,24.010338251509155]]]}},{"type":"Feature","properties":{"GRID_CODE":"GJ-KU-RAP-062","DISTRICT":"Kachchh","BLOCK":"Rapar"},"geometry":{"type":"Polygon","coordinates":[[[70.60609853122227,23.510338251509155],[70.55609853122226,23.510338251509155],[70.55609853122226,23.560338251509156],[70.60609853122227,23.560338251509156],[70.60609853122227,23.510338251509155]]]}},{"type":"Feature","properties":{"GRID_CODE":"GJ-KU-RAN-300","DISTRICT":"Kachchh","BLOCK":"Rann of Kachchh"},"geometry":{"type":"Polygon","coordinates":[[[71.20609853122227,24.010338251509155],[71.15609853122227,24.010338251509155],[71.15609853122227,24.060338251509156],[71.20609853122227,24.060338251509156],[71.20609853122227,24.010338251509155]]]}},{"type":"Feature","properties":{"GRID_CODE":"GJ-KU-RAN-112","DISTRICT":"Kachchh","BLOCK":"Rann of Kachchh"},"geometry":{"type":"Polygon","coordinates":[[[69.10609853122227,24.160338251509154],[69.05609853122226,24.160338251509154],[69.05609853122226,24.210338251509154],[69.10609853122227,24.210338251509154],[69.10609853122227,24.160338251509154]]]}},{"type":"Feature","properties":{"GRID_CODE":"GJ-KU-RAN-103","DISTRICT":"Kachchh","BLOCK":"Rann of Kachchh"},"geometry":{"type":"Polygon","coordinates":[[[71.15609853122227,24.210338251509154],[71.10609853122227,24.210338251509154],[71.10609853122227,24.260338251509155],[71.15609853122227,24.260338251509155],[71.15609853122227,24.210338251509154]]]}},{"type":"Feature","properties":{"GRID_CODE":"GJ-KU-RAN-020","DISTRICT":"Kachchh","BLOCK":"Rann of Kachchh"},"geometry":{"type":"Polygon","coordinates":[[[71.30609853122226,24.460338251509154],[71.25609853122227,24.460338251509154],[71.25609853122227,24.510338251509155],[71.30609853122226,24.510338251509155],[71.30609853122226,24.460338251509154]]]}},{"type":"Feature","properties":{"GRID_CODE":"GJ-KU-RAN-241","DISTRICT":"Kachchh","BLOCK":"Rann of Kachchh"},"geometry":{"type":"Polygon","coordinates":[[[70.80609853122226,24.060338251509156],[70.75609853122227,24.060338251509156],[70.75609853122227,24.110338251509157],[70.80609853122226,24.110338251509157],[70.80609853122226,24.060338251509156]]]}},{"type":"Feature","properties":{"GRID_CODE":"GJ-KU-RAN-135","DISTRICT":"Kachchh","BLOCK":"Rann of Kachchh"},"geometry":{"type":"Polygon","coordinates":[[[70.60609853122227,24.160338251509154],[70.55609853122226,24.160338251509154],[70.55609853122226,24.210338251509154],[70.60609853122227,24.210338251509154],[70.60609853122227,24.160338251509154]]]}},{"type":"Feature","properties":{"GRID_CODE":"GJ-KU-RAN-089","DISTRICT":"Kachchh","BLOCK":"Rann of Kachchh"},"geometry":{"type":"Polygon","coordinates":[[[70.20609853122227,24.210338251509154],[70.15609853122227,24.210338251509154],[70.15609853122227,24.260338251509155],[70.20609853122227,24.260338251509155],[70.20609853122227,24.210338251509154]]]}},{"type":"Feature","properties":{"GRID_CODE":"GJ-KU-MUN-023","DISTRICT":"Kachchh","BLOCK":"Mundra"},"geometry":{"type":"Polygon","coordinates":[[[69.85609853122227,22.860338251509157],[69.80609853122226,22.860338251509157],[69.80609853122226,22.910338251509154],[69.85609853122227,22.910338251509154],[69.85609853122227,22.860338251509157]]]}},{"type":"Feature","properties":{"GRID_CODE":"GJ-KU-ANJ-023","DISTRICT":"Kachchh","BLOCK":"Anjar"},"geometry":{"type":"Polygon","coordinates":[[[70.00609853122227,23.110338251509157],[69.95609853122227,23.110338251509157],[69.95609853122227,23.160338251509154],[70.00609853122227,23.160338251509154],[70.00609853122227,23.110338251509157]]]}},{"type":"Feature","properties":{"GRID_CODE":"GJ-KU-MUN-005","DISTRICT":"Kachchh","BLOCK":"Mundra"},"geometry":{"type":"Polygon","coordinates":[[[69.65609853122227,22.960338251509154],[69.60609853122227,22.960338251509154],[69.60609853122227,23.010338251509155],[69.65609853122227,23.010338251509155],[69.65609853122227,22.960338251509154]]]}},{"type":"Feature","properties":{"GRID_CODE":"GJ-KU-MAN-011","DISTRICT":"Kachchh","BLOCK":"Mandvi"},"geometry":{"type":"Polygon","coordinates":[[[69.25609853122227,23.010338251509155],[69.20609853122227,23.010338251509155],[69.20609853122227,23.060338251509156],[69.25609853122227,23.060338251509156],[69.25609853122227,23.010338251509155]]]}},{"type":"Feature","properties":{"GRID_CODE":"GJ-KU-NAK-059","DISTRICT":"Kachchh","BLOCK":"Nakhatrana"},"geometry":{"type":"Polygon","coordinates":[[[69.40609853122227,23.260338251509155],[69.35609853122227,23.260338251509155],[69.35609853122227,23.310338251509156],[69.40609853122227,23.310338251509156],[69.40609853122227,23.260338251509155]]]}},{"type":"Feature","properties":{"GRID_CODE":"GJ-KU-ABD-075","DISTRICT":"Kachchh","BLOCK":"Abdasa"},"geometry":{"type":"Polygon","coordinates":[[[69.05609853122226,23.110338251509157],[69.00609853122227,23.110338251509157],[69.00609853122227,23.160338251509154],[69.05609853122226,23.160338251509154],[69.05609853122226,23.110338251509157]]]}},{"type":"Feature","properties":{"GRID_CODE":"GJ-KU-ABD-056","DISTRICT":"Kachchh","BLOCK":"Abdasa"},"geometry":{"type":"Polygon","coordinates":[[[68.65609853122227,23.160338251509154],[68.60609853122227,23.160338251509154],[68.60609853122227,23.210338251509154],[68.65609853122227,23.210338251509154],[68.65609853122227,23.160338251509154]]]}},{"type":"Feature","properties":{"GRID_CODE":"GJ-KU-RAN-473","DISTRICT":"Kachchh","BLOCK":"Rann of Kachchh"},"geometry":{"type":"Polygon","coordinates":[[[69.60609853122227,23.810338251509156],[69.55609853122226,23.810338251509156],[69.55609853122226,23.860338251509157],[69.60609853122227,23.860338251509157],[69.60609853122227,23.810338251509156]]]}},{"type":"Feature","properties":{"GRID_CODE":"GJ-KU-BHU-040","DISTRICT":"Kachchh","BLOCK":"Bhuj"},"geometry":{"type":"Polygon","coordinates":[[[69.25609853122227,23.660338251509154],[69.20609853122227,23.660338251509154],[69.20609853122227,23.710338251509154],[69.25609853122227,23.710338251509154],[69.25609853122227,23.660338251509154]]]}},{"type":"Feature","properties":{"GRID_CODE":"GJ-KU-RAN-376","DISTRICT":"Kachchh","BLOCK":"Rann of Kachchh"},"geometry":{"type":"Polygon","coordinates":[[[69.40609853122227,23.910338251509154],[69.35609853122227,23.910338251509154],[69.35609853122227,23.960338251509154],[69.40609853122227,23.960338251509154],[69.40609853122227,23.910338251509154]]]}},{"type":"Feature","properties":{"GRID_CODE":"GJ-KU-ANJ-019","DISTRICT":"Kachchh","BLOCK":"Anjar"},"geometry":{"type":"Polygon","coordinates":[[[70.15609853122227,23.160338251509154],[70.10609853122227,23.160338251509154],[70.10609853122227,23.210338251509154],[70.15609853122227,23.210338251509154],[70.15609853122227,23.160338251509154]]]}},{"type":"Feature","properties":{"GRID_CODE":"GJ-KU-RAN-309","DISTRICT":"Kachchh","BLOCK":"Rann of Kachchh"},"geometry":{"type":"Polygon","coordinates":[[[69.00609853122227,23.960338251509154],[68.95609853122227,23.960338251509154],[68.95609853122227,24.010338251509155],[69.00609853122227,24.010338251509155],[69.00609853122227,23.960338251509154]]]}},{"type":"Feature","properties":{"GRID_CODE":"GJ-KU-RAP-032","DISTRICT":"Kachchh","BLOCK":"Rapar"},"geometry":{"type":"Polygon","coordinates":[[[70.75609853122227,23.660338251509154],[70.70609853122227,23.660338251509154],[70.70609853122227,23.710338251509154],[70.75609853122227,23.710338251509154],[70.75609853122227,23.660338251509154]]]}},{"type":"Feature","properties":{"GRID_CODE":"GJ-KU-RAN-455","DISTRICT":"Kachchh","BLOCK":"Rann of Kachchh"},"geometry":{"type":"Polygon","coordinates":[[[68.65609853122227,23.810338251509156],[68.60609853122227,23.810338251509156],[68.60609853122227,23.860338251509157],[68.65609853122227,23.860338251509157],[68.65609853122227,23.810338251509156]]]}},{"type":"Feature","properties":{"GRID_CODE":"GJ-KU-LIT-149","DISTRICT":"Kachchh","BLOCK":"Little Rann"},"geometry":{"type":"Polygon","coordinates":[[[71.65609853122227,23.160338251509154],[71.60609853122227,23.160338251509154],[71.60609853122227,23.210338251509154],[71.65609853122227,23.210338251509154],[71.65609853122227,23.160338251509154]]]}},{"type":"Feature","properties":{"GRID_CODE":"GJ-KU-BHU-108","DISTRICT":"Kachchh","BLOCK":"Bhuj"},"geometry":{"type":"Polygon","coordinates":[[[69.55609853122226,23.310338251509156],[69.50609853122227,23.310338251509156],[69.50609853122227,23.360338251509157],[69.55609853122226,23.360338251509157],[69.55609853122226,23.310338251509156]]]}},{"type":"Feature","properties":{"GRID_CODE":"GJ-KU-RAN-339","DISTRICT":"Kachchh","BLOCK":"Rann of Kachchh"},"geometry":{"type":"Polygon","coordinates":[[[70.50609853122227,23.960338251509154],[70.45609853122227,23.960338251509154],[70.45609853122227,24.010338251509155],[70.50609853122227,24.010338251509155],[70.50609853122227,23.960338251509154]]]}},{"type":"Feature","properties":{"GRID_CODE":"GJ-KU-RAN-479","DISTRICT":"Kachchh","BLOCK":"Rann of Kachchh"},"geometry":{"type":"Polygon","coordinates":[[[70.15609853122227,23.810338251509156],[70.10609853122227,23.810338251509156],[70.10609853122227,23.860338251509157],[70.15609853122227,23.860338251509157],[70.15609853122227,23.810338251509156]]]}},{"type":"Feature","properties":{"GRID_CODE":"GJ-KU-RAN-173","DISTRICT":"Kachchh","BLOCK":"Rann of Kachchh"},"geometry":{"type":"Polygon","coordinates":[[[69.90609853122227,24.110338251509157],[69.85609853122227,24.110338251509157],[69.85609853122227,24.160338251509154],[69.90609853122227,24.160338251509154],[69.90609853122227,24.110338251509157]]]}},{"type":"Feature","properties":{"GRID_CODE":"GJ-KU-RAN-320","DISTRICT":"Kachchh","BLOCK":"Rann of Kachchh"},"geometry":{"type":"Polygon","coordinates":[[[69.55609853122226,23.960338251509154],[69.50609853122227,23.960338251509154],[69.50609853122227,24.010338251509155],[69.55609853122226,24.010338251509155],[69.55609853122226,23.960338251509154]]]}},{"type":"Feature","properties":{"GRID_CODE":"GJ-KU-RAN-259","DISTRICT":"Kachchh","BLOCK":"Rann of Kachchh"},"geometry":{"type":"Polygon","coordinates":[[[69.15609853122227,24.010338251509155],[69.10609853122227,24.010338251509155],[69.10609853122227,24.060338251509156],[69.15609853122227,24.060338251509156],[69.15609853122227,24.010338251509155]]]}},{"type":"Feature","properties":{"GRID_CODE":"GJ-KU-RAN-154","DISTRICT":"Kachchh","BLOCK":"Rann of Kachchh"},"geometry":{"type":"Polygon","coordinates":[[[68.95609853122227,24.110338251509157],[68.90609853122227,24.110338251509157],[68.90609853122227,24.160338251509154],[68.95609853122227,24.160338251509154],[68.95609853122227,24.110338251509157]]]}},{"type":"Feature","properties":{"GRID_CODE":"GJ-KU-LIT-084","DISTRICT":"Kachchh","BLOCK":"Little Rann"},"geometry":{"type":"Polygon","coordinates":[[[71.25609853122227,23.310338251509156],[71.20609853122227,23.310338251509156],[71.20609853122227,23.360338251509157],[71.25609853122227,23.360338251509157],[71.25609853122227,23.310338251509156]]]}},{"type":"Feature","properties":{"GRID_CODE":"GJ-KU-LIT-137","DISTRICT":"Kachchh","BLOCK":"Little Rann"},"geometry":{"type":"Polygon","coordinates":[[[70.90609853122227,23.160338251509154],[70.85609853122227,23.160338251509154],[70.85609853122227,23.210338251509154],[70.90609853122227,23.210338251509154],[70.90609853122227,23.160338251509154]]]}},{"type":"Feature","properties":{"GRID_CODE":"GJ-KU-ABD-023","DISTRICT":"Kachchh","BLOCK":"Abdasa"},"geometry":{"type":"Polygon","coordinates":[[[68.80609853122226,23.310338251509156],[68.75609853122227,23.310338251509156],[68.75609853122227,23.360338251509157],[68.80609853122226,23.360338251509157],[68.80609853122226,23.310338251509156]]]}},{"type":"Feature","properties":{"GRID_CODE":"GJ-KU-MUN-028","DISTRICT":"Kachchh","BLOCK":"Mundra"},"geometry":{"type":"Polygon","coordinates":[[[69.70609853122227,22.810338251509156],[69.65609853122227,22.810338251509156],[69.65609853122227,22.860338251509157],[69.70609853122227,22.860338251509157],[69.70609853122227,22.810338251509156]]]}},{"type":"Feature","properties":{"GRID_CODE":"GJ-KU-RAP-074","DISTRICT":"Kachchh","BLOCK":"Rapar"},"geometry":{"type":"Polygon","coordinates":[[[70.65609853122227,23.460338251509154],[70.60609853122227,23.460338251509154],[70.60609853122227,23.510338251509155],[70.65609853122227,23.510338251509155],[70.65609853122227,23.460338251509154]]]}},{"type":"Feature","properties":{"GRID_CODE":"GJ-KU-LAK-031","DISTRICT":"Kachchh","BLOCK":"Lakhpat"},"geometry":{"type":"Polygon","coordinates":[[[68.55609853122226,23.610338251509157],[68.50609853122227,23.610338251509157],[68.50609853122227,23.660338251509154],[68.55609853122226,23.660338251509154],[68.55609853122226,23.610338251509157]]]}},{"type":"Feature","properties":{"GRID_CODE":"GJ-KU-BHA-041","DISTRICT":"Kachchh","BLOCK":"Bhachau"},"geometry":{"type":"Polygon","coordinates":[[[70.30609853122226,23.310338251509156],[70.25609853122227,23.310338251509156],[70.25609853122227,23.360338251509157],[70.30609853122226,23.360338251509157],[70.30609853122226,23.310338251509156]]]}},{"type":"Feature","properties":{"GRID_CODE":"GJ-KU-RAN-525","DISTRICT":"Kachchh","BLOCK":"Rann of Kachchh"},"geometry":{"type":"Polygon","coordinates":[[[68.35609853122227,23.710338251509154],[68.30609853122226,23.710338251509154],[68.30609853122226,23.760338251509155],[68.35609853122227,23.760338251509155],[68.35609853122227,23.710338251509154]]]}},{"type":"Feature","properties":{"GRID_CODE":"GJ-KU-RAN-568","DISTRICT":"Kachchh","BLOCK":"Rann of Kachchh"},"geometry":{"type":"Polygon","coordinates":[[[70.05609853122226,23.610338251509157],[70.00609853122227,23.610338251509157],[70.00609853122227,23.660338251509154],[70.05609853122226,23.660338251509154],[70.05609853122226,23.610338251509157]]]}},{"type":"Feature","properties":{"GRID_CODE":"GJ-KU-LIT-040","DISTRICT":"Kachchh","BLOCK":"Little Rann"},"geometry":{"type":"Polygon","coordinates":[[[69.70609853122227,23.460338251509154],[69.65609853122227,23.460338251509154],[69.65609853122227,23.510338251509155],[69.70609853122227,23.510338251509155],[69.70609853122227,23.460338251509154]]]}},{"type":"Feature","properties":{"GRID_CODE":"GJ-KU-RAN-188","DISTRICT":"Kachchh","BLOCK":"Rann of Kachchh"},"geometry":{"type":"Polygon","coordinates":[[[70.65609853122227,24.110338251509157],[70.60609853122227,24.110338251509157],[70.60609853122227,24.160338251509154],[70.65609853122227,24.160338251509154],[70.65609853122227,24.110338251509157]]]}},{"type":"Feature","properties":{"GRID_CODE":"GJ-KU-NAK-053","DISTRICT":"Kachchh","BLOCK":"Nakhatrana"},"geometry":{"type":"Polygon","coordinates":[[[69.35609853122227,23.310338251509156],[69.30609853122226,23.310338251509156],[69.30609853122226,23.360338251509157],[69.35609853122227,23.360338251509157],[69.35609853122227,23.310338251509156]]]}},{"type":"Feature","properties":{"GRID_CODE":"GJ-KU-LIT-071","DISTRICT":"Kachchh","BLOCK":"Little Rann"},"geometry":{"type":"Polygon","coordinates":[[[71.40609853122227,23.360338251509157],[71.35609853122227,23.360338251509157],[71.35609853122227,23.410338251509154],[71.40609853122227,23.410338251509154],[71.40609853122227,23.360338251509157]]]}},{"type":"Feature","properties":{"GRID_CODE":"GJ-KU-BHU-017","DISTRICT":"Kachchh","BLOCK":"Bhuj"},"geometry":{"type":"Polygon","coordinates":[[[69.45609853122227,23.760338251509155],[69.40609853122227,23.760338251509155],[69.40609853122227,23.810338251509156],[69.45609853122227,23.810338251509156],[69.45609853122227,23.760338251509155]]]}},{"type":"Feature","properties":{"GRID_CODE":"GJ-KU-LIT-044","DISTRICT":"Kachchh","BLOCK":"Little Rann"},"geometry":{"type":"Polygon","coordinates":[[[71.20609853122227,23.460338251509154],[71.15609853122227,23.460338251509154],[71.15609853122227,23.510338251509155],[71.20609853122227,23.510338251509155],[71.20609853122227,23.460338251509154]]]}},{"type":"Feature","properties":{"GRID_CODE":"GJ-KU-LAK-042","DISTRICT":"Kachchh","BLOCK":"Lakhpat"},"geometry":{"type":"Polygon","coordinates":[[[69.10609853122227,23.610338251509157],[69.05609853122226,23.610338251509157],[69.05609853122226,23.660338251509154],[69.10609853122227,23.660338251509154],[69.10609853122227,23.610338251509157]]]}},{"type":"Feature","properties":{"GRID_CODE":"GJ-KU-RAP-066","DISTRICT":"Kachchh","BLOCK":"Rapar"},"geometry":{"type":"Polygon","coordinates":[[[70.80609853122226,23.510338251509155],[70.75609853122227,23.510338251509155],[70.75609853122227,23.560338251509156],[70.80609853122226,23.560338251509156],[70.80609853122226,23.510338251509155]]]}},{"type":"Feature","properties":{"GRID_CODE":"GJ-KU-RAN-520","DISTRICT":"Kachchh","BLOCK":"Rann of Kachchh"},"geometry":{"type":"Polygon","coordinates":[[[70.95609853122227,23.760338251509155],[70.90609853122227,23.760338251509155],[70.90609853122227,23.810338251509156],[70.95609853122227,23.810338251509156],[70.95609853122227,23.760338251509155]]]}},{"type":"Feature","properties":{"GRID_CODE":"GJ-KU-RAP-039","DISTRICT":"Kachchh","BLOCK":"Rapar"},"geometry":{"type":"Polygon","coordinates":[[[70.60609853122227,23.610338251509157],[70.55609853122226,23.610338251509157],[70.55609853122226,23.660338251509154],[70.60609853122227,23.660338251509154],[70.60609853122227,23.610338251509157]]]}},{"type":"Feature","properties":{"GRID_CODE":"GJ-KU-RAN-492","DISTRICT":"Kachchh","BLOCK":"Rann of Kachchh"},"geometry":{"type":"Polygon","coordinates":[[[68.50609853122227,23.760338251509155],[68.45609853122227,23.760338251509155],[68.45609853122227,23.810338251509156],[68.50609853122227,23.810338251509156],[68.50609853122227,23.760338251509155]]]}},{"type":"Feature","properties":{"GRID_CODE":"GJ-KU-RAN-046","DISTRICT":"Kachchh","BLOCK":"Rann of Kachchh"},"geometry":{"type":"Polygon","coordinates":[[[71.15609853122227,24.310338251509156],[71.10609853122227,24.310338251509156],[71.10609853122227,24.360338251509157],[71.15609853122227,24.360338251509157],[71.15609853122227,24.310338251509156]]]}},{"type":"Feature","properties":{"GRID_CODE":"GJ-KU-RAN-009","DISTRICT":"Kachchh","BLOCK":"Rann of Kachchh"},"geometry":{"type":"Polygon","coordinates":[[[71.30609853122226,24.560338251509156],[71.25609853122227,24.560338251509156],[71.25609853122227,24.610338251509157],[71.30609853122226,24.610338251509157],[71.30609853122226,24.560338251509156]]]}},{"type":"Feature","properties":{"GRID_CODE":"GJ-KU-RAN-139","DISTRICT":"Kachchh","BLOCK":"Rann of Kachchh"},"geometry":{"type":"Polygon","coordinates":[[[70.80609853122226,24.160338251509154],[70.75609853122227,24.160338251509154],[70.75609853122227,24.210338251509154],[70.80609853122226,24.210338251509154],[70.80609853122226,24.160338251509154]]]}},{"type":"Feature","properties":{"GRID_CODE":"GJ-KU-RAN-063","DISTRICT":"Kachchh","BLOCK":"Rann of Kachchh"},"geometry":{"type":"Polygon","coordinates":[[[70.60609853122227,24.260338251509155],[70.55609853122226,24.260338251509155],[70.55609853122226,24.310338251509156],[70.60609853122227,24.310338251509156],[70.60609853122227,24.260338251509155]]]}},{"type":"Feature","properties":{"GRID_CODE":"GJ-KU-LIT-194","DISTRICT":"Kachchh","BLOCK":"Little Rann"},"geometry":{"type":"Polygon","coordinates":[[[70.45609853122227,22.810338251509156],[70.40609853122227,22.810338251509156],[70.40609853122227,22.860338251509157],[70.45609853122227,22.860338251509157],[70.45609853122227,22.810338251509156]]]}},{"type":"Feature","properties":{"GRID_CODE":"GJ-KU-ANJ-037","DISTRICT":"Kachchh","BLOCK":"Anjar"},"geometry":{"type":"Polygon","coordinates":[[[69.85609853122227,22.960338251509154],[69.80609853122226,22.960338251509154],[69.80609853122226,23.010338251509155],[69.85609853122227,23.010338251509155],[69.85609853122227,22.960338251509154]]]}},{"type":"Feature","properties":{"GRID_CODE":"GJ-KU-ANJ-009","DISTRICT":"Kachchh","BLOCK":"Anjar"},"geometry":{"type":"Polygon","coordinates":[[[70.00609853122227,23.210338251509154],[69.95609853122227,23.210338251509154],[69.95609853122227,23.260338251509155],[70.00609853122227,23.260338251509155],[70.00609853122227,23.210338251509154]]]}},{"type":"Feature","properties":{"GRID_CODE":"GJ-KU-BHU-121","DISTRICT":"Kachchh","BLOCK":"Bhuj"},"geometry":{"type":"Polygon","coordinates":[[[69.60609853122227,23.260338251509155],[69.55609853122226,23.260338251509155],[69.55609853122226,23.310338251509156],[69.60609853122227,23.310338251509156],[69.60609853122227,23.260338251509155]]]}},{"type":"Feature","properties":{"GRID_CODE":"GJ-KU-NAK-067","DISTRICT":"Kachchh","BLOCK":"Nakhatrana"},"geometry":{"type":"Polygon","coordinates":[[[69.25609853122227,23.110338251509157],[69.20609853122227,23.110338251509157],[69.20609853122227,23.160338251509154],[69.25609853122227,23.160338251509154],[69.25609853122227,23.110338251509157]]]}},{"type":"Feature","properties":{"GRID_CODE":"GJ-KU-NAK-047","DISTRICT":"Kachchh","BLOCK":"Nakhatrana"},"geometry":{"type":"Polygon","coordinates":[[[69.40609853122227,23.360338251509157],[69.35609853122227,23.360338251509157],[69.35609853122227,23.410338251509154],[69.40609853122227,23.410338251509154],[69.40609853122227,23.360338251509157]]]}},{"type":"Feature","properties":{"GRID_CODE":"GJ-KU-ABD-052","DISTRICT":"Kachchh","BLOCK":"Abdasa"},"geometry":{"type":"Polygon","coordinates":[[[69.05609853122226,23.210338251509154],[69.00609853122227,23.210338251509154],[69.00609853122227,23.260338251509155],[69.05609853122226,23.260338251509155],[69.05609853122226,23.210338251509154]]]}},{"type":"Feature","properties":{"GRID_CODE":"GJ-KU-LIT-098","DISTRICT":"Kachchh","BLOCK":"Little Rann"},"geometry":{"type":"Polygon","coordinates":[[[71.10609853122227,23.260338251509155],[71.05609853122226,23.260338251509155],[71.05609853122226,23.310338251509156],[71.10609853122227,23.310338251509156],[71.10609853122227,23.260338251509155]]]}},{"type":"Feature","properties":{"GRID_CODE":"GJ-KU-ABD-032","DISTRICT":"Kachchh","BLOCK":"Abdasa"},"geometry":{"type":"Polygon","coordinates":[[[68.65609853122227,23.260338251509155],[68.60609853122227,23.260338251509155],[68.60609853122227,23.310338251509156],[68.65609853122227,23.310338251509156],[68.65609853122227,23.260338251509155]]]}},{"type":"Feature","properties":{"GRID_CODE":"GJ-KU-RAN-380","DISTRICT":"Kachchh","BLOCK":"Rann of Kachchh"},"geometry":{"type":"Polygon","coordinates":[[[69.60609853122227,23.910338251509154],[69.55609853122226,23.910338251509154],[69.55609853122226,23.960338251509154],[69.60609853122227,23.960338251509154],[69.60609853122227,23.910338251509154]]]}},{"type":"Feature","properties":{"GRID_CODE":"GJ-KU-LIT-183","DISTRICT":"Kachchh","BLOCK":"Little Rann"},"geometry":{"type":"Polygon","coordinates":[[[70.40609853122227,22.960338251509154],[70.35609853122227,22.960338251509154],[70.35609853122227,23.010338251509155],[70.40609853122227,23.010338251509155],[70.40609853122227,22.960338251509154]]]}},{"type":"Feature","properties":{"GRID_CODE":"GJ-KU-ANJ-008","DISTRICT":"Kachchh","BLOCK":"Anjar"},"geometry":{"type":"Polygon","coordinates":[[[70.15609853122227,23.260338251509155],[70.10609853122227,23.260338251509155],[70.10609853122227,23.310338251509156],[70.15609853122227,23.310338251509156],[70.15609853122227,23.260338251509155]]]}},{"type":"Feature","properties":{"GRID_CODE":"GJ-KU-RAN-404","DISTRICT":"Kachchh","BLOCK":"Rann of Kachchh"},"geometry":{"type":"Polygon","coordinates":[[[71.10609853122227,23.910338251509154],[71.05609853122226,23.910338251509154],[71.05609853122226,23.960338251509154],[71.10609853122227,23.960338251509154],[71.10609853122227,23.910338251509154]]]}},{"type":"Feature","properties":{"GRID_CODE":"GJ-KU-RAN-205","DISTRICT":"Kachchh","BLOCK":"Rann of Kachchh"},"geometry":{"type":"Polygon","coordinates":[[[69.00609853122227,24.060338251509156],[68.95609853122227,24.060338251509156],[68.95609853122227,24.110338251509157],[69.00609853122227,24.110338251509157],[69.00609853122227,24.060338251509156]]]}},{"type":"Feature","properties":{"GRID_CODE":"GJ-KU-RAN-361","DISTRICT":"Kachchh","BLOCK":"Rann of Kachchh"},"geometry":{"type":"Polygon","coordinates":[[[68.65609853122227,23.910338251509154],[68.60609853122227,23.910338251509154],[68.60609853122227,23.960338251509154],[68.65609853122227,23.960338251509154],[68.65609853122227,23.910338251509154]]]}},{"type":"Feature","properties":{"GRID_CODE":"GJ-KU-LIT-109","DISTRICT":"Kachchh","BLOCK":"Little Rann"},"geometry":{"type":"Polygon","coordinates":[[[71.65609853122227,23.260338251509155],[71.60609853122227,23.260338251509155],[71.60609853122227,23.310338251509156],[71.65609853122227,23.310338251509156],[71.65609853122227,23.260338251509155]]]}},{"type":"Feature","properties":{"GRID_CODE":"GJ-KU-NAK-039","DISTRICT":"Kachchh","BLOCK":"Nakhatrana"},"geometry":{"type":"Polygon","coordinates":[[[69.55609853122226,23.410338251509154],[69.50609853122227,23.410338251509154],[69.50609853122227,23.460338251509154],[69.55609853122226,23.460338251509154],[69.55609853122226,23.410338251509154]]]}},{"type":"Feature","properties":{"GRID_CODE":"GJ-KU-RAN-235","DISTRICT":"Kachchh","BLOCK":"Rann of Kachchh"},"geometry":{"type":"Polygon","coordinates":[[[70.50609853122227,24.060338251509156],[70.45609853122227,24.060338251509156],[70.45609853122227,24.110338251509157],[70.50609853122227,24.110338251509157],[70.50609853122227,24.060338251509156]]]}},{"type":"Feature","properties":{"GRID_CODE":"GJ-KU-RAN-388","DISTRICT":"Kachchh","BLOCK":"Rann of Kachchh"},"geometry":{"type":"Polygon","coordinates":[[[70.15609853122227,23.910338251509154],[70.10609853122227,23.910338251509154],[70.10609853122227,23.960338251509154],[70.15609853122227,23.960338251509154],[70.15609853122227,23.910338251509154]]]}},{"type":"Feature","properties":{"GRID_CODE":"GJ-KU-RAN-216","DISTRICT":"Kachchh","BLOCK":"Rann of Kachchh"},"geometry":{"type":"Polygon","coordinates":[[[69.55609853122226,24.060338251509156],[69.50609853122227,24.060338251509156],[69.50609853122227,24.110338251509157],[69.55609853122226,24.110338251509157],[69.55609853122226,24.060338251509156]]]}},{"type":"Feature","properties":{"GRID_CODE":"GJ-KU-RAN-158","DISTRICT":"Kachchh","BLOCK":"Rann of Kachchh"},"geometry":{"type":"Polygon","coordinates":[[[69.15609853122227,24.110338251509157],[69.10609853122227,24.110338251509157],[69.10609853122227,24.160338251509154],[69.15609853122227,24.160338251509154],[69.15609853122227,24.110338251509157]]]}},{"type":"Feature","properties":{"GRID_CODE":"GJ-KU-RAN-074","DISTRICT":"Kachchh","BLOCK":"Rann of Kachchh"},"geometry":{"type":"Polygon","coordinates":[[[68.95609853122227,24.210338251509154],[68.90609853122227,24.210338251509154],[68.90609853122227,24.260338251509155],[68.95609853122227,24.260338251509155],[68.95609853122227,24.210338251509154]]]}},{"type":"Feature","properties":{"GRID_CODE":"GJ-KU-LIT-055","DISTRICT":"Kachchh","BLOCK":"Little Rann"},"geometry":{"type":"Polygon","coordinates":[[[71.25609853122227,23.410338251509154],[71.20609853122227,23.410338251509154],[71.20609853122227,23.460338251509154],[71.25609853122227,23.460338251509154],[71.25609853122227,23.410338251509154]]]}},{"type":"Feature","properties":{"GRID_CODE":"GJ-KU-ABD-007","DISTRICT":"Kachchh","BLOCK":"Abdasa"},"geometry":{"type":"Polygon","coordinates":[[[68.80609853122226,23.410338251509154],[68.75609853122227,23.410338251509154],[68.75609853122227,23.460338251509154],[68.80609853122226,23.460338251509154],[68.80609853122226,23.410338251509154]]]}},{"type":"Feature","properties":{"GRID_CODE":"GJ-KU-MUN-011","DISTRICT":"Kachchh","BLOCK":"Mundra"},"geometry":{"type":"Polygon","coordinates":[[[69.70609853122227,22.910338251509154],[69.65609853122227,22.910338251509154],[69.65609853122227,22.960338251509154],[69.70609853122227,22.960338251509154],[69.70609853122227,22.910338251509154]]]}},{"type":"Feature","properties":{"GRID_CODE":"GJ-KU-RAP-051","DISTRICT":"Kachchh","BLOCK":"Rapar"},"geometry":{"type":"Polygon","coordinates":[[[70.65609853122227,23.560338251509156],[70.60609853122227,23.560338251509156],[70.60609853122227,23.610338251509157],[70.65609853122227,23.610338251509157],[70.65609853122227,23.560338251509156]]]}},{"type":"Feature","properties":{"GRID_CODE":"GJ-KU-RAN-527","DISTRICT":"Kachchh","BLOCK":"Rann of Kachchh"},"geometry":{"type":"Polygon","coordinates":[[[68.55609853122226,23.710338251509154],[68.50609853122227,23.710338251509154],[68.50609853122227,23.760338251509155],[68.55609853122226,23.760338251509155],[68.55609853122226,23.710338251509154]]]}},{"type":"Feature","properties":{"GRID_CODE":"GJ-KU-BHA-023","DISTRICT":"Kachchh","BLOCK":"Bhachau"},"geometry":{"type":"Polygon","coordinates":[[[70.30609853122226,23.410338251509154],[70.25609853122227,23.410338251509154],[70.25609853122227,23.460338251509154],[70.30609853122226,23.460338251509154],[70.30609853122226,23.410338251509154]]]}},{"type":"Feature","properties":{"GRID_CODE":"GJ-KU-RAN-449","DISTRICT":"Kachchh","BLOCK":"Rann of Kachchh"},"geometry":{"type":"Polygon","coordinates":[[[68.35609853122227,23.810338251509156],[68.30609853122226,23.810338251509156],[68.30609853122226,23.860338251509157],[68.35609853122227,23.860338251509157],[68.35609853122227,23.810338251509156]]]}},{"type":"Feature","properties":{"GRID_CODE":"GJ-KU-ABD-084","DISTRICT":"Kachchh","BLOCK":"Abdasa"},"geometry":{"type":"Polygon","coordinates":[[[69.10609853122227,23.060338251509156],[69.05609853122226,23.060338251509156],[69.05609853122226,23.110338251509157],[69.10609853122227,23.110338251509157],[69.10609853122227,23.060338251509156]]]}},{"type":"Feature","properties":{"GRID_CODE":"GJ-KU-RAN-533","DISTRICT":"Kachchh","BLOCK":"Rann of Kachchh"},"geometry":{"type":"Polygon","coordinates":[[[70.05609853122226,23.710338251509154],[70.00609853122227,23.710338251509154],[70.00609853122227,23.760338251509155],[70.05609853122226,23.760338251509155],[70.05609853122226,23.710338251509154]]]}},{"type":"Feature","properties":{"GRID_CODE":"GJ-KU-BHU-069","DISTRICT":"Kachchh","BLOCK":"Bhuj"},"geometry":{"type":"Polygon","coordinates":[[[69.70609853122227,23.560338251509156],[69.65609853122227,23.560338251509156],[69.65609853122227,23.610338251509157],[69.70609853122227,23.610338251509157],[69.70609853122227,23.560338251509156]]]}},{"type":"Feature","properties":{"GRID_CODE":"GJ-KU-LIT-048","DISTRICT":"Kachchh","BLOCK":"Little Rann"},"geometry":{"type":"Polygon","coordinates":[[[71.40609853122227,23.460338251509154],[71.35609853122227,23.460338251509154],[71.35609853122227,23.510338251509155],[71.40609853122227,23.510338251509155],[71.40609853122227,23.460338251509154]]]}},{"type":"Feature","properties":{"GRID_CODE":"GJ-KU-LIT-170","DISTRICT":"Kachchh","BLOCK":"Little Rann"},"geometry":{"type":"Polygon","coordinates":[[[70.60609853122227,23.060338251509156],[70.55609853122226,23.060338251509156],[70.55609853122226,23.110338251509157],[70.60609853122227,23.110338251509157],[70.60609853122227,23.060338251509156]]]}},{"type":"Feature","properties":{"GRID_CODE":"GJ-KU-RAN-432","DISTRICT":"Kachchh","BLOCK":"Rann of Kachchh"},"geometry":{"type":"Polygon","coordinates":[[[69.45609853122227,23.860338251509157],[69.40609853122227,23.860338251509157],[69.40609853122227,23.910338251509154],[69.45609853122227,23.910338251509154],[69.45609853122227,23.860338251509157]]]}},{"type":"Feature","properties":{"GRID_CODE":"GJ-KU-LIT-017","DISTRICT":"Kachchh","BLOCK":"Little Rann"},"geometry":{"type":"Polygon","coordinates":[[[71.20609853122227,23.560338251509156],[71.15609853122227,23.560338251509156],[71.15609853122227,23.610338251509157],[71.20609853122227,23.610338251509157],[71.20609853122227,23.560338251509156]]]}},{"type":"Feature","properties":{"GRID_CODE":"GJ-KU-RAN-529","DISTRICT":"Kachchh","BLOCK":"Rann of Kachchh"},"geometry":{"type":"Polygon","coordinates":[[[69.10609853122227,23.710338251509154],[69.05609853122226,23.710338251509154],[69.05609853122226,23.760338251509155],[69.10609853122227,23.760338251509155],[69.10609853122227,23.710338251509154]]]}},{"type":"Feature","properties":{"GRID_CODE":"GJ-KU-RAP-043","DISTRICT":"Kachchh","BLOCK":"Rapar"},"geometry":{"type":"Polygon","coordinates":[[[70.80609853122226,23.610338251509157],[70.75609853122227,23.610338251509157],[70.75609853122227,23.660338251509154],[70.80609853122226,23.660338251509154],[70.80609853122226,23.610338251509157]]]}},{"type":"Feature","properties":{"GRID_CODE":"GJ-KU-RAN-444","DISTRICT":"Kachchh","BLOCK":"Rann of Kachchh"},"geometry":{"type":"Polygon","coordinates":[[[70.95609853122227,23.860338251509157],[70.90609853122227,23.860338251509157],[70.90609853122227,23.910338251509154],[70.95609853122227,23.910338251509154],[70.95609853122227,23.860338251509157]]]}},{"type":"Feature","properties":{"GRID_CODE":"GJ-KU-RAN-253","DISTRICT":"Kachchh","BLOCK":"Rann of Kachchh"},"geometry":{"type":"Polygon","coordinates":[[[68.85609853122227,24.010338251509155],[68.80609853122226,24.010338251509155],[68.80609853122226,24.060338251509156],[68.85609853122227,24.060338251509156],[68.85609853122227,24.010338251509155]]]}},{"type":"Feature","properties":{"GRID_CODE":"GJ-KU-RAP-022","DISTRICT":"Kachchh","BLOCK":"Rapar"},"geometry":{"type":"Polygon","coordinates":[[[70.60609853122227,23.710338251509154],[70.55609853122226,23.710338251509154],[70.55609853122226,23.760338251509155],[70.60609853122227,23.760338251509155],[70.60609853122227,23.710338251509154]]]}},{"type":"Feature","properties":{"GRID_CODE":"GJ-KU-RAN-413","DISTRICT":"Kachchh","BLOCK":"Rann of Kachchh"},"geometry":{"type":"Polygon","coordinates":[[[68.50609853122227,23.860338251509157],[68.45609853122227,23.860338251509157],[68.45609853122227,23.910338251509154],[68.50609853122227,23.910338251509154],[68.50609853122227,23.860338251509157]]]}},{"type":"Feature","properties":{"GRID_CODE":"GJ-KU-RAN-511","DISTRICT":"Kachchh","BLOCK":"Rann of Kachchh"},"geometry":{"type":"Polygon","coordinates":[[[70.20609853122227,23.760338251509155],[70.15609853122227,23.760338251509155],[70.15609853122227,23.810338251509156],[70.20609853122227,23.810338251509156],[70.20609853122227,23.760338251509155]]]}},{"type":"Feature","properties":{"GRID_CODE":"GJ-KU-RAN-024","DISTRICT":"Kachchh","BLOCK":"Rann of Kachchh"},"geometry":{"type":"Polygon","coordinates":[[[71.15609853122227,24.410338251509154],[71.10609853122227,24.410338251509154],[71.10609853122227,24.460338251509154],[71.15609853122227,24.460338251509154],[71.15609853122227,24.410338251509154]]]}},{"type":"Feature","properties":{"GRID_CODE":"GJ-KU-RAN-283","DISTRICT":"Kachchh","BLOCK":"Rann of Kachchh"},"geometry":{"type":"Polygon","coordinates":[[[70.35609853122227,24.010338251509155],[70.30609853122226,24.010338251509155],[70.30609853122226,24.060338251509156],[70.35609853122227,24.060338251509156],[70.35609853122227,24.010338251509155]]]}},{"type":"Feature","properties":{"GRID_CODE":"GJ-KU-MAN-049","DISTRICT":"Kachchh","BLOCK":"Mandvi"},"geometry":{"type":"Polygon","coordinates":[[[69.40609853122227,22.810338251509156],[69.35609853122227,22.810338251509156],[69.35609853122227,22.860338251509157],[69.40609853122227,22.860338251509157],[69.40609853122227,22.810338251509156]]]}},{"type":"Feature","properties":{"GRID_CODE":"GJ-KU-ANJ-027","DISTRICT":"Kachchh","BLOCK":"Anjar"},"geometry":{"type":"Polygon","coordinates":[[[69.85609853122227,23.060338251509156],[69.80609853122226,23.060338251509156],[69.80609853122226,23.110338251509157],[69.85609853122227,23.110338251509157],[69.85609853122227,23.060338251509156]]]}},{"type":"Feature","properties":{"GRID_CODE":"GJ-KU-BHU-117","DISTRICT":"Kachchh","BLOCK":"Bhuj"},"geometry":{"type":"Polygon","coordinates":[[[70.00609853122227,23.310338251509156],[69.95609853122227,23.310338251509156],[69.95609853122227,23.360338251509157],[70.00609853122227,23.360338251509157],[70.00609853122227,23.310338251509156]]]}},{"type":"Feature","properties":{"GRID_CODE":"GJ-KU-BHU-096","DISTRICT":"Kachchh","BLOCK":"Bhuj"},"geometry":{"type":"Polygon","coordinates":[[[69.60609853122227,23.360338251509157],[69.55609853122226,23.360338251509157],[69.55609853122226,23.410338251509154],[69.60609853122227,23.410338251509154],[69.60609853122227,23.360338251509157]]]}},{"type":"Feature","properties":{"GRID_CODE":"GJ-KU-NAK-060","DISTRICT":"Kachchh","BLOCK":"Nakhatrana"},"geometry":{"type":"Polygon","coordinates":[[[69.25609853122227,23.210338251509154],[69.20609853122227,23.210338251509154],[69.20609853122227,23.260338251509155],[69.25609853122227,23.260338251509155],[69.25609853122227,23.210338251509154]]]}},{"type":"Feature","properties":{"GRID_CODE":"GJ-KU-NAK-024","DISTRICT":"Kachchh","BLOCK":"Nakhatrana"},"geometry":{"type":"Polygon","coordinates":[[[69.40609853122227,23.460338251509154],[69.35609853122227,23.460338251509154],[69.35609853122227,23.510338251509155],[69.40609853122227,23.510338251509155],[69.40609853122227,23.460338251509154]]]}},{"type":"Feature","properties":{"GRID_CODE":"GJ-KU-LIT-065","DISTRICT":"Kachchh","BLOCK":"Little Rann"},"geometry":{"type":"Polygon","coordinates":[[[71.10609853122227,23.360338251509157],[71.05609853122226,23.360338251509157],[71.05609853122226,23.410338251509154],[71.10609853122227,23.410338251509154],[71.10609853122227,23.360338251509157]]]}},{"type":"Feature","properties":{"GRID_CODE":"GJ-KU-NAK-008","DISTRICT":"Kachchh","BLOCK":"Nakhatrana"},"geometry":{"type":"Polygon","coordinates":[[[69.00609853122227,23.510338251509155],[68.95609853122227,23.510338251509155],[68.95609853122227,23.560338251509156],[69.00609853122227,23.560338251509156],[69.00609853122227,23.510338251509155]]]}},{"type":"Feature","properties":{"GRID_CODE":"GJ-KU-LIT-110","DISTRICT":"Kachchh","BLOCK":"Little Rann"},"geometry":{"type":"Polygon","coordinates":[[[70.75609853122227,23.210338251509154],[70.70609853122227,23.210338251509154],[70.70609853122227,23.260338251509155],[70.75609853122227,23.260338251509155],[70.75609853122227,23.210338251509154]]]}},{"type":"Feature","properties":{"GRID_CODE":"GJ-KU-ABD-011","DISTRICT":"Kachchh","BLOCK":"Abdasa"},"geometry":{"type":"Polygon","coordinates":[[[68.65609853122227,23.360338251509157],[68.60609853122227,23.360338251509157],[68.60609853122227,23.410338251509154],[68.65609853122227,23.410338251509154],[68.65609853122227,23.360338251509157]]]}},{"type":"Feature","properties":{"GRID_CODE":"GJ-KU-RAN-268","DISTRICT":"Kachchh","BLOCK":"Rann of Kachchh"},"geometry":{"type":"Polygon","coordinates":[[[69.60609853122227,24.010338251509155],[69.55609853122226,24.010338251509155],[69.55609853122226,24.060338251509156],[69.60609853122227,24.060338251509156],[69.60609853122227,24.010338251509155]]]}},{"type":"Feature","properties":{"GRID_CODE":"GJ-KU-RAP-060","DISTRICT":"Kachchh","BLOCK":"Rapar"},"geometry":{"type":"Polygon","coordinates":[[[70.50609853122227,23.510338251509155],[70.45609853122227,23.510338251509155],[70.45609853122227,23.560338251509156],[70.50609853122227,23.560338251509156],[70.50609853122227,23.510338251509155]]]}},{"type":"Feature","properties":{"GRID_CODE":"GJ-KU-ANJ-001","DISTRICT":"Kachchh","BLOCK":"Anjar"},"geometry":{"type":"Polygon","coordinates":[[[70.15609853122227,23.360338251509157],[70.10609853122227,23.360338251509157],[70.10609853122227,23.410338251509154],[70.15609853122227,23.410338251509154],[70.15609853122227,23.360338251509157]]]}},{"type":"Feature","properties":{"GRID_CODE":"GJ-KU-RAN-298","DISTRICT":"Kachchh","BLOCK":"Rann of Kachchh"},"geometry":{"type":"Polygon","coordinates":[[[71.10609853122227,24.010338251509155],[71.05609853122226,24.010338251509155],[71.05609853122226,24.060338251509156],[71.10609853122227,24.060338251509156],[71.10609853122227,24.010338251509155]]]}},{"type":"Feature","properties":{"GRID_CODE":"GJ-KU-RAN-110","DISTRICT":"Kachchh","BLOCK":"Rann of Kachchh"},"geometry":{"type":"Polygon","coordinates":[[[69.00609853122227,24.160338251509154],[68.95609853122227,24.160338251509154],[68.95609853122227,24.210338251509154],[69.00609853122227,24.210338251509154],[69.00609853122227,24.160338251509154]]]}},{"type":"Feature","properties":{"GRID_CODE":"GJ-KU-NAK-015","DISTRICT":"Kachchh","BLOCK":"Nakhatrana"},"geometry":{"type":"Polygon","coordinates":[[[69.55609853122226,23.510338251509155],[69.50609853122227,23.510338251509155],[69.50609853122227,23.560338251509156],[69.55609853122226,23.560338251509156],[69.55609853122226,23.510338251509155]]]}},{"type":"Feature","properties":{"GRID_CODE":"GJ-KU-RAN-133","DISTRICT":"Kachchh","BLOCK":"Rann of Kachchh"},"geometry":{"type":"Polygon","coordinates":[[[70.50609853122227,24.160338251509154],[70.45609853122227,24.160338251509154],[70.45609853122227,24.210338251509154],[70.50609853122227,24.210338251509154],[70.50609853122227,24.160338251509154]]]}},{"type":"Feature","properties":{"GRID_CODE":"GJ-KU-LAK-025","DISTRICT":"Kachchh","BLOCK":"Lakhpat"},"geometry":{"type":"Polygon","coordinates":[[[68.95609853122227,23.660338251509154],[68.90609853122227,23.660338251509154],[68.90609853122227,23.710338251509154],[68.95609853122227,23.710338251509154],[68.95609853122227,23.660338251509154]]]}},{"type":"Feature","properties":{"GRID_CODE":"GJ-KU-RAN-121","DISTRICT":"Kachchh","BLOCK":"Rann of Kachchh"},"geometry":{"type":"Polygon","coordinates":[[[69.55609853122226,24.160338251509154],[69.50609853122227,24.160338251509154],[69.50609853122227,24.210338251509154],[69.55609853122226,24.210338251509154],[69.55609853122226,24.160338251509154]]]}},{"type":"Feature","properties":{"GRID_CODE":"GJ-KU-RAN-077","DISTRICT":"Kachchh","BLOCK":"Rann of Kachchh"},"geometry":{"type":"Polygon","coordinates":[[[69.15609853122227,24.210338251509154],[69.10609853122227,24.210338251509154],[69.10609853122227,24.260338251509155],[69.15609853122227,24.260338251509155],[69.15609853122227,24.210338251509154]]]}},{"type":"Feature","properties":{"GRID_CODE":"GJ-KU-LIT-033","DISTRICT":"Kachchh","BLOCK":"Little Rann"},"geometry":{"type":"Polygon","coordinates":[[[71.25609853122227,23.510338251509155],[71.20609853122227,23.510338251509155],[71.20609853122227,23.560338251509156],[71.25609853122227,23.560338251509156],[71.25609853122227,23.510338251509155]]]}},{"type":"Feature","properties":{"GRID_CODE":"GJ-KU-ANJ-017","DISTRICT":"Kachchh","BLOCK":"Anjar"},"geometry":{"type":"Polygon","coordinates":[[[70.05609853122226,23.160338251509154],[70.00609853122227,23.160338251509154],[70.00609853122227,23.210338251509154],[70.05609853122226,23.210338251509154],[70.05609853122226,23.160338251509154]]]}},{"type":"Feature","properties":{"GRID_CODE":"GJ-KU-MUN-001","DISTRICT":"Kachchh","BLOCK":"Mundra"},"geometry":{"type":"Polygon","coordinates":[[[69.70609853122227,23.010338251509155],[69.65609853122227,23.010338251509155],[69.65609853122227,23.060338251509156],[69.70609853122227,23.060338251509156],[69.70609853122227,23.010338251509155]]]}},{"type":"Feature","properties":{"GRID_CODE":"GJ-KU-RAP-030","DISTRICT":"Kachchh","BLOCK":"Rapar"},"geometry":{"type":"Polygon","coordinates":[[[70.65609853122227,23.660338251509154],[70.60609853122227,23.660338251509154],[70.60609853122227,23.710338251509154],[70.65609853122227,23.710338251509154],[70.65609853122227,23.660338251509154]]]}},{"type":"Feature","properties":{"GRID_CODE":"GJ-KU-RAN-453","DISTRICT":"Kachchh","BLOCK":"Rann of Kachchh"},"geometry":{"type":"Polygon","coordinates":[[[68.55609853122226,23.810338251509156],[68.50609853122227,23.810338251509156],[68.50609853122227,23.860338251509157],[68.55609853122226,23.860338251509157],[68.55609853122226,23.810338251509156]]]}},{"type":"Feature","properties":{"GRID_CODE":"GJ-KU-MAN-041","DISTRICT":"Kachchh","BLOCK":"Mandvi"},"geometry":{"type":"Polygon","coordinates":[[[69.35609853122227,22.860338251509157],[69.30609853122226,22.860338251509157],[69.30609853122226,22.910338251509154],[69.35609853122227,22.910338251509154],[69.35609853122227,22.860338251509157]]]}},{"type":"Feature","properties":{"GRID_CODE":"GJ-KU-LIT-147","DISTRICT":"Kachchh","BLOCK":"Little Rann"},"geometry":{"type":"Polygon","coordinates":[[[71.55609853122226,23.160338251509154],[71.50609853122227,23.160338251509154],[71.50609853122227,23.210338251509154],[71.55609853122226,23.210338251509154],[71.55609853122226,23.160338251509154]]]}},{"type":"Feature","properties":{"GRID_CODE":"GJ-KU-ABD-065","DISTRICT":"Kachchh","BLOCK":"Abdasa"},"geometry":{"type":"Polygon","coordinates":[[[69.10609853122227,23.160338251509154],[69.05609853122226,23.160338251509154],[69.05609853122226,23.210338251509154],[69.10609853122227,23.210338251509154],[69.10609853122227,23.160338251509154]]]}},{"type":"Feature","properties":{"GRID_CODE":"GJ-KU-RAN-477","DISTRICT":"Kachchh","BLOCK":"Rann of Kachchh"},"geometry":{"type":"Polygon","coordinates":[[[70.05609853122226,23.810338251509156],[70.00609853122227,23.810338251509156],[70.00609853122227,23.860338251509157],[70.05609853122226,23.860338251509157],[70.05609853122226,23.810338251509156]]]}},{"type":"Feature","properties":{"GRID_CODE":"GJ-KU-BHU-049","DISTRICT":"Kachchh","BLOCK":"Bhuj"},"geometry":{"type":"Polygon","coordinates":[[[69.70609853122227,23.660338251509154],[69.65609853122227,23.660338251509154],[69.65609853122227,23.710338251509154],[69.70609853122227,23.710338251509154],[69.70609853122227,23.660338251509154]]]}},{"type":"Feature","properties":{"GRID_CODE":"GJ-KU-RAN-171","DISTRICT":"Kachchh","BLOCK":"Rann of Kachchh"},"geometry":{"type":"Polygon","coordinates":[[[69.80609853122226,24.110338251509157],[69.75609853122227,24.110338251509157],[69.75609853122227,24.160338251509154],[69.80609853122226,24.160338251509154],[69.80609853122226,24.110338251509157]]]}},{"type":"Feature","properties":{"GRID_CODE":"GJ-KU-LIT-021","DISTRICT":"Kachchh","BLOCK":"Little Rann"},"geometry":{"type":"Polygon","coordinates":[[[71.40609853122227,23.560338251509156],[71.35609853122227,23.560338251509156],[71.35609853122227,23.610338251509157],[71.40609853122227,23.610338251509157],[71.40609853122227,23.560338251509156]]]}},{"type":"Feature","properties":{"GRID_CODE":"GJ-KU-BHA-074","DISTRICT":"Kachchh","BLOCK":"Bhachau"},"geometry":{"type":"Polygon","coordinates":[[[70.60609853122227,23.160338251509154],[70.55609853122226,23.160338251509154],[70.55609853122226,23.210338251509154],[70.60609853122227,23.210338251509154],[70.60609853122227,23.160338251509154]]]}},{"type":"Feature","properties":{"GRID_CODE":"GJ-KU-RAN-318","DISTRICT":"Kachchh","BLOCK":"Rann of Kachchh"},"geometry":{"type":"Polygon","coordinates":[[[69.45609853122227,23.960338251509154],[69.40609853122227,23.960338251509154],[69.40609853122227,24.010338251509155],[69.45609853122227,24.010338251509155],[69.45609853122227,23.960338251509154]]]}},{"type":"Feature","properties":{"GRID_CODE":"GJ-KU-LIT-002","DISTRICT":"Kachchh","BLOCK":"Little Rann"},"geometry":{"type":"Polygon","coordinates":[[[71.20609853122227,23.660338251509154],[71.15609853122227,23.660338251509154],[71.15609853122227,23.710338251509154],[71.20609853122227,23.710338251509154],[71.20609853122227,23.660338251509154]]]}},{"type":"Feature","properties":{"GRID_CODE":"GJ-KU-RAN-463","DISTRICT":"Kachchh","BLOCK":"Rann of Kachchh"},"geometry":{"type":"Polygon","coordinates":[[[69.10609853122227,23.810338251509156],[69.05609853122226,23.810338251509156],[69.05609853122226,23.860338251509157],[69.10609853122227,23.860338251509157],[69.10609853122227,23.810338251509156]]]}},{"type":"Feature","properties":{"GRID_CODE":"GJ-KU-RAP-026","DISTRICT":"Kachchh","BLOCK":"Rapar"},"geometry":{"type":"Polygon","coordinates":[[[70.80609853122226,23.710338251509154],[70.75609853122227,23.710338251509154],[70.75609853122227,23.760338251509155],[70.80609853122226,23.760338251509155],[70.80609853122226,23.710338251509154]]]}},{"type":"Feature","properties":{"GRID_CODE":"GJ-KU-RAN-348","DISTRICT":"Kachchh","BLOCK":"Rann of Kachchh"},"geometry":{"type":"Polygon","coordinates":[[[70.95609853122227,23.960338251509154],[70.90609853122227,23.960338251509154],[70.90609853122227,24.010338251509155],[70.95609853122227,24.010338251509155],[70.95609853122227,23.960338251509154]]]}},{"type":"Feature","properties":{"GRID_CODE":"GJ-KU-RAN-152","DISTRICT":"Kachchh","BLOCK":"Rann of Kachchh"},"geometry":{"type":"Polygon","coordinates":[[[68.85609853122227,24.110338251509157],[68.80609853122226,24.110338251509157],[68.80609853122226,24.160338251509154],[68.85609853122227,24.160338251509154],[68.85609853122227,24.110338251509157]]]}},{"type":"Feature","properties":{"GRID_CODE":"GJ-KU-RAN-484","DISTRICT":"Kachchh","BLOCK":"Rann of Kachchh"},"geometry":{"type":"Polygon","coordinates":[[[70.60609853122227,23.810338251509156],[70.55609853122226,23.810338251509156],[70.55609853122226,23.860338251509157],[70.60609853122227,23.860338251509157],[70.60609853122227,23.810338251509156]]]}},{"type":"Feature","properties":{"GRID_CODE":"GJ-KU-RAN-304","DISTRICT":"Kachchh","BLOCK":"Rann of Kachchh"},"geometry":{"type":"Polygon","coordinates":[[[68.50609853122227,23.960338251509154],[68.45609853122227,23.960338251509154],[68.45609853122227,24.010338251509155],[68.50609853122227,24.010338251509155],[68.50609853122227,23.960338251509154]]]}},{"type":"Feature","properties":{"GRID_CODE":"GJ-KU-BHA-002","DISTRICT":"Kachchh","BLOCK":"Bhachau"},"geometry":{"type":"Polygon","coordinates":[[[70.20609853122227,23.860338251509157],[70.15609853122227,23.860338251509157],[70.15609853122227,23.910338251509154],[70.20609853122227,23.910338251509154],[70.20609853122227,23.860338251509157]]]}},{"type":"Feature","properties":{"GRID_CODE":"GJ-KU-RAN-012","DISTRICT":"Kachchh","BLOCK":"Rann of Kachchh"},"geometry":{"type":"Polygon","coordinates":[[[71.15609853122227,24.510338251509155],[71.10609853122227,24.510338251509155],[71.10609853122227,24.560338251509156],[71.15609853122227,24.560338251509156],[71.15609853122227,24.510338251509155]]]}},{"type":"Feature","properties":{"GRID_CODE":"GJ-KU-RAN-182","DISTRICT":"Kachchh","BLOCK":"Rann of Kachchh"},"geometry":{"type":"Polygon","coordinates":[[[70.35609853122227,24.110338251509157],[70.30609853122226,24.110338251509157],[70.30609853122226,24.160338251509154],[70.35609853122227,24.160338251509154],[70.35609853122227,24.110338251509157]]]}},{"type":"Feature","properties":{"GRID_CODE":"GJ-KU-MAN-033","DISTRICT":"Kachchh","BLOCK":"Mandvi"},"geometry":{"type":"Polygon","coordinates":[[[69.40609853122227,22.910338251509154],[69.35609853122227,22.910338251509154],[69.35609853122227,22.960338251509154],[69.40609853122227,22.960338251509154],[69.40609853122227,22.910338251509154]]]}},{"type":"Feature","properties":{"GRID_CODE":"GJ-KU-BHU-150","DISTRICT":"Kachchh","BLOCK":"Bhuj"},"geometry":{"type":"Polygon","coordinates":[[[69.85609853122227,23.160338251509154],[69.80609853122226,23.160338251509154],[69.80609853122226,23.210338251509154],[69.85609853122227,23.210338251509154],[69.85609853122227,23.160338251509154]]]}},{"type":"Feature","properties":{"GRID_CODE":"GJ-KU-BHU-091","DISTRICT":"Kachchh","BLOCK":"Bhuj"},"geometry":{"type":"Polygon","coordinates":[[[70.00609853122227,23.410338251509154],[69.95609853122227,23.410338251509154],[69.95609853122227,23.460338251509154],[70.00609853122227,23.460338251509154],[70.00609853122227,23.410338251509154]]]}},{"type":"Feature","properties":{"GRID_CODE":"GJ-KU-LIT-038","DISTRICT":"Kachchh","BLOCK":"Little Rann"},"geometry":{"type":"Polygon","coordinates":[[[69.60609853122227,23.460338251509154],[69.55609853122226,23.460338251509154],[69.55609853122226,23.510338251509155],[69.60609853122227,23.510338251509155],[69.60609853122227,23.460338251509154]]]}},{"type":"Feature","properties":{"GRID_CODE":"GJ-KU-NAK-051","DISTRICT":"Kachchh","BLOCK":"Nakhatrana"},"geometry":{"type":"Polygon","coordinates":[[[69.25609853122227,23.310338251509156],[69.20609853122227,23.310338251509156],[69.20609853122227,23.360338251509157],[69.25609853122227,23.360338251509157],[69.25609853122227,23.310338251509156]]]}},{"type":"Feature","properties":{"GRID_CODE":"GJ-KU-LIT-009","DISTRICT":"Kachchh","BLOCK":"Little Rann"},"geometry":{"type":"Polygon","coordinates":[[[69.40609853122227,23.560338251509156],[69.35609853122227,23.560338251509156],[69.35609853122227,23.610338251509157],[69.40609853122227,23.610338251509157],[69.40609853122227,23.560338251509156]]]}},{"type":"Feature","properties":{"GRID_CODE":"GJ-KU-RAP-083","DISTRICT":"Kachchh","BLOCK":"Rapar"},"geometry":{"type":"Polygon","coordinates":[[[71.10609853122227,23.460338251509154],[71.05609853122226,23.460338251509154],[71.05609853122226,23.510338251509155],[71.10609853122227,23.510338251509155],[71.10609853122227,23.460338251509154]]]}},{"type":"Feature","properties":{"GRID_CODE":"GJ-KU-LAK-040","DISTRICT":"Kachchh","BLOCK":"Lakhpat"},"geometry":{"type":"Polygon","coordinates":[[[69.00609853122227,23.610338251509157],[68.95609853122227,23.610338251509157],[68.95609853122227,23.660338251509154],[69.00609853122227,23.660338251509154],[69.00609853122227,23.610338251509157]]]}},{"type":"Feature","properties":{"GRID_CODE":"GJ-KU-RAP-098","DISTRICT":"Kachchh","BLOCK":"Rapar"},"geometry":{"type":"Polygon","coordinates":[[[70.75609853122227,23.310338251509156],[70.70609853122227,23.310338251509156],[70.70609853122227,23.360338251509157],[70.75609853122227,23.360338251509157],[70.75609853122227,23.310338251509156]]]}},{"type":"Feature","properties":{"GRID_CODE":"GJ-KU-LAK-066","DISTRICT":"Kachchh","BLOCK":"Lakhpat"},"geometry":{"type":"Polygon","coordinates":[[[68.65609853122227,23.460338251509154],[68.60609853122227,23.460338251509154],[68.60609853122227,23.510338251509155],[68.65609853122227,23.510338251509155],[68.65609853122227,23.460338251509154]]]}},{"type":"Feature","properties":{"GRID_CODE":"GJ-KU-RAN-167","DISTRICT":"Kachchh","BLOCK":"Rann of Kachchh"},"geometry":{"type":"Polygon","coordinates":[[[69.60609853122227,24.110338251509157],[69.55609853122226,24.110338251509157],[69.55609853122226,24.160338251509154],[69.60609853122227,24.160338251509154],[69.60609853122227,24.110338251509157]]]}},{"type":"Feature","properties":{"GRID_CODE":"GJ-KU-RAP-037","DISTRICT":"Kachchh","BLOCK":"Rapar"},"geometry":{"type":"Polygon","coordinates":[[[70.50609853122227,23.610338251509157],[70.45609853122227,23.610338251509157],[70.45609853122227,23.660338251509154],[70.50609853122227,23.660338251509154],[70.50609853122227,23.610338251509157]]]}},{"type":"Feature","properties":{"GRID_CODE":"GJ-KU-RAN-491","DISTRICT":"Kachchh","BLOCK":"Rann of Kachchh"},"geometry":{"type":"Polygon","coordinates":[[[68.40609853122227,23.760338251509155],[68.35609853122227,23.760338251509155],[68.35609853122227,23.810338251509156],[68.40609853122227,23.810338251509156],[68.40609853122227,23.760338251509155]]]}},{"type":"Feature","properties":{"GRID_CODE":"GJ-KU-RAN-594","DISTRICT":"Kachchh","BLOCK":"Rann of Kachchh"},"geometry":{"type":"Polygon","coordinates":[[[70.15609853122227,23.460338251509154],[70.10609853122227,23.460338251509154],[70.10609853122227,23.510338251509155],[70.15609853122227,23.510338251509155],[70.15609853122227,23.460338251509154]]]}},{"type":"Feature","properties":{"GRID_CODE":"GJ-KU-RAN-197","DISTRICT":"Kachchh","BLOCK":"Rann of Kachchh"},"geometry":{"type":"Polygon","coordinates":[[[71.10609853122227,24.110338251509157],[71.05609853122226,24.110338251509157],[71.05609853122226,24.160338251509154],[71.10609853122227,24.160338251509154],[71.10609853122227,24.110338251509157]]]}},{"type":"Feature","properties":{"GRID_CODE":"GJ-KU-RAN-044","DISTRICT":"Kachchh","BLOCK":"Rann of Kachchh"},"geometry":{"type":"Polygon","coordinates":[[[71.05609853122226,24.310338251509156],[71.00609853122227,24.310338251509156],[71.00609853122227,24.360338251509157],[71.05609853122226,24.360338251509157],[71.05609853122226,24.310338251509156]]]}},{"type":"Feature","properties":{"GRID_CODE":"GJ-KU-BHU-023","DISTRICT":"Kachchh","BLOCK":"Bhuj"},"geometry":{"type":"Polygon","coordinates":[[[69.90609853122227,23.760338251509155],[69.85609853122227,23.760338251509155],[69.85609853122227,23.810338251509156],[69.90609853122227,23.810338251509156],[69.90609853122227,23.760338251509155]]]}},{"type":"Feature","properties":{"GRID_CODE":"GJ-KU-BHU-060","DISTRICT":"Kachchh","BLOCK":"Bhuj"},"geometry":{"type":"Polygon","coordinates":[[[69.55609853122226,23.610338251509157],[69.50609853122227,23.610338251509157],[69.50609853122227,23.660338251509154],[69.55609853122226,23.660338251509154],[69.55609853122226,23.610338251509157]]]}},{"type":"Feature","properties":{"GRID_CODE":"GJ-KU-RAN-061","DISTRICT":"Kachchh","BLOCK":"Rann of Kachchh"},"geometry":{"type":"Polygon","coordinates":[[[70.50609853122227,24.260338251509155],[70.45609853122227,24.260338251509155],[70.45609853122227,24.310338251509156],[70.50609853122227,24.310338251509156],[70.50609853122227,24.260338251509155]]]}},{"type":"Feature","properties":{"GRID_CODE":"GJ-KU-RAN-495","DISTRICT":"Kachchh","BLOCK":"Rann of Kachchh"},"geometry":{"type":"Polygon","coordinates":[[[68.95609853122227,23.760338251509155],[68.90609853122227,23.760338251509155],[68.90609853122227,23.810338251509156],[68.95609853122227,23.810338251509156],[68.95609853122227,23.760338251509155]]]}},{"type":"Feature","properties":{"GRID_CODE":"GJ-KU-LIT-158","DISTRICT":"Kachchh","BLOCK":"Little Rann"},"geometry":{"type":"Polygon","coordinates":[[[70.65609853122227,23.110338251509157],[70.60609853122227,23.110338251509157],[70.60609853122227,23.160338251509154],[70.65609853122227,23.160338251509154],[70.65609853122227,23.110338251509157]]]}},{"type":"Feature","properties":{"GRID_CODE":"GJ-KU-LIT-181","DISTRICT":"Kachchh","BLOCK":"Little Rann"},"geometry":{"type":"Polygon","coordinates":[[[70.30609853122226,22.960338251509154],[70.25609853122227,22.960338251509154],[70.25609853122227,23.010338251509155],[70.30609853122226,23.010338251509155],[70.30609853122226,22.960338251509154]]]}},{"type":"Feature","properties":{"GRID_CODE":"GJ-KU-ANJ-006","DISTRICT":"Kachchh","BLOCK":"Anjar"},"geometry":{"type":"Polygon","coordinates":[[[70.05609853122226,23.260338251509155],[70.00609853122227,23.260338251509155],[70.00609853122227,23.310338251509156],[70.05609853122226,23.310338251509156],[70.05609853122226,23.260338251509155]]]}},{"type":"Feature","properties":{"GRID_CODE":"GJ-KU-BHU-156","DISTRICT":"Kachchh","BLOCK":"Bhuj"},"geometry":{"type":"Polygon","coordinates":[[[69.70609853122227,23.110338251509157],[69.65609853122227,23.110338251509157],[69.65609853122227,23.160338251509154],[69.70609853122227,23.160338251509154],[69.70609853122227,23.110338251509157]]]}},{"type":"Feature","properties":{"GRID_CODE":"GJ-KU-RAP-015","DISTRICT":"Kachchh","BLOCK":"Rapar"},"geometry":{"type":"Polygon","coordinates":[[[70.65609853122227,23.760338251509155],[70.60609853122227,23.760338251509155],[70.60609853122227,23.810338251509156],[70.65609853122227,23.810338251509156],[70.65609853122227,23.760338251509155]]]}},{"type":"Feature","properties":{"GRID_CODE":"GJ-KU-RAN-359","DISTRICT":"Kachchh","BLOCK":"Rann of Kachchh"},"geometry":{"type":"Polygon","coordinates":[[[68.55609853122226,23.910338251509154],[68.50609853122227,23.910338251509154],[68.50609853122227,23.960338251509154],[68.55609853122226,23.960338251509154],[68.55609853122226,23.910338251509154]]]}},{"type":"Feature","properties":{"GRID_CODE":"GJ-KU-MAN-022","DISTRICT":"Kachchh","BLOCK":"Mandvi"},"geometry":{"type":"Polygon","coordinates":[[[69.35609853122227,22.960338251509154],[69.30609853122226,22.960338251509154],[69.30609853122226,23.010338251509155],[69.35609853122227,23.010338251509155],[69.35609853122227,22.960338251509154]]]}},{"type":"Feature","properties":{"GRID_CODE":"GJ-KU-LIT-107","DISTRICT":"Kachchh","BLOCK":"Little Rann"},"geometry":{"type":"Polygon","coordinates":[[[71.55609853122226,23.260338251509155],[71.50609853122227,23.260338251509155],[71.50609853122227,23.310338251509156],[71.55609853122226,23.310338251509156],[71.55609853122226,23.260338251509155]]]}},{"type":"Feature","properties":{"GRID_CODE":"GJ-KU-NAK-037","DISTRICT":"Kachchh","BLOCK":"Nakhatrana"},"geometry":{"type":"Polygon","coordinates":[[[69.45609853122227,23.410338251509154],[69.40609853122227,23.410338251509154],[69.40609853122227,23.460338251509154],[69.45609853122227,23.460338251509154],[69.45609853122227,23.410338251509154]]]}},{"type":"Feature","properties":{"GRID_CODE":"GJ-KU-ABD-041","DISTRICT":"Kachchh","BLOCK":"Abdasa"},"geometry":{"type":"Polygon","coordinates":[[[69.10609853122227,23.260338251509155],[69.05609853122226,23.260338251509155],[69.05609853122226,23.310338251509156],[69.10609853122227,23.310338251509156],[69.10609853122227,23.260338251509155]]]}},{"type":"Feature","properties":{"GRID_CODE":"GJ-KU-RAN-386","DISTRICT":"Kachchh","BLOCK":"Rann of Kachchh"},"geometry":{"type":"Polygon","coordinates":[[[70.05609853122226,23.910338251509154],[70.00609853122227,23.910338251509154],[70.00609853122227,23.960338251509154],[70.05609853122226,23.960338251509154],[70.05609853122226,23.910338251509154]]]}},{"type":"Feature","properties":{"GRID_CODE":"GJ-KU-LIT-135","DISTRICT":"Kachchh","BLOCK":"Little Rann"},"geometry":{"type":"Polygon","coordinates":[[[70.80609853122226,23.160338251509154],[70.75609853122227,23.160338251509154],[70.75609853122227,23.210338251509154],[70.80609853122226,23.210338251509154],[70.80609853122226,23.160338251509154]]]}},{"type":"Feature","properties":{"GRID_CODE":"GJ-KU-RAP-090","DISTRICT":"Kachchh","BLOCK":"Rapar"},"geometry":{"type":"Polygon","coordinates":[[[70.95609853122227,23.410338251509154],[70.90609853122227,23.410338251509154],[70.90609853122227,23.460338251509154],[70.95609853122227,23.460338251509154],[70.95609853122227,23.410338251509154]]]}},{"type":"Feature","properties":{"GRID_CODE":"GJ-KU-BHA-058","DISTRICT":"Kachchh","BLOCK":"Bhachau"},"geometry":{"type":"Polygon","coordinates":[[[70.60609853122227,23.260338251509155],[70.55609853122226,23.260338251509155],[70.55609853122226,23.310338251509156],[70.60609853122227,23.310338251509156],[70.60609853122227,23.260338251509155]]]}},{"type":"Feature","properties":{"GRID_CODE":"GJ-KU-LAK-073","DISTRICT":"Kachchh","BLOCK":"Lakhpat"},"geometry":{"type":"Polygon","coordinates":[[[68.50609853122227,23.410338251509154],[68.45609853122227,23.410338251509154],[68.45609853122227,23.460338251509154],[68.50609853122227,23.460338251509154],[68.50609853122227,23.410338251509154]]]}},{"type":"Feature","properties":{"GRID_CODE":"GJ-KU-RAN-214","DISTRICT":"Kachchh","BLOCK":"Rann of Kachchh"},"geometry":{"type":"Polygon","coordinates":[[[69.45609853122227,24.060338251509156],[69.40609853122227,24.060338251509156],[69.40609853122227,24.110338251509157],[69.45609853122227,24.110338251509157],[69.45609853122227,24.060338251509156]]]}},{"type":"Feature","properties":{"GRID_CODE":"GJ-KU-RAN-370","DISTRICT":"Kachchh","BLOCK":"Rann of Kachchh"},"geometry":{"type":"Polygon","coordinates":[[[69.10609853122227,23.910338251509154],[69.05609853122226,23.910338251509154],[69.05609853122226,23.960338251509154],[69.10609853122227,23.960338251509154],[69.10609853122227,23.910338251509154]]]}},{"type":"Feature","properties":{"GRID_CODE":"GJ-KU-RAN-352","DISTRICT":"Kachchh","BLOCK":"Rann of Kachchh"},"geometry":{"type":"Polygon","coordinates":[[[71.15609853122227,23.960338251509154],[71.10609853122227,23.960338251509154],[71.10609853122227,24.010338251509155],[71.15609853122227,24.010338251509155],[71.15609853122227,23.960338251509154]]]}},{"type":"Feature","properties":{"GRID_CODE":"GJ-KU-RAN-105","DISTRICT":"Kachchh","BLOCK":"Rann of Kachchh"},"geometry":{"type":"Polygon","coordinates":[[[71.30609853122226,24.210338251509154],[71.25609853122227,24.210338251509154],[71.25609853122227,24.260338251509155],[71.30609853122226,24.260338251509155],[71.30609853122226,24.210338251509154]]]}},{"type":"Feature","properties":{"GRID_CODE":"GJ-KU-RAP-012","DISTRICT":"Kachchh","BLOCK":"Rapar"},"geometry":{"type":"Polygon","coordinates":[[[70.80609853122226,23.810338251509156],[70.75609853122227,23.810338251509156],[70.75609853122227,23.860338251509157],[70.80609853122226,23.860338251509157],[70.80609853122226,23.810338251509156]]]}},{"type":"Feature","properties":{"GRID_CODE":"GJ-KU-RAN-244","DISTRICT":"Kachchh","BLOCK":"Rann of Kachchh"},"geometry":{"type":"Polygon","coordinates":[[[70.95609853122227,24.060338251509156],[70.90609853122227,24.060338251509156],[70.90609853122227,24.110338251509157],[70.95609853122227,24.110338251509157],[70.95609853122227,24.060338251509156]]]}},{"type":"Feature","properties":{"GRID_CODE":"GJ-KU-RAN-073","DISTRICT":"Kachchh","BLOCK":"Rann of Kachchh"},"geometry":{"type":"Polygon","coordinates":[[[68.85609853122227,24.210338251509154],[68.80609853122226,24.210338251509154],[68.80609853122226,24.260338251509155],[68.85609853122227,24.260338251509155],[68.85609853122227,24.210338251509154]]]}},{"type":"Feature","properties":{"GRID_CODE":"GJ-KU-RAP-001","DISTRICT":"Kachchh","BLOCK":"Rapar"},"geometry":{"type":"Polygon","coordinates":[[[70.60609853122227,23.910338251509154],[70.55609853122226,23.910338251509154],[70.55609853122226,23.960338251509154],[70.60609853122227,23.960338251509154],[70.60609853122227,23.910338251509154]]]}},{"type":"Feature","properties":{"GRID_CODE":"GJ-KU-RAN-186","DISTRICT":"Kachchh","BLOCK":"Rann of Kachchh"},"geometry":{"type":"Polygon","coordinates":[[[70.55609853122226,24.110338251509157],[70.50609853122227,24.110338251509157],[70.50609853122227,24.160338251509154],[70.55609853122226,24.160338251509154],[70.55609853122226,24.110338251509157]]]}},{"type":"Feature","properties":{"GRID_CODE":"GJ-KU-RAN-333","DISTRICT":"Kachchh","BLOCK":"Rann of Kachchh"},"geometry":{"type":"Polygon","coordinates":[[[70.20609853122227,23.960338251509154],[70.15609853122227,23.960338251509154],[70.15609853122227,24.010338251509155],[70.20609853122227,24.010338251509155],[70.20609853122227,23.960338251509154]]]}},{"type":"Feature","properties":{"GRID_CODE":"GJ-KU-RAN-002","DISTRICT":"Kachchh","BLOCK":"Rann of Kachchh"},"geometry":{"type":"Polygon","coordinates":[[[71.15609853122227,24.610338251509157],[71.10609853122227,24.610338251509157],[71.10609853122227,24.660338251509154],[71.15609853122227,24.660338251509154],[71.15609853122227,24.610338251509157]]]}},{"type":"Feature","properties":{"GRID_CODE":"GJ-KU-RAN-092","DISTRICT":"Kachchh","BLOCK":"Rann of Kachchh"},"geometry":{"type":"Polygon","coordinates":[[[70.35609853122227,24.210338251509154],[70.30609853122226,24.210338251509154],[70.30609853122226,24.260338251509155],[70.35609853122227,24.260338251509155],[70.35609853122227,24.210338251509154]]]}},{"type":"Feature","properties":{"GRID_CODE":"GJ-KU-COA-007","DISTRICT":"Kachchh","BLOCK":"Coastal Area"},"geometry":{"type":"Polygon","coordinates":[[[70.00609853122227,22.860338251509157],[69.95609853122227,22.860338251509157],[69.95609853122227,22.910338251509154],[70.00609853122227,22.910338251509154],[70.00609853122227,22.860338251509157]]]}},{"type":"Feature","properties":{"GRID_CODE":"GJ-KU-MUN-009","DISTRICT":"Kachchh","BLOCK":"Mundra"},"geometry":{"type":"Polygon","coordinates":[[[69.60609853122227,22.910338251509154],[69.55609853122226,22.910338251509154],[69.55609853122226,22.960338251509154],[69.60609853122227,22.960338251509154],[69.60609853122227,22.910338251509154]]]}},{"type":"Feature","properties":{"GRID_CODE":"GJ-KU-MAN-014","DISTRICT":"Kachchh","BLOCK":"Mandvi"},"geometry":{"type":"Polygon","coordinates":[[[69.40609853122227,23.010338251509155],[69.35609853122227,23.010338251509155],[69.35609853122227,23.060338251509156],[69.40609853122227,23.060338251509156],[69.40609853122227,23.010338251509155]]]}},{"type":"Feature","properties":{"GRID_CODE":"GJ-KU-LIT-013","DISTRICT":"Kachchh","BLOCK":"Little Rann"},"geometry":{"type":"Polygon","coordinates":[[[69.60609853122227,23.560338251509156],[69.55609853122226,23.560338251509156],[69.55609853122226,23.610338251509157],[69.60609853122227,23.610338251509157],[69.60609853122227,23.560338251509156]]]}},{"type":"Feature","properties":{"GRID_CODE":"GJ-KU-NAK-033","DISTRICT":"Kachchh","BLOCK":"Nakhatrana"},"geometry":{"type":"Polygon","coordinates":[[[69.25609853122227,23.410338251509154],[69.20609853122227,23.410338251509154],[69.20609853122227,23.460338251509154],[69.25609853122227,23.460338251509154],[69.25609853122227,23.410338251509154]]]}},{"type":"Feature","properties":{"GRID_CODE":"GJ-KU-BHU-043","DISTRICT":"Kachchh","BLOCK":"Bhuj"},"geometry":{"type":"Polygon","coordinates":[[[69.40609853122227,23.660338251509154],[69.35609853122227,23.660338251509154],[69.35609853122227,23.710338251509154],[69.40609853122227,23.710338251509154],[69.40609853122227,23.660338251509154]]]}},{"type":"Feature","properties":{"GRID_CODE":"GJ-KU-COA-005","DISTRICT":"Kachchh","BLOCK":"Coastal Area"},"geometry":{"type":"Polygon","coordinates":[[[70.15609853122227,22.910338251509154],[70.10609853122227,22.910338251509154],[70.10609853122227,22.960338251509154],[70.15609853122227,22.960338251509154],[70.15609853122227,22.910338251509154]]]}},{"type":"Feature","properties":{"GRID_CODE":"GJ-KU-LIT-015","DISTRICT":"Kachchh","BLOCK":"Little Rann"},"geometry":{"type":"Polygon","coordinates":[[[71.10609853122227,23.560338251509156],[71.05609853122226,23.560338251509156],[71.05609853122226,23.610338251509157],[71.10609853122227,23.610338251509157],[71.10609853122227,23.560338251509156]]]}},{"type":"Feature","properties":{"GRID_CODE":"GJ-KU-LAK-016","DISTRICT":"Kachchh","BLOCK":"Lakhpat"},"geometry":{"type":"Polygon","coordinates":[[[69.00609853122227,23.710338251509154],[68.95609853122227,23.710338251509154],[68.95609853122227,23.760338251509155],[69.00609853122227,23.760338251509155],[69.00609853122227,23.710338251509154]]]}},{"type":"Feature","properties":{"GRID_CODE":"GJ-KU-RAP-086","DISTRICT":"Kachchh","BLOCK":"Rapar"},"geometry":{"type":"Polygon","coordinates":[[[70.75609853122227,23.410338251509154],[70.70609853122227,23.410338251509154],[70.70609853122227,23.460338251509154],[70.75609853122227,23.460338251509154],[70.75609853122227,23.410338251509154]]]}},{"type":"Feature","properties":{"GRID_CODE":"GJ-KU-LAK-047","DISTRICT":"Kachchh","BLOCK":"Lakhpat"},"geometry":{"type":"Polygon","coordinates":[[[68.65609853122227,23.560338251509156],[68.60609853122227,23.560338251509156],[68.60609853122227,23.610338251509157],[68.65609853122227,23.610338251509157],[68.65609853122227,23.560338251509156]]]}},{"type":"Feature","properties":{"GRID_CODE":"GJ-KU-RAP-008","DISTRICT":"Kachchh","BLOCK":"Rapar"},"geometry":{"type":"Polygon","coordinates":[[[70.85609853122227,23.860338251509157],[70.80609853122226,23.860338251509157],[70.80609853122226,23.910338251509154],[70.85609853122227,23.910338251509154],[70.85609853122227,23.860338251509157]]]}},{"type":"Feature","properties":{"GRID_CODE":"GJ-KU-BHU-161","DISTRICT":"Kachchh","BLOCK":"Bhuj"},"geometry":{"type":"Polygon","coordinates":[[[69.55609853122226,23.060338251509156],[69.50609853122227,23.060338251509156],[69.50609853122227,23.110338251509157],[69.55609853122226,23.110338251509157],[69.55609853122226,23.060338251509156]]]}},{"type":"Feature","properties":{"GRID_CODE":"GJ-KU-RAP-020","DISTRICT":"Kachchh","BLOCK":"Rapar"},"geometry":{"type":"Polygon","coordinates":[[[70.50609853122227,23.710338251509154],[70.45609853122227,23.710338251509154],[70.45609853122227,23.760338251509155],[70.50609853122227,23.760338251509155],[70.50609853122227,23.710338251509154]]]}},{"type":"Feature","properties":{"GRID_CODE":"GJ-KU-RAN-411","DISTRICT":"Kachchh","BLOCK":"Rann of Kachchh"},"geometry":{"type":"Polygon","coordinates":[[[68.40609853122227,23.860338251509157],[68.35609853122227,23.860338251509157],[68.35609853122227,23.910338251509154],[68.40609853122227,23.910338251509154],[68.40609853122227,23.860338251509157]]]}},{"type":"Feature","properties":{"GRID_CODE":"GJ-KU-RAN-412","DISTRICT":"Kachchh","BLOCK":"Rann of Kachchh"},"geometry":{"type":"Polygon","coordinates":[[[68.45609853122227,23.860338251509157],[68.40609853122227,23.860338251509157],[68.40609853122227,23.910338251509154],[68.45609853122227,23.910338251509154],[68.45609853122227,23.860338251509157]]]}},{"type":"Feature","properties":{"GRID_CODE":"GJ-KU-RAN-581","DISTRICT":"Kachchh","BLOCK":"Rann of Kachchh"},"geometry":{"type":"Polygon","coordinates":[[[70.15609853122227,23.560338251509156],[70.10609853122227,23.560338251509156],[70.10609853122227,23.610338251509157],[70.15609853122227,23.610338251509157],[70.15609853122227,23.560338251509156]]]}},{"type":"Feature","properties":{"GRID_CODE":"GJ-KU-RAN-022","DISTRICT":"Kachchh","BLOCK":"Rann of Kachchh"},"geometry":{"type":"Polygon","coordinates":[[[71.05609853122226,24.410338251509154],[71.00609853122227,24.410338251509154],[71.00609853122227,24.460338251509154],[71.05609853122226,24.460338251509154],[71.05609853122226,24.410338251509154]]]}},{"type":"Feature","properties":{"GRID_CODE":"GJ-KU-BHU-008","DISTRICT":"Kachchh","BLOCK":"Bhuj"},"geometry":{"type":"Polygon","coordinates":[[[69.90609853122227,23.860338251509157],[69.85609853122227,23.860338251509157],[69.85609853122227,23.910338251509154],[69.90609853122227,23.910338251509154],[69.90609853122227,23.860338251509157]]]}},{"type":"Feature","properties":{"GRID_CODE":"GJ-KU-BHU-031","DISTRICT":"Kachchh","BLOCK":"Bhuj"},"geometry":{"type":"Polygon","coordinates":[[[69.55609853122226,23.710338251509154],[69.50609853122227,23.710338251509154],[69.50609853122227,23.760338251509155],[69.55609853122226,23.760338251509155],[69.55609853122226,23.710338251509154]]]}},{"type":"Feature","properties":{"GRID_CODE":"GJ-KU-RAN-029","DISTRICT":"Kachchh","BLOCK":"Rann of Kachchh"},"geometry":{"type":"Polygon","coordinates":[[[70.50609853122227,24.360338251509157],[70.45609853122227,24.360338251509157],[70.45609853122227,24.410338251509154],[70.50609853122227,24.410338251509154],[70.50609853122227,24.360338251509157]]]}},{"type":"Feature","properties":{"GRID_CODE":"GJ-KU-RAN-499","DISTRICT":"Kachchh","BLOCK":"Rann of Kachchh"},"geometry":{"type":"Polygon","coordinates":[[[69.15609853122227,23.760338251509155],[69.10609853122227,23.760338251509155],[69.10609853122227,23.810338251509156],[69.15609853122227,23.810338251509156],[69.15609853122227,23.760338251509155]]]}},{"type":"Feature","properties":{"GRID_CODE":"GJ-KU-RAN-262","DISTRICT":"Kachchh","BLOCK":"Rann of Kachchh"},"geometry":{"type":"Polygon","coordinates":[[[69.30609853122226,24.010338251509155],[69.25609853122227,24.010338251509155],[69.25609853122227,24.060338251509156],[69.30609853122226,24.060338251509156],[69.30609853122226,24.010338251509155]]]}},{"type":"Feature","properties":{"GRID_CODE":"GJ-KU-RAN-422","DISTRICT":"Kachchh","BLOCK":"Rann of Kachchh"},"geometry":{"type":"Polygon","coordinates":[[[68.95609853122227,23.860338251509157],[68.90609853122227,23.860338251509157],[68.90609853122227,23.910338251509154],[68.95609853122227,23.910338251509154],[68.95609853122227,23.860338251509157]]]}},{"type":"Feature","properties":{"GRID_CODE":"GJ-KU-ABD-078","DISTRICT":"Kachchh","BLOCK":"Abdasa"},"geometry":{"type":"Polygon","coordinates":[[[68.80609853122226,23.060338251509156],[68.75609853122227,23.060338251509156],[68.75609853122227,23.110338251509157],[68.80609853122226,23.110338251509157],[68.80609853122226,23.060338251509156]]]}},{"type":"Feature","properties":{"GRID_CODE":"GJ-KU-BHA-070","DISTRICT":"Kachchh","BLOCK":"Bhachau"},"geometry":{"type":"Polygon","coordinates":[[[70.65609853122227,23.210338251509154],[70.60609853122227,23.210338251509154],[70.60609853122227,23.260338251509155],[70.65609853122227,23.260338251509155],[70.65609853122227,23.210338251509154]]]}},{"type":"Feature","properties":{"GRID_CODE":"GJ-KU-LIT-164","DISTRICT":"Kachchh","BLOCK":"Little Rann"},"geometry":{"type":"Polygon","coordinates":[[[70.30609853122226,23.060338251509156],[70.25609853122227,23.060338251509156],[70.25609853122227,23.110338251509157],[70.30609853122226,23.110338251509157],[70.30609853122226,23.060338251509156]]]}},{"type":"Feature","properties":{"GRID_CODE":"GJ-KU-BHU-105","DISTRICT":"Kachchh","BLOCK":"Bhuj"},"geometry":{"type":"Polygon","coordinates":[[[70.05609853122226,23.360338251509157],[70.00609853122227,23.360338251509157],[70.00609853122227,23.410338251509154],[70.05609853122226,23.410338251509154],[70.05609853122226,23.360338251509157]]]}},{"type":"Feature","properties":{"GRID_CODE":"GJ-KU-BHU-135","DISTRICT":"Kachchh","BLOCK":"Bhuj"},"geometry":{"type":"Polygon","coordinates":[[[69.70609853122227,23.210338251509154],[69.65609853122227,23.210338251509154],[69.65609853122227,23.260338251509155],[69.70609853122227,23.260338251509155],[69.70609853122227,23.210338251509154]]]}},{"type":"Feature","properties":{"GRID_CODE":"GJ-KU-LIT-074","DISTRICT":"Kachchh","BLOCK":"Little Rann"},"geometry":{"type":"Polygon","coordinates":[[[71.55609853122226,23.360338251509157],[71.50609853122227,23.360338251509157],[71.50609853122227,23.410338251509154],[71.55609853122226,23.410338251509154],[71.55609853122226,23.360338251509157]]]}},{"type":"Feature","properties":{"GRID_CODE":"GJ-KU-LIT-024","DISTRICT":"Kachchh","BLOCK":"Little Rann"},"geometry":{"type":"Polygon","coordinates":[[[69.45609853122227,23.510338251509155],[69.40609853122227,23.510338251509155],[69.40609853122227,23.560338251509156],[69.45609853122227,23.560338251509156],[69.45609853122227,23.510338251509155]]]}},{"type":"Feature","properties":{"GRID_CODE":"GJ-KU-LIT-119","DISTRICT":"Kachchh","BLOCK":"Little Rann"},"geometry":{"type":"Polygon","coordinates":[[[71.20609853122227,23.210338251509154],[71.15609853122227,23.210338251509154],[71.15609853122227,23.260338251509155],[71.20609853122227,23.260338251509155],[71.20609853122227,23.210338251509154]]]}},{"type":"Feature","properties":{"GRID_CODE":"GJ-KU-NAK-041","DISTRICT":"Kachchh","BLOCK":"Nakhatrana"},"geometry":{"type":"Polygon","coordinates":[[[69.10609853122227,23.360338251509157],[69.05609853122226,23.360338251509157],[69.05609853122226,23.410338251509154],[69.10609853122227,23.410338251509154],[69.10609853122227,23.360338251509157]]]}},{"type":"Feature","properties":{"GRID_CODE":"GJ-KU-RAN-277","DISTRICT":"Kachchh","BLOCK":"Rann of Kachchh"},"geometry":{"type":"Polygon","coordinates":[[[70.05609853122226,24.010338251509155],[70.00609853122227,24.010338251509155],[70.00609853122227,24.060338251509156],[70.05609853122226,24.060338251509156],[70.05609853122226,24.010338251509155]]]}},{"type":"Feature","properties":{"GRID_CODE":"GJ-KU-RAP-100","DISTRICT":"Kachchh","BLOCK":"Rapar"},"geometry":{"type":"Polygon","coordinates":[[[70.80609853122226,23.260338251509155],[70.75609853122227,23.260338251509155],[70.75609853122227,23.310338251509156],[70.80609853122226,23.310338251509156],[70.80609853122226,23.260338251509155]]]}},{"type":"Feature","properties":{"GRID_CODE":"GJ-KU-RAP-069","DISTRICT":"Kachchh","BLOCK":"Rapar"},"geometry":{"type":"Polygon","coordinates":[[[70.95609853122227,23.510338251509155],[70.90609853122227,23.510338251509155],[70.90609853122227,23.560338251509156],[70.95609853122227,23.560338251509156],[70.95609853122227,23.510338251509155]]]}},{"type":"Feature","properties":{"GRID_CODE":"GJ-KU-LAK-023","DISTRICT":"Kachchh","BLOCK":"Lakhpat"},"geometry":{"type":"Polygon","coordinates":[[[68.85609853122227,23.660338251509154],[68.80609853122226,23.660338251509154],[68.80609853122226,23.710338251509154],[68.85609853122227,23.710338251509154],[68.85609853122227,23.660338251509154]]]}},{"type":"Feature","properties":{"GRID_CODE":"GJ-KU-BHA-038","DISTRICT":"Kachchh","BLOCK":"Bhachau"},"geometry":{"type":"Polygon","coordinates":[[[70.60609853122227,23.360338251509157],[70.55609853122226,23.360338251509157],[70.55609853122226,23.410338251509154],[70.60609853122227,23.410338251509154],[70.60609853122227,23.360338251509157]]]}},{"type":"Feature","properties":{"GRID_CODE":"GJ-KU-LAK-054","DISTRICT":"Kachchh","BLOCK":"Lakhpat"},"geometry":{"type":"Polygon","coordinates":[[[68.50609853122227,23.510338251509155],[68.45609853122227,23.510338251509155],[68.45609853122227,23.560338251509156],[68.50609853122227,23.560338251509156],[68.50609853122227,23.510338251509155]]]}},{"type":"Feature","properties":{"GRID_CODE":"GJ-KU-RAN-119","DISTRICT":"Kachchh","BLOCK":"Rann of Kachchh"},"geometry":{"type":"Polygon","coordinates":[[[69.45609853122227,24.160338251509154],[69.40609853122227,24.160338251509154],[69.40609853122227,24.210338251509154],[69.45609853122227,24.210338251509154],[69.45609853122227,24.160338251509154]]]}},{"type":"Feature","properties":{"GRID_CODE":"GJ-KU-RAN-597","DISTRICT":"Kachchh","BLOCK":"Rann of Kachchh"},"geometry":{"type":"Polygon","coordinates":[[[70.20609853122227,23.410338251509154],[70.15609853122227,23.410338251509154],[70.15609853122227,23.460338251509154],[70.20609853122227,23.460338251509154],[70.20609853122227,23.410338251509154]]]}},{"type":"Feature","properties":{"GRID_CODE":"GJ-KU-RAN-248","DISTRICT":"Kachchh","BLOCK":"Rann of Kachchh"},"geometry":{"type":"Polygon","coordinates":[[[71.15609853122227,24.060338251509156],[71.10609853122227,24.060338251509156],[71.10609853122227,24.110338251509157],[71.15609853122227,24.110338251509157],[71.15609853122227,24.060338251509156]]]}},{"type":"Feature","properties":{"GRID_CODE":"GJ-KU-RAN-557","DISTRICT":"Kachchh","BLOCK":"Rann of Kachchh"},"geometry":{"type":"Polygon","coordinates":[[[70.35609853122227,23.660338251509154],[70.30609853122226,23.660338251509154],[70.30609853122226,23.710338251509154],[70.35609853122227,23.710338251509154],[70.35609853122227,23.660338251509154]]]}},{"type":"Feature","properties":{"GRID_CODE":"GJ-KU-RAN-049","DISTRICT":"Kachchh","BLOCK":"Rann of Kachchh"},"geometry":{"type":"Polygon","coordinates":[[[71.30609853122226,24.310338251509156],[71.25609853122227,24.310338251509156],[71.25609853122227,24.360338251509157],[71.30609853122226,24.360338251509157],[71.30609853122226,24.310338251509156]]]}},{"type":"Feature","properties":{"GRID_CODE":"GJ-KU-RAN-398","DISTRICT":"Kachchh","BLOCK":"Rann of Kachchh"},"geometry":{"type":"Polygon","coordinates":[[[70.80609853122226,23.910338251509154],[70.75609853122227,23.910338251509154],[70.75609853122227,23.960338251509154],[70.80609853122226,23.960338251509154],[70.80609853122226,23.910338251509154]]]}},{"type":"Feature","properties":{"GRID_CODE":"GJ-KU-RAN-142","DISTRICT":"Kachchh","BLOCK":"Rann of Kachchh"},"geometry":{"type":"Polygon","coordinates":[[[70.95609853122227,24.160338251509154],[70.90609853122227,24.160338251509154],[70.90609853122227,24.210338251509154],[70.95609853122227,24.210338251509154],[70.95609853122227,24.160338251509154]]]}},{"type":"Feature","properties":{"GRID_CODE":"GJ-KU-RAN-096","DISTRICT":"Kachchh","BLOCK":"Rann of Kachchh"},"geometry":{"type":"Polygon","coordinates":[[[70.55609853122226,24.210338251509154],[70.50609853122227,24.210338251509154],[70.50609853122227,24.260338251509155],[70.55609853122226,24.260338251509155],[70.55609853122226,24.210338251509154]]]}},{"type":"Feature","properties":{"GRID_CODE":"GJ-KU-RAN-229","DISTRICT":"Kachchh","BLOCK":"Rann of Kachchh"},"geometry":{"type":"Polygon","coordinates":[[[70.20609853122227,24.060338251509156],[70.15609853122227,24.060338251509156],[70.15609853122227,24.110338251509157],[70.20609853122227,24.110338251509157],[70.20609853122227,24.060338251509156]]]}},{"type":"Feature","properties":{"GRID_CODE":"GJ-KU-RAN-038","DISTRICT":"Kachchh","BLOCK":"Rann of Kachchh"},"geometry":{"type":"Polygon","coordinates":[[[70.35609853122227,24.310338251509156],[70.30609853122226,24.310338251509156],[70.30609853122226,24.360338251509157],[70.35609853122227,24.360338251509157],[70.35609853122227,24.310338251509156]]]}}]}
