{"type":"FeatureCollection","features":[{"type":"Feature","properties":{"GRID_CODE":"GJ-KU-ANJ-040","STATE":"Gujarat","DISTRICT":"Kachchh","BLOCK":"Anjar","n_lists":0,"n_birders":0,"n_species":0,"focal_lists":0},"geometry":{"type":"Polygon","coordinates":[[[70.00609853122227,22.960338251509154],[69.95609853122227,22.960338251509154],[69.95609853122227,23.010338251509155],[70.00609853122227,23.010338251509155],[70.00609853122227,22.960338251509154]]]}},{"type":"Feature","properties":{"GRID_CODE":"GJ-KU-BHU-168","STATE":"Gujarat","DISTRICT":"Kachchh","BLOCK":"Bhuj","n_lists":3,"n_birders":1,"n_species":49,"focal_lists":3},"geometry":{"type":"Polygon","coordinates":[[[69.60609853122227,23.010338251509155],[69.55609853122226,23.010338251509155],[69.55609853122226,23.060338251509156],[69.60609853122227,23.060338251509156],[69.60609853122227,23.010338251509155]]]}},{"type":"Feature","properties":{"GRID_CODE":"GJ-KU-MAN-039","STATE":"Gujarat","DISTRICT":"Kachchh","BLOCK":"Mandvi","n_lists":0,"n_birders":0,"n_species":0,"focal_lists":0},"geometry":{"type":"Polygon","coordinates":[[[69.25609853122227,22.860338251509157],[69.20609853122227,22.860338251509157],[69.20609853122227,22.910338251509154],[69.25609853122227,22.910338251509154],[69.25609853122227,22.860338251509157]]]}},{"type":"Feature","properties":{"GRID_CODE":"GJ-KU-MAN-002","STATE":"Gujarat","DISTRICT":"Kachchh","BLOCK":"Mandvi","n_lists":0,"n_birders":0,"n_species":0,"focal_lists":0},"geometry":{"type":"Polygon","coordinates":[[[69.40609853122227,23.110338251509157],[69.35609853122227,23.110338251509157],[69.35609853122227,23.160338251509154],[69.40609853122227,23.160338251509154],[69.40609853122227,23.110338251509157]]]}},{"type":"Feature","properties":{"GRID_CODE":"GJ-KU-ABD-094","STATE":"Gujarat","DISTRICT":"Kachchh","BLOCK":"Abdasa","n_lists":0,"n_birders":0,"n_species":0,"focal_lists":0},"geometry":{"type":"Polygon","coordinates":[[[69.05609853122226,22.960338251509154],[69.00609853122227,22.960338251509154],[69.00609853122227,23.010338251509155],[69.05609853122226,23.010338251509155],[69.05609853122226,22.960338251509154]]]}},{"type":"Feature","properties":{"GRID_CODE":"GJ-KU-ABD-063","STATE":"Gujarat","DISTRICT":"Kachchh","BLOCK":"Abdasa","n_lists":0,"n_birders":0,"n_species":0,"focal_lists":0},"geometry":{"type":"Polygon","coordinates":[[[69.00609853122227,23.160338251509154],[68.95609853122227,23.160338251509154],[68.95609853122227,23.210338251509154],[69.00609853122227,23.210338251509154],[69.00609853122227,23.160338251509154]]]}},{"type":"Feature","properties":{"GRID_CODE":"GJ-KU-BHU-047","STATE":"Gujarat","DISTRICT":"Kachchh","BLOCK":"Bhuj","n_lists":10,"n_birders":1,"n_species":21,"focal_lists":6},"geometry":{"type":"Polygon","coordinates":[[[69.60609853122227,23.660338251509154],[69.55609853122226,23.660338251509154],[69.55609853122226,23.710338251509154],[69.60609853122227,23.710338251509154],[69.60609853122227,23.660338251509154]]]}},{"type":"Feature","properties":{"GRID_CODE":"GJ-KU-LIT-132","STATE":"Gujarat","DISTRICT":"Kachchh","BLOCK":"Little Rann","n_lists":0,"n_birders":0,"n_species":0,"focal_lists":0},"geometry":{"type":"Polygon","coordinates":[[[70.50609853122227,23.160338251509154],[70.45609853122227,23.160338251509154],[70.45609853122227,23.210338251509154],[70.50609853122227,23.210338251509154],[70.50609853122227,23.160338251509154]]]}},{"type":"Feature","properties":{"GRID_CODE":"GJ-KU-GAN-006","STATE":"Gujarat","DISTRICT":"Kachchh","BLOCK":"Gandhidham","n_lists":0,"n_birders":0,"n_species":0,"focal_lists":0},"geometry":{"type":"Polygon","coordinates":[[[70.15609853122227,23.010338251509155],[70.10609853122227,23.010338251509155],[70.10609853122227,23.060338251509156],[70.15609853122227,23.060338251509156],[70.15609853122227,23.010338251509155]]]}},{"type":"Feature","properties":{"GRID_CODE":"GJ-KU-RAN-461","STATE":"Gujarat","DISTRICT":"Kachchh","BLOCK":"Rann of Kachchh","n_lists":0,"n_birders":0,"n_species":0,"focal_lists":0},"geometry":{"type":"Polygon","coordinates":[[[69.00609853122227,23.810338251509156],[68.95609853122227,23.810338251509156],[68.95609853122227,23.860338251509157],[69.00609853122227,23.860338251509157],[69.00609853122227,23.810338251509156]]]}},{"type":"Feature","properties":{"GRID_CODE":"GJ-KU-LAK-019","STATE":"Gujarat","DISTRICT":"Kachchh","BLOCK":"Lakhpat","n_lists":1,"n_birders":1,"n_species":5,"focal_lists":0},"geometry":{"type":"Polygon","coordinates":[[[68.65609853122227,23.660338251509154],[68.60609853122227,23.660338251509154],[68.60609853122227,23.710338251509154],[68.65609853122227,23.710338251509154],[68.65609853122227,23.660338251509154]]]}},{"type":"Feature","properties":{"GRID_CODE":"GJ-KU-RAN-346","STATE":"Gujarat","DISTRICT":"Kachchh","BLOCK":"Rann of Kachchh","n_lists":0,"n_birders":0,"n_species":0,"focal_lists":0},"geometry":{"type":"Polygon","coordinates":[[[70.85609853122227,23.960338251509154],[70.80609853122226,23.960338251509154],[70.80609853122226,24.010338251509155],[70.85609853122227,24.010338251509155],[70.85609853122227,23.960338251509154]]]}},{"type":"Feature","properties":{"GRID_CODE":"GJ-KU-BHU-144","STATE":"Gujarat","DISTRICT":"Kachchh","BLOCK":"Bhuj","n_lists":0,"n_birders":0,"n_species":0,"focal_lists":0},"geometry":{"type":"Polygon","coordinates":[[[69.55609853122226,23.160338251509154],[69.50609853122227,23.160338251509154],[69.50609853122227,23.210338251509154],[69.55609853122226,23.210338251509154],[69.55609853122226,23.160338251509154]]]}},{"type":"Feature","properties":{"GRID_CODE":"GJ-KU-RAN-482","STATE":"Gujarat","DISTRICT":"Kachchh","BLOCK":"Rann of Kachchh","n_lists":0,"n_birders":0,"n_species":0,"focal_lists":0},"geometry":{"type":"Polygon","coordinates":[[[70.50609853122227,23.810338251509156],[70.45609853122227,23.810338251509156],[70.45609853122227,23.860338251509157],[70.50609853122227,23.860338251509157],[70.50609853122227,23.810338251509156]]]}},{"type":"Feature","properties":{"GRID_CODE":"GJ-KU-RAN-303","STATE":"Gujarat","DISTRICT":"Kachchh","BLOCK":"Rann of Kachchh","n_lists":0,"n_birders":0,"n_species":0,"focal_lists":0},"geometry":{"type":"Polygon","coordinates":[[[68.45609853122227,23.960338251509154],[68.40609853122227,23.960338251509154],[68.40609853122227,24.010338251509155],[68.45609853122227,24.010338251509155],[68.45609853122227,23.960338251509154]]]}},{"type":"Feature","properties":{"GRID_CODE":"GJ-KU-RAN-553","STATE":"Gujarat","DISTRICT":"Kachchh","BLOCK":"Rann of Kachchh","n_lists":0,"n_birders":0,"n_species":0,"focal_lists":0},"geometry":{"type":"Polygon","coordinates":[[[70.15609853122227,23.660338251509154],[70.10609853122227,23.660338251509154],[70.10609853122227,23.710338251509154],[70.15609853122227,23.710338251509154],[70.15609853122227,23.660338251509154]]]}},{"type":"Feature","properties":{"GRID_CODE":"GJ-KU-RAN-439","STATE":"Gujarat","DISTRICT":"Kachchh","BLOCK":"Rann of Kachchh","n_lists":0,"n_birders":0,"n_species":0,"focal_lists":0},"geometry":{"type":"Polygon","coordinates":[[[70.10609853122227,23.860338251509157],[70.05609853122226,23.860338251509157],[70.05609853122226,23.910338251509154],[70.10609853122227,23.910338251509154],[70.10609853122227,23.860338251509157]]]}},{"type":"Feature","properties":{"GRID_CODE":"GJ-KU-RAN-010","STATE":"Gujarat","DISTRICT":"Kachchh","BLOCK":"Rann of Kachchh","n_lists":0,"n_birders":0,"n_species":0,"focal_lists":0},"geometry":{"type":"Polygon","coordinates":[[[71.05609853122226,24.510338251509155],[71.00609853122227,24.510338251509155],[71.00609853122227,24.560338251509156],[71.05609853122226,24.560338251509156],[71.05609853122226,24.510338251509155]]]}},{"type":"Feature","properties":{"GRID_CODE":"GJ-KU-RAN-180","STATE":"Gujarat","DISTRICT":"Kachchh","BLOCK":"Rann of Kachchh","n_lists":0,"n_birders":0,"n_species":0,"focal_lists":0},"geometry":{"type":"Polygon","coordinates":[[[70.25609853122227,24.110338251509157],[70.20609853122227,24.110338251509157],[70.20609853122227,24.160338251509154],[70.25609853122227,24.160338251509154],[70.25609853122227,24.110338251509157]]]}},{"type":"Feature","properties":{"GRID_CODE":"GJ-KU-ABD-026","STATE":"Gujarat","DISTRICT":"Kachchh","BLOCK":"Abdasa","n_lists":1,"n_birders":1,"n_species":1,"focal_lists":0},"geometry":{"type":"Polygon","coordinates":[[[68.95609853122227,23.310338251509156],[68.90609853122227,23.310338251509156],[68.90609853122227,23.360338251509157],[68.95609853122227,23.360338251509157],[68.95609853122227,23.310338251509156]]]}},{"type":"Feature","properties":{"GRID_CODE":"GJ-KU-RAN-327","STATE":"Gujarat","DISTRICT":"Kachchh","BLOCK":"Rann of Kachchh","n_lists":0,"n_birders":0,"n_species":0,"focal_lists":0},"geometry":{"type":"Polygon","coordinates":[[[69.90609853122227,23.960338251509154],[69.85609853122227,23.960338251509154],[69.85609853122227,24.010338251509155],[69.90609853122227,24.010338251509155],[69.90609853122227,23.960338251509154]]]}},{"type":"Feature","properties":{"GRID_CODE":"GJ-KU-RAN-472","STATE":"Gujarat","DISTRICT":"Kachchh","BLOCK":"Rann of Kachchh","n_lists":1,"n_birders":1,"n_species":9,"focal_lists":0},"geometry":{"type":"Polygon","coordinates":[[[69.55609853122226,23.810338251509156],[69.50609853122227,23.810338251509156],[69.50609853122227,23.860338251509157],[69.55609853122226,23.860338251509157],[69.55609853122226,23.810338251509156]]]}},{"type":"Feature","properties":{"GRID_CODE":"GJ-KU-RAN-426","STATE":"Gujarat","DISTRICT":"Kachchh","BLOCK":"Rann of Kachchh","n_lists":0,"n_birders":0,"n_species":0,"focal_lists":0},"geometry":{"type":"Polygon","coordinates":[[[69.15609853122227,23.860338251509157],[69.10609853122227,23.860338251509157],[69.10609853122227,23.910338251509154],[69.15609853122227,23.910338251509154],[69.15609853122227,23.860338251509157]]]}},{"type":"Feature","properties":{"GRID_CODE":"GJ-KU-RAN-161","STATE":"Gujarat","DISTRICT":"Kachchh","BLOCK":"Rann of Kachchh","n_lists":1,"n_birders":1,"n_species":2,"focal_lists":0},"geometry":{"type":"Polygon","coordinates":[[[69.30609853122226,24.110338251509157],[69.25609853122227,24.110338251509157],[69.25609853122227,24.160338251509154],[69.30609853122226,24.160338251509154],[69.30609853122226,24.110338251509157]]]}},{"type":"Feature","properties":{"GRID_CODE":"GJ-KU-RAN-308","STATE":"Gujarat","DISTRICT":"Kachchh","BLOCK":"Rann of Kachchh","n_lists":0,"n_birders":0,"n_species":0,"focal_lists":0},"geometry":{"type":"Polygon","coordinates":[[[68.95609853122227,23.960338251509154],[68.90609853122227,23.960338251509154],[68.90609853122227,24.010338251509155],[68.95609853122227,24.010338251509155],[68.95609853122227,23.960338251509154]]]}},{"type":"Feature","properties":{"GRID_CODE":"GJ-KU-LIT-141","STATE":"Gujarat","DISTRICT":"Kachchh","BLOCK":"Little Rann","n_lists":0,"n_birders":0,"n_species":0,"focal_lists":0},"geometry":{"type":"Polygon","coordinates":[[[71.25609853122227,23.160338251509154],[71.20609853122227,23.160338251509154],[71.20609853122227,23.210338251509154],[71.25609853122227,23.210338251509154],[71.25609853122227,23.160338251509154]]]}},{"type":"Feature","properties":{"GRID_CODE":"GJ-KU-BHA-048","STATE":"Gujarat","DISTRICT":"Kachchh","BLOCK":"Bhachau","n_lists":5,"n_birders":1,"n_species":53,"focal_lists":5},"geometry":{"type":"Polygon","coordinates":[[[70.65609853122227,23.310338251509156],[70.60609853122227,23.310338251509156],[70.60609853122227,23.360338251509157],[70.65609853122227,23.360338251509157],[70.65609853122227,23.310338251509156]]]}},{"type":"Feature","properties":{"GRID_CODE":"GJ-KU-LAK-065","STATE":"Gujarat","DISTRICT":"Kachchh","BLOCK":"Lakhpat","n_lists":0,"n_birders":0,"n_species":0,"focal_lists":0},"geometry":{"type":"Polygon","coordinates":[[[68.55609853122226,23.460338251509154],[68.50609853122227,23.460338251509154],[68.50609853122227,23.510338251509155],[68.55609853122226,23.510338251509155],[68.55609853122226,23.460338251509154]]]}},{"type":"Feature","properties":{"GRID_CODE":"GJ-KU-RAN-592","STATE":"Gujarat","DISTRICT":"Kachchh","BLOCK":"Rann of Kachchh","n_lists":0,"n_birders":0,"n_species":0,"focal_lists":0},"geometry":{"type":"Polygon","coordinates":[[[70.05609853122226,23.460338251509154],[70.00609853122227,23.460338251509154],[70.00609853122227,23.510338251509155],[70.05609853122226,23.510338251509155],[70.05609853122226,23.460338251509154]]]}},{"type":"Feature","properties":{"GRID_CODE":"GJ-KU-BHU-111","STATE":"Gujarat","DISTRICT":"Kachchh","BLOCK":"Bhuj","n_lists":2,"n_birders":1,"n_species":36,"focal_lists":1},"geometry":{"type":"Polygon","coordinates":[[[69.70609853122227,23.310338251509156],[69.65609853122227,23.310338251509156],[69.65609853122227,23.360338251509157],[69.70609853122227,23.360338251509157],[69.70609853122227,23.310338251509156]]]}},{"type":"Feature","properties":{"GRID_CODE":"GJ-KU-LIT-123","STATE":"Gujarat","DISTRICT":"Kachchh","BLOCK":"Little Rann","n_lists":0,"n_birders":0,"n_species":0,"focal_lists":0},"geometry":{"type":"Polygon","coordinates":[[[71.40609853122227,23.210338251509154],[71.35609853122227,23.210338251509154],[71.35609853122227,23.260338251509155],[71.40609853122227,23.260338251509155],[71.40609853122227,23.210338251509154]]]}},{"type":"Feature","properties":{"GRID_CODE":"GJ-KU-BHU-058","STATE":"Gujarat","DISTRICT":"Kachchh","BLOCK":"Bhuj","n_lists":0,"n_birders":0,"n_species":0,"focal_lists":0},"geometry":{"type":"Polygon","coordinates":[[[69.45609853122227,23.610338251509157],[69.40609853122227,23.610338251509157],[69.40609853122227,23.660338251509154],[69.45609853122227,23.660338251509154],[69.45609853122227,23.610338251509157]]]}},{"type":"Feature","properties":{"GRID_CODE":"GJ-KU-LIT-083","STATE":"Gujarat","DISTRICT":"Kachchh","BLOCK":"Little Rann","n_lists":0,"n_birders":0,"n_species":0,"focal_lists":0},"geometry":{"type":"Polygon","coordinates":[[[71.20609853122227,23.310338251509156],[71.15609853122227,23.310338251509156],[71.15609853122227,23.360338251509157],[71.20609853122227,23.360338251509157],[71.20609853122227,23.310338251509156]]]}},{"type":"Feature","properties":{"GRID_CODE":"GJ-KU-NAK-018","STATE":"Gujarat","DISTRICT":"Kachchh","BLOCK":"Nakhatrana","n_lists":0,"n_birders":0,"n_species":0,"focal_lists":0},"geometry":{"type":"Polygon","coordinates":[[[69.10609853122227,23.460338251509154],[69.05609853122226,23.460338251509154],[69.05609853122226,23.510338251509155],[69.10609853122227,23.510338251509155],[69.10609853122227,23.460338251509154]]]}},{"type":"Feature","properties":{"GRID_CODE":"GJ-KU-LIT-031","STATE":"Gujarat","DISTRICT":"Kachchh","BLOCK":"Little Rann","n_lists":2,"n_birders":1,"n_species":45,"focal_lists":2},"geometry":{"type":"Polygon","coordinates":[[[71.15609853122227,23.510338251509155],[71.10609853122227,23.510338251509155],[71.10609853122227,23.560338251509156],[71.15609853122227,23.560338251509156],[71.15609853122227,23.510338251509155]]]}},{"type":"Feature","properties":{"GRID_CODE":"GJ-KU-RAP-094","STATE":"Gujarat","DISTRICT":"Kachchh","BLOCK":"Rapar","n_lists":0,"n_birders":0,"n_species":0,"focal_lists":0},"geometry":{"type":"Polygon","coordinates":[[[70.80609853122226,23.360338251509157],[70.75609853122227,23.360338251509157],[70.75609853122227,23.410338251509154],[70.80609853122226,23.410338251509154],[70.80609853122226,23.360338251509157]]]}},{"type":"Feature","properties":{"GRID_CODE":"GJ-KU-RAP-046","STATE":"Gujarat","DISTRICT":"Kachchh","BLOCK":"Rapar","n_lists":3,"n_birders":1,"n_species":2,"focal_lists":3},"geometry":{"type":"Polygon","coordinates":[[[70.95609853122227,23.610338251509157],[70.90609853122227,23.610338251509157],[70.90609853122227,23.660338251509154],[70.95609853122227,23.660338251509154],[70.95609853122227,23.610338251509157]]]}},{"type":"Feature","properties":{"GRID_CODE":"GJ-KU-LAK-006","STATE":"Gujarat","DISTRICT":"Kachchh","BLOCK":"Lakhpat","n_lists":0,"n_birders":0,"n_species":0,"focal_lists":0},"geometry":{"type":"Polygon","coordinates":[[[68.85609853122227,23.760338251509155],[68.80609853122226,23.760338251509155],[68.80609853122226,23.810338251509156],[68.85609853122227,23.810338251509156],[68.85609853122227,23.760338251509155]]]}},{"type":"Feature","properties":{"GRID_CODE":"GJ-KU-RAP-073","STATE":"Gujarat","DISTRICT":"Kachchh","BLOCK":"Rapar","n_lists":1,"n_birders":1,"n_species":17,"focal_lists":1},"geometry":{"type":"Polygon","coordinates":[[[70.60609853122227,23.460338251509154],[70.55609853122226,23.460338251509154],[70.55609853122226,23.510338251509155],[70.60609853122227,23.510338251509155],[70.60609853122227,23.460338251509154]]]}},{"type":"Feature","properties":{"GRID_CODE":"GJ-KU-LAK-030","STATE":"Gujarat","DISTRICT":"Kachchh","BLOCK":"Lakhpat","n_lists":0,"n_birders":0,"n_species":0,"focal_lists":0},"geometry":{"type":"Polygon","coordinates":[[[68.50609853122227,23.610338251509157],[68.45609853122227,23.610338251509157],[68.45609853122227,23.660338251509154],[68.50609853122227,23.660338251509154],[68.50609853122227,23.610338251509157]]]}},{"type":"Feature","properties":{"GRID_CODE":"GJ-KU-RAN-588","STATE":"Gujarat","DISTRICT":"Kachchh","BLOCK":"Rann of Kachchh","n_lists":0,"n_birders":0,"n_species":0,"focal_lists":0},"geometry":{"type":"Polygon","coordinates":[[[70.20609853122227,23.510338251509155],[70.15609853122227,23.510338251509155],[70.15609853122227,23.560338251509156],[70.20609853122227,23.560338251509156],[70.20609853122227,23.510338251509155]]]}},{"type":"Feature","properties":{"GRID_CODE":"GJ-KU-RAN-146","STATE":"Gujarat","DISTRICT":"Kachchh","BLOCK":"Rann of Kachchh","n_lists":0,"n_birders":0,"n_species":0,"focal_lists":0},"geometry":{"type":"Polygon","coordinates":[[[71.15609853122227,24.160338251509154],[71.10609853122227,24.160338251509154],[71.10609853122227,24.210338251509154],[71.15609853122227,24.210338251509154],[71.15609853122227,24.160338251509154]]]}},{"type":"Feature","properties":{"GRID_CODE":"GJ-KU-BHA-012","STATE":"Gujarat","DISTRICT":"Kachchh","BLOCK":"Bhachau","n_lists":0,"n_birders":0,"n_species":0,"focal_lists":0},"geometry":{"type":"Polygon","coordinates":[[[70.35609853122227,23.760338251509155],[70.30609853122226,23.760338251509155],[70.30609853122226,23.810338251509156],[70.35609853122227,23.810338251509156],[70.35609853122227,23.760338251509155]]]}},{"type":"Feature","properties":{"GRID_CODE":"GJ-KU-RAN-027","STATE":"Gujarat","DISTRICT":"Kachchh","BLOCK":"Rann of Kachchh","n_lists":0,"n_birders":0,"n_species":0,"focal_lists":0},"geometry":{"type":"Polygon","coordinates":[[[71.30609853122226,24.410338251509154],[71.25609853122227,24.410338251509154],[71.25609853122227,24.460338251509154],[71.30609853122226,24.460338251509154],[71.30609853122226,24.410338251509154]]]}},{"type":"Feature","properties":{"GRID_CODE":"GJ-KU-RAN-292","STATE":"Gujarat","DISTRICT":"Kachchh","BLOCK":"Rann of Kachchh","n_lists":0,"n_birders":0,"n_species":0,"focal_lists":0},"geometry":{"type":"Polygon","coordinates":[[[70.80609853122226,24.010338251509155],[70.75609853122227,24.010338251509155],[70.75609853122227,24.060338251509156],[70.80609853122226,24.060338251509156],[70.80609853122226,24.010338251509155]]]}},{"type":"Feature","properties":{"GRID_CODE":"GJ-KU-RAN-064","STATE":"Gujarat","DISTRICT":"Kachchh","BLOCK":"Rann of Kachchh","n_lists":0,"n_birders":0,"n_species":0,"focal_lists":0},"geometry":{"type":"Polygon","coordinates":[[[70.95609853122227,24.260338251509155],[70.90609853122227,24.260338251509155],[70.90609853122227,24.310338251509156],[70.95609853122227,24.310338251509156],[70.95609853122227,24.260338251509155]]]}},{"type":"Feature","properties":{"GRID_CODE":"GJ-KU-RAN-042","STATE":"Gujarat","DISTRICT":"Kachchh","BLOCK":"Rann of Kachchh","n_lists":0,"n_birders":0,"n_species":0,"focal_lists":0},"geometry":{"type":"Polygon","coordinates":[[[70.55609853122226,24.310338251509156],[70.50609853122227,24.310338251509156],[70.50609853122227,24.360338251509157],[70.55609853122226,24.360338251509157],[70.55609853122226,24.310338251509156]]]}},{"type":"Feature","properties":{"GRID_CODE":"GJ-KU-BHU-001","STATE":"Gujarat","DISTRICT":"Kachchh","BLOCK":"Bhuj","n_lists":7,"n_birders":1,"n_species":65,"focal_lists":4},"geometry":{"type":"Polygon","coordinates":[[[69.75609853122227,23.910338251509154],[69.70609853122227,23.910338251509154],[69.70609853122227,23.960338251509154],[69.75609853122227,23.960338251509154],[69.75609853122227,23.910338251509154]]]}},{"type":"Feature","properties":{"GRID_CODE":"GJ-KU-RAN-127","STATE":"Gujarat","DISTRICT":"Kachchh","BLOCK":"Rann of Kachchh","n_lists":0,"n_birders":0,"n_species":0,"focal_lists":0},"geometry":{"type":"Polygon","coordinates":[[[70.20609853122227,24.160338251509154],[70.15609853122227,24.160338251509154],[70.15609853122227,24.210338251509154],[70.20609853122227,24.210338251509154],[70.20609853122227,24.160338251509154]]]}},{"type":"Feature","properties":{"GRID_CODE":"GJ-KU-ANJ-030","STATE":"Gujarat","DISTRICT":"Kachchh","BLOCK":"Anjar","n_lists":2,"n_birders":1,"n_species":22,"focal_lists":1},"geometry":{"type":"Polygon","coordinates":[[[70.00609853122227,23.060338251509156],[69.95609853122227,23.060338251509156],[69.95609853122227,23.110338251509157],[70.00609853122227,23.110338251509157],[70.00609853122227,23.060338251509156]]]}},{"type":"Feature","properties":{"GRID_CODE":"GJ-KU-BHU-154","STATE":"Gujarat","DISTRICT":"Kachchh","BLOCK":"Bhuj","n_lists":0,"n_birders":0,"n_species":0,"focal_lists":0},"geometry":{"type":"Polygon","coordinates":[[[69.60609853122227,23.110338251509157],[69.55609853122226,23.110338251509157],[69.55609853122226,23.160338251509154],[69.60609853122227,23.160338251509154],[69.60609853122227,23.110338251509157]]]}},{"type":"Feature","properties":{"GRID_CODE":"GJ-KU-MAN-020","STATE":"Gujarat","DISTRICT":"Kachchh","BLOCK":"Mandvi","n_lists":0,"n_birders":0,"n_species":0,"focal_lists":0},"geometry":{"type":"Polygon","coordinates":[[[69.25609853122227,22.960338251509154],[69.20609853122227,22.960338251509154],[69.20609853122227,23.010338251509155],[69.25609853122227,23.010338251509155],[69.25609853122227,22.960338251509154]]]}},{"type":"Feature","properties":{"GRID_CODE":"GJ-KU-NAK-063","STATE":"Gujarat","DISTRICT":"Kachchh","BLOCK":"Nakhatrana","n_lists":2,"n_birders":1,"n_species":41,"focal_lists":2},"geometry":{"type":"Polygon","coordinates":[[[69.40609853122227,23.210338251509154],[69.35609853122227,23.210338251509154],[69.35609853122227,23.260338251509155],[69.40609853122227,23.260338251509155],[69.40609853122227,23.210338251509154]]]}},{"type":"Feature","properties":{"GRID_CODE":"GJ-KU-ABD-039","STATE":"Gujarat","DISTRICT":"Kachchh","BLOCK":"Abdasa","n_lists":0,"n_birders":0,"n_species":0,"focal_lists":0},"geometry":{"type":"Polygon","coordinates":[[[69.00609853122227,23.260338251509155],[68.95609853122227,23.260338251509155],[68.95609853122227,23.310338251509156],[69.00609853122227,23.310338251509156],[69.00609853122227,23.260338251509155]]]}},{"type":"Feature","properties":{"GRID_CODE":"GJ-KU-RAN-503","STATE":"Gujarat","DISTRICT":"Kachchh","BLOCK":"Rann of Kachchh","n_lists":0,"n_birders":0,"n_species":0,"focal_lists":0},"geometry":{"type":"Polygon","coordinates":[[[69.60609853122227,23.760338251509155],[69.55609853122226,23.760338251509155],[69.55609853122226,23.810338251509156],[69.60609853122227,23.810338251509156],[69.60609853122227,23.760338251509155]]]}},{"type":"Feature","properties":{"GRID_CODE":"GJ-KU-BHA-056","STATE":"Gujarat","DISTRICT":"Kachchh","BLOCK":"Bhachau","n_lists":1,"n_birders":1,"n_species":11,"focal_lists":1},"geometry":{"type":"Polygon","coordinates":[[[70.50609853122227,23.260338251509155],[70.45609853122227,23.260338251509155],[70.45609853122227,23.310338251509156],[70.50609853122227,23.310338251509156],[70.50609853122227,23.260338251509155]]]}},{"type":"Feature","properties":{"GRID_CODE":"GJ-KU-LAK-072","STATE":"Gujarat","DISTRICT":"Kachchh","BLOCK":"Lakhpat","n_lists":0,"n_birders":0,"n_species":0,"focal_lists":0},"geometry":{"type":"Polygon","coordinates":[[[68.45609853122227,23.410338251509154],[68.40609853122227,23.410338251509154],[68.40609853122227,23.460338251509154],[68.45609853122227,23.460338251509154],[68.45609853122227,23.410338251509154]]]}},{"type":"Feature","properties":{"GRID_CODE":"GJ-KU-ANJ-026","STATE":"Gujarat","DISTRICT":"Kachchh","BLOCK":"Anjar","n_lists":0,"n_birders":0,"n_species":0,"focal_lists":0},"geometry":{"type":"Polygon","coordinates":[[[70.15609853122227,23.110338251509157],[70.10609853122227,23.110338251509157],[70.10609853122227,23.160338251509154],[70.15609853122227,23.160338251509154],[70.15609853122227,23.110338251509157]]]}},{"type":"Feature","properties":{"GRID_CODE":"GJ-KU-RAN-368","STATE":"Gujarat","DISTRICT":"Kachchh","BLOCK":"Rann of Kachchh","n_lists":0,"n_birders":0,"n_species":0,"focal_lists":0},"geometry":{"type":"Polygon","coordinates":[[[69.00609853122227,23.910338251509154],[68.95609853122227,23.910338251509154],[68.95609853122227,23.960338251509154],[69.00609853122227,23.960338251509154],[69.00609853122227,23.910338251509154]]]}},{"type":"Feature","properties":{"GRID_CODE":"GJ-KU-RAN-350","STATE":"Gujarat","DISTRICT":"Kachchh","BLOCK":"Rann of Kachchh","n_lists":0,"n_birders":0,"n_species":0,"focal_lists":0},"geometry":{"type":"Polygon","coordinates":[[[71.05609853122226,23.960338251509154],[71.00609853122227,23.960338251509154],[71.00609853122227,24.010338251509155],[71.05609853122226,24.010338251509155],[71.05609853122226,23.960338251509154]]]}},{"type":"Feature","properties":{"GRID_CODE":"GJ-KU-BHU-089","STATE":"Gujarat","DISTRICT":"Kachchh","BLOCK":"Bhuj","n_lists":2,"n_birders":1,"n_species":28,"focal_lists":1},"geometry":{"type":"Polygon","coordinates":[[[69.90609853122227,23.410338251509154],[69.85609853122227,23.410338251509154],[69.85609853122227,23.460338251509154],[69.90609853122227,23.460338251509154],[69.90609853122227,23.410338251509154]]]}},{"type":"Feature","properties":{"GRID_CODE":"GJ-KU-RAN-242","STATE":"Gujarat","DISTRICT":"Kachchh","BLOCK":"Rann of Kachchh","n_lists":0,"n_birders":0,"n_species":0,"focal_lists":0},"geometry":{"type":"Polygon","coordinates":[[[70.85609853122227,24.060338251509156],[70.80609853122226,24.060338251509156],[70.80609853122226,24.110338251509157],[70.85609853122227,24.110338251509157],[70.85609853122227,24.060338251509156]]]}},{"type":"Feature","properties":{"GRID_CODE":"GJ-KU-BHU-120","STATE":"Gujarat","DISTRICT":"Kachchh","BLOCK":"Bhuj","n_lists":3,"n_birders":1,"n_species":49,"focal_lists":3},"geometry":{"type":"Polygon","coordinates":[[[69.55609853122226,23.260338251509155],[69.50609853122227,23.260338251509155],[69.50609853122227,23.310338251509156],[69.55609853122226,23.310338251509156],[69.55609853122226,23.260338251509155]]]}},{"type":"Feature","properties":{"GRID_CODE":"GJ-KU-RAN-394","STATE":"Gujarat","DISTRICT":"Kachchh","BLOCK":"Rann of Kachchh","n_lists":0,"n_birders":0,"n_species":0,"focal_lists":0},"geometry":{"type":"Polygon","coordinates":[[[70.50609853122227,23.910338251509154],[70.45609853122227,23.910338251509154],[70.45609853122227,23.960338251509154],[70.50609853122227,23.960338251509154],[70.50609853122227,23.910338251509154]]]}},{"type":"Feature","properties":{"GRID_CODE":"GJ-KU-RAN-331","STATE":"Gujarat","DISTRICT":"Kachchh","BLOCK":"Rann of Kachchh","n_lists":0,"n_birders":0,"n_species":0,"focal_lists":0},"geometry":{"type":"Polygon","coordinates":[[[70.10609853122227,23.960338251509154],[70.05609853122226,23.960338251509154],[70.05609853122226,24.010338251509155],[70.10609853122227,24.010338251509155],[70.10609853122227,23.960338251509154]]]}},{"type":"Feature","properties":{"GRID_CODE":"GJ-KU-RAN-090","STATE":"Gujarat","DISTRICT":"Kachchh","BLOCK":"Rann of Kachchh","n_lists":0,"n_birders":0,"n_species":0,"focal_lists":0},"geometry":{"type":"Polygon","coordinates":[[[70.25609853122227,24.210338251509154],[70.20609853122227,24.210338251509154],[70.20609853122227,24.260338251509155],[70.25609853122227,24.260338251509155],[70.25609853122227,24.210338251509154]]]}},{"type":"Feature","properties":{"GRID_CODE":"GJ-KU-LAK-075","STATE":"Gujarat","DISTRICT":"Kachchh","BLOCK":"Lakhpat","n_lists":3,"n_birders":1,"n_species":46,"focal_lists":1},"geometry":{"type":"Polygon","coordinates":[[[68.95609853122227,23.410338251509154],[68.90609853122227,23.410338251509154],[68.90609853122227,23.460338251509154],[68.95609853122227,23.460338251509154],[68.95609853122227,23.410338251509154]]]}},{"type":"Feature","properties":{"GRID_CODE":"GJ-KU-RAN-223","STATE":"Gujarat","DISTRICT":"Kachchh","BLOCK":"Rann of Kachchh","n_lists":0,"n_birders":0,"n_species":0,"focal_lists":0},"geometry":{"type":"Polygon","coordinates":[[[69.90609853122227,24.060338251509156],[69.85609853122227,24.060338251509156],[69.85609853122227,24.110338251509157],[69.90609853122227,24.110338251509157],[69.90609853122227,24.060338251509156]]]}},{"type":"Feature","properties":{"GRID_CODE":"GJ-KU-RAN-379","STATE":"Gujarat","DISTRICT":"Kachchh","BLOCK":"Rann of Kachchh","n_lists":0,"n_birders":0,"n_species":0,"focal_lists":0},"geometry":{"type":"Polygon","coordinates":[[[69.55609853122226,23.910338251509154],[69.50609853122227,23.910338251509154],[69.50609853122227,23.960338251509154],[69.55609853122226,23.960338251509154],[69.55609853122226,23.910338251509154]]]}},{"type":"Feature","properties":{"GRID_CODE":"GJ-KU-RAN-165","STATE":"Gujarat","DISTRICT":"Kachchh","BLOCK":"Rann of Kachchh","n_lists":0,"n_birders":0,"n_species":0,"focal_lists":0},"geometry":{"type":"Polygon","coordinates":[[[69.50609853122227,24.110338251509157],[69.45609853122227,24.110338251509157],[69.45609853122227,24.160338251509154],[69.50609853122227,24.160338251509154],[69.50609853122227,24.110338251509157]]]}},{"type":"Feature","properties":{"GRID_CODE":"GJ-KU-RAN-312","STATE":"Gujarat","DISTRICT":"Kachchh","BLOCK":"Rann of Kachchh","n_lists":0,"n_birders":0,"n_species":0,"focal_lists":0},"geometry":{"type":"Polygon","coordinates":[[[69.15609853122227,23.960338251509154],[69.10609853122227,23.960338251509154],[69.10609853122227,24.010338251509155],[69.15609853122227,24.010338251509155],[69.15609853122227,23.960338251509154]]]}},{"type":"Feature","properties":{"GRID_CODE":"GJ-KU-RAN-080","STATE":"Gujarat","DISTRICT":"Kachchh","BLOCK":"Rann of Kachchh","n_lists":0,"n_birders":0,"n_species":0,"focal_lists":0},"geometry":{"type":"Polygon","coordinates":[[[69.30609853122226,24.210338251509154],[69.25609853122227,24.210338251509154],[69.25609853122227,24.260338251509155],[69.30609853122226,24.260338251509155],[69.30609853122226,24.210338251509154]]]}},{"type":"Feature","properties":{"GRID_CODE":"GJ-KU-RAN-204","STATE":"Gujarat","DISTRICT":"Kachchh","BLOCK":"Rann of Kachchh","n_lists":0,"n_birders":0,"n_species":0,"focal_lists":0},"geometry":{"type":"Polygon","coordinates":[[[68.95609853122227,24.060338251509156],[68.90609853122227,24.060338251509156],[68.90609853122227,24.110338251509157],[68.95609853122227,24.110338251509157],[68.95609853122227,24.060338251509156]]]}},{"type":"Feature","properties":{"GRID_CODE":"GJ-KU-RAN-195","STATE":"Gujarat","DISTRICT":"Kachchh","BLOCK":"Rann of Kachchh","n_lists":0,"n_birders":0,"n_species":0,"focal_lists":0},"geometry":{"type":"Polygon","coordinates":[[[71.00609853122227,24.110338251509157],[70.95609853122227,24.110338251509157],[70.95609853122227,24.160338251509154],[71.00609853122227,24.160338251509154],[71.00609853122227,24.110338251509157]]]}},{"type":"Feature","properties":{"GRID_CODE":"GJ-KU-COA-003","STATE":"Gujarat","DISTRICT":"Kachchh","BLOCK":"Coastal Area","n_lists":0,"n_birders":0,"n_species":0,"focal_lists":0},"geometry":{"type":"Polygon","coordinates":[[[70.05609853122226,22.910338251509154],[70.00609853122227,22.910338251509154],[70.00609853122227,22.960338251509154],[70.05609853122226,22.960338251509154],[70.05609853122226,22.910338251509154]]]}},{"type":"Feature","properties":{"GRID_CODE":"GJ-KU-COA-012","STATE":"Gujarat","DISTRICT":"Kachchh","BLOCK":"Coastal Area","n_lists":0,"n_birders":0,"n_species":0,"focal_lists":0},"geometry":{"type":"Polygon","coordinates":[[[69.70609853122227,22.760338251509155],[69.65609853122227,22.760338251509155],[69.65609853122227,22.810338251509156],[69.70609853122227,22.810338251509156],[69.70609853122227,22.760338251509155]]]}},{"type":"Feature","properties":{"GRID_CODE":"GJ-KU-RAP-084","STATE":"Gujarat","DISTRICT":"Kachchh","BLOCK":"Rapar","n_lists":0,"n_birders":0,"n_species":0,"focal_lists":0},"geometry":{"type":"Polygon","coordinates":[[[70.65609853122227,23.410338251509154],[70.60609853122227,23.410338251509154],[70.60609853122227,23.460338251509154],[70.65609853122227,23.460338251509154],[70.65609853122227,23.410338251509154]]]}},{"type":"Feature","properties":{"GRID_CODE":"GJ-KU-LAK-045","STATE":"Gujarat","DISTRICT":"Kachchh","BLOCK":"Lakhpat","n_lists":4,"n_birders":1,"n_species":69,"focal_lists":4},"geometry":{"type":"Polygon","coordinates":[[[68.55609853122226,23.560338251509156],[68.50609853122227,23.560338251509156],[68.50609853122227,23.610338251509157],[68.55609853122226,23.610338251509157],[68.55609853122226,23.560338251509156]]]}},{"type":"Feature","properties":{"GRID_CODE":"GJ-KU-RAN-546","STATE":"Gujarat","DISTRICT":"Kachchh","BLOCK":"Rann of Kachchh","n_lists":0,"n_birders":0,"n_species":0,"focal_lists":0},"geometry":{"type":"Polygon","coordinates":[[[68.35609853122227,23.660338251509154],[68.30609853122226,23.660338251509154],[68.30609853122226,23.710338251509154],[68.35609853122227,23.710338251509154],[68.35609853122227,23.660338251509154]]]}},{"type":"Feature","properties":{"GRID_CODE":"GJ-KU-MAN-027","STATE":"Gujarat","DISTRICT":"Kachchh","BLOCK":"Mandvi","n_lists":3,"n_birders":1,"n_species":65,"focal_lists":3},"geometry":{"type":"Polygon","coordinates":[[[69.10609853122227,22.910338251509154],[69.05609853122226,22.910338251509154],[69.05609853122226,22.960338251509154],[69.10609853122227,22.960338251509154],[69.10609853122227,22.910338251509154]]]}},{"type":"Feature","properties":{"GRID_CODE":"GJ-KU-BHU-075","STATE":"Gujarat","DISTRICT":"Kachchh","BLOCK":"Bhuj","n_lists":0,"n_birders":0,"n_species":0,"focal_lists":0},"geometry":{"type":"Polygon","coordinates":[[[70.05609853122226,23.560338251509156],[70.00609853122227,23.560338251509156],[70.00609853122227,23.610338251509157],[70.05609853122226,23.610338251509157],[70.05609853122226,23.560338251509156]]]}},{"type":"Feature","properties":{"GRID_CODE":"GJ-KU-BHU-006","STATE":"Gujarat","DISTRICT":"Kachchh","BLOCK":"Bhuj","n_lists":3,"n_birders":1,"n_species":53,"focal_lists":2},"geometry":{"type":"Polygon","coordinates":[[[69.80609853122226,23.860338251509157],[69.75609853122227,23.860338251509157],[69.75609853122227,23.910338251509154],[69.80609853122226,23.910338251509154],[69.80609853122226,23.860338251509157]]]}},{"type":"Feature","properties":{"GRID_CODE":"GJ-KU-LIT-087","STATE":"Gujarat","DISTRICT":"Kachchh","BLOCK":"Little Rann","n_lists":0,"n_birders":0,"n_species":0,"focal_lists":0},"geometry":{"type":"Polygon","coordinates":[[[71.40609853122227,23.310338251509156],[71.35609853122227,23.310338251509156],[71.35609853122227,23.360338251509157],[71.40609853122227,23.360338251509157],[71.40609853122227,23.310338251509156]]]}},{"type":"Feature","properties":{"GRID_CODE":"GJ-KU-BHU-029","STATE":"Gujarat","DISTRICT":"Kachchh","BLOCK":"Bhuj","n_lists":1,"n_birders":1,"n_species":3,"focal_lists":0},"geometry":{"type":"Polygon","coordinates":[[[69.45609853122227,23.710338251509154],[69.40609853122227,23.710338251509154],[69.40609853122227,23.760338251509155],[69.45609853122227,23.760338251509155],[69.45609853122227,23.710338251509154]]]}},{"type":"Feature","properties":{"GRID_CODE":"GJ-KU-NAK-004","STATE":"Gujarat","DISTRICT":"Kachchh","BLOCK":"Nakhatrana","n_lists":0,"n_birders":0,"n_species":0,"focal_lists":0},"geometry":{"type":"Polygon","coordinates":[[[69.10609853122227,23.560338251509156],[69.05609853122226,23.560338251509156],[69.05609853122226,23.610338251509157],[69.10609853122227,23.610338251509157],[69.10609853122227,23.560338251509156]]]}},{"type":"Feature","properties":{"GRID_CODE":"GJ-KU-RAP-077","STATE":"Gujarat","DISTRICT":"Kachchh","BLOCK":"Rapar","n_lists":3,"n_birders":1,"n_species":61,"focal_lists":3},"geometry":{"type":"Polygon","coordinates":[[[70.80609853122226,23.460338251509154],[70.75609853122227,23.460338251509154],[70.75609853122227,23.510338251509155],[70.80609853122226,23.510338251509155],[70.80609853122226,23.460338251509154]]]}},{"type":"Feature","properties":{"GRID_CODE":"GJ-KU-RAN-543","STATE":"Gujarat","DISTRICT":"Kachchh","BLOCK":"Rann of Kachchh","n_lists":0,"n_birders":0,"n_species":0,"focal_lists":0},"geometry":{"type":"Polygon","coordinates":[[[70.95609853122227,23.710338251509154],[70.90609853122227,23.710338251509154],[70.90609853122227,23.760338251509155],[70.95609853122227,23.760338251509155],[70.95609853122227,23.710338251509154]]]}},{"type":"Feature","properties":{"GRID_CODE":"GJ-KU-RAN-420","STATE":"Gujarat","DISTRICT":"Kachchh","BLOCK":"Rann of Kachchh","n_lists":0,"n_birders":0,"n_species":0,"focal_lists":0},"geometry":{"type":"Polygon","coordinates":[[[68.85609853122227,23.860338251509157],[68.80609853122226,23.860338251509157],[68.80609853122226,23.910338251509154],[68.85609853122227,23.910338251509154],[68.85609853122227,23.860338251509157]]]}},{"type":"Feature","properties":{"GRID_CODE":"GJ-KU-RAP-050","STATE":"Gujarat","DISTRICT":"Kachchh","BLOCK":"Rapar","n_lists":3,"n_birders":1,"n_species":48,"focal_lists":1},"geometry":{"type":"Polygon","coordinates":[[[70.60609853122227,23.560338251509156],[70.55609853122226,23.560338251509156],[70.55609853122226,23.610338251509157],[70.60609853122227,23.610338251509157],[70.60609853122227,23.560338251509156]]]}},{"type":"Feature","properties":{"GRID_CODE":"GJ-KU-RAN-571","STATE":"Gujarat","DISTRICT":"Kachchh","BLOCK":"Rann of Kachchh","n_lists":0,"n_birders":0,"n_species":0,"focal_lists":0},"geometry":{"type":"Polygon","coordinates":[[[70.20609853122227,23.610338251509157],[70.15609853122227,23.610338251509157],[70.15609853122227,23.660338251509154],[70.20609853122227,23.660338251509154],[70.20609853122227,23.610338251509157]]]}},{"type":"Feature","properties":{"GRID_CODE":"GJ-KU-RAN-068","STATE":"Gujarat","DISTRICT":"Kachchh","BLOCK":"Rann of Kachchh","n_lists":0,"n_birders":0,"n_species":0,"focal_lists":0},"geometry":{"type":"Polygon","coordinates":[[[71.15609853122227,24.260338251509155],[71.10609853122227,24.260338251509155],[71.10609853122227,24.310338251509156],[71.15609853122227,24.310338251509156],[71.15609853122227,24.260338251509155]]]}},{"type":"Feature","properties":{"GRID_CODE":"GJ-KU-BHA-005","STATE":"Gujarat","DISTRICT":"Kachchh","BLOCK":"Bhachau","n_lists":6,"n_birders":1,"n_species":73,"focal_lists":4},"geometry":{"type":"Polygon","coordinates":[[[70.35609853122227,23.860338251509157],[70.30609853122226,23.860338251509157],[70.30609853122226,23.910338251509154],[70.35609853122227,23.910338251509154],[70.35609853122227,23.860338251509157]]]}},{"type":"Feature","properties":{"GRID_CODE":"GJ-KU-RAN-271","STATE":"Gujarat","DISTRICT":"Kachchh","BLOCK":"Rann of Kachchh","n_lists":0,"n_birders":0,"n_species":0,"focal_lists":0},"geometry":{"type":"Polygon","coordinates":[[[69.75609853122227,24.010338251509155],[69.70609853122227,24.010338251509155],[69.70609853122227,24.060338251509156],[69.75609853122227,24.060338251509156],[69.75609853122227,24.010338251509155]]]}},{"type":"Feature","properties":{"GRID_CODE":"GJ-KU-RAN-055","STATE":"Gujarat","DISTRICT":"Kachchh","BLOCK":"Rann of Kachchh","n_lists":0,"n_birders":0,"n_species":0,"focal_lists":0},"geometry":{"type":"Polygon","coordinates":[[[70.20609853122227,24.260338251509155],[70.15609853122227,24.260338251509155],[70.15609853122227,24.310338251509156],[70.20609853122227,24.310338251509156],[70.20609853122227,24.260338251509155]]]}},{"type":"Feature","properties":{"GRID_CODE":"GJ-KU-BHU-133","STATE":"Gujarat","DISTRICT":"Kachchh","BLOCK":"Bhuj","n_lists":1,"n_birders":1,"n_species":53,"focal_lists":1},"geometry":{"type":"Polygon","coordinates":[[[69.60609853122227,23.210338251509154],[69.55609853122226,23.210338251509154],[69.55609853122226,23.260338251509155],[69.60609853122227,23.260338251509155],[69.60609853122227,23.210338251509154]]]}},{"type":"Feature","properties":{"GRID_CODE":"GJ-KU-MAN-004","STATE":"Gujarat","DISTRICT":"Kachchh","BLOCK":"Mandvi","n_lists":0,"n_birders":0,"n_species":0,"focal_lists":0},"geometry":{"type":"Polygon","coordinates":[[[69.25609853122227,23.060338251509156],[69.20609853122227,23.060338251509156],[69.20609853122227,23.110338251509157],[69.25609853122227,23.110338251509157],[69.25609853122227,23.060338251509156]]]}},{"type":"Feature","properties":{"GRID_CODE":"GJ-KU-NAK-054","STATE":"Gujarat","DISTRICT":"Kachchh","BLOCK":"Nakhatrana","n_lists":0,"n_birders":0,"n_species":0,"focal_lists":0},"geometry":{"type":"Polygon","coordinates":[[[69.40609853122227,23.310338251509156],[69.35609853122227,23.310338251509156],[69.35609853122227,23.360338251509157],[69.40609853122227,23.360338251509157],[69.40609853122227,23.310338251509156]]]}},{"type":"Feature","properties":{"GRID_CODE":"GJ-KU-LIT-117","STATE":"Gujarat","DISTRICT":"Kachchh","BLOCK":"Little Rann","n_lists":0,"n_birders":0,"n_species":0,"focal_lists":0},"geometry":{"type":"Polygon","coordinates":[[[71.10609853122227,23.210338251509154],[71.05609853122226,23.210338251509154],[71.05609853122226,23.260338251509155],[71.10609853122227,23.260338251509155],[71.10609853122227,23.210338251509154]]]}},{"type":"Feature","properties":{"GRID_CODE":"GJ-KU-ABD-018","STATE":"Gujarat","DISTRICT":"Kachchh","BLOCK":"Abdasa","n_lists":2,"n_birders":1,"n_species":1,"focal_lists":0},"geometry":{"type":"Polygon","coordinates":[[[69.00609853122227,23.360338251509157],[68.95609853122227,23.360338251509157],[68.95609853122227,23.410338251509154],[69.00609853122227,23.410338251509154],[69.00609853122227,23.360338251509157]]]}},{"type":"Feature","properties":{"GRID_CODE":"GJ-KU-ABD-044","STATE":"Gujarat","DISTRICT":"Kachchh","BLOCK":"Abdasa","n_lists":5,"n_birders":1,"n_species":78,"focal_lists":1},"geometry":{"type":"Polygon","coordinates":[[[68.65609853122227,23.210338251509154],[68.60609853122227,23.210338251509154],[68.60609853122227,23.260338251509155],[68.65609853122227,23.260338251509155],[68.65609853122227,23.210338251509154]]]}},{"type":"Feature","properties":{"GRID_CODE":"GJ-KU-RAP-067","STATE":"Gujarat","DISTRICT":"Kachchh","BLOCK":"Rapar","n_lists":1,"n_birders":1,"n_species":32,"focal_lists":1},"geometry":{"type":"Polygon","coordinates":[[[70.85609853122227,23.510338251509155],[70.80609853122226,23.510338251509155],[70.80609853122226,23.560338251509156],[70.85609853122227,23.560338251509156],[70.85609853122227,23.510338251509155]]]}},{"type":"Feature","properties":{"GRID_CODE":"GJ-KU-BHA-036","STATE":"Gujarat","DISTRICT":"Kachchh","BLOCK":"Bhachau","n_lists":1,"n_birders":1,"n_species":25,"focal_lists":0},"geometry":{"type":"Polygon","coordinates":[[[70.50609853122227,23.360338251509157],[70.45609853122227,23.360338251509157],[70.45609853122227,23.410338251509154],[70.50609853122227,23.410338251509154],[70.50609853122227,23.360338251509157]]]}},{"type":"Feature","properties":{"GRID_CODE":"GJ-KU-LAK-053","STATE":"Gujarat","DISTRICT":"Kachchh","BLOCK":"Lakhpat","n_lists":0,"n_birders":0,"n_species":0,"focal_lists":0},"geometry":{"type":"Polygon","coordinates":[[[68.45609853122227,23.510338251509155],[68.40609853122227,23.510338251509155],[68.40609853122227,23.560338251509156],[68.45609853122227,23.560338251509156],[68.45609853122227,23.510338251509155]]]}},{"type":"Feature","properties":{"GRID_CODE":"GJ-KU-ANJ-012","STATE":"Gujarat","DISTRICT":"Kachchh","BLOCK":"Anjar","n_lists":1,"n_birders":1,"n_species":26,"focal_lists":1},"geometry":{"type":"Polygon","coordinates":[[[70.15609853122227,23.210338251509154],[70.10609853122227,23.210338251509154],[70.10609853122227,23.260338251509155],[70.15609853122227,23.260338251509155],[70.15609853122227,23.210338251509154]]]}},{"type":"Feature","properties":{"GRID_CODE":"GJ-KU-RAN-256","STATE":"Gujarat","DISTRICT":"Kachchh","BLOCK":"Rann of Kachchh","n_lists":0,"n_birders":0,"n_species":0,"focal_lists":0},"geometry":{"type":"Polygon","coordinates":[[[69.00609853122227,24.010338251509155],[68.95609853122227,24.010338251509155],[68.95609853122227,24.060338251509156],[69.00609853122227,24.060338251509156],[69.00609853122227,24.010338251509155]]]}},{"type":"Feature","properties":{"GRID_CODE":"GJ-KU-RAN-246","STATE":"Gujarat","DISTRICT":"Kachchh","BLOCK":"Rann of Kachchh","n_lists":0,"n_birders":0,"n_species":0,"focal_lists":0},"geometry":{"type":"Polygon","coordinates":[[[71.05609853122226,24.060338251509156],[71.00609853122227,24.060338251509156],[71.00609853122227,24.110338251509157],[71.05609853122226,24.110338251509157],[71.05609853122226,24.060338251509156]]]}},{"type":"Feature","properties":{"GRID_CODE":"GJ-KU-BHU-077","STATE":"Gujarat","DISTRICT":"Kachchh","BLOCK":"Bhuj","n_lists":0,"n_birders":0,"n_species":0,"focal_lists":0},"geometry":{"type":"Polygon","coordinates":[[[69.90609853122227,23.510338251509155],[69.85609853122227,23.510338251509155],[69.85609853122227,23.560338251509156],[69.90609853122227,23.560338251509156],[69.90609853122227,23.510338251509155]]]}},{"type":"Feature","properties":{"GRID_CODE":"GJ-KU-RAN-140","STATE":"Gujarat","DISTRICT":"Kachchh","BLOCK":"Rann of Kachchh","n_lists":0,"n_birders":0,"n_species":0,"focal_lists":0},"geometry":{"type":"Polygon","coordinates":[[[70.85609853122227,24.160338251509154],[70.80609853122226,24.160338251509154],[70.80609853122226,24.210338251509154],[70.85609853122227,24.210338251509154],[70.85609853122227,24.160338251509154]]]}},{"type":"Feature","properties":{"GRID_CODE":"GJ-KU-BHU-095","STATE":"Gujarat","DISTRICT":"Kachchh","BLOCK":"Bhuj","n_lists":0,"n_birders":0,"n_species":0,"focal_lists":0},"geometry":{"type":"Polygon","coordinates":[[[69.55609853122226,23.360338251509157],[69.50609853122227,23.360338251509157],[69.50609853122227,23.410338251509154],[69.55609853122226,23.410338251509154],[69.55609853122226,23.360338251509157]]]}},{"type":"Feature","properties":{"GRID_CODE":"GJ-KU-RAN-286","STATE":"Gujarat","DISTRICT":"Kachchh","BLOCK":"Rann of Kachchh","n_lists":0,"n_birders":0,"n_species":0,"focal_lists":0},"geometry":{"type":"Polygon","coordinates":[[[70.50609853122227,24.010338251509155],[70.45609853122227,24.010338251509155],[70.45609853122227,24.060338251509156],[70.50609853122227,24.060338251509156],[70.50609853122227,24.010338251509155]]]}},{"type":"Feature","properties":{"GRID_CODE":"GJ-KU-RAN-094","STATE":"Gujarat","DISTRICT":"Kachchh","BLOCK":"Rann of Kachchh","n_lists":0,"n_birders":0,"n_species":0,"focal_lists":0},"geometry":{"type":"Polygon","coordinates":[[[70.45609853122227,24.210338251509154],[70.40609853122227,24.210338251509154],[70.40609853122227,24.260338251509155],[70.45609853122227,24.260338251509155],[70.45609853122227,24.210338251509154]]]}},{"type":"Feature","properties":{"GRID_CODE":"GJ-KU-NAK-031","STATE":"Gujarat","DISTRICT":"Kachchh","BLOCK":"Nakhatrana","n_lists":0,"n_birders":0,"n_species":0,"focal_lists":0},"geometry":{"type":"Polygon","coordinates":[[[69.15609853122227,23.410338251509154],[69.10609853122227,23.410338251509154],[69.10609853122227,23.460338251509154],[69.15609853122227,23.460338251509154],[69.15609853122227,23.410338251509154]]]}},{"type":"Feature","properties":{"GRID_CODE":"GJ-KU-RAN-227","STATE":"Gujarat","DISTRICT":"Kachchh","BLOCK":"Rann of Kachchh","n_lists":0,"n_birders":0,"n_species":0,"focal_lists":0},"geometry":{"type":"Polygon","coordinates":[[[70.10609853122227,24.060338251509156],[70.05609853122226,24.060338251509156],[70.05609853122226,24.110338251509157],[70.10609853122227,24.110338251509157],[70.10609853122227,24.060338251509156]]]}},{"type":"Feature","properties":{"GRID_CODE":"GJ-KU-BHU-041","STATE":"Gujarat","DISTRICT":"Kachchh","BLOCK":"Bhuj","n_lists":0,"n_birders":0,"n_species":0,"focal_lists":0},"geometry":{"type":"Polygon","coordinates":[[[69.30609853122226,23.660338251509154],[69.25609853122227,23.660338251509154],[69.25609853122227,23.710338251509154],[69.30609853122226,23.710338251509154],[69.30609853122226,23.660338251509154]]]}},{"type":"Feature","properties":{"GRID_CODE":"GJ-KU-LAK-063","STATE":"Gujarat","DISTRICT":"Kachchh","BLOCK":"Lakhpat","n_lists":0,"n_birders":0,"n_species":0,"focal_lists":0},"geometry":{"type":"Polygon","coordinates":[[[68.95609853122227,23.510338251509155],[68.90609853122227,23.510338251509155],[68.90609853122227,23.560338251509156],[68.95609853122227,23.560338251509156],[68.95609853122227,23.510338251509155]]]}},{"type":"Feature","properties":{"GRID_CODE":"GJ-KU-RAN-084","STATE":"Gujarat","DISTRICT":"Kachchh","BLOCK":"Rann of Kachchh","n_lists":0,"n_birders":0,"n_species":0,"focal_lists":0},"geometry":{"type":"Polygon","coordinates":[[[69.50609853122227,24.210338251509154],[69.45609853122227,24.210338251509154],[69.45609853122227,24.260338251509155],[69.50609853122227,24.260338251509155],[69.50609853122227,24.210338251509154]]]}},{"type":"Feature","properties":{"GRID_CODE":"GJ-KU-RAN-208","STATE":"Gujarat","DISTRICT":"Kachchh","BLOCK":"Rann of Kachchh","n_lists":0,"n_birders":0,"n_species":0,"focal_lists":0},"geometry":{"type":"Polygon","coordinates":[[[69.15609853122227,24.060338251509156],[69.10609853122227,24.060338251509156],[69.10609853122227,24.110338251509157],[69.15609853122227,24.110338251509157],[69.15609853122227,24.060338251509156]]]}},{"type":"Feature","properties":{"GRID_CODE":"GJ-KU-RAN-109","STATE":"Gujarat","DISTRICT":"Kachchh","BLOCK":"Rann of Kachchh","n_lists":0,"n_birders":0,"n_species":0,"focal_lists":0},"geometry":{"type":"Polygon","coordinates":[[[68.95609853122227,24.160338251509154],[68.90609853122227,24.160338251509154],[68.90609853122227,24.210338251509154],[68.95609853122227,24.210338251509154],[68.95609853122227,24.160338251509154]]]}},{"type":"Feature","properties":{"GRID_CODE":"GJ-KU-RAN-100","STATE":"Gujarat","DISTRICT":"Kachchh","BLOCK":"Rann of Kachchh","n_lists":0,"n_birders":0,"n_species":0,"focal_lists":0},"geometry":{"type":"Polygon","coordinates":[[[71.00609853122227,24.210338251509154],[70.95609853122227,24.210338251509154],[70.95609853122227,24.260338251509155],[71.00609853122227,24.260338251509155],[71.00609853122227,24.210338251509154]]]}},{"type":"Feature","properties":{"GRID_CODE":"GJ-KU-GAN-004","STATE":"Gujarat","DISTRICT":"Kachchh","BLOCK":"Gandhidham","n_lists":2,"n_birders":1,"n_species":51,"focal_lists":2},"geometry":{"type":"Polygon","coordinates":[[[70.05609853122226,23.010338251509155],[70.00609853122227,23.010338251509155],[70.00609853122227,23.060338251509156],[70.05609853122226,23.060338251509156],[70.05609853122226,23.010338251509155]]]}},{"type":"Feature","properties":{"GRID_CODE":"GJ-KU-MUN-020","STATE":"Gujarat","DISTRICT":"Kachchh","BLOCK":"Mundra","n_lists":0,"n_birders":0,"n_species":0,"focal_lists":0},"geometry":{"type":"Polygon","coordinates":[[[69.70609853122227,22.860338251509157],[69.65609853122227,22.860338251509157],[69.65609853122227,22.910338251509154],[69.70609853122227,22.910338251509154],[69.70609853122227,22.860338251509157]]]}},{"type":"Feature","properties":{"GRID_CODE":"GJ-KU-LAK-017","STATE":"Gujarat","DISTRICT":"Kachchh","BLOCK":"Lakhpat","n_lists":1,"n_birders":1,"n_species":33,"focal_lists":1},"geometry":{"type":"Polygon","coordinates":[[[68.55609853122226,23.660338251509154],[68.50609853122227,23.660338251509154],[68.50609853122227,23.710338251509154],[68.55609853122226,23.710338251509154],[68.55609853122226,23.660338251509154]]]}},{"type":"Feature","properties":{"GRID_CODE":"GJ-KU-BHU-142","STATE":"Gujarat","DISTRICT":"Kachchh","BLOCK":"Bhuj","n_lists":0,"n_birders":0,"n_species":0,"focal_lists":0},"geometry":{"type":"Polygon","coordinates":[[[69.45609853122227,23.160338251509154],[69.40609853122227,23.160338251509154],[69.40609853122227,23.210338251509154],[69.45609853122227,23.210338251509154],[69.45609853122227,23.160338251509154]]]}},{"type":"Feature","properties":{"GRID_CODE":"GJ-KU-MAN-009","STATE":"Gujarat","DISTRICT":"Kachchh","BLOCK":"Mandvi","n_lists":3,"n_birders":1,"n_species":60,"focal_lists":3},"geometry":{"type":"Polygon","coordinates":[[[69.10609853122227,23.010338251509155],[69.05609853122226,23.010338251509155],[69.05609853122226,23.060338251509156],[69.10609853122227,23.060338251509156],[69.10609853122227,23.010338251509155]]]}},{"type":"Feature","properties":{"GRID_CODE":"GJ-KU-RAN-551","STATE":"Gujarat","DISTRICT":"Kachchh","BLOCK":"Rann of Kachchh","n_lists":0,"n_birders":0,"n_species":0,"focal_lists":0},"geometry":{"type":"Polygon","coordinates":[[[70.05609853122226,23.660338251509154],[70.00609853122227,23.660338251509154],[70.00609853122227,23.710338251509154],[70.05609853122226,23.710338251509154],[70.05609853122226,23.660338251509154]]]}},{"type":"Feature","properties":{"GRID_CODE":"GJ-KU-LIT-138","STATE":"Gujarat","DISTRICT":"Kachchh","BLOCK":"Little Rann","n_lists":0,"n_birders":0,"n_species":0,"focal_lists":0},"geometry":{"type":"Polygon","coordinates":[[[70.95609853122227,23.160338251509154],[70.90609853122227,23.160338251509154],[70.90609853122227,23.210338251509154],[70.95609853122227,23.210338251509154],[70.95609853122227,23.160338251509154]]]}},{"type":"Feature","properties":{"GRID_CODE":"GJ-KU-RAN-325","STATE":"Gujarat","DISTRICT":"Kachchh","BLOCK":"Rann of Kachchh","n_lists":2,"n_birders":1,"n_species":44,"focal_lists":2},"geometry":{"type":"Polygon","coordinates":[[[69.80609853122226,23.960338251509154],[69.75609853122227,23.960338251509154],[69.75609853122227,24.010338251509155],[69.80609853122226,24.010338251509155],[69.80609853122226,23.960338251509154]]]}},{"type":"Feature","properties":{"GRID_CODE":"GJ-KU-LIT-058","STATE":"Gujarat","DISTRICT":"Kachchh","BLOCK":"Little Rann","n_lists":0,"n_birders":0,"n_species":0,"focal_lists":0},"geometry":{"type":"Polygon","coordinates":[[[71.40609853122227,23.410338251509154],[71.35609853122227,23.410338251509154],[71.35609853122227,23.460338251509154],[71.40609853122227,23.460338251509154],[71.40609853122227,23.410338251509154]]]}},{"type":"Feature","properties":{"GRID_CODE":"GJ-KU-LIT-180","STATE":"Gujarat","DISTRICT":"Kachchh","BLOCK":"Little Rann","n_lists":0,"n_birders":0,"n_species":0,"focal_lists":0},"geometry":{"type":"Polygon","coordinates":[[[70.60609853122227,23.010338251509155],[70.55609853122226,23.010338251509155],[70.55609853122226,23.060338251509156],[70.60609853122227,23.060338251509156],[70.60609853122227,23.010338251509155]]]}},{"type":"Feature","properties":{"GRID_CODE":"GJ-KU-RAN-470","STATE":"Gujarat","DISTRICT":"Kachchh","BLOCK":"Rann of Kachchh","n_lists":0,"n_birders":0,"n_species":0,"focal_lists":0},"geometry":{"type":"Polygon","coordinates":[[[69.45609853122227,23.810338251509156],[69.40609853122227,23.810338251509156],[69.40609853122227,23.860338251509157],[69.45609853122227,23.860338251509157],[69.45609853122227,23.810338251509156]]]}},{"type":"Feature","properties":{"GRID_CODE":"GJ-KU-RAN-355","STATE":"Gujarat","DISTRICT":"Kachchh","BLOCK":"Rann of Kachchh","n_lists":0,"n_birders":0,"n_species":0,"focal_lists":0},"geometry":{"type":"Polygon","coordinates":[[[71.30609853122226,23.960338251509154],[71.25609853122227,23.960338251509154],[71.25609853122227,24.010338251509155],[71.30609853122226,24.010338251509155],[71.30609853122226,23.960338251509154]]]}},{"type":"Feature","properties":{"GRID_CODE":"GJ-KU-RAN-159","STATE":"Gujarat","DISTRICT":"Kachchh","BLOCK":"Rann of Kachchh","n_lists":0,"n_birders":0,"n_species":0,"focal_lists":0},"geometry":{"type":"Polygon","coordinates":[[[69.20609853122227,24.110338251509157],[69.15609853122227,24.110338251509157],[69.15609853122227,24.160338251509154],[69.20609853122227,24.160338251509154],[69.20609853122227,24.110338251509157]]]}},{"type":"Feature","properties":{"GRID_CODE":"GJ-KU-RAP-054","STATE":"Gujarat","DISTRICT":"Kachchh","BLOCK":"Rapar","n_lists":0,"n_birders":0,"n_species":0,"focal_lists":0},"geometry":{"type":"Polygon","coordinates":[[[70.80609853122226,23.560338251509156],[70.75609853122227,23.560338251509156],[70.75609853122227,23.610338251509157],[70.80609853122226,23.610338251509157],[70.80609853122226,23.560338251509156]]]}},{"type":"Feature","properties":{"GRID_CODE":"GJ-KU-RAN-485","STATE":"Gujarat","DISTRICT":"Kachchh","BLOCK":"Rann of Kachchh","n_lists":0,"n_birders":0,"n_species":0,"focal_lists":0},"geometry":{"type":"Polygon","coordinates":[[[70.95609853122227,23.810338251509156],[70.90609853122227,23.810338251509156],[70.90609853122227,23.860338251509157],[70.95609853122227,23.860338251509157],[70.95609853122227,23.810338251509156]]]}},{"type":"Feature","properties":{"GRID_CODE":"GJ-KU-RAN-306","STATE":"Gujarat","DISTRICT":"Kachchh","BLOCK":"Rann of Kachchh","n_lists":0,"n_birders":0,"n_species":0,"focal_lists":0},"geometry":{"type":"Polygon","coordinates":[[[68.85609853122227,23.960338251509154],[68.80609853122226,23.960338251509154],[68.80609853122226,24.010338251509155],[68.85609853122227,24.010338251509155],[68.85609853122227,23.960338251509154]]]}},{"type":"Feature","properties":{"GRID_CODE":"GJ-KU-RAN-452","STATE":"Gujarat","DISTRICT":"Kachchh","BLOCK":"Rann of Kachchh","n_lists":0,"n_birders":0,"n_species":0,"focal_lists":0},"geometry":{"type":"Polygon","coordinates":[[[68.50609853122227,23.810338251509156],[68.45609853122227,23.810338251509156],[68.45609853122227,23.860338251509157],[68.50609853122227,23.860338251509157],[68.50609853122227,23.810338251509156]]]}},{"type":"Feature","properties":{"GRID_CODE":"GJ-KU-RAN-442","STATE":"Gujarat","DISTRICT":"Kachchh","BLOCK":"Rann of Kachchh","n_lists":0,"n_birders":0,"n_species":0,"focal_lists":0},"geometry":{"type":"Polygon","coordinates":[[[70.55609853122226,23.860338251509157],[70.50609853122227,23.860338251509157],[70.50609853122227,23.910338251509154],[70.55609853122226,23.910338251509154],[70.55609853122226,23.860338251509157]]]}},{"type":"Feature","properties":{"GRID_CODE":"GJ-KU-RAN-189","STATE":"Gujarat","DISTRICT":"Kachchh","BLOCK":"Rann of Kachchh","n_lists":0,"n_birders":0,"n_species":0,"focal_lists":0},"geometry":{"type":"Polygon","coordinates":[[[70.70609853122227,24.110338251509157],[70.65609853122227,24.110338251509157],[70.65609853122227,24.160338251509154],[70.70609853122227,24.160338251509154],[70.70609853122227,24.110338251509157]]]}},{"type":"Feature","properties":{"GRID_CODE":"GJ-KU-RAN-536","STATE":"Gujarat","DISTRICT":"Kachchh","BLOCK":"Rann of Kachchh","n_lists":0,"n_birders":0,"n_species":0,"focal_lists":0},"geometry":{"type":"Polygon","coordinates":[[[70.20609853122227,23.710338251509154],[70.15609853122227,23.710338251509154],[70.15609853122227,23.760338251509155],[70.20609853122227,23.760338251509155],[70.20609853122227,23.710338251509154]]]}},{"type":"Feature","properties":{"GRID_CODE":"GJ-KU-RAN-032","STATE":"Gujarat","DISTRICT":"Kachchh","BLOCK":"Rann of Kachchh","n_lists":0,"n_birders":0,"n_species":0,"focal_lists":0},"geometry":{"type":"Polygon","coordinates":[[[71.15609853122227,24.360338251509157],[71.10609853122227,24.360338251509157],[71.10609853122227,24.410338251509154],[71.15609853122227,24.410338251509154],[71.15609853122227,24.360338251509157]]]}},{"type":"Feature","properties":{"GRID_CODE":"GJ-KU-RAN-336","STATE":"Gujarat","DISTRICT":"Kachchh","BLOCK":"Rann of Kachchh","n_lists":0,"n_birders":0,"n_species":0,"focal_lists":0},"geometry":{"type":"Polygon","coordinates":[[[70.35609853122227,23.960338251509154],[70.30609853122226,23.960338251509154],[70.30609853122226,24.010338251509155],[70.35609853122227,24.010338251509155],[70.35609853122227,23.960338251509154]]]}},{"type":"Feature","properties":{"GRID_CODE":"GJ-KU-RAN-170","STATE":"Gujarat","DISTRICT":"Kachchh","BLOCK":"Rann of Kachchh","n_lists":3,"n_birders":1,"n_species":19,"focal_lists":1},"geometry":{"type":"Polygon","coordinates":[[[69.75609853122227,24.110338251509157],[69.70609853122227,24.110338251509157],[69.70609853122227,24.160338251509154],[69.75609853122227,24.160338251509154],[69.75609853122227,24.110338251509157]]]}},{"type":"Feature","properties":{"GRID_CODE":"GJ-KU-BHU-109","STATE":"Gujarat","DISTRICT":"Kachchh","BLOCK":"Bhuj","n_lists":1,"n_birders":1,"n_species":13,"focal_lists":1},"geometry":{"type":"Polygon","coordinates":[[[69.60609853122227,23.310338251509156],[69.55609853122226,23.310338251509156],[69.55609853122226,23.360338251509157],[69.60609853122227,23.360338251509157],[69.60609853122227,23.310338251509156]]]}},{"type":"Feature","properties":{"GRID_CODE":"GJ-KU-LIT-081","STATE":"Gujarat","DISTRICT":"Kachchh","BLOCK":"Little Rann","n_lists":0,"n_birders":0,"n_species":0,"focal_lists":0},"geometry":{"type":"Polygon","coordinates":[[[71.10609853122227,23.310338251509156],[71.05609853122226,23.310338251509156],[71.05609853122226,23.360338251509157],[71.10609853122227,23.360338251509157],[71.10609853122227,23.310338251509156]]]}},{"type":"Feature","properties":{"GRID_CODE":"GJ-KU-NAK-016","STATE":"Gujarat","DISTRICT":"Kachchh","BLOCK":"Nakhatrana","n_lists":2,"n_birders":1,"n_species":54,"focal_lists":2},"geometry":{"type":"Polygon","coordinates":[[[69.00609853122227,23.460338251509154],[68.95609853122227,23.460338251509154],[68.95609853122227,23.510338251509155],[69.00609853122227,23.510338251509155],[69.00609853122227,23.460338251509154]]]}},{"type":"Feature","properties":{"GRID_CODE":"GJ-KU-ABD-020","STATE":"Gujarat","DISTRICT":"Kachchh","BLOCK":"Abdasa","n_lists":0,"n_birders":0,"n_species":0,"focal_lists":0},"geometry":{"type":"Polygon","coordinates":[[[68.65609853122227,23.310338251509156],[68.60609853122227,23.310338251509156],[68.60609853122227,23.360338251509157],[68.65609853122227,23.360338251509157],[68.65609853122227,23.310338251509156]]]}},{"type":"Feature","properties":{"GRID_CODE":"GJ-KU-RAP-044","STATE":"Gujarat","DISTRICT":"Kachchh","BLOCK":"Rapar","n_lists":0,"n_birders":0,"n_species":0,"focal_lists":0},"geometry":{"type":"Polygon","coordinates":[[[70.85609853122227,23.610338251509157],[70.80609853122226,23.610338251509157],[70.80609853122226,23.660338251509154],[70.85609853122227,23.660338251509154],[70.85609853122227,23.610338251509157]]]}},{"type":"Feature","properties":{"GRID_CODE":"GJ-KU-LAK-004","STATE":"Gujarat","DISTRICT":"Kachchh","BLOCK":"Lakhpat","n_lists":0,"n_birders":0,"n_species":0,"focal_lists":0},"geometry":{"type":"Polygon","coordinates":[[[68.75609853122227,23.760338251509155],[68.70609853122227,23.760338251509155],[68.70609853122227,23.810338251509156],[68.75609853122227,23.810338251509156],[68.75609853122227,23.760338251509155]]]}},{"type":"Feature","properties":{"GRID_CODE":"GJ-KU-MUN-025","STATE":"Gujarat","DISTRICT":"Kachchh","BLOCK":"Mundra","n_lists":0,"n_birders":0,"n_species":0,"focal_lists":0},"geometry":{"type":"Polygon","coordinates":[[[69.55609853122226,22.810338251509156],[69.50609853122227,22.810338251509156],[69.50609853122227,22.860338251509157],[69.55609853122226,22.860338251509157],[69.55609853122226,22.810338251509156]]]}},{"type":"Feature","properties":{"GRID_CODE":"GJ-KU-BHA-021","STATE":"Gujarat","DISTRICT":"Kachchh","BLOCK":"Bhachau","n_lists":1,"n_birders":1,"n_species":39,"focal_lists":1},"geometry":{"type":"Polygon","coordinates":[[[70.50609853122227,23.460338251509154],[70.45609853122227,23.460338251509154],[70.45609853122227,23.510338251509155],[70.50609853122227,23.510338251509155],[70.50609853122227,23.460338251509154]]]}},{"type":"Feature","properties":{"GRID_CODE":"GJ-KU-ANJ-004","STATE":"Gujarat","DISTRICT":"Kachchh","BLOCK":"Anjar","n_lists":0,"n_birders":0,"n_species":0,"focal_lists":0},"geometry":{"type":"Polygon","coordinates":[[[70.15609853122227,23.310338251509156],[70.10609853122227,23.310338251509156],[70.10609853122227,23.360338251509157],[70.15609853122227,23.360338251509157],[70.15609853122227,23.310338251509156]]]}},{"type":"Feature","properties":{"GRID_CODE":"GJ-KU-RAN-586","STATE":"Gujarat","DISTRICT":"Kachchh","BLOCK":"Rann of Kachchh","n_lists":0,"n_birders":0,"n_species":0,"focal_lists":0},"geometry":{"type":"Polygon","coordinates":[[[70.10609853122227,23.510338251509155],[70.05609853122226,23.510338251509155],[70.05609853122226,23.560338251509156],[70.10609853122227,23.560338251509156],[70.10609853122227,23.510338251509155]]]}},{"type":"Feature","properties":{"GRID_CODE":"GJ-KU-RAN-144","STATE":"Gujarat","DISTRICT":"Kachchh","BLOCK":"Rann of Kachchh","n_lists":0,"n_birders":0,"n_species":0,"focal_lists":0},"geometry":{"type":"Polygon","coordinates":[[[71.05609853122226,24.160338251509154],[71.00609853122227,24.160338251509154],[71.00609853122227,24.210338251509154],[71.05609853122226,24.210338251509154],[71.05609853122226,24.160338251509154]]]}},{"type":"Feature","properties":{"GRID_CODE":"GJ-KU-RAN-512","STATE":"Gujarat","DISTRICT":"Kachchh","BLOCK":"Rann of Kachchh","n_lists":0,"n_birders":0,"n_species":0,"focal_lists":0},"geometry":{"type":"Polygon","coordinates":[[[70.25609853122227,23.760338251509155],[70.20609853122227,23.760338251509155],[70.20609853122227,23.810338251509156],[70.25609853122227,23.810338251509156],[70.25609853122227,23.760338251509155]]]}},{"type":"Feature","properties":{"GRID_CODE":"GJ-KU-ABD-092","STATE":"Gujarat","DISTRICT":"Kachchh","BLOCK":"Abdasa","n_lists":0,"n_birders":0,"n_species":0,"focal_lists":0},"geometry":{"type":"Polygon","coordinates":[[[68.95609853122227,22.960338251509154],[68.90609853122227,22.960338251509154],[68.90609853122227,23.010338251509155],[68.95609853122227,23.010338251509155],[68.95609853122227,22.960338251509154]]]}},{"type":"Feature","properties":{"GRID_CODE":"GJ-KU-BHU-067","STATE":"Gujarat","DISTRICT":"Kachchh","BLOCK":"Bhuj","n_lists":0,"n_birders":0,"n_species":0,"focal_lists":0},"geometry":{"type":"Polygon","coordinates":[[[69.90609853122227,23.610338251509157],[69.85609853122227,23.610338251509157],[69.85609853122227,23.660338251509154],[69.90609853122227,23.660338251509154],[69.90609853122227,23.610338251509157]]]}},{"type":"Feature","properties":{"GRID_CODE":"GJ-KU-LIT-092","STATE":"Gujarat","DISTRICT":"Kachchh","BLOCK":"Little Rann","n_lists":0,"n_birders":0,"n_species":0,"focal_lists":0},"geometry":{"type":"Polygon","coordinates":[[[71.65609853122227,23.310338251509156],[71.60609853122227,23.310338251509156],[71.60609853122227,23.360338251509157],[71.65609853122227,23.360338251509157],[71.65609853122227,23.310338251509156]]]}},{"type":"Feature","properties":{"GRID_CODE":"GJ-KU-NAK-027","STATE":"Gujarat","DISTRICT":"Kachchh","BLOCK":"Nakhatrana","n_lists":3,"n_birders":1,"n_species":38,"focal_lists":1},"geometry":{"type":"Polygon","coordinates":[[[69.55609853122226,23.460338251509154],[69.50609853122227,23.460338251509154],[69.50609853122227,23.510338251509155],[69.55609853122226,23.510338251509155],[69.55609853122226,23.460338251509154]]]}},{"type":"Feature","properties":{"GRID_CODE":"GJ-KU-RAN-040","STATE":"Gujarat","DISTRICT":"Kachchh","BLOCK":"Rann of Kachchh","n_lists":0,"n_birders":0,"n_species":0,"focal_lists":0},"geometry":{"type":"Polygon","coordinates":[[[70.45609853122227,24.310338251509156],[70.40609853122227,24.310338251509156],[70.40609853122227,24.360338251509157],[70.45609853122227,24.360338251509157],[70.45609853122227,24.310338251509156]]]}},{"type":"Feature","properties":{"GRID_CODE":"GJ-KU-NAK-011","STATE":"Gujarat","DISTRICT":"Kachchh","BLOCK":"Nakhatrana","n_lists":1,"n_birders":1,"n_species":5,"focal_lists":1},"geometry":{"type":"Polygon","coordinates":[[[69.15609853122227,23.510338251509155],[69.10609853122227,23.510338251509155],[69.10609853122227,23.560338251509156],[69.15609853122227,23.560338251509156],[69.15609853122227,23.510338251509155]]]}},{"type":"Feature","properties":{"GRID_CODE":"GJ-KU-RAN-125","STATE":"Gujarat","DISTRICT":"Kachchh","BLOCK":"Rann of Kachchh","n_lists":0,"n_birders":0,"n_species":0,"focal_lists":0},"geometry":{"type":"Polygon","coordinates":[[[70.10609853122227,24.160338251509154],[70.05609853122226,24.160338251509154],[70.05609853122226,24.210338251509154],[70.10609853122227,24.210338251509154],[70.10609853122227,24.160338251509154]]]}},{"type":"Feature","properties":{"GRID_CODE":"GJ-KU-BHU-016","STATE":"Gujarat","DISTRICT":"Kachchh","BLOCK":"Bhuj","n_lists":0,"n_birders":0,"n_species":0,"focal_lists":0},"geometry":{"type":"Polygon","coordinates":[[[69.30609853122226,23.760338251509155],[69.25609853122227,23.760338251509155],[69.25609853122227,23.810338251509156],[69.30609853122226,23.810338251509156],[69.30609853122226,23.760338251509155]]]}},{"type":"Feature","properties":{"GRID_CODE":"GJ-KU-LAK-039","STATE":"Gujarat","DISTRICT":"Kachchh","BLOCK":"Lakhpat","n_lists":3,"n_birders":1,"n_species":52,"focal_lists":3},"geometry":{"type":"Polygon","coordinates":[[[68.95609853122227,23.610338251509157],[68.90609853122227,23.610338251509157],[68.90609853122227,23.660338251509154],[68.95609853122227,23.660338251509154],[68.95609853122227,23.610338251509157]]]}},{"type":"Feature","properties":{"GRID_CODE":"GJ-KU-RAN-362","STATE":"Gujarat","DISTRICT":"Kachchh","BLOCK":"Rann of Kachchh","n_lists":0,"n_birders":0,"n_species":0,"focal_lists":0},"geometry":{"type":"Polygon","coordinates":[[[68.70609853122227,23.910338251509154],[68.65609853122227,23.910338251509154],[68.65609853122227,23.960338251509154],[68.70609853122227,23.960338251509154],[68.70609853122227,23.910338251509154]]]}},{"type":"Feature","properties":{"GRID_CODE":"GJ-KU-RAN-113","STATE":"Gujarat","DISTRICT":"Kachchh","BLOCK":"Rann of Kachchh","n_lists":0,"n_birders":0,"n_species":0,"focal_lists":0},"geometry":{"type":"Polygon","coordinates":[[[69.15609853122227,24.160338251509154],[69.10609853122227,24.160338251509154],[69.10609853122227,24.210338251509154],[69.15609853122227,24.210338251509154],[69.15609853122227,24.160338251509154]]]}},{"type":"Feature","properties":{"GRID_CODE":"GJ-KU-RAN-021","STATE":"Gujarat","DISTRICT":"Kachchh","BLOCK":"Rann of Kachchh","n_lists":0,"n_birders":0,"n_species":0,"focal_lists":0},"geometry":{"type":"Polygon","coordinates":[[[71.35609853122227,24.460338251509154],[71.30609853122226,24.460338251509154],[71.30609853122226,24.510338251509155],[71.35609853122227,24.510338251509155],[71.35609853122227,24.460338251509154]]]}},{"type":"Feature","properties":{"GRID_CODE":"GJ-KU-RAN-043","STATE":"Gujarat","DISTRICT":"Kachchh","BLOCK":"Rann of Kachchh","n_lists":0,"n_birders":0,"n_species":0,"focal_lists":0},"geometry":{"type":"Polygon","coordinates":[[[71.00609853122227,24.310338251509156],[70.95609853122227,24.310338251509156],[70.95609853122227,24.360338251509157],[71.00609853122227,24.360338251509157],[71.00609853122227,24.310338251509156]]]}},{"type":"Feature","properties":{"GRID_CODE":"GJ-KU-ANJ-024","STATE":"Gujarat","DISTRICT":"Kachchh","BLOCK":"Anjar","n_lists":0,"n_birders":0,"n_species":0,"focal_lists":0},"geometry":{"type":"Polygon","coordinates":[[[70.05609853122226,23.110338251509157],[70.00609853122227,23.110338251509157],[70.00609853122227,23.160338251509154],[70.05609853122226,23.160338251509154],[70.05609853122226,23.110338251509157]]]}},{"type":"Feature","properties":{"GRID_CODE":"GJ-KU-MUN-006","STATE":"Gujarat","DISTRICT":"Kachchh","BLOCK":"Mundra","n_lists":1,"n_birders":1,"n_species":25,"focal_lists":1},"geometry":{"type":"Polygon","coordinates":[[[69.70609853122227,22.960338251509154],[69.65609853122227,22.960338251509154],[69.65609853122227,23.010338251509155],[69.70609853122227,23.010338251509155],[69.70609853122227,22.960338251509154]]]}},{"type":"Feature","properties":{"GRID_CODE":"GJ-KU-RAN-493","STATE":"Gujarat","DISTRICT":"Kachchh","BLOCK":"Rann of Kachchh","n_lists":0,"n_birders":0,"n_species":0,"focal_lists":0},"geometry":{"type":"Polygon","coordinates":[[[68.55609853122226,23.760338251509155],[68.50609853122227,23.760338251509155],[68.50609853122227,23.810338251509156],[68.55609853122226,23.810338251509156],[68.55609853122226,23.760338251509155]]]}},{"type":"Feature","properties":{"GRID_CODE":"GJ-KU-BHU-118","STATE":"Gujarat","DISTRICT":"Kachchh","BLOCK":"Bhuj","n_lists":0,"n_birders":0,"n_species":0,"focal_lists":0},"geometry":{"type":"Polygon","coordinates":[[[69.45609853122227,23.260338251509155],[69.40609853122227,23.260338251509155],[69.40609853122227,23.310338251509156],[69.45609853122227,23.310338251509156],[69.45609853122227,23.260338251509155]]]}},{"type":"Feature","properties":{"GRID_CODE":"GJ-KU-ABD-076","STATE":"Gujarat","DISTRICT":"Kachchh","BLOCK":"Abdasa","n_lists":0,"n_birders":0,"n_species":0,"focal_lists":0},"geometry":{"type":"Polygon","coordinates":[[[69.10609853122227,23.110338251509157],[69.05609853122226,23.110338251509157],[69.05609853122226,23.160338251509154],[69.10609853122227,23.160338251509154],[69.10609853122227,23.110338251509157]]]}},{"type":"Feature","properties":{"GRID_CODE":"GJ-KU-RAN-508","STATE":"Gujarat","DISTRICT":"Kachchh","BLOCK":"Rann of Kachchh","n_lists":0,"n_birders":0,"n_species":0,"focal_lists":0},"geometry":{"type":"Polygon","coordinates":[[[70.05609853122226,23.760338251509155],[70.00609853122227,23.760338251509155],[70.00609853122227,23.810338251509156],[70.05609853122226,23.810338251509156],[70.05609853122226,23.760338251509155]]]}},{"type":"Feature","properties":{"GRID_CODE":"GJ-KU-LIT-095","STATE":"Gujarat","DISTRICT":"Kachchh","BLOCK":"Little Rann","n_lists":0,"n_birders":0,"n_species":0,"focal_lists":0},"geometry":{"type":"Polygon","coordinates":[[[70.95609853122227,23.260338251509155],[70.90609853122227,23.260338251509155],[70.90609853122227,23.310338251509156],[70.95609853122227,23.310338251509156],[70.95609853122227,23.260338251509155]]]}},{"type":"Feature","properties":{"GRID_CODE":"GJ-KU-ABD-008","STATE":"Gujarat","DISTRICT":"Kachchh","BLOCK":"Abdasa","n_lists":2,"n_birders":1,"n_species":48,"focal_lists":2},"geometry":{"type":"Polygon","coordinates":[[[68.85609853122227,23.410338251509154],[68.80609853122226,23.410338251509154],[68.80609853122226,23.460338251509154],[68.85609853122227,23.460338251509154],[68.85609853122227,23.410338251509154]]]}},{"type":"Feature","properties":{"GRID_CODE":"GJ-KU-RAN-221","STATE":"Gujarat","DISTRICT":"Kachchh","BLOCK":"Rann of Kachchh","n_lists":0,"n_birders":0,"n_species":0,"focal_lists":0},"geometry":{"type":"Polygon","coordinates":[[[69.80609853122226,24.060338251509156],[69.75609853122227,24.060338251509156],[69.75609853122227,24.110338251509157],[69.80609853122226,24.110338251509157],[69.80609853122226,24.060338251509156]]]}},{"type":"Feature","properties":{"GRID_CODE":"GJ-KU-LIT-157","STATE":"Gujarat","DISTRICT":"Kachchh","BLOCK":"Little Rann","n_lists":0,"n_birders":0,"n_species":0,"focal_lists":0},"geometry":{"type":"Polygon","coordinates":[[[70.60609853122227,23.110338251509157],[70.55609853122226,23.110338251509157],[70.55609853122226,23.160338251509154],[70.60609853122227,23.160338251509154],[70.60609853122227,23.110338251509157]]]}},{"type":"Feature","properties":{"GRID_CODE":"GJ-KU-RAN-377","STATE":"Gujarat","DISTRICT":"Kachchh","BLOCK":"Rann of Kachchh","n_lists":0,"n_birders":0,"n_species":0,"focal_lists":0},"geometry":{"type":"Polygon","coordinates":[[[69.45609853122227,23.910338251509154],[69.40609853122227,23.910338251509154],[69.40609853122227,23.960338251509154],[69.45609853122227,23.960338251509154],[69.45609853122227,23.910338251509154]]]}},{"type":"Feature","properties":{"GRID_CODE":"GJ-KU-ANJ-020","STATE":"Gujarat","DISTRICT":"Kachchh","BLOCK":"Anjar","n_lists":0,"n_birders":0,"n_species":0,"focal_lists":0},"geometry":{"type":"Polygon","coordinates":[[[70.20609853122227,23.160338251509154],[70.15609853122227,23.160338251509154],[70.15609853122227,23.210338251509154],[70.20609853122227,23.210338251509154],[70.20609853122227,23.160338251509154]]]}},{"type":"Feature","properties":{"GRID_CODE":"GJ-KU-BHA-024","STATE":"Gujarat","DISTRICT":"Kachchh","BLOCK":"Bhachau","n_lists":4,"n_birders":1,"n_species":49,"focal_lists":2},"geometry":{"type":"Polygon","coordinates":[[[70.35609853122227,23.410338251509154],[70.30609853122226,23.410338251509154],[70.30609853122226,23.460338251509154],[70.35609853122227,23.460338251509154],[70.35609853122227,23.410338251509154]]]}},{"type":"Feature","properties":{"GRID_CODE":"GJ-KU-RAN-251","STATE":"Gujarat","DISTRICT":"Kachchh","BLOCK":"Rann of Kachchh","n_lists":0,"n_birders":0,"n_species":0,"focal_lists":0},"geometry":{"type":"Polygon","coordinates":[[[71.30609853122226,24.060338251509156],[71.25609853122227,24.060338251509156],[71.25609853122227,24.110338251509157],[71.30609853122226,24.110338251509157],[71.30609853122226,24.060338251509156]]]}},{"type":"Feature","properties":{"GRID_CODE":"GJ-KU-RAN-078","STATE":"Gujarat","DISTRICT":"Kachchh","BLOCK":"Rann of Kachchh","n_lists":1,"n_birders":1,"n_species":8,"focal_lists":1},"geometry":{"type":"Polygon","coordinates":[[[69.20609853122227,24.210338251509154],[69.15609853122227,24.210338251509154],[69.15609853122227,24.260338251509155],[69.20609853122227,24.260338251509155],[69.20609853122227,24.210338251509154]]]}},{"type":"Feature","properties":{"GRID_CODE":"GJ-KU-RAP-033","STATE":"Gujarat","DISTRICT":"Kachchh","BLOCK":"Rapar","n_lists":2,"n_birders":1,"n_species":35,"focal_lists":1},"geometry":{"type":"Polygon","coordinates":[[[70.80609853122226,23.660338251509154],[70.75609853122227,23.660338251509154],[70.75609853122227,23.710338251509154],[70.80609853122226,23.710338251509154],[70.80609853122226,23.660338251509154]]]}},{"type":"Feature","properties":{"GRID_CODE":"GJ-KU-RAN-401","STATE":"Gujarat","DISTRICT":"Kachchh","BLOCK":"Rann of Kachchh","n_lists":0,"n_birders":0,"n_species":0,"focal_lists":0},"geometry":{"type":"Polygon","coordinates":[[[70.95609853122227,23.910338251509154],[70.90609853122227,23.910338251509154],[70.90609853122227,23.960338251509154],[70.95609853122227,23.960338251509154],[70.95609853122227,23.910338251509154]]]}},{"type":"Feature","properties":{"GRID_CODE":"GJ-KU-RAN-202","STATE":"Gujarat","DISTRICT":"Kachchh","BLOCK":"Rann of Kachchh","n_lists":0,"n_birders":0,"n_species":0,"focal_lists":0},"geometry":{"type":"Polygon","coordinates":[[[68.85609853122227,24.060338251509156],[68.80609853122226,24.060338251509156],[68.80609853122226,24.110338251509157],[68.85609853122227,24.110338251509157],[68.85609853122227,24.060338251509156]]]}},{"type":"Feature","properties":{"GRID_CODE":"GJ-KU-RAN-358","STATE":"Gujarat","DISTRICT":"Kachchh","BLOCK":"Rann of Kachchh","n_lists":0,"n_birders":0,"n_species":0,"focal_lists":0},"geometry":{"type":"Polygon","coordinates":[[[68.50609853122227,23.910338251509154],[68.45609853122227,23.910338251509154],[68.45609853122227,23.960338251509154],[68.50609853122227,23.960338251509154],[68.50609853122227,23.910338251509154]]]}},{"type":"Feature","properties":{"GRID_CODE":"GJ-KU-RAN-340","STATE":"Gujarat","DISTRICT":"Kachchh","BLOCK":"Rann of Kachchh","n_lists":0,"n_birders":0,"n_species":0,"focal_lists":0},"geometry":{"type":"Polygon","coordinates":[[[70.55609853122226,23.960338251509154],[70.50609853122227,23.960338251509154],[70.50609853122227,24.010338251509155],[70.55609853122226,24.010338251509155],[70.55609853122226,23.960338251509154]]]}},{"type":"Feature","properties":{"GRID_CODE":"GJ-KU-RAN-480","STATE":"Gujarat","DISTRICT":"Kachchh","BLOCK":"Rann of Kachchh","n_lists":0,"n_birders":0,"n_species":0,"focal_lists":0},"geometry":{"type":"Polygon","coordinates":[[[70.20609853122227,23.810338251509156],[70.15609853122227,23.810338251509156],[70.15609853122227,23.860338251509157],[70.20609853122227,23.860338251509157],[70.20609853122227,23.810338251509156]]]}},{"type":"Feature","properties":{"GRID_CODE":"GJ-KU-RAN-017","STATE":"Gujarat","DISTRICT":"Kachchh","BLOCK":"Rann of Kachchh","n_lists":0,"n_birders":0,"n_species":0,"focal_lists":0},"geometry":{"type":"Polygon","coordinates":[[[71.15609853122227,24.460338251509154],[71.10609853122227,24.460338251509154],[71.10609853122227,24.510338251509155],[71.15609853122227,24.510338251509155],[71.15609853122227,24.460338251509154]]]}},{"type":"Feature","properties":{"GRID_CODE":"GJ-KU-RAN-232","STATE":"Gujarat","DISTRICT":"Kachchh","BLOCK":"Rann of Kachchh","n_lists":0,"n_birders":0,"n_species":0,"focal_lists":0},"geometry":{"type":"Polygon","coordinates":[[[70.35609853122227,24.060338251509156],[70.30609853122226,24.060338251509156],[70.30609853122226,24.110338251509157],[70.35609853122227,24.110338251509157],[70.35609853122227,24.060338251509156]]]}},{"type":"Feature","properties":{"GRID_CODE":"GJ-KU-RAN-174","STATE":"Gujarat","DISTRICT":"Kachchh","BLOCK":"Rann of Kachchh","n_lists":0,"n_birders":0,"n_species":0,"focal_lists":0},"geometry":{"type":"Polygon","coordinates":[[[69.95609853122227,24.110338251509157],[69.90609853122227,24.110338251509157],[69.90609853122227,24.160338251509154],[69.95609853122227,24.160338251509154],[69.95609853122227,24.110338251509157]]]}},{"type":"Feature","properties":{"GRID_CODE":"GJ-KU-COA-010","STATE":"Gujarat","DISTRICT":"Kachchh","BLOCK":"Coastal Area","n_lists":0,"n_birders":0,"n_species":0,"focal_lists":0},"geometry":{"type":"Polygon","coordinates":[[[69.60609853122227,22.760338251509155],[69.55609853122226,22.760338251509155],[69.55609853122226,22.810338251509156],[69.60609853122227,22.810338251509156],[69.60609853122227,22.760338251509155]]]}},{"type":"Feature","properties":{"GRID_CODE":"GJ-KU-MAN-042","STATE":"Gujarat","DISTRICT":"Kachchh","BLOCK":"Mandvi","n_lists":3,"n_birders":1,"n_species":51,"focal_lists":1},"geometry":{"type":"Polygon","coordinates":[[[69.40609853122227,22.860338251509157],[69.35609853122227,22.860338251509157],[69.35609853122227,22.910338251509154],[69.40609853122227,22.910338251509154],[69.40609853122227,22.860338251509157]]]}},{"type":"Feature","properties":{"GRID_CODE":"GJ-KU-ABD-095","STATE":"Gujarat","DISTRICT":"Kachchh","BLOCK":"Abdasa","n_lists":2,"n_birders":1,"n_species":43,"focal_lists":2},"geometry":{"type":"Polygon","coordinates":[[[69.00609853122227,22.910338251509154],[68.95609853122227,22.910338251509154],[68.95609853122227,22.960338251509154],[69.00609853122227,22.960338251509154],[69.00609853122227,22.910338251509154]]]}},{"type":"Feature","properties":{"GRID_CODE":"GJ-KU-NAK-040","STATE":"Gujarat","DISTRICT":"Kachchh","BLOCK":"Nakhatrana","n_lists":3,"n_birders":1,"n_species":27,"focal_lists":2},"geometry":{"type":"Polygon","coordinates":[[[69.60609853122227,23.410338251509154],[69.55609853122226,23.410338251509154],[69.55609853122226,23.460338251509154],[69.60609853122227,23.460338251509154],[69.60609853122227,23.410338251509154]]]}},{"type":"Feature","properties":{"GRID_CODE":"GJ-KU-LIT-190","STATE":"Gujarat","DISTRICT":"Kachchh","BLOCK":"Little Rann","n_lists":0,"n_birders":0,"n_species":0,"focal_lists":0},"geometry":{"type":"Polygon","coordinates":[[[70.50609853122227,22.910338251509154],[70.45609853122227,22.910338251509154],[70.45609853122227,22.960338251509154],[70.50609853122227,22.960338251509154],[70.50609853122227,22.910338251509154]]]}},{"type":"Feature","properties":{"GRID_CODE":"GJ-KU-LIT-052","STATE":"Gujarat","DISTRICT":"Kachchh","BLOCK":"Little Rann","n_lists":0,"n_birders":0,"n_species":0,"focal_lists":0},"geometry":{"type":"Polygon","coordinates":[[[71.10609853122227,23.410338251509154],[71.05609853122226,23.410338251509154],[71.05609853122226,23.460338251509154],[71.10609853122227,23.460338251509154],[71.10609853122227,23.410338251509154]]]}},{"type":"Feature","properties":{"GRID_CODE":"GJ-KU-NAK-002","STATE":"Gujarat","DISTRICT":"Kachchh","BLOCK":"Nakhatrana","n_lists":0,"n_birders":0,"n_species":0,"focal_lists":0},"geometry":{"type":"Polygon","coordinates":[[[69.00609853122227,23.560338251509156],[68.95609853122227,23.560338251509156],[68.95609853122227,23.610338251509157],[69.00609853122227,23.610338251509157],[69.00609853122227,23.560338251509156]]]}},{"type":"Feature","properties":{"GRID_CODE":"GJ-KU-RAN-577","STATE":"Gujarat","DISTRICT":"Kachchh","BLOCK":"Rann of Kachchh","n_lists":0,"n_birders":0,"n_species":0,"focal_lists":0},"geometry":{"type":"Polygon","coordinates":[[[71.05609853122226,23.610338251509157],[71.00609853122227,23.610338251509157],[71.00609853122227,23.660338251509154],[71.05609853122226,23.660338251509154],[71.05609853122226,23.610338251509157]]]}},{"type":"Feature","properties":{"GRID_CODE":"GJ-KU-ANJ-028","STATE":"Gujarat","DISTRICT":"Kachchh","BLOCK":"Anjar","n_lists":0,"n_birders":0,"n_species":0,"focal_lists":0},"geometry":{"type":"Polygon","coordinates":[[[69.90609853122227,23.060338251509156],[69.85609853122227,23.060338251509156],[69.85609853122227,23.110338251509157],[69.90609853122227,23.110338251509157],[69.90609853122227,23.060338251509156]]]}},{"type":"Feature","properties":{"GRID_CODE":"GJ-KU-RAN-542","STATE":"Gujarat","DISTRICT":"Kachchh","BLOCK":"Rann of Kachchh","n_lists":1,"n_birders":1,"n_species":19,"focal_lists":1},"geometry":{"type":"Polygon","coordinates":[[[70.85609853122227,23.710338251509154],[70.80609853122226,23.710338251509154],[70.80609853122226,23.760338251509155],[70.85609853122227,23.760338251509155],[70.85609853122227,23.710338251509154]]]}},{"type":"Feature","properties":{"GRID_CODE":"GJ-KU-RAN-418","STATE":"Gujarat","DISTRICT":"Kachchh","BLOCK":"Rann of Kachchh","n_lists":0,"n_birders":0,"n_species":0,"focal_lists":0},"geometry":{"type":"Polygon","coordinates":[[[68.75609853122227,23.860338251509157],[68.70609853122227,23.860338251509157],[68.70609853122227,23.910338251509154],[68.75609853122227,23.910338251509154],[68.75609853122227,23.860338251509157]]]}},{"type":"Feature","properties":{"GRID_CODE":"GJ-KU-MAN-036","STATE":"Gujarat","DISTRICT":"Kachchh","BLOCK":"Mandvi","n_lists":0,"n_birders":0,"n_species":0,"focal_lists":0},"geometry":{"type":"Polygon","coordinates":[[[69.55609853122226,22.910338251509154],[69.50609853122227,22.910338251509154],[69.50609853122227,22.960338251509154],[69.55609853122226,22.960338251509154],[69.55609853122226,22.910338251509154]]]}},{"type":"Feature","properties":{"GRID_CODE":"GJ-KU-RAP-048","STATE":"Gujarat","DISTRICT":"Kachchh","BLOCK":"Rapar","n_lists":0,"n_birders":0,"n_species":0,"focal_lists":0},"geometry":{"type":"Polygon","coordinates":[[[70.50609853122227,23.560338251509156],[70.45609853122227,23.560338251509156],[70.45609853122227,23.610338251509157],[70.50609853122227,23.610338251509157],[70.50609853122227,23.560338251509156]]]}},{"type":"Feature","properties":{"GRID_CODE":"GJ-KU-RAN-526","STATE":"Gujarat","DISTRICT":"Kachchh","BLOCK":"Rann of Kachchh","n_lists":0,"n_birders":0,"n_species":0,"focal_lists":0},"geometry":{"type":"Polygon","coordinates":[[[68.40609853122227,23.710338251509154],[68.35609853122227,23.710338251509154],[68.35609853122227,23.760338251509155],[68.40609853122227,23.760338251509155],[68.40609853122227,23.710338251509154]]]}},{"type":"Feature","properties":{"GRID_CODE":"GJ-KU-RAN-569","STATE":"Gujarat","DISTRICT":"Kachchh","BLOCK":"Rann of Kachchh","n_lists":0,"n_birders":0,"n_species":0,"focal_lists":0},"geometry":{"type":"Polygon","coordinates":[[[70.10609853122227,23.610338251509157],[70.05609853122226,23.610338251509157],[70.05609853122226,23.660338251509154],[70.10609853122227,23.660338251509154],[70.10609853122227,23.610338251509157]]]}},{"type":"Feature","properties":{"GRID_CODE":"GJ-KU-RAN-066","STATE":"Gujarat","DISTRICT":"Kachchh","BLOCK":"Rann of Kachchh","n_lists":0,"n_birders":0,"n_species":0,"focal_lists":0},"geometry":{"type":"Polygon","coordinates":[[[71.05609853122226,24.260338251509155],[71.00609853122227,24.260338251509155],[71.00609853122227,24.310338251509156],[71.05609853122226,24.310338251509156],[71.05609853122226,24.260338251509155]]]}},{"type":"Feature","properties":{"GRID_CODE":"GJ-KU-BHA-003","STATE":"Gujarat","DISTRICT":"Kachchh","BLOCK":"Bhachau","n_lists":1,"n_birders":1,"n_species":37,"focal_lists":1},"geometry":{"type":"Polygon","coordinates":[[[70.25609853122227,23.860338251509157],[70.20609853122227,23.860338251509157],[70.20609853122227,23.910338251509154],[70.25609853122227,23.910338251509154],[70.25609853122227,23.860338251509157]]]}},{"type":"Feature","properties":{"GRID_CODE":"GJ-KU-ABD-081","STATE":"Gujarat","DISTRICT":"Kachchh","BLOCK":"Abdasa","n_lists":0,"n_birders":0,"n_species":0,"focal_lists":0},"geometry":{"type":"Polygon","coordinates":[[[68.95609853122227,23.060338251509156],[68.90609853122227,23.060338251509156],[68.90609853122227,23.110338251509157],[68.95609853122227,23.110338251509157],[68.95609853122227,23.060338251509156]]]}},{"type":"Feature","properties":{"GRID_CODE":"GJ-KU-RAN-531","STATE":"Gujarat","DISTRICT":"Kachchh","BLOCK":"Rann of Kachchh","n_lists":3,"n_birders":1,"n_species":56,"focal_lists":3},"geometry":{"type":"Polygon","coordinates":[[[69.90609853122227,23.710338251509154],[69.85609853122227,23.710338251509154],[69.85609853122227,23.760338251509155],[69.90609853122227,23.760338251509155],[69.90609853122227,23.710338251509154]]]}},{"type":"Feature","properties":{"GRID_CODE":"GJ-KU-LIT-012","STATE":"Gujarat","DISTRICT":"Kachchh","BLOCK":"Little Rann","n_lists":1,"n_birders":1,"n_species":11,"focal_lists":1},"geometry":{"type":"Polygon","coordinates":[[[69.55609853122226,23.560338251509156],[69.50609853122227,23.560338251509156],[69.50609853122227,23.610338251509157],[69.55609853122226,23.610338251509157],[69.55609853122226,23.560338251509156]]]}},{"type":"Feature","properties":{"GRID_CODE":"GJ-KU-BHU-018","STATE":"Gujarat","DISTRICT":"Kachchh","BLOCK":"Bhuj","n_lists":5,"n_birders":1,"n_species":18,"focal_lists":4},"geometry":{"type":"Polygon","coordinates":[[[69.50609853122227,23.760338251509155],[69.45609853122227,23.760338251509155],[69.45609853122227,23.810338251509156],[69.50609853122227,23.810338251509156],[69.50609853122227,23.760338251509155]]]}},{"type":"Feature","properties":{"GRID_CODE":"GJ-KU-RAN-269","STATE":"Gujarat","DISTRICT":"Kachchh","BLOCK":"Rann of Kachchh","n_lists":0,"n_birders":0,"n_species":0,"focal_lists":0},"geometry":{"type":"Polygon","coordinates":[[[69.65609853122227,24.010338251509155],[69.60609853122227,24.010338251509155],[69.60609853122227,24.060338251509156],[69.65609853122227,24.060338251509156],[69.65609853122227,24.010338251509155]]]}},{"type":"Feature","properties":{"GRID_CODE":"GJ-KU-LAK-043","STATE":"Gujarat","DISTRICT":"Kachchh","BLOCK":"Lakhpat","n_lists":0,"n_birders":0,"n_species":0,"focal_lists":0},"geometry":{"type":"Polygon","coordinates":[[[69.15609853122227,23.610338251509157],[69.10609853122227,23.610338251509157],[69.10609853122227,23.660338251509154],[69.15609853122227,23.660338251509154],[69.15609853122227,23.610338251509157]]]}},{"type":"Feature","properties":{"GRID_CODE":"GJ-KU-RAN-429","STATE":"Gujarat","DISTRICT":"Kachchh","BLOCK":"Rann of Kachchh","n_lists":0,"n_birders":0,"n_species":0,"focal_lists":0},"geometry":{"type":"Polygon","coordinates":[[[69.30609853122226,23.860338251509157],[69.25609853122227,23.860338251509157],[69.25609853122227,23.910338251509154],[69.30609853122226,23.910338251509154],[69.30609853122226,23.860338251509157]]]}},{"type":"Feature","properties":{"GRID_CODE":"GJ-KU-LAK-015","STATE":"Gujarat","DISTRICT":"Kachchh","BLOCK":"Lakhpat","n_lists":3,"n_birders":1,"n_species":53,"focal_lists":3},"geometry":{"type":"Polygon","coordinates":[[[68.95609853122227,23.710338251509154],[68.90609853122227,23.710338251509154],[68.90609853122227,23.760338251509155],[68.95609853122227,23.760338251509155],[68.95609853122227,23.710338251509154]]]}},{"type":"Feature","properties":{"GRID_CODE":"GJ-KU-RAN-521","STATE":"Gujarat","DISTRICT":"Kachchh","BLOCK":"Rann of Kachchh","n_lists":0,"n_birders":0,"n_species":0,"focal_lists":0},"geometry":{"type":"Polygon","coordinates":[[[71.00609853122227,23.760338251509155],[70.95609853122227,23.760338251509155],[70.95609853122227,23.810338251509156],[71.00609853122227,23.810338251509156],[71.00609853122227,23.760338251509155]]]}},{"type":"Feature","properties":{"GRID_CODE":"GJ-KU-LIT-171","STATE":"Gujarat","DISTRICT":"Kachchh","BLOCK":"Little Rann","n_lists":0,"n_birders":0,"n_species":0,"focal_lists":0},"geometry":{"type":"Polygon","coordinates":[[[70.65609853122227,23.060338251509156],[70.60609853122227,23.060338251509156],[70.60609853122227,23.110338251509157],[70.65609853122227,23.110338251509157],[70.65609853122227,23.060338251509156]]]}},{"type":"Feature","properties":{"GRID_CODE":"GJ-KU-ANJ-010","STATE":"Gujarat","DISTRICT":"Kachchh","BLOCK":"Anjar","n_lists":0,"n_birders":0,"n_species":0,"focal_lists":0},"geometry":{"type":"Polygon","coordinates":[[[70.05609853122226,23.210338251509154],[70.00609853122227,23.210338251509154],[70.00609853122227,23.260338251509155],[70.05609853122226,23.260338251509155],[70.05609853122226,23.210338251509154]]]}},{"type":"Feature","properties":{"GRID_CODE":"GJ-KU-BHU-164","STATE":"Gujarat","DISTRICT":"Kachchh","BLOCK":"Bhuj","n_lists":0,"n_birders":0,"n_species":0,"focal_lists":0},"geometry":{"type":"Polygon","coordinates":[[[69.70609853122227,23.060338251509156],[69.65609853122227,23.060338251509156],[69.65609853122227,23.110338251509157],[69.70609853122227,23.110338251509157],[69.70609853122227,23.060338251509156]]]}},{"type":"Feature","properties":{"GRID_CODE":"GJ-KU-LIT-030","STATE":"Gujarat","DISTRICT":"Kachchh","BLOCK":"Little Rann","n_lists":0,"n_birders":0,"n_species":0,"focal_lists":0},"geometry":{"type":"Polygon","coordinates":[[[69.80609853122226,23.510338251509155],[69.75609853122227,23.510338251509155],[69.75609853122227,23.560338251509156],[69.80609853122226,23.560338251509156],[69.80609853122226,23.510338251509155]]]}},{"type":"Feature","properties":{"GRID_CODE":"GJ-KU-LIT-126","STATE":"Gujarat","DISTRICT":"Kachchh","BLOCK":"Little Rann","n_lists":0,"n_birders":0,"n_species":0,"focal_lists":0},"geometry":{"type":"Polygon","coordinates":[[[71.55609853122226,23.210338251509154],[71.50609853122227,23.210338251509154],[71.50609853122227,23.260338251509155],[71.55609853122226,23.260338251509155],[71.55609853122226,23.210338251509154]]]}},{"type":"Feature","properties":{"GRID_CODE":"GJ-KU-NAK-048","STATE":"Gujarat","DISTRICT":"Kachchh","BLOCK":"Nakhatrana","n_lists":3,"n_birders":1,"n_species":30,"focal_lists":3},"geometry":{"type":"Polygon","coordinates":[[[69.45609853122227,23.360338251509157],[69.40609853122227,23.360338251509157],[69.40609853122227,23.410338251509154],[69.45609853122227,23.410338251509154],[69.45609853122227,23.360338251509157]]]}},{"type":"Feature","properties":{"GRID_CODE":"GJ-KU-ABD-053","STATE":"Gujarat","DISTRICT":"Kachchh","BLOCK":"Abdasa","n_lists":1,"n_birders":1,"n_species":30,"focal_lists":1},"geometry":{"type":"Polygon","coordinates":[[[69.10609853122227,23.210338251509154],[69.05609853122226,23.210338251509154],[69.05609853122226,23.260338251509155],[69.10609853122227,23.260338251509155],[69.10609853122227,23.210338251509154]]]}},{"type":"Feature","properties":{"GRID_CODE":"GJ-KU-LIT-099","STATE":"Gujarat","DISTRICT":"Kachchh","BLOCK":"Little Rann","n_lists":0,"n_birders":0,"n_species":0,"focal_lists":0},"geometry":{"type":"Polygon","coordinates":[[[71.15609853122227,23.260338251509155],[71.10609853122227,23.260338251509155],[71.10609853122227,23.310338251509156],[71.15609853122227,23.310338251509156],[71.15609853122227,23.260338251509155]]]}},{"type":"Feature","properties":{"GRID_CODE":"GJ-KU-LIT-034","STATE":"Gujarat","DISTRICT":"Kachchh","BLOCK":"Little Rann","n_lists":0,"n_birders":0,"n_species":0,"focal_lists":0},"geometry":{"type":"Polygon","coordinates":[[[71.30609853122226,23.510338251509155],[71.25609853122227,23.510338251509155],[71.25609853122227,23.560338251509156],[71.30609853122226,23.560338251509156],[71.30609853122226,23.510338251509155]]]}},{"type":"Feature","properties":{"GRID_CODE":"GJ-KU-RAP-097","STATE":"Gujarat","DISTRICT":"Kachchh","BLOCK":"Rapar","n_lists":0,"n_birders":0,"n_species":0,"focal_lists":0},"geometry":{"type":"Polygon","coordinates":[[[70.95609853122227,23.360338251509157],[70.90609853122227,23.360338251509157],[70.90609853122227,23.410338251509154],[70.95609853122227,23.410338251509154],[70.95609853122227,23.360338251509157]]]}},{"type":"Feature","properties":{"GRID_CODE":"GJ-KU-LAK-061","STATE":"Gujarat","DISTRICT":"Kachchh","BLOCK":"Lakhpat","n_lists":0,"n_birders":0,"n_species":0,"focal_lists":0},"geometry":{"type":"Polygon","coordinates":[[[68.85609853122227,23.510338251509155],[68.80609853122226,23.510338251509155],[68.80609853122226,23.560338251509156],[68.85609853122227,23.560338251509156],[68.85609853122227,23.510338251509155]]]}},{"type":"Feature","properties":{"GRID_CODE":"GJ-KU-BHA-069","STATE":"Gujarat","DISTRICT":"Kachchh","BLOCK":"Bhachau","n_lists":1,"n_birders":1,"n_species":18,"focal_lists":1},"geometry":{"type":"Polygon","coordinates":[[[70.60609853122227,23.210338251509154],[70.55609853122226,23.210338251509154],[70.55609853122226,23.260338251509155],[70.60609853122227,23.260338251509155],[70.60609853122227,23.210338251509154]]]}},{"type":"Feature","properties":{"GRID_CODE":"GJ-KU-RAN-265","STATE":"Gujarat","DISTRICT":"Kachchh","BLOCK":"Rann of Kachchh","n_lists":0,"n_birders":0,"n_species":0,"focal_lists":0},"geometry":{"type":"Polygon","coordinates":[[[69.45609853122227,24.010338251509155],[69.40609853122227,24.010338251509155],[69.40609853122227,24.060338251509156],[69.45609853122227,24.060338251509156],[69.45609853122227,24.010338251509155]]]}},{"type":"Feature","properties":{"GRID_CODE":"GJ-KU-BHA-050","STATE":"Gujarat","DISTRICT":"Kachchh","BLOCK":"Bhachau","n_lists":1,"n_birders":1,"n_species":27,"focal_lists":0},"geometry":{"type":"Polygon","coordinates":[[[70.20609853122227,23.260338251509155],[70.15609853122227,23.260338251509155],[70.15609853122227,23.310338251509156],[70.20609853122227,23.310338251509156],[70.20609853122227,23.260338251509155]]]}},{"type":"Feature","properties":{"GRID_CODE":"GJ-KU-RAN-405","STATE":"Gujarat","DISTRICT":"Kachchh","BLOCK":"Rann of Kachchh","n_lists":0,"n_birders":0,"n_species":0,"focal_lists":0},"geometry":{"type":"Polygon","coordinates":[[[71.15609853122227,23.910338251509154],[71.10609853122227,23.910338251509154],[71.10609853122227,23.960338251509154],[71.15609853122227,23.960338251509154],[71.15609853122227,23.910338251509154]]]}},{"type":"Feature","properties":{"GRID_CODE":"GJ-KU-BHA-015","STATE":"Gujarat","DISTRICT":"Kachchh","BLOCK":"Bhachau","n_lists":0,"n_birders":0,"n_species":0,"focal_lists":0},"geometry":{"type":"Polygon","coordinates":[[[70.35609853122227,23.510338251509155],[70.30609853122226,23.510338251509155],[70.30609853122226,23.560338251509156],[70.35609853122227,23.560338251509156],[70.35609853122227,23.510338251509155]]]}},{"type":"Feature","properties":{"GRID_CODE":"GJ-KU-RAN-149","STATE":"Gujarat","DISTRICT":"Kachchh","BLOCK":"Rann of Kachchh","n_lists":0,"n_birders":0,"n_species":0,"focal_lists":0},"geometry":{"type":"Polygon","coordinates":[[[71.30609853122226,24.160338251509154],[71.25609853122227,24.160338251509154],[71.25609853122227,24.210338251509154],[71.30609853122226,24.210338251509154],[71.30609853122226,24.160338251509154]]]}},{"type":"Feature","properties":{"GRID_CODE":"GJ-KU-RAP-018","STATE":"Gujarat","DISTRICT":"Kachchh","BLOCK":"Rapar","n_lists":0,"n_birders":0,"n_species":0,"focal_lists":0},"geometry":{"type":"Polygon","coordinates":[[[70.80609853122226,23.760338251509155],[70.75609853122227,23.760338251509155],[70.75609853122227,23.810338251509156],[70.80609853122226,23.810338251509156],[70.80609853122226,23.760338251509155]]]}},{"type":"Feature","properties":{"GRID_CODE":"GJ-KU-RAN-295","STATE":"Gujarat","DISTRICT":"Kachchh","BLOCK":"Rann of Kachchh","n_lists":0,"n_birders":0,"n_species":0,"focal_lists":0},"geometry":{"type":"Polygon","coordinates":[[[70.95609853122227,24.010338251509155],[70.90609853122227,24.010338251509155],[70.90609853122227,24.060338251509156],[70.95609853122227,24.060338251509156],[70.95609853122227,24.010338251509155]]]}},{"type":"Feature","properties":{"GRID_CODE":"GJ-KU-RAN-107","STATE":"Gujarat","DISTRICT":"Kachchh","BLOCK":"Rann of Kachchh","n_lists":0,"n_birders":0,"n_species":0,"focal_lists":0},"geometry":{"type":"Polygon","coordinates":[[[68.85609853122227,24.160338251509154],[68.80609853122226,24.160338251509154],[68.80609853122226,24.210338251509154],[68.85609853122227,24.210338251509154],[68.85609853122227,24.160338251509154]]]}},{"type":"Feature","properties":{"GRID_CODE":"GJ-KU-RAN-098","STATE":"Gujarat","DISTRICT":"Kachchh","BLOCK":"Rann of Kachchh","n_lists":0,"n_birders":0,"n_species":0,"focal_lists":0},"geometry":{"type":"Polygon","coordinates":[[[70.90609853122227,24.210338251509154],[70.85609853122227,24.210338251509154],[70.85609853122227,24.260338251509155],[70.90609853122227,24.260338251509155],[70.90609853122227,24.210338251509154]]]}},{"type":"Feature","properties":{"GRID_CODE":"GJ-KU-RAN-236","STATE":"Gujarat","DISTRICT":"Kachchh","BLOCK":"Rann of Kachchh","n_lists":0,"n_birders":0,"n_species":0,"focal_lists":0},"geometry":{"type":"Polygon","coordinates":[[[70.55609853122226,24.060338251509156],[70.50609853122227,24.060338251509156],[70.50609853122227,24.110338251509157],[70.55609853122226,24.110338251509157],[70.55609853122226,24.060338251509156]]]}},{"type":"Feature","properties":{"GRID_CODE":"GJ-KU-BHU-050","STATE":"Gujarat","DISTRICT":"Kachchh","BLOCK":"Bhuj","n_lists":1,"n_birders":1,"n_species":4,"focal_lists":0},"geometry":{"type":"Polygon","coordinates":[[[69.75609853122227,23.660338251509154],[69.70609853122227,23.660338251509154],[69.70609853122227,23.710338251509154],[69.75609853122227,23.710338251509154],[69.75609853122227,23.660338251509154]]]}},{"type":"Feature","properties":{"GRID_CODE":"GJ-KU-BHA-001","STATE":"Gujarat","DISTRICT":"Kachchh","BLOCK":"Bhachau","n_lists":1,"n_birders":1,"n_species":33,"focal_lists":1},"geometry":{"type":"Polygon","coordinates":[[[70.20609853122227,23.910338251509154],[70.15609853122227,23.910338251509154],[70.15609853122227,23.960338251509154],[70.20609853122227,23.960338251509154],[70.20609853122227,23.910338251509154]]]}},{"type":"Feature","properties":{"GRID_CODE":"GJ-KU-RAN-130","STATE":"Gujarat","DISTRICT":"Kachchh","BLOCK":"Rann of Kachchh","n_lists":0,"n_birders":0,"n_species":0,"focal_lists":0},"geometry":{"type":"Polygon","coordinates":[[[70.35609853122227,24.160338251509154],[70.30609853122226,24.160338251509154],[70.30609853122226,24.210338251509154],[70.35609853122227,24.210338251509154],[70.35609853122227,24.160338251509154]]]}},{"type":"Feature","properties":{"GRID_CODE":"GJ-KU-MUN-018","STATE":"Gujarat","DISTRICT":"Kachchh","BLOCK":"Mundra","n_lists":0,"n_birders":0,"n_species":0,"focal_lists":0},"geometry":{"type":"Polygon","coordinates":[[[69.60609853122227,22.860338251509157],[69.55609853122226,22.860338251509157],[69.55609853122226,22.910338251509154],[69.60609853122227,22.910338251509154],[69.60609853122227,22.860338251509157]]]}},{"type":"Feature","properties":{"GRID_CODE":"GJ-KU-MAN-023","STATE":"Gujarat","DISTRICT":"Kachchh","BLOCK":"Mandvi","n_lists":0,"n_birders":0,"n_species":0,"focal_lists":0},"geometry":{"type":"Polygon","coordinates":[[[69.40609853122227,22.960338251509154],[69.35609853122227,22.960338251509154],[69.35609853122227,23.010338251509155],[69.40609853122227,23.010338251509155],[69.40609853122227,22.960338251509154]]]}},{"type":"Feature","properties":{"GRID_CODE":"GJ-KU-ABD-089","STATE":"Gujarat","DISTRICT":"Kachchh","BLOCK":"Abdasa","n_lists":1,"n_birders":1,"n_species":4,"focal_lists":0},"geometry":{"type":"Polygon","coordinates":[[[69.00609853122227,23.010338251509155],[68.95609853122227,23.010338251509155],[68.95609853122227,23.060338251509156],[69.00609853122227,23.060338251509156],[69.00609853122227,23.010338251509155]]]}},{"type":"Feature","properties":{"GRID_CODE":"GJ-KU-LIT-136","STATE":"Gujarat","DISTRICT":"Kachchh","BLOCK":"Little Rann","n_lists":0,"n_birders":0,"n_species":0,"focal_lists":0},"geometry":{"type":"Polygon","coordinates":[[[70.85609853122227,23.160338251509154],[70.80609853122226,23.160338251509154],[70.80609853122226,23.210338251509154],[70.85609853122227,23.210338251509154],[70.85609853122227,23.160338251509154]]]}},{"type":"Feature","properties":{"GRID_CODE":"GJ-KU-LIT-178","STATE":"Gujarat","DISTRICT":"Kachchh","BLOCK":"Little Rann","n_lists":0,"n_birders":0,"n_species":0,"focal_lists":0},"geometry":{"type":"Polygon","coordinates":[[[70.50609853122227,23.010338251509155],[70.45609853122227,23.010338251509155],[70.45609853122227,23.060338251509156],[70.50609853122227,23.060338251509156],[70.50609853122227,23.010338251509155]]]}},{"type":"Feature","properties":{"GRID_CODE":"GJ-KU-LAK-026","STATE":"Gujarat","DISTRICT":"Kachchh","BLOCK":"Lakhpat","n_lists":3,"n_birders":1,"n_species":54,"focal_lists":3},"geometry":{"type":"Polygon","coordinates":[[[69.00609853122227,23.660338251509154],[68.95609853122227,23.660338251509154],[68.95609853122227,23.710338251509154],[69.00609853122227,23.710338251509154],[69.00609853122227,23.660338251509154]]]}},{"type":"Feature","properties":{"GRID_CODE":"GJ-KU-RAN-545","STATE":"Gujarat","DISTRICT":"Kachchh","BLOCK":"Rann of Kachchh","n_lists":0,"n_birders":0,"n_species":0,"focal_lists":0},"geometry":{"type":"Polygon","coordinates":[[[71.05609853122226,23.710338251509154],[71.00609853122227,23.710338251509154],[71.00609853122227,23.760338251509155],[71.05609853122226,23.760338251509155],[71.05609853122226,23.710338251509154]]]}},{"type":"Feature","properties":{"GRID_CODE":"GJ-KU-ANJ-014","STATE":"Gujarat","DISTRICT":"Kachchh","BLOCK":"Anjar","n_lists":0,"n_birders":0,"n_species":0,"focal_lists":0},"geometry":{"type":"Polygon","coordinates":[[[69.90609853122227,23.160338251509154],[69.85609853122227,23.160338251509154],[69.85609853122227,23.210338251509154],[69.90609853122227,23.210338251509154],[69.90609853122227,23.160338251509154]]]}},{"type":"Feature","properties":{"GRID_CODE":"GJ-KU-RAP-013","STATE":"Gujarat","DISTRICT":"Kachchh","BLOCK":"Rapar","n_lists":2,"n_birders":1,"n_species":55,"focal_lists":2},"geometry":{"type":"Polygon","coordinates":[[[70.85609853122227,23.810338251509156],[70.80609853122226,23.810338251509156],[70.80609853122226,23.860338251509157],[70.85609853122227,23.860338251509157],[70.85609853122227,23.810338251509156]]]}},{"type":"Feature","properties":{"GRID_CODE":"GJ-KU-BHU-167","STATE":"Gujarat","DISTRICT":"Kachchh","BLOCK":"Bhuj","n_lists":0,"n_birders":0,"n_species":0,"focal_lists":0},"geometry":{"type":"Polygon","coordinates":[[[69.55609853122226,23.010338251509155],[69.50609853122227,23.010338251509155],[69.50609853122227,23.060338251509156],[69.55609853122226,23.060338251509156],[69.55609853122226,23.010338251509155]]]}},{"type":"Feature","properties":{"GRID_CODE":"GJ-KU-RAN-560","STATE":"Gujarat","DISTRICT":"Kachchh","BLOCK":"Rann of Kachchh","n_lists":0,"n_birders":0,"n_species":0,"focal_lists":0},"geometry":{"type":"Polygon","coordinates":[[[70.50609853122227,23.660338251509154],[70.45609853122227,23.660338251509154],[70.45609853122227,23.710338251509154],[70.50609853122227,23.710338251509154],[70.50609853122227,23.660338251509154]]]}},{"type":"Feature","properties":{"GRID_CODE":"GJ-KU-RAN-450","STATE":"Gujarat","DISTRICT":"Kachchh","BLOCK":"Rann of Kachchh","n_lists":0,"n_birders":0,"n_species":0,"focal_lists":0},"geometry":{"type":"Polygon","coordinates":[[[68.40609853122227,23.810338251509156],[68.35609853122227,23.810338251509156],[68.35609853122227,23.860338251509157],[68.40609853122227,23.860338251509157],[68.40609853122227,23.810338251509156]]]}},{"type":"Feature","properties":{"GRID_CODE":"GJ-KU-RAN-451","STATE":"Gujarat","DISTRICT":"Kachchh","BLOCK":"Rann of Kachchh","n_lists":0,"n_birders":0,"n_species":0,"focal_lists":0},"geometry":{"type":"Polygon","coordinates":[[[68.45609853122227,23.810338251509156],[68.40609853122227,23.810338251509156],[68.40609853122227,23.860338251509157],[68.45609853122227,23.860338251509157],[68.45609853122227,23.810338251509156]]]}},{"type":"Feature","properties":{"GRID_CODE":"GJ-KU-ABD-085","STATE":"Gujarat","DISTRICT":"Kachchh","BLOCK":"Abdasa","n_lists":2,"n_birders":1,"n_species":43,"focal_lists":2},"geometry":{"type":"Polygon","coordinates":[[[69.15609853122227,23.060338251509156],[69.10609853122227,23.060338251509156],[69.10609853122227,23.110338251509157],[69.15609853122227,23.110338251509157],[69.15609853122227,23.060338251509156]]]}},{"type":"Feature","properties":{"GRID_CODE":"GJ-KU-RAN-534","STATE":"Gujarat","DISTRICT":"Kachchh","BLOCK":"Rann of Kachchh","n_lists":0,"n_birders":0,"n_species":0,"focal_lists":0},"geometry":{"type":"Polygon","coordinates":[[[70.10609853122227,23.710338251509154],[70.05609853122226,23.710338251509154],[70.05609853122226,23.760338251509155],[70.10609853122227,23.760338251509155],[70.10609853122227,23.710338251509154]]]}},{"type":"Feature","properties":{"GRID_CODE":"GJ-KU-NAK-052","STATE":"Gujarat","DISTRICT":"Kachchh","BLOCK":"Nakhatrana","n_lists":3,"n_birders":1,"n_species":15,"focal_lists":1},"geometry":{"type":"Polygon","coordinates":[[[69.30609853122226,23.310338251509156],[69.25609853122227,23.310338251509156],[69.25609853122227,23.360338251509157],[69.30609853122226,23.360338251509157],[69.30609853122226,23.310338251509156]]]}},{"type":"Feature","properties":{"GRID_CODE":"GJ-KU-RAN-334","STATE":"Gujarat","DISTRICT":"Kachchh","BLOCK":"Rann of Kachchh","n_lists":0,"n_birders":0,"n_species":0,"focal_lists":0},"geometry":{"type":"Polygon","coordinates":[[[70.25609853122227,23.960338251509154],[70.20609853122227,23.960338251509154],[70.20609853122227,24.010338251509155],[70.25609853122227,24.010338251509155],[70.25609853122227,23.960338251509154]]]}},{"type":"Feature","properties":{"GRID_CODE":"GJ-KU-ABD-062","STATE":"Gujarat","DISTRICT":"Kachchh","BLOCK":"Abdasa","n_lists":3,"n_birders":1,"n_species":69,"focal_lists":2},"geometry":{"type":"Polygon","coordinates":[[[68.95609853122227,23.160338251509154],[68.90609853122227,23.160338251509154],[68.90609853122227,23.210338251509154],[68.95609853122227,23.210338251509154],[68.95609853122227,23.160338251509154]]]}},{"type":"Feature","properties":{"GRID_CODE":"GJ-KU-BHU-013","STATE":"Gujarat","DISTRICT":"Kachchh","BLOCK":"Bhuj","n_lists":3,"n_birders":1,"n_species":61,"focal_lists":3},"geometry":{"type":"Polygon","coordinates":[[[69.90609853122227,23.810338251509156],[69.85609853122227,23.810338251509156],[69.85609853122227,23.860338251509157],[69.90609853122227,23.860338251509157],[69.90609853122227,23.810338251509156]]]}},{"type":"Feature","properties":{"GRID_CODE":"GJ-KU-RAN-433","STATE":"Gujarat","DISTRICT":"Kachchh","BLOCK":"Rann of Kachchh","n_lists":0,"n_birders":0,"n_species":0,"focal_lists":0},"geometry":{"type":"Polygon","coordinates":[[[69.50609853122227,23.860338251509157],[69.45609853122227,23.860338251509157],[69.45609853122227,23.910338251509154],[69.50609853122227,23.910338251509154],[69.50609853122227,23.860338251509157]]]}},{"type":"Feature","properties":{"GRID_CODE":"GJ-KU-RAN-168","STATE":"Gujarat","DISTRICT":"Kachchh","BLOCK":"Rann of Kachchh","n_lists":0,"n_birders":0,"n_species":0,"focal_lists":0},"geometry":{"type":"Polygon","coordinates":[[[69.65609853122227,24.110338251509157],[69.60609853122227,24.110338251509157],[69.60609853122227,24.160338251509154],[69.65609853122227,24.160338251509154],[69.65609853122227,24.110338251509157]]]}},{"type":"Feature","properties":{"GRID_CODE":"GJ-KU-RAN-530","STATE":"Gujarat","DISTRICT":"Kachchh","BLOCK":"Rann of Kachchh","n_lists":0,"n_birders":0,"n_species":0,"focal_lists":0},"geometry":{"type":"Polygon","coordinates":[[[69.15609853122227,23.710338251509154],[69.10609853122227,23.710338251509154],[69.10609853122227,23.760338251509155],[69.15609853122227,23.760338251509155],[69.15609853122227,23.710338251509154]]]}},{"type":"Feature","properties":{"GRID_CODE":"GJ-KU-RAN-315","STATE":"Gujarat","DISTRICT":"Kachchh","BLOCK":"Rann of Kachchh","n_lists":0,"n_birders":0,"n_species":0,"focal_lists":0},"geometry":{"type":"Polygon","coordinates":[[[69.30609853122226,23.960338251509154],[69.25609853122227,23.960338251509154],[69.25609853122227,24.010338251509155],[69.30609853122226,24.010338251509155],[69.30609853122226,23.960338251509154]]]}},{"type":"Feature","properties":{"GRID_CODE":"GJ-KU-RAN-460","STATE":"Gujarat","DISTRICT":"Kachchh","BLOCK":"Rann of Kachchh","n_lists":0,"n_birders":0,"n_species":0,"focal_lists":0},"geometry":{"type":"Polygon","coordinates":[[[68.95609853122227,23.810338251509156],[68.90609853122227,23.810338251509156],[68.90609853122227,23.860338251509157],[68.95609853122227,23.860338251509157],[68.95609853122227,23.810338251509156]]]}},{"type":"Feature","properties":{"GRID_CODE":"GJ-KU-RAN-445","STATE":"Gujarat","DISTRICT":"Kachchh","BLOCK":"Rann of Kachchh","n_lists":0,"n_birders":0,"n_species":0,"focal_lists":0},"geometry":{"type":"Polygon","coordinates":[[[71.00609853122227,23.860338251509157],[70.95609853122227,23.860338251509157],[70.95609853122227,23.910338251509154],[71.00609853122227,23.910338251509154],[71.00609853122227,23.860338251509157]]]}},{"type":"Feature","properties":{"GRID_CODE":"GJ-KU-RAN-254","STATE":"Gujarat","DISTRICT":"Kachchh","BLOCK":"Rann of Kachchh","n_lists":0,"n_birders":0,"n_species":0,"focal_lists":0},"geometry":{"type":"Polygon","coordinates":[[[68.90609853122227,24.010338251509155],[68.85609853122227,24.010338251509155],[68.85609853122227,24.060338251509156],[68.90609853122227,24.060338251509156],[68.90609853122227,24.010338251509155]]]}},{"type":"Feature","properties":{"GRID_CODE":"GJ-KU-RAN-284","STATE":"Gujarat","DISTRICT":"Kachchh","BLOCK":"Rann of Kachchh","n_lists":0,"n_birders":0,"n_species":0,"focal_lists":0},"geometry":{"type":"Polygon","coordinates":[[[70.40609853122227,24.010338251509155],[70.35609853122227,24.010338251509155],[70.35609853122227,24.060338251509156],[70.40609853122227,24.060338251509156],[70.40609853122227,24.010338251509155]]]}},{"type":"Feature","properties":{"GRID_CODE":"GJ-KU-BHA-075","STATE":"Gujarat","DISTRICT":"Kachchh","BLOCK":"Bhachau","n_lists":0,"n_birders":0,"n_species":0,"focal_lists":0},"geometry":{"type":"Polygon","coordinates":[[[70.65609853122227,23.160338251509154],[70.60609853122227,23.160338251509154],[70.60609853122227,23.210338251509154],[70.65609853122227,23.210338251509154],[70.65609853122227,23.160338251509154]]]}},{"type":"Feature","properties":{"GRID_CODE":"GJ-KU-MAN-050","STATE":"Gujarat","DISTRICT":"Kachchh","BLOCK":"Mandvi","n_lists":0,"n_birders":0,"n_species":0,"focal_lists":0},"geometry":{"type":"Polygon","coordinates":[[[69.45609853122227,22.810338251509156],[69.40609853122227,22.810338251509156],[69.40609853122227,22.860338251509157],[69.45609853122227,22.860338251509157],[69.45609853122227,22.810338251509156]]]}},{"type":"Feature","properties":{"GRID_CODE":"GJ-KU-ANJ-002","STATE":"Gujarat","DISTRICT":"Kachchh","BLOCK":"Anjar","n_lists":0,"n_birders":0,"n_species":0,"focal_lists":0},"geometry":{"type":"Polygon","coordinates":[[[70.05609853122226,23.310338251509156],[70.00609853122227,23.310338251509156],[70.00609853122227,23.360338251509157],[70.05609853122226,23.360338251509157],[70.05609853122226,23.310338251509156]]]}},{"type":"Feature","properties":{"GRID_CODE":"GJ-KU-BHU-065","STATE":"Gujarat","DISTRICT":"Kachchh","BLOCK":"Bhuj","n_lists":3,"n_birders":1,"n_species":58,"focal_lists":3},"geometry":{"type":"Polygon","coordinates":[[[69.80609853122226,23.610338251509157],[69.75609853122227,23.610338251509157],[69.75609853122227,23.660338251509154],[69.80609853122226,23.660338251509154],[69.80609853122226,23.610338251509157]]]}},{"type":"Feature","properties":{"GRID_CODE":"GJ-KU-LIT-090","STATE":"Gujarat","DISTRICT":"Kachchh","BLOCK":"Little Rann","n_lists":0,"n_birders":0,"n_species":0,"focal_lists":0},"geometry":{"type":"Polygon","coordinates":[[[71.55609853122226,23.310338251509156],[71.50609853122227,23.310338251509156],[71.50609853122227,23.360338251509157],[71.55609853122226,23.360338251509157],[71.55609853122226,23.310338251509156]]]}},{"type":"Feature","properties":{"GRID_CODE":"GJ-KU-NAK-025","STATE":"Gujarat","DISTRICT":"Kachchh","BLOCK":"Nakhatrana","n_lists":0,"n_birders":0,"n_species":0,"focal_lists":0},"geometry":{"type":"Polygon","coordinates":[[[69.45609853122227,23.460338251509154],[69.40609853122227,23.460338251509154],[69.40609853122227,23.510338251509155],[69.45609853122227,23.510338251509155],[69.45609853122227,23.460338251509154]]]}},{"type":"Feature","properties":{"GRID_CODE":"GJ-KU-ABD-029","STATE":"Gujarat","DISTRICT":"Kachchh","BLOCK":"Abdasa","n_lists":1,"n_birders":1,"n_species":25,"focal_lists":1},"geometry":{"type":"Polygon","coordinates":[[[69.10609853122227,23.310338251509156],[69.05609853122226,23.310338251509156],[69.05609853122226,23.360338251509157],[69.10609853122227,23.360338251509157],[69.10609853122227,23.310338251509156]]]}},{"type":"Feature","properties":{"GRID_CODE":"GJ-KU-LIT-066","STATE":"Gujarat","DISTRICT":"Kachchh","BLOCK":"Little Rann","n_lists":0,"n_birders":0,"n_species":0,"focal_lists":0},"geometry":{"type":"Polygon","coordinates":[[[71.15609853122227,23.360338251509157],[71.10609853122227,23.360338251509157],[71.10609853122227,23.410338251509154],[71.15609853122227,23.410338251509154],[71.15609853122227,23.360338251509157]]]}},{"type":"Feature","properties":{"GRID_CODE":"GJ-KU-LIT-005","STATE":"Gujarat","DISTRICT":"Kachchh","BLOCK":"Little Rann","n_lists":0,"n_birders":0,"n_species":0,"focal_lists":0},"geometry":{"type":"Polygon","coordinates":[[[71.30609853122226,23.610338251509157],[71.25609853122227,23.610338251509157],[71.25609853122227,23.660338251509154],[71.30609853122226,23.660338251509154],[71.30609853122226,23.610338251509157]]]}},{"type":"Feature","properties":{"GRID_CODE":"GJ-KU-RAN-500","STATE":"Gujarat","DISTRICT":"Kachchh","BLOCK":"Rann of Kachchh","n_lists":0,"n_birders":0,"n_species":0,"focal_lists":0},"geometry":{"type":"Polygon","coordinates":[[[69.20609853122227,23.760338251509155],[69.15609853122227,23.760338251509155],[69.15609853122227,23.810338251509156],[69.20609853122227,23.810338251509156],[69.20609853122227,23.760338251509155]]]}},{"type":"Feature","properties":{"GRID_CODE":"GJ-KU-LIT-111","STATE":"Gujarat","DISTRICT":"Kachchh","BLOCK":"Little Rann","n_lists":0,"n_birders":0,"n_species":0,"focal_lists":0},"geometry":{"type":"Polygon","coordinates":[[[70.80609853122226,23.210338251509154],[70.75609853122227,23.210338251509154],[70.75609853122227,23.260338251509155],[70.80609853122226,23.260338251509155],[70.80609853122226,23.210338251509154]]]}},{"type":"Feature","properties":{"GRID_CODE":"GJ-KU-RAP-080","STATE":"Gujarat","DISTRICT":"Kachchh","BLOCK":"Rapar","n_lists":0,"n_birders":0,"n_species":0,"focal_lists":0},"geometry":{"type":"Polygon","coordinates":[[[70.95609853122227,23.460338251509154],[70.90609853122227,23.460338251509154],[70.90609853122227,23.510338251509155],[70.95609853122227,23.510338251509155],[70.95609853122227,23.460338251509154]]]}},{"type":"Feature","properties":{"GRID_CODE":"GJ-KU-LAK-037","STATE":"Gujarat","DISTRICT":"Kachchh","BLOCK":"Lakhpat","n_lists":4,"n_birders":1,"n_species":53,"focal_lists":3},"geometry":{"type":"Polygon","coordinates":[[[68.85609853122227,23.610338251509157],[68.80609853122226,23.610338251509157],[68.80609853122226,23.660338251509154],[68.85609853122227,23.660338251509154],[68.85609853122227,23.610338251509157]]]}},{"type":"Feature","properties":{"GRID_CODE":"GJ-KU-BHA-047","STATE":"Gujarat","DISTRICT":"Kachchh","BLOCK":"Bhachau","n_lists":0,"n_birders":0,"n_species":0,"focal_lists":0},"geometry":{"type":"Polygon","coordinates":[[[70.60609853122227,23.310338251509156],[70.55609853122226,23.310338251509156],[70.55609853122226,23.360338251509157],[70.60609853122227,23.360338251509157],[70.60609853122227,23.310338251509156]]]}},{"type":"Feature","properties":{"GRID_CODE":"GJ-KU-LAK-064","STATE":"Gujarat","DISTRICT":"Kachchh","BLOCK":"Lakhpat","n_lists":0,"n_birders":0,"n_species":0,"focal_lists":0},"geometry":{"type":"Polygon","coordinates":[[[68.50609853122227,23.460338251509154],[68.45609853122227,23.460338251509154],[68.45609853122227,23.510338251509155],[68.50609853122227,23.510338251509155],[68.50609853122227,23.460338251509154]]]}},{"type":"Feature","properties":{"GRID_CODE":"GJ-KU-RAP-061","STATE":"Gujarat","DISTRICT":"Kachchh","BLOCK":"Rapar","n_lists":0,"n_birders":0,"n_species":0,"focal_lists":0},"geometry":{"type":"Polygon","coordinates":[[[70.55609853122226,23.510338251509155],[70.50609853122227,23.510338251509155],[70.50609853122227,23.560338251509156],[70.55609853122226,23.560338251509156],[70.55609853122226,23.510338251509155]]]}},{"type":"Feature","properties":{"GRID_CODE":"GJ-KU-RAP-016","STATE":"Gujarat","DISTRICT":"Kachchh","BLOCK":"Rapar","n_lists":2,"n_birders":1,"n_species":51,"focal_lists":2},"geometry":{"type":"Polygon","coordinates":[[[70.70609853122227,23.760338251509155],[70.65609853122227,23.760338251509155],[70.65609853122227,23.810338251509156],[70.70609853122227,23.810338251509156],[70.70609853122227,23.760338251509155]]]}},{"type":"Feature","properties":{"GRID_CODE":"GJ-KU-BHA-030","STATE":"Gujarat","DISTRICT":"Kachchh","BLOCK":"Bhachau","n_lists":0,"n_birders":0,"n_species":0,"focal_lists":0},"geometry":{"type":"Polygon","coordinates":[[[70.20609853122227,23.360338251509157],[70.15609853122227,23.360338251509157],[70.15609853122227,23.410338251509154],[70.20609853122227,23.410338251509154],[70.20609853122227,23.360338251509157]]]}},{"type":"Feature","properties":{"GRID_CODE":"GJ-KU-RAN-299","STATE":"Gujarat","DISTRICT":"Kachchh","BLOCK":"Rann of Kachchh","n_lists":0,"n_birders":0,"n_species":0,"focal_lists":0},"geometry":{"type":"Polygon","coordinates":[[[71.15609853122227,24.010338251509155],[71.10609853122227,24.010338251509155],[71.10609853122227,24.060338251509156],[71.15609853122227,24.060338251509156],[71.15609853122227,24.010338251509155]]]}},{"type":"Feature","properties":{"GRID_CODE":"GJ-KU-RAN-574","STATE":"Gujarat","DISTRICT":"Kachchh","BLOCK":"Rann of Kachchh","n_lists":0,"n_birders":0,"n_species":0,"focal_lists":0},"geometry":{"type":"Polygon","coordinates":[[[70.35609853122227,23.610338251509157],[70.30609853122226,23.610338251509157],[70.30609853122226,23.660338251509154],[70.35609853122227,23.660338251509154],[70.35609853122227,23.610338251509157]]]}},{"type":"Feature","properties":{"GRID_CODE":"GJ-KU-RAN-071","STATE":"Gujarat","DISTRICT":"Kachchh","BLOCK":"Rann of Kachchh","n_lists":0,"n_birders":0,"n_species":0,"focal_lists":0},"geometry":{"type":"Polygon","coordinates":[[[71.30609853122226,24.260338251509155],[71.25609853122227,24.260338251509155],[71.25609853122227,24.310338251509156],[71.30609853122226,24.310338251509156],[71.30609853122226,24.260338251509155]]]}},{"type":"Feature","properties":{"GRID_CODE":"GJ-KU-RAN-488","STATE":"Gujarat","DISTRICT":"Kachchh","BLOCK":"Rann of Kachchh","n_lists":0,"n_birders":0,"n_species":0,"focal_lists":0},"geometry":{"type":"Polygon","coordinates":[[[68.25609853122227,23.760338251509155],[68.20609853122227,23.760338251509155],[68.20609853122227,23.810338251509156],[68.25609853122227,23.810338251509156],[68.25609853122227,23.760338251509155]]]}},{"type":"Feature","properties":{"GRID_CODE":"GJ-KU-RAN-053","STATE":"Gujarat","DISTRICT":"Kachchh","BLOCK":"Rann of Kachchh","n_lists":0,"n_birders":0,"n_species":0,"focal_lists":0},"geometry":{"type":"Polygon","coordinates":[[[68.85609853122227,24.260338251509155],[68.80609853122226,24.260338251509155],[68.80609853122226,24.310338251509156],[68.85609853122227,24.310338251509156],[68.85609853122227,24.260338251509155]]]}},{"type":"Feature","properties":{"GRID_CODE":"GJ-KU-RAN-134","STATE":"Gujarat","DISTRICT":"Kachchh","BLOCK":"Rann of Kachchh","n_lists":0,"n_birders":0,"n_species":0,"focal_lists":0},"geometry":{"type":"Polygon","coordinates":[[[70.55609853122226,24.160338251509154],[70.50609853122227,24.160338251509154],[70.50609853122227,24.210338251509154],[70.55609853122226,24.210338251509154],[70.55609853122226,24.160338251509154]]]}},{"type":"Feature","properties":{"GRID_CODE":"GJ-KU-BHU-020","STATE":"Gujarat","DISTRICT":"Kachchh","BLOCK":"Bhuj","n_lists":0,"n_birders":0,"n_species":0,"focal_lists":0},"geometry":{"type":"Polygon","coordinates":[[[69.75609853122227,23.760338251509155],[69.70609853122227,23.760338251509155],[69.70609853122227,23.810338251509156],[69.75609853122227,23.810338251509156],[69.75609853122227,23.760338251509155]]]}},{"type":"Feature","properties":{"GRID_CODE":"GJ-KU-RAN-280","STATE":"Gujarat","DISTRICT":"Kachchh","BLOCK":"Rann of Kachchh","n_lists":0,"n_birders":0,"n_species":0,"focal_lists":0},"geometry":{"type":"Polygon","coordinates":[[[70.20609853122227,24.010338251509155],[70.15609853122227,24.010338251509155],[70.15609853122227,24.060338251509156],[70.20609853122227,24.060338251509156],[70.20609853122227,24.010338251509155]]]}},{"type":"Feature","properties":{"GRID_CODE":"GJ-KU-RAN-058","STATE":"Gujarat","DISTRICT":"Kachchh","BLOCK":"Rann of Kachchh","n_lists":0,"n_birders":0,"n_species":0,"focal_lists":0},"geometry":{"type":"Polygon","coordinates":[[[70.35609853122227,24.260338251509155],[70.30609853122226,24.260338251509155],[70.30609853122226,24.310338251509156],[70.35609853122227,24.310338251509156],[70.35609853122227,24.260338251509155]]]}},{"type":"Feature","properties":{"GRID_CODE":"GJ-KU-MUN-004","STATE":"Gujarat","DISTRICT":"Kachchh","BLOCK":"Mundra","n_lists":0,"n_birders":0,"n_species":0,"focal_lists":0},"geometry":{"type":"Polygon","coordinates":[[[69.60609853122227,22.960338251509154],[69.55609853122226,22.960338251509154],[69.55609853122226,23.010338251509155],[69.60609853122227,23.010338251509155],[69.60609853122227,22.960338251509154]]]}},{"type":"Feature","properties":{"GRID_CODE":"GJ-KU-ABD-074","STATE":"Gujarat","DISTRICT":"Kachchh","BLOCK":"Abdasa","n_lists":0,"n_birders":0,"n_species":0,"focal_lists":0},"geometry":{"type":"Polygon","coordinates":[[[69.00609853122227,23.110338251509157],[68.95609853122227,23.110338251509157],[68.95609853122227,23.160338251509154],[69.00609853122227,23.160338251509154],[69.00609853122227,23.110338251509157]]]}},{"type":"Feature","properties":{"GRID_CODE":"GJ-KU-LIT-093","STATE":"Gujarat","DISTRICT":"Kachchh","BLOCK":"Little Rann","n_lists":0,"n_birders":0,"n_species":0,"focal_lists":0},"geometry":{"type":"Polygon","coordinates":[[[70.85609853122227,23.260338251509155],[70.80609853122226,23.260338251509155],[70.80609853122226,23.310338251509156],[70.85609853122227,23.310338251509156],[70.85609853122227,23.260338251509155]]]}},{"type":"Feature","properties":{"GRID_CODE":"GJ-KU-LIT-155","STATE":"Gujarat","DISTRICT":"Kachchh","BLOCK":"Little Rann","n_lists":0,"n_birders":0,"n_species":0,"focal_lists":0},"geometry":{"type":"Polygon","coordinates":[[[70.50609853122227,23.110338251509157],[70.45609853122227,23.110338251509157],[70.45609853122227,23.160338251509154],[70.50609853122227,23.160338251509154],[70.50609853122227,23.110338251509157]]]}},{"type":"Feature","properties":{"GRID_CODE":"GJ-KU-COA-001","STATE":"Gujarat","DISTRICT":"Kachchh","BLOCK":"Coastal Area","n_lists":0,"n_birders":0,"n_species":0,"focal_lists":0},"geometry":{"type":"Polygon","coordinates":[[[70.15609853122227,22.960338251509154],[70.10609853122227,22.960338251509154],[70.10609853122227,23.010338251509155],[70.15609853122227,23.010338251509155],[70.15609853122227,22.960338251509154]]]}},{"type":"Feature","properties":{"GRID_CODE":"GJ-KU-ANJ-018","STATE":"Gujarat","DISTRICT":"Kachchh","BLOCK":"Anjar","n_lists":1,"n_birders":1,"n_species":23,"focal_lists":0},"geometry":{"type":"Polygon","coordinates":[[[70.10609853122227,23.160338251509154],[70.05609853122226,23.160338251509154],[70.05609853122226,23.210338251509154],[70.10609853122227,23.210338251509154],[70.10609853122227,23.160338251509154]]]}},{"type":"Feature","properties":{"GRID_CODE":"GJ-KU-RAN-487","STATE":"Gujarat","DISTRICT":"Kachchh","BLOCK":"Rann of Kachchh","n_lists":0,"n_birders":0,"n_species":0,"focal_lists":0},"geometry":{"type":"Polygon","coordinates":[[[71.05609853122226,23.810338251509156],[71.00609853122227,23.810338251509156],[71.00609853122227,23.860338251509157],[71.05609853122226,23.860338251509157],[71.05609853122226,23.810338251509156]]]}},{"type":"Feature","properties":{"GRID_CODE":"GJ-KU-BHU-127","STATE":"Gujarat","DISTRICT":"Kachchh","BLOCK":"Bhuj","n_lists":0,"n_birders":0,"n_species":0,"focal_lists":0},"geometry":{"type":"Polygon","coordinates":[[[69.90609853122227,23.260338251509155],[69.85609853122227,23.260338251509155],[69.85609853122227,23.310338251509156],[69.90609853122227,23.310338251509156],[69.90609853122227,23.260338251509155]]]}},{"type":"Feature","properties":{"GRID_CODE":"GJ-KU-RAN-399","STATE":"Gujarat","DISTRICT":"Kachchh","BLOCK":"Rann of Kachchh","n_lists":0,"n_birders":0,"n_species":0,"focal_lists":0},"geometry":{"type":"Polygon","coordinates":[[[70.85609853122227,23.910338251509154],[70.80609853122226,23.910338251509154],[70.80609853122226,23.960338251509154],[70.85609853122227,23.960338251509154],[70.85609853122227,23.910338251509154]]]}},{"type":"Feature","properties":{"GRID_CODE":"GJ-KU-BHU-153","STATE":"Gujarat","DISTRICT":"Kachchh","BLOCK":"Bhuj","n_lists":0,"n_birders":0,"n_species":0,"focal_lists":0},"geometry":{"type":"Polygon","coordinates":[[[69.55609853122226,23.110338251509157],[69.50609853122227,23.110338251509157],[69.50609853122227,23.160338251509154],[69.55609853122226,23.160338251509154],[69.55609853122226,23.110338251509157]]]}},{"type":"Feature","properties":{"GRID_CODE":"GJ-KU-LIT-148","STATE":"Gujarat","DISTRICT":"Kachchh","BLOCK":"Little Rann","n_lists":0,"n_birders":0,"n_species":0,"focal_lists":0},"geometry":{"type":"Polygon","coordinates":[[[71.60609853122227,23.160338251509154],[71.55609853122226,23.160338251509154],[71.55609853122226,23.210338251509154],[71.60609853122227,23.210338251509154],[71.60609853122227,23.160338251509154]]]}},{"type":"Feature","properties":{"GRID_CODE":"GJ-KU-RAN-356","STATE":"Gujarat","DISTRICT":"Kachchh","BLOCK":"Rann of Kachchh","n_lists":0,"n_birders":0,"n_species":0,"focal_lists":0},"geometry":{"type":"Polygon","coordinates":[[[68.40609853122227,23.910338251509154],[68.35609853122227,23.910338251509154],[68.35609853122227,23.960338251509154],[68.40609853122227,23.960338251509154],[68.40609853122227,23.910338251509154]]]}},{"type":"Feature","properties":{"GRID_CODE":"GJ-KU-RAN-338","STATE":"Gujarat","DISTRICT":"Kachchh","BLOCK":"Rann of Kachchh","n_lists":0,"n_birders":0,"n_species":0,"focal_lists":0},"geometry":{"type":"Polygon","coordinates":[[[70.45609853122227,23.960338251509154],[70.40609853122227,23.960338251509154],[70.40609853122227,24.010338251509155],[70.45609853122227,24.010338251509155],[70.45609853122227,23.960338251509154]]]}},{"type":"Feature","properties":{"GRID_CODE":"GJ-KU-RAN-357","STATE":"Gujarat","DISTRICT":"Kachchh","BLOCK":"Rann of Kachchh","n_lists":0,"n_birders":0,"n_species":0,"focal_lists":0},"geometry":{"type":"Polygon","coordinates":[[[68.45609853122227,23.910338251509154],[68.40609853122227,23.910338251509154],[68.40609853122227,23.960338251509154],[68.45609853122227,23.960338251509154],[68.45609853122227,23.910338251509154]]]}},{"type":"Feature","properties":{"GRID_CODE":"GJ-KU-ABD-066","STATE":"Gujarat","DISTRICT":"Kachchh","BLOCK":"Abdasa","n_lists":0,"n_birders":0,"n_species":0,"focal_lists":0},"geometry":{"type":"Polygon","coordinates":[[[69.15609853122227,23.160338251509154],[69.10609853122227,23.160338251509154],[69.10609853122227,23.210338251509154],[69.15609853122227,23.210338251509154],[69.15609853122227,23.160338251509154]]]}},{"type":"Feature","properties":{"GRID_CODE":"GJ-KU-RAN-478","STATE":"Gujarat","DISTRICT":"Kachchh","BLOCK":"Rann of Kachchh","n_lists":3,"n_birders":1,"n_species":20,"focal_lists":2},"geometry":{"type":"Polygon","coordinates":[[[70.10609853122227,23.810338251509156],[70.05609853122226,23.810338251509156],[70.05609853122226,23.860338251509157],[70.10609853122227,23.860338251509157],[70.10609853122227,23.810338251509156]]]}},{"type":"Feature","properties":{"GRID_CODE":"GJ-KU-RAN-015","STATE":"Gujarat","DISTRICT":"Kachchh","BLOCK":"Rann of Kachchh","n_lists":0,"n_birders":0,"n_species":0,"focal_lists":0},"geometry":{"type":"Polygon","coordinates":[[[71.05609853122226,24.460338251509154],[71.00609853122227,24.460338251509154],[71.00609853122227,24.510338251509155],[71.05609853122226,24.510338251509155],[71.05609853122226,24.460338251509154]]]}},{"type":"Feature","properties":{"GRID_CODE":"GJ-KU-NAK-034","STATE":"Gujarat","DISTRICT":"Kachchh","BLOCK":"Nakhatrana","n_lists":3,"n_birders":1,"n_species":76,"focal_lists":3},"geometry":{"type":"Polygon","coordinates":[[[69.30609853122226,23.410338251509154],[69.25609853122227,23.410338251509154],[69.25609853122227,23.460338251509154],[69.30609853122226,23.460338251509154],[69.30609853122226,23.410338251509154]]]}},{"type":"Feature","properties":{"GRID_CODE":"GJ-KU-RAN-230","STATE":"Gujarat","DISTRICT":"Kachchh","BLOCK":"Rann of Kachchh","n_lists":0,"n_birders":0,"n_species":0,"focal_lists":0},"geometry":{"type":"Polygon","coordinates":[[[70.25609853122227,24.060338251509156],[70.20609853122227,24.060338251509156],[70.20609853122227,24.110338251509157],[70.25609853122227,24.110338251509157],[70.25609853122227,24.060338251509156]]]}},{"type":"Feature","properties":{"GRID_CODE":"GJ-KU-ABD-038","STATE":"Gujarat","DISTRICT":"Kachchh","BLOCK":"Abdasa","n_lists":8,"n_birders":1,"n_species":78,"focal_lists":7},"geometry":{"type":"Polygon","coordinates":[[[68.95609853122227,23.260338251509155],[68.90609853122227,23.260338251509155],[68.90609853122227,23.310338251509156],[68.95609853122227,23.310338251509156],[68.95609853122227,23.260338251509155]]]}},{"type":"Feature","properties":{"GRID_CODE":"GJ-KU-RAN-383","STATE":"Gujarat","DISTRICT":"Kachchh","BLOCK":"Rann of Kachchh","n_lists":0,"n_birders":0,"n_species":0,"focal_lists":0},"geometry":{"type":"Polygon","coordinates":[[[69.90609853122227,23.910338251509154],[69.85609853122227,23.910338251509154],[69.85609853122227,23.960338251509154],[69.90609853122227,23.960338251509154],[69.90609853122227,23.910338251509154]]]}},{"type":"Feature","properties":{"GRID_CODE":"GJ-KU-RAN-319","STATE":"Gujarat","DISTRICT":"Kachchh","BLOCK":"Rann of Kachchh","n_lists":0,"n_birders":0,"n_species":0,"focal_lists":0},"geometry":{"type":"Polygon","coordinates":[[[69.50609853122227,23.960338251509154],[69.45609853122227,23.960338251509154],[69.45609853122227,24.010338251509155],[69.50609853122227,24.010338251509155],[69.50609853122227,23.960338251509154]]]}},{"type":"Feature","properties":{"GRID_CODE":"GJ-KU-RAN-087","STATE":"Gujarat","DISTRICT":"Kachchh","BLOCK":"Rann of Kachchh","n_lists":0,"n_birders":0,"n_species":0,"focal_lists":0},"geometry":{"type":"Polygon","coordinates":[[[69.65609853122227,24.210338251509154],[69.60609853122227,24.210338251509154],[69.60609853122227,24.260338251509155],[69.65609853122227,24.260338251509155],[69.65609853122227,24.210338251509154]]]}},{"type":"Feature","properties":{"GRID_CODE":"GJ-KU-RAN-464","STATE":"Gujarat","DISTRICT":"Kachchh","BLOCK":"Rann of Kachchh","n_lists":0,"n_birders":0,"n_species":0,"focal_lists":0},"geometry":{"type":"Polygon","coordinates":[[[69.15609853122227,23.810338251509156],[69.10609853122227,23.810338251509156],[69.10609853122227,23.860338251509157],[69.15609853122227,23.860338251509157],[69.15609853122227,23.810338251509156]]]}},{"type":"Feature","properties":{"GRID_CODE":"GJ-KU-RAN-211","STATE":"Gujarat","DISTRICT":"Kachchh","BLOCK":"Rann of Kachchh","n_lists":0,"n_birders":0,"n_species":0,"focal_lists":0},"geometry":{"type":"Polygon","coordinates":[[[69.30609853122226,24.060338251509156],[69.25609853122227,24.060338251509156],[69.25609853122227,24.110338251509157],[69.30609853122226,24.110338251509157],[69.30609853122226,24.060338251509156]]]}},{"type":"Feature","properties":{"GRID_CODE":"GJ-KU-RAN-349","STATE":"Gujarat","DISTRICT":"Kachchh","BLOCK":"Rann of Kachchh","n_lists":0,"n_birders":0,"n_species":0,"focal_lists":0},"geometry":{"type":"Polygon","coordinates":[[[71.00609853122227,23.960338251509154],[70.95609853122227,23.960338251509154],[70.95609853122227,24.010338251509155],[71.00609853122227,24.010338251509155],[71.00609853122227,23.960338251509154]]]}},{"type":"Feature","properties":{"GRID_CODE":"GJ-KU-RAN-153","STATE":"Gujarat","DISTRICT":"Kachchh","BLOCK":"Rann of Kachchh","n_lists":0,"n_birders":0,"n_species":0,"focal_lists":0},"geometry":{"type":"Polygon","coordinates":[[[68.90609853122227,24.110338251509157],[68.85609853122227,24.110338251509157],[68.85609853122227,24.160338251509154],[68.90609853122227,24.160338251509154],[68.90609853122227,24.110338251509157]]]}},{"type":"Feature","properties":{"GRID_CODE":"GJ-KU-RAN-183","STATE":"Gujarat","DISTRICT":"Kachchh","BLOCK":"Rann of Kachchh","n_lists":0,"n_birders":0,"n_species":0,"focal_lists":0},"geometry":{"type":"Polygon","coordinates":[[[70.40609853122227,24.110338251509157],[70.35609853122227,24.110338251509157],[70.35609853122227,24.160338251509154],[70.40609853122227,24.160338251509154],[70.40609853122227,24.110338251509157]]]}},{"type":"Feature","properties":{"GRID_CODE":"GJ-KU-ABD-003","STATE":"Gujarat","DISTRICT":"Kachchh","BLOCK":"Abdasa","n_lists":0,"n_birders":0,"n_species":0,"focal_lists":0},"geometry":{"type":"Polygon","coordinates":[[[68.55609853122226,23.410338251509154],[68.50609853122227,23.410338251509154],[68.50609853122227,23.460338251509154],[68.55609853122226,23.460338251509154],[68.55609853122226,23.410338251509154]]]}},{"type":"Feature","properties":{"GRID_CODE":"GJ-KU-MAN-034","STATE":"Gujarat","DISTRICT":"Kachchh","BLOCK":"Mandvi","n_lists":0,"n_birders":0,"n_species":0,"focal_lists":0},"geometry":{"type":"Polygon","coordinates":[[[69.45609853122227,22.910338251509154],[69.40609853122227,22.910338251509154],[69.40609853122227,22.960338251509154],[69.45609853122227,22.960338251509154],[69.45609853122227,22.910338251509154]]]}},{"type":"Feature","properties":{"GRID_CODE":"GJ-KU-BHU-092","STATE":"Gujarat","DISTRICT":"Kachchh","BLOCK":"Bhuj","n_lists":0,"n_birders":0,"n_species":0,"focal_lists":0},"geometry":{"type":"Polygon","coordinates":[[[70.05609853122226,23.410338251509154],[70.00609853122227,23.410338251509154],[70.00609853122227,23.460338251509154],[70.05609853122226,23.460338251509154],[70.05609853122226,23.410338251509154]]]}},{"type":"Feature","properties":{"GRID_CODE":"GJ-KU-ABD-079","STATE":"Gujarat","DISTRICT":"Kachchh","BLOCK":"Abdasa","n_lists":2,"n_birders":1,"n_species":57,"focal_lists":2},"geometry":{"type":"Polygon","coordinates":[[[68.85609853122227,23.060338251509156],[68.80609853122226,23.060338251509156],[68.80609853122226,23.110338251509157],[68.85609853122227,23.110338251509157],[68.85609853122227,23.060338251509156]]]}},{"type":"Feature","properties":{"GRID_CODE":"GJ-KU-BHU-036","STATE":"Gujarat","DISTRICT":"Kachchh","BLOCK":"Bhuj","n_lists":3,"n_birders":1,"n_species":57,"focal_lists":3},"geometry":{"type":"Polygon","coordinates":[[[69.80609853122226,23.710338251509154],[69.75609853122227,23.710338251509154],[69.75609853122227,23.760338251509155],[69.80609853122226,23.760338251509155],[69.80609853122226,23.710338251509154]]]}},{"type":"Feature","properties":{"GRID_CODE":"GJ-KU-LIT-144","STATE":"Gujarat","DISTRICT":"Kachchh","BLOCK":"Little Rann","n_lists":0,"n_birders":0,"n_species":0,"focal_lists":0},"geometry":{"type":"Polygon","coordinates":[[[71.40609853122227,23.160338251509154],[71.35609853122227,23.160338251509154],[71.35609853122227,23.210338251509154],[71.40609853122227,23.210338251509154],[71.40609853122227,23.160338251509154]]]}},{"type":"Feature","properties":{"GRID_CODE":"GJ-KU-LIT-061","STATE":"Gujarat","DISTRICT":"Kachchh","BLOCK":"Little Rann","n_lists":0,"n_birders":0,"n_species":0,"focal_lists":0},"geometry":{"type":"Polygon","coordinates":[[[71.55609853122226,23.410338251509154],[71.50609853122227,23.410338251509154],[71.50609853122227,23.460338251509154],[71.55609853122226,23.460338251509154],[71.55609853122226,23.410338251509154]]]}},{"type":"Feature","properties":{"GRID_CODE":"GJ-KU-LIT-010","STATE":"Gujarat","DISTRICT":"Kachchh","BLOCK":"Little Rann","n_lists":2,"n_birders":1,"n_species":50,"focal_lists":2},"geometry":{"type":"Polygon","coordinates":[[[69.45609853122227,23.560338251509156],[69.40609853122227,23.560338251509156],[69.40609853122227,23.610338251509157],[69.45609853122227,23.610338251509157],[69.45609853122227,23.560338251509156]]]}},{"type":"Feature","properties":{"GRID_CODE":"GJ-KU-LIT-043","STATE":"Gujarat","DISTRICT":"Kachchh","BLOCK":"Little Rann","n_lists":0,"n_birders":0,"n_species":0,"focal_lists":0},"geometry":{"type":"Polygon","coordinates":[[[71.15609853122227,23.460338251509154],[71.10609853122227,23.460338251509154],[71.10609853122227,23.510338251509155],[71.15609853122227,23.510338251509155],[71.15609853122227,23.460338251509154]]]}},{"type":"Feature","properties":{"GRID_CODE":"GJ-KU-LIT-165","STATE":"Gujarat","DISTRICT":"Kachchh","BLOCK":"Little Rann","n_lists":0,"n_birders":0,"n_species":0,"focal_lists":0},"geometry":{"type":"Polygon","coordinates":[[[70.35609853122227,23.060338251509156],[70.30609853122226,23.060338251509156],[70.30609853122226,23.110338251509157],[70.35609853122227,23.110338251509157],[70.35609853122227,23.060338251509156]]]}},{"type":"Feature","properties":{"GRID_CODE":"GJ-KU-RAN-427","STATE":"Gujarat","DISTRICT":"Kachchh","BLOCK":"Rann of Kachchh","n_lists":0,"n_birders":0,"n_species":0,"focal_lists":0},"geometry":{"type":"Polygon","coordinates":[[[69.20609853122227,23.860338251509157],[69.15609853122227,23.860338251509157],[69.15609853122227,23.910338251509154],[69.20609853122227,23.910338251509154],[69.20609853122227,23.860338251509157]]]}},{"type":"Feature","properties":{"GRID_CODE":"GJ-KU-RAP-099","STATE":"Gujarat","DISTRICT":"Kachchh","BLOCK":"Rapar","n_lists":3,"n_birders":1,"n_species":47,"focal_lists":3},"geometry":{"type":"Polygon","coordinates":[[[70.80609853122226,23.310338251509156],[70.75609853122227,23.310338251509156],[70.75609853122227,23.360338251509157],[70.80609853122226,23.360338251509157],[70.80609853122226,23.310338251509156]]]}},{"type":"Feature","properties":{"GRID_CODE":"GJ-KU-RAP-057","STATE":"Gujarat","DISTRICT":"Kachchh","BLOCK":"Rapar","n_lists":0,"n_birders":0,"n_species":0,"focal_lists":0},"geometry":{"type":"Polygon","coordinates":[[[70.95609853122227,23.560338251509156],[70.90609853122227,23.560338251509156],[70.90609853122227,23.610338251509157],[70.95609853122227,23.610338251509157],[70.95609853122227,23.560338251509156]]]}},{"type":"Feature","properties":{"GRID_CODE":"GJ-KU-LAK-013","STATE":"Gujarat","DISTRICT":"Kachchh","BLOCK":"Lakhpat","n_lists":0,"n_birders":0,"n_species":0,"focal_lists":0},"geometry":{"type":"Polygon","coordinates":[[[68.85609853122227,23.710338251509154],[68.80609853122226,23.710338251509154],[68.80609853122226,23.760338251509155],[68.85609853122227,23.760338251509155],[68.85609853122227,23.710338251509154]]]}},{"type":"Feature","properties":{"GRID_CODE":"GJ-KU-LAK-044","STATE":"Gujarat","DISTRICT":"Kachchh","BLOCK":"Lakhpat","n_lists":1,"n_birders":1,"n_species":22,"focal_lists":1},"geometry":{"type":"Polygon","coordinates":[[[68.50609853122227,23.560338251509156],[68.45609853122227,23.560338251509156],[68.45609853122227,23.610338251509157],[68.50609853122227,23.610338251509157],[68.50609853122227,23.560338251509156]]]}},{"type":"Feature","properties":{"GRID_CODE":"GJ-KU-RAP-038","STATE":"Gujarat","DISTRICT":"Kachchh","BLOCK":"Rapar","n_lists":0,"n_birders":0,"n_species":0,"focal_lists":0},"geometry":{"type":"Polygon","coordinates":[[[70.55609853122226,23.610338251509157],[70.50609853122227,23.610338251509157],[70.50609853122227,23.660338251509154],[70.55609853122226,23.660338251509154],[70.55609853122226,23.610338251509157]]]}},{"type":"Feature","properties":{"GRID_CODE":"GJ-KU-RAP-005","STATE":"Gujarat","DISTRICT":"Kachchh","BLOCK":"Rapar","n_lists":2,"n_birders":1,"n_species":36,"focal_lists":2},"geometry":{"type":"Polygon","coordinates":[[[70.70609853122227,23.860338251509157],[70.65609853122227,23.860338251509157],[70.65609853122227,23.910338251509154],[70.70609853122227,23.910338251509154],[70.70609853122227,23.860338251509157]]]}},{"type":"Feature","properties":{"GRID_CODE":"GJ-KU-RAN-595","STATE":"Gujarat","DISTRICT":"Kachchh","BLOCK":"Rann of Kachchh","n_lists":0,"n_birders":0,"n_species":0,"focal_lists":0},"geometry":{"type":"Polygon","coordinates":[[[70.20609853122227,23.460338251509154],[70.15609853122227,23.460338251509154],[70.15609853122227,23.510338251509155],[70.20609853122227,23.510338251509155],[70.20609853122227,23.460338251509154]]]}},{"type":"Feature","properties":{"GRID_CODE":"GJ-KU-RAN-198","STATE":"Gujarat","DISTRICT":"Kachchh","BLOCK":"Rann of Kachchh","n_lists":0,"n_birders":0,"n_species":0,"focal_lists":0},"geometry":{"type":"Polygon","coordinates":[[[71.15609853122227,24.110338251509157],[71.10609853122227,24.110338251509157],[71.10609853122227,24.160338251509154],[71.15609853122227,24.160338251509154],[71.15609853122227,24.110338251509157]]]}},{"type":"Feature","properties":{"GRID_CODE":"GJ-KU-RAN-539","STATE":"Gujarat","DISTRICT":"Kachchh","BLOCK":"Rann of Kachchh","n_lists":0,"n_birders":0,"n_species":0,"focal_lists":0},"geometry":{"type":"Polygon","coordinates":[[[70.35609853122227,23.710338251509154],[70.30609853122226,23.710338251509154],[70.30609853122226,23.760338251509155],[70.35609853122227,23.760338251509155],[70.35609853122227,23.710338251509154]]]}},{"type":"Feature","properties":{"GRID_CODE":"GJ-KU-RAN-035","STATE":"Gujarat","DISTRICT":"Kachchh","BLOCK":"Rann of Kachchh","n_lists":0,"n_birders":0,"n_species":0,"focal_lists":0},"geometry":{"type":"Polygon","coordinates":[[[71.30609853122226,24.360338251509157],[71.25609853122227,24.360338251509157],[71.25609853122227,24.410338251509154],[71.30609853122226,24.410338251509154],[71.30609853122226,24.360338251509157]]]}},{"type":"Feature","properties":{"GRID_CODE":"GJ-KU-RAN-008","STATE":"Gujarat","DISTRICT":"Kachchh","BLOCK":"Rann of Kachchh","n_lists":0,"n_birders":0,"n_species":0,"focal_lists":0},"geometry":{"type":"Polygon","coordinates":[[[71.25609853122227,24.560338251509156],[71.20609853122227,24.560338251509156],[71.20609853122227,24.610338251509157],[71.25609853122227,24.610338251509157],[71.25609853122227,24.560338251509156]]]}},{"type":"Feature","properties":{"GRID_CODE":"GJ-KU-RAN-506","STATE":"Gujarat","DISTRICT":"Kachchh","BLOCK":"Rann of Kachchh","n_lists":3,"n_birders":1,"n_species":55,"focal_lists":2},"geometry":{"type":"Polygon","coordinates":[[[69.95609853122227,23.760338251509155],[69.90609853122227,23.760338251509155],[69.90609853122227,23.810338251509156],[69.95609853122227,23.810338251509156],[69.95609853122227,23.760338251509155]]]}},{"type":"Feature","properties":{"GRID_CODE":"GJ-KU-RAN-062","STATE":"Gujarat","DISTRICT":"Kachchh","BLOCK":"Rann of Kachchh","n_lists":0,"n_birders":0,"n_species":0,"focal_lists":0},"geometry":{"type":"Polygon","coordinates":[[[70.55609853122226,24.260338251509155],[70.50609853122227,24.260338251509155],[70.50609853122227,24.310338251509156],[70.55609853122226,24.310338251509156],[70.55609853122226,24.260338251509155]]]}},{"type":"Feature","properties":{"GRID_CODE":"GJ-KU-BHU-005","STATE":"Gujarat","DISTRICT":"Kachchh","BLOCK":"Bhuj","n_lists":3,"n_birders":1,"n_species":27,"focal_lists":2},"geometry":{"type":"Polygon","coordinates":[[[69.75609853122227,23.860338251509157],[69.70609853122227,23.860338251509157],[69.70609853122227,23.910338251509154],[69.75609853122227,23.910338251509154],[69.75609853122227,23.860338251509157]]]}},{"type":"Feature","properties":{"GRID_CODE":"GJ-KU-BHU-162","STATE":"Gujarat","DISTRICT":"Kachchh","BLOCK":"Bhuj","n_lists":0,"n_birders":0,"n_species":0,"focal_lists":0},"geometry":{"type":"Polygon","coordinates":[[[69.60609853122227,23.060338251509156],[69.55609853122226,23.060338251509156],[69.55609853122226,23.110338251509157],[69.60609853122227,23.110338251509157],[69.60609853122227,23.060338251509156]]]}},{"type":"Feature","properties":{"GRID_CODE":"GJ-KU-ABD-051","STATE":"Gujarat","DISTRICT":"Kachchh","BLOCK":"Abdasa","n_lists":3,"n_birders":1,"n_species":61,"focal_lists":3},"geometry":{"type":"Polygon","coordinates":[[[69.00609853122227,23.210338251509154],[68.95609853122227,23.210338251509154],[68.95609853122227,23.260338251509155],[69.00609853122227,23.260338251509155],[69.00609853122227,23.210338251509154]]]}},{"type":"Feature","properties":{"GRID_CODE":"GJ-KU-RAP-095","STATE":"Gujarat","DISTRICT":"Kachchh","BLOCK":"Rapar","n_lists":0,"n_birders":0,"n_species":0,"focal_lists":0},"geometry":{"type":"Polygon","coordinates":[[[70.85609853122227,23.360338251509157],[70.80609853122226,23.360338251509157],[70.80609853122226,23.410338251509154],[70.85609853122227,23.410338251509154],[70.85609853122227,23.360338251509157]]]}},{"type":"Feature","properties":{"GRID_CODE":"GJ-KU-LAK-059","STATE":"Gujarat","DISTRICT":"Kachchh","BLOCK":"Lakhpat","n_lists":1,"n_birders":1,"n_species":61,"focal_lists":1},"geometry":{"type":"Polygon","coordinates":[[[68.75609853122227,23.510338251509155],[68.70609853122227,23.510338251509155],[68.70609853122227,23.560338251509156],[68.75609853122227,23.560338251509156],[68.75609853122227,23.510338251509155]]]}},{"type":"Feature","properties":{"GRID_CODE":"GJ-KU-BHA-067","STATE":"Gujarat","DISTRICT":"Kachchh","BLOCK":"Bhachau","n_lists":4,"n_birders":1,"n_species":65,"focal_lists":2},"geometry":{"type":"Polygon","coordinates":[[[70.50609853122227,23.210338251509154],[70.45609853122227,23.210338251509154],[70.45609853122227,23.260338251509155],[70.50609853122227,23.260338251509155],[70.50609853122227,23.210338251509154]]]}},{"type":"Feature","properties":{"GRID_CODE":"GJ-KU-ANJ-007","STATE":"Gujarat","DISTRICT":"Kachchh","BLOCK":"Anjar","n_lists":0,"n_birders":0,"n_species":0,"focal_lists":0},"geometry":{"type":"Polygon","coordinates":[[[70.10609853122227,23.260338251509155],[70.05609853122226,23.260338251509155],[70.05609853122226,23.310338251509156],[70.10609853122227,23.310338251509156],[70.10609853122227,23.260338251509155]]]}},{"type":"Feature","properties":{"GRID_CODE":"GJ-KU-RAN-403","STATE":"Gujarat","DISTRICT":"Kachchh","BLOCK":"Rann of Kachchh","n_lists":0,"n_birders":0,"n_species":0,"focal_lists":0},"geometry":{"type":"Polygon","coordinates":[[[71.05609853122226,23.910338251509154],[71.00609853122227,23.910338251509154],[71.00609853122227,23.960338251509154],[71.05609853122226,23.960338251509154],[71.05609853122226,23.910338251509154]]]}},{"type":"Feature","properties":{"GRID_CODE":"GJ-KU-RAN-589","STATE":"Gujarat","DISTRICT":"Kachchh","BLOCK":"Rann of Kachchh","n_lists":0,"n_birders":0,"n_species":0,"focal_lists":0},"geometry":{"type":"Polygon","coordinates":[[[70.25609853122227,23.510338251509155],[70.20609853122227,23.510338251509155],[70.20609853122227,23.560338251509156],[70.25609853122227,23.560338251509156],[70.25609853122227,23.510338251509155]]]}},{"type":"Feature","properties":{"GRID_CODE":"GJ-KU-BHU-102","STATE":"Gujarat","DISTRICT":"Kachchh","BLOCK":"Bhuj","n_lists":5,"n_birders":1,"n_species":66,"focal_lists":3},"geometry":{"type":"Polygon","coordinates":[[[69.90609853122227,23.360338251509157],[69.85609853122227,23.360338251509157],[69.85609853122227,23.410338251509154],[69.90609853122227,23.410338251509154],[69.90609853122227,23.360338251509157]]]}},{"type":"Feature","properties":{"GRID_CODE":"GJ-KU-RAN-293","STATE":"Gujarat","DISTRICT":"Kachchh","BLOCK":"Rann of Kachchh","n_lists":0,"n_birders":0,"n_species":0,"focal_lists":0},"geometry":{"type":"Polygon","coordinates":[[[70.85609853122227,24.010338251509155],[70.80609853122226,24.010338251509155],[70.80609853122226,24.060338251509156],[70.85609853122227,24.060338251509156],[70.85609853122227,24.010338251509155]]]}},{"type":"Feature","properties":{"GRID_CODE":"GJ-KU-BHU-132","STATE":"Gujarat","DISTRICT":"Kachchh","BLOCK":"Bhuj","n_lists":0,"n_birders":0,"n_species":0,"focal_lists":0},"geometry":{"type":"Polygon","coordinates":[[[69.55609853122226,23.210338251509154],[69.50609853122227,23.210338251509154],[69.50609853122227,23.260338251509155],[69.55609853122226,23.260338251509155],[69.55609853122226,23.210338251509154]]]}},{"type":"Feature","properties":{"GRID_CODE":"GJ-KU-LIT-108","STATE":"Gujarat","DISTRICT":"Kachchh","BLOCK":"Little Rann","n_lists":0,"n_birders":0,"n_species":0,"focal_lists":0},"geometry":{"type":"Polygon","coordinates":[[[71.60609853122227,23.260338251509155],[71.55609853122226,23.260338251509155],[71.55609853122226,23.310338251509156],[71.60609853122227,23.310338251509156],[71.60609853122227,23.260338251509155]]]}},{"type":"Feature","properties":{"GRID_CODE":"GJ-KU-RAN-234","STATE":"Gujarat","DISTRICT":"Kachchh","BLOCK":"Rann of Kachchh","n_lists":0,"n_birders":0,"n_species":0,"focal_lists":0},"geometry":{"type":"Polygon","coordinates":[[[70.45609853122227,24.060338251509156],[70.40609853122227,24.060338251509156],[70.40609853122227,24.110338251509157],[70.45609853122227,24.110338251509157],[70.45609853122227,24.060338251509156]]]}},{"type":"Feature","properties":{"GRID_CODE":"GJ-KU-ABD-042","STATE":"Gujarat","DISTRICT":"Kachchh","BLOCK":"Abdasa","n_lists":0,"n_birders":0,"n_species":0,"focal_lists":0},"geometry":{"type":"Polygon","coordinates":[[[69.15609853122227,23.260338251509155],[69.10609853122227,23.260338251509155],[69.10609853122227,23.310338251509156],[69.15609853122227,23.310338251509156],[69.15609853122227,23.260338251509155]]]}},{"type":"Feature","properties":{"GRID_CODE":"GJ-KU-RAN-387","STATE":"Gujarat","DISTRICT":"Kachchh","BLOCK":"Rann of Kachchh","n_lists":0,"n_birders":0,"n_species":0,"focal_lists":0},"geometry":{"type":"Polygon","coordinates":[[[70.10609853122227,23.910338251509154],[70.05609853122226,23.910338251509154],[70.05609853122226,23.960338251509154],[70.10609853122227,23.960338251509154],[70.10609853122227,23.910338251509154]]]}},{"type":"Feature","properties":{"GRID_CODE":"GJ-KU-RAN-004","STATE":"Gujarat","DISTRICT":"Kachchh","BLOCK":"Rann of Kachchh","n_lists":0,"n_birders":0,"n_species":0,"focal_lists":0},"geometry":{"type":"Polygon","coordinates":[[[71.05609853122226,24.560338251509156],[71.00609853122227,24.560338251509156],[71.00609853122227,24.610338251509157],[71.05609853122226,24.610338251509157],[71.05609853122226,24.560338251509156]]]}},{"type":"Feature","properties":{"GRID_CODE":"GJ-KU-NAK-014","STATE":"Gujarat","DISTRICT":"Kachchh","BLOCK":"Nakhatrana","n_lists":3,"n_birders":1,"n_species":92,"focal_lists":3},"geometry":{"type":"Polygon","coordinates":[[[69.30609853122226,23.510338251509155],[69.25609853122227,23.510338251509155],[69.25609853122227,23.560338251509156],[69.30609853122226,23.560338251509156],[69.30609853122226,23.510338251509155]]]}},{"type":"Feature","properties":{"GRID_CODE":"GJ-KU-RAN-128","STATE":"Gujarat","DISTRICT":"Kachchh","BLOCK":"Rann of Kachchh","n_lists":0,"n_birders":0,"n_species":0,"focal_lists":0},"geometry":{"type":"Polygon","coordinates":[[[70.25609853122227,24.160338251509154],[70.20609853122227,24.160338251509154],[70.20609853122227,24.210338251509154],[70.25609853122227,24.210338251509154],[70.25609853122227,24.160338251509154]]]}},{"type":"Feature","properties":{"GRID_CODE":"GJ-KU-ABD-017","STATE":"Gujarat","DISTRICT":"Kachchh","BLOCK":"Abdasa","n_lists":0,"n_birders":0,"n_species":0,"focal_lists":0},"geometry":{"type":"Polygon","coordinates":[[[68.95609853122227,23.360338251509157],[68.90609853122227,23.360338251509157],[68.90609853122227,23.410338251509154],[68.95609853122227,23.410338251509154],[68.95609853122227,23.360338251509157]]]}},{"type":"Feature","properties":{"GRID_CODE":"GJ-KU-RAP-091","STATE":"Gujarat","DISTRICT":"Kachchh","BLOCK":"Rapar","n_lists":0,"n_birders":0,"n_species":0,"focal_lists":0},"geometry":{"type":"Polygon","coordinates":[[[71.00609853122227,23.410338251509154],[70.95609853122227,23.410338251509154],[70.95609853122227,23.460338251509154],[71.00609853122227,23.460338251509154],[71.00609853122227,23.410338251509154]]]}},{"type":"Feature","properties":{"GRID_CODE":"GJ-KU-RAN-215","STATE":"Gujarat","DISTRICT":"Kachchh","BLOCK":"Rann of Kachchh","n_lists":0,"n_birders":0,"n_species":0,"focal_lists":0},"geometry":{"type":"Polygon","coordinates":[[[69.50609853122227,24.060338251509156],[69.45609853122227,24.060338251509156],[69.45609853122227,24.110338251509157],[69.50609853122227,24.110338251509157],[69.50609853122227,24.060338251509156]]]}},{"type":"Feature","properties":{"GRID_CODE":"GJ-KU-LAK-020","STATE":"Gujarat","DISTRICT":"Kachchh","BLOCK":"Lakhpat","n_lists":3,"n_birders":1,"n_species":54,"focal_lists":2},"geometry":{"type":"Polygon","coordinates":[[[68.70609853122227,23.660338251509154],[68.65609853122227,23.660338251509154],[68.65609853122227,23.710338251509154],[68.70609853122227,23.710338251509154],[68.70609853122227,23.660338251509154]]]}},{"type":"Feature","properties":{"GRID_CODE":"GJ-KU-RAN-371","STATE":"Gujarat","DISTRICT":"Kachchh","BLOCK":"Rann of Kachchh","n_lists":0,"n_birders":0,"n_species":0,"focal_lists":0},"geometry":{"type":"Polygon","coordinates":[[[69.15609853122227,23.910338251509154],[69.10609853122227,23.910338251509154],[69.10609853122227,23.960338251509154],[69.15609853122227,23.960338251509154],[69.15609853122227,23.910338251509154]]]}},{"type":"Feature","properties":{"GRID_CODE":"GJ-KU-RAN-116","STATE":"Gujarat","DISTRICT":"Kachchh","BLOCK":"Rann of Kachchh","n_lists":0,"n_birders":0,"n_species":0,"focal_lists":0},"geometry":{"type":"Polygon","coordinates":[[[69.30609853122226,24.160338251509154],[69.25609853122227,24.160338251509154],[69.25609853122227,24.210338251509154],[69.30609853122226,24.210338251509154],[69.30609853122226,24.160338251509154]]]}},{"type":"Feature","properties":{"GRID_CODE":"GJ-KU-RAN-245","STATE":"Gujarat","DISTRICT":"Kachchh","BLOCK":"Rann of Kachchh","n_lists":0,"n_birders":0,"n_species":0,"focal_lists":0},"geometry":{"type":"Polygon","coordinates":[[[71.00609853122227,24.060338251509156],[70.95609853122227,24.060338251509156],[70.95609853122227,24.110338251509157],[71.00609853122227,24.110338251509157],[71.00609853122227,24.060338251509156]]]}},{"type":"Feature","properties":{"GRID_CODE":"GJ-KU-RAN-093","STATE":"Gujarat","DISTRICT":"Kachchh","BLOCK":"Rann of Kachchh","n_lists":0,"n_birders":0,"n_species":0,"focal_lists":0},"geometry":{"type":"Polygon","coordinates":[[[70.40609853122227,24.210338251509154],[70.35609853122227,24.210338251509154],[70.35609853122227,24.260338251509155],[70.40609853122227,24.260338251509155],[70.40609853122227,24.210338251509154]]]}},{"type":"Feature","properties":{"GRID_CODE":"GJ-KU-BHU-149","STATE":"Gujarat","DISTRICT":"Kachchh","BLOCK":"Bhuj","n_lists":0,"n_birders":0,"n_species":0,"focal_lists":0},"geometry":{"type":"Polygon","coordinates":[[[69.80609853122226,23.160338251509154],[69.75609853122227,23.160338251509154],[69.75609853122227,23.210338251509154],[69.80609853122226,23.210338251509154],[69.80609853122226,23.160338251509154]]]}},{"type":"Feature","properties":{"GRID_CODE":"GJ-KU-MAN-015","STATE":"Gujarat","DISTRICT":"Kachchh","BLOCK":"Mandvi","n_lists":0,"n_birders":0,"n_species":0,"focal_lists":0},"geometry":{"type":"Polygon","coordinates":[[[69.45609853122227,23.010338251509155],[69.40609853122227,23.010338251509155],[69.40609853122227,23.060338251509156],[69.45609853122227,23.060338251509156],[69.45609853122227,23.010338251509155]]]}},{"type":"Feature","properties":{"GRID_CODE":"GJ-KU-LIT-142","STATE":"Gujarat","DISTRICT":"Kachchh","BLOCK":"Little Rann","n_lists":0,"n_birders":0,"n_species":0,"focal_lists":0},"geometry":{"type":"Polygon","coordinates":[[[71.30609853122226,23.160338251509154],[71.25609853122227,23.160338251509154],[71.25609853122227,23.210338251509154],[71.30609853122226,23.210338251509154],[71.30609853122226,23.160338251509154]]]}},{"type":"Feature","properties":{"GRID_CODE":"GJ-KU-ABD-060","STATE":"Gujarat","DISTRICT":"Kachchh","BLOCK":"Abdasa","n_lists":10,"n_birders":1,"n_species":96,"focal_lists":9},"geometry":{"type":"Polygon","coordinates":[[[68.85609853122227,23.160338251509154],[68.80609853122226,23.160338251509154],[68.80609853122226,23.210338251509154],[68.85609853122227,23.210338251509154],[68.85609853122227,23.160338251509154]]]}},{"type":"Feature","properties":{"GRID_CODE":"GJ-KU-BHU-011","STATE":"Gujarat","DISTRICT":"Kachchh","BLOCK":"Bhuj","n_lists":2,"n_birders":1,"n_species":27,"focal_lists":0},"geometry":{"type":"Polygon","coordinates":[[[69.80609853122226,23.810338251509156],[69.75609853122227,23.810338251509156],[69.75609853122227,23.860338251509157],[69.80609853122226,23.860338251509157],[69.80609853122226,23.810338251509156]]]}},{"type":"Feature","properties":{"GRID_CODE":"GJ-KU-BHU-044","STATE":"Gujarat","DISTRICT":"Kachchh","BLOCK":"Bhuj","n_lists":0,"n_birders":0,"n_species":0,"focal_lists":0},"geometry":{"type":"Polygon","coordinates":[[[69.45609853122227,23.660338251509154],[69.40609853122227,23.660338251509154],[69.40609853122227,23.710338251509154],[69.45609853122227,23.710338251509154],[69.45609853122227,23.660338251509154]]]}},{"type":"Feature","properties":{"GRID_CODE":"GJ-KU-LIT-016","STATE":"Gujarat","DISTRICT":"Kachchh","BLOCK":"Little Rann","n_lists":0,"n_birders":0,"n_species":0,"focal_lists":0},"geometry":{"type":"Polygon","coordinates":[[[71.15609853122227,23.560338251509156],[71.10609853122227,23.560338251509156],[71.10609853122227,23.610338251509157],[71.15609853122227,23.610338251509157],[71.15609853122227,23.560338251509156]]]}},{"type":"Feature","properties":{"GRID_CODE":"GJ-KU-LIT-129","STATE":"Gujarat","DISTRICT":"Kachchh","BLOCK":"Little Rann","n_lists":0,"n_birders":0,"n_species":0,"focal_lists":0},"geometry":{"type":"Polygon","coordinates":[[[70.35609853122227,23.160338251509154],[70.30609853122226,23.160338251509154],[70.30609853122226,23.210338251509154],[70.35609853122227,23.210338251509154],[70.35609853122227,23.160338251509154]]]}},{"type":"Feature","properties":{"GRID_CODE":"GJ-KU-RAN-313","STATE":"Gujarat","DISTRICT":"Kachchh","BLOCK":"Rann of Kachchh","n_lists":0,"n_birders":0,"n_species":0,"focal_lists":0},"geometry":{"type":"Polygon","coordinates":[[[69.20609853122227,23.960338251509154],[69.15609853122227,23.960338251509154],[69.15609853122227,24.010338251509155],[69.20609853122227,24.010338251509155],[69.20609853122227,23.960338251509154]]]}},{"type":"Feature","properties":{"GRID_CODE":"GJ-KU-RAP-087","STATE":"Gujarat","DISTRICT":"Kachchh","BLOCK":"Rapar","n_lists":0,"n_birders":0,"n_species":0,"focal_lists":0},"geometry":{"type":"Polygon","coordinates":[[[70.80609853122226,23.410338251509154],[70.75609853122227,23.410338251509154],[70.75609853122227,23.460338251509154],[70.80609853122226,23.460338251509154],[70.80609853122226,23.410338251509154]]]}},{"type":"Feature","properties":{"GRID_CODE":"GJ-KU-RAP-036","STATE":"Gujarat","DISTRICT":"Kachchh","BLOCK":"Rapar","n_lists":0,"n_birders":0,"n_species":0,"focal_lists":0},"geometry":{"type":"Polygon","coordinates":[[[70.95609853122227,23.660338251509154],[70.90609853122227,23.660338251509154],[70.90609853122227,23.710338251509154],[70.95609853122227,23.710338251509154],[70.95609853122227,23.660338251509154]]]}},{"type":"Feature","properties":{"GRID_CODE":"GJ-KU-RAN-458","STATE":"Gujarat","DISTRICT":"Kachchh","BLOCK":"Rann of Kachchh","n_lists":0,"n_birders":0,"n_species":0,"focal_lists":0},"geometry":{"type":"Polygon","coordinates":[[[68.85609853122227,23.810338251509156],[68.80609853122226,23.810338251509156],[68.80609853122226,23.860338251509157],[68.85609853122227,23.860338251509157],[68.85609853122227,23.810338251509156]]]}},{"type":"Feature","properties":{"GRID_CODE":"GJ-KU-RAN-443","STATE":"Gujarat","DISTRICT":"Kachchh","BLOCK":"Rann of Kachchh","n_lists":0,"n_birders":0,"n_species":0,"focal_lists":0},"geometry":{"type":"Polygon","coordinates":[[[70.90609853122227,23.860338251509157],[70.85609853122227,23.860338251509157],[70.85609853122227,23.910338251509154],[70.90609853122227,23.910338251509154],[70.90609853122227,23.860338251509157]]]}},{"type":"Feature","properties":{"GRID_CODE":"GJ-KU-RAP-021","STATE":"Gujarat","DISTRICT":"Kachchh","BLOCK":"Rapar","n_lists":0,"n_birders":0,"n_species":0,"focal_lists":0},"geometry":{"type":"Polygon","coordinates":[[[70.55609853122226,23.710338251509154],[70.50609853122227,23.710338251509154],[70.50609853122227,23.760338251509155],[70.55609853122226,23.760338251509155],[70.55609853122226,23.710338251509154]]]}},{"type":"Feature","properties":{"GRID_CODE":"GJ-KU-BHU-112","STATE":"Gujarat","DISTRICT":"Kachchh","BLOCK":"Bhuj","n_lists":1,"n_birders":1,"n_species":40,"focal_lists":1},"geometry":{"type":"Polygon","coordinates":[[[69.75609853122227,23.310338251509156],[69.70609853122227,23.310338251509156],[69.70609853122227,23.360338251509157],[69.75609853122227,23.360338251509157],[69.75609853122227,23.310338251509156]]]}},{"type":"Feature","properties":{"GRID_CODE":"GJ-KU-RAN-343","STATE":"Gujarat","DISTRICT":"Kachchh","BLOCK":"Rann of Kachchh","n_lists":0,"n_birders":0,"n_species":0,"focal_lists":0},"geometry":{"type":"Polygon","coordinates":[[[70.70609853122227,23.960338251509154],[70.65609853122227,23.960338251509154],[70.65609853122227,24.010338251509155],[70.70609853122227,24.010338251509155],[70.70609853122227,23.960338251509154]]]}},{"type":"Feature","properties":{"GRID_CODE":"GJ-KU-RAN-582","STATE":"Gujarat","DISTRICT":"Kachchh","BLOCK":"Rann of Kachchh","n_lists":0,"n_birders":0,"n_species":0,"focal_lists":0},"geometry":{"type":"Polygon","coordinates":[[[70.20609853122227,23.560338251509156],[70.15609853122227,23.560338251509156],[70.15609853122227,23.610338251509157],[70.20609853122227,23.610338251509157],[70.20609853122227,23.560338251509156]]]}},{"type":"Feature","properties":{"GRID_CODE":"GJ-KU-BHA-010","STATE":"Gujarat","DISTRICT":"Kachchh","BLOCK":"Bhachau","n_lists":0,"n_birders":0,"n_species":0,"focal_lists":0},"geometry":{"type":"Polygon","coordinates":[[[70.35609853122227,23.810338251509156],[70.30609853122226,23.810338251509156],[70.30609853122226,23.860338251509157],[70.35609853122227,23.860338251509157],[70.35609853122227,23.810338251509156]]]}},{"type":"Feature","properties":{"GRID_CODE":"GJ-KU-BHU-009","STATE":"Gujarat","DISTRICT":"Kachchh","BLOCK":"Bhuj","n_lists":0,"n_birders":0,"n_species":0,"focal_lists":0},"geometry":{"type":"Polygon","coordinates":[[[69.95609853122227,23.860338251509157],[69.90609853122227,23.860338251509157],[69.90609853122227,23.910338251509154],[69.95609853122227,23.910338251509154],[69.95609853122227,23.860338251509157]]]}},{"type":"Feature","properties":{"GRID_CODE":"GJ-KU-RAN-030","STATE":"Gujarat","DISTRICT":"Kachchh","BLOCK":"Rann of Kachchh","n_lists":0,"n_birders":0,"n_species":0,"focal_lists":0},"geometry":{"type":"Polygon","coordinates":[[[70.55609853122226,24.360338251509157],[70.50609853122227,24.360338251509157],[70.50609853122227,24.410338251509154],[70.55609853122226,24.410338251509154],[70.55609853122226,24.360338251509157]]]}},{"type":"Feature","properties":{"GRID_CODE":"GJ-KU-RAN-324","STATE":"Gujarat","DISTRICT":"Kachchh","BLOCK":"Rann of Kachchh","n_lists":4,"n_birders":1,"n_species":27,"focal_lists":2},"geometry":{"type":"Polygon","coordinates":[[[69.75609853122227,23.960338251509154],[69.70609853122227,23.960338251509154],[69.70609853122227,24.010338251509155],[69.75609853122227,24.010338251509155],[69.75609853122227,23.960338251509154]]]}},{"type":"Feature","properties":{"GRID_CODE":"GJ-KU-RAN-263","STATE":"Gujarat","DISTRICT":"Kachchh","BLOCK":"Rann of Kachchh","n_lists":0,"n_birders":0,"n_species":0,"focal_lists":0},"geometry":{"type":"Polygon","coordinates":[[[69.35609853122227,24.010338251509155],[69.30609853122226,24.010338251509155],[69.30609853122226,24.060338251509156],[69.35609853122227,24.060338251509156],[69.35609853122227,24.010338251509155]]]}},{"type":"Feature","properties":{"GRID_CODE":"GJ-KU-BHU-145","STATE":"Gujarat","DISTRICT":"Kachchh","BLOCK":"Bhuj","n_lists":3,"n_birders":1,"n_species":49,"focal_lists":3},"geometry":{"type":"Polygon","coordinates":[[[69.60609853122227,23.160338251509154],[69.55609853122226,23.160338251509154],[69.55609853122226,23.210338251509154],[69.60609853122227,23.210338251509154],[69.60609853122227,23.160338251509154]]]}},{"type":"Feature","properties":{"GRID_CODE":"GJ-KU-ABD-027","STATE":"Gujarat","DISTRICT":"Kachchh","BLOCK":"Abdasa","n_lists":3,"n_birders":1,"n_species":69,"focal_lists":3},"geometry":{"type":"Polygon","coordinates":[[[69.00609853122227,23.310338251509156],[68.95609853122227,23.310338251509156],[68.95609853122227,23.360338251509157],[69.00609853122227,23.360338251509157],[69.00609853122227,23.310338251509156]]]}},{"type":"Feature","properties":{"GRID_CODE":"GJ-KU-LIT-064","STATE":"Gujarat","DISTRICT":"Kachchh","BLOCK":"Little Rann","n_lists":0,"n_birders":0,"n_species":0,"focal_lists":0},"geometry":{"type":"Polygon","coordinates":[[[71.05609853122226,23.360338251509157],[71.00609853122227,23.360338251509157],[71.00609853122227,23.410338251509154],[71.05609853122226,23.410338251509154],[71.05609853122226,23.360338251509157]]]}},{"type":"Feature","properties":{"GRID_CODE":"GJ-KU-RAP-078","STATE":"Gujarat","DISTRICT":"Kachchh","BLOCK":"Rapar","n_lists":0,"n_birders":0,"n_species":0,"focal_lists":0},"geometry":{"type":"Polygon","coordinates":[[[70.85609853122227,23.460338251509154],[70.80609853122226,23.460338251509154],[70.80609853122226,23.510338251509155],[70.85609853122227,23.510338251509155],[70.85609853122227,23.460338251509154]]]}},{"type":"Feature","properties":{"GRID_CODE":"GJ-KU-LAK-035","STATE":"Gujarat","DISTRICT":"Kachchh","BLOCK":"Lakhpat","n_lists":2,"n_birders":1,"n_species":50,"focal_lists":1},"geometry":{"type":"Polygon","coordinates":[[[68.75609853122227,23.610338251509157],[68.70609853122227,23.610338251509157],[68.70609853122227,23.660338251509154],[68.75609853122227,23.660338251509154],[68.75609853122227,23.610338251509157]]]}},{"type":"Feature","properties":{"GRID_CODE":"GJ-KU-BHA-045","STATE":"Gujarat","DISTRICT":"Kachchh","BLOCK":"Bhachau","n_lists":0,"n_birders":0,"n_species":0,"focal_lists":0},"geometry":{"type":"Polygon","coordinates":[[[70.50609853122227,23.310338251509156],[70.45609853122227,23.310338251509156],[70.45609853122227,23.360338251509157],[70.50609853122227,23.360338251509157],[70.50609853122227,23.310338251509156]]]}},{"type":"Feature","properties":{"GRID_CODE":"GJ-KU-BHU-106","STATE":"Gujarat","DISTRICT":"Kachchh","BLOCK":"Bhuj","n_lists":0,"n_birders":0,"n_species":0,"focal_lists":0},"geometry":{"type":"Polygon","coordinates":[[[70.10609853122227,23.360338251509157],[70.05609853122226,23.360338251509157],[70.05609853122226,23.410338251509154],[70.10609853122227,23.410338251509154],[70.10609853122227,23.360338251509157]]]}},{"type":"Feature","properties":{"GRID_CODE":"GJ-KU-RAN-297","STATE":"Gujarat","DISTRICT":"Kachchh","BLOCK":"Rann of Kachchh","n_lists":0,"n_birders":0,"n_species":0,"focal_lists":0},"geometry":{"type":"Polygon","coordinates":[[[71.05609853122226,24.010338251509155],[71.00609853122227,24.010338251509155],[71.00609853122227,24.060338251509156],[71.05609853122226,24.060338251509156],[71.05609853122226,24.010338251509155]]]}},{"type":"Feature","properties":{"GRID_CODE":"GJ-KU-RAN-572","STATE":"Gujarat","DISTRICT":"Kachchh","BLOCK":"Rann of Kachchh","n_lists":0,"n_birders":0,"n_species":0,"focal_lists":0},"geometry":{"type":"Polygon","coordinates":[[[70.25609853122227,23.610338251509157],[70.20609853122227,23.610338251509157],[70.20609853122227,23.660338251509154],[70.25609853122227,23.660338251509154],[70.25609853122227,23.610338251509157]]]}},{"type":"Feature","properties":{"GRID_CODE":"GJ-KU-BHU-082","STATE":"Gujarat","DISTRICT":"Kachchh","BLOCK":"Bhuj","n_lists":0,"n_birders":0,"n_species":0,"focal_lists":0},"geometry":{"type":"Polygon","coordinates":[[[69.90609853122227,23.460338251509154],[69.85609853122227,23.460338251509154],[69.85609853122227,23.510338251509155],[69.90609853122227,23.510338251509155],[69.90609853122227,23.460338251509154]]]}},{"type":"Feature","properties":{"GRID_CODE":"GJ-KU-RAN-192","STATE":"Gujarat","DISTRICT":"Kachchh","BLOCK":"Rann of Kachchh","n_lists":0,"n_birders":0,"n_species":0,"focal_lists":0},"geometry":{"type":"Polygon","coordinates":[[[70.85609853122227,24.110338251509157],[70.80609853122226,24.110338251509157],[70.80609853122226,24.160338251509154],[70.85609853122227,24.160338251509154],[70.85609853122227,24.110338251509157]]]}},{"type":"Feature","properties":{"GRID_CODE":"GJ-KU-LIT-075","STATE":"Gujarat","DISTRICT":"Kachchh","BLOCK":"Little Rann","n_lists":0,"n_birders":0,"n_species":0,"focal_lists":0},"geometry":{"type":"Polygon","coordinates":[[[71.60609853122227,23.360338251509157],[71.55609853122226,23.360338251509157],[71.55609853122226,23.410338251509154],[71.60609853122227,23.410338251509154],[71.60609853122227,23.360338251509157]]]}},{"type":"Feature","properties":{"GRID_CODE":"GJ-KU-LIT-025","STATE":"Gujarat","DISTRICT":"Kachchh","BLOCK":"Little Rann","n_lists":1,"n_birders":1,"n_species":46,"focal_lists":1},"geometry":{"type":"Polygon","coordinates":[[[69.50609853122227,23.510338251509155],[69.45609853122227,23.510338251509155],[69.45609853122227,23.560338251509156],[69.50609853122227,23.560338251509156],[69.50609853122227,23.510338251509155]]]}},{"type":"Feature","properties":{"GRID_CODE":"GJ-KU-RAN-132","STATE":"Gujarat","DISTRICT":"Kachchh","BLOCK":"Rann of Kachchh","n_lists":0,"n_birders":0,"n_species":0,"focal_lists":0},"geometry":{"type":"Polygon","coordinates":[[[70.45609853122227,24.160338251509154],[70.40609853122227,24.160338251509154],[70.40609853122227,24.210338251509154],[70.45609853122227,24.210338251509154],[70.45609853122227,24.160338251509154]]]}},{"type":"Feature","properties":{"GRID_CODE":"GJ-KU-RAN-504","STATE":"Gujarat","DISTRICT":"Kachchh","BLOCK":"Rann of Kachchh","n_lists":2,"n_birders":1,"n_species":2,"focal_lists":0},"geometry":{"type":"Polygon","coordinates":[[[69.65609853122227,23.760338251509155],[69.60609853122227,23.760338251509155],[69.60609853122227,23.810338251509156],[69.65609853122227,23.810338251509156],[69.65609853122227,23.760338251509155]]]}},{"type":"Feature","properties":{"GRID_CODE":"GJ-KU-NAK-042","STATE":"Gujarat","DISTRICT":"Kachchh","BLOCK":"Nakhatrana","n_lists":1,"n_birders":1,"n_species":1,"focal_lists":1},"geometry":{"type":"Polygon","coordinates":[[[69.15609853122227,23.360338251509157],[69.10609853122227,23.360338251509157],[69.10609853122227,23.410338251509154],[69.15609853122227,23.410338251509154],[69.15609853122227,23.360338251509157]]]}},{"type":"Feature","properties":{"GRID_CODE":"GJ-KU-RAN-278","STATE":"Gujarat","DISTRICT":"Kachchh","BLOCK":"Rann of Kachchh","n_lists":0,"n_birders":0,"n_species":0,"focal_lists":0},"geometry":{"type":"Polygon","coordinates":[[[70.10609853122227,24.010338251509155],[70.05609853122226,24.010338251509155],[70.05609853122226,24.060338251509156],[70.10609853122227,24.060338251509156],[70.10609853122227,24.010338251509155]]]}},{"type":"Feature","properties":{"GRID_CODE":"GJ-KU-BHU-055","STATE":"Gujarat","DISTRICT":"Kachchh","BLOCK":"Bhuj","n_lists":2,"n_birders":1,"n_species":63,"focal_lists":2},"geometry":{"type":"Polygon","coordinates":[[[69.30609853122226,23.610338251509157],[69.25609853122227,23.610338251509157],[69.25609853122227,23.660338251509154],[69.30609853122226,23.660338251509154],[69.30609853122226,23.610338251509157]]]}},{"type":"Feature","properties":{"GRID_CODE":"GJ-KU-RAN-056","STATE":"Gujarat","DISTRICT":"Kachchh","BLOCK":"Rann of Kachchh","n_lists":0,"n_birders":0,"n_species":0,"focal_lists":0},"geometry":{"type":"Polygon","coordinates":[[[70.25609853122227,24.260338251509155],[70.20609853122227,24.260338251509155],[70.20609853122227,24.310338251509156],[70.25609853122227,24.310338251509156],[70.25609853122227,24.260338251509155]]]}},{"type":"Feature","properties":{"GRID_CODE":"GJ-KU-LAK-071","STATE":"Gujarat","DISTRICT":"Kachchh","BLOCK":"Lakhpat","n_lists":0,"n_birders":0,"n_species":0,"focal_lists":0},"geometry":{"type":"Polygon","coordinates":[[[68.95609853122227,23.460338251509154],[68.90609853122227,23.460338251509154],[68.90609853122227,23.510338251509155],[68.95609853122227,23.510338251509155],[68.95609853122227,23.460338251509154]]]}},{"type":"Feature","properties":{"GRID_CODE":"GJ-KU-RAP-070","STATE":"Gujarat","DISTRICT":"Kachchh","BLOCK":"Rapar","n_lists":0,"n_birders":0,"n_species":0,"focal_lists":0},"geometry":{"type":"Polygon","coordinates":[[[71.00609853122227,23.510338251509155],[70.95609853122227,23.510338251509155],[70.95609853122227,23.560338251509156],[71.00609853122227,23.560338251509156],[71.00609853122227,23.510338251509155]]]}},{"type":"Feature","properties":{"GRID_CODE":"GJ-KU-RAN-120","STATE":"Gujarat","DISTRICT":"Kachchh","BLOCK":"Rann of Kachchh","n_lists":0,"n_birders":0,"n_species":0,"focal_lists":0},"geometry":{"type":"Polygon","coordinates":[[[69.50609853122227,24.160338251509154],[69.45609853122227,24.160338251509154],[69.45609853122227,24.210338251509154],[69.50609853122227,24.210338251509154],[69.50609853122227,24.160338251509154]]]}},{"type":"Feature","properties":{"GRID_CODE":"GJ-KU-LAK-003","STATE":"Gujarat","DISTRICT":"Kachchh","BLOCK":"Lakhpat","n_lists":2,"n_birders":1,"n_species":41,"focal_lists":2},"geometry":{"type":"Polygon","coordinates":[[[68.70609853122227,23.760338251509155],[68.65609853122227,23.760338251509155],[68.65609853122227,23.810338251509156],[68.70609853122227,23.810338251509156],[68.70609853122227,23.760338251509155]]]}},{"type":"Feature","properties":{"GRID_CODE":"GJ-KU-RAN-050","STATE":"Gujarat","DISTRICT":"Kachchh","BLOCK":"Rann of Kachchh","n_lists":0,"n_birders":0,"n_species":0,"focal_lists":0},"geometry":{"type":"Polygon","coordinates":[[[71.35609853122227,24.310338251509156],[71.30609853122226,24.310338251509156],[71.30609853122226,24.360338251509157],[71.35609853122227,24.360338251509157],[71.35609853122227,24.310338251509156]]]}},{"type":"Feature","properties":{"GRID_CODE":"GJ-KU-RAN-143","STATE":"Gujarat","DISTRICT":"Kachchh","BLOCK":"Rann of Kachchh","n_lists":0,"n_birders":0,"n_species":0,"focal_lists":0},"geometry":{"type":"Polygon","coordinates":[[[71.00609853122227,24.160338251509154],[70.95609853122227,24.160338251509154],[70.95609853122227,24.210338251509154],[71.00609853122227,24.210338251509154],[71.00609853122227,24.160338251509154]]]}},{"type":"Feature","properties":{"GRID_CODE":"GJ-KU-RAN-039","STATE":"Gujarat","DISTRICT":"Kachchh","BLOCK":"Rann of Kachchh","n_lists":0,"n_birders":0,"n_species":0,"focal_lists":0},"geometry":{"type":"Polygon","coordinates":[[[70.40609853122227,24.310338251509156],[70.35609853122227,24.310338251509156],[70.35609853122227,24.360338251509157],[70.40609853122227,24.360338251509157],[70.40609853122227,24.310338251509156]]]}},{"type":"Feature","properties":{"GRID_CODE":"GJ-KU-ANJ-041","STATE":"Gujarat","DISTRICT":"Kachchh","BLOCK":"Anjar","n_lists":0,"n_birders":0,"n_species":0,"focal_lists":0},"geometry":{"type":"Polygon","coordinates":[[[70.05609853122226,22.960338251509154],[70.00609853122227,22.960338251509154],[70.00609853122227,23.010338251509155],[70.05609853122226,23.010338251509155],[70.05609853122226,22.960338251509154]]]}},{"type":"Feature","properties":{"GRID_CODE":"GJ-KU-BHU-125","STATE":"Gujarat","DISTRICT":"Kachchh","BLOCK":"Bhuj","n_lists":0,"n_birders":0,"n_species":0,"focal_lists":0},"geometry":{"type":"Polygon","coordinates":[[[69.80609853122226,23.260338251509155],[69.75609853122227,23.260338251509155],[69.75609853122227,23.310338251509156],[69.80609853122226,23.310338251509156],[69.80609853122226,23.260338251509155]]]}},{"type":"Feature","properties":{"GRID_CODE":"GJ-KU-BHU-151","STATE":"Gujarat","DISTRICT":"Kachchh","BLOCK":"Bhuj","n_lists":0,"n_birders":0,"n_species":0,"focal_lists":0},"geometry":{"type":"Polygon","coordinates":[[[69.45609853122227,23.110338251509157],[69.40609853122227,23.110338251509157],[69.40609853122227,23.160338251509154],[69.45609853122227,23.160338251509154],[69.45609853122227,23.110338251509157]]]}},{"type":"Feature","properties":{"GRID_CODE":"GJ-KU-MAN-017","STATE":"Gujarat","DISTRICT":"Kachchh","BLOCK":"Mandvi","n_lists":0,"n_birders":0,"n_species":0,"focal_lists":0},"geometry":{"type":"Polygon","coordinates":[[[69.10609853122227,22.960338251509154],[69.05609853122226,22.960338251509154],[69.05609853122226,23.010338251509155],[69.10609853122227,23.010338251509155],[69.10609853122227,22.960338251509154]]]}},{"type":"Feature","properties":{"GRID_CODE":"GJ-KU-LIT-102","STATE":"Gujarat","DISTRICT":"Kachchh","BLOCK":"Little Rann","n_lists":0,"n_birders":0,"n_species":0,"focal_lists":0},"geometry":{"type":"Polygon","coordinates":[[[71.30609853122226,23.260338251509155],[71.25609853122227,23.260338251509155],[71.25609853122227,23.310338251509156],[71.30609853122226,23.310338251509156],[71.30609853122226,23.260338251509155]]]}},{"type":"Feature","properties":{"GRID_CODE":"GJ-KU-NAK-032","STATE":"Gujarat","DISTRICT":"Kachchh","BLOCK":"Nakhatrana","n_lists":0,"n_birders":0,"n_species":0,"focal_lists":0},"geometry":{"type":"Polygon","coordinates":[[[69.20609853122227,23.410338251509154],[69.15609853122227,23.410338251509154],[69.15609853122227,23.460338251509154],[69.20609853122227,23.460338251509154],[69.20609853122227,23.410338251509154]]]}},{"type":"Feature","properties":{"GRID_CODE":"GJ-KU-LIT-162","STATE":"Gujarat","DISTRICT":"Kachchh","BLOCK":"Little Rann","n_lists":0,"n_birders":0,"n_species":0,"focal_lists":0},"geometry":{"type":"Polygon","coordinates":[[[70.95609853122227,23.110338251509157],[70.90609853122227,23.110338251509157],[70.90609853122227,23.160338251509154],[70.95609853122227,23.160338251509154],[70.95609853122227,23.110338251509157]]]}},{"type":"Feature","properties":{"GRID_CODE":"GJ-KU-ABD-036","STATE":"Gujarat","DISTRICT":"Kachchh","BLOCK":"Abdasa","n_lists":0,"n_birders":0,"n_species":0,"focal_lists":0},"geometry":{"type":"Polygon","coordinates":[[[68.85609853122227,23.260338251509155],[68.80609853122226,23.260338251509155],[68.80609853122226,23.310338251509156],[68.85609853122227,23.310338251509156],[68.85609853122227,23.260338251509155]]]}},{"type":"Feature","properties":{"GRID_CODE":"GJ-KU-BHU-002","STATE":"Gujarat","DISTRICT":"Kachchh","BLOCK":"Bhuj","n_lists":1,"n_birders":1,"n_species":10,"focal_lists":1},"geometry":{"type":"Polygon","coordinates":[[[69.80609853122226,23.910338251509154],[69.75609853122227,23.910338251509154],[69.75609853122227,23.960338251509154],[69.80609853122226,23.960338251509154],[69.80609853122226,23.910338251509154]]]}},{"type":"Feature","properties":{"GRID_CODE":"GJ-KU-BHA-073","STATE":"Gujarat","DISTRICT":"Kachchh","BLOCK":"Bhachau","n_lists":3,"n_birders":1,"n_species":39,"focal_lists":2},"geometry":{"type":"Polygon","coordinates":[[[70.55609853122226,23.160338251509154],[70.50609853122227,23.160338251509154],[70.50609853122227,23.210338251509154],[70.55609853122226,23.210338251509154],[70.55609853122226,23.160338251509154]]]}},{"type":"Feature","properties":{"GRID_CODE":"GJ-KU-RAP-085","STATE":"Gujarat","DISTRICT":"Kachchh","BLOCK":"Rapar","n_lists":3,"n_birders":1,"n_species":47,"focal_lists":3},"geometry":{"type":"Polygon","coordinates":[[[70.70609853122227,23.410338251509154],[70.65609853122227,23.410338251509154],[70.65609853122227,23.460338251509154],[70.70609853122227,23.460338251509154],[70.70609853122227,23.410338251509154]]]}},{"type":"Feature","properties":{"GRID_CODE":"GJ-KU-LIT-172","STATE":"Gujarat","DISTRICT":"Kachchh","BLOCK":"Little Rann","n_lists":0,"n_birders":0,"n_species":0,"focal_lists":0},"geometry":{"type":"Polygon","coordinates":[[[70.20609853122227,23.010338251509155],[70.15609853122227,23.010338251509155],[70.15609853122227,23.060338251509156],[70.20609853122227,23.060338251509156],[70.20609853122227,23.010338251509155]]]}},{"type":"Feature","properties":{"GRID_CODE":"GJ-KU-BHA-053","STATE":"Gujarat","DISTRICT":"Kachchh","BLOCK":"Bhachau","n_lists":4,"n_birders":1,"n_species":34,"focal_lists":2},"geometry":{"type":"Polygon","coordinates":[[[70.35609853122227,23.260338251509155],[70.30609853122226,23.260338251509155],[70.30609853122226,23.310338251509156],[70.35609853122227,23.310338251509156],[70.35609853122227,23.260338251509155]]]}},{"type":"Feature","properties":{"GRID_CODE":"GJ-KU-RAN-408","STATE":"Gujarat","DISTRICT":"Kachchh","BLOCK":"Rann of Kachchh","n_lists":0,"n_birders":0,"n_species":0,"focal_lists":0},"geometry":{"type":"Polygon","coordinates":[[[71.30609853122226,23.910338251509154],[71.25609853122227,23.910338251509154],[71.25609853122227,23.960338251509154],[71.30609853122226,23.960338251509154],[71.30609853122226,23.910338251509154]]]}},{"type":"Feature","properties":{"GRID_CODE":"GJ-KU-RAN-209","STATE":"Gujarat","DISTRICT":"Kachchh","BLOCK":"Rann of Kachchh","n_lists":0,"n_birders":0,"n_species":0,"focal_lists":0},"geometry":{"type":"Polygon","coordinates":[[[69.20609853122227,24.060338251509156],[69.15609853122227,24.060338251509156],[69.15609853122227,24.110338251509157],[69.20609853122227,24.110338251509157],[69.20609853122227,24.060338251509156]]]}},{"type":"Feature","properties":{"GRID_CODE":"GJ-KU-RAN-365","STATE":"Gujarat","DISTRICT":"Kachchh","BLOCK":"Rann of Kachchh","n_lists":0,"n_birders":0,"n_species":0,"focal_lists":0},"geometry":{"type":"Polygon","coordinates":[[[68.85609853122227,23.910338251509154],[68.80609853122226,23.910338251509154],[68.80609853122226,23.960338251509154],[68.85609853122227,23.960338251509154],[68.85609853122227,23.910338251509154]]]}},{"type":"Feature","properties":{"GRID_CODE":"GJ-KU-RAN-347","STATE":"Gujarat","DISTRICT":"Kachchh","BLOCK":"Rann of Kachchh","n_lists":0,"n_birders":0,"n_species":0,"focal_lists":0},"geometry":{"type":"Polygon","coordinates":[[[70.90609853122227,23.960338251509154],[70.85609853122227,23.960338251509154],[70.85609853122227,24.010338251509155],[70.90609853122227,24.010338251509155],[70.90609853122227,23.960338251509154]]]}},{"type":"Feature","properties":{"GRID_CODE":"GJ-KU-RAN-151","STATE":"Gujarat","DISTRICT":"Kachchh","BLOCK":"Rann of Kachchh","n_lists":0,"n_birders":0,"n_species":0,"focal_lists":0},"geometry":{"type":"Polygon","coordinates":[[[68.80609853122226,24.110338251509157],[68.75609853122227,24.110338251509157],[68.75609853122227,24.160338251509154],[68.80609853122226,24.160338251509154],[68.80609853122226,24.110338251509157]]]}},{"type":"Feature","properties":{"GRID_CODE":"GJ-KU-RAN-483","STATE":"Gujarat","DISTRICT":"Kachchh","BLOCK":"Rann of Kachchh","n_lists":0,"n_birders":0,"n_species":0,"focal_lists":0},"geometry":{"type":"Polygon","coordinates":[[[70.55609853122226,23.810338251509156],[70.50609853122227,23.810338251509156],[70.50609853122227,23.860338251509157],[70.55609853122226,23.860338251509157],[70.55609853122226,23.810338251509156]]]}},{"type":"Feature","properties":{"GRID_CODE":"GJ-KU-BHU-086","STATE":"Gujarat","DISTRICT":"Kachchh","BLOCK":"Bhuj","n_lists":2,"n_birders":1,"n_species":32,"focal_lists":2},"geometry":{"type":"Polygon","coordinates":[[[69.75609853122227,23.410338251509154],[69.70609853122227,23.410338251509154],[69.70609853122227,23.460338251509154],[69.75609853122227,23.460338251509154],[69.75609853122227,23.410338251509154]]]}},{"type":"Feature","properties":{"GRID_CODE":"GJ-KU-RAN-239","STATE":"Gujarat","DISTRICT":"Kachchh","BLOCK":"Rann of Kachchh","n_lists":0,"n_birders":0,"n_species":0,"focal_lists":0},"geometry":{"type":"Polygon","coordinates":[[[70.70609853122227,24.060338251509156],[70.65609853122227,24.060338251509156],[70.65609853122227,24.110338251509157],[70.70609853122227,24.110338251509157],[70.70609853122227,24.060338251509156]]]}},{"type":"Feature","properties":{"GRID_CODE":"GJ-KU-RAN-554","STATE":"Gujarat","DISTRICT":"Kachchh","BLOCK":"Rann of Kachchh","n_lists":0,"n_birders":0,"n_species":0,"focal_lists":0},"geometry":{"type":"Polygon","coordinates":[[[70.20609853122227,23.660338251509154],[70.15609853122227,23.660338251509154],[70.15609853122227,23.710338251509154],[70.20609853122227,23.710338251509154],[70.20609853122227,23.660338251509154]]]}},{"type":"Feature","properties":{"GRID_CODE":"GJ-KU-RAN-391","STATE":"Gujarat","DISTRICT":"Kachchh","BLOCK":"Rann of Kachchh","n_lists":0,"n_birders":0,"n_species":0,"focal_lists":0},"geometry":{"type":"Polygon","coordinates":[[[70.35609853122227,23.910338251509154],[70.30609853122226,23.910338251509154],[70.30609853122226,23.960338251509154],[70.35609853122227,23.960338251509154],[70.35609853122227,23.910338251509154]]]}},{"type":"Feature","properties":{"GRID_CODE":"GJ-KU-RAN-181","STATE":"Gujarat","DISTRICT":"Kachchh","BLOCK":"Rann of Kachchh","n_lists":0,"n_birders":0,"n_species":0,"focal_lists":0},"geometry":{"type":"Polygon","coordinates":[[[70.30609853122226,24.110338251509157],[70.25609853122227,24.110338251509157],[70.25609853122227,24.160338251509154],[70.30609853122226,24.160338251509154],[70.30609853122226,24.110338251509157]]]}},{"type":"Feature","properties":{"GRID_CODE":"GJ-KU-RAN-328","STATE":"Gujarat","DISTRICT":"Kachchh","BLOCK":"Rann of Kachchh","n_lists":0,"n_birders":0,"n_species":0,"focal_lists":0},"geometry":{"type":"Polygon","coordinates":[[[69.95609853122227,23.960338251509154],[69.90609853122227,23.960338251509154],[69.90609853122227,24.010338251509155],[69.95609853122227,24.010338251509155],[69.95609853122227,23.960338251509154]]]}},{"type":"Feature","properties":{"GRID_CODE":"GJ-KU-RAN-220","STATE":"Gujarat","DISTRICT":"Kachchh","BLOCK":"Rann of Kachchh","n_lists":0,"n_birders":0,"n_species":0,"focal_lists":0},"geometry":{"type":"Polygon","coordinates":[[[69.75609853122227,24.060338251509156],[69.70609853122227,24.060338251509156],[69.70609853122227,24.110338251509157],[69.75609853122227,24.110338251509157],[69.75609853122227,24.060338251509156]]]}},{"type":"Feature","properties":{"GRID_CODE":"GJ-KU-RAN-162","STATE":"Gujarat","DISTRICT":"Kachchh","BLOCK":"Rann of Kachchh","n_lists":0,"n_birders":0,"n_species":0,"focal_lists":0},"geometry":{"type":"Polygon","coordinates":[[[69.35609853122227,24.110338251509157],[69.30609853122226,24.110338251509157],[69.30609853122226,24.160338251509154],[69.35609853122227,24.160338251509154],[69.35609853122227,24.110338251509157]]]}},{"type":"Feature","properties":{"GRID_CODE":"GJ-KU-NAK-028","STATE":"Gujarat","DISTRICT":"Kachchh","BLOCK":"Nakhatrana","n_lists":0,"n_birders":0,"n_species":0,"focal_lists":0},"geometry":{"type":"Polygon","coordinates":[[[69.00609853122227,23.410338251509154],[68.95609853122227,23.410338251509154],[68.95609853122227,23.460338251509154],[69.00609853122227,23.460338251509154],[69.00609853122227,23.410338251509154]]]}},{"type":"Feature","properties":{"GRID_CODE":"GJ-KU-RAP-082","STATE":"Gujarat","DISTRICT":"Kachchh","BLOCK":"Rapar","n_lists":2,"n_birders":1,"n_species":56,"focal_lists":2},"geometry":{"type":"Polygon","coordinates":[[[71.05609853122226,23.460338251509154],[71.00609853122227,23.460338251509154],[71.00609853122227,23.510338251509155],[71.05609853122226,23.510338251509155],[71.05609853122226,23.460338251509154]]]}},{"type":"Feature","properties":{"GRID_CODE":"GJ-KU-MUN-015","STATE":"Gujarat","DISTRICT":"Kachchh","BLOCK":"Mundra","n_lists":0,"n_birders":0,"n_species":0,"focal_lists":0},"geometry":{"type":"Polygon","coordinates":[[[69.90609853122227,22.910338251509154],[69.85609853122227,22.910338251509154],[69.85609853122227,22.960338251509154],[69.90609853122227,22.960338251509154],[69.90609853122227,22.910338251509154]]]}},{"type":"Feature","properties":{"GRID_CODE":"GJ-KU-RAP-055","STATE":"Gujarat","DISTRICT":"Kachchh","BLOCK":"Rapar","n_lists":0,"n_birders":0,"n_species":0,"focal_lists":0},"geometry":{"type":"Polygon","coordinates":[[[70.85609853122227,23.560338251509156],[70.80609853122226,23.560338251509156],[70.80609853122226,23.610338251509157],[70.85609853122227,23.610338251509157],[70.85609853122227,23.560338251509156]]]}},{"type":"Feature","properties":{"GRID_CODE":"GJ-KU-LAK-011","STATE":"Gujarat","DISTRICT":"Kachchh","BLOCK":"Lakhpat","n_lists":2,"n_birders":1,"n_species":41,"focal_lists":1},"geometry":{"type":"Polygon","coordinates":[[[68.75609853122227,23.710338251509154],[68.70609853122227,23.710338251509154],[68.70609853122227,23.760338251509155],[68.75609853122227,23.760338251509155],[68.75609853122227,23.710338251509154]]]}},{"type":"Feature","properties":{"GRID_CODE":"GJ-KU-COA-009","STATE":"Gujarat","DISTRICT":"Kachchh","BLOCK":"Coastal Area","n_lists":0,"n_birders":0,"n_species":0,"focal_lists":0},"geometry":{"type":"Polygon","coordinates":[[[69.55609853122226,22.760338251509155],[69.50609853122227,22.760338251509155],[69.50609853122227,22.810338251509156],[69.55609853122226,22.810338251509156],[69.55609853122226,22.760338251509155]]]}},{"type":"Feature","properties":{"GRID_CODE":"GJ-KU-BHA-027","STATE":"Gujarat","DISTRICT":"Kachchh","BLOCK":"Bhachau","n_lists":1,"n_birders":1,"n_species":21,"focal_lists":1},"geometry":{"type":"Polygon","coordinates":[[[70.50609853122227,23.410338251509154],[70.45609853122227,23.410338251509154],[70.45609853122227,23.460338251509154],[70.50609853122227,23.460338251509154],[70.50609853122227,23.410338251509154]]]}},{"type":"Feature","properties":{"GRID_CODE":"GJ-KU-RAN-576","STATE":"Gujarat","DISTRICT":"Kachchh","BLOCK":"Rann of Kachchh","n_lists":0,"n_birders":0,"n_species":0,"focal_lists":0},"geometry":{"type":"Polygon","coordinates":[[[70.45609853122227,23.610338251509157],[70.40609853122227,23.610338251509157],[70.40609853122227,23.660338251509154],[70.45609853122227,23.660338251509154],[70.45609853122227,23.610338251509157]]]}},{"type":"Feature","properties":{"GRID_CODE":"GJ-KU-RAN-593","STATE":"Gujarat","DISTRICT":"Kachchh","BLOCK":"Rann of Kachchh","n_lists":0,"n_birders":0,"n_species":0,"focal_lists":0},"geometry":{"type":"Polygon","coordinates":[[[70.10609853122227,23.460338251509154],[70.05609853122226,23.460338251509154],[70.05609853122226,23.510338251509155],[70.10609853122227,23.510338251509155],[70.10609853122227,23.460338251509154]]]}},{"type":"Feature","properties":{"GRID_CODE":"GJ-KU-RAN-196","STATE":"Gujarat","DISTRICT":"Kachchh","BLOCK":"Rann of Kachchh","n_lists":0,"n_birders":0,"n_species":0,"focal_lists":0},"geometry":{"type":"Polygon","coordinates":[[[71.05609853122226,24.110338251509157],[71.00609853122227,24.110338251509157],[71.00609853122227,24.160338251509154],[71.05609853122226,24.160338251509154],[71.05609853122226,24.110338251509157]]]}},{"type":"Feature","properties":{"GRID_CODE":"GJ-KU-MAN-005","STATE":"Gujarat","DISTRICT":"Kachchh","BLOCK":"Mandvi","n_lists":0,"n_birders":0,"n_species":0,"focal_lists":0},"geometry":{"type":"Polygon","coordinates":[[[69.30609853122226,23.060338251509156],[69.25609853122227,23.060338251509156],[69.25609853122227,23.110338251509157],[69.30609853122226,23.110338251509157],[69.30609853122226,23.060338251509156]]]}},{"type":"Feature","properties":{"GRID_CODE":"GJ-KU-RAN-537","STATE":"Gujarat","DISTRICT":"Kachchh","BLOCK":"Rann of Kachchh","n_lists":0,"n_birders":0,"n_species":0,"focal_lists":0},"geometry":{"type":"Polygon","coordinates":[[[70.25609853122227,23.710338251509154],[70.20609853122227,23.710338251509154],[70.20609853122227,23.760338251509155],[70.25609853122227,23.760338251509155],[70.25609853122227,23.710338251509154]]]}},{"type":"Feature","properties":{"GRID_CODE":"GJ-KU-BHU-073","STATE":"Gujarat","DISTRICT":"Kachchh","BLOCK":"Bhuj","n_lists":0,"n_birders":0,"n_species":0,"focal_lists":0},"geometry":{"type":"Polygon","coordinates":[[[69.90609853122227,23.560338251509156],[69.85609853122227,23.560338251509156],[69.85609853122227,23.610338251509157],[69.90609853122227,23.610338251509157],[69.90609853122227,23.560338251509156]]]}},{"type":"Feature","properties":{"GRID_CODE":"GJ-KU-BHU-059","STATE":"Gujarat","DISTRICT":"Kachchh","BLOCK":"Bhuj","n_lists":2,"n_birders":1,"n_species":52,"focal_lists":2},"geometry":{"type":"Polygon","coordinates":[[[69.50609853122227,23.610338251509157],[69.45609853122227,23.610338251509157],[69.45609853122227,23.660338251509154],[69.50609853122227,23.660338251509154],[69.50609853122227,23.610338251509157]]]}},{"type":"Feature","properties":{"GRID_CODE":"GJ-KU-RAN-060","STATE":"Gujarat","DISTRICT":"Kachchh","BLOCK":"Rann of Kachchh","n_lists":0,"n_birders":0,"n_species":0,"focal_lists":0},"geometry":{"type":"Polygon","coordinates":[[[70.45609853122227,24.260338251509155],[70.40609853122227,24.260338251509155],[70.40609853122227,24.310338251509156],[70.45609853122227,24.310338251509156],[70.45609853122227,24.260338251509155]]]}},{"type":"Feature","properties":{"GRID_CODE":"GJ-KU-RAN-436","STATE":"Gujarat","DISTRICT":"Kachchh","BLOCK":"Rann of Kachchh","n_lists":0,"n_birders":0,"n_species":0,"focal_lists":0},"geometry":{"type":"Polygon","coordinates":[[[69.65609853122227,23.860338251509157],[69.60609853122227,23.860338251509157],[69.60609853122227,23.910338251509154],[69.65609853122227,23.910338251509154],[69.65609853122227,23.860338251509157]]]}},{"type":"Feature","properties":{"GRID_CODE":"GJ-KU-NAK-019","STATE":"Gujarat","DISTRICT":"Kachchh","BLOCK":"Nakhatrana","n_lists":0,"n_birders":0,"n_species":0,"focal_lists":0},"geometry":{"type":"Polygon","coordinates":[[[69.15609853122227,23.460338251509154],[69.10609853122227,23.460338251509154],[69.10609853122227,23.510338251509155],[69.15609853122227,23.510338251509155],[69.15609853122227,23.460338251509154]]]}},{"type":"Feature","properties":{"GRID_CODE":"GJ-KU-RAN-177","STATE":"Gujarat","DISTRICT":"Kachchh","BLOCK":"Rann of Kachchh","n_lists":0,"n_birders":0,"n_species":0,"focal_lists":0},"geometry":{"type":"Polygon","coordinates":[[[70.10609853122227,24.110338251509157],[70.05609853122226,24.110338251509157],[70.05609853122226,24.160338251509154],[70.10609853122227,24.160338251509154],[70.10609853122227,24.110338251509157]]]}},{"type":"Feature","properties":{"GRID_CODE":"GJ-KU-BHU-026","STATE":"Gujarat","DISTRICT":"Kachchh","BLOCK":"Bhuj","n_lists":2,"n_birders":1,"n_species":40,"focal_lists":2},"geometry":{"type":"Polygon","coordinates":[[[69.30609853122226,23.710338251509154],[69.25609853122227,23.710338251509154],[69.25609853122227,23.760338251509155],[69.30609853122226,23.760338251509155],[69.30609853122226,23.710338251509154]]]}},{"type":"Feature","properties":{"GRID_CODE":"GJ-KU-NAK-001","STATE":"Gujarat","DISTRICT":"Kachchh","BLOCK":"Nakhatrana","n_lists":1,"n_birders":1,"n_species":10,"focal_lists":1},"geometry":{"type":"Polygon","coordinates":[[[68.95609853122227,23.560338251509156],[68.90609853122227,23.560338251509156],[68.90609853122227,23.610338251509157],[68.95609853122227,23.610338251509157],[68.95609853122227,23.560338251509156]]]}},{"type":"Feature","properties":{"GRID_CODE":"GJ-KU-RAP-047","STATE":"Gujarat","DISTRICT":"Kachchh","BLOCK":"Rapar","n_lists":5,"n_birders":1,"n_species":70,"focal_lists":5},"geometry":{"type":"Polygon","coordinates":[[[71.00609853122227,23.610338251509157],[70.95609853122227,23.610338251509157],[70.95609853122227,23.660338251509154],[71.00609853122227,23.660338251509154],[71.00609853122227,23.610338251509157]]]}},{"type":"Feature","properties":{"GRID_CODE":"GJ-KU-LAK-007","STATE":"Gujarat","DISTRICT":"Kachchh","BLOCK":"Lakhpat","n_lists":3,"n_birders":1,"n_species":48,"focal_lists":2},"geometry":{"type":"Polygon","coordinates":[[[68.90609853122227,23.760338251509155],[68.85609853122227,23.760338251509155],[68.85609853122227,23.810338251509156],[68.90609853122227,23.810338251509156],[68.90609853122227,23.760338251509155]]]}},{"type":"Feature","properties":{"GRID_CODE":"GJ-KU-RAN-257","STATE":"Gujarat","DISTRICT":"Kachchh","BLOCK":"Rann of Kachchh","n_lists":0,"n_birders":0,"n_species":0,"focal_lists":0},"geometry":{"type":"Polygon","coordinates":[[[69.05609853122226,24.010338251509155],[69.00609853122227,24.010338251509155],[69.00609853122227,24.060338251509156],[69.05609853122226,24.060338251509156],[69.05609853122226,24.010338251509155]]]}},{"type":"Feature","properties":{"GRID_CODE":"GJ-KU-RAN-417","STATE":"Gujarat","DISTRICT":"Kachchh","BLOCK":"Rann of Kachchh","n_lists":0,"n_birders":0,"n_species":0,"focal_lists":0},"geometry":{"type":"Polygon","coordinates":[[[68.70609853122227,23.860338251509157],[68.65609853122227,23.860338251509157],[68.65609853122227,23.910338251509154],[68.70609853122227,23.910338251509154],[68.70609853122227,23.860338251509157]]]}},{"type":"Feature","properties":{"GRID_CODE":"GJ-KU-RAN-514","STATE":"Gujarat","DISTRICT":"Kachchh","BLOCK":"Rann of Kachchh","n_lists":0,"n_birders":0,"n_species":0,"focal_lists":0},"geometry":{"type":"Polygon","coordinates":[[[70.40609853122227,23.760338251509155],[70.35609853122227,23.760338251509155],[70.35609853122227,23.810338251509156],[70.40609853122227,23.810338251509156],[70.40609853122227,23.760338251509155]]]}},{"type":"Feature","properties":{"GRID_CODE":"GJ-KU-RAN-028","STATE":"Gujarat","DISTRICT":"Kachchh","BLOCK":"Rann of Kachchh","n_lists":0,"n_birders":0,"n_species":0,"focal_lists":0},"geometry":{"type":"Polygon","coordinates":[[[71.35609853122227,24.410338251509154],[71.30609853122226,24.410338251509154],[71.30609853122226,24.460338251509154],[71.35609853122227,24.460338251509154],[71.35609853122227,24.410338251509154]]]}},{"type":"Feature","properties":{"GRID_CODE":"GJ-KU-RAN-065","STATE":"Gujarat","DISTRICT":"Kachchh","BLOCK":"Rann of Kachchh","n_lists":0,"n_birders":0,"n_species":0,"focal_lists":0},"geometry":{"type":"Polygon","coordinates":[[[71.00609853122227,24.260338251509155],[70.95609853122227,24.260338251509155],[70.95609853122227,24.310338251509156],[71.00609853122227,24.310338251509156],[71.00609853122227,24.260338251509155]]]}},{"type":"Feature","properties":{"GRID_CODE":"GJ-KU-ANJ-031","STATE":"Gujarat","DISTRICT":"Kachchh","BLOCK":"Anjar","n_lists":0,"n_birders":0,"n_species":0,"focal_lists":0},"geometry":{"type":"Polygon","coordinates":[[[70.05609853122226,23.060338251509156],[70.00609853122227,23.060338251509156],[70.00609853122227,23.110338251509157],[70.05609853122226,23.110338251509157],[70.05609853122226,23.060338251509156]]]}},{"type":"Feature","properties":{"GRID_CODE":"GJ-KU-BHU-100","STATE":"Gujarat","DISTRICT":"Kachchh","BLOCK":"Bhuj","n_lists":2,"n_birders":1,"n_species":43,"focal_lists":2},"geometry":{"type":"Polygon","coordinates":[[[69.80609853122226,23.360338251509157],[69.75609853122227,23.360338251509157],[69.75609853122227,23.410338251509154],[69.80609853122226,23.410338251509154],[69.80609853122226,23.360338251509157]]]}},{"type":"Feature","properties":{"GRID_CODE":"GJ-KU-BHU-130","STATE":"Gujarat","DISTRICT":"Kachchh","BLOCK":"Bhuj","n_lists":4,"n_birders":1,"n_species":64,"focal_lists":4},"geometry":{"type":"Polygon","coordinates":[[[69.45609853122227,23.210338251509154],[69.40609853122227,23.210338251509154],[69.40609853122227,23.260338251509155],[69.45609853122227,23.260338251509155],[69.45609853122227,23.210338251509154]]]}},{"type":"Feature","properties":{"GRID_CODE":"GJ-KU-LIT-106","STATE":"Gujarat","DISTRICT":"Kachchh","BLOCK":"Little Rann","n_lists":0,"n_birders":0,"n_species":0,"focal_lists":0},"geometry":{"type":"Polygon","coordinates":[[[71.50609853122227,23.260338251509155],[71.45609853122227,23.260338251509155],[71.45609853122227,23.310338251509156],[71.50609853122227,23.310338251509156],[71.50609853122227,23.260338251509155]]]}},{"type":"Feature","properties":{"GRID_CODE":"GJ-KU-LIT-069","STATE":"Gujarat","DISTRICT":"Kachchh","BLOCK":"Little Rann","n_lists":0,"n_birders":0,"n_species":0,"focal_lists":0},"geometry":{"type":"Polygon","coordinates":[[[71.30609853122226,23.360338251509157],[71.25609853122227,23.360338251509157],[71.25609853122227,23.410338251509154],[71.30609853122226,23.410338251509154],[71.30609853122226,23.360338251509157]]]}},{"type":"Feature","properties":{"GRID_CODE":"GJ-KU-NAK-012","STATE":"Gujarat","DISTRICT":"Kachchh","BLOCK":"Nakhatrana","n_lists":3,"n_birders":1,"n_species":46,"focal_lists":2},"geometry":{"type":"Polygon","coordinates":[[[69.20609853122227,23.510338251509155],[69.15609853122227,23.510338251509155],[69.15609853122227,23.560338251509156],[69.20609853122227,23.560338251509156],[69.20609853122227,23.510338251509155]]]}},{"type":"Feature","properties":{"GRID_CODE":"GJ-KU-LIT-114","STATE":"Gujarat","DISTRICT":"Kachchh","BLOCK":"Little Rann","n_lists":0,"n_birders":0,"n_species":0,"focal_lists":0},"geometry":{"type":"Polygon","coordinates":[[[70.95609853122227,23.210338251509154],[70.90609853122227,23.210338251509154],[70.90609853122227,23.260338251509155],[70.95609853122227,23.260338251509155],[70.95609853122227,23.210338251509154]]]}},{"type":"Feature","properties":{"GRID_CODE":"GJ-KU-ABD-015","STATE":"Gujarat","DISTRICT":"Kachchh","BLOCK":"Abdasa","n_lists":0,"n_birders":0,"n_species":0,"focal_lists":0},"geometry":{"type":"Polygon","coordinates":[[[68.85609853122227,23.360338251509157],[68.80609853122226,23.360338251509157],[68.80609853122226,23.410338251509154],[68.85609853122227,23.410338251509154],[68.85609853122227,23.360338251509157]]]}},{"type":"Feature","properties":{"GRID_CODE":"GJ-KU-RAN-272","STATE":"Gujarat","DISTRICT":"Kachchh","BLOCK":"Rann of Kachchh","n_lists":0,"n_birders":0,"n_species":0,"focal_lists":0},"geometry":{"type":"Polygon","coordinates":[[[69.80609853122226,24.010338251509155],[69.75609853122227,24.010338251509155],[69.75609853122227,24.060338251509156],[69.80609853122226,24.060338251509156],[69.80609853122226,24.010338251509155]]]}},{"type":"Feature","properties":{"GRID_CODE":"GJ-KU-BHA-057","STATE":"Gujarat","DISTRICT":"Kachchh","BLOCK":"Bhachau","n_lists":0,"n_birders":0,"n_species":0,"focal_lists":0},"geometry":{"type":"Polygon","coordinates":[[[70.55609853122226,23.260338251509155],[70.50609853122227,23.260338251509155],[70.50609853122227,23.310338251509156],[70.55609853122226,23.310338251509156],[70.55609853122226,23.260338251509155]]]}},{"type":"Feature","properties":{"GRID_CODE":"GJ-KU-RAP-064","STATE":"Gujarat","DISTRICT":"Kachchh","BLOCK":"Rapar","n_lists":4,"n_birders":1,"n_species":58,"focal_lists":3},"geometry":{"type":"Polygon","coordinates":[[[70.70609853122227,23.510338251509155],[70.65609853122227,23.510338251509155],[70.65609853122227,23.560338251509156],[70.70609853122227,23.560338251509156],[70.70609853122227,23.510338251509155]]]}},{"type":"Feature","properties":{"GRID_CODE":"GJ-KU-GAN-001","STATE":"Gujarat","DISTRICT":"Kachchh","BLOCK":"Gandhidham","n_lists":4,"n_birders":1,"n_species":62,"focal_lists":2},"geometry":{"type":"Polygon","coordinates":[[[70.20609853122227,23.110338251509157],[70.15609853122227,23.110338251509157],[70.15609853122227,23.160338251509154],[70.20609853122227,23.160338251509154],[70.20609853122227,23.110338251509157]]]}},{"type":"Feature","properties":{"GRID_CODE":"GJ-KU-BHA-033","STATE":"Gujarat","DISTRICT":"Kachchh","BLOCK":"Bhachau","n_lists":0,"n_birders":0,"n_species":0,"focal_lists":0},"geometry":{"type":"Polygon","coordinates":[[[70.35609853122227,23.360338251509157],[70.30609853122226,23.360338251509157],[70.30609853122226,23.410338251509154],[70.35609853122227,23.410338251509154],[70.35609853122227,23.360338251509157]]]}},{"type":"Feature","properties":{"GRID_CODE":"GJ-KU-RAN-302","STATE":"Gujarat","DISTRICT":"Kachchh","BLOCK":"Rann of Kachchh","n_lists":0,"n_birders":0,"n_species":0,"focal_lists":0},"geometry":{"type":"Polygon","coordinates":[[[71.30609853122226,24.010338251509155],[71.25609853122227,24.010338251509155],[71.25609853122227,24.060338251509156],[71.30609853122226,24.060338251509156],[71.30609853122226,24.010338251509155]]]}},{"type":"Feature","properties":{"GRID_CODE":"GJ-KU-RAN-114","STATE":"Gujarat","DISTRICT":"Kachchh","BLOCK":"Rann of Kachchh","n_lists":0,"n_birders":0,"n_species":0,"focal_lists":0},"geometry":{"type":"Polygon","coordinates":[[[69.20609853122227,24.160338251509154],[69.15609853122227,24.160338251509154],[69.15609853122227,24.210338251509154],[69.20609853122227,24.210338251509154],[69.20609853122227,24.160338251509154]]]}},{"type":"Feature","properties":{"GRID_CODE":"GJ-KU-BHU-090","STATE":"Gujarat","DISTRICT":"Kachchh","BLOCK":"Bhuj","n_lists":3,"n_birders":1,"n_species":37,"focal_lists":2},"geometry":{"type":"Polygon","coordinates":[[[69.95609853122227,23.410338251509154],[69.90609853122227,23.410338251509154],[69.90609853122227,23.460338251509154],[69.95609853122227,23.460338251509154],[69.95609853122227,23.410338251509154]]]}},{"type":"Feature","properties":{"GRID_CODE":"GJ-KU-RAN-243","STATE":"Gujarat","DISTRICT":"Kachchh","BLOCK":"Rann of Kachchh","n_lists":0,"n_birders":0,"n_species":0,"focal_lists":0},"geometry":{"type":"Polygon","coordinates":[[[70.90609853122227,24.060338251509156],[70.85609853122227,24.060338251509156],[70.85609853122227,24.110338251509157],[70.90609853122227,24.110338251509157],[70.90609853122227,24.060338251509156]]]}},{"type":"Feature","properties":{"GRID_CODE":"GJ-KU-RAN-072","STATE":"Gujarat","DISTRICT":"Kachchh","BLOCK":"Rann of Kachchh","n_lists":0,"n_birders":0,"n_species":0,"focal_lists":0},"geometry":{"type":"Polygon","coordinates":[[[68.80609853122226,24.210338251509154],[68.75609853122227,24.210338251509154],[68.75609853122227,24.260338251509155],[68.80609853122226,24.260338251509155],[68.80609853122226,24.210338251509154]]]}},{"type":"Feature","properties":{"GRID_CODE":"GJ-KU-RAN-395","STATE":"Gujarat","DISTRICT":"Kachchh","BLOCK":"Rann of Kachchh","n_lists":0,"n_birders":0,"n_species":0,"focal_lists":0},"geometry":{"type":"Polygon","coordinates":[[[70.55609853122226,23.910338251509154],[70.50609853122227,23.910338251509154],[70.50609853122227,23.960338251509154],[70.55609853122226,23.960338251509154],[70.55609853122226,23.910338251509154]]]}},{"type":"Feature","properties":{"GRID_CODE":"GJ-KU-LIT-029","STATE":"Gujarat","DISTRICT":"Kachchh","BLOCK":"Little Rann","n_lists":0,"n_birders":0,"n_species":0,"focal_lists":0},"geometry":{"type":"Polygon","coordinates":[[[69.75609853122227,23.510338251509155],[69.70609853122227,23.510338251509155],[69.70609853122227,23.560338251509156],[69.75609853122227,23.560338251509156],[69.75609853122227,23.510338251509155]]]}},{"type":"Feature","properties":{"GRID_CODE":"GJ-KU-RAN-137","STATE":"Gujarat","DISTRICT":"Kachchh","BLOCK":"Rann of Kachchh","n_lists":0,"n_birders":0,"n_species":0,"focal_lists":0},"geometry":{"type":"Polygon","coordinates":[[[70.70609853122227,24.160338251509154],[70.65609853122227,24.160338251509154],[70.65609853122227,24.210338251509154],[70.70609853122227,24.210338251509154],[70.70609853122227,24.160338251509154]]]}},{"type":"Feature","properties":{"GRID_CODE":"GJ-KU-LIT-059","STATE":"Gujarat","DISTRICT":"Kachchh","BLOCK":"Little Rann","n_lists":0,"n_birders":0,"n_species":0,"focal_lists":0},"geometry":{"type":"Polygon","coordinates":[[[71.45609853122227,23.410338251509154],[71.40609853122227,23.410338251509154],[71.40609853122227,23.460338251509154],[71.45609853122227,23.460338251509154],[71.45609853122227,23.410338251509154]]]}},{"type":"Feature","properties":{"GRID_CODE":"GJ-KU-RAN-091","STATE":"Gujarat","DISTRICT":"Kachchh","BLOCK":"Rann of Kachchh","n_lists":0,"n_birders":0,"n_species":0,"focal_lists":0},"geometry":{"type":"Polygon","coordinates":[[[70.30609853122226,24.210338251509154],[70.25609853122227,24.210338251509154],[70.25609853122227,24.260338251509155],[70.30609853122226,24.260338251509155],[70.30609853122226,24.210338251509154]]]}},{"type":"Feature","properties":{"GRID_CODE":"GJ-KU-RAN-224","STATE":"Gujarat","DISTRICT":"Kachchh","BLOCK":"Rann of Kachchh","n_lists":0,"n_birders":0,"n_species":0,"focal_lists":0},"geometry":{"type":"Polygon","coordinates":[[[69.95609853122227,24.060338251509156],[69.90609853122227,24.060338251509156],[69.90609853122227,24.110338251509157],[69.95609853122227,24.110338251509157],[69.95609853122227,24.060338251509156]]]}},{"type":"Feature","properties":{"GRID_CODE":"GJ-KU-RAN-081","STATE":"Gujarat","DISTRICT":"Kachchh","BLOCK":"Rann of Kachchh","n_lists":0,"n_birders":0,"n_species":0,"focal_lists":0},"geometry":{"type":"Polygon","coordinates":[[[69.35609853122227,24.210338251509154],[69.30609853122226,24.210338251509154],[69.30609853122226,24.260338251509155],[69.35609853122227,24.260338251509155],[69.35609853122227,24.210338251509154]]]}},{"type":"Feature","properties":{"GRID_CODE":"GJ-KU-RAN-033","STATE":"Gujarat","DISTRICT":"Kachchh","BLOCK":"Rann of Kachchh","n_lists":0,"n_birders":0,"n_species":0,"focal_lists":0},"geometry":{"type":"Polygon","coordinates":[[[71.20609853122227,24.360338251509157],[71.15609853122227,24.360338251509157],[71.15609853122227,24.410338251509154],[71.20609853122227,24.410338251509154],[71.20609853122227,24.360338251509157]]]}},{"type":"Feature","properties":{"GRID_CODE":"GJ-KU-ABD-058","STATE":"Gujarat","DISTRICT":"Kachchh","BLOCK":"Abdasa","n_lists":6,"n_birders":1,"n_species":88,"focal_lists":6},"geometry":{"type":"Polygon","coordinates":[[[68.75609853122227,23.160338251509154],[68.70609853122227,23.160338251509154],[68.70609853122227,23.210338251509154],[68.75609853122227,23.210338251509154],[68.75609853122227,23.160338251509154]]]}},{"type":"Feature","properties":{"GRID_CODE":"GJ-KU-LIT-193","STATE":"Gujarat","DISTRICT":"Kachchh","BLOCK":"Little Rann","n_lists":0,"n_birders":0,"n_species":0,"focal_lists":0},"geometry":{"type":"Polygon","coordinates":[[[70.50609853122227,22.860338251509157],[70.45609853122227,22.860338251509157],[70.45609853122227,22.910338251509154],[70.50609853122227,22.910338251509154],[70.50609853122227,22.860338251509157]]]}},{"type":"Feature","properties":{"GRID_CODE":"GJ-KU-COA-004","STATE":"Gujarat","DISTRICT":"Kachchh","BLOCK":"Coastal Area","n_lists":0,"n_birders":0,"n_species":0,"focal_lists":0},"geometry":{"type":"Polygon","coordinates":[[[70.10609853122227,22.910338251509154],[70.05609853122226,22.910338251509154],[70.05609853122226,22.960338251509154],[70.10609853122227,22.960338251509154],[70.10609853122227,22.910338251509154]]]}},{"type":"Feature","properties":{"GRID_CODE":"GJ-KU-LIT-014","STATE":"Gujarat","DISTRICT":"Kachchh","BLOCK":"Little Rann","n_lists":3,"n_birders":1,"n_species":60,"focal_lists":3},"geometry":{"type":"Polygon","coordinates":[[[71.05609853122226,23.560338251509156],[71.00609853122227,23.560338251509156],[71.00609853122227,23.610338251509157],[71.05609853122226,23.610338251509157],[71.05609853122226,23.560338251509156]]]}},{"type":"Feature","properties":{"GRID_CODE":"GJ-KU-BHA-072","STATE":"Gujarat","DISTRICT":"Kachchh","BLOCK":"Bhachau","n_lists":0,"n_birders":0,"n_species":0,"focal_lists":0},"geometry":{"type":"Polygon","coordinates":[[[70.25609853122227,23.160338251509154],[70.20609853122227,23.160338251509154],[70.20609853122227,23.210338251509154],[70.25609853122227,23.210338251509154],[70.25609853122227,23.160338251509154]]]}},{"type":"Feature","properties":{"GRID_CODE":"GJ-KU-ANJ-034","STATE":"Gujarat","DISTRICT":"Kachchh","BLOCK":"Anjar","n_lists":1,"n_birders":1,"n_species":1,"focal_lists":0},"geometry":{"type":"Polygon","coordinates":[[[69.90609853122227,23.010338251509155],[69.85609853122227,23.010338251509155],[69.85609853122227,23.060338251509156],[69.90609853122227,23.060338251509156],[69.90609853122227,23.010338251509155]]]}},{"type":"Feature","properties":{"GRID_CODE":"GJ-KU-RAP-034","STATE":"Gujarat","DISTRICT":"Kachchh","BLOCK":"Rapar","n_lists":2,"n_birders":1,"n_species":26,"focal_lists":1},"geometry":{"type":"Polygon","coordinates":[[[70.85609853122227,23.660338251509154],[70.80609853122226,23.660338251509154],[70.80609853122226,23.710338251509154],[70.85609853122227,23.710338251509154],[70.85609853122227,23.660338251509154]]]}},{"type":"Feature","properties":{"GRID_CODE":"GJ-KU-LAK-001","STATE":"Gujarat","DISTRICT":"Kachchh","BLOCK":"Lakhpat","n_lists":0,"n_birders":0,"n_species":0,"focal_lists":0},"geometry":{"type":"Polygon","coordinates":[[[68.75609853122227,23.810338251509156],[68.70609853122227,23.810338251509156],[68.70609853122227,23.860338251509157],[68.75609853122227,23.860338251509157],[68.75609853122227,23.810338251509156]]]}},{"type":"Feature","properties":{"GRID_CODE":"GJ-KU-MUN-017","STATE":"Gujarat","DISTRICT":"Kachchh","BLOCK":"Mundra","n_lists":0,"n_birders":0,"n_species":0,"focal_lists":0},"geometry":{"type":"Polygon","coordinates":[[[69.55609853122226,22.860338251509157],[69.50609853122227,22.860338251509157],[69.50609853122227,22.910338251509154],[69.55609853122226,22.910338251509154],[69.55609853122226,22.860338251509157]]]}},{"type":"Feature","properties":{"GRID_CODE":"GJ-KU-RAN-547","STATE":"Gujarat","DISTRICT":"Kachchh","BLOCK":"Rann of Kachchh","n_lists":0,"n_birders":0,"n_species":0,"focal_lists":0},"geometry":{"type":"Polygon","coordinates":[[[68.40609853122227,23.660338251509154],[68.35609853122227,23.660338251509154],[68.35609853122227,23.710338251509154],[68.40609853122227,23.710338251509154],[68.40609853122227,23.660338251509154]]]}},{"type":"Feature","properties":{"GRID_CODE":"GJ-KU-RAN-541","STATE":"Gujarat","DISTRICT":"Kachchh","BLOCK":"Rann of Kachchh","n_lists":0,"n_birders":0,"n_species":0,"focal_lists":0},"geometry":{"type":"Polygon","coordinates":[[[70.45609853122227,23.710338251509154],[70.40609853122227,23.710338251509154],[70.40609853122227,23.760338251509155],[70.45609853122227,23.760338251509155],[70.45609853122227,23.710338251509154]]]}},{"type":"Feature","properties":{"GRID_CODE":"GJ-KU-MAN-028","STATE":"Gujarat","DISTRICT":"Kachchh","BLOCK":"Mandvi","n_lists":0,"n_birders":0,"n_species":0,"focal_lists":0},"geometry":{"type":"Polygon","coordinates":[[[69.15609853122227,22.910338251509154],[69.10609853122227,22.910338251509154],[69.10609853122227,22.960338251509154],[69.15609853122227,22.960338251509154],[69.15609853122227,22.910338251509154]]]}},{"type":"Feature","properties":{"GRID_CODE":"GJ-KU-RAN-580","STATE":"Gujarat","DISTRICT":"Kachchh","BLOCK":"Rann of Kachchh","n_lists":0,"n_birders":0,"n_species":0,"focal_lists":0},"geometry":{"type":"Polygon","coordinates":[[[70.10609853122227,23.560338251509156],[70.05609853122226,23.560338251509156],[70.05609853122226,23.610338251509157],[70.10609853122227,23.610338251509157],[70.10609853122227,23.560338251509156]]]}},{"type":"Feature","properties":{"GRID_CODE":"GJ-KU-RAN-101","STATE":"Gujarat","DISTRICT":"Kachchh","BLOCK":"Rann of Kachchh","n_lists":0,"n_birders":0,"n_species":0,"focal_lists":0},"geometry":{"type":"Polygon","coordinates":[[[71.05609853122226,24.210338251509154],[71.00609853122227,24.210338251509154],[71.00609853122227,24.260338251509155],[71.05609853122226,24.260338251509155],[71.05609853122226,24.210338251509154]]]}},{"type":"Feature","properties":{"GRID_CODE":"GJ-KU-NAK-064","STATE":"Gujarat","DISTRICT":"Kachchh","BLOCK":"Nakhatrana","n_lists":1,"n_birders":1,"n_species":12,"focal_lists":0},"geometry":{"type":"Polygon","coordinates":[[[69.30609853122226,23.160338251509154],[69.25609853122227,23.160338251509154],[69.25609853122227,23.210338251509154],[69.30609853122226,23.210338251509154],[69.30609853122226,23.160338251509154]]]}},{"type":"Feature","properties":{"GRID_CODE":"GJ-KU-BHA-008","STATE":"Gujarat","DISTRICT":"Kachchh","BLOCK":"Bhachau","n_lists":0,"n_birders":0,"n_species":0,"focal_lists":0},"geometry":{"type":"Polygon","coordinates":[[[70.25609853122227,23.810338251509156],[70.20609853122227,23.810338251509156],[70.20609853122227,23.860338251509157],[70.25609853122227,23.860338251509157],[70.25609853122227,23.810338251509156]]]}},{"type":"Feature","properties":{"GRID_CODE":"GJ-KU-ABD-088","STATE":"Gujarat","DISTRICT":"Kachchh","BLOCK":"Abdasa","n_lists":0,"n_birders":0,"n_species":0,"focal_lists":0},"geometry":{"type":"Polygon","coordinates":[[[68.95609853122227,23.010338251509155],[68.90609853122227,23.010338251509155],[68.90609853122227,23.060338251509156],[68.95609853122227,23.060338251509156],[68.95609853122227,23.010338251509155]]]}},{"type":"Feature","properties":{"GRID_CODE":"GJ-KU-RAN-548","STATE":"Gujarat","DISTRICT":"Kachchh","BLOCK":"Rann of Kachchh","n_lists":0,"n_birders":0,"n_species":0,"focal_lists":0},"geometry":{"type":"Polygon","coordinates":[[[69.90609853122227,23.660338251509154],[69.85609853122227,23.660338251509154],[69.85609853122227,23.710338251509154],[69.90609853122227,23.710338251509154],[69.90609853122227,23.660338251509154]]]}},{"type":"Feature","properties":{"GRID_CODE":"GJ-KU-BHU-007","STATE":"Gujarat","DISTRICT":"Kachchh","BLOCK":"Bhuj","n_lists":0,"n_birders":0,"n_species":0,"focal_lists":0},"geometry":{"type":"Polygon","coordinates":[[[69.85609853122227,23.860338251509157],[69.80609853122226,23.860338251509157],[69.80609853122226,23.910338251509154],[69.85609853122227,23.910338251509154],[69.85609853122227,23.860338251509157]]]}},{"type":"Feature","properties":{"GRID_CODE":"GJ-KU-RAN-175","STATE":"Gujarat","DISTRICT":"Kachchh","BLOCK":"Rann of Kachchh","n_lists":0,"n_birders":0,"n_species":0,"focal_lists":0},"geometry":{"type":"Polygon","coordinates":[[[70.00609853122227,24.110338251509157],[69.95609853122227,24.110338251509157],[69.95609853122227,24.160338251509154],[70.00609853122227,24.160338251509154],[70.00609853122227,24.110338251509157]]]}},{"type":"Feature","properties":{"GRID_CODE":"GJ-KU-BHU-030","STATE":"Gujarat","DISTRICT":"Kachchh","BLOCK":"Bhuj","n_lists":4,"n_birders":1,"n_species":50,"focal_lists":3},"geometry":{"type":"Polygon","coordinates":[[[69.50609853122227,23.710338251509154],[69.45609853122227,23.710338251509154],[69.45609853122227,23.760338251509155],[69.50609853122227,23.760338251509155],[69.50609853122227,23.710338251509154]]]}},{"type":"Feature","properties":{"GRID_CODE":"GJ-KU-ABD-021","STATE":"Gujarat","DISTRICT":"Kachchh","BLOCK":"Abdasa","n_lists":5,"n_birders":1,"n_species":94,"focal_lists":3},"geometry":{"type":"Polygon","coordinates":[[[68.70609853122227,23.310338251509156],[68.65609853122227,23.310338251509156],[68.65609853122227,23.360338251509157],[68.70609853122227,23.360338251509157],[68.70609853122227,23.310338251509156]]]}},{"type":"Feature","properties":{"GRID_CODE":"GJ-KU-RAN-322","STATE":"Gujarat","DISTRICT":"Kachchh","BLOCK":"Rann of Kachchh","n_lists":0,"n_birders":0,"n_species":0,"focal_lists":0},"geometry":{"type":"Polygon","coordinates":[[[69.65609853122227,23.960338251509154],[69.60609853122227,23.960338251509154],[69.60609853122227,24.010338251509155],[69.65609853122227,24.010338251509155],[69.65609853122227,23.960338251509154]]]}},{"type":"Feature","properties":{"GRID_CODE":"GJ-KU-NAK-005","STATE":"Gujarat","DISTRICT":"Kachchh","BLOCK":"Nakhatrana","n_lists":2,"n_birders":1,"n_species":37,"focal_lists":2},"geometry":{"type":"Polygon","coordinates":[[[69.15609853122227,23.560338251509156],[69.10609853122227,23.560338251509156],[69.10609853122227,23.610338251509157],[69.15609853122227,23.610338251509157],[69.15609853122227,23.560338251509156]]]}},{"type":"Feature","properties":{"GRID_CODE":"GJ-KU-RAN-467","STATE":"Gujarat","DISTRICT":"Kachchh","BLOCK":"Rann of Kachchh","n_lists":0,"n_birders":0,"n_species":0,"focal_lists":0},"geometry":{"type":"Polygon","coordinates":[[[69.30609853122226,23.810338251509156],[69.25609853122227,23.810338251509156],[69.25609853122227,23.860338251509157],[69.30609853122226,23.860338251509157],[69.30609853122226,23.810338251509156]]]}},{"type":"Feature","properties":{"GRID_CODE":"GJ-KU-RAN-544","STATE":"Gujarat","DISTRICT":"Kachchh","BLOCK":"Rann of Kachchh","n_lists":0,"n_birders":0,"n_species":0,"focal_lists":0},"geometry":{"type":"Polygon","coordinates":[[[71.00609853122227,23.710338251509154],[70.95609853122227,23.710338251509154],[70.95609853122227,23.760338251509155],[71.00609853122227,23.760338251509155],[71.00609853122227,23.710338251509154]]]}},{"type":"Feature","properties":{"GRID_CODE":"GJ-KU-RAN-421","STATE":"Gujarat","DISTRICT":"Kachchh","BLOCK":"Rann of Kachchh","n_lists":0,"n_birders":0,"n_species":0,"focal_lists":0},"geometry":{"type":"Polygon","coordinates":[[[68.90609853122227,23.860338251509157],[68.85609853122227,23.860338251509157],[68.85609853122227,23.910338251509154],[68.90609853122227,23.910338251509154],[68.90609853122227,23.860338251509157]]]}},{"type":"Feature","properties":{"GRID_CODE":"GJ-KU-RAN-156","STATE":"Gujarat","DISTRICT":"Kachchh","BLOCK":"Rann of Kachchh","n_lists":0,"n_birders":0,"n_species":0,"focal_lists":0},"geometry":{"type":"Polygon","coordinates":[[[69.05609853122226,24.110338251509157],[69.00609853122227,24.110338251509157],[69.00609853122227,24.160338251509154],[69.05609853122226,24.160338251509154],[69.05609853122226,24.110338251509157]]]}},{"type":"Feature","properties":{"GRID_CODE":"GJ-KU-BHA-006","STATE":"Gujarat","DISTRICT":"Kachchh","BLOCK":"Bhachau","n_lists":1,"n_birders":1,"n_species":8,"focal_lists":0},"geometry":{"type":"Polygon","coordinates":[[[70.40609853122227,23.860338251509157],[70.35609853122227,23.860338251509157],[70.35609853122227,23.910338251509154],[70.40609853122227,23.910338251509154],[70.40609853122227,23.860338251509157]]]}},{"type":"Feature","properties":{"GRID_CODE":"GJ-KU-LIT-042","STATE":"Gujarat","DISTRICT":"Kachchh","BLOCK":"Little Rann","n_lists":1,"n_birders":1,"n_species":52,"focal_lists":1},"geometry":{"type":"Polygon","coordinates":[[[69.80609853122226,23.460338251509154],[69.75609853122227,23.460338251509154],[69.75609853122227,23.510338251509155],[69.80609853122226,23.510338251509155],[69.80609853122226,23.460338251509154]]]}},{"type":"Feature","properties":{"GRID_CODE":"GJ-KU-NAK-055","STATE":"Gujarat","DISTRICT":"Kachchh","BLOCK":"Nakhatrana","n_lists":0,"n_birders":0,"n_species":0,"focal_lists":0},"geometry":{"type":"Polygon","coordinates":[[[69.45609853122227,23.310338251509156],[69.40609853122227,23.310338251509156],[69.40609853122227,23.360338251509157],[69.45609853122227,23.360338251509157],[69.45609853122227,23.310338251509156]]]}},{"type":"Feature","properties":{"GRID_CODE":"GJ-KU-LIT-073","STATE":"Gujarat","DISTRICT":"Kachchh","BLOCK":"Little Rann","n_lists":0,"n_birders":0,"n_species":0,"focal_lists":0},"geometry":{"type":"Polygon","coordinates":[[[71.50609853122227,23.360338251509157],[71.45609853122227,23.360338251509157],[71.45609853122227,23.410338251509154],[71.50609853122227,23.410338251509154],[71.50609853122227,23.360338251509157]]]}},{"type":"Feature","properties":{"GRID_CODE":"GJ-KU-LIT-118","STATE":"Gujarat","DISTRICT":"Kachchh","BLOCK":"Little Rann","n_lists":0,"n_birders":0,"n_species":0,"focal_lists":0},"geometry":{"type":"Polygon","coordinates":[[[71.15609853122227,23.210338251509154],[71.10609853122227,23.210338251509154],[71.10609853122227,23.260338251509155],[71.15609853122227,23.260338251509155],[71.15609853122227,23.210338251509154]]]}},{"type":"Feature","properties":{"GRID_CODE":"GJ-KU-LIT-046","STATE":"Gujarat","DISTRICT":"Kachchh","BLOCK":"Little Rann","n_lists":0,"n_birders":0,"n_species":0,"focal_lists":0},"geometry":{"type":"Polygon","coordinates":[[[71.30609853122226,23.460338251509154],[71.25609853122227,23.460338251509154],[71.25609853122227,23.510338251509155],[71.30609853122226,23.510338251509155],[71.30609853122226,23.460338251509154]]]}},{"type":"Feature","properties":{"GRID_CODE":"GJ-KU-BHU-053","STATE":"Gujarat","DISTRICT":"Kachchh","BLOCK":"Bhuj","n_lists":4,"n_birders":1,"n_species":60,"focal_lists":3},"geometry":{"type":"Polygon","coordinates":[[[69.20609853122227,23.610338251509157],[69.15609853122227,23.610338251509157],[69.15609853122227,23.660338251509154],[69.20609853122227,23.660338251509154],[69.20609853122227,23.610338251509157]]]}},{"type":"Feature","properties":{"GRID_CODE":"GJ-KU-LIT-078","STATE":"Gujarat","DISTRICT":"Kachchh","BLOCK":"Little Rann","n_lists":0,"n_birders":0,"n_species":0,"focal_lists":0},"geometry":{"type":"Polygon","coordinates":[[[70.95609853122227,23.310338251509156],[70.90609853122227,23.310338251509156],[70.90609853122227,23.360338251509157],[70.95609853122227,23.360338251509157],[70.95609853122227,23.310338251509156]]]}},{"type":"Feature","properties":{"GRID_CODE":"GJ-KU-LAK-069","STATE":"Gujarat","DISTRICT":"Kachchh","BLOCK":"Lakhpat","n_lists":0,"n_birders":0,"n_species":0,"focal_lists":0},"geometry":{"type":"Polygon","coordinates":[[[68.85609853122227,23.460338251509154],[68.80609853122226,23.460338251509154],[68.80609853122226,23.510338251509155],[68.85609853122227,23.510338251509155],[68.85609853122227,23.460338251509154]]]}},{"type":"Feature","properties":{"GRID_CODE":"GJ-KU-RAP-068","STATE":"Gujarat","DISTRICT":"Kachchh","BLOCK":"Rapar","n_lists":0,"n_birders":0,"n_species":0,"focal_lists":0},"geometry":{"type":"Polygon","coordinates":[[[70.90609853122227,23.510338251509155],[70.85609853122227,23.510338251509155],[70.85609853122227,23.560338251509156],[70.90609853122227,23.560338251509156],[70.90609853122227,23.510338251509155]]]}},{"type":"Feature","properties":{"GRID_CODE":"GJ-KU-BHA-037","STATE":"Gujarat","DISTRICT":"Kachchh","BLOCK":"Bhachau","n_lists":1,"n_birders":1,"n_species":25,"focal_lists":1},"geometry":{"type":"Polygon","coordinates":[[[70.55609853122226,23.360338251509157],[70.50609853122227,23.360338251509157],[70.50609853122227,23.410338251509154],[70.55609853122226,23.410338251509154],[70.55609853122226,23.360338251509157]]]}},{"type":"Feature","properties":{"GRID_CODE":"GJ-KU-MUN-007","STATE":"Gujarat","DISTRICT":"Kachchh","BLOCK":"Mundra","n_lists":4,"n_birders":1,"n_species":40,"focal_lists":3},"geometry":{"type":"Polygon","coordinates":[[[69.75609853122227,22.960338251509154],[69.70609853122227,22.960338251509154],[69.70609853122227,23.010338251509155],[69.75609853122227,23.010338251509155],[69.75609853122227,22.960338251509154]]]}},{"type":"Feature","properties":{"GRID_CODE":"GJ-KU-RAP-041","STATE":"Gujarat","DISTRICT":"Kachchh","BLOCK":"Rapar","n_lists":0,"n_birders":0,"n_species":0,"focal_lists":0},"geometry":{"type":"Polygon","coordinates":[[[70.70609853122227,23.610338251509157],[70.65609853122227,23.610338251509157],[70.65609853122227,23.660338251509154],[70.70609853122227,23.660338251509154],[70.70609853122227,23.610338251509157]]]}},{"type":"Feature","properties":{"GRID_CODE":"GJ-KU-RAN-494","STATE":"Gujarat","DISTRICT":"Kachchh","BLOCK":"Rann of Kachchh","n_lists":0,"n_birders":0,"n_species":0,"focal_lists":0},"geometry":{"type":"Polygon","coordinates":[[[68.60609853122227,23.760338251509155],[68.55609853122226,23.760338251509155],[68.55609853122226,23.810338251509156],[68.60609853122227,23.810338251509156],[68.60609853122227,23.760338251509155]]]}},{"type":"Feature","properties":{"GRID_CODE":"GJ-KU-ANJ-013","STATE":"Gujarat","DISTRICT":"Kachchh","BLOCK":"Anjar","n_lists":3,"n_birders":1,"n_species":45,"focal_lists":2},"geometry":{"type":"Polygon","coordinates":[[[70.20609853122227,23.210338251509154],[70.15609853122227,23.210338251509154],[70.15609853122227,23.260338251509155],[70.20609853122227,23.260338251509155],[70.20609853122227,23.210338251509154]]]}},{"type":"Feature","properties":{"GRID_CODE":"GJ-KU-BHA-018","STATE":"Gujarat","DISTRICT":"Kachchh","BLOCK":"Bhachau","n_lists":1,"n_birders":1,"n_species":37,"focal_lists":1},"geometry":{"type":"Polygon","coordinates":[[[70.35609853122227,23.460338251509154],[70.30609853122226,23.460338251509154],[70.30609853122226,23.510338251509155],[70.35609853122227,23.510338251509155],[70.35609853122227,23.460338251509154]]]}},{"type":"Feature","properties":{"GRID_CODE":"GJ-KU-RAN-563","STATE":"Gujarat","DISTRICT":"Kachchh","BLOCK":"Rann of Kachchh","n_lists":0,"n_birders":0,"n_species":0,"focal_lists":0},"geometry":{"type":"Polygon","coordinates":[[[68.25609853122227,23.610338251509157],[68.20609853122227,23.610338251509157],[68.20609853122227,23.660338251509154],[68.25609853122227,23.660338251509154],[68.25609853122227,23.610338251509157]]]}},{"type":"Feature","properties":{"GRID_CODE":"GJ-KU-RAN-048","STATE":"Gujarat","DISTRICT":"Kachchh","BLOCK":"Rann of Kachchh","n_lists":0,"n_birders":0,"n_species":0,"focal_lists":0},"geometry":{"type":"Polygon","coordinates":[[[71.25609853122227,24.310338251509156],[71.20609853122227,24.310338251509156],[71.20609853122227,24.360338251509157],[71.25609853122227,24.360338251509157],[71.25609853122227,24.310338251509156]]]}},{"type":"Feature","properties":{"GRID_CODE":"GJ-KU-BHU-078","STATE":"Gujarat","DISTRICT":"Kachchh","BLOCK":"Bhuj","n_lists":0,"n_birders":0,"n_species":0,"focal_lists":0},"geometry":{"type":"Polygon","coordinates":[[[69.95609853122227,23.510338251509155],[69.90609853122227,23.510338251509155],[69.90609853122227,23.560338251509156],[69.95609853122227,23.560338251509156],[69.95609853122227,23.510338251509155]]]}},{"type":"Feature","properties":{"GRID_CODE":"GJ-KU-RAN-141","STATE":"Gujarat","DISTRICT":"Kachchh","BLOCK":"Rann of Kachchh","n_lists":0,"n_birders":0,"n_species":0,"focal_lists":0},"geometry":{"type":"Polygon","coordinates":[[[70.90609853122227,24.160338251509154],[70.85609853122227,24.160338251509154],[70.85609853122227,24.210338251509154],[70.90609853122227,24.210338251509154],[70.90609853122227,24.160338251509154]]]}},{"type":"Feature","properties":{"GRID_CODE":"GJ-KU-RAN-287","STATE":"Gujarat","DISTRICT":"Kachchh","BLOCK":"Rann of Kachchh","n_lists":0,"n_birders":0,"n_species":0,"focal_lists":0},"geometry":{"type":"Polygon","coordinates":[[[70.55609853122226,24.010338251509155],[70.50609853122227,24.010338251509155],[70.50609853122227,24.060338251509156],[70.55609853122226,24.060338251509156],[70.55609853122226,24.010338251509155]]]}},{"type":"Feature","properties":{"GRID_CODE":"GJ-KU-BHU-064","STATE":"Gujarat","DISTRICT":"Kachchh","BLOCK":"Bhuj","n_lists":0,"n_birders":0,"n_species":0,"focal_lists":0},"geometry":{"type":"Polygon","coordinates":[[[69.75609853122227,23.610338251509157],[69.70609853122227,23.610338251509157],[69.70609853122227,23.660338251509154],[69.75609853122227,23.660338251509154],[69.75609853122227,23.610338251509157]]]}},{"type":"Feature","properties":{"GRID_CODE":"GJ-KU-LIT-037","STATE":"Gujarat","DISTRICT":"Kachchh","BLOCK":"Little Rann","n_lists":0,"n_birders":0,"n_species":0,"focal_lists":0},"geometry":{"type":"Polygon","coordinates":[[[71.45609853122227,23.510338251509155],[71.40609853122227,23.510338251509155],[71.40609853122227,23.560338251509156],[71.45609853122227,23.560338251509156],[71.45609853122227,23.510338251509155]]]}},{"type":"Feature","properties":{"GRID_CODE":"GJ-KU-BHU-042","STATE":"Gujarat","DISTRICT":"Kachchh","BLOCK":"Bhuj","n_lists":0,"n_birders":0,"n_species":0,"focal_lists":0},"geometry":{"type":"Polygon","coordinates":[[[69.35609853122227,23.660338251509154],[69.30609853122226,23.660338251509154],[69.30609853122226,23.710338251509154],[69.35609853122227,23.710338251509154],[69.35609853122227,23.660338251509154]]]}},{"type":"Feature","properties":{"GRID_CODE":"GJ-KU-RAN-018","STATE":"Gujarat","DISTRICT":"Kachchh","BLOCK":"Rann of Kachchh","n_lists":0,"n_birders":0,"n_species":0,"focal_lists":0},"geometry":{"type":"Polygon","coordinates":[[[71.20609853122227,24.460338251509154],[71.15609853122227,24.460338251509154],[71.15609853122227,24.510338251509155],[71.20609853122227,24.510338251509155],[71.20609853122227,24.460338251509154]]]}},{"type":"Feature","properties":{"GRID_CODE":"GJ-KU-MUN-026","STATE":"Gujarat","DISTRICT":"Kachchh","BLOCK":"Mundra","n_lists":3,"n_birders":1,"n_species":63,"focal_lists":2},"geometry":{"type":"Polygon","coordinates":[[[69.60609853122227,22.810338251509156],[69.55609853122226,22.810338251509156],[69.55609853122226,22.860338251509157],[69.60609853122227,22.860338251509157],[69.60609853122227,22.810338251509156]]]}},{"type":"Feature","properties":{"GRID_CODE":"GJ-KU-ABD-093","STATE":"Gujarat","DISTRICT":"Kachchh","BLOCK":"Abdasa","n_lists":2,"n_birders":1,"n_species":30,"focal_lists":2},"geometry":{"type":"Polygon","coordinates":[[[69.00609853122227,22.960338251509154],[68.95609853122227,22.960338251509154],[68.95609853122227,23.010338251509155],[69.00609853122227,23.010338251509155],[69.00609853122227,22.960338251509154]]]}},{"type":"Feature","properties":{"GRID_CODE":"GJ-KU-LIT-160","STATE":"Gujarat","DISTRICT":"Kachchh","BLOCK":"Little Rann","n_lists":0,"n_birders":0,"n_species":0,"focal_lists":0},"geometry":{"type":"Polygon","coordinates":[[[70.85609853122227,23.110338251509157],[70.80609853122226,23.110338251509157],[70.80609853122226,23.160338251509154],[70.85609853122227,23.160338251509154],[70.85609853122227,23.110338251509157]]]}},{"type":"Feature","properties":{"GRID_CODE":"GJ-KU-ABD-034","STATE":"Gujarat","DISTRICT":"Kachchh","BLOCK":"Abdasa","n_lists":0,"n_birders":0,"n_species":0,"focal_lists":0},"geometry":{"type":"Polygon","coordinates":[[[68.75609853122227,23.260338251509155],[68.70609853122227,23.260338251509155],[68.70609853122227,23.310338251509156],[68.75609853122227,23.310338251509156],[68.75609853122227,23.260338251509155]]]}},{"type":"Feature","properties":{"GRID_CODE":"GJ-KU-LIT-185","STATE":"Gujarat","DISTRICT":"Kachchh","BLOCK":"Little Rann","n_lists":0,"n_birders":0,"n_species":0,"focal_lists":0},"geometry":{"type":"Polygon","coordinates":[[[70.50609853122227,22.960338251509154],[70.45609853122227,22.960338251509154],[70.45609853122227,23.010338251509155],[70.50609853122227,23.010338251509155],[70.50609853122227,22.960338251509154]]]}},{"type":"Feature","properties":{"GRID_CODE":"GJ-KU-GAN-005","STATE":"Gujarat","DISTRICT":"Kachchh","BLOCK":"Gandhidham","n_lists":0,"n_birders":0,"n_species":0,"focal_lists":0},"geometry":{"type":"Polygon","coordinates":[[[70.10609853122227,23.010338251509155],[70.05609853122226,23.010338251509155],[70.05609853122226,23.060338251509156],[70.10609853122227,23.060338251509156],[70.10609853122227,23.010338251509155]]]}},{"type":"Feature","properties":{"GRID_CODE":"GJ-KU-RAN-562","STATE":"Gujarat","DISTRICT":"Kachchh","BLOCK":"Rann of Kachchh","n_lists":0,"n_birders":0,"n_species":0,"focal_lists":0},"geometry":{"type":"Polygon","coordinates":[[[71.05609853122226,23.660338251509154],[71.00609853122227,23.660338251509154],[71.00609853122227,23.710338251509154],[71.05609853122226,23.710338251509154],[71.05609853122226,23.660338251509154]]]}},{"type":"Feature","properties":{"GRID_CODE":"GJ-KU-BHA-051","STATE":"Gujarat","DISTRICT":"Kachchh","BLOCK":"Bhachau","n_lists":1,"n_birders":1,"n_species":37,"focal_lists":1},"geometry":{"type":"Polygon","coordinates":[[[70.25609853122227,23.260338251509155],[70.20609853122227,23.260338251509155],[70.20609853122227,23.310338251509156],[70.25609853122227,23.310338251509156],[70.25609853122227,23.260338251509155]]]}},{"type":"Feature","properties":{"GRID_CODE":"GJ-KU-ANJ-021","STATE":"Gujarat","DISTRICT":"Kachchh","BLOCK":"Anjar","n_lists":3,"n_birders":1,"n_species":68,"focal_lists":2},"geometry":{"type":"Polygon","coordinates":[[[69.90609853122227,23.110338251509157],[69.85609853122227,23.110338251509157],[69.85609853122227,23.160338251509154],[69.90609853122227,23.160338251509154],[69.90609853122227,23.110338251509157]]]}},{"type":"Feature","properties":{"GRID_CODE":"GJ-KU-RAP-019","STATE":"Gujarat","DISTRICT":"Kachchh","BLOCK":"Rapar","n_lists":0,"n_birders":0,"n_species":0,"focal_lists":0},"geometry":{"type":"Polygon","coordinates":[[[70.85609853122227,23.760338251509155],[70.80609853122226,23.760338251509155],[70.80609853122226,23.810338251509156],[70.85609853122227,23.810338251509156],[70.85609853122227,23.760338251509155]]]}},{"type":"Feature","properties":{"GRID_CODE":"GJ-KU-RAN-363","STATE":"Gujarat","DISTRICT":"Kachchh","BLOCK":"Rann of Kachchh","n_lists":0,"n_birders":0,"n_species":0,"focal_lists":0},"geometry":{"type":"Polygon","coordinates":[[[68.75609853122227,23.910338251509154],[68.70609853122227,23.910338251509154],[68.70609853122227,23.960338251509154],[68.75609853122227,23.960338251509154],[68.75609853122227,23.910338251509154]]]}},{"type":"Feature","properties":{"GRID_CODE":"GJ-KU-MUN-003","STATE":"Gujarat","DISTRICT":"Kachchh","BLOCK":"Mundra","n_lists":3,"n_birders":1,"n_species":52,"focal_lists":2},"geometry":{"type":"Polygon","coordinates":[[[69.55609853122226,22.960338251509154],[69.50609853122227,22.960338251509154],[69.50609853122227,23.010338251509155],[69.55609853122226,23.010338251509155],[69.55609853122226,22.960338251509154]]]}},{"type":"Feature","properties":{"GRID_CODE":"GJ-KU-BHU-143","STATE":"Gujarat","DISTRICT":"Kachchh","BLOCK":"Bhuj","n_lists":1,"n_birders":1,"n_species":1,"focal_lists":0},"geometry":{"type":"Polygon","coordinates":[[[69.50609853122227,23.160338251509154],[69.45609853122227,23.160338251509154],[69.45609853122227,23.210338251509154],[69.50609853122227,23.210338251509154],[69.50609853122227,23.160338251509154]]]}},{"type":"Feature","properties":{"GRID_CODE":"GJ-KU-RAN-481","STATE":"Gujarat","DISTRICT":"Kachchh","BLOCK":"Rann of Kachchh","n_lists":0,"n_birders":0,"n_species":0,"focal_lists":0},"geometry":{"type":"Polygon","coordinates":[[[70.45609853122227,23.810338251509156],[70.40609853122227,23.810338251509156],[70.40609853122227,23.860338251509157],[70.45609853122227,23.860338251509157],[70.45609853122227,23.810338251509156]]]}},{"type":"Feature","properties":{"GRID_CODE":"GJ-KU-BHU-084","STATE":"Gujarat","DISTRICT":"Kachchh","BLOCK":"Bhuj","n_lists":1,"n_birders":1,"n_species":11,"focal_lists":0},"geometry":{"type":"Polygon","coordinates":[[[69.65609853122227,23.410338251509154],[69.60609853122227,23.410338251509154],[69.60609853122227,23.460338251509154],[69.65609853122227,23.460338251509154],[69.65609853122227,23.410338251509154]]]}},{"type":"Feature","properties":{"GRID_CODE":"GJ-KU-ABD-091","STATE":"Gujarat","DISTRICT":"Kachchh","BLOCK":"Abdasa","n_lists":3,"n_birders":1,"n_species":7,"focal_lists":3},"geometry":{"type":"Polygon","coordinates":[[[69.15609853122227,23.010338251509155],[69.10609853122227,23.010338251509155],[69.10609853122227,23.060338251509156],[69.15609853122227,23.060338251509156],[69.15609853122227,23.010338251509155]]]}},{"type":"Feature","properties":{"GRID_CODE":"GJ-KU-RAN-552","STATE":"Gujarat","DISTRICT":"Kachchh","BLOCK":"Rann of Kachchh","n_lists":0,"n_birders":0,"n_species":0,"focal_lists":0},"geometry":{"type":"Polygon","coordinates":[[[70.10609853122227,23.660338251509154],[70.05609853122226,23.660338251509154],[70.05609853122226,23.710338251509154],[70.10609853122227,23.710338251509154],[70.10609853122227,23.660338251509154]]]}},{"type":"Feature","properties":{"GRID_CODE":"GJ-KU-NAK-057","STATE":"Gujarat","DISTRICT":"Kachchh","BLOCK":"Nakhatrana","n_lists":6,"n_birders":1,"n_species":45,"focal_lists":4},"geometry":{"type":"Polygon","coordinates":[[[69.30609853122226,23.260338251509155],[69.25609853122227,23.260338251509155],[69.25609853122227,23.310338251509156],[69.30609853122226,23.310338251509156],[69.30609853122226,23.260338251509155]]]}},{"type":"Feature","properties":{"GRID_CODE":"GJ-KU-RAN-389","STATE":"Gujarat","DISTRICT":"Kachchh","BLOCK":"Rann of Kachchh","n_lists":2,"n_birders":1,"n_species":43,"focal_lists":2},"geometry":{"type":"Polygon","coordinates":[[[70.25609853122227,23.910338251509154],[70.20609853122227,23.910338251509154],[70.20609853122227,23.960338251509154],[70.25609853122227,23.960338251509154],[70.25609853122227,23.910338251509154]]]}},{"type":"Feature","properties":{"GRID_CODE":"GJ-KU-ABD-073","STATE":"Gujarat","DISTRICT":"Kachchh","BLOCK":"Abdasa","n_lists":1,"n_birders":1,"n_species":2,"focal_lists":0},"geometry":{"type":"Polygon","coordinates":[[[68.95609853122227,23.110338251509157],[68.90609853122227,23.110338251509157],[68.90609853122227,23.160338251509154],[68.95609853122227,23.160338251509154],[68.95609853122227,23.110338251509157]]]}},{"type":"Feature","properties":{"GRID_CODE":"GJ-KU-LIT-139","STATE":"Gujarat","DISTRICT":"Kachchh","BLOCK":"Little Rann","n_lists":0,"n_birders":0,"n_species":0,"focal_lists":0},"geometry":{"type":"Polygon","coordinates":[[[71.00609853122227,23.160338251509154],[70.95609853122227,23.160338251509154],[70.95609853122227,23.210338251509154],[71.00609853122227,23.210338251509154],[71.00609853122227,23.160338251509154]]]}},{"type":"Feature","properties":{"GRID_CODE":"GJ-KU-RAN-326","STATE":"Gujarat","DISTRICT":"Kachchh","BLOCK":"Rann of Kachchh","n_lists":0,"n_birders":0,"n_species":0,"focal_lists":0},"geometry":{"type":"Polygon","coordinates":[[[69.85609853122227,23.960338251509154],[69.80609853122226,23.960338251509154],[69.80609853122226,24.010338251509155],[69.85609853122227,24.010338251509155],[69.85609853122227,23.960338251509154]]]}},{"type":"Feature","properties":{"GRID_CODE":"GJ-KU-RAN-471","STATE":"Gujarat","DISTRICT":"Kachchh","BLOCK":"Rann of Kachchh","n_lists":0,"n_birders":0,"n_species":0,"focal_lists":0},"geometry":{"type":"Polygon","coordinates":[[[69.50609853122227,23.810338251509156],[69.45609853122227,23.810338251509156],[69.45609853122227,23.860338251509157],[69.50609853122227,23.860338251509157],[69.50609853122227,23.810338251509156]]]}},{"type":"Feature","properties":{"GRID_CODE":"GJ-KU-ABD-005","STATE":"Gujarat","DISTRICT":"Kachchh","BLOCK":"Abdasa","n_lists":0,"n_birders":0,"n_species":0,"focal_lists":0},"geometry":{"type":"Polygon","coordinates":[[[68.70609853122227,23.410338251509154],[68.65609853122227,23.410338251509154],[68.65609853122227,23.460338251509154],[68.70609853122227,23.460338251509154],[68.70609853122227,23.410338251509154]]]}},{"type":"Feature","properties":{"GRID_CODE":"GJ-KU-RAN-218","STATE":"Gujarat","DISTRICT":"Kachchh","BLOCK":"Rann of Kachchh","n_lists":2,"n_birders":1,"n_species":4,"focal_lists":0},"geometry":{"type":"Polygon","coordinates":[[[69.65609853122227,24.060338251509156],[69.60609853122227,24.060338251509156],[69.60609853122227,24.110338251509157],[69.65609853122227,24.110338251509157],[69.65609853122227,24.060338251509156]]]}},{"type":"Feature","properties":{"GRID_CODE":"GJ-KU-LAK-029","STATE":"Gujarat","DISTRICT":"Kachchh","BLOCK":"Lakhpat","n_lists":0,"n_birders":0,"n_species":0,"focal_lists":0},"geometry":{"type":"Polygon","coordinates":[[[69.15609853122227,23.660338251509154],[69.10609853122227,23.660338251509154],[69.10609853122227,23.710338251509154],[69.15609853122227,23.710338251509154],[69.15609853122227,23.660338251509154]]]}},{"type":"Feature","properties":{"GRID_CODE":"GJ-KU-RAN-374","STATE":"Gujarat","DISTRICT":"Kachchh","BLOCK":"Rann of Kachchh","n_lists":0,"n_birders":0,"n_species":0,"focal_lists":0},"geometry":{"type":"Polygon","coordinates":[[[69.30609853122226,23.910338251509154],[69.25609853122227,23.910338251509154],[69.25609853122227,23.960338251509154],[69.30609853122226,23.960338251509154],[69.30609853122226,23.910338251509154]]]}},{"type":"Feature","properties":{"GRID_CODE":"GJ-KU-RAN-160","STATE":"Gujarat","DISTRICT":"Kachchh","BLOCK":"Rann of Kachchh","n_lists":0,"n_birders":0,"n_species":0,"focal_lists":0},"geometry":{"type":"Polygon","coordinates":[[[69.25609853122227,24.110338251509157],[69.20609853122227,24.110338251509157],[69.20609853122227,24.160338251509154],[69.25609853122227,24.160338251509154],[69.25609853122227,24.110338251509157]]]}},{"type":"Feature","properties":{"GRID_CODE":"GJ-KU-RAN-486","STATE":"Gujarat","DISTRICT":"Kachchh","BLOCK":"Rann of Kachchh","n_lists":0,"n_birders":0,"n_species":0,"focal_lists":0},"geometry":{"type":"Polygon","coordinates":[[[71.00609853122227,23.810338251509156],[70.95609853122227,23.810338251509156],[70.95609853122227,23.860338251509157],[71.00609853122227,23.860338251509157],[71.00609853122227,23.810338251509156]]]}},{"type":"Feature","properties":{"GRID_CODE":"GJ-KU-RAN-307","STATE":"Gujarat","DISTRICT":"Kachchh","BLOCK":"Rann of Kachchh","n_lists":0,"n_birders":0,"n_species":0,"focal_lists":0},"geometry":{"type":"Polygon","coordinates":[[[68.90609853122227,23.960338251509154],[68.85609853122227,23.960338251509154],[68.85609853122227,24.010338251509155],[68.90609853122227,24.010338251509155],[68.90609853122227,23.960338251509154]]]}},{"type":"Feature","properties":{"GRID_CODE":"GJ-KU-RAN-075","STATE":"Gujarat","DISTRICT":"Kachchh","BLOCK":"Rann of Kachchh","n_lists":0,"n_birders":0,"n_species":0,"focal_lists":0},"geometry":{"type":"Polygon","coordinates":[[[69.05609853122226,24.210338251509154],[69.00609853122227,24.210338251509154],[69.00609853122227,24.260338251509155],[69.05609853122226,24.260338251509155],[69.05609853122226,24.210338251509154]]]}},{"type":"Feature","properties":{"GRID_CODE":"GJ-KU-RAN-190","STATE":"Gujarat","DISTRICT":"Kachchh","BLOCK":"Rann of Kachchh","n_lists":0,"n_birders":0,"n_species":0,"focal_lists":0},"geometry":{"type":"Polygon","coordinates":[[[70.75609853122227,24.110338251509157],[70.70609853122227,24.110338251509157],[70.70609853122227,24.160338251509154],[70.75609853122227,24.160338251509154],[70.75609853122227,24.110338251509157]]]}},{"type":"Feature","properties":{"GRID_CODE":"GJ-KU-RAN-337","STATE":"Gujarat","DISTRICT":"Kachchh","BLOCK":"Rann of Kachchh","n_lists":0,"n_birders":0,"n_species":0,"focal_lists":0},"geometry":{"type":"Polygon","coordinates":[[[70.40609853122227,23.960338251509154],[70.35609853122227,23.960338251509154],[70.35609853122227,24.010338251509155],[70.40609853122227,24.010338251509155],[70.40609853122227,23.960338251509154]]]}},{"type":"Feature","properties":{"GRID_CODE":"GJ-KU-MUN-013","STATE":"Gujarat","DISTRICT":"Kachchh","BLOCK":"Mundra","n_lists":0,"n_birders":0,"n_species":0,"focal_lists":0},"geometry":{"type":"Polygon","coordinates":[[[69.80609853122226,22.910338251509154],[69.75609853122227,22.910338251509154],[69.75609853122227,22.960338251509154],[69.80609853122226,22.960338251509154],[69.80609853122226,22.910338251509154]]]}},{"type":"Feature","properties":{"GRID_CODE":"GJ-KU-MAN-052","STATE":"Gujarat","DISTRICT":"Kachchh","BLOCK":"Mandvi","n_lists":4,"n_birders":1,"n_species":87,"focal_lists":3},"geometry":{"type":"Polygon","coordinates":[[[69.45609853122227,22.760338251509155],[69.40609853122227,22.760338251509155],[69.40609853122227,22.810338251509156],[69.45609853122227,22.810338251509156],[69.45609853122227,22.760338251509155]]]}},{"type":"Feature","properties":{"GRID_CODE":"GJ-KU-BHU-071","STATE":"Gujarat","DISTRICT":"Kachchh","BLOCK":"Bhuj","n_lists":0,"n_birders":0,"n_species":0,"focal_lists":0},"geometry":{"type":"Polygon","coordinates":[[[69.80609853122226,23.560338251509156],[69.75609853122227,23.560338251509156],[69.75609853122227,23.610338251509157],[69.80609853122226,23.610338251509157],[69.80609853122226,23.560338251509156]]]}},{"type":"Feature","properties":{"GRID_CODE":"GJ-KU-LIT-050","STATE":"Gujarat","DISTRICT":"Kachchh","BLOCK":"Little Rann","n_lists":0,"n_birders":0,"n_species":0,"focal_lists":0},"geometry":{"type":"Polygon","coordinates":[[[71.50609853122227,23.460338251509154],[71.45609853122227,23.460338251509154],[71.45609853122227,23.510338251509155],[71.50609853122227,23.510338251509155],[71.50609853122227,23.460338251509154]]]}},{"type":"Feature","properties":{"GRID_CODE":"GJ-KU-LIT-082","STATE":"Gujarat","DISTRICT":"Kachchh","BLOCK":"Little Rann","n_lists":0,"n_birders":0,"n_species":0,"focal_lists":0},"geometry":{"type":"Polygon","coordinates":[[[71.15609853122227,23.310338251509156],[71.10609853122227,23.310338251509156],[71.10609853122227,23.360338251509157],[71.15609853122227,23.360338251509157],[71.15609853122227,23.310338251509156]]]}},{"type":"Feature","properties":{"GRID_CODE":"GJ-KU-LIT-187","STATE":"Gujarat","DISTRICT":"Kachchh","BLOCK":"Little Rann","n_lists":0,"n_birders":0,"n_species":0,"focal_lists":0},"geometry":{"type":"Polygon","coordinates":[[[70.35609853122227,22.910338251509154],[70.30609853122226,22.910338251509154],[70.30609853122226,22.960338251509154],[70.35609853122227,22.960338251509154],[70.35609853122227,22.910338251509154]]]}},{"type":"Feature","properties":{"GRID_CODE":"GJ-KU-LIT-019","STATE":"Gujarat","DISTRICT":"Kachchh","BLOCK":"Little Rann","n_lists":0,"n_birders":0,"n_species":0,"focal_lists":0},"geometry":{"type":"Polygon","coordinates":[[[71.30609853122226,23.560338251509156],[71.25609853122227,23.560338251509156],[71.25609853122227,23.610338251509157],[71.30609853122226,23.610338251509157],[71.30609853122226,23.560338251509156]]]}},{"type":"Feature","properties":{"GRID_CODE":"GJ-KU-BHU-024","STATE":"Gujarat","DISTRICT":"Kachchh","BLOCK":"Bhuj","n_lists":3,"n_birders":1,"n_species":82,"focal_lists":3},"geometry":{"type":"Polygon","coordinates":[[[69.20609853122227,23.710338251509154],[69.15609853122227,23.710338251509154],[69.15609853122227,23.760338251509155],[69.20609853122227,23.760338251509155],[69.20609853122227,23.710338251509154]]]}},{"type":"Feature","properties":{"GRID_CODE":"GJ-KU-LAK-051","STATE":"Gujarat","DISTRICT":"Kachchh","BLOCK":"Lakhpat","n_lists":1,"n_birders":1,"n_species":19,"focal_lists":0},"geometry":{"type":"Polygon","coordinates":[[[68.85609853122227,23.560338251509156],[68.80609853122226,23.560338251509156],[68.80609853122226,23.610338251509157],[68.85609853122227,23.610338251509157],[68.85609853122227,23.560338251509156]]]}},{"type":"Feature","properties":{"GRID_CODE":"GJ-KU-RAP-045","STATE":"Gujarat","DISTRICT":"Kachchh","BLOCK":"Rapar","n_lists":2,"n_birders":1,"n_species":2,"focal_lists":2},"geometry":{"type":"Polygon","coordinates":[[[70.90609853122227,23.610338251509157],[70.85609853122227,23.610338251509157],[70.85609853122227,23.660338251509154],[70.90609853122227,23.660338251509154],[70.90609853122227,23.610338251509157]]]}},{"type":"Feature","properties":{"GRID_CODE":"GJ-KU-BHA-022","STATE":"Gujarat","DISTRICT":"Kachchh","BLOCK":"Bhachau","n_lists":3,"n_birders":1,"n_species":39,"focal_lists":3},"geometry":{"type":"Polygon","coordinates":[[[70.55609853122226,23.460338251509154],[70.50609853122227,23.460338251509154],[70.50609853122227,23.510338251509155],[70.55609853122226,23.510338251509155],[70.55609853122226,23.460338251509154]]]}},{"type":"Feature","properties":{"GRID_CODE":"GJ-KU-BHU-165","STATE":"Gujarat","DISTRICT":"Kachchh","BLOCK":"Bhuj","n_lists":2,"n_birders":1,"n_species":50,"focal_lists":2},"geometry":{"type":"Polygon","coordinates":[[[69.75609853122227,23.060338251509156],[69.70609853122227,23.060338251509156],[69.70609853122227,23.110338251509157],[69.75609853122227,23.110338251509157],[69.75609853122227,23.060338251509156]]]}},{"type":"Feature","properties":{"GRID_CODE":"GJ-KU-RAP-024","STATE":"Gujarat","DISTRICT":"Kachchh","BLOCK":"Rapar","n_lists":1,"n_birders":1,"n_species":33,"focal_lists":1},"geometry":{"type":"Polygon","coordinates":[[[70.70609853122227,23.710338251509154],[70.65609853122227,23.710338251509154],[70.65609853122227,23.760338251509155],[70.70609853122227,23.760338251509155],[70.70609853122227,23.710338251509154]]]}},{"type":"Feature","properties":{"GRID_CODE":"GJ-KU-RAN-415","STATE":"Gujarat","DISTRICT":"Kachchh","BLOCK":"Rann of Kachchh","n_lists":0,"n_birders":0,"n_species":0,"focal_lists":0},"geometry":{"type":"Polygon","coordinates":[[[68.60609853122227,23.860338251509157],[68.55609853122226,23.860338251509157],[68.55609853122226,23.910338251509154],[68.60609853122227,23.910338251509154],[68.60609853122227,23.860338251509157]]]}},{"type":"Feature","properties":{"GRID_CODE":"GJ-KU-ANJ-005","STATE":"Gujarat","DISTRICT":"Kachchh","BLOCK":"Anjar","n_lists":3,"n_birders":1,"n_species":41,"focal_lists":1},"geometry":{"type":"Polygon","coordinates":[[[70.20609853122227,23.310338251509156],[70.15609853122227,23.310338251509156],[70.15609853122227,23.360338251509157],[70.20609853122227,23.360338251509157],[70.20609853122227,23.310338251509156]]]}},{"type":"Feature","properties":{"GRID_CODE":"GJ-KU-RAN-585","STATE":"Gujarat","DISTRICT":"Kachchh","BLOCK":"Rann of Kachchh","n_lists":0,"n_birders":0,"n_species":0,"focal_lists":0},"geometry":{"type":"Polygon","coordinates":[[[70.35609853122227,23.560338251509156],[70.30609853122226,23.560338251509156],[70.30609853122226,23.610338251509157],[70.35609853122227,23.610338251509157],[70.35609853122227,23.560338251509156]]]}},{"type":"Feature","properties":{"GRID_CODE":"GJ-KU-RAN-523","STATE":"Gujarat","DISTRICT":"Kachchh","BLOCK":"Rann of Kachchh","n_lists":0,"n_birders":0,"n_species":0,"focal_lists":0},"geometry":{"type":"Polygon","coordinates":[[[68.25609853122227,23.710338251509154],[68.20609853122227,23.710338251509154],[68.20609853122227,23.760338251509155],[68.25609853122227,23.760338251509155],[68.25609853122227,23.710338251509154]]]}},{"type":"Feature","properties":{"GRID_CODE":"GJ-KU-RAN-026","STATE":"Gujarat","DISTRICT":"Kachchh","BLOCK":"Rann of Kachchh","n_lists":0,"n_birders":0,"n_species":0,"focal_lists":0},"geometry":{"type":"Polygon","coordinates":[[[71.25609853122227,24.410338251509154],[71.20609853122227,24.410338251509154],[71.20609853122227,24.460338251509154],[71.25609853122227,24.460338251509154],[71.25609853122227,24.410338251509154]]]}},{"type":"Feature","properties":{"GRID_CODE":"GJ-KU-RAN-566","STATE":"Gujarat","DISTRICT":"Kachchh","BLOCK":"Rann of Kachchh","n_lists":0,"n_birders":0,"n_species":0,"focal_lists":0},"geometry":{"type":"Polygon","coordinates":[[[69.95609853122227,23.610338251509157],[69.90609853122227,23.610338251509157],[69.90609853122227,23.660338251509154],[69.95609853122227,23.660338251509154],[69.95609853122227,23.610338251509157]]]}},{"type":"Feature","properties":{"GRID_CODE":"GJ-KU-BHU-035","STATE":"Gujarat","DISTRICT":"Kachchh","BLOCK":"Bhuj","n_lists":0,"n_birders":0,"n_species":0,"focal_lists":0},"geometry":{"type":"Polygon","coordinates":[[[69.75609853122227,23.710338251509154],[69.70609853122227,23.710338251509154],[69.70609853122227,23.760338251509155],[69.75609853122227,23.760338251509155],[69.75609853122227,23.710338251509154]]]}},{"type":"Feature","properties":{"GRID_CODE":"GJ-KU-RAN-501","STATE":"Gujarat","DISTRICT":"Kachchh","BLOCK":"Rann of Kachchh","n_lists":4,"n_birders":1,"n_species":85,"focal_lists":2},"geometry":{"type":"Polygon","coordinates":[[[69.35609853122227,23.760338251509155],[69.30609853122226,23.760338251509155],[69.30609853122226,23.810338251509156],[69.35609853122227,23.810338251509156],[69.35609853122227,23.760338251509155]]]}},{"type":"Feature","properties":{"GRID_CODE":"GJ-KU-RAN-007","STATE":"Gujarat","DISTRICT":"Kachchh","BLOCK":"Rann of Kachchh","n_lists":0,"n_birders":0,"n_species":0,"focal_lists":0},"geometry":{"type":"Polygon","coordinates":[[[71.20609853122227,24.560338251509156],[71.15609853122227,24.560338251509156],[71.15609853122227,24.610338251509157],[71.20609853122227,24.610338251509157],[71.20609853122227,24.560338251509156]]]}},{"type":"Feature","properties":{"GRID_CODE":"GJ-KU-ABD-082","STATE":"Gujarat","DISTRICT":"Kachchh","BLOCK":"Abdasa","n_lists":0,"n_birders":0,"n_species":0,"focal_lists":0},"geometry":{"type":"Polygon","coordinates":[[[69.00609853122227,23.060338251509156],[68.95609853122227,23.060338251509156],[68.95609853122227,23.110338251509157],[69.00609853122227,23.110338251509157],[69.00609853122227,23.060338251509156]]]}},{"type":"Feature","properties":{"GRID_CODE":"GJ-KU-LIT-112","STATE":"Gujarat","DISTRICT":"Kachchh","BLOCK":"Little Rann","n_lists":0,"n_birders":0,"n_species":0,"focal_lists":0},"geometry":{"type":"Polygon","coordinates":[[[70.85609853122227,23.210338251509154],[70.80609853122226,23.210338251509154],[70.80609853122226,23.260338251509155],[70.85609853122227,23.260338251509155],[70.85609853122227,23.210338251509154]]]}},{"type":"Feature","properties":{"GRID_CODE":"GJ-KU-ABD-013","STATE":"Gujarat","DISTRICT":"Kachchh","BLOCK":"Abdasa","n_lists":4,"n_birders":1,"n_species":56,"focal_lists":2},"geometry":{"type":"Polygon","coordinates":[[[68.75609853122227,23.360338251509157],[68.70609853122227,23.360338251509157],[68.70609853122227,23.410338251509154],[68.75609853122227,23.410338251509154],[68.75609853122227,23.360338251509157]]]}},{"type":"Feature","properties":{"GRID_CODE":"GJ-KU-LIT-168","STATE":"Gujarat","DISTRICT":"Kachchh","BLOCK":"Little Rann","n_lists":0,"n_birders":0,"n_species":0,"focal_lists":0},"geometry":{"type":"Polygon","coordinates":[[[70.50609853122227,23.060338251509156],[70.45609853122227,23.060338251509156],[70.45609853122227,23.110338251509157],[70.50609853122227,23.110338251509157],[70.50609853122227,23.060338251509156]]]}},{"type":"Feature","properties":{"GRID_CODE":"GJ-KU-BHA-055","STATE":"Gujarat","DISTRICT":"Kachchh","BLOCK":"Bhachau","n_lists":1,"n_birders":1,"n_species":1,"focal_lists":0},"geometry":{"type":"Polygon","coordinates":[[[70.45609853122227,23.260338251509155],[70.40609853122227,23.260338251509155],[70.40609853122227,23.310338251509156],[70.45609853122227,23.310338251509156],[70.45609853122227,23.260338251509155]]]}},{"type":"Feature","properties":{"GRID_CODE":"GJ-KU-ANJ-025","STATE":"Gujarat","DISTRICT":"Kachchh","BLOCK":"Anjar","n_lists":2,"n_birders":1,"n_species":41,"focal_lists":0},"geometry":{"type":"Polygon","coordinates":[[[70.10609853122227,23.110338251509157],[70.05609853122226,23.110338251509157],[70.05609853122226,23.160338251509154],[70.10609853122227,23.160338251509154],[70.10609853122227,23.110338251509157]]]}},{"type":"Feature","properties":{"GRID_CODE":"GJ-KU-RAN-522","STATE":"Gujarat","DISTRICT":"Kachchh","BLOCK":"Rann of Kachchh","n_lists":0,"n_birders":0,"n_species":0,"focal_lists":0},"geometry":{"type":"Polygon","coordinates":[[[71.05609853122226,23.760338251509155],[71.00609853122227,23.760338251509155],[71.00609853122227,23.810338251509156],[71.05609853122226,23.810338251509156],[71.05609853122226,23.760338251509155]]]}},{"type":"Feature","properties":{"GRID_CODE":"GJ-KU-BHA-031","STATE":"Gujarat","DISTRICT":"Kachchh","BLOCK":"Bhachau","n_lists":0,"n_birders":0,"n_species":0,"focal_lists":0},"geometry":{"type":"Polygon","coordinates":[[[70.25609853122227,23.360338251509157],[70.20609853122227,23.360338251509157],[70.20609853122227,23.410338251509154],[70.25609853122227,23.410338251509154],[70.25609853122227,23.360338251509157]]]}},{"type":"Feature","properties":{"GRID_CODE":"GJ-KU-BHU-139","STATE":"Gujarat","DISTRICT":"Kachchh","BLOCK":"Bhuj","n_lists":3,"n_birders":1,"n_species":40,"focal_lists":3},"geometry":{"type":"Polygon","coordinates":[[[69.90609853122227,23.210338251509154],[69.85609853122227,23.210338251509154],[69.85609853122227,23.260338251509155],[69.90609853122227,23.260338251509155],[69.90609853122227,23.210338251509154]]]}},{"type":"Feature","properties":{"GRID_CODE":"GJ-KU-BHU-119","STATE":"Gujarat","DISTRICT":"Kachchh","BLOCK":"Bhuj","n_lists":0,"n_birders":0,"n_species":0,"focal_lists":0},"geometry":{"type":"Polygon","coordinates":[[[69.50609853122227,23.260338251509155],[69.45609853122227,23.260338251509155],[69.45609853122227,23.310338251509156],[69.50609853122227,23.310338251509156],[69.50609853122227,23.260338251509155]]]}},{"type":"Feature","properties":{"GRID_CODE":"GJ-KU-RAN-393","STATE":"Gujarat","DISTRICT":"Kachchh","BLOCK":"Rann of Kachchh","n_lists":0,"n_birders":0,"n_species":0,"focal_lists":0},"geometry":{"type":"Polygon","coordinates":[[[70.45609853122227,23.910338251509154],[70.40609853122227,23.910338251509154],[70.40609853122227,23.960338251509154],[70.45609853122227,23.960338251509154],[70.45609853122227,23.910338251509154]]]}},{"type":"Feature","properties":{"GRID_CODE":"GJ-KU-LIT-027","STATE":"Gujarat","DISTRICT":"Kachchh","BLOCK":"Little Rann","n_lists":0,"n_birders":0,"n_species":0,"focal_lists":0},"geometry":{"type":"Polygon","coordinates":[[[69.65609853122227,23.510338251509155],[69.60609853122227,23.510338251509155],[69.60609853122227,23.560338251509156],[69.65609853122227,23.560338251509156],[69.65609853122227,23.510338251509155]]]}},{"type":"Feature","properties":{"GRID_CODE":"GJ-KU-ABD-077","STATE":"Gujarat","DISTRICT":"Kachchh","BLOCK":"Abdasa","n_lists":0,"n_birders":0,"n_species":0,"focal_lists":0},"geometry":{"type":"Polygon","coordinates":[[[69.15609853122227,23.110338251509157],[69.10609853122227,23.110338251509157],[69.10609853122227,23.160338251509154],[69.15609853122227,23.160338251509154],[69.15609853122227,23.110338251509157]]]}},{"type":"Feature","properties":{"GRID_CODE":"GJ-KU-RAN-509","STATE":"Gujarat","DISTRICT":"Kachchh","BLOCK":"Rann of Kachchh","n_lists":0,"n_birders":0,"n_species":0,"focal_lists":0},"geometry":{"type":"Polygon","coordinates":[[[70.10609853122227,23.760338251509155],[70.05609853122226,23.760338251509155],[70.05609853122226,23.810338251509156],[70.10609853122227,23.810338251509156],[70.10609853122227,23.760338251509155]]]}},{"type":"Feature","properties":{"GRID_CODE":"GJ-KU-NAK-045","STATE":"Gujarat","DISTRICT":"Kachchh","BLOCK":"Nakhatrana","n_lists":0,"n_birders":0,"n_species":0,"focal_lists":0},"geometry":{"type":"Polygon","coordinates":[[[69.30609853122226,23.360338251509157],[69.25609853122227,23.360338251509157],[69.25609853122227,23.410338251509154],[69.30609853122226,23.410338251509154],[69.30609853122226,23.360338251509157]]]}},{"type":"Feature","properties":{"GRID_CODE":"GJ-KU-RAN-281","STATE":"Gujarat","DISTRICT":"Kachchh","BLOCK":"Rann of Kachchh","n_lists":0,"n_birders":0,"n_species":0,"focal_lists":0},"geometry":{"type":"Polygon","coordinates":[[[70.25609853122227,24.010338251509155],[70.20609853122227,24.010338251509155],[70.20609853122227,24.060338251509156],[70.25609853122227,24.060338251509156],[70.25609853122227,24.010338251509155]]]}},{"type":"Feature","properties":{"GRID_CODE":"GJ-KU-ABD-050","STATE":"Gujarat","DISTRICT":"Kachchh","BLOCK":"Abdasa","n_lists":0,"n_birders":0,"n_species":0,"focal_lists":0},"geometry":{"type":"Polygon","coordinates":[[[68.95609853122227,23.210338251509154],[68.90609853122227,23.210338251509154],[68.90609853122227,23.260338251509155],[68.95609853122227,23.260338251509155],[68.95609853122227,23.210338251509154]]]}},{"type":"Feature","properties":{"GRID_CODE":"GJ-KU-LIT-096","STATE":"Gujarat","DISTRICT":"Kachchh","BLOCK":"Little Rann","n_lists":0,"n_birders":0,"n_species":0,"focal_lists":0},"geometry":{"type":"Polygon","coordinates":[[[71.00609853122227,23.260338251509155],[70.95609853122227,23.260338251509155],[70.95609853122227,23.310338251509156],[71.00609853122227,23.310338251509156],[71.00609853122227,23.260338251509155]]]}},{"type":"Feature","properties":{"GRID_CODE":"GJ-KU-ABD-009","STATE":"Gujarat","DISTRICT":"Kachchh","BLOCK":"Abdasa","n_lists":0,"n_birders":0,"n_species":0,"focal_lists":0},"geometry":{"type":"Polygon","coordinates":[[[68.90609853122227,23.410338251509154],[68.85609853122227,23.410338251509154],[68.85609853122227,23.460338251509154],[68.90609853122227,23.460338251509154],[68.90609853122227,23.410338251509154]]]}},{"type":"Feature","properties":{"GRID_CODE":"GJ-KU-RAN-222","STATE":"Gujarat","DISTRICT":"Kachchh","BLOCK":"Rann of Kachchh","n_lists":0,"n_birders":0,"n_species":0,"focal_lists":0},"geometry":{"type":"Polygon","coordinates":[[[69.85609853122227,24.060338251509156],[69.80609853122226,24.060338251509156],[69.80609853122226,24.110338251509157],[69.85609853122227,24.110338251509157],[69.85609853122227,24.060338251509156]]]}},{"type":"Feature","properties":{"GRID_CODE":"GJ-KU-LAK-027","STATE":"Gujarat","DISTRICT":"Kachchh","BLOCK":"Lakhpat","n_lists":3,"n_birders":1,"n_species":49,"focal_lists":2},"geometry":{"type":"Polygon","coordinates":[[[69.05609853122226,23.660338251509154],[69.00609853122227,23.660338251509154],[69.00609853122227,23.710338251509154],[69.05609853122226,23.710338251509154],[69.05609853122226,23.660338251509154]]]}},{"type":"Feature","properties":{"GRID_CODE":"GJ-KU-RAN-378","STATE":"Gujarat","DISTRICT":"Kachchh","BLOCK":"Rann of Kachchh","n_lists":0,"n_birders":0,"n_species":0,"focal_lists":0},"geometry":{"type":"Polygon","coordinates":[[[69.50609853122227,23.910338251509154],[69.45609853122227,23.910338251509154],[69.45609853122227,23.960338251509154],[69.50609853122227,23.960338251509154],[69.50609853122227,23.910338251509154]]]}},{"type":"Feature","properties":{"GRID_CODE":"GJ-KU-LAK-058","STATE":"Gujarat","DISTRICT":"Kachchh","BLOCK":"Lakhpat","n_lists":2,"n_birders":1,"n_species":31,"focal_lists":2},"geometry":{"type":"Polygon","coordinates":[[[68.70609853122227,23.510338251509155],[68.65609853122227,23.510338251509155],[68.65609853122227,23.560338251509156],[68.70609853122227,23.560338251509156],[68.70609853122227,23.510338251509155]]]}},{"type":"Feature","properties":{"GRID_CODE":"GJ-KU-RAN-123","STATE":"Gujarat","DISTRICT":"Kachchh","BLOCK":"Rann of Kachchh","n_lists":0,"n_birders":0,"n_species":0,"focal_lists":0},"geometry":{"type":"Polygon","coordinates":[[[69.65609853122227,24.160338251509154],[69.60609853122227,24.160338251509154],[69.60609853122227,24.210338251509154],[69.65609853122227,24.210338251509154],[69.65609853122227,24.160338251509154]]]}},{"type":"Feature","properties":{"GRID_CODE":"GJ-KU-BHA-025","STATE":"Gujarat","DISTRICT":"Kachchh","BLOCK":"Bhachau","n_lists":0,"n_birders":0,"n_species":0,"focal_lists":0},"geometry":{"type":"Polygon","coordinates":[[[70.40609853122227,23.410338251509154],[70.35609853122227,23.410338251509154],[70.35609853122227,23.460338251509154],[70.40609853122227,23.460338251509154],[70.40609853122227,23.410338251509154]]]}},{"type":"Feature","properties":{"GRID_CODE":"GJ-KU-RAN-079","STATE":"Gujarat","DISTRICT":"Kachchh","BLOCK":"Rann of Kachchh","n_lists":0,"n_birders":0,"n_species":0,"focal_lists":0},"geometry":{"type":"Polygon","coordinates":[[[69.25609853122227,24.210338251509154],[69.20609853122227,24.210338251509154],[69.20609853122227,24.260338251509155],[69.25609853122227,24.260338251509155],[69.25609853122227,24.210338251509154]]]}},{"type":"Feature","properties":{"GRID_CODE":"GJ-KU-RAN-402","STATE":"Gujarat","DISTRICT":"Kachchh","BLOCK":"Rann of Kachchh","n_lists":0,"n_birders":0,"n_species":0,"focal_lists":0},"geometry":{"type":"Polygon","coordinates":[[[71.00609853122227,23.910338251509154],[70.95609853122227,23.910338251509154],[70.95609853122227,23.960338251509154],[71.00609853122227,23.960338251509154],[71.00609853122227,23.910338251509154]]]}},{"type":"Feature","properties":{"GRID_CODE":"GJ-KU-RAN-203","STATE":"Gujarat","DISTRICT":"Kachchh","BLOCK":"Rann of Kachchh","n_lists":0,"n_birders":0,"n_species":0,"focal_lists":0},"geometry":{"type":"Polygon","coordinates":[[[68.90609853122227,24.060338251509156],[68.85609853122227,24.060338251509156],[68.85609853122227,24.110338251509157],[68.90609853122227,24.110338251509157],[68.90609853122227,24.060338251509156]]]}},{"type":"Feature","properties":{"GRID_CODE":"GJ-KU-RAN-233","STATE":"Gujarat","DISTRICT":"Kachchh","BLOCK":"Rann of Kachchh","n_lists":0,"n_birders":0,"n_species":0,"focal_lists":0},"geometry":{"type":"Polygon","coordinates":[[[70.40609853122227,24.060338251509156],[70.35609853122227,24.060338251509156],[70.35609853122227,24.110338251509157],[70.40609853122227,24.110338251509157],[70.40609853122227,24.060338251509156]]]}},{"type":"Feature","properties":{"GRID_CODE":"GJ-KU-MUN-002","STATE":"Gujarat","DISTRICT":"Kachchh","BLOCK":"Mundra","n_lists":1,"n_birders":1,"n_species":38,"focal_lists":1},"geometry":{"type":"Polygon","coordinates":[[[69.80609853122226,23.010338251509155],[69.75609853122227,23.010338251509155],[69.75609853122227,23.060338251509156],[69.80609853122226,23.060338251509156],[69.80609853122226,23.010338251509155]]]}},{"type":"Feature","properties":{"GRID_CODE":"GJ-KU-MAN-043","STATE":"Gujarat","DISTRICT":"Kachchh","BLOCK":"Mandvi","n_lists":1,"n_birders":1,"n_species":28,"focal_lists":1},"geometry":{"type":"Polygon","coordinates":[[[69.45609853122227,22.860338251509157],[69.40609853122227,22.860338251509157],[69.40609853122227,22.910338251509154],[69.45609853122227,22.910338251509154],[69.45609853122227,22.860338251509157]]]}},{"type":"Feature","properties":{"GRID_CODE":"GJ-KU-ABD-067","STATE":"Gujarat","DISTRICT":"Kachchh","BLOCK":"Abdasa","n_lists":3,"n_birders":1,"n_species":62,"focal_lists":3},"geometry":{"type":"Polygon","coordinates":[[[69.20609853122227,23.160338251509154],[69.15609853122227,23.160338251509154],[69.15609853122227,23.210338251509154],[69.20609853122227,23.210338251509154],[69.20609853122227,23.160338251509154]]]}},{"type":"Feature","properties":{"GRID_CODE":"GJ-KU-ABD-086","STATE":"Gujarat","DISTRICT":"Kachchh","BLOCK":"Abdasa","n_lists":0,"n_birders":0,"n_species":0,"focal_lists":0},"geometry":{"type":"Polygon","coordinates":[[[68.85609853122227,23.010338251509155],[68.80609853122226,23.010338251509155],[68.80609853122226,23.060338251509156],[68.85609853122227,23.060338251509156],[68.85609853122227,23.010338251509155]]]}},{"type":"Feature","properties":{"GRID_CODE":"GJ-KU-BHU-051","STATE":"Gujarat","DISTRICT":"Kachchh","BLOCK":"Bhuj","n_lists":0,"n_birders":0,"n_species":0,"focal_lists":0},"geometry":{"type":"Polygon","coordinates":[[[69.80609853122226,23.660338251509154],[69.75609853122227,23.660338251509154],[69.75609853122227,23.710338251509154],[69.80609853122226,23.710338251509154],[69.80609853122226,23.660338251509154]]]}},{"type":"Feature","properties":{"GRID_CODE":"GJ-KU-LIT-191","STATE":"Gujarat","DISTRICT":"Kachchh","BLOCK":"Little Rann","n_lists":0,"n_birders":0,"n_species":0,"focal_lists":0},"geometry":{"type":"Polygon","coordinates":[[[70.55609853122226,22.910338251509154],[70.50609853122227,22.910338251509154],[70.50609853122227,22.960338251509154],[70.55609853122226,22.960338251509154],[70.55609853122226,22.910338251509154]]]}},{"type":"Feature","properties":{"GRID_CODE":"GJ-KU-LIT-133","STATE":"Gujarat","DISTRICT":"Kachchh","BLOCK":"Little Rann","n_lists":0,"n_birders":0,"n_species":0,"focal_lists":0},"geometry":{"type":"Polygon","coordinates":[[[70.70609853122227,23.160338251509154],[70.65609853122227,23.160338251509154],[70.65609853122227,23.210338251509154],[70.70609853122227,23.210338251509154],[70.70609853122227,23.160338251509154]]]}},{"type":"Feature","properties":{"GRID_CODE":"GJ-KU-LIT-053","STATE":"Gujarat","DISTRICT":"Kachchh","BLOCK":"Little Rann","n_lists":0,"n_birders":0,"n_species":0,"focal_lists":0},"geometry":{"type":"Polygon","coordinates":[[[71.15609853122227,23.410338251509154],[71.10609853122227,23.410338251509154],[71.10609853122227,23.460338251509154],[71.15609853122227,23.460338251509154],[71.15609853122227,23.410338251509154]]]}},{"type":"Feature","properties":{"GRID_CODE":"GJ-KU-LIT-175","STATE":"Gujarat","DISTRICT":"Kachchh","BLOCK":"Little Rann","n_lists":0,"n_birders":0,"n_species":0,"focal_lists":0},"geometry":{"type":"Polygon","coordinates":[[[70.35609853122227,23.010338251509155],[70.30609853122226,23.010338251509155],[70.30609853122226,23.060338251509156],[70.35609853122227,23.060338251509156],[70.35609853122227,23.010338251509155]]]}},{"type":"Feature","properties":{"GRID_CODE":"GJ-KU-RAN-465","STATE":"Gujarat","DISTRICT":"Kachchh","BLOCK":"Rann of Kachchh","n_lists":0,"n_birders":0,"n_species":0,"focal_lists":0},"geometry":{"type":"Polygon","coordinates":[[[69.20609853122227,23.810338251509156],[69.15609853122227,23.810338251509156],[69.15609853122227,23.860338251509157],[69.20609853122227,23.860338251509157],[69.20609853122227,23.810338251509156]]]}},{"type":"Feature","properties":{"GRID_CODE":"GJ-KU-RAP-027","STATE":"Gujarat","DISTRICT":"Kachchh","BLOCK":"Rapar","n_lists":0,"n_birders":0,"n_species":0,"focal_lists":0},"geometry":{"type":"Polygon","coordinates":[[[70.90609853122227,23.710338251509154],[70.85609853122227,23.710338251509154],[70.85609853122227,23.760338251509155],[70.90609853122227,23.760338251509155],[70.90609853122227,23.710338251509154]]]}},{"type":"Feature","properties":{"GRID_CODE":"GJ-KU-RAN-419","STATE":"Gujarat","DISTRICT":"Kachchh","BLOCK":"Rann of Kachchh","n_lists":0,"n_birders":0,"n_species":0,"focal_lists":0},"geometry":{"type":"Polygon","coordinates":[[[68.80609853122226,23.860338251509157],[68.75609853122227,23.860338251509157],[68.75609853122227,23.910338251509154],[68.80609853122226,23.910338251509154],[68.80609853122226,23.860338251509157]]]}},{"type":"Feature","properties":{"GRID_CODE":"GJ-KU-RAP-049","STATE":"Gujarat","DISTRICT":"Kachchh","BLOCK":"Rapar","n_lists":0,"n_birders":0,"n_species":0,"focal_lists":0},"geometry":{"type":"Polygon","coordinates":[[[70.55609853122226,23.560338251509156],[70.50609853122227,23.560338251509156],[70.50609853122227,23.610338251509157],[70.55609853122226,23.610338251509157],[70.55609853122226,23.560338251509156]]]}},{"type":"Feature","properties":{"GRID_CODE":"GJ-KU-BHU-148","STATE":"Gujarat","DISTRICT":"Kachchh","BLOCK":"Bhuj","n_lists":0,"n_birders":0,"n_species":0,"focal_lists":0},"geometry":{"type":"Polygon","coordinates":[[[69.75609853122227,23.160338251509154],[69.70609853122227,23.160338251509154],[69.70609853122227,23.210338251509154],[69.75609853122227,23.210338251509154],[69.75609853122227,23.160338251509154]]]}},{"type":"Feature","properties":{"GRID_CODE":"GJ-KU-RAP-010","STATE":"Gujarat","DISTRICT":"Kachchh","BLOCK":"Rapar","n_lists":1,"n_birders":1,"n_species":36,"focal_lists":1},"geometry":{"type":"Polygon","coordinates":[[[70.70609853122227,23.810338251509156],[70.65609853122227,23.810338251509156],[70.65609853122227,23.860338251509157],[70.70609853122227,23.860338251509157],[70.70609853122227,23.810338251509156]]]}},{"type":"Feature","properties":{"GRID_CODE":"GJ-KU-BHA-004","STATE":"Gujarat","DISTRICT":"Kachchh","BLOCK":"Bhachau","n_lists":0,"n_birders":0,"n_species":0,"focal_lists":0},"geometry":{"type":"Polygon","coordinates":[[[70.30609853122226,23.860338251509157],[70.25609853122227,23.860338251509157],[70.25609853122227,23.910338251509154],[70.30609853122226,23.910338251509154],[70.30609853122226,23.860338251509157]]]}},{"type":"Feature","properties":{"GRID_CODE":"GJ-KU-RAN-014","STATE":"Gujarat","DISTRICT":"Kachchh","BLOCK":"Rann of Kachchh","n_lists":0,"n_birders":0,"n_species":0,"focal_lists":0},"geometry":{"type":"Polygon","coordinates":[[[71.25609853122227,24.510338251509155],[71.20609853122227,24.510338251509155],[71.20609853122227,24.560338251509156],[71.25609853122227,24.560338251509156],[71.25609853122227,24.510338251509155]]]}},{"type":"Feature","properties":{"GRID_CODE":"GJ-KU-BHU-038","STATE":"Gujarat","DISTRICT":"Kachchh","BLOCK":"Bhuj","n_lists":0,"n_birders":0,"n_species":0,"focal_lists":0},"geometry":{"type":"Polygon","coordinates":[[[69.95609853122227,23.710338251509154],[69.90609853122227,23.710338251509154],[69.90609853122227,23.760338251509155],[69.95609853122227,23.760338251509155],[69.95609853122227,23.710338251509154]]]}},{"type":"Feature","properties":{"GRID_CODE":"GJ-KU-BHU-010","STATE":"Gujarat","DISTRICT":"Kachchh","BLOCK":"Bhuj","n_lists":0,"n_birders":0,"n_species":0,"focal_lists":0},"geometry":{"type":"Polygon","coordinates":[[[69.75609853122227,23.810338251509156],[69.70609853122227,23.810338251509156],[69.70609853122227,23.860338251509157],[69.75609853122227,23.860338251509157],[69.75609853122227,23.810338251509156]]]}},{"type":"Feature","properties":{"GRID_CODE":"GJ-KU-RAN-430","STATE":"Gujarat","DISTRICT":"Kachchh","BLOCK":"Rann of Kachchh","n_lists":0,"n_birders":0,"n_species":0,"focal_lists":0},"geometry":{"type":"Polygon","coordinates":[[[69.35609853122227,23.860338251509157],[69.30609853122226,23.860338251509157],[69.30609853122226,23.910338251509154],[69.35609853122227,23.910338251509154],[69.35609853122227,23.860338251509157]]]}},{"type":"Feature","properties":{"GRID_CODE":"GJ-KU-LIT-116","STATE":"Gujarat","DISTRICT":"Kachchh","BLOCK":"Little Rann","n_lists":0,"n_birders":0,"n_species":0,"focal_lists":0},"geometry":{"type":"Polygon","coordinates":[[[71.05609853122226,23.210338251509154],[71.00609853122227,23.210338251509154],[71.00609853122227,23.260338251509155],[71.05609853122226,23.260338251509155],[71.05609853122226,23.210338251509154]]]}},{"type":"Feature","properties":{"GRID_CODE":"GJ-KU-LIT-076","STATE":"Gujarat","DISTRICT":"Kachchh","BLOCK":"Little Rann","n_lists":0,"n_birders":0,"n_species":0,"focal_lists":0},"geometry":{"type":"Polygon","coordinates":[[[70.85609853122227,23.310338251509156],[70.80609853122226,23.310338251509156],[70.80609853122226,23.360338251509157],[70.85609853122227,23.360338251509157],[70.85609853122227,23.310338251509156]]]}},{"type":"Feature","properties":{"GRID_CODE":"GJ-KU-ABD-002","STATE":"Gujarat","DISTRICT":"Kachchh","BLOCK":"Abdasa","n_lists":0,"n_birders":0,"n_species":0,"focal_lists":0},"geometry":{"type":"Polygon","coordinates":[[[68.75609853122227,23.460338251509154],[68.70609853122227,23.460338251509154],[68.70609853122227,23.510338251509155],[68.75609853122227,23.510338251509155],[68.75609853122227,23.460338251509154]]]}},{"type":"Feature","properties":{"GRID_CODE":"GJ-KU-BHA-035","STATE":"Gujarat","DISTRICT":"Kachchh","BLOCK":"Bhachau","n_lists":0,"n_birders":0,"n_species":0,"focal_lists":0},"geometry":{"type":"Polygon","coordinates":[[[70.45609853122227,23.360338251509157],[70.40609853122227,23.360338251509157],[70.40609853122227,23.410338251509154],[70.45609853122227,23.410338251509154],[70.45609853122227,23.360338251509157]]]}},{"type":"Feature","properties":{"GRID_CODE":"GJ-KU-ANJ-011","STATE":"Gujarat","DISTRICT":"Kachchh","BLOCK":"Anjar","n_lists":2,"n_birders":1,"n_species":27,"focal_lists":1},"geometry":{"type":"Polygon","coordinates":[[[70.10609853122227,23.210338251509154],[70.05609853122226,23.210338251509154],[70.05609853122226,23.260338251509155],[70.10609853122227,23.260338251509155],[70.10609853122227,23.210338251509154]]]}},{"type":"Feature","properties":{"GRID_CODE":"GJ-KU-RAN-446","STATE":"Gujarat","DISTRICT":"Kachchh","BLOCK":"Rann of Kachchh","n_lists":0,"n_birders":0,"n_species":0,"focal_lists":0},"geometry":{"type":"Polygon","coordinates":[[[71.05609853122226,23.860338251509157],[71.00609853122227,23.860338251509157],[71.00609853122227,23.910338251509154],[71.05609853122226,23.910338251509154],[71.05609853122226,23.860338251509157]]]}},{"type":"Feature","properties":{"GRID_CODE":"GJ-KU-MAN-047","STATE":"Gujarat","DISTRICT":"Kachchh","BLOCK":"Mandvi","n_lists":0,"n_birders":0,"n_species":0,"focal_lists":0},"geometry":{"type":"Polygon","coordinates":[[[69.30609853122226,22.810338251509156],[69.25609853122227,22.810338251509156],[69.25609853122227,22.860338251509157],[69.30609853122226,22.860338251509157],[69.30609853122226,22.810338251509156]]]}},{"type":"Feature","properties":{"GRID_CODE":"GJ-KU-RAN-596","STATE":"Gujarat","DISTRICT":"Kachchh","BLOCK":"Rann of Kachchh","n_lists":0,"n_birders":0,"n_species":0,"focal_lists":0},"geometry":{"type":"Polygon","coordinates":[[[70.25609853122227,23.460338251509154],[70.20609853122227,23.460338251509154],[70.20609853122227,23.510338251509155],[70.25609853122227,23.510338251509155],[70.25609853122227,23.460338251509154]]]}},{"type":"Feature","properties":{"GRID_CODE":"GJ-KU-BHU-115","STATE":"Gujarat","DISTRICT":"Kachchh","BLOCK":"Bhuj","n_lists":1,"n_birders":1,"n_species":30,"focal_lists":1},"geometry":{"type":"Polygon","coordinates":[[[69.90609853122227,23.310338251509156],[69.85609853122227,23.310338251509156],[69.85609853122227,23.360338251509157],[69.90609853122227,23.360338251509157],[69.90609853122227,23.310338251509156]]]}},{"type":"Feature","properties":{"GRID_CODE":"GJ-KU-BHU-076","STATE":"Gujarat","DISTRICT":"Kachchh","BLOCK":"Bhuj","n_lists":2,"n_birders":1,"n_species":41,"focal_lists":2},"geometry":{"type":"Polygon","coordinates":[[[69.85609853122227,23.510338251509155],[69.80609853122226,23.510338251509155],[69.80609853122226,23.560338251509156],[69.85609853122227,23.560338251509156],[69.85609853122227,23.510338251509155]]]}},{"type":"Feature","properties":{"GRID_CODE":"GJ-KU-RAN-507","STATE":"Gujarat","DISTRICT":"Kachchh","BLOCK":"Rann of Kachchh","n_lists":0,"n_birders":0,"n_species":0,"focal_lists":0},"geometry":{"type":"Polygon","coordinates":[[[70.00609853122227,23.760338251509155],[69.95609853122227,23.760338251509155],[69.95609853122227,23.810338251509156],[70.00609853122227,23.810338251509156],[70.00609853122227,23.760338251509155]]]}},{"type":"Feature","properties":{"GRID_CODE":"GJ-KU-LIT-127","STATE":"Gujarat","DISTRICT":"Kachchh","BLOCK":"Little Rann","n_lists":0,"n_birders":0,"n_species":0,"focal_lists":0},"geometry":{"type":"Polygon","coordinates":[[[71.60609853122227,23.210338251509154],[71.55609853122226,23.210338251509154],[71.55609853122226,23.260338251509155],[71.60609853122227,23.260338251509155],[71.60609853122227,23.210338251509154]]]}},{"type":"Feature","properties":{"GRID_CODE":"GJ-KU-NAK-049","STATE":"Gujarat","DISTRICT":"Kachchh","BLOCK":"Nakhatrana","n_lists":1,"n_birders":1,"n_species":12,"focal_lists":1},"geometry":{"type":"Polygon","coordinates":[[[69.50609853122227,23.360338251509157],[69.45609853122227,23.360338251509157],[69.45609853122227,23.410338251509154],[69.50609853122227,23.410338251509154],[69.50609853122227,23.360338251509157]]]}},{"type":"Feature","properties":{"GRID_CODE":"GJ-KU-RAN-285","STATE":"Gujarat","DISTRICT":"Kachchh","BLOCK":"Rann of Kachchh","n_lists":0,"n_birders":0,"n_species":0,"focal_lists":0},"geometry":{"type":"Polygon","coordinates":[[[70.45609853122227,24.010338251509155],[70.40609853122227,24.010338251509155],[70.40609853122227,24.060338251509156],[70.45609853122227,24.060338251509156],[70.45609853122227,24.010338251509155]]]}},{"type":"Feature","properties":{"GRID_CODE":"GJ-KU-BHU-062","STATE":"Gujarat","DISTRICT":"Kachchh","BLOCK":"Bhuj","n_lists":0,"n_birders":0,"n_species":0,"focal_lists":0},"geometry":{"type":"Polygon","coordinates":[[[69.65609853122227,23.610338251509157],[69.60609853122227,23.610338251509157],[69.60609853122227,23.660338251509154],[69.65609853122227,23.660338251509154],[69.65609853122227,23.610338251509157]]]}},{"type":"Feature","properties":{"GRID_CODE":"GJ-KU-ABD-054","STATE":"Gujarat","DISTRICT":"Kachchh","BLOCK":"Abdasa","n_lists":3,"n_birders":1,"n_species":50,"focal_lists":2},"geometry":{"type":"Polygon","coordinates":[[[69.15609853122227,23.210338251509154],[69.10609853122227,23.210338251509154],[69.10609853122227,23.260338251509155],[69.15609853122227,23.260338251509155],[69.15609853122227,23.210338251509154]]]}},{"type":"Feature","properties":{"GRID_CODE":"GJ-KU-NAK-022","STATE":"Gujarat","DISTRICT":"Kachchh","BLOCK":"Nakhatrana","n_lists":0,"n_birders":0,"n_species":0,"focal_lists":0},"geometry":{"type":"Polygon","coordinates":[[[69.30609853122226,23.460338251509154],[69.25609853122227,23.460338251509154],[69.25609853122227,23.510338251509155],[69.30609853122226,23.510338251509155],[69.30609853122226,23.460338251509154]]]}},{"type":"Feature","properties":{"GRID_CODE":"GJ-KU-LIT-035","STATE":"Gujarat","DISTRICT":"Kachchh","BLOCK":"Little Rann","n_lists":0,"n_birders":0,"n_species":0,"focal_lists":0},"geometry":{"type":"Polygon","coordinates":[[[71.35609853122227,23.510338251509155],[71.30609853122226,23.510338251509155],[71.30609853122226,23.560338251509156],[71.35609853122227,23.560338251509156],[71.35609853122227,23.510338251509155]]]}},{"type":"Feature","properties":{"GRID_CODE":"GJ-KU-LIT-063","STATE":"Gujarat","DISTRICT":"Kachchh","BLOCK":"Little Rann","n_lists":0,"n_birders":0,"n_species":0,"focal_lists":0},"geometry":{"type":"Polygon","coordinates":[[[71.00609853122227,23.360338251509157],[70.95609853122227,23.360338251509157],[70.95609853122227,23.410338251509154],[71.00609853122227,23.410338251509154],[71.00609853122227,23.360338251509157]]]}},{"type":"Feature","properties":{"GRID_CODE":"GJ-KU-LAK-062","STATE":"Gujarat","DISTRICT":"Kachchh","BLOCK":"Lakhpat","n_lists":0,"n_birders":0,"n_species":0,"focal_lists":0},"geometry":{"type":"Polygon","coordinates":[[[68.90609853122227,23.510338251509155],[68.85609853122227,23.510338251509155],[68.85609853122227,23.560338251509156],[68.90609853122227,23.560338251509156],[68.90609853122227,23.510338251509155]]]}},{"type":"Feature","properties":{"GRID_CODE":"GJ-KU-RAN-497","STATE":"Gujarat","DISTRICT":"Kachchh","BLOCK":"Rann of Kachchh","n_lists":0,"n_birders":0,"n_species":0,"focal_lists":0},"geometry":{"type":"Polygon","coordinates":[[[69.05609853122226,23.760338251509155],[69.00609853122227,23.760338251509155],[69.00609853122227,23.810338251509156],[69.05609853122226,23.810338251509156],[69.05609853122226,23.760338251509155]]]}},{"type":"Feature","properties":{"GRID_CODE":"GJ-KU-RAN-266","STATE":"Gujarat","DISTRICT":"Kachchh","BLOCK":"Rann of Kachchh","n_lists":1,"n_birders":1,"n_species":6,"focal_lists":0},"geometry":{"type":"Polygon","coordinates":[[[69.50609853122227,24.010338251509155],[69.45609853122227,24.010338251509155],[69.45609853122227,24.060338251509156],[69.50609853122227,24.060338251509156],[69.50609853122227,24.010338251509155]]]}},{"type":"Feature","properties":{"GRID_CODE":"GJ-KU-LAK-034","STATE":"Gujarat","DISTRICT":"Kachchh","BLOCK":"Lakhpat","n_lists":0,"n_birders":0,"n_species":0,"focal_lists":0},"geometry":{"type":"Polygon","coordinates":[[[68.70609853122227,23.610338251509157],[68.65609853122227,23.610338251509157],[68.65609853122227,23.660338251509154],[68.70609853122227,23.660338251509154],[68.70609853122227,23.610338251509157]]]}},{"type":"Feature","properties":{"GRID_CODE":"GJ-KU-BHA-016","STATE":"Gujarat","DISTRICT":"Kachchh","BLOCK":"Bhachau","n_lists":0,"n_birders":0,"n_species":0,"focal_lists":0},"geometry":{"type":"Polygon","coordinates":[[[70.40609853122227,23.510338251509155],[70.35609853122227,23.510338251509155],[70.35609853122227,23.560338251509156],[70.40609853122227,23.560338251509156],[70.40609853122227,23.510338251509155]]]}},{"type":"Feature","properties":{"GRID_CODE":"GJ-KU-RAN-150","STATE":"Gujarat","DISTRICT":"Kachchh","BLOCK":"Rann of Kachchh","n_lists":0,"n_birders":0,"n_species":0,"focal_lists":0},"geometry":{"type":"Polygon","coordinates":[[[71.35609853122227,24.160338251509154],[71.30609853122226,24.160338251509154],[71.30609853122226,24.210338251509154],[71.35609853122227,24.210338251509154],[71.35609853122227,24.160338251509154]]]}},{"type":"Feature","properties":{"GRID_CODE":"GJ-KU-RAN-296","STATE":"Gujarat","DISTRICT":"Kachchh","BLOCK":"Rann of Kachchh","n_lists":0,"n_birders":0,"n_species":0,"focal_lists":0},"geometry":{"type":"Polygon","coordinates":[[[71.00609853122227,24.010338251509155],[70.95609853122227,24.010338251509155],[70.95609853122227,24.060338251509156],[71.00609853122227,24.060338251509156],[71.00609853122227,24.010338251509155]]]}},{"type":"Feature","properties":{"GRID_CODE":"GJ-KU-RAN-108","STATE":"Gujarat","DISTRICT":"Kachchh","BLOCK":"Rann of Kachchh","n_lists":0,"n_birders":0,"n_species":0,"focal_lists":0},"geometry":{"type":"Polygon","coordinates":[[[68.90609853122227,24.160338251509154],[68.85609853122227,24.160338251509154],[68.85609853122227,24.210338251509154],[68.90609853122227,24.210338251509154],[68.90609853122227,24.160338251509154]]]}},{"type":"Feature","properties":{"GRID_CODE":"GJ-KU-RAN-016","STATE":"Gujarat","DISTRICT":"Kachchh","BLOCK":"Rann of Kachchh","n_lists":0,"n_birders":0,"n_species":0,"focal_lists":0},"geometry":{"type":"Polygon","coordinates":[[[71.10609853122227,24.460338251509154],[71.05609853122226,24.460338251509154],[71.05609853122226,24.510338251509155],[71.10609853122227,24.510338251509155],[71.10609853122227,24.460338251509154]]]}},{"type":"Feature","properties":{"GRID_CODE":"GJ-KU-RAN-131","STATE":"Gujarat","DISTRICT":"Kachchh","BLOCK":"Rann of Kachchh","n_lists":0,"n_birders":0,"n_species":0,"focal_lists":0},"geometry":{"type":"Polygon","coordinates":[[[70.40609853122227,24.160338251509154],[70.35609853122227,24.160338251509154],[70.35609853122227,24.210338251509154],[70.40609853122227,24.210338251509154],[70.40609853122227,24.160338251509154]]]}},{"type":"Feature","properties":{"GRID_CODE":"GJ-KU-BHU-158","STATE":"Gujarat","DISTRICT":"Kachchh","BLOCK":"Bhuj","n_lists":1,"n_birders":1,"n_species":17,"focal_lists":1},"geometry":{"type":"Polygon","coordinates":[[[69.80609853122226,23.110338251509157],[69.75609853122227,23.110338251509157],[69.75609853122227,23.160338251509154],[69.80609853122226,23.160338251509154],[69.80609853122226,23.110338251509157]]]}},{"type":"Feature","properties":{"GRID_CODE":"GJ-KU-MAN-024","STATE":"Gujarat","DISTRICT":"Kachchh","BLOCK":"Mandvi","n_lists":3,"n_birders":1,"n_species":45,"focal_lists":1},"geometry":{"type":"Polygon","coordinates":[[[69.45609853122227,22.960338251509154],[69.40609853122227,22.960338251509154],[69.40609853122227,23.010338251509155],[69.45609853122227,23.010338251509155],[69.45609853122227,22.960338251509154]]]}},{"type":"Feature","properties":{"GRID_CODE":"GJ-KU-ABD-043","STATE":"Gujarat","DISTRICT":"Kachchh","BLOCK":"Abdasa","n_lists":6,"n_birders":1,"n_species":69,"focal_lists":3},"geometry":{"type":"Polygon","coordinates":[[[69.20609853122227,23.260338251509155],[69.15609853122227,23.260338251509155],[69.15609853122227,23.310338251509156],[69.20609853122227,23.310338251509156],[69.20609853122227,23.260338251509155]]]}},{"type":"Feature","properties":{"GRID_CODE":"GJ-KU-ABD-071","STATE":"Gujarat","DISTRICT":"Kachchh","BLOCK":"Abdasa","n_lists":0,"n_birders":0,"n_species":0,"focal_lists":0},"geometry":{"type":"Polygon","coordinates":[[[68.85609853122227,23.110338251509157],[68.80609853122226,23.110338251509157],[68.80609853122226,23.160338251509154],[68.85609853122227,23.160338251509154],[68.85609853122227,23.110338251509157]]]}},{"type":"Feature","properties":{"GRID_CODE":"GJ-KU-BHU-021","STATE":"Gujarat","DISTRICT":"Kachchh","BLOCK":"Bhuj","n_lists":0,"n_birders":0,"n_species":0,"focal_lists":0},"geometry":{"type":"Polygon","coordinates":[[[69.80609853122226,23.760338251509155],[69.75609853122227,23.760338251509155],[69.75609853122227,23.810338251509156],[69.80609853122226,23.810338251509156],[69.80609853122226,23.760338251509155]]]}},{"type":"Feature","properties":{"GRID_CODE":"GJ-KU-LIT-179","STATE":"Gujarat","DISTRICT":"Kachchh","BLOCK":"Little Rann","n_lists":0,"n_birders":0,"n_species":0,"focal_lists":0},"geometry":{"type":"Polygon","coordinates":[[[70.55609853122226,23.010338251509155],[70.50609853122227,23.010338251509155],[70.50609853122227,23.060338251509156],[70.55609853122226,23.060338251509156],[70.55609853122226,23.010338251509155]]]}},{"type":"Feature","properties":{"GRID_CODE":"GJ-KU-BHA-060","STATE":"Gujarat","DISTRICT":"Kachchh","BLOCK":"Bhachau","n_lists":0,"n_birders":0,"n_species":0,"focal_lists":0},"geometry":{"type":"Polygon","coordinates":[[[70.70609853122227,23.260338251509155],[70.65609853122227,23.260338251509155],[70.65609853122227,23.310338251509156],[70.70609853122227,23.310338251509156],[70.70609853122227,23.260338251509155]]]}},{"type":"Feature","properties":{"GRID_CODE":"GJ-KU-ABD-004","STATE":"Gujarat","DISTRICT":"Kachchh","BLOCK":"Abdasa","n_lists":1,"n_birders":1,"n_species":3,"focal_lists":1},"geometry":{"type":"Polygon","coordinates":[[[68.60609853122227,23.410338251509154],[68.55609853122226,23.410338251509154],[68.55609853122226,23.460338251509154],[68.60609853122227,23.460338251509154],[68.60609853122227,23.410338251509154]]]}},{"type":"Feature","properties":{"GRID_CODE":"GJ-KU-LIT-152","STATE":"Gujarat","DISTRICT":"Kachchh","BLOCK":"Little Rann","n_lists":0,"n_birders":0,"n_species":0,"focal_lists":0},"geometry":{"type":"Polygon","coordinates":[[[70.35609853122227,23.110338251509157],[70.30609853122226,23.110338251509157],[70.30609853122226,23.160338251509154],[70.35609853122227,23.160338251509154],[70.35609853122227,23.110338251509157]]]}},{"type":"Feature","properties":{"GRID_CODE":"GJ-KU-RAN-372","STATE":"Gujarat","DISTRICT":"Kachchh","BLOCK":"Rann of Kachchh","n_lists":0,"n_birders":0,"n_species":0,"focal_lists":0},"geometry":{"type":"Polygon","coordinates":[[[69.20609853122227,23.910338251509154],[69.15609853122227,23.910338251509154],[69.15609853122227,23.960338251509154],[69.20609853122227,23.960338251509154],[69.20609853122227,23.910338251509154]]]}},{"type":"Feature","properties":{"GRID_CODE":"GJ-KU-RAN-354","STATE":"Gujarat","DISTRICT":"Kachchh","BLOCK":"Rann of Kachchh","n_lists":0,"n_birders":0,"n_species":0,"focal_lists":0},"geometry":{"type":"Polygon","coordinates":[[[71.25609853122227,23.960338251509154],[71.20609853122227,23.960338251509154],[71.20609853122227,24.010338251509155],[71.25609853122227,24.010338251509155],[71.25609853122227,23.960338251509154]]]}},{"type":"Feature","properties":{"GRID_CODE":"GJ-KU-ANJ-015","STATE":"Gujarat","DISTRICT":"Kachchh","BLOCK":"Anjar","n_lists":0,"n_birders":0,"n_species":0,"focal_lists":0},"geometry":{"type":"Polygon","coordinates":[[[69.95609853122227,23.160338251509154],[69.90609853122227,23.160338251509154],[69.90609853122227,23.210338251509154],[69.95609853122227,23.210338251509154],[69.95609853122227,23.160338251509154]]]}},{"type":"Feature","properties":{"GRID_CODE":"GJ-KU-RAP-014","STATE":"Gujarat","DISTRICT":"Kachchh","BLOCK":"Rapar","n_lists":0,"n_birders":0,"n_species":0,"focal_lists":0},"geometry":{"type":"Polygon","coordinates":[[[70.90609853122227,23.810338251509156],[70.85609853122227,23.810338251509156],[70.85609853122227,23.860338251509157],[70.90609853122227,23.860338251509157],[70.90609853122227,23.810338251509156]]]}},{"type":"Feature","properties":{"GRID_CODE":"GJ-KU-RAN-305","STATE":"Gujarat","DISTRICT":"Kachchh","BLOCK":"Rann of Kachchh","n_lists":0,"n_birders":0,"n_species":0,"focal_lists":0},"geometry":{"type":"Polygon","coordinates":[[[68.80609853122226,23.960338251509154],[68.75609853122227,23.960338251509154],[68.75609853122227,24.010338251509155],[68.80609853122226,24.010338251509155],[68.80609853122226,23.960338251509154]]]}},{"type":"Feature","properties":{"GRID_CODE":"GJ-KU-RAP-028","STATE":"Gujarat","DISTRICT":"Kachchh","BLOCK":"Rapar","n_lists":0,"n_birders":0,"n_species":0,"focal_lists":0},"geometry":{"type":"Polygon","coordinates":[[[70.55609853122226,23.660338251509154],[70.50609853122227,23.660338251509154],[70.50609853122227,23.710338251509154],[70.55609853122226,23.710338251509154],[70.55609853122226,23.660338251509154]]]}},{"type":"Feature","properties":{"GRID_CODE":"GJ-KU-BHU-124","STATE":"Gujarat","DISTRICT":"Kachchh","BLOCK":"Bhuj","n_lists":2,"n_birders":1,"n_species":35,"focal_lists":2},"geometry":{"type":"Polygon","coordinates":[[[69.75609853122227,23.260338251509155],[69.70609853122227,23.260338251509155],[69.70609853122227,23.310338251509156],[69.75609853122227,23.310338251509156],[69.75609853122227,23.260338251509155]]]}},{"type":"Feature","properties":{"GRID_CODE":"GJ-KU-RAN-396","STATE":"Gujarat","DISTRICT":"Kachchh","BLOCK":"Rann of Kachchh","n_lists":0,"n_birders":0,"n_species":0,"focal_lists":0},"geometry":{"type":"Polygon","coordinates":[[[70.70609853122227,23.910338251509154],[70.65609853122227,23.910338251509154],[70.65609853122227,23.960338251509154],[70.70609853122227,23.960338251509154],[70.70609853122227,23.910338251509154]]]}},{"type":"Feature","properties":{"GRID_CODE":"GJ-KU-LIT-145","STATE":"Gujarat","DISTRICT":"Kachchh","BLOCK":"Little Rann","n_lists":0,"n_birders":0,"n_species":0,"focal_lists":0},"geometry":{"type":"Polygon","coordinates":[[[71.45609853122227,23.160338251509154],[71.40609853122227,23.160338251509154],[71.40609853122227,23.210338251509154],[71.45609853122227,23.210338251509154],[71.45609853122227,23.160338251509154]]]}},{"type":"Feature","properties":{"GRID_CODE":"GJ-KU-RAN-335","STATE":"Gujarat","DISTRICT":"Kachchh","BLOCK":"Rann of Kachchh","n_lists":0,"n_birders":0,"n_species":0,"focal_lists":0},"geometry":{"type":"Polygon","coordinates":[[[70.30609853122226,23.960338251509154],[70.25609853122227,23.960338251509154],[70.25609853122227,24.010338251509155],[70.30609853122226,24.010338251509155],[70.30609853122226,23.960338251509154]]]}},{"type":"Feature","properties":{"GRID_CODE":"GJ-KU-BHU-014","STATE":"Gujarat","DISTRICT":"Kachchh","BLOCK":"Bhuj","n_lists":0,"n_birders":0,"n_species":0,"focal_lists":0},"geometry":{"type":"Polygon","coordinates":[[[69.95609853122227,23.810338251509156],[69.90609853122227,23.810338251509156],[69.90609853122227,23.860338251509157],[69.95609853122227,23.860338251509157],[69.95609853122227,23.810338251509156]]]}},{"type":"Feature","properties":{"GRID_CODE":"GJ-KU-RAN-169","STATE":"Gujarat","DISTRICT":"Kachchh","BLOCK":"Rann of Kachchh","n_lists":0,"n_birders":0,"n_species":0,"focal_lists":0},"geometry":{"type":"Polygon","coordinates":[[[69.70609853122227,24.110338251509157],[69.65609853122227,24.110338251509157],[69.65609853122227,24.160338251509154],[69.70609853122227,24.160338251509154],[69.70609853122227,24.110338251509157]]]}},{"type":"Feature","properties":{"GRID_CODE":"GJ-KU-RAN-316","STATE":"Gujarat","DISTRICT":"Kachchh","BLOCK":"Rann of Kachchh","n_lists":0,"n_birders":0,"n_species":0,"focal_lists":0},"geometry":{"type":"Polygon","coordinates":[[[69.35609853122227,23.960338251509154],[69.30609853122226,23.960338251509154],[69.30609853122226,24.010338251509155],[69.35609853122227,24.010338251509155],[69.35609853122227,23.960338251509154]]]}},{"type":"Feature","properties":{"GRID_CODE":"GJ-KU-RAN-199","STATE":"Gujarat","DISTRICT":"Kachchh","BLOCK":"Rann of Kachchh","n_lists":0,"n_birders":0,"n_species":0,"focal_lists":0},"geometry":{"type":"Polygon","coordinates":[[[71.20609853122227,24.110338251509157],[71.15609853122227,24.110338251509157],[71.15609853122227,24.160338251509154],[71.20609853122227,24.160338251509154],[71.20609853122227,24.110338251509157]]]}},{"type":"Feature","properties":{"GRID_CODE":"GJ-KU-LIT-080","STATE":"Gujarat","DISTRICT":"Kachchh","BLOCK":"Little Rann","n_lists":0,"n_birders":0,"n_species":0,"focal_lists":0},"geometry":{"type":"Polygon","coordinates":[[[71.05609853122226,23.310338251509156],[71.00609853122227,23.310338251509156],[71.00609853122227,23.360338251509157],[71.05609853122226,23.360338251509157],[71.05609853122226,23.310338251509156]]]}},{"type":"Feature","properties":{"GRID_CODE":"GJ-KU-RAP-088","STATE":"Gujarat","DISTRICT":"Kachchh","BLOCK":"Rapar","n_lists":3,"n_birders":1,"n_species":56,"focal_lists":2},"geometry":{"type":"Polygon","coordinates":[[[70.85609853122227,23.410338251509154],[70.80609853122226,23.410338251509154],[70.80609853122226,23.460338251509154],[70.85609853122227,23.460338251509154],[70.85609853122227,23.410338251509154]]]}},{"type":"Feature","properties":{"GRID_CODE":"GJ-KU-LAK-049","STATE":"Gujarat","DISTRICT":"Kachchh","BLOCK":"Lakhpat","n_lists":1,"n_birders":1,"n_species":27,"focal_lists":1},"geometry":{"type":"Polygon","coordinates":[[[68.75609853122227,23.560338251509156],[68.70609853122227,23.560338251509156],[68.70609853122227,23.610338251509157],[68.75609853122227,23.610338251509157],[68.75609853122227,23.560338251509156]]]}},{"type":"Feature","properties":{"GRID_CODE":"GJ-KU-MAN-051","STATE":"Gujarat","DISTRICT":"Kachchh","BLOCK":"Mandvi","n_lists":3,"n_birders":1,"n_species":67,"focal_lists":3},"geometry":{"type":"Polygon","coordinates":[[[69.50609853122227,22.810338251509156],[69.45609853122227,22.810338251509156],[69.45609853122227,22.860338251509157],[69.50609853122227,22.860338251509157],[69.50609853122227,22.810338251509156]]]}},{"type":"Feature","properties":{"GRID_CODE":"GJ-KU-BHA-020","STATE":"Gujarat","DISTRICT":"Kachchh","BLOCK":"Bhachau","n_lists":0,"n_birders":0,"n_species":0,"focal_lists":0},"geometry":{"type":"Polygon","coordinates":[[[70.45609853122227,23.460338251509154],[70.40609853122227,23.460338251509154],[70.40609853122227,23.510338251509155],[70.45609853122227,23.510338251509155],[70.45609853122227,23.460338251509154]]]}},{"type":"Feature","properties":{"GRID_CODE":"GJ-KU-BHU-163","STATE":"Gujarat","DISTRICT":"Kachchh","BLOCK":"Bhuj","n_lists":0,"n_birders":0,"n_species":0,"focal_lists":0},"geometry":{"type":"Polygon","coordinates":[[[69.65609853122227,23.060338251509156],[69.60609853122227,23.060338251509156],[69.60609853122227,23.110338251509157],[69.65609853122227,23.110338251509157],[69.65609853122227,23.060338251509156]]]}},{"type":"Feature","properties":{"GRID_CODE":"GJ-KU-ANJ-003","STATE":"Gujarat","DISTRICT":"Kachchh","BLOCK":"Anjar","n_lists":3,"n_birders":1,"n_species":53,"focal_lists":2},"geometry":{"type":"Polygon","coordinates":[[[70.10609853122227,23.310338251509156],[70.05609853122226,23.310338251509156],[70.05609853122226,23.360338251509157],[70.10609853122227,23.360338251509157],[70.10609853122227,23.310338251509156]]]}},{"type":"Feature","properties":{"GRID_CODE":"GJ-KU-MAN-031","STATE":"Gujarat","DISTRICT":"Kachchh","BLOCK":"Mandvi","n_lists":0,"n_birders":0,"n_species":0,"focal_lists":0},"geometry":{"type":"Polygon","coordinates":[[[69.30609853122226,22.910338251509154],[69.25609853122227,22.910338251509154],[69.25609853122227,22.960338251509154],[69.30609853122226,22.960338251509154],[69.30609853122226,22.910338251509154]]]}},{"type":"Feature","properties":{"GRID_CODE":"GJ-KU-RAN-583","STATE":"Gujarat","DISTRICT":"Kachchh","BLOCK":"Rann of Kachchh","n_lists":0,"n_birders":0,"n_species":0,"focal_lists":0},"geometry":{"type":"Polygon","coordinates":[[[70.25609853122227,23.560338251509156],[70.20609853122227,23.560338251509156],[70.20609853122227,23.610338251509157],[70.25609853122227,23.610338251509157],[70.25609853122227,23.560338251509156]]]}},{"type":"Feature","properties":{"GRID_CODE":"GJ-KU-BHU-066","STATE":"Gujarat","DISTRICT":"Kachchh","BLOCK":"Bhuj","n_lists":0,"n_birders":0,"n_species":0,"focal_lists":0},"geometry":{"type":"Polygon","coordinates":[[[69.85609853122227,23.610338251509157],[69.80609853122226,23.610338251509157],[69.80609853122226,23.660338251509154],[69.85609853122227,23.660338251509154],[69.85609853122227,23.610338251509157]]]}},{"type":"Feature","properties":{"GRID_CODE":"GJ-KU-RAN-437","STATE":"Gujarat","DISTRICT":"Kachchh","BLOCK":"Rann of Kachchh","n_lists":0,"n_birders":0,"n_species":0,"focal_lists":0},"geometry":{"type":"Polygon","coordinates":[[[70.00609853122227,23.860338251509157],[69.95609853122227,23.860338251509157],[69.95609853122227,23.910338251509154],[70.00609853122227,23.910338251509154],[70.00609853122227,23.860338251509157]]]}},{"type":"Feature","properties":{"GRID_CODE":"GJ-KU-LIT-091","STATE":"Gujarat","DISTRICT":"Kachchh","BLOCK":"Little Rann","n_lists":0,"n_birders":0,"n_species":0,"focal_lists":0},"geometry":{"type":"Polygon","coordinates":[[[71.60609853122227,23.310338251509156],[71.55609853122226,23.310338251509156],[71.55609853122226,23.360338251509157],[71.60609853122227,23.360338251509157],[71.60609853122227,23.310338251509156]]]}},{"type":"Feature","properties":{"GRID_CODE":"GJ-KU-NAK-026","STATE":"Gujarat","DISTRICT":"Kachchh","BLOCK":"Nakhatrana","n_lists":0,"n_birders":0,"n_species":0,"focal_lists":0},"geometry":{"type":"Polygon","coordinates":[[[69.50609853122227,23.460338251509154],[69.45609853122227,23.460338251509154],[69.45609853122227,23.510338251509155],[69.50609853122227,23.510338251509155],[69.50609853122227,23.460338251509154]]]}},{"type":"Feature","properties":{"GRID_CODE":"GJ-KU-RAN-184","STATE":"Gujarat","DISTRICT":"Kachchh","BLOCK":"Rann of Kachchh","n_lists":0,"n_birders":0,"n_species":0,"focal_lists":0},"geometry":{"type":"Polygon","coordinates":[[[70.45609853122227,24.110338251509157],[70.40609853122227,24.110338251509157],[70.40609853122227,24.160338251509154],[70.45609853122227,24.160338251509154],[70.45609853122227,24.110338251509157]]]}},{"type":"Feature","properties":{"GRID_CODE":"GJ-KU-BHU-033","STATE":"Gujarat","DISTRICT":"Kachchh","BLOCK":"Bhuj","n_lists":0,"n_birders":0,"n_species":0,"focal_lists":0},"geometry":{"type":"Polygon","coordinates":[[[69.65609853122227,23.710338251509154],[69.60609853122227,23.710338251509154],[69.60609853122227,23.760338251509155],[69.65609853122227,23.760338251509155],[69.65609853122227,23.710338251509154]]]}},{"type":"Feature","properties":{"GRID_CODE":"GJ-KU-ABD-030","STATE":"Gujarat","DISTRICT":"Kachchh","BLOCK":"Abdasa","n_lists":0,"n_birders":0,"n_species":0,"focal_lists":0},"geometry":{"type":"Polygon","coordinates":[[[69.15609853122227,23.310338251509156],[69.10609853122227,23.310338251509156],[69.10609853122227,23.360338251509157],[69.15609853122227,23.360338251509157],[69.15609853122227,23.310338251509156]]]}},{"type":"Feature","properties":{"GRID_CODE":"GJ-KU-LIT-007","STATE":"Gujarat","DISTRICT":"Kachchh","BLOCK":"Little Rann","n_lists":0,"n_birders":0,"n_species":0,"focal_lists":0},"geometry":{"type":"Polygon","coordinates":[[[69.30609853122226,23.560338251509156],[69.25609853122227,23.560338251509156],[69.25609853122227,23.610338251509157],[69.30609853122226,23.610338251509157],[69.30609853122226,23.560338251509156]]]}},{"type":"Feature","properties":{"GRID_CODE":"GJ-KU-LIT-006","STATE":"Gujarat","DISTRICT":"Kachchh","BLOCK":"Little Rann","n_lists":0,"n_birders":0,"n_species":0,"focal_lists":0},"geometry":{"type":"Polygon","coordinates":[[[71.35609853122227,23.610338251509157],[71.30609853122226,23.610338251509157],[71.30609853122226,23.660338251509154],[71.35609853122227,23.660338251509154],[71.35609853122227,23.610338251509157]]]}},{"type":"Feature","properties":{"GRID_CODE":"GJ-KU-BHU-015","STATE":"Gujarat","DISTRICT":"Kachchh","BLOCK":"Bhuj","n_lists":0,"n_birders":0,"n_species":0,"focal_lists":0},"geometry":{"type":"Polygon","coordinates":[[[69.25609853122227,23.760338251509155],[69.20609853122227,23.760338251509155],[69.20609853122227,23.810338251509156],[69.25609853122227,23.810338251509156],[69.25609853122227,23.760338251509155]]]}},{"type":"Feature","properties":{"GRID_CODE":"GJ-KU-RAN-264","STATE":"Gujarat","DISTRICT":"Kachchh","BLOCK":"Rann of Kachchh","n_lists":0,"n_birders":0,"n_species":0,"focal_lists":0},"geometry":{"type":"Polygon","coordinates":[[[69.40609853122227,24.010338251509155],[69.35609853122227,24.010338251509155],[69.35609853122227,24.060338251509156],[69.40609853122227,24.060338251509156],[69.40609853122227,24.010338251509155]]]}},{"type":"Feature","properties":{"GRID_CODE":"GJ-KU-RAP-081","STATE":"Gujarat","DISTRICT":"Kachchh","BLOCK":"Rapar","n_lists":0,"n_birders":0,"n_species":0,"focal_lists":0},"geometry":{"type":"Polygon","coordinates":[[[71.00609853122227,23.460338251509154],[70.95609853122227,23.460338251509154],[70.95609853122227,23.510338251509155],[71.00609853122227,23.510338251509155],[71.00609853122227,23.460338251509154]]]}},{"type":"Feature","properties":{"GRID_CODE":"GJ-KU-LAK-038","STATE":"Gujarat","DISTRICT":"Kachchh","BLOCK":"Lakhpat","n_lists":0,"n_birders":0,"n_species":0,"focal_lists":0},"geometry":{"type":"Polygon","coordinates":[[[68.90609853122227,23.610338251509157],[68.85609853122227,23.610338251509157],[68.85609853122227,23.660338251509154],[68.90609853122227,23.660338251509154],[68.90609853122227,23.610338251509157]]]}},{"type":"Feature","properties":{"GRID_CODE":"GJ-KU-RAN-424","STATE":"Gujarat","DISTRICT":"Kachchh","BLOCK":"Rann of Kachchh","n_lists":0,"n_birders":0,"n_species":0,"focal_lists":0},"geometry":{"type":"Polygon","coordinates":[[[69.05609853122226,23.860338251509157],[69.00609853122227,23.860338251509157],[69.00609853122227,23.910338251509154],[69.05609853122226,23.910338251509154],[69.05609853122226,23.860338251509157]]]}},{"type":"Feature","properties":{"GRID_CODE":"GJ-KU-LAK-010","STATE":"Gujarat","DISTRICT":"Kachchh","BLOCK":"Lakhpat","n_lists":0,"n_birders":0,"n_species":0,"focal_lists":0},"geometry":{"type":"Polygon","coordinates":[[[68.70609853122227,23.710338251509154],[68.65609853122227,23.710338251509154],[68.65609853122227,23.760338251509155],[68.70609853122227,23.760338251509155],[68.70609853122227,23.710338251509154]]]}},{"type":"Feature","properties":{"GRID_CODE":"GJ-KU-RAP-017","STATE":"Gujarat","DISTRICT":"Kachchh","BLOCK":"Rapar","n_lists":0,"n_birders":0,"n_species":0,"focal_lists":0},"geometry":{"type":"Polygon","coordinates":[[[70.75609853122227,23.760338251509155],[70.70609853122227,23.760338251509155],[70.70609853122227,23.810338251509156],[70.75609853122227,23.810338251509156],[70.75609853122227,23.760338251509155]]]}},{"type":"Feature","properties":{"GRID_CODE":"GJ-KU-RAN-575","STATE":"Gujarat","DISTRICT":"Kachchh","BLOCK":"Rann of Kachchh","n_lists":0,"n_birders":0,"n_species":0,"focal_lists":0},"geometry":{"type":"Polygon","coordinates":[[[70.40609853122227,23.610338251509157],[70.35609853122227,23.610338251509157],[70.35609853122227,23.660338251509154],[70.40609853122227,23.660338251509154],[70.40609853122227,23.610338251509157]]]}},{"type":"Feature","properties":{"GRID_CODE":"GJ-KU-RAN-489","STATE":"Gujarat","DISTRICT":"Kachchh","BLOCK":"Rann of Kachchh","n_lists":0,"n_birders":0,"n_species":0,"focal_lists":0},"geometry":{"type":"Polygon","coordinates":[[[68.30609853122226,23.760338251509155],[68.25609853122227,23.760338251509155],[68.25609853122227,23.810338251509156],[68.30609853122226,23.810338251509156],[68.30609853122226,23.760338251509155]]]}},{"type":"Feature","properties":{"GRID_CODE":"GJ-KU-RAN-005","STATE":"Gujarat","DISTRICT":"Kachchh","BLOCK":"Rann of Kachchh","n_lists":0,"n_birders":0,"n_species":0,"focal_lists":0},"geometry":{"type":"Polygon","coordinates":[[[71.10609853122227,24.560338251509156],[71.05609853122226,24.560338251509156],[71.05609853122226,24.610338251509157],[71.10609853122227,24.610338251509157],[71.10609853122227,24.560338251509156]]]}},{"type":"Feature","properties":{"GRID_CODE":"GJ-KU-RAN-059","STATE":"Gujarat","DISTRICT":"Kachchh","BLOCK":"Rann of Kachchh","n_lists":0,"n_birders":0,"n_species":0,"focal_lists":0},"geometry":{"type":"Polygon","coordinates":[[[70.40609853122227,24.260338251509155],[70.35609853122227,24.260338251509155],[70.35609853122227,24.310338251509156],[70.40609853122227,24.310338251509156],[70.40609853122227,24.260338251509155]]]}},{"type":"Feature","properties":{"GRID_CODE":"GJ-KU-BHU-137","STATE":"Gujarat","DISTRICT":"Kachchh","BLOCK":"Bhuj","n_lists":3,"n_birders":1,"n_species":44,"focal_lists":1},"geometry":{"type":"Polygon","coordinates":[[[69.80609853122226,23.210338251509154],[69.75609853122227,23.210338251509154],[69.75609853122227,23.260338251509155],[69.80609853122226,23.260338251509155],[69.80609853122226,23.210338251509154]]]}},{"type":"Feature","properties":{"GRID_CODE":"GJ-KU-MAN-008","STATE":"Gujarat","DISTRICT":"Kachchh","BLOCK":"Mandvi","n_lists":3,"n_birders":1,"n_species":35,"focal_lists":3},"geometry":{"type":"Polygon","coordinates":[[[69.45609853122227,23.060338251509156],[69.40609853122227,23.060338251509156],[69.40609853122227,23.110338251509157],[69.45609853122227,23.110338251509157],[69.45609853122227,23.060338251509156]]]}},{"type":"Feature","properties":{"GRID_CODE":"GJ-KU-LIT-121","STATE":"Gujarat","DISTRICT":"Kachchh","BLOCK":"Little Rann","n_lists":0,"n_birders":0,"n_species":0,"focal_lists":0},"geometry":{"type":"Polygon","coordinates":[[[71.30609853122226,23.210338251509154],[71.25609853122227,23.210338251509154],[71.25609853122227,23.260338251509155],[71.30609853122226,23.260338251509155],[71.30609853122226,23.210338251509154]]]}},{"type":"Feature","properties":{"GRID_CODE":"GJ-KU-NAK-043","STATE":"Gujarat","DISTRICT":"Kachchh","BLOCK":"Nakhatrana","n_lists":5,"n_birders":1,"n_species":56,"focal_lists":4},"geometry":{"type":"Polygon","coordinates":[[[69.20609853122227,23.360338251509157],[69.15609853122227,23.360338251509157],[69.15609853122227,23.410338251509154],[69.20609853122227,23.410338251509154],[69.20609853122227,23.360338251509157]]]}},{"type":"Feature","properties":{"GRID_CODE":"GJ-KU-ABD-048","STATE":"Gujarat","DISTRICT":"Kachchh","BLOCK":"Abdasa","n_lists":1,"n_birders":1,"n_species":52,"focal_lists":1},"geometry":{"type":"Polygon","coordinates":[[[68.85609853122227,23.210338251509154],[68.80609853122226,23.210338251509154],[68.80609853122226,23.260338251509155],[68.85609853122227,23.260338251509155],[68.85609853122227,23.210338251509154]]]}},{"type":"Feature","properties":{"GRID_CODE":"GJ-KU-LIT-094","STATE":"Gujarat","DISTRICT":"Kachchh","BLOCK":"Little Rann","n_lists":0,"n_birders":0,"n_species":0,"focal_lists":0},"geometry":{"type":"Polygon","coordinates":[[[70.90609853122227,23.260338251509155],[70.85609853122227,23.260338251509155],[70.85609853122227,23.310338251509156],[70.90609853122227,23.310338251509156],[70.90609853122227,23.260338251509155]]]}},{"type":"Feature","properties":{"GRID_CODE":"GJ-KU-LIT-156","STATE":"Gujarat","DISTRICT":"Kachchh","BLOCK":"Little Rann","n_lists":0,"n_birders":0,"n_species":0,"focal_lists":0},"geometry":{"type":"Polygon","coordinates":[[[70.55609853122226,23.110338251509157],[70.50609853122227,23.110338251509157],[70.50609853122227,23.160338251509154],[70.55609853122226,23.160338251509154],[70.55609853122226,23.110338251509157]]]}},{"type":"Feature","properties":{"GRID_CODE":"GJ-KU-RAP-092","STATE":"Gujarat","DISTRICT":"Kachchh","BLOCK":"Rapar","n_lists":0,"n_birders":0,"n_species":0,"focal_lists":0},"geometry":{"type":"Polygon","coordinates":[[[70.70609853122227,23.360338251509157],[70.65609853122227,23.360338251509157],[70.65609853122227,23.410338251509154],[70.70609853122227,23.410338251509154],[70.70609853122227,23.360338251509157]]]}},{"type":"Feature","properties":{"GRID_CODE":"GJ-KU-LAK-056","STATE":"Gujarat","DISTRICT":"Kachchh","BLOCK":"Lakhpat","n_lists":0,"n_birders":0,"n_species":0,"focal_lists":0},"geometry":{"type":"Polygon","coordinates":[[[68.60609853122227,23.510338251509155],[68.55609853122226,23.510338251509155],[68.55609853122226,23.560338251509156],[68.60609853122227,23.560338251509156],[68.60609853122227,23.510338251509155]]]}},{"type":"Feature","properties":{"GRID_CODE":"GJ-KU-GAN-007","STATE":"Gujarat","DISTRICT":"Kachchh","BLOCK":"Gandhidham","n_lists":0,"n_birders":0,"n_species":0,"focal_lists":0},"geometry":{"type":"Polygon","coordinates":[[[70.20609853122227,22.960338251509154],[70.15609853122227,22.960338251509154],[70.15609853122227,23.010338251509155],[70.20609853122227,23.010338251509155],[70.20609853122227,22.960338251509154]]]}},{"type":"Feature","properties":{"GRID_CODE":"GJ-KU-BHA-064","STATE":"Gujarat","DISTRICT":"Kachchh","BLOCK":"Bhachau","n_lists":0,"n_birders":0,"n_species":0,"focal_lists":0},"geometry":{"type":"Polygon","coordinates":[[[70.35609853122227,23.210338251509154],[70.30609853122226,23.210338251509154],[70.30609853122226,23.260338251509155],[70.35609853122227,23.260338251509155],[70.35609853122227,23.210338251509154]]]}},{"type":"Feature","properties":{"GRID_CODE":"GJ-KU-RAN-260","STATE":"Gujarat","DISTRICT":"Kachchh","BLOCK":"Rann of Kachchh","n_lists":0,"n_birders":0,"n_species":0,"focal_lists":0},"geometry":{"type":"Polygon","coordinates":[[[69.20609853122227,24.010338251509155],[69.15609853122227,24.010338251509155],[69.15609853122227,24.060338251509156],[69.20609853122227,24.060338251509156],[69.20609853122227,24.010338251509155]]]}},{"type":"Feature","properties":{"GRID_CODE":"GJ-KU-RAN-250","STATE":"Gujarat","DISTRICT":"Kachchh","BLOCK":"Rann of Kachchh","n_lists":0,"n_birders":0,"n_species":0,"focal_lists":0},"geometry":{"type":"Polygon","coordinates":[[[71.25609853122227,24.060338251509156],[71.20609853122227,24.060338251509156],[71.20609853122227,24.110338251509157],[71.25609853122227,24.110338251509157],[71.25609853122227,24.060338251509156]]]}},{"type":"Feature","properties":{"GRID_CODE":"GJ-KU-BHU-128","STATE":"Gujarat","DISTRICT":"Kachchh","BLOCK":"Bhuj","n_lists":3,"n_birders":1,"n_species":33,"focal_lists":0},"geometry":{"type":"Polygon","coordinates":[[[69.95609853122227,23.260338251509155],[69.90609853122227,23.260338251509155],[69.90609853122227,23.310338251509156],[69.95609853122227,23.310338251509156],[69.95609853122227,23.260338251509155]]]}},{"type":"Feature","properties":{"GRID_CODE":"GJ-KU-RAN-400","STATE":"Gujarat","DISTRICT":"Kachchh","BLOCK":"Rann of Kachchh","n_lists":0,"n_birders":0,"n_species":0,"focal_lists":0},"geometry":{"type":"Polygon","coordinates":[[[70.90609853122227,23.910338251509154],[70.85609853122227,23.910338251509154],[70.85609853122227,23.960338251509154],[70.90609853122227,23.960338251509154],[70.90609853122227,23.910338251509154]]]}},{"type":"Feature","properties":{"GRID_CODE":"GJ-KU-RAN-201","STATE":"Gujarat","DISTRICT":"Kachchh","BLOCK":"Rann of Kachchh","n_lists":0,"n_birders":0,"n_species":0,"focal_lists":0},"geometry":{"type":"Polygon","coordinates":[[[68.80609853122226,24.060338251509156],[68.75609853122227,24.060338251509156],[68.75609853122227,24.110338251509157],[68.80609853122226,24.110338251509157],[68.80609853122226,24.060338251509156]]]}},{"type":"Feature","properties":{"GRID_CODE":"GJ-KU-RAN-517","STATE":"Gujarat","DISTRICT":"Kachchh","BLOCK":"Rann of Kachchh","n_lists":0,"n_birders":0,"n_species":0,"focal_lists":0},"geometry":{"type":"Polygon","coordinates":[[[70.55609853122226,23.760338251509155],[70.50609853122227,23.760338251509155],[70.50609853122227,23.810338251509156],[70.55609853122226,23.810338251509156],[70.55609853122226,23.760338251509155]]]}},{"type":"Feature","properties":{"GRID_CODE":"GJ-KU-BHU-099","STATE":"Gujarat","DISTRICT":"Kachchh","BLOCK":"Bhuj","n_lists":0,"n_birders":0,"n_species":0,"focal_lists":0},"geometry":{"type":"Polygon","coordinates":[[[69.75609853122227,23.360338251509157],[69.70609853122227,23.360338251509157],[69.70609853122227,23.410338251509154],[69.75609853122227,23.410338251509154],[69.75609853122227,23.360338251509157]]]}},{"type":"Feature","properties":{"GRID_CODE":"GJ-KU-RAN-290","STATE":"Gujarat","DISTRICT":"Kachchh","BLOCK":"Rann of Kachchh","n_lists":0,"n_birders":0,"n_species":0,"focal_lists":0},"geometry":{"type":"Polygon","coordinates":[[[70.70609853122227,24.010338251509155],[70.65609853122227,24.010338251509155],[70.65609853122227,24.060338251509156],[70.70609853122227,24.060338251509156],[70.70609853122227,24.010338251509155]]]}},{"type":"Feature","properties":{"GRID_CODE":"GJ-KU-LIT-105","STATE":"Gujarat","DISTRICT":"Kachchh","BLOCK":"Little Rann","n_lists":0,"n_birders":0,"n_species":0,"focal_lists":0},"geometry":{"type":"Polygon","coordinates":[[[71.45609853122227,23.260338251509155],[71.40609853122227,23.260338251509155],[71.40609853122227,23.310338251509156],[71.45609853122227,23.310338251509156],[71.45609853122227,23.260338251509155]]]}},{"type":"Feature","properties":{"GRID_CODE":"GJ-KU-NAK-035","STATE":"Gujarat","DISTRICT":"Kachchh","BLOCK":"Nakhatrana","n_lists":1,"n_birders":1,"n_species":59,"focal_lists":1},"geometry":{"type":"Polygon","coordinates":[[[69.35609853122227,23.410338251509154],[69.30609853122226,23.410338251509154],[69.30609853122226,23.460338251509154],[69.35609853122227,23.460338251509154],[69.35609853122227,23.410338251509154]]]}},{"type":"Feature","properties":{"GRID_CODE":"GJ-KU-RAN-231","STATE":"Gujarat","DISTRICT":"Kachchh","BLOCK":"Rann of Kachchh","n_lists":0,"n_birders":0,"n_species":0,"focal_lists":0},"geometry":{"type":"Polygon","coordinates":[[[70.30609853122226,24.060338251509156],[70.25609853122227,24.060338251509156],[70.25609853122227,24.110338251509157],[70.30609853122226,24.110338251509157],[70.30609853122226,24.060338251509156]]]}},{"type":"Feature","properties":{"GRID_CODE":"GJ-KU-RAN-384","STATE":"Gujarat","DISTRICT":"Kachchh","BLOCK":"Rann of Kachchh","n_lists":0,"n_birders":0,"n_species":0,"focal_lists":0},"geometry":{"type":"Polygon","coordinates":[[[69.95609853122227,23.910338251509154],[69.90609853122227,23.910338251509154],[69.90609853122227,23.960338251509154],[69.95609853122227,23.960338251509154],[69.95609853122227,23.910338251509154]]]}},{"type":"Feature","properties":{"GRID_CODE":"GJ-KU-RAN-212","STATE":"Gujarat","DISTRICT":"Kachchh","BLOCK":"Rann of Kachchh","n_lists":0,"n_birders":0,"n_species":0,"focal_lists":0},"geometry":{"type":"Polygon","coordinates":[[[69.35609853122227,24.060338251509156],[69.30609853122226,24.060338251509156],[69.30609853122226,24.110338251509157],[69.35609853122227,24.110338251509157],[69.35609853122227,24.060338251509156]]]}},{"type":"Feature","properties":{"GRID_CODE":"GJ-KU-RAN-104","STATE":"Gujarat","DISTRICT":"Kachchh","BLOCK":"Rann of Kachchh","n_lists":0,"n_birders":0,"n_species":0,"focal_lists":0},"geometry":{"type":"Polygon","coordinates":[[[71.20609853122227,24.210338251509154],[71.15609853122227,24.210338251509154],[71.15609853122227,24.260338251509155],[71.20609853122227,24.260338251509155],[71.20609853122227,24.210338251509154]]]}},{"type":"Feature","properties":{"GRID_CODE":"GJ-KU-RAN-031","STATE":"Gujarat","DISTRICT":"Kachchh","BLOCK":"Rann of Kachchh","n_lists":0,"n_birders":0,"n_species":0,"focal_lists":0},"geometry":{"type":"Polygon","coordinates":[[[70.60609853122227,24.360338251509157],[70.55609853122226,24.360338251509157],[70.55609853122226,24.410338251509154],[70.60609853122227,24.410338251509154],[70.60609853122227,24.360338251509157]]]}},{"type":"Feature","properties":{"GRID_CODE":"GJ-KU-LIT-189","STATE":"Gujarat","DISTRICT":"Kachchh","BLOCK":"Little Rann","n_lists":0,"n_birders":0,"n_species":0,"focal_lists":0},"geometry":{"type":"Polygon","coordinates":[[[70.45609853122227,22.910338251509154],[70.40609853122227,22.910338251509154],[70.40609853122227,22.960338251509154],[70.45609853122227,22.960338251509154],[70.45609853122227,22.910338251509154]]]}},{"type":"Feature","properties":{"GRID_CODE":"GJ-KU-LIT-051","STATE":"Gujarat","DISTRICT":"Kachchh","BLOCK":"Little Rann","n_lists":1,"n_birders":1,"n_species":69,"focal_lists":1},"geometry":{"type":"Polygon","coordinates":[[[71.05609853122226,23.410338251509154],[71.00609853122227,23.410338251509154],[71.00609853122227,23.460338251509154],[71.05609853122226,23.460338251509154],[71.05609853122226,23.410338251509154]]]}},{"type":"Feature","properties":{"GRID_CODE":"GJ-KU-LIT-173","STATE":"Gujarat","DISTRICT":"Kachchh","BLOCK":"Little Rann","n_lists":0,"n_birders":0,"n_species":0,"focal_lists":0},"geometry":{"type":"Polygon","coordinates":[[[70.25609853122227,23.010338251509155],[70.20609853122227,23.010338251509155],[70.20609853122227,23.060338251509156],[70.25609853122227,23.060338251509156],[70.25609853122227,23.010338251509155]]]}},{"type":"Feature","properties":{"GRID_CODE":"GJ-KU-MUN-024","STATE":"Gujarat","DISTRICT":"Kachchh","BLOCK":"Mundra","n_lists":0,"n_birders":0,"n_species":0,"focal_lists":0},"geometry":{"type":"Polygon","coordinates":[[[69.90609853122227,22.860338251509157],[69.85609853122227,22.860338251509157],[69.85609853122227,22.910338251509154],[69.90609853122227,22.910338251509154],[69.90609853122227,22.860338251509157]]]}},{"type":"Feature","properties":{"GRID_CODE":"GJ-KU-LAK-021","STATE":"Gujarat","DISTRICT":"Kachchh","BLOCK":"Lakhpat","n_lists":0,"n_birders":0,"n_species":0,"focal_lists":0},"geometry":{"type":"Polygon","coordinates":[[[68.75609853122227,23.660338251509154],[68.70609853122227,23.660338251509154],[68.70609853122227,23.710338251509154],[68.75609853122227,23.710338251509154],[68.75609853122227,23.660338251509154]]]}},{"type":"Feature","properties":{"GRID_CODE":"GJ-KU-MAN-035","STATE":"Gujarat","DISTRICT":"Kachchh","BLOCK":"Mandvi","n_lists":0,"n_birders":0,"n_species":0,"focal_lists":0},"geometry":{"type":"Polygon","coordinates":[[[69.50609853122227,22.910338251509154],[69.45609853122227,22.910338251509154],[69.45609853122227,22.960338251509154],[69.50609853122227,22.960338251509154],[69.50609853122227,22.910338251509154]]]}},{"type":"Feature","properties":{"GRID_CODE":"GJ-KU-BHA-014","STATE":"Gujarat","DISTRICT":"Kachchh","BLOCK":"Bhachau","n_lists":2,"n_birders":1,"n_species":61,"focal_lists":1},"geometry":{"type":"Polygon","coordinates":[[[70.45609853122227,23.560338251509156],[70.40609853122227,23.560338251509156],[70.40609853122227,23.610338251509157],[70.45609853122227,23.610338251509157],[70.45609853122227,23.560338251509156]]]}},{"type":"Feature","properties":{"GRID_CODE":"GJ-KU-BHU-146","STATE":"Gujarat","DISTRICT":"Kachchh","BLOCK":"Bhuj","n_lists":0,"n_birders":0,"n_species":0,"focal_lists":0},"geometry":{"type":"Polygon","coordinates":[[[69.65609853122227,23.160338251509154],[69.60609853122227,23.160338251509154],[69.60609853122227,23.210338251509154],[69.65609853122227,23.210338251509154],[69.65609853122227,23.160338251509154]]]}},{"type":"Feature","properties":{"GRID_CODE":"GJ-KU-BHU-093","STATE":"Gujarat","DISTRICT":"Kachchh","BLOCK":"Bhuj","n_lists":0,"n_birders":0,"n_species":0,"focal_lists":0},"geometry":{"type":"Polygon","coordinates":[[[70.10609853122227,23.410338251509154],[70.05609853122226,23.410338251509154],[70.05609853122226,23.460338251509154],[70.10609853122227,23.460338251509154],[70.10609853122227,23.410338251509154]]]}},{"type":"Feature","properties":{"GRID_CODE":"GJ-KU-MAN-012","STATE":"Gujarat","DISTRICT":"Kachchh","BLOCK":"Mandvi","n_lists":0,"n_birders":0,"n_species":0,"focal_lists":0},"geometry":{"type":"Polygon","coordinates":[[[69.30609853122226,23.010338251509155],[69.25609853122227,23.010338251509155],[69.25609853122227,23.060338251509156],[69.30609853122226,23.060338251509156],[69.30609853122226,23.010338251509155]]]}},{"type":"Feature","properties":{"GRID_CODE":"GJ-KU-RAN-555","STATE":"Gujarat","DISTRICT":"Kachchh","BLOCK":"Rann of Kachchh","n_lists":0,"n_birders":0,"n_species":0,"focal_lists":0},"geometry":{"type":"Polygon","coordinates":[[[70.25609853122227,23.660338251509154],[70.20609853122227,23.660338251509154],[70.20609853122227,23.710338251509154],[70.25609853122227,23.710338251509154],[70.25609853122227,23.660338251509154]]]}},{"type":"Feature","properties":{"GRID_CODE":"GJ-KU-ABD-080","STATE":"Gujarat","DISTRICT":"Kachchh","BLOCK":"Abdasa","n_lists":0,"n_birders":0,"n_species":0,"focal_lists":0},"geometry":{"type":"Polygon","coordinates":[[[68.90609853122227,23.060338251509156],[68.85609853122227,23.060338251509156],[68.85609853122227,23.110338251509157],[68.90609853122227,23.110338251509157],[68.90609853122227,23.060338251509156]]]}},{"type":"Feature","properties":{"GRID_CODE":"GJ-KU-BHU-037","STATE":"Gujarat","DISTRICT":"Kachchh","BLOCK":"Bhuj","n_lists":0,"n_birders":0,"n_species":0,"focal_lists":0},"geometry":{"type":"Polygon","coordinates":[[[69.85609853122227,23.710338251509154],[69.80609853122226,23.710338251509154],[69.80609853122226,23.760338251509155],[69.85609853122227,23.760338251509155],[69.85609853122227,23.710338251509154]]]}},{"type":"Feature","properties":{"GRID_CODE":"GJ-KU-ABD-028","STATE":"Gujarat","DISTRICT":"Kachchh","BLOCK":"Abdasa","n_lists":0,"n_birders":0,"n_species":0,"focal_lists":0},"geometry":{"type":"Polygon","coordinates":[[[69.05609853122226,23.310338251509156],[69.00609853122227,23.310338251509156],[69.00609853122227,23.360338251509157],[69.05609853122226,23.360338251509157],[69.05609853122226,23.310338251509156]]]}},{"type":"Feature","properties":{"GRID_CODE":"GJ-KU-RAN-329","STATE":"Gujarat","DISTRICT":"Kachchh","BLOCK":"Rann of Kachchh","n_lists":0,"n_birders":0,"n_species":0,"focal_lists":0},"geometry":{"type":"Polygon","coordinates":[[[70.00609853122227,23.960338251509154],[69.95609853122227,23.960338251509154],[69.95609853122227,24.010338251509155],[70.00609853122227,24.010338251509155],[70.00609853122227,23.960338251509154]]]}},{"type":"Feature","properties":{"GRID_CODE":"GJ-KU-LIT-062","STATE":"Gujarat","DISTRICT":"Kachchh","BLOCK":"Little Rann","n_lists":0,"n_birders":0,"n_species":0,"focal_lists":0},"geometry":{"type":"Polygon","coordinates":[[[71.60609853122227,23.410338251509154],[71.55609853122226,23.410338251509154],[71.55609853122226,23.460338251509154],[71.60609853122227,23.460338251509154],[71.60609853122227,23.410338251509154]]]}},{"type":"Feature","properties":{"GRID_CODE":"GJ-KU-LIT-011","STATE":"Gujarat","DISTRICT":"Kachchh","BLOCK":"Little Rann","n_lists":0,"n_birders":0,"n_species":0,"focal_lists":0},"geometry":{"type":"Polygon","coordinates":[[[69.50609853122227,23.560338251509156],[69.45609853122227,23.560338251509156],[69.45609853122227,23.610338251509157],[69.50609853122227,23.610338251509157],[69.50609853122227,23.560338251509156]]]}},{"type":"Feature","properties":{"GRID_CODE":"GJ-KU-ABD-057","STATE":"Gujarat","DISTRICT":"Kachchh","BLOCK":"Abdasa","n_lists":0,"n_birders":0,"n_species":0,"focal_lists":0},"geometry":{"type":"Polygon","coordinates":[[[68.70609853122227,23.160338251509154],[68.65609853122227,23.160338251509154],[68.65609853122227,23.210338251509154],[68.70609853122227,23.210338251509154],[68.70609853122227,23.160338251509154]]]}},{"type":"Feature","properties":{"GRID_CODE":"GJ-KU-RAN-474","STATE":"Gujarat","DISTRICT":"Kachchh","BLOCK":"Rann of Kachchh","n_lists":0,"n_birders":0,"n_species":0,"focal_lists":0},"geometry":{"type":"Polygon","coordinates":[[[69.65609853122227,23.810338251509156],[69.60609853122227,23.810338251509156],[69.60609853122227,23.860338251509157],[69.65609853122227,23.860338251509157],[69.65609853122227,23.810338251509156]]]}},{"type":"Feature","properties":{"GRID_CODE":"GJ-KU-LIT-166","STATE":"Gujarat","DISTRICT":"Kachchh","BLOCK":"Little Rann","n_lists":0,"n_birders":0,"n_species":0,"focal_lists":0},"geometry":{"type":"Polygon","coordinates":[[[70.40609853122227,23.060338251509156],[70.35609853122227,23.060338251509156],[70.35609853122227,23.110338251509157],[70.40609853122227,23.110338251509157],[70.40609853122227,23.060338251509156]]]}},{"type":"Feature","properties":{"GRID_CODE":"GJ-KU-RAN-428","STATE":"Gujarat","DISTRICT":"Kachchh","BLOCK":"Rann of Kachchh","n_lists":0,"n_birders":0,"n_species":0,"focal_lists":0},"geometry":{"type":"Polygon","coordinates":[[[69.25609853122227,23.860338251509157],[69.20609853122227,23.860338251509157],[69.20609853122227,23.910338251509154],[69.25609853122227,23.910338251509154],[69.25609853122227,23.860338251509157]]]}},{"type":"Feature","properties":{"GRID_CODE":"GJ-KU-RAN-163","STATE":"Gujarat","DISTRICT":"Kachchh","BLOCK":"Rann of Kachchh","n_lists":0,"n_birders":0,"n_species":0,"focal_lists":0},"geometry":{"type":"Polygon","coordinates":[[[69.40609853122227,24.110338251509157],[69.35609853122227,24.110338251509157],[69.35609853122227,24.160338251509154],[69.40609853122227,24.160338251509154],[69.40609853122227,24.110338251509157]]]}},{"type":"Feature","properties":{"GRID_CODE":"GJ-KU-RAP-058","STATE":"Gujarat","DISTRICT":"Kachchh","BLOCK":"Rapar","n_lists":2,"n_birders":1,"n_species":2,"focal_lists":2},"geometry":{"type":"Polygon","coordinates":[[[71.00609853122227,23.560338251509156],[70.95609853122227,23.560338251509156],[70.95609853122227,23.610338251509157],[71.00609853122227,23.610338251509157],[71.00609853122227,23.560338251509156]]]}},{"type":"Feature","properties":{"GRID_CODE":"GJ-KU-LAK-014","STATE":"Gujarat","DISTRICT":"Kachchh","BLOCK":"Lakhpat","n_lists":0,"n_birders":0,"n_species":0,"focal_lists":0},"geometry":{"type":"Polygon","coordinates":[[[68.90609853122227,23.710338251509154],[68.85609853122227,23.710338251509154],[68.85609853122227,23.760338251509155],[68.90609853122227,23.760338251509155],[68.90609853122227,23.710338251509154]]]}},{"type":"Feature","properties":{"GRID_CODE":"GJ-KU-RAN-310","STATE":"Gujarat","DISTRICT":"Kachchh","BLOCK":"Rann of Kachchh","n_lists":0,"n_birders":0,"n_species":0,"focal_lists":0},"geometry":{"type":"Polygon","coordinates":[[[69.05609853122226,23.960338251509154],[69.00609853122227,23.960338251509154],[69.00609853122227,24.010338251509155],[69.05609853122226,24.010338251509155],[69.05609853122226,23.960338251509154]]]}},{"type":"Feature","properties":{"GRID_CODE":"GJ-KU-RAN-456","STATE":"Gujarat","DISTRICT":"Kachchh","BLOCK":"Rann of Kachchh","n_lists":0,"n_birders":0,"n_species":0,"focal_lists":0},"geometry":{"type":"Polygon","coordinates":[[[68.70609853122227,23.810338251509156],[68.65609853122227,23.810338251509156],[68.65609853122227,23.860338251509157],[68.70609853122227,23.860338251509157],[68.70609853122227,23.810338251509156]]]}},{"type":"Feature","properties":{"GRID_CODE":"GJ-KU-RAP-006","STATE":"Gujarat","DISTRICT":"Kachchh","BLOCK":"Rapar","n_lists":0,"n_birders":0,"n_species":0,"focal_lists":0},"geometry":{"type":"Polygon","coordinates":[[[70.75609853122227,23.860338251509157],[70.70609853122227,23.860338251509157],[70.70609853122227,23.910338251509154],[70.75609853122227,23.910338251509154],[70.75609853122227,23.860338251509157]]]}},{"type":"Feature","properties":{"GRID_CODE":"GJ-KU-RAN-540","STATE":"Gujarat","DISTRICT":"Kachchh","BLOCK":"Rann of Kachchh","n_lists":0,"n_birders":0,"n_species":0,"focal_lists":0},"geometry":{"type":"Polygon","coordinates":[[[70.40609853122227,23.710338251509154],[70.35609853122227,23.710338251509154],[70.35609853122227,23.760338251509155],[70.40609853122227,23.760338251509155],[70.40609853122227,23.710338251509154]]]}},{"type":"Feature","properties":{"GRID_CODE":"GJ-KU-RAN-036","STATE":"Gujarat","DISTRICT":"Kachchh","BLOCK":"Rann of Kachchh","n_lists":0,"n_birders":0,"n_species":0,"focal_lists":0},"geometry":{"type":"Polygon","coordinates":[[[71.35609853122227,24.360338251509157],[71.30609853122226,24.360338251509157],[71.30609853122226,24.410338251509154],[71.35609853122227,24.410338251509154],[71.35609853122227,24.360338251509157]]]}},{"type":"Feature","properties":{"GRID_CODE":"GJ-KU-RAN-409","STATE":"Gujarat","DISTRICT":"Kachchh","BLOCK":"Rann of Kachchh","n_lists":0,"n_birders":0,"n_species":0,"focal_lists":0},"geometry":{"type":"Polygon","coordinates":[[[68.30609853122226,23.860338251509157],[68.25609853122227,23.860338251509157],[68.25609853122227,23.910338251509154],[68.30609853122226,23.910338251509154],[68.30609853122226,23.860338251509157]]]}},{"type":"Feature","properties":{"GRID_CODE":"GJ-KU-RAN-279","STATE":"Gujarat","DISTRICT":"Kachchh","BLOCK":"Rann of Kachchh","n_lists":0,"n_birders":0,"n_species":0,"focal_lists":0},"geometry":{"type":"Polygon","coordinates":[[[70.15609853122227,24.010338251509155],[70.10609853122227,24.010338251509155],[70.10609853122227,24.060338251509156],[70.15609853122227,24.060338251509156],[70.15609853122227,24.010338251509155]]]}},{"type":"Feature","properties":{"GRID_CODE":"GJ-KU-MAN-045","STATE":"Gujarat","DISTRICT":"Kachchh","BLOCK":"Mandvi","n_lists":0,"n_birders":0,"n_species":0,"focal_lists":0},"geometry":{"type":"Polygon","coordinates":[[[69.20609853122227,22.810338251509156],[69.15609853122227,22.810338251509156],[69.15609853122227,22.860338251509157],[69.20609853122227,22.860338251509157],[69.20609853122227,22.810338251509156]]]}},{"type":"Feature","properties":{"GRID_CODE":"GJ-KU-BHU-113","STATE":"Gujarat","DISTRICT":"Kachchh","BLOCK":"Bhuj","n_lists":0,"n_birders":0,"n_species":0,"focal_lists":0},"geometry":{"type":"Polygon","coordinates":[[[69.80609853122226,23.310338251509156],[69.75609853122227,23.310338251509156],[69.75609853122227,23.360338251509157],[69.80609853122226,23.360338251509157],[69.80609853122226,23.310338251509156]]]}},{"type":"Feature","properties":{"GRID_CODE":"GJ-KU-LIT-125","STATE":"Gujarat","DISTRICT":"Kachchh","BLOCK":"Little Rann","n_lists":0,"n_birders":0,"n_species":0,"focal_lists":0},"geometry":{"type":"Polygon","coordinates":[[[71.50609853122227,23.210338251509154],[71.45609853122227,23.210338251509154],[71.45609853122227,23.260338251509155],[71.50609853122227,23.260338251509155],[71.50609853122227,23.210338251509154]]]}},{"type":"Feature","properties":{"GRID_CODE":"GJ-KU-LIT-085","STATE":"Gujarat","DISTRICT":"Kachchh","BLOCK":"Little Rann","n_lists":0,"n_birders":0,"n_species":0,"focal_lists":0},"geometry":{"type":"Polygon","coordinates":[[[71.30609853122226,23.310338251509156],[71.25609853122227,23.310338251509156],[71.25609853122227,23.360338251509157],[71.30609853122226,23.360338251509157],[71.30609853122226,23.310338251509156]]]}},{"type":"Feature","properties":{"GRID_CODE":"GJ-KU-NAK-020","STATE":"Gujarat","DISTRICT":"Kachchh","BLOCK":"Nakhatrana","n_lists":0,"n_birders":0,"n_species":0,"focal_lists":0},"geometry":{"type":"Polygon","coordinates":[[[69.20609853122227,23.460338251509154],[69.15609853122227,23.460338251509154],[69.15609853122227,23.510338251509155],[69.20609853122227,23.510338251509155],[69.20609853122227,23.460338251509154]]]}},{"type":"Feature","properties":{"GRID_CODE":"GJ-KU-ABD-024","STATE":"Gujarat","DISTRICT":"Kachchh","BLOCK":"Abdasa","n_lists":0,"n_birders":0,"n_species":0,"focal_lists":0},"geometry":{"type":"Polygon","coordinates":[[[68.85609853122227,23.310338251509156],[68.80609853122226,23.310338251509156],[68.80609853122226,23.360338251509157],[68.85609853122227,23.360338251509157],[68.85609853122227,23.310338251509156]]]}},{"type":"Feature","properties":{"GRID_CODE":"GJ-KU-RAP-096","STATE":"Gujarat","DISTRICT":"Kachchh","BLOCK":"Rapar","n_lists":1,"n_birders":1,"n_species":39,"focal_lists":1},"geometry":{"type":"Polygon","coordinates":[[[70.90609853122227,23.360338251509157],[70.85609853122227,23.360338251509157],[70.85609853122227,23.410338251509154],[70.90609853122227,23.410338251509154],[70.90609853122227,23.360338251509157]]]}},{"type":"Feature","properties":{"GRID_CODE":"GJ-KU-LAK-060","STATE":"Gujarat","DISTRICT":"Kachchh","BLOCK":"Lakhpat","n_lists":1,"n_birders":1,"n_species":14,"focal_lists":0},"geometry":{"type":"Polygon","coordinates":[[[68.80609853122226,23.510338251509155],[68.75609853122227,23.510338251509155],[68.75609853122227,23.560338251509156],[68.80609853122226,23.560338251509156],[68.80609853122226,23.510338251509155]]]}},{"type":"Feature","properties":{"GRID_CODE":"GJ-KU-BHA-068","STATE":"Gujarat","DISTRICT":"Kachchh","BLOCK":"Bhachau","n_lists":1,"n_birders":1,"n_species":5,"focal_lists":1},"geometry":{"type":"Polygon","coordinates":[[[70.55609853122226,23.210338251509154],[70.50609853122227,23.210338251509154],[70.50609853122227,23.260338251509155],[70.55609853122226,23.260338251509155],[70.55609853122226,23.210338251509154]]]}},{"type":"Feature","properties":{"GRID_CODE":"GJ-KU-MUN-029","STATE":"Gujarat","DISTRICT":"Kachchh","BLOCK":"Mundra","n_lists":0,"n_birders":0,"n_species":0,"focal_lists":0},"geometry":{"type":"Polygon","coordinates":[[[69.75609853122227,22.810338251509156],[69.70609853122227,22.810338251509156],[69.70609853122227,22.860338251509157],[69.75609853122227,22.860338251509157],[69.75609853122227,22.810338251509156]]]}},{"type":"Feature","properties":{"GRID_CODE":"GJ-KU-RAP-075","STATE":"Gujarat","DISTRICT":"Kachchh","BLOCK":"Rapar","n_lists":0,"n_birders":0,"n_species":0,"focal_lists":0},"geometry":{"type":"Polygon","coordinates":[[[70.70609853122227,23.460338251509154],[70.65609853122227,23.460338251509154],[70.65609853122227,23.510338251509155],[70.70609853122227,23.510338251509155],[70.70609853122227,23.460338251509154]]]}},{"type":"Feature","properties":{"GRID_CODE":"GJ-KU-LAK-032","STATE":"Gujarat","DISTRICT":"Kachchh","BLOCK":"Lakhpat","n_lists":0,"n_birders":0,"n_species":0,"focal_lists":0},"geometry":{"type":"Polygon","coordinates":[[[68.60609853122227,23.610338251509157],[68.55609853122226,23.610338251509157],[68.55609853122226,23.660338251509154],[68.60609853122227,23.660338251509154],[68.60609853122227,23.610338251509157]]]}},{"type":"Feature","properties":{"GRID_CODE":"GJ-KU-GAN-003","STATE":"Gujarat","DISTRICT":"Kachchh","BLOCK":"Gandhidham","n_lists":0,"n_birders":0,"n_species":0,"focal_lists":0},"geometry":{"type":"Polygon","coordinates":[[[70.20609853122227,23.060338251509156],[70.15609853122227,23.060338251509156],[70.15609853122227,23.110338251509157],[70.20609853122227,23.110338251509157],[70.20609853122227,23.060338251509156]]]}},{"type":"Feature","properties":{"GRID_CODE":"GJ-KU-BHA-042","STATE":"Gujarat","DISTRICT":"Kachchh","BLOCK":"Bhachau","n_lists":0,"n_birders":0,"n_species":0,"focal_lists":0},"geometry":{"type":"Polygon","coordinates":[[[70.35609853122227,23.310338251509156],[70.30609853122226,23.310338251509156],[70.30609853122226,23.360338251509157],[70.35609853122227,23.360338251509157],[70.35609853122227,23.310338251509156]]]}},{"type":"Feature","properties":{"GRID_CODE":"GJ-KU-RAN-590","STATE":"Gujarat","DISTRICT":"Kachchh","BLOCK":"Rann of Kachchh","n_lists":0,"n_birders":0,"n_species":0,"focal_lists":0},"geometry":{"type":"Polygon","coordinates":[[[70.30609853122226,23.510338251509155],[70.25609853122227,23.510338251509155],[70.25609853122227,23.560338251509156],[70.30609853122226,23.560338251509156],[70.30609853122226,23.510338251509155]]]}},{"type":"Feature","properties":{"GRID_CODE":"GJ-KU-RAN-148","STATE":"Gujarat","DISTRICT":"Kachchh","BLOCK":"Rann of Kachchh","n_lists":0,"n_birders":0,"n_species":0,"focal_lists":0},"geometry":{"type":"Polygon","coordinates":[[[71.25609853122227,24.160338251509154],[71.20609853122227,24.160338251509154],[71.20609853122227,24.210338251509154],[71.25609853122227,24.210338251509154],[71.25609853122227,24.160338251509154]]]}},{"type":"Feature","properties":{"GRID_CODE":"GJ-KU-BHU-103","STATE":"Gujarat","DISTRICT":"Kachchh","BLOCK":"Bhuj","n_lists":0,"n_birders":0,"n_species":0,"focal_lists":0},"geometry":{"type":"Polygon","coordinates":[[[69.95609853122227,23.360338251509157],[69.90609853122227,23.360338251509157],[69.90609853122227,23.410338251509154],[69.95609853122227,23.410338251509154],[69.95609853122227,23.360338251509157]]]}},{"type":"Feature","properties":{"GRID_CODE":"GJ-KU-RAN-294","STATE":"Gujarat","DISTRICT":"Kachchh","BLOCK":"Rann of Kachchh","n_lists":0,"n_birders":0,"n_species":0,"focal_lists":0},"geometry":{"type":"Polygon","coordinates":[[[70.90609853122227,24.010338251509155],[70.85609853122227,24.010338251509155],[70.85609853122227,24.060338251509156],[70.90609853122227,24.060338251509156],[70.90609853122227,24.010338251509155]]]}},{"type":"Feature","properties":{"GRID_CODE":"GJ-KU-RAN-106","STATE":"Gujarat","DISTRICT":"Kachchh","BLOCK":"Rann of Kachchh","n_lists":0,"n_birders":0,"n_species":0,"focal_lists":0},"geometry":{"type":"Polygon","coordinates":[[[68.80609853122226,24.160338251509154],[68.75609853122227,24.160338251509154],[68.75609853122227,24.210338251509154],[68.80609853122226,24.210338251509154],[68.80609853122226,24.160338251509154]]]}},{"type":"Feature","properties":{"GRID_CODE":"GJ-KU-LIT-041","STATE":"Gujarat","DISTRICT":"Kachchh","BLOCK":"Little Rann","n_lists":0,"n_birders":0,"n_species":0,"focal_lists":0},"geometry":{"type":"Polygon","coordinates":[[[69.75609853122227,23.460338251509154],[69.70609853122227,23.460338251509154],[69.70609853122227,23.510338251509155],[69.75609853122227,23.510338251509155],[69.75609853122227,23.460338251509154]]]}},{"type":"Feature","properties":{"GRID_CODE":"GJ-KU-LIT-072","STATE":"Gujarat","DISTRICT":"Kachchh","BLOCK":"Little Rann","n_lists":0,"n_birders":0,"n_species":0,"focal_lists":0},"geometry":{"type":"Polygon","coordinates":[[[71.45609853122227,23.360338251509157],[71.40609853122227,23.360338251509157],[71.40609853122227,23.410338251509154],[71.45609853122227,23.410338251509154],[71.45609853122227,23.360338251509157]]]}},{"type":"Feature","properties":{"GRID_CODE":"GJ-KU-LIT-022","STATE":"Gujarat","DISTRICT":"Kachchh","BLOCK":"Little Rann","n_lists":0,"n_birders":0,"n_species":0,"focal_lists":0},"geometry":{"type":"Polygon","coordinates":[[[69.35609853122227,23.510338251509155],[69.30609853122226,23.510338251509155],[69.30609853122226,23.560338251509156],[69.35609853122227,23.560338251509156],[69.35609853122227,23.510338251509155]]]}},{"type":"Feature","properties":{"GRID_CODE":"GJ-KU-RAN-129","STATE":"Gujarat","DISTRICT":"Kachchh","BLOCK":"Rann of Kachchh","n_lists":0,"n_birders":0,"n_species":0,"focal_lists":0},"geometry":{"type":"Polygon","coordinates":[[[70.30609853122226,24.160338251509154],[70.25609853122227,24.160338251509154],[70.25609853122227,24.210338251509154],[70.30609853122226,24.210338251509154],[70.30609853122226,24.160338251509154]]]}},{"type":"Feature","properties":{"GRID_CODE":"GJ-KU-RAN-275","STATE":"Gujarat","DISTRICT":"Kachchh","BLOCK":"Rann of Kachchh","n_lists":0,"n_birders":0,"n_species":0,"focal_lists":0},"geometry":{"type":"Polygon","coordinates":[[[69.95609853122227,24.010338251509155],[69.90609853122227,24.010338251509155],[69.90609853122227,24.060338251509156],[69.95609853122227,24.060338251509156],[69.95609853122227,24.010338251509155]]]}},{"type":"Feature","properties":{"GRID_CODE":"GJ-KU-RAN-117","STATE":"Gujarat","DISTRICT":"Kachchh","BLOCK":"Rann of Kachchh","n_lists":0,"n_birders":0,"n_species":0,"focal_lists":0},"geometry":{"type":"Polygon","coordinates":[[[69.35609853122227,24.160338251509154],[69.30609853122226,24.160338251509154],[69.30609853122226,24.210338251509154],[69.35609853122227,24.210338251509154],[69.35609853122227,24.160338251509154]]]}},{"type":"Feature","properties":{"GRID_CODE":"GJ-KU-RAN-047","STATE":"Gujarat","DISTRICT":"Kachchh","BLOCK":"Rann of Kachchh","n_lists":0,"n_birders":0,"n_species":0,"focal_lists":0},"geometry":{"type":"Polygon","coordinates":[[[71.20609853122227,24.310338251509156],[71.15609853122227,24.310338251509156],[71.15609853122227,24.360338251509157],[71.20609853122227,24.360338251509157],[71.20609853122227,24.310338251509156]]]}},{"type":"Feature","properties":{"GRID_CODE":"GJ-KU-ABD-069","STATE":"Gujarat","DISTRICT":"Kachchh","BLOCK":"Abdasa","n_lists":0,"n_birders":0,"n_species":0,"focal_lists":0},"geometry":{"type":"Polygon","coordinates":[[[68.75609853122227,23.110338251509157],[68.70609853122227,23.110338251509157],[68.70609853122227,23.160338251509154],[68.75609853122227,23.160338251509154],[68.75609853122227,23.110338251509157]]]}},{"type":"Feature","properties":{"GRID_CODE":"GJ-KU-LIT-177","STATE":"Gujarat","DISTRICT":"Kachchh","BLOCK":"Little Rann","n_lists":0,"n_birders":0,"n_species":0,"focal_lists":0},"geometry":{"type":"Polygon","coordinates":[[[70.45609853122227,23.010338251509155],[70.40609853122227,23.010338251509155],[70.40609853122227,23.060338251509156],[70.45609853122227,23.060338251509156],[70.45609853122227,23.010338251509155]]]}},{"type":"Feature","properties":{"GRID_CODE":"GJ-KU-RAP-071","STATE":"Gujarat","DISTRICT":"Kachchh","BLOCK":"Rapar","n_lists":0,"n_birders":0,"n_species":0,"focal_lists":0},"geometry":{"type":"Polygon","coordinates":[[[71.05609853122226,23.510338251509155],[71.00609853122227,23.510338251509155],[71.00609853122227,23.560338251509156],[71.05609853122226,23.560338251509156],[71.05609853122226,23.510338251509155]]]}},{"type":"Feature","properties":{"GRID_CODE":"GJ-KU-LIT-150","STATE":"Gujarat","DISTRICT":"Kachchh","BLOCK":"Little Rann","n_lists":0,"n_birders":0,"n_species":0,"focal_lists":0},"geometry":{"type":"Polygon","coordinates":[[[70.25609853122227,23.110338251509157],[70.20609853122227,23.110338251509157],[70.20609853122227,23.160338251509154],[70.25609853122227,23.160338251509154],[70.25609853122227,23.110338251509157]]]}},{"type":"Feature","properties":{"GRID_CODE":"GJ-KU-ANJ-038","STATE":"Gujarat","DISTRICT":"Kachchh","BLOCK":"Anjar","n_lists":0,"n_birders":0,"n_species":0,"focal_lists":0},"geometry":{"type":"Polygon","coordinates":[[[69.90609853122227,22.960338251509154],[69.85609853122227,22.960338251509154],[69.85609853122227,23.010338251509155],[69.90609853122227,23.010338251509155],[69.90609853122227,22.960338251509154]]]}},{"type":"Feature","properties":{"GRID_CODE":"GJ-KU-MAN-016","STATE":"Gujarat","DISTRICT":"Kachchh","BLOCK":"Mandvi","n_lists":0,"n_birders":0,"n_species":0,"focal_lists":0},"geometry":{"type":"Polygon","coordinates":[[[69.50609853122227,23.010338251509155],[69.45609853122227,23.010338251509155],[69.45609853122227,23.060338251509156],[69.50609853122227,23.060338251509156],[69.50609853122227,23.010338251509155]]]}},{"type":"Feature","properties":{"GRID_CODE":"GJ-KU-RAN-559","STATE":"Gujarat","DISTRICT":"Kachchh","BLOCK":"Rann of Kachchh","n_lists":0,"n_birders":0,"n_species":0,"focal_lists":0},"geometry":{"type":"Polygon","coordinates":[[[70.45609853122227,23.660338251509154],[70.40609853122227,23.660338251509154],[70.40609853122227,23.710338251509154],[70.45609853122227,23.710338251509154],[70.45609853122227,23.660338251509154]]]}},{"type":"Feature","properties":{"GRID_CODE":"GJ-KU-BHU-122","STATE":"Gujarat","DISTRICT":"Kachchh","BLOCK":"Bhuj","n_lists":2,"n_birders":1,"n_species":26,"focal_lists":1},"geometry":{"type":"Polygon","coordinates":[[[69.65609853122227,23.260338251509155],[69.60609853122227,23.260338251509155],[69.60609853122227,23.310338251509156],[69.65609853122227,23.310338251509156],[69.65609853122227,23.260338251509155]]]}},{"type":"Feature","properties":{"GRID_CODE":"GJ-KU-MAN-037","STATE":"Gujarat","DISTRICT":"Kachchh","BLOCK":"Mandvi","n_lists":3,"n_birders":1,"n_species":53,"focal_lists":2},"geometry":{"type":"Polygon","coordinates":[[[69.15609853122227,22.860338251509157],[69.10609853122227,22.860338251509157],[69.10609853122227,22.910338251509154],[69.15609853122227,22.910338251509154],[69.15609853122227,22.860338251509157]]]}},{"type":"Feature","properties":{"GRID_CODE":"GJ-KU-MAN-001","STATE":"Gujarat","DISTRICT":"Kachchh","BLOCK":"Mandvi","n_lists":0,"n_birders":0,"n_species":0,"focal_lists":0},"geometry":{"type":"Polygon","coordinates":[[[69.30609853122226,23.110338251509157],[69.25609853122227,23.110338251509157],[69.25609853122227,23.160338251509154],[69.30609853122226,23.160338251509154],[69.30609853122226,23.110338251509157]]]}},{"type":"Feature","properties":{"GRID_CODE":"GJ-KU-LIT-143","STATE":"Gujarat","DISTRICT":"Kachchh","BLOCK":"Little Rann","n_lists":0,"n_birders":0,"n_species":0,"focal_lists":0},"geometry":{"type":"Polygon","coordinates":[[[71.35609853122227,23.160338251509154],[71.30609853122226,23.160338251509154],[71.30609853122226,23.210338251509154],[71.35609853122227,23.210338251509154],[71.35609853122227,23.160338251509154]]]}},{"type":"Feature","properties":{"GRID_CODE":"GJ-KU-ABD-061","STATE":"Gujarat","DISTRICT":"Kachchh","BLOCK":"Abdasa","n_lists":0,"n_birders":0,"n_species":0,"focal_lists":0},"geometry":{"type":"Polygon","coordinates":[[[68.90609853122227,23.160338251509154],[68.85609853122227,23.160338251509154],[68.85609853122227,23.210338251509154],[68.90609853122227,23.210338251509154],[68.90609853122227,23.160338251509154]]]}},{"type":"Feature","properties":{"GRID_CODE":"GJ-KU-BHU-012","STATE":"Gujarat","DISTRICT":"Kachchh","BLOCK":"Bhuj","n_lists":1,"n_birders":1,"n_species":34,"focal_lists":1},"geometry":{"type":"Polygon","coordinates":[[[69.85609853122227,23.810338251509156],[69.80609853122226,23.810338251509156],[69.80609853122226,23.860338251509157],[69.85609853122227,23.860338251509157],[69.85609853122227,23.810338251509156]]]}},{"type":"Feature","properties":{"GRID_CODE":"GJ-KU-NAK-029","STATE":"Gujarat","DISTRICT":"Kachchh","BLOCK":"Nakhatrana","n_lists":0,"n_birders":0,"n_species":0,"focal_lists":0},"geometry":{"type":"Polygon","coordinates":[[[69.05609853122226,23.410338251509154],[69.00609853122227,23.410338251509154],[69.00609853122227,23.460338251509154],[69.05609853122226,23.460338251509154],[69.05609853122226,23.410338251509154]]]}},{"type":"Feature","properties":{"GRID_CODE":"GJ-KU-RAN-225","STATE":"Gujarat","DISTRICT":"Kachchh","BLOCK":"Rann of Kachchh","n_lists":0,"n_birders":0,"n_species":0,"focal_lists":0},"geometry":{"type":"Polygon","coordinates":[[[70.00609853122227,24.060338251509156],[69.95609853122227,24.060338251509156],[69.95609853122227,24.110338251509157],[70.00609853122227,24.110338251509157],[70.00609853122227,24.060338251509156]]]}},{"type":"Feature","properties":{"GRID_CODE":"GJ-KU-BHU-045","STATE":"Gujarat","DISTRICT":"Kachchh","BLOCK":"Bhuj","n_lists":0,"n_birders":0,"n_species":0,"focal_lists":0},"geometry":{"type":"Polygon","coordinates":[[[69.50609853122227,23.660338251509154],[69.45609853122227,23.660338251509154],[69.45609853122227,23.710338251509154],[69.50609853122227,23.710338251509154],[69.50609853122227,23.660338251509154]]]}},{"type":"Feature","properties":{"GRID_CODE":"GJ-KU-ABD-033","STATE":"Gujarat","DISTRICT":"Kachchh","BLOCK":"Abdasa","n_lists":0,"n_birders":0,"n_species":0,"focal_lists":0},"geometry":{"type":"Polygon","coordinates":[[[68.70609853122227,23.260338251509155],[68.65609853122227,23.260338251509155],[68.65609853122227,23.310338251509156],[68.70609853122227,23.310338251509156],[68.70609853122227,23.260338251509155]]]}},{"type":"Feature","properties":{"GRID_CODE":"GJ-KU-RAN-381","STATE":"Gujarat","DISTRICT":"Kachchh","BLOCK":"Rann of Kachchh","n_lists":0,"n_birders":0,"n_species":0,"focal_lists":0},"geometry":{"type":"Polygon","coordinates":[[[69.65609853122227,23.910338251509154],[69.60609853122227,23.910338251509154],[69.60609853122227,23.960338251509154],[69.65609853122227,23.960338251509154],[69.65609853122227,23.910338251509154]]]}},{"type":"Feature","properties":{"GRID_CODE":"GJ-KU-LIT-130","STATE":"Gujarat","DISTRICT":"Kachchh","BLOCK":"Little Rann","n_lists":0,"n_birders":0,"n_species":0,"focal_lists":0},"geometry":{"type":"Polygon","coordinates":[[[70.40609853122227,23.160338251509154],[70.35609853122227,23.160338251509154],[70.35609853122227,23.210338251509154],[70.40609853122227,23.210338251509154],[70.40609853122227,23.160338251509154]]]}},{"type":"Feature","properties":{"GRID_CODE":"GJ-KU-RAN-314","STATE":"Gujarat","DISTRICT":"Kachchh","BLOCK":"Rann of Kachchh","n_lists":0,"n_birders":0,"n_species":0,"focal_lists":0},"geometry":{"type":"Polygon","coordinates":[[[69.25609853122227,23.960338251509154],[69.20609853122227,23.960338251509154],[69.20609853122227,24.010338251509155],[69.25609853122227,24.010338251509155],[69.25609853122227,23.960338251509154]]]}},{"type":"Feature","properties":{"GRID_CODE":"GJ-KU-RAN-082","STATE":"Gujarat","DISTRICT":"Kachchh","BLOCK":"Rann of Kachchh","n_lists":0,"n_birders":0,"n_species":0,"focal_lists":0},"geometry":{"type":"Polygon","coordinates":[[[69.40609853122227,24.210338251509154],[69.35609853122227,24.210338251509154],[69.35609853122227,24.260338251509155],[69.40609853122227,24.260338251509155],[69.40609853122227,24.210338251509154]]]}},{"type":"Feature","properties":{"GRID_CODE":"GJ-KU-RAN-561","STATE":"Gujarat","DISTRICT":"Kachchh","BLOCK":"Rann of Kachchh","n_lists":0,"n_birders":0,"n_species":0,"focal_lists":0},"geometry":{"type":"Polygon","coordinates":[[[71.00609853122227,23.660338251509154],[70.95609853122227,23.660338251509154],[70.95609853122227,23.710338251509154],[71.00609853122227,23.710338251509154],[71.00609853122227,23.660338251509154]]]}},{"type":"Feature","properties":{"GRID_CODE":"GJ-KU-RAN-459","STATE":"Gujarat","DISTRICT":"Kachchh","BLOCK":"Rann of Kachchh","n_lists":0,"n_birders":0,"n_species":0,"focal_lists":0},"geometry":{"type":"Polygon","coordinates":[[[68.90609853122227,23.810338251509156],[68.85609853122227,23.810338251509156],[68.85609853122227,23.860338251509157],[68.90609853122227,23.860338251509157],[68.90609853122227,23.810338251509156]]]}},{"type":"Feature","properties":{"GRID_CODE":"GJ-KU-RAN-206","STATE":"Gujarat","DISTRICT":"Kachchh","BLOCK":"Rann of Kachchh","n_lists":0,"n_birders":0,"n_species":0,"focal_lists":0},"geometry":{"type":"Polygon","coordinates":[[[69.05609853122226,24.060338251509156],[69.00609853122227,24.060338251509156],[69.00609853122227,24.110338251509157],[69.05609853122226,24.110338251509157],[69.05609853122226,24.060338251509156]]]}},{"type":"Feature","properties":{"GRID_CODE":"GJ-KU-RAN-344","STATE":"Gujarat","DISTRICT":"Kachchh","BLOCK":"Rann of Kachchh","n_lists":0,"n_birders":0,"n_species":0,"focal_lists":0},"geometry":{"type":"Polygon","coordinates":[[[70.75609853122227,23.960338251509154],[70.70609853122227,23.960338251509154],[70.70609853122227,24.010338251509155],[70.75609853122227,24.010338251509155],[70.75609853122227,23.960338251509154]]]}},{"type":"Feature","properties":{"GRID_CODE":"GJ-KU-BHA-011","STATE":"Gujarat","DISTRICT":"Kachchh","BLOCK":"Bhachau","n_lists":5,"n_birders":1,"n_species":52,"focal_lists":4},"geometry":{"type":"Polygon","coordinates":[[[70.40609853122227,23.810338251509156],[70.35609853122227,23.810338251509156],[70.35609853122227,23.860338251509157],[70.40609853122227,23.860338251509157],[70.40609853122227,23.810338251509156]]]}},{"type":"Feature","properties":{"GRID_CODE":"GJ-KU-RAN-178","STATE":"Gujarat","DISTRICT":"Kachchh","BLOCK":"Rann of Kachchh","n_lists":0,"n_birders":0,"n_species":0,"focal_lists":0},"geometry":{"type":"Polygon","coordinates":[[[70.15609853122227,24.110338251509157],[70.10609853122227,24.110338251509157],[70.10609853122227,24.160338251509154],[70.15609853122227,24.160338251509154],[70.15609853122227,24.110338251509157]]]}},{"type":"Feature","properties":{"GRID_CODE":"GJ-KU-MAN-029","STATE":"Gujarat","DISTRICT":"Kachchh","BLOCK":"Mandvi","n_lists":3,"n_birders":1,"n_species":72,"focal_lists":2},"geometry":{"type":"Polygon","coordinates":[[[69.20609853122227,22.910338251509154],[69.15609853122227,22.910338251509154],[69.15609853122227,22.960338251509154],[69.20609853122227,22.960338251509154],[69.20609853122227,22.910338251509154]]]}},{"type":"Feature","properties":{"GRID_CODE":"GJ-KU-BHU-087","STATE":"Gujarat","DISTRICT":"Kachchh","BLOCK":"Bhuj","n_lists":0,"n_birders":0,"n_species":0,"focal_lists":0},"geometry":{"type":"Polygon","coordinates":[[[69.80609853122226,23.410338251509154],[69.75609853122227,23.410338251509154],[69.75609853122227,23.460338251509154],[69.80609853122226,23.460338251509154],[69.80609853122226,23.410338251509154]]]}},{"type":"Feature","properties":{"GRID_CODE":"GJ-KU-LIT-089","STATE":"Gujarat","DISTRICT":"Kachchh","BLOCK":"Little Rann","n_lists":0,"n_birders":0,"n_species":0,"focal_lists":0},"geometry":{"type":"Polygon","coordinates":[[[71.50609853122227,23.310338251509156],[71.45609853122227,23.310338251509156],[71.45609853122227,23.360338251509157],[71.50609853122227,23.360338251509157],[71.50609853122227,23.310338251509156]]]}},{"type":"Feature","properties":{"GRID_CODE":"GJ-KU-LIT-056","STATE":"Gujarat","DISTRICT":"Kachchh","BLOCK":"Little Rann","n_lists":0,"n_birders":0,"n_species":0,"focal_lists":0},"geometry":{"type":"Polygon","coordinates":[[[71.30609853122226,23.410338251509154],[71.25609853122227,23.410338251509154],[71.25609853122227,23.460338251509154],[71.30609853122226,23.460338251509154],[71.30609853122226,23.410338251509154]]]}},{"type":"Feature","properties":{"GRID_CODE":"GJ-KU-NAK-006","STATE":"Gujarat","DISTRICT":"Kachchh","BLOCK":"Nakhatrana","n_lists":0,"n_birders":0,"n_species":0,"focal_lists":0},"geometry":{"type":"Polygon","coordinates":[[[69.20609853122227,23.560338251509156],[69.15609853122227,23.560338251509156],[69.15609853122227,23.610338251509157],[69.20609853122227,23.610338251509157],[69.20609853122227,23.560338251509156]]]}},{"type":"Feature","properties":{"GRID_CODE":"GJ-KU-LIT-004","STATE":"Gujarat","DISTRICT":"Kachchh","BLOCK":"Little Rann","n_lists":0,"n_birders":0,"n_species":0,"focal_lists":0},"geometry":{"type":"Polygon","coordinates":[[[71.25609853122227,23.610338251509157],[71.20609853122227,23.610338251509157],[71.20609853122227,23.660338251509154],[71.25609853122227,23.660338251509154],[71.25609853122227,23.610338251509157]]]}},{"type":"Feature","properties":{"GRID_CODE":"GJ-KU-RAP-079","STATE":"Gujarat","DISTRICT":"Kachchh","BLOCK":"Rapar","n_lists":2,"n_birders":1,"n_species":45,"focal_lists":2},"geometry":{"type":"Polygon","coordinates":[[[70.90609853122227,23.460338251509154],[70.85609853122227,23.460338251509154],[70.85609853122227,23.510338251509155],[70.90609853122227,23.510338251509155],[70.90609853122227,23.460338251509154]]]}},{"type":"Feature","properties":{"GRID_CODE":"GJ-KU-LAK-036","STATE":"Gujarat","DISTRICT":"Kachchh","BLOCK":"Lakhpat","n_lists":0,"n_birders":0,"n_species":0,"focal_lists":0},"geometry":{"type":"Polygon","coordinates":[[[68.80609853122226,23.610338251509157],[68.75609853122227,23.610338251509157],[68.75609853122227,23.660338251509154],[68.80609853122226,23.660338251509154],[68.80609853122226,23.610338251509157]]]}},{"type":"Feature","properties":{"GRID_CODE":"GJ-KU-BHA-046","STATE":"Gujarat","DISTRICT":"Kachchh","BLOCK":"Bhachau","n_lists":0,"n_birders":0,"n_species":0,"focal_lists":0},"geometry":{"type":"Polygon","coordinates":[[[70.55609853122226,23.310338251509156],[70.50609853122227,23.310338251509156],[70.50609853122227,23.360338251509157],[70.55609853122226,23.360338251509157],[70.55609853122226,23.310338251509156]]]}},{"type":"Feature","properties":{"GRID_CODE":"GJ-KU-MUN-012","STATE":"Gujarat","DISTRICT":"Kachchh","BLOCK":"Mundra","n_lists":0,"n_birders":0,"n_species":0,"focal_lists":0},"geometry":{"type":"Polygon","coordinates":[[[69.75609853122227,22.910338251509154],[69.70609853122227,22.910338251509154],[69.70609853122227,22.960338251509154],[69.75609853122227,22.960338251509154],[69.75609853122227,22.910338251509154]]]}},{"type":"Feature","properties":{"GRID_CODE":"GJ-KU-RAP-052","STATE":"Gujarat","DISTRICT":"Kachchh","BLOCK":"Rapar","n_lists":1,"n_birders":1,"n_species":2,"focal_lists":0},"geometry":{"type":"Polygon","coordinates":[[[70.70609853122227,23.560338251509156],[70.65609853122227,23.560338251509156],[70.65609853122227,23.610338251509157],[70.70609853122227,23.610338251509157],[70.70609853122227,23.560338251509156]]]}},{"type":"Feature","properties":{"GRID_CODE":"GJ-KU-LAK-008","STATE":"Gujarat","DISTRICT":"Kachchh","BLOCK":"Lakhpat","n_lists":0,"n_birders":0,"n_species":0,"focal_lists":0},"geometry":{"type":"Polygon","coordinates":[[[68.60609853122227,23.710338251509154],[68.55609853122226,23.710338251509154],[68.55609853122226,23.760338251509155],[68.60609853122227,23.760338251509155],[68.60609853122227,23.710338251509154]]]}},{"type":"Feature","properties":{"GRID_CODE":"GJ-KU-RAN-573","STATE":"Gujarat","DISTRICT":"Kachchh","BLOCK":"Rann of Kachchh","n_lists":0,"n_birders":0,"n_species":0,"focal_lists":0},"geometry":{"type":"Polygon","coordinates":[[[70.30609853122226,23.610338251509157],[70.25609853122227,23.610338251509157],[70.25609853122227,23.660338251509154],[70.30609853122226,23.660338251509154],[70.30609853122226,23.610338251509157]]]}},{"type":"Feature","properties":{"GRID_CODE":"GJ-KU-RAN-070","STATE":"Gujarat","DISTRICT":"Kachchh","BLOCK":"Rann of Kachchh","n_lists":0,"n_birders":0,"n_species":0,"focal_lists":0},"geometry":{"type":"Polygon","coordinates":[[[71.25609853122227,24.260338251509155],[71.20609853122227,24.260338251509155],[71.20609853122227,24.310338251509156],[71.25609853122227,24.310338251509156],[71.25609853122227,24.260338251509155]]]}},{"type":"Feature","properties":{"GRID_CODE":"GJ-KU-BHU-083","STATE":"Gujarat","DISTRICT":"Kachchh","BLOCK":"Bhuj","n_lists":0,"n_birders":0,"n_species":0,"focal_lists":0},"geometry":{"type":"Polygon","coordinates":[[[69.95609853122227,23.460338251509154],[69.90609853122227,23.460338251509154],[69.90609853122227,23.510338251509155],[69.95609853122227,23.510338251509155],[69.95609853122227,23.460338251509154]]]}},{"type":"Feature","properties":{"GRID_CODE":"GJ-KU-RAN-193","STATE":"Gujarat","DISTRICT":"Kachchh","BLOCK":"Rann of Kachchh","n_lists":0,"n_birders":0,"n_species":0,"focal_lists":0},"geometry":{"type":"Polygon","coordinates":[[[70.90609853122227,24.110338251509157],[70.85609853122227,24.110338251509157],[70.85609853122227,24.160338251509154],[70.90609853122227,24.160338251509154],[70.90609853122227,24.110338251509157]]]}},{"type":"Feature","properties":{"GRID_CODE":"GJ-KU-RAN-052","STATE":"Gujarat","DISTRICT":"Kachchh","BLOCK":"Rann of Kachchh","n_lists":0,"n_birders":0,"n_species":0,"focal_lists":0},"geometry":{"type":"Polygon","coordinates":[[[68.80609853122226,24.260338251509155],[68.75609853122227,24.260338251509155],[68.75609853122227,24.310338251509156],[68.80609853122226,24.310338251509156],[68.80609853122226,24.260338251509155]]]}},{"type":"Feature","properties":{"GRID_CODE":"GJ-KU-BHU-070","STATE":"Gujarat","DISTRICT":"Kachchh","BLOCK":"Bhuj","n_lists":0,"n_birders":0,"n_species":0,"focal_lists":0},"geometry":{"type":"Polygon","coordinates":[[[69.75609853122227,23.560338251509156],[69.70609853122227,23.560338251509156],[69.70609853122227,23.610338251509157],[69.75609853122227,23.610338251509157],[69.75609853122227,23.560338251509156]]]}},{"type":"Feature","properties":{"GRID_CODE":"GJ-KU-RAN-505","STATE":"Gujarat","DISTRICT":"Kachchh","BLOCK":"Rann of Kachchh","n_lists":4,"n_birders":1,"n_species":63,"focal_lists":0},"geometry":{"type":"Polygon","coordinates":[[[69.70609853122227,23.760338251509155],[69.65609853122227,23.760338251509155],[69.65609853122227,23.810338251509156],[69.70609853122227,23.810338251509156],[69.70609853122227,23.760338251509155]]]}},{"type":"Feature","properties":{"GRID_CODE":"GJ-KU-LIT-049","STATE":"Gujarat","DISTRICT":"Kachchh","BLOCK":"Little Rann","n_lists":0,"n_birders":0,"n_species":0,"focal_lists":0},"geometry":{"type":"Polygon","coordinates":[[[71.45609853122227,23.460338251509154],[71.40609853122227,23.460338251509154],[71.40609853122227,23.510338251509155],[71.45609853122227,23.510338251509155],[71.45609853122227,23.460338251509154]]]}},{"type":"Feature","properties":{"GRID_CODE":"GJ-KU-BHU-056","STATE":"Gujarat","DISTRICT":"Kachchh","BLOCK":"Bhuj","n_lists":0,"n_birders":0,"n_species":0,"focal_lists":0},"geometry":{"type":"Polygon","coordinates":[[[69.35609853122227,23.610338251509157],[69.30609853122226,23.610338251509157],[69.30609853122226,23.660338251509154],[69.35609853122227,23.660338251509154],[69.35609853122227,23.610338251509157]]]}},{"type":"Feature","properties":{"GRID_CODE":"GJ-KU-RAN-057","STATE":"Gujarat","DISTRICT":"Kachchh","BLOCK":"Rann of Kachchh","n_lists":0,"n_birders":0,"n_species":0,"focal_lists":0},"geometry":{"type":"Polygon","coordinates":[[[70.30609853122226,24.260338251509155],[70.25609853122227,24.260338251509155],[70.25609853122227,24.310338251509156],[70.30609853122226,24.310338251509156],[70.30609853122226,24.260338251509155]]]}},{"type":"Feature","properties":{"GRID_CODE":"GJ-KU-RAN-051","STATE":"Gujarat","DISTRICT":"Kachchh","BLOCK":"Rann of Kachchh","n_lists":0,"n_birders":0,"n_species":0,"focal_lists":0},"geometry":{"type":"Polygon","coordinates":[[[71.40609853122227,24.310338251509156],[71.35609853122227,24.310338251509156],[71.35609853122227,24.360338251509157],[71.40609853122227,24.360338251509157],[71.40609853122227,24.310338251509156]]]}},{"type":"Feature","properties":{"GRID_CODE":"GJ-KU-RAN-025","STATE":"Gujarat","DISTRICT":"Kachchh","BLOCK":"Rann of Kachchh","n_lists":0,"n_birders":0,"n_species":0,"focal_lists":0},"geometry":{"type":"Polygon","coordinates":[[[71.20609853122227,24.410338251509154],[71.15609853122227,24.410338251509154],[71.15609853122227,24.460338251509154],[71.20609853122227,24.460338251509154],[71.20609853122227,24.410338251509154]]]}},{"type":"Feature","properties":{"GRID_CODE":"GJ-KU-ABD-046","STATE":"Gujarat","DISTRICT":"Kachchh","BLOCK":"Abdasa","n_lists":2,"n_birders":1,"n_species":76,"focal_lists":1},"geometry":{"type":"Polygon","coordinates":[[[68.75609853122227,23.210338251509154],[68.70609853122227,23.210338251509154],[68.70609853122227,23.260338251509155],[68.75609853122227,23.260338251509155],[68.75609853122227,23.210338251509154]]]}},{"type":"Feature","properties":{"GRID_CODE":"GJ-KU-LIT-154","STATE":"Gujarat","DISTRICT":"Kachchh","BLOCK":"Little Rann","n_lists":0,"n_birders":0,"n_species":0,"focal_lists":0},"geometry":{"type":"Polygon","coordinates":[[[70.45609853122227,23.110338251509157],[70.40609853122227,23.110338251509157],[70.40609853122227,23.160338251509154],[70.45609853122227,23.160338251509154],[70.45609853122227,23.110338251509157]]]}},{"type":"Feature","properties":{"GRID_CODE":"GJ-KU-ANJ-042","STATE":"Gujarat","DISTRICT":"Kachchh","BLOCK":"Anjar","n_lists":0,"n_birders":0,"n_species":0,"focal_lists":0},"geometry":{"type":"Polygon","coordinates":[[[70.10609853122227,22.960338251509154],[70.05609853122226,22.960338251509154],[70.05609853122226,23.010338251509155],[70.10609853122227,23.010338251509155],[70.10609853122227,22.960338251509154]]]}},{"type":"Feature","properties":{"GRID_CODE":"GJ-KU-BHA-062","STATE":"Gujarat","DISTRICT":"Kachchh","BLOCK":"Bhachau","n_lists":0,"n_birders":0,"n_species":0,"focal_lists":0},"geometry":{"type":"Polygon","coordinates":[[[70.25609853122227,23.210338251509154],[70.20609853122227,23.210338251509154],[70.20609853122227,23.260338251509155],[70.25609853122227,23.260338251509155],[70.25609853122227,23.210338251509154]]]}},{"type":"Feature","properties":{"GRID_CODE":"GJ-KU-BHU-126","STATE":"Gujarat","DISTRICT":"Kachchh","BLOCK":"Bhuj","n_lists":0,"n_birders":0,"n_species":0,"focal_lists":0},"geometry":{"type":"Polygon","coordinates":[[[69.85609853122227,23.260338251509155],[69.80609853122226,23.260338251509155],[69.80609853122226,23.310338251509156],[69.85609853122227,23.310338251509156],[69.85609853122227,23.260338251509155]]]}},{"type":"Feature","properties":{"GRID_CODE":"GJ-KU-BHU-079","STATE":"Gujarat","DISTRICT":"Kachchh","BLOCK":"Bhuj","n_lists":0,"n_birders":0,"n_species":0,"focal_lists":0},"geometry":{"type":"Polygon","coordinates":[[[70.00609853122227,23.510338251509155],[69.95609853122227,23.510338251509155],[69.95609853122227,23.560338251509156],[70.00609853122227,23.560338251509156],[70.00609853122227,23.510338251509155]]]}},{"type":"Feature","properties":{"GRID_CODE":"GJ-KU-BHU-152","STATE":"Gujarat","DISTRICT":"Kachchh","BLOCK":"Bhuj","n_lists":3,"n_birders":1,"n_species":51,"focal_lists":3},"geometry":{"type":"Polygon","coordinates":[[[69.50609853122227,23.110338251509157],[69.45609853122227,23.110338251509157],[69.45609853122227,23.160338251509154],[69.50609853122227,23.160338251509154],[69.50609853122227,23.110338251509157]]]}},{"type":"Feature","properties":{"GRID_CODE":"GJ-KU-RAN-515","STATE":"Gujarat","DISTRICT":"Kachchh","BLOCK":"Rann of Kachchh","n_lists":0,"n_birders":0,"n_species":0,"focal_lists":0},"geometry":{"type":"Polygon","coordinates":[[[70.45609853122227,23.760338251509155],[70.40609853122227,23.760338251509155],[70.40609853122227,23.810338251509156],[70.45609853122227,23.810338251509156],[70.45609853122227,23.760338251509155]]]}},{"type":"Feature","properties":{"GRID_CODE":"GJ-KU-BHU-097","STATE":"Gujarat","DISTRICT":"Kachchh","BLOCK":"Bhuj","n_lists":2,"n_birders":1,"n_species":28,"focal_lists":2},"geometry":{"type":"Polygon","coordinates":[[[69.65609853122227,23.360338251509157],[69.60609853122227,23.360338251509157],[69.60609853122227,23.410338251509154],[69.65609853122227,23.410338251509154],[69.65609853122227,23.360338251509157]]]}},{"type":"Feature","properties":{"GRID_CODE":"GJ-KU-MAN-018","STATE":"Gujarat","DISTRICT":"Kachchh","BLOCK":"Mandvi","n_lists":3,"n_birders":1,"n_species":55,"focal_lists":1},"geometry":{"type":"Polygon","coordinates":[[[69.15609853122227,22.960338251509154],[69.10609853122227,22.960338251509154],[69.10609853122227,23.010338251509155],[69.15609853122227,23.010338251509155],[69.15609853122227,22.960338251509154]]]}},{"type":"Feature","properties":{"GRID_CODE":"GJ-KU-NAK-061","STATE":"Gujarat","DISTRICT":"Kachchh","BLOCK":"Nakhatrana","n_lists":1,"n_birders":1,"n_species":6,"focal_lists":1},"geometry":{"type":"Polygon","coordinates":[[[69.30609853122226,23.210338251509154],[69.25609853122227,23.210338251509154],[69.25609853122227,23.260338251509155],[69.30609853122226,23.260338251509155],[69.30609853122226,23.210338251509154]]]}},{"type":"Feature","properties":{"GRID_CODE":"GJ-KU-LIT-103","STATE":"Gujarat","DISTRICT":"Kachchh","BLOCK":"Little Rann","n_lists":0,"n_birders":0,"n_species":0,"focal_lists":0},"geometry":{"type":"Polygon","coordinates":[[[71.35609853122227,23.260338251509155],[71.30609853122226,23.260338251509155],[71.30609853122226,23.310338251509156],[71.35609853122227,23.310338251509156],[71.35609853122227,23.260338251509155]]]}},{"type":"Feature","properties":{"GRID_CODE":"GJ-KU-ABD-037","STATE":"Gujarat","DISTRICT":"Kachchh","BLOCK":"Abdasa","n_lists":1,"n_birders":1,"n_species":41,"focal_lists":1},"geometry":{"type":"Polygon","coordinates":[[[68.90609853122227,23.260338251509155],[68.85609853122227,23.260338251509155],[68.85609853122227,23.310338251509156],[68.90609853122227,23.310338251509156],[68.90609853122227,23.260338251509155]]]}},{"type":"Feature","properties":{"GRID_CODE":"GJ-KU-BHU-003","STATE":"Gujarat","DISTRICT":"Kachchh","BLOCK":"Bhuj","n_lists":4,"n_birders":1,"n_species":47,"focal_lists":3},"geometry":{"type":"Polygon","coordinates":[[[69.85609853122227,23.910338251509154],[69.80609853122226,23.910338251509154],[69.80609853122226,23.960338251509154],[69.85609853122227,23.960338251509154],[69.85609853122227,23.910338251509154]]]}},{"type":"Feature","properties":{"GRID_CODE":"GJ-KU-NAK-009","STATE":"Gujarat","DISTRICT":"Kachchh","BLOCK":"Nakhatrana","n_lists":0,"n_birders":0,"n_species":0,"focal_lists":0},"geometry":{"type":"Polygon","coordinates":[[[69.05609853122226,23.510338251509155],[69.00609853122227,23.510338251509155],[69.00609853122227,23.560338251509156],[69.05609853122226,23.560338251509156],[69.05609853122226,23.510338251509155]]]}},{"type":"Feature","properties":{"GRID_CODE":"GJ-KU-ABD-012","STATE":"Gujarat","DISTRICT":"Kachchh","BLOCK":"Abdasa","n_lists":0,"n_birders":0,"n_species":0,"focal_lists":0},"geometry":{"type":"Polygon","coordinates":[[[68.70609853122227,23.360338251509157],[68.65609853122227,23.360338251509157],[68.65609853122227,23.410338251509154],[68.70609853122227,23.410338251509154],[68.70609853122227,23.360338251509157]]]}},{"type":"Feature","properties":{"GRID_CODE":"GJ-KU-RAN-086","STATE":"Gujarat","DISTRICT":"Kachchh","BLOCK":"Rann of Kachchh","n_lists":0,"n_birders":0,"n_species":0,"focal_lists":0},"geometry":{"type":"Polygon","coordinates":[[[69.60609853122227,24.210338251509154],[69.55609853122226,24.210338251509154],[69.55609853122226,24.260338251509155],[69.60609853122227,24.260338251509155],[69.60609853122227,24.210338251509154]]]}},{"type":"Feature","properties":{"GRID_CODE":"GJ-KU-BHA-054","STATE":"Gujarat","DISTRICT":"Kachchh","BLOCK":"Bhachau","n_lists":0,"n_birders":0,"n_species":0,"focal_lists":0},"geometry":{"type":"Polygon","coordinates":[[[70.40609853122227,23.260338251509155],[70.35609853122227,23.260338251509155],[70.35609853122227,23.310338251509156],[70.40609853122227,23.310338251509156],[70.40609853122227,23.260338251509155]]]}},{"type":"Feature","properties":{"GRID_CODE":"GJ-KU-RAN-210","STATE":"Gujarat","DISTRICT":"Kachchh","BLOCK":"Rann of Kachchh","n_lists":0,"n_birders":0,"n_species":0,"focal_lists":0},"geometry":{"type":"Polygon","coordinates":[[[69.25609853122227,24.060338251509156],[69.20609853122227,24.060338251509156],[69.20609853122227,24.110338251509157],[69.25609853122227,24.110338251509157],[69.25609853122227,24.060338251509156]]]}},{"type":"Feature","properties":{"GRID_CODE":"GJ-KU-RAN-366","STATE":"Gujarat","DISTRICT":"Kachchh","BLOCK":"Rann of Kachchh","n_lists":0,"n_birders":0,"n_species":0,"focal_lists":0},"geometry":{"type":"Polygon","coordinates":[[[68.90609853122227,23.910338251509154],[68.85609853122227,23.910338251509154],[68.85609853122227,23.960338251509154],[68.90609853122227,23.960338251509154],[68.90609853122227,23.910338251509154]]]}},{"type":"Feature","properties":{"GRID_CODE":"GJ-KU-RAN-111","STATE":"Gujarat","DISTRICT":"Kachchh","BLOCK":"Rann of Kachchh","n_lists":0,"n_birders":0,"n_species":0,"focal_lists":0},"geometry":{"type":"Polygon","coordinates":[[[69.05609853122226,24.160338251509154],[69.00609853122227,24.160338251509154],[69.00609853122227,24.210338251509154],[69.05609853122226,24.210338251509154],[69.05609853122226,24.160338251509154]]]}},{"type":"Feature","properties":{"GRID_CODE":"GJ-KU-RAN-102","STATE":"Gujarat","DISTRICT":"Kachchh","BLOCK":"Rann of Kachchh","n_lists":0,"n_birders":0,"n_species":0,"focal_lists":0},"geometry":{"type":"Polygon","coordinates":[[[71.10609853122227,24.210338251509154],[71.05609853122226,24.210338251509154],[71.05609853122226,24.260338251509155],[71.10609853122227,24.260338251509155],[71.10609853122227,24.210338251509154]]]}},{"type":"Feature","properties":{"GRID_CODE":"GJ-KU-RAN-240","STATE":"Gujarat","DISTRICT":"Kachchh","BLOCK":"Rann of Kachchh","n_lists":0,"n_birders":0,"n_species":0,"focal_lists":0},"geometry":{"type":"Polygon","coordinates":[[[70.75609853122227,24.060338251509156],[70.70609853122227,24.060338251509156],[70.70609853122227,24.110338251509157],[70.75609853122227,24.110338251509157],[70.75609853122227,24.060338251509156]]]}},{"type":"Feature","properties":{"GRID_CODE":"GJ-KU-RAN-392","STATE":"Gujarat","DISTRICT":"Kachchh","BLOCK":"Rann of Kachchh","n_lists":0,"n_birders":0,"n_species":0,"focal_lists":0},"geometry":{"type":"Polygon","coordinates":[[[70.40609853122227,23.910338251509154],[70.35609853122227,23.910338251509154],[70.35609853122227,23.960338251509154],[70.40609853122227,23.960338251509154],[70.40609853122227,23.910338251509154]]]}},{"type":"Feature","properties":{"GRID_CODE":"GJ-KU-RAN-088","STATE":"Gujarat","DISTRICT":"Kachchh","BLOCK":"Rann of Kachchh","n_lists":0,"n_birders":0,"n_species":0,"focal_lists":0},"geometry":{"type":"Polygon","coordinates":[[[70.15609853122227,24.210338251509154],[70.10609853122227,24.210338251509154],[70.10609853122227,24.260338251509155],[70.15609853122227,24.260338251509155],[70.15609853122227,24.210338251509154]]]}},{"type":"Feature","properties":{"GRID_CODE":"GJ-KU-MUN-022","STATE":"Gujarat","DISTRICT":"Kachchh","BLOCK":"Mundra","n_lists":0,"n_birders":0,"n_species":0,"focal_lists":0},"geometry":{"type":"Polygon","coordinates":[[[69.80609853122226,22.860338251509157],[69.75609853122227,22.860338251509157],[69.75609853122227,22.910338251509154],[69.80609853122226,22.910338251509154],[69.80609853122226,22.860338251509157]]]}},{"type":"Feature","properties":{"GRID_CODE":"GJ-KU-MAN-010","STATE":"Gujarat","DISTRICT":"Kachchh","BLOCK":"Mandvi","n_lists":0,"n_birders":0,"n_species":0,"focal_lists":0},"geometry":{"type":"Polygon","coordinates":[[[69.20609853122227,23.010338251509155],[69.15609853122227,23.010338251509155],[69.15609853122227,23.060338251509156],[69.20609853122227,23.060338251509156],[69.20609853122227,23.010338251509155]]]}},{"type":"Feature","properties":{"GRID_CODE":"GJ-KU-LIT-060","STATE":"Gujarat","DISTRICT":"Kachchh","BLOCK":"Little Rann","n_lists":0,"n_birders":0,"n_species":0,"focal_lists":0},"geometry":{"type":"Polygon","coordinates":[[[71.50609853122227,23.410338251509154],[71.45609853122227,23.410338251509154],[71.45609853122227,23.460338251509154],[71.50609853122227,23.460338251509154],[71.50609853122227,23.410338251509154]]]}},{"type":"Feature","properties":{"GRID_CODE":"GJ-KU-BHU-039","STATE":"Gujarat","DISTRICT":"Kachchh","BLOCK":"Bhuj","n_lists":1,"n_birders":1,"n_species":7,"focal_lists":0},"geometry":{"type":"Polygon","coordinates":[[[69.20609853122227,23.660338251509154],[69.15609853122227,23.660338251509154],[69.15609853122227,23.710338251509154],[69.20609853122227,23.710338251509154],[69.20609853122227,23.660338251509154]]]}},{"type":"Feature","properties":{"GRID_CODE":"GJ-KU-MUN-016","STATE":"Gujarat","DISTRICT":"Kachchh","BLOCK":"Mundra","n_lists":0,"n_birders":0,"n_species":0,"focal_lists":0},"geometry":{"type":"Polygon","coordinates":[[[69.95609853122227,22.910338251509154],[69.90609853122227,22.910338251509154],[69.90609853122227,22.960338251509154],[69.95609853122227,22.960338251509154],[69.95609853122227,22.910338251509154]]]}},{"type":"Feature","properties":{"GRID_CODE":"GJ-KU-RAP-056","STATE":"Gujarat","DISTRICT":"Kachchh","BLOCK":"Rapar","n_lists":0,"n_birders":0,"n_species":0,"focal_lists":0},"geometry":{"type":"Polygon","coordinates":[[[70.90609853122227,23.560338251509156],[70.85609853122227,23.560338251509156],[70.85609853122227,23.610338251509157],[70.90609853122227,23.610338251509157],[70.90609853122227,23.560338251509156]]]}},{"type":"Feature","properties":{"GRID_CODE":"GJ-KU-LAK-012","STATE":"Gujarat","DISTRICT":"Kachchh","BLOCK":"Lakhpat","n_lists":1,"n_birders":1,"n_species":40,"focal_lists":1},"geometry":{"type":"Polygon","coordinates":[[[68.80609853122226,23.710338251509154],[68.75609853122227,23.710338251509154],[68.75609853122227,23.760338251509155],[68.80609853122226,23.760338251509155],[68.80609853122226,23.710338251509154]]]}},{"type":"Feature","properties":{"GRID_CODE":"GJ-KU-BHA-028","STATE":"Gujarat","DISTRICT":"Kachchh","BLOCK":"Bhachau","n_lists":1,"n_birders":1,"n_species":36,"focal_lists":1},"geometry":{"type":"Polygon","coordinates":[[[70.55609853122226,23.410338251509154],[70.50609853122227,23.410338251509154],[70.50609853122227,23.460338251509154],[70.55609853122226,23.460338251509154],[70.55609853122226,23.410338251509154]]]}},{"type":"Feature","properties":{"GRID_CODE":"GJ-KU-BHU-170","STATE":"Gujarat","DISTRICT":"Kachchh","BLOCK":"Bhuj","n_lists":5,"n_birders":1,"n_species":53,"focal_lists":4},"geometry":{"type":"Polygon","coordinates":[[[69.75609853122227,23.010338251509155],[69.70609853122227,23.010338251509155],[69.70609853122227,23.060338251509156],[69.75609853122227,23.060338251509156],[69.75609853122227,23.010338251509155]]]}},{"type":"Feature","properties":{"GRID_CODE":"GJ-KU-RAP-031","STATE":"Gujarat","DISTRICT":"Kachchh","BLOCK":"Rapar","n_lists":1,"n_birders":1,"n_species":25,"focal_lists":0},"geometry":{"type":"Polygon","coordinates":[[[70.70609853122227,23.660338251509154],[70.65609853122227,23.660338251509154],[70.65609853122227,23.710338251509154],[70.70609853122227,23.710338251509154],[70.70609853122227,23.660338251509154]]]}},{"type":"Feature","properties":{"GRID_CODE":"GJ-KU-RAN-454","STATE":"Gujarat","DISTRICT":"Kachchh","BLOCK":"Rann of Kachchh","n_lists":0,"n_birders":0,"n_species":0,"focal_lists":0},"geometry":{"type":"Polygon","coordinates":[[[68.60609853122227,23.810338251509156],[68.55609853122226,23.810338251509156],[68.55609853122226,23.860338251509157],[68.60609853122227,23.860338251509157],[68.60609853122227,23.810338251509156]]]}},{"type":"Feature","properties":{"GRID_CODE":"GJ-KU-RAP-004","STATE":"Gujarat","DISTRICT":"Kachchh","BLOCK":"Rapar","n_lists":1,"n_birders":1,"n_species":35,"focal_lists":1},"geometry":{"type":"Polygon","coordinates":[[[70.65609853122227,23.860338251509157],[70.60609853122227,23.860338251509157],[70.60609853122227,23.910338251509154],[70.65609853122227,23.910338251509154],[70.65609853122227,23.860338251509157]]]}},{"type":"Feature","properties":{"GRID_CODE":"GJ-KU-MAN-006","STATE":"Gujarat","DISTRICT":"Kachchh","BLOCK":"Mandvi","n_lists":0,"n_birders":0,"n_species":0,"focal_lists":0},"geometry":{"type":"Polygon","coordinates":[[[69.35609853122227,23.060338251509156],[69.30609853122226,23.060338251509156],[69.30609853122226,23.110338251509157],[69.35609853122227,23.110338251509157],[69.35609853122227,23.060338251509156]]]}},{"type":"Feature","properties":{"GRID_CODE":"GJ-KU-RAN-538","STATE":"Gujarat","DISTRICT":"Kachchh","BLOCK":"Rann of Kachchh","n_lists":0,"n_birders":0,"n_species":0,"focal_lists":0},"geometry":{"type":"Polygon","coordinates":[[[70.30609853122226,23.710338251509154],[70.25609853122227,23.710338251509154],[70.25609853122227,23.760338251509155],[70.30609853122226,23.760338251509155],[70.30609853122226,23.710338251509154]]]}},{"type":"Feature","properties":{"GRID_CODE":"GJ-KU-RAN-034","STATE":"Gujarat","DISTRICT":"Kachchh","BLOCK":"Rann of Kachchh","n_lists":0,"n_birders":0,"n_species":0,"focal_lists":0},"geometry":{"type":"Polygon","coordinates":[[[71.25609853122227,24.360338251509157],[71.20609853122227,24.360338251509157],[71.20609853122227,24.410338251509154],[71.25609853122227,24.410338251509154],[71.25609853122227,24.360338251509157]]]}},{"type":"Feature","properties":{"GRID_CODE":"GJ-KU-BHU-074","STATE":"Gujarat","DISTRICT":"Kachchh","BLOCK":"Bhuj","n_lists":0,"n_birders":0,"n_species":0,"focal_lists":0},"geometry":{"type":"Polygon","coordinates":[[[69.95609853122227,23.560338251509156],[69.90609853122227,23.560338251509156],[69.90609853122227,23.610338251509157],[69.95609853122227,23.610338251509157],[69.95609853122227,23.560338251509156]]]}},{"type":"Feature","properties":{"GRID_CODE":"GJ-KU-BHU-004","STATE":"Gujarat","DISTRICT":"Kachchh","BLOCK":"Bhuj","n_lists":0,"n_birders":0,"n_species":0,"focal_lists":0},"geometry":{"type":"Polygon","coordinates":[[[69.70609853122227,23.860338251509157],[69.65609853122227,23.860338251509157],[69.65609853122227,23.910338251509154],[69.70609853122227,23.910338251509154],[69.70609853122227,23.860338251509157]]]}},{"type":"Feature","properties":{"GRID_CODE":"GJ-KU-BHU-027","STATE":"Gujarat","DISTRICT":"Kachchh","BLOCK":"Bhuj","n_lists":1,"n_birders":1,"n_species":87,"focal_lists":1},"geometry":{"type":"Polygon","coordinates":[[[69.35609853122227,23.710338251509154],[69.30609853122226,23.710338251509154],[69.30609853122226,23.760338251509155],[69.35609853122227,23.760338251509155],[69.35609853122227,23.710338251509154]]]}},{"type":"Feature","properties":{"GRID_CODE":"GJ-KU-RAN-258","STATE":"Gujarat","DISTRICT":"Kachchh","BLOCK":"Rann of Kachchh","n_lists":0,"n_birders":0,"n_species":0,"focal_lists":0},"geometry":{"type":"Polygon","coordinates":[[[69.10609853122227,24.010338251509155],[69.05609853122226,24.010338251509155],[69.05609853122226,24.060338251509156],[69.10609853122227,24.060338251509156],[69.10609853122227,24.010338251509155]]]}},{"type":"Feature","properties":{"GRID_CODE":"GJ-KU-RAN-288","STATE":"Gujarat","DISTRICT":"Kachchh","BLOCK":"Rann of Kachchh","n_lists":0,"n_birders":0,"n_species":0,"focal_lists":0},"geometry":{"type":"Polygon","coordinates":[[[70.60609853122227,24.010338251509155],[70.55609853122226,24.010338251509155],[70.55609853122226,24.060338251509156],[70.60609853122227,24.060338251509156],[70.60609853122227,24.010338251509155]]]}},{"type":"Feature","properties":{"GRID_CODE":"GJ-KU-RAN-013","STATE":"Gujarat","DISTRICT":"Kachchh","BLOCK":"Rann of Kachchh","n_lists":0,"n_birders":0,"n_species":0,"focal_lists":0},"geometry":{"type":"Polygon","coordinates":[[[71.20609853122227,24.510338251509155],[71.15609853122227,24.510338251509155],[71.15609853122227,24.560338251509156],[71.20609853122227,24.560338251509156],[71.20609853122227,24.510338251509155]]]}},{"type":"Feature","properties":{"GRID_CODE":"GJ-KU-ABD-022","STATE":"Gujarat","DISTRICT":"Kachchh","BLOCK":"Abdasa","n_lists":0,"n_birders":0,"n_species":0,"focal_lists":0},"geometry":{"type":"Polygon","coordinates":[[[68.75609853122227,23.310338251509156],[68.70609853122227,23.310338251509156],[68.70609853122227,23.360338251509157],[68.75609853122227,23.360338251509157],[68.75609853122227,23.310338251509156]]]}},{"type":"Feature","properties":{"GRID_CODE":"GJ-KU-BHA-066","STATE":"Gujarat","DISTRICT":"Kachchh","BLOCK":"Bhachau","n_lists":0,"n_birders":0,"n_species":0,"focal_lists":0},"geometry":{"type":"Polygon","coordinates":[[[70.45609853122227,23.210338251509154],[70.40609853122227,23.210338251509154],[70.40609853122227,23.260338251509155],[70.45609853122227,23.260338251509155],[70.45609853122227,23.210338251509154]]]}},{"type":"Feature","properties":{"GRID_CODE":"GJ-KU-MUN-027","STATE":"Gujarat","DISTRICT":"Kachchh","BLOCK":"Mundra","n_lists":0,"n_birders":0,"n_species":0,"focal_lists":0},"geometry":{"type":"Polygon","coordinates":[[[69.65609853122227,22.810338251509156],[69.60609853122227,22.810338251509156],[69.60609853122227,22.860338251509157],[69.65609853122227,22.860338251509157],[69.65609853122227,22.810338251509156]]]}},{"type":"Feature","properties":{"GRID_CODE":"GJ-KU-ANJ-032","STATE":"Gujarat","DISTRICT":"Kachchh","BLOCK":"Anjar","n_lists":0,"n_birders":0,"n_species":0,"focal_lists":0},"geometry":{"type":"Polygon","coordinates":[[[70.10609853122227,23.060338251509156],[70.05609853122226,23.060338251509156],[70.05609853122226,23.110338251509157],[70.10609853122227,23.110338251509157],[70.10609853122227,23.060338251509156]]]}},{"type":"Feature","properties":{"GRID_CODE":"GJ-KU-BHA-040","STATE":"Gujarat","DISTRICT":"Kachchh","BLOCK":"Bhachau","n_lists":0,"n_birders":0,"n_species":0,"focal_lists":0},"geometry":{"type":"Polygon","coordinates":[[[70.25609853122227,23.310338251509156],[70.20609853122227,23.310338251509156],[70.20609853122227,23.360338251509157],[70.25609853122227,23.360338251509157],[70.25609853122227,23.310338251509156]]]}},{"type":"Feature","properties":{"GRID_CODE":"GJ-KU-BHU-101","STATE":"Gujarat","DISTRICT":"Kachchh","BLOCK":"Bhuj","n_lists":1,"n_birders":1,"n_species":10,"focal_lists":1},"geometry":{"type":"Polygon","coordinates":[[[69.85609853122227,23.360338251509157],[69.80609853122226,23.360338251509157],[69.80609853122226,23.410338251509154],[69.85609853122227,23.410338251509154],[69.85609853122227,23.360338251509157]]]}},{"type":"Feature","properties":{"GRID_CODE":"GJ-KU-RAN-567","STATE":"Gujarat","DISTRICT":"Kachchh","BLOCK":"Rann of Kachchh","n_lists":0,"n_birders":0,"n_species":0,"focal_lists":0},"geometry":{"type":"Polygon","coordinates":[[[70.00609853122227,23.610338251509157],[69.95609853122227,23.610338251509157],[69.95609853122227,23.660338251509154],[70.00609853122227,23.660338251509154],[70.00609853122227,23.610338251509157]]]}},{"type":"Feature","properties":{"GRID_CODE":"GJ-KU-BHU-131","STATE":"Gujarat","DISTRICT":"Kachchh","BLOCK":"Bhuj","n_lists":0,"n_birders":0,"n_species":0,"focal_lists":0},"geometry":{"type":"Polygon","coordinates":[[[69.50609853122227,23.210338251509154],[69.45609853122227,23.210338251509154],[69.45609853122227,23.260338251509155],[69.50609853122227,23.260338251509155],[69.50609853122227,23.210338251509154]]]}},{"type":"Feature","properties":{"GRID_CODE":"GJ-KU-BHA-007","STATE":"Gujarat","DISTRICT":"Kachchh","BLOCK":"Bhachau","n_lists":0,"n_birders":0,"n_species":0,"focal_lists":0},"geometry":{"type":"Polygon","coordinates":[[[70.45609853122227,23.860338251509157],[70.40609853122227,23.860338251509157],[70.40609853122227,23.910338251509154],[70.45609853122227,23.910338251509154],[70.45609853122227,23.860338251509157]]]}},{"type":"Feature","properties":{"GRID_CODE":"GJ-KU-LIT-039","STATE":"Gujarat","DISTRICT":"Kachchh","BLOCK":"Little Rann","n_lists":2,"n_birders":1,"n_species":35,"focal_lists":1},"geometry":{"type":"Polygon","coordinates":[[[69.65609853122227,23.460338251509154],[69.60609853122227,23.460338251509154],[69.60609853122227,23.510338251509155],[69.65609853122227,23.510338251509155],[69.65609853122227,23.460338251509154]]]}},{"type":"Feature","properties":{"GRID_CODE":"GJ-KU-LIT-070","STATE":"Gujarat","DISTRICT":"Kachchh","BLOCK":"Little Rann","n_lists":0,"n_birders":0,"n_species":0,"focal_lists":0},"geometry":{"type":"Polygon","coordinates":[[[71.35609853122227,23.360338251509157],[71.30609853122226,23.360338251509157],[71.30609853122226,23.410338251509154],[71.35609853122227,23.410338251509154],[71.35609853122227,23.360338251509157]]]}},{"type":"Feature","properties":{"GRID_CODE":"GJ-KU-NAK-013","STATE":"Gujarat","DISTRICT":"Kachchh","BLOCK":"Nakhatrana","n_lists":0,"n_birders":0,"n_species":0,"focal_lists":0},"geometry":{"type":"Polygon","coordinates":[[[69.25609853122227,23.510338251509155],[69.20609853122227,23.510338251509155],[69.20609853122227,23.560338251509156],[69.25609853122227,23.560338251509156],[69.25609853122227,23.510338251509155]]]}},{"type":"Feature","properties":{"GRID_CODE":"GJ-KU-RAN-502","STATE":"Gujarat","DISTRICT":"Kachchh","BLOCK":"Rann of Kachchh","n_lists":0,"n_birders":0,"n_species":0,"focal_lists":0},"geometry":{"type":"Polygon","coordinates":[[[69.40609853122227,23.760338251509155],[69.35609853122227,23.760338251509155],[69.35609853122227,23.810338251509156],[69.40609853122227,23.810338251509156],[69.40609853122227,23.760338251509155]]]}},{"type":"Feature","properties":{"GRID_CODE":"GJ-KU-LIT-115","STATE":"Gujarat","DISTRICT":"Kachchh","BLOCK":"Little Rann","n_lists":0,"n_birders":0,"n_species":0,"focal_lists":0},"geometry":{"type":"Polygon","coordinates":[[[71.00609853122227,23.210338251509154],[70.95609853122227,23.210338251509154],[70.95609853122227,23.260338251509155],[71.00609853122227,23.260338251509155],[71.00609853122227,23.210338251509154]]]}},{"type":"Feature","properties":{"GRID_CODE":"GJ-KU-ABD-016","STATE":"Gujarat","DISTRICT":"Kachchh","BLOCK":"Abdasa","n_lists":0,"n_birders":0,"n_species":0,"focal_lists":0},"geometry":{"type":"Polygon","coordinates":[[[68.90609853122227,23.360338251509157],[68.85609853122227,23.360338251509157],[68.85609853122227,23.410338251509154],[68.90609853122227,23.410338251509154],[68.90609853122227,23.360338251509157]]]}},{"type":"Feature","properties":{"GRID_CODE":"GJ-KU-RAN-273","STATE":"Gujarat","DISTRICT":"Kachchh","BLOCK":"Rann of Kachchh","n_lists":0,"n_birders":0,"n_species":0,"focal_lists":0},"geometry":{"type":"Polygon","coordinates":[[[69.85609853122227,24.010338251509155],[69.80609853122226,24.010338251509155],[69.80609853122226,24.060338251509156],[69.85609853122227,24.060338251509156],[69.85609853122227,24.010338251509155]]]}},{"type":"Feature","properties":{"GRID_CODE":"GJ-KU-LAK-041","STATE":"Gujarat","DISTRICT":"Kachchh","BLOCK":"Lakhpat","n_lists":2,"n_birders":1,"n_species":19,"focal_lists":2},"geometry":{"type":"Polygon","coordinates":[[[69.05609853122226,23.610338251509157],[69.00609853122227,23.610338251509157],[69.00609853122227,23.660338251509154],[69.05609853122226,23.660338251509154],[69.05609853122226,23.610338251509157]]]}},{"type":"Feature","properties":{"GRID_CODE":"GJ-KU-LAK-067","STATE":"Gujarat","DISTRICT":"Kachchh","BLOCK":"Lakhpat","n_lists":2,"n_birders":1,"n_species":55,"focal_lists":2},"geometry":{"type":"Polygon","coordinates":[[[68.70609853122227,23.460338251509154],[68.65609853122227,23.460338251509154],[68.65609853122227,23.510338251509155],[68.70609853122227,23.510338251509155],[68.70609853122227,23.460338251509154]]]}},{"type":"Feature","properties":{"GRID_CODE":"GJ-KU-RAP-065","STATE":"Gujarat","DISTRICT":"Kachchh","BLOCK":"Rapar","n_lists":0,"n_birders":0,"n_species":0,"focal_lists":0},"geometry":{"type":"Polygon","coordinates":[[[70.75609853122227,23.510338251509155],[70.70609853122227,23.510338251509155],[70.70609853122227,23.560338251509156],[70.75609853122227,23.560338251509156],[70.75609853122227,23.510338251509155]]]}},{"type":"Feature","properties":{"GRID_CODE":"GJ-KU-BHA-034","STATE":"Gujarat","DISTRICT":"Kachchh","BLOCK":"Bhachau","n_lists":0,"n_birders":0,"n_species":0,"focal_lists":0},"geometry":{"type":"Polygon","coordinates":[[[70.40609853122227,23.360338251509157],[70.35609853122227,23.360338251509157],[70.35609853122227,23.410338251509154],[70.40609853122227,23.410338251509154],[70.40609853122227,23.360338251509157]]]}},{"type":"Feature","properties":{"GRID_CODE":"GJ-KU-RAN-115","STATE":"Gujarat","DISTRICT":"Kachchh","BLOCK":"Rann of Kachchh","n_lists":2,"n_birders":1,"n_species":13,"focal_lists":1},"geometry":{"type":"Polygon","coordinates":[[[69.25609853122227,24.160338251509154],[69.20609853122227,24.160338251509154],[69.20609853122227,24.210338251509154],[69.25609853122227,24.210338251509154],[69.25609853122227,24.160338251509154]]]}},{"type":"Feature","properties":{"GRID_CODE":"GJ-KU-RAN-045","STATE":"Gujarat","DISTRICT":"Kachchh","BLOCK":"Rann of Kachchh","n_lists":0,"n_birders":0,"n_species":0,"focal_lists":0},"geometry":{"type":"Polygon","coordinates":[[[71.10609853122227,24.310338251509156],[71.05609853122226,24.310338251509156],[71.05609853122226,24.360338251509157],[71.10609853122227,24.360338251509157],[71.10609853122227,24.310338251509156]]]}},{"type":"Feature","properties":{"GRID_CODE":"GJ-KU-RAN-138","STATE":"Gujarat","DISTRICT":"Kachchh","BLOCK":"Rann of Kachchh","n_lists":0,"n_birders":0,"n_species":0,"focal_lists":0},"geometry":{"type":"Polygon","coordinates":[[[70.75609853122227,24.160338251509154],[70.70609853122227,24.160338251509154],[70.70609853122227,24.210338251509154],[70.75609853122227,24.210338251509154],[70.75609853122227,24.160338251509154]]]}},{"type":"Feature","properties":{"GRID_CODE":"GJ-KU-MUN-008","STATE":"Gujarat","DISTRICT":"Kachchh","BLOCK":"Mundra","n_lists":1,"n_birders":1,"n_species":29,"focal_lists":1},"geometry":{"type":"Polygon","coordinates":[[[69.80609853122226,22.960338251509154],[69.75609853122227,22.960338251509154],[69.75609853122227,23.010338251509155],[69.80609853122226,23.010338251509155],[69.80609853122226,22.960338251509154]]]}},{"type":"Feature","properties":{"GRID_CODE":"GJ-KU-NAK-066","STATE":"Gujarat","DISTRICT":"Kachchh","BLOCK":"Nakhatrana","n_lists":0,"n_birders":0,"n_species":0,"focal_lists":0},"geometry":{"type":"Polygon","coordinates":[[[69.20609853122227,23.110338251509157],[69.15609853122227,23.110338251509157],[69.15609853122227,23.160338251509154],[69.20609853122227,23.160338251509154],[69.20609853122227,23.110338251509157]]]}},{"type":"Feature","properties":{"GRID_CODE":"GJ-KU-ABD-059","STATE":"Gujarat","DISTRICT":"Kachchh","BLOCK":"Abdasa","n_lists":0,"n_birders":0,"n_species":0,"focal_lists":0},"geometry":{"type":"Polygon","coordinates":[[[68.80609853122226,23.160338251509154],[68.75609853122227,23.160338251509154],[68.75609853122227,23.210338251509154],[68.80609853122226,23.210338251509154],[68.80609853122226,23.160338251509154]]]}},{"type":"Feature","properties":{"GRID_CODE":"GJ-KU-LIT-159","STATE":"Gujarat","DISTRICT":"Kachchh","BLOCK":"Little Rann","n_lists":0,"n_birders":0,"n_species":0,"focal_lists":0},"geometry":{"type":"Polygon","coordinates":[[[70.70609853122227,23.110338251509157],[70.65609853122227,23.110338251509157],[70.65609853122227,23.160338251509154],[70.70609853122227,23.160338251509154],[70.70609853122227,23.110338251509157]]]}},{"type":"Feature","properties":{"GRID_CODE":"GJ-KU-ABD-031","STATE":"Gujarat","DISTRICT":"Kachchh","BLOCK":"Abdasa","n_lists":0,"n_birders":0,"n_species":0,"focal_lists":0},"geometry":{"type":"Polygon","coordinates":[[[68.60609853122227,23.260338251509155],[68.55609853122226,23.260338251509155],[68.55609853122226,23.310338251509156],[68.60609853122227,23.310338251509156],[68.60609853122227,23.260338251509155]]]}},{"type":"Feature","properties":{"GRID_CODE":"GJ-KU-LIT-182","STATE":"Gujarat","DISTRICT":"Kachchh","BLOCK":"Little Rann","n_lists":0,"n_birders":0,"n_species":0,"focal_lists":0},"geometry":{"type":"Polygon","coordinates":[[[70.35609853122227,22.960338251509154],[70.30609853122226,22.960338251509154],[70.30609853122226,23.010338251509155],[70.35609853122227,23.010338251509155],[70.35609853122227,22.960338251509154]]]}},{"type":"Feature","properties":{"GRID_CODE":"GJ-KU-LIT-128","STATE":"Gujarat","DISTRICT":"Kachchh","BLOCK":"Little Rann","n_lists":0,"n_birders":0,"n_species":0,"focal_lists":0},"geometry":{"type":"Polygon","coordinates":[[[70.30609853122226,23.160338251509154],[70.25609853122227,23.160338251509154],[70.25609853122227,23.210338251509154],[70.30609853122226,23.210338251509154],[70.30609853122226,23.160338251509154]]]}},{"type":"Feature","properties":{"GRID_CODE":"GJ-KU-ANJ-035","STATE":"Gujarat","DISTRICT":"Kachchh","BLOCK":"Anjar","n_lists":0,"n_birders":0,"n_species":0,"focal_lists":0},"geometry":{"type":"Polygon","coordinates":[[[69.95609853122227,23.010338251509155],[69.90609853122227,23.010338251509155],[69.90609853122227,23.060338251509156],[69.95609853122227,23.060338251509156],[69.95609853122227,23.010338251509155]]]}},{"type":"Feature","properties":{"GRID_CODE":"GJ-KU-RAP-035","STATE":"Gujarat","DISTRICT":"Kachchh","BLOCK":"Rapar","n_lists":1,"n_birders":1,"n_species":37,"focal_lists":1},"geometry":{"type":"Polygon","coordinates":[[[70.90609853122227,23.660338251509154],[70.85609853122227,23.660338251509154],[70.85609853122227,23.710338251509154],[70.90609853122227,23.710338251509154],[70.90609853122227,23.660338251509154]]]}},{"type":"Feature","properties":{"GRID_CODE":"GJ-KU-RAN-457","STATE":"Gujarat","DISTRICT":"Kachchh","BLOCK":"Rann of Kachchh","n_lists":2,"n_birders":1,"n_species":28,"focal_lists":1},"geometry":{"type":"Polygon","coordinates":[[[68.80609853122226,23.810338251509156],[68.75609853122227,23.810338251509156],[68.75609853122227,23.860338251509157],[68.80609853122226,23.860338251509157],[68.80609853122226,23.810338251509156]]]}},{"type":"Feature","properties":{"GRID_CODE":"GJ-KU-BHU-157","STATE":"Gujarat","DISTRICT":"Kachchh","BLOCK":"Bhuj","n_lists":0,"n_birders":0,"n_species":0,"focal_lists":0},"geometry":{"type":"Polygon","coordinates":[[[69.75609853122227,23.110338251509157],[69.70609853122227,23.110338251509157],[69.70609853122227,23.160338251509154],[69.75609853122227,23.160338251509154],[69.75609853122227,23.110338251509157]]]}},{"type":"Feature","properties":{"GRID_CODE":"GJ-KU-RAN-360","STATE":"Gujarat","DISTRICT":"Kachchh","BLOCK":"Rann of Kachchh","n_lists":0,"n_birders":0,"n_species":0,"focal_lists":0},"geometry":{"type":"Polygon","coordinates":[[[68.60609853122227,23.910338251509154],[68.55609853122226,23.910338251509154],[68.55609853122226,23.960338251509154],[68.60609853122227,23.960338251509154],[68.60609853122227,23.910338251509154]]]}},{"type":"Feature","properties":{"GRID_CODE":"GJ-KU-RAN-342","STATE":"Gujarat","DISTRICT":"Kachchh","BLOCK":"Rann of Kachchh","n_lists":0,"n_birders":0,"n_species":0,"focal_lists":0},"geometry":{"type":"Polygon","coordinates":[[[70.65609853122227,23.960338251509154],[70.60609853122227,23.960338251509154],[70.60609853122227,24.010338251509155],[70.65609853122227,24.010338251509155],[70.65609853122227,23.960338251509154]]]}},{"type":"Feature","properties":{"GRID_CODE":"GJ-KU-NAK-065","STATE":"Gujarat","DISTRICT":"Kachchh","BLOCK":"Nakhatrana","n_lists":0,"n_birders":0,"n_species":0,"focal_lists":0},"geometry":{"type":"Polygon","coordinates":[[[69.35609853122227,23.160338251509154],[69.30609853122226,23.160338251509154],[69.30609853122226,23.210338251509154],[69.35609853122227,23.210338251509154],[69.35609853122227,23.160338251509154]]]}},{"type":"Feature","properties":{"GRID_CODE":"GJ-KU-BHA-009","STATE":"Gujarat","DISTRICT":"Kachchh","BLOCK":"Bhachau","n_lists":3,"n_birders":1,"n_species":55,"focal_lists":2},"geometry":{"type":"Polygon","coordinates":[[[70.30609853122226,23.810338251509156],[70.25609853122227,23.810338251509156],[70.25609853122227,23.860338251509157],[70.30609853122226,23.860338251509157],[70.30609853122226,23.810338251509156]]]}},{"type":"Feature","properties":{"GRID_CODE":"GJ-KU-RAN-019","STATE":"Gujarat","DISTRICT":"Kachchh","BLOCK":"Rann of Kachchh","n_lists":0,"n_birders":0,"n_species":0,"focal_lists":0},"geometry":{"type":"Polygon","coordinates":[[[71.25609853122227,24.460338251509154],[71.20609853122227,24.460338251509154],[71.20609853122227,24.510338251509155],[71.25609853122227,24.510338251509155],[71.25609853122227,24.460338251509154]]]}},{"type":"Feature","properties":{"GRID_CODE":"GJ-KU-RAN-549","STATE":"Gujarat","DISTRICT":"Kachchh","BLOCK":"Rann of Kachchh","n_lists":0,"n_birders":0,"n_species":0,"focal_lists":0},"geometry":{"type":"Polygon","coordinates":[[[69.95609853122227,23.660338251509154],[69.90609853122227,23.660338251509154],[69.90609853122227,23.710338251509154],[69.95609853122227,23.710338251509154],[69.95609853122227,23.660338251509154]]]}},{"type":"Feature","properties":{"GRID_CODE":"GJ-KU-RAN-176","STATE":"Gujarat","DISTRICT":"Kachchh","BLOCK":"Rann of Kachchh","n_lists":0,"n_birders":0,"n_species":0,"focal_lists":0},"geometry":{"type":"Polygon","coordinates":[[[70.05609853122226,24.110338251509157],[70.00609853122227,24.110338251509157],[70.00609853122227,24.160338251509154],[70.05609853122226,24.160338251509154],[70.05609853122226,24.110338251509157]]]}},{"type":"Feature","properties":{"GRID_CODE":"GJ-KU-RAN-323","STATE":"Gujarat","DISTRICT":"Kachchh","BLOCK":"Rann of Kachchh","n_lists":2,"n_birders":1,"n_species":19,"focal_lists":1},"geometry":{"type":"Polygon","coordinates":[[[69.70609853122227,23.960338251509154],[69.65609853122227,23.960338251509154],[69.65609853122227,24.010338251509155],[69.70609853122227,24.010338251509155],[69.70609853122227,23.960338251509154]]]}},{"type":"Feature","properties":{"GRID_CODE":"GJ-KU-RAN-468","STATE":"Gujarat","DISTRICT":"Kachchh","BLOCK":"Rann of Kachchh","n_lists":0,"n_birders":0,"n_species":0,"focal_lists":0},"geometry":{"type":"Polygon","coordinates":[[[69.35609853122227,23.810338251509156],[69.30609853122226,23.810338251509156],[69.30609853122226,23.860338251509157],[69.35609853122227,23.860338251509157],[69.35609853122227,23.810338251509156]]]}},{"type":"Feature","properties":{"GRID_CODE":"GJ-KU-RAN-353","STATE":"Gujarat","DISTRICT":"Kachchh","BLOCK":"Rann of Kachchh","n_lists":0,"n_birders":0,"n_species":0,"focal_lists":0},"geometry":{"type":"Polygon","coordinates":[[[71.20609853122227,23.960338251509154],[71.15609853122227,23.960338251509154],[71.15609853122227,24.010338251509155],[71.20609853122227,24.010338251509155],[71.20609853122227,23.960338251509154]]]}},{"type":"Feature","properties":{"GRID_CODE":"GJ-KU-RAN-157","STATE":"Gujarat","DISTRICT":"Kachchh","BLOCK":"Rann of Kachchh","n_lists":0,"n_birders":0,"n_species":0,"focal_lists":0},"geometry":{"type":"Polygon","coordinates":[[[69.10609853122227,24.110338251509157],[69.05609853122226,24.110338251509157],[69.05609853122226,24.160338251509154],[69.10609853122227,24.160338251509154],[69.10609853122227,24.110338251509157]]]}},{"type":"Feature","properties":{"GRID_CODE":"GJ-KU-RAN-187","STATE":"Gujarat","DISTRICT":"Kachchh","BLOCK":"Rann of Kachchh","n_lists":0,"n_birders":0,"n_species":0,"focal_lists":0},"geometry":{"type":"Polygon","coordinates":[[[70.60609853122227,24.110338251509157],[70.55609853122226,24.110338251509157],[70.55609853122226,24.160338251509154],[70.60609853122227,24.160338251509154],[70.60609853122227,24.110338251509157]]]}},{"type":"Feature","properties":{"GRID_CODE":"GJ-KU-RAN-003","STATE":"Gujarat","DISTRICT":"Kachchh","BLOCK":"Rann of Kachchh","n_lists":0,"n_birders":0,"n_species":0,"focal_lists":0},"geometry":{"type":"Polygon","coordinates":[[[71.20609853122227,24.610338251509157],[71.15609853122227,24.610338251509157],[71.15609853122227,24.660338251509154],[71.20609853122227,24.660338251509154],[71.20609853122227,24.610338251509157]]]}},{"type":"Feature","properties":{"GRID_CODE":"GJ-KU-LIT-140","STATE":"Gujarat","DISTRICT":"Kachchh","BLOCK":"Little Rann","n_lists":0,"n_birders":0,"n_species":0,"focal_lists":0},"geometry":{"type":"Polygon","coordinates":[[[71.05609853122226,23.160338251509154],[71.00609853122227,23.160338251509154],[71.00609853122227,23.210338251509154],[71.05609853122226,23.210338251509154],[71.05609853122226,23.160338251509154]]]}},{"type":"Feature","properties":{"GRID_CODE":"GJ-KU-ABD-006","STATE":"Gujarat","DISTRICT":"Kachchh","BLOCK":"Abdasa","n_lists":0,"n_birders":0,"n_species":0,"focal_lists":0},"geometry":{"type":"Polygon","coordinates":[[[68.75609853122227,23.410338251509154],[68.70609853122227,23.410338251509154],[68.70609853122227,23.460338251509154],[68.75609853122227,23.460338251509154],[68.75609853122227,23.410338251509154]]]}},{"type":"Feature","properties":{"GRID_CODE":"GJ-KU-BHA-044","STATE":"Gujarat","DISTRICT":"Kachchh","BLOCK":"Bhachau","n_lists":0,"n_birders":0,"n_species":0,"focal_lists":0},"geometry":{"type":"Polygon","coordinates":[[[70.45609853122227,23.310338251509156],[70.40609853122227,23.310338251509156],[70.40609853122227,23.360338251509157],[70.45609853122227,23.360338251509157],[70.45609853122227,23.310338251509156]]]}},{"type":"Feature","properties":{"GRID_CODE":"GJ-KU-MUN-010","STATE":"Gujarat","DISTRICT":"Kachchh","BLOCK":"Mundra","n_lists":0,"n_birders":0,"n_species":0,"focal_lists":0},"geometry":{"type":"Polygon","coordinates":[[[69.65609853122227,22.910338251509154],[69.60609853122227,22.910338251509154],[69.60609853122227,22.960338251509154],[69.65609853122227,22.960338251509154],[69.65609853122227,22.910338251509154]]]}},{"type":"Feature","properties":{"GRID_CODE":"GJ-KU-RAN-598","STATE":"Gujarat","DISTRICT":"Kachchh","BLOCK":"Rann of Kachchh","n_lists":0,"n_birders":0,"n_species":0,"focal_lists":0},"geometry":{"type":"Polygon","coordinates":[[[70.25609853122227,23.410338251509154],[70.20609853122227,23.410338251509154],[70.20609853122227,23.460338251509154],[70.25609853122227,23.460338251509154],[70.25609853122227,23.410338251509154]]]}},{"type":"Feature","properties":{"GRID_CODE":"GJ-KU-BHU-081","STATE":"Gujarat","DISTRICT":"Kachchh","BLOCK":"Bhuj","n_lists":0,"n_birders":0,"n_species":0,"focal_lists":0},"geometry":{"type":"Polygon","coordinates":[[[69.85609853122227,23.460338251509154],[69.80609853122226,23.460338251509154],[69.80609853122226,23.510338251509155],[69.85609853122227,23.510338251509155],[69.85609853122227,23.460338251509154]]]}},{"type":"Feature","properties":{"GRID_CODE":"GJ-KU-ABD-083","STATE":"Gujarat","DISTRICT":"Kachchh","BLOCK":"Abdasa","n_lists":3,"n_birders":1,"n_species":75,"focal_lists":2},"geometry":{"type":"Polygon","coordinates":[[[69.05609853122226,23.060338251509156],[69.00609853122227,23.060338251509156],[69.00609853122227,23.110338251509157],[69.05609853122226,23.110338251509157],[69.05609853122226,23.060338251509156]]]}},{"type":"Feature","properties":{"GRID_CODE":"GJ-KU-RAN-532","STATE":"Gujarat","DISTRICT":"Kachchh","BLOCK":"Rann of Kachchh","n_lists":0,"n_birders":0,"n_species":0,"focal_lists":0},"geometry":{"type":"Polygon","coordinates":[[[70.00609853122227,23.710338251509154],[69.95609853122227,23.710338251509154],[69.95609853122227,23.760338251509155],[70.00609853122227,23.760338251509155],[70.00609853122227,23.710338251509154]]]}},{"type":"Feature","properties":{"GRID_CODE":"GJ-KU-BHU-107","STATE":"Gujarat","DISTRICT":"Kachchh","BLOCK":"Bhuj","n_lists":3,"n_birders":1,"n_species":53,"focal_lists":3},"geometry":{"type":"Polygon","coordinates":[[[69.50609853122227,23.310338251509156],[69.45609853122227,23.310338251509156],[69.45609853122227,23.360338251509157],[69.50609853122227,23.360338251509157],[69.50609853122227,23.310338251509156]]]}},{"type":"Feature","properties":{"GRID_CODE":"GJ-KU-BHU-068","STATE":"Gujarat","DISTRICT":"Kachchh","BLOCK":"Bhuj","n_lists":0,"n_birders":0,"n_species":0,"focal_lists":0},"geometry":{"type":"Polygon","coordinates":[[[69.65609853122227,23.560338251509156],[69.60609853122227,23.560338251509156],[69.60609853122227,23.610338251509157],[69.65609853122227,23.610338251509157],[69.65609853122227,23.560338251509156]]]}},{"type":"Feature","properties":{"GRID_CODE":"GJ-KU-LIT-047","STATE":"Gujarat","DISTRICT":"Kachchh","BLOCK":"Little Rann","n_lists":0,"n_birders":0,"n_species":0,"focal_lists":0},"geometry":{"type":"Polygon","coordinates":[[[71.35609853122227,23.460338251509154],[71.30609853122226,23.460338251509154],[71.30609853122226,23.510338251509155],[71.35609853122227,23.510338251509155],[71.35609853122227,23.460338251509154]]]}},{"type":"Feature","properties":{"GRID_CODE":"GJ-KU-BHU-054","STATE":"Gujarat","DISTRICT":"Kachchh","BLOCK":"Bhuj","n_lists":1,"n_birders":1,"n_species":1,"focal_lists":0},"geometry":{"type":"Polygon","coordinates":[[[69.25609853122227,23.610338251509157],[69.20609853122227,23.610338251509157],[69.20609853122227,23.660338251509154],[69.25609853122227,23.660338251509154],[69.25609853122227,23.610338251509157]]]}},{"type":"Feature","properties":{"GRID_CODE":"GJ-KU-RAN-431","STATE":"Gujarat","DISTRICT":"Kachchh","BLOCK":"Rann of Kachchh","n_lists":0,"n_birders":0,"n_species":0,"focal_lists":0},"geometry":{"type":"Polygon","coordinates":[[[69.40609853122227,23.860338251509157],[69.35609853122227,23.860338251509157],[69.35609853122227,23.910338251509154],[69.40609853122227,23.910338251509154],[69.40609853122227,23.860338251509157]]]}},{"type":"Feature","properties":{"GRID_CODE":"GJ-KU-LIT-079","STATE":"Gujarat","DISTRICT":"Kachchh","BLOCK":"Little Rann","n_lists":0,"n_birders":0,"n_species":0,"focal_lists":0},"geometry":{"type":"Polygon","coordinates":[[[71.00609853122227,23.310338251509156],[70.95609853122227,23.310338251509156],[70.95609853122227,23.360338251509157],[71.00609853122227,23.360338251509157],[71.00609853122227,23.310338251509156]]]}},{"type":"Feature","properties":{"GRID_CODE":"GJ-KU-LAK-070","STATE":"Gujarat","DISTRICT":"Kachchh","BLOCK":"Lakhpat","n_lists":3,"n_birders":1,"n_species":51,"focal_lists":2},"geometry":{"type":"Polygon","coordinates":[[[68.90609853122227,23.460338251509154],[68.85609853122227,23.460338251509154],[68.85609853122227,23.510338251509155],[68.90609853122227,23.510338251509155],[68.90609853122227,23.460338251509154]]]}},{"type":"Feature","properties":{"GRID_CODE":"GJ-KU-RAN-172","STATE":"Gujarat","DISTRICT":"Kachchh","BLOCK":"Rann of Kachchh","n_lists":1,"n_birders":1,"n_species":15,"focal_lists":1},"geometry":{"type":"Polygon","coordinates":[[[69.85609853122227,24.110338251509157],[69.80609853122226,24.110338251509157],[69.80609853122226,24.160338251509154],[69.85609853122227,24.160338251509154],[69.85609853122227,24.110338251509157]]]}},{"type":"Feature","properties":{"GRID_CODE":"GJ-KU-RAN-528","STATE":"Gujarat","DISTRICT":"Kachchh","BLOCK":"Rann of Kachchh","n_lists":0,"n_birders":0,"n_species":0,"focal_lists":0},"geometry":{"type":"Polygon","coordinates":[[[69.05609853122226,23.710338251509154],[69.00609853122227,23.710338251509154],[69.00609853122227,23.760338251509155],[69.05609853122226,23.760338251509155],[69.05609853122226,23.710338251509154]]]}},{"type":"Feature","properties":{"GRID_CODE":"GJ-KU-LAK-048","STATE":"Gujarat","DISTRICT":"Kachchh","BLOCK":"Lakhpat","n_lists":2,"n_birders":1,"n_species":42,"focal_lists":1},"geometry":{"type":"Polygon","coordinates":[[[68.70609853122227,23.560338251509156],[68.65609853122227,23.560338251509156],[68.65609853122227,23.610338251509157],[68.70609853122227,23.610338251509157],[68.70609853122227,23.560338251509156]]]}},{"type":"Feature","properties":{"GRID_CODE":"GJ-KU-RAP-042","STATE":"Gujarat","DISTRICT":"Kachchh","BLOCK":"Rapar","n_lists":1,"n_birders":1,"n_species":13,"focal_lists":0},"geometry":{"type":"Polygon","coordinates":[[[70.75609853122227,23.610338251509157],[70.70609853122227,23.610338251509157],[70.70609853122227,23.660338251509154],[70.75609853122227,23.660338251509154],[70.75609853122227,23.610338251509157]]]}},{"type":"Feature","properties":{"GRID_CODE":"GJ-KU-LAK-002","STATE":"Gujarat","DISTRICT":"Kachchh","BLOCK":"Lakhpat","n_lists":0,"n_birders":0,"n_species":0,"focal_lists":0},"geometry":{"type":"Polygon","coordinates":[[[68.65609853122227,23.760338251509155],[68.60609853122227,23.760338251509155],[68.60609853122227,23.810338251509156],[68.65609853122227,23.810338251509156],[68.65609853122227,23.760338251509155]]]}},{"type":"Feature","properties":{"GRID_CODE":"GJ-KU-BHA-019","STATE":"Gujarat","DISTRICT":"Kachchh","BLOCK":"Bhachau","n_lists":1,"n_birders":1,"n_species":28,"focal_lists":1},"geometry":{"type":"Polygon","coordinates":[[[70.40609853122227,23.460338251509154],[70.35609853122227,23.460338251509154],[70.35609853122227,23.510338251509155],[70.40609853122227,23.510338251509155],[70.40609853122227,23.460338251509154]]]}},{"type":"Feature","properties":{"GRID_CODE":"GJ-KU-RAN-564","STATE":"Gujarat","DISTRICT":"Kachchh","BLOCK":"Rann of Kachchh","n_lists":0,"n_birders":0,"n_species":0,"focal_lists":0},"geometry":{"type":"Polygon","coordinates":[[[68.30609853122226,23.610338251509157],[68.25609853122227,23.610338251509157],[68.25609853122227,23.660338251509154],[68.30609853122226,23.660338251509154],[68.30609853122226,23.610338251509157]]]}},{"type":"Feature","properties":{"GRID_CODE":"GJ-KU-RAN-510","STATE":"Gujarat","DISTRICT":"Kachchh","BLOCK":"Rann of Kachchh","n_lists":0,"n_birders":0,"n_species":0,"focal_lists":0},"geometry":{"type":"Polygon","coordinates":[[[70.15609853122227,23.760338251509155],[70.10609853122227,23.760338251509155],[70.10609853122227,23.810338251509156],[70.15609853122227,23.810338251509156],[70.15609853122227,23.760338251509155]]]}},{"type":"Feature","properties":{"GRID_CODE":"GJ-KU-RAN-023","STATE":"Gujarat","DISTRICT":"Kachchh","BLOCK":"Rann of Kachchh","n_lists":0,"n_birders":0,"n_species":0,"focal_lists":0},"geometry":{"type":"Polygon","coordinates":[[[71.10609853122227,24.410338251509154],[71.05609853122226,24.410338251509154],[71.05609853122226,24.460338251509154],[71.10609853122227,24.460338251509154],[71.10609853122227,24.410338251509154]]]}},{"type":"Feature","properties":{"GRID_CODE":"GJ-KU-BHU-166","STATE":"Gujarat","DISTRICT":"Kachchh","BLOCK":"Bhuj","n_lists":0,"n_birders":0,"n_species":0,"focal_lists":0},"geometry":{"type":"Polygon","coordinates":[[[69.80609853122226,23.060338251509156],[69.75609853122227,23.060338251509156],[69.75609853122227,23.110338251509157],[69.80609853122226,23.110338251509157],[69.80609853122226,23.060338251509156]]]}},{"type":"Feature","properties":{"GRID_CODE":"GJ-KU-ABD-055","STATE":"Gujarat","DISTRICT":"Kachchh","BLOCK":"Abdasa","n_lists":1,"n_birders":1,"n_species":8,"focal_lists":1},"geometry":{"type":"Polygon","coordinates":[[[69.20609853122227,23.210338251509154],[69.15609853122227,23.210338251509154],[69.15609853122227,23.260338251509155],[69.20609853122227,23.260338251509155],[69.20609853122227,23.210338251509154]]]}},{"type":"Feature","properties":{"GRID_CODE":"GJ-KU-LIT-101","STATE":"Gujarat","DISTRICT":"Kachchh","BLOCK":"Little Rann","n_lists":0,"n_birders":0,"n_species":0,"focal_lists":0},"geometry":{"type":"Polygon","coordinates":[[[71.25609853122227,23.260338251509155],[71.20609853122227,23.260338251509155],[71.20609853122227,23.310338251509156],[71.25609853122227,23.310338251509156],[71.25609853122227,23.260338251509155]]]}},{"type":"Feature","properties":{"GRID_CODE":"GJ-KU-LIT-161","STATE":"Gujarat","DISTRICT":"Kachchh","BLOCK":"Little Rann","n_lists":0,"n_birders":0,"n_species":0,"focal_lists":0},"geometry":{"type":"Polygon","coordinates":[[[70.90609853122227,23.110338251509157],[70.85609853122227,23.110338251509157],[70.85609853122227,23.160338251509154],[70.90609853122227,23.160338251509154],[70.90609853122227,23.110338251509157]]]}},{"type":"Feature","properties":{"GRID_CODE":"GJ-KU-ABD-035","STATE":"Gujarat","DISTRICT":"Kachchh","BLOCK":"Abdasa","n_lists":0,"n_birders":0,"n_species":0,"focal_lists":0},"geometry":{"type":"Polygon","coordinates":[[[68.80609853122226,23.260338251509155],[68.75609853122227,23.260338251509155],[68.75609853122227,23.310338251509156],[68.80609853122226,23.310338251509156],[68.80609853122226,23.260338251509155]]]}},{"type":"Feature","properties":{"GRID_CODE":"GJ-KU-LIT-186","STATE":"Gujarat","DISTRICT":"Kachchh","BLOCK":"Little Rann","n_lists":0,"n_birders":0,"n_species":0,"focal_lists":0},"geometry":{"type":"Polygon","coordinates":[[[70.55609853122226,22.960338251509154],[70.50609853122227,22.960338251509154],[70.50609853122227,23.010338251509155],[70.55609853122226,23.010338251509155],[70.55609853122226,22.960338251509154]]]}},{"type":"Feature","properties":{"GRID_CODE":"GJ-KU-BHA-071","STATE":"Gujarat","DISTRICT":"Kachchh","BLOCK":"Bhachau","n_lists":0,"n_birders":0,"n_species":0,"focal_lists":0},"geometry":{"type":"Polygon","coordinates":[[[70.70609853122227,23.210338251509154],[70.65609853122227,23.210338251509154],[70.65609853122227,23.260338251509155],[70.70609853122227,23.260338251509155],[70.70609853122227,23.210338251509154]]]}},{"type":"Feature","properties":{"GRID_CODE":"GJ-KU-ABD-010","STATE":"Gujarat","DISTRICT":"Kachchh","BLOCK":"Abdasa","n_lists":3,"n_birders":1,"n_species":68,"focal_lists":2},"geometry":{"type":"Polygon","coordinates":[[[68.60609853122227,23.360338251509157],[68.55609853122226,23.360338251509157],[68.55609853122226,23.410338251509154],[68.60609853122227,23.410338251509154],[68.60609853122227,23.360338251509157]]]}},{"type":"Feature","properties":{"GRID_CODE":"GJ-KU-BHA-052","STATE":"Gujarat","DISTRICT":"Kachchh","BLOCK":"Bhachau","n_lists":0,"n_birders":0,"n_species":0,"focal_lists":0},"geometry":{"type":"Polygon","coordinates":[[[70.30609853122226,23.260338251509155],[70.25609853122227,23.260338251509155],[70.25609853122227,23.310338251509156],[70.30609853122226,23.310338251509156],[70.30609853122226,23.260338251509155]]]}},{"type":"Feature","properties":{"GRID_CODE":"GJ-KU-RAN-407","STATE":"Gujarat","DISTRICT":"Kachchh","BLOCK":"Rann of Kachchh","n_lists":0,"n_birders":0,"n_species":0,"focal_lists":0},"geometry":{"type":"Polygon","coordinates":[[[71.25609853122227,23.910338251509154],[71.20609853122227,23.910338251509154],[71.20609853122227,23.960338251509154],[71.25609853122227,23.960338251509154],[71.25609853122227,23.910338251509154]]]}},{"type":"Feature","properties":{"GRID_CODE":"GJ-KU-ANJ-022","STATE":"Gujarat","DISTRICT":"Kachchh","BLOCK":"Anjar","n_lists":0,"n_birders":0,"n_species":0,"focal_lists":0},"geometry":{"type":"Polygon","coordinates":[[[69.95609853122227,23.110338251509157],[69.90609853122227,23.110338251509157],[69.90609853122227,23.160338251509154],[69.95609853122227,23.160338251509154],[69.95609853122227,23.110338251509157]]]}},{"type":"Feature","properties":{"GRID_CODE":"GJ-KU-RAN-519","STATE":"Gujarat","DISTRICT":"Kachchh","BLOCK":"Rann of Kachchh","n_lists":2,"n_birders":1,"n_species":56,"focal_lists":1},"geometry":{"type":"Polygon","coordinates":[[[70.90609853122227,23.760338251509155],[70.85609853122227,23.760338251509155],[70.85609853122227,23.810338251509156],[70.90609853122227,23.810338251509156],[70.90609853122227,23.760338251509155]]]}},{"type":"Feature","properties":{"GRID_CODE":"GJ-KU-RAN-364","STATE":"Gujarat","DISTRICT":"Kachchh","BLOCK":"Rann of Kachchh","n_lists":0,"n_birders":0,"n_species":0,"focal_lists":0},"geometry":{"type":"Polygon","coordinates":[[[68.80609853122226,23.910338251509154],[68.75609853122227,23.910338251509154],[68.75609853122227,23.960338251509154],[68.80609853122226,23.960338251509154],[68.80609853122226,23.910338251509154]]]}},{"type":"Feature","properties":{"GRID_CODE":"GJ-KU-BHU-136","STATE":"Gujarat","DISTRICT":"Kachchh","BLOCK":"Bhuj","n_lists":1,"n_birders":1,"n_species":14,"focal_lists":1},"geometry":{"type":"Polygon","coordinates":[[[69.75609853122227,23.210338251509154],[69.70609853122227,23.210338251509154],[69.70609853122227,23.260338251509155],[69.75609853122227,23.260338251509155],[69.75609853122227,23.210338251509154]]]}},{"type":"Feature","properties":{"GRID_CODE":"GJ-KU-BHU-085","STATE":"Gujarat","DISTRICT":"Kachchh","BLOCK":"Bhuj","n_lists":0,"n_birders":0,"n_species":0,"focal_lists":0},"geometry":{"type":"Polygon","coordinates":[[[69.70609853122227,23.410338251509154],[69.65609853122227,23.410338251509154],[69.65609853122227,23.460338251509154],[69.70609853122227,23.460338251509154],[69.70609853122227,23.410338251509154]]]}},{"type":"Feature","properties":{"GRID_CODE":"GJ-KU-RAN-238","STATE":"Gujarat","DISTRICT":"Kachchh","BLOCK":"Rann of Kachchh","n_lists":0,"n_birders":0,"n_species":0,"focal_lists":0},"geometry":{"type":"Polygon","coordinates":[[[70.65609853122227,24.060338251509156],[70.60609853122227,24.060338251509156],[70.60609853122227,24.110338251509157],[70.65609853122227,24.110338251509157],[70.65609853122227,24.060338251509156]]]}},{"type":"Feature","properties":{"GRID_CODE":"GJ-KU-NAK-058","STATE":"Gujarat","DISTRICT":"Kachchh","BLOCK":"Nakhatrana","n_lists":0,"n_birders":0,"n_species":0,"focal_lists":0},"geometry":{"type":"Polygon","coordinates":[[[69.35609853122227,23.260338251509155],[69.30609853122226,23.260338251509155],[69.30609853122226,23.310338251509156],[69.35609853122227,23.310338251509156],[69.35609853122227,23.260338251509155]]]}},{"type":"Feature","properties":{"GRID_CODE":"GJ-KU-RAN-390","STATE":"Gujarat","DISTRICT":"Kachchh","BLOCK":"Rann of Kachchh","n_lists":0,"n_birders":0,"n_species":0,"focal_lists":0},"geometry":{"type":"Polygon","coordinates":[[[70.30609853122226,23.910338251509154],[70.25609853122227,23.910338251509154],[70.25609853122227,23.960338251509154],[70.30609853122226,23.960338251509154],[70.30609853122226,23.910338251509154]]]}},{"type":"Feature","properties":{"GRID_CODE":"GJ-KU-LIT-054","STATE":"Gujarat","DISTRICT":"Kachchh","BLOCK":"Little Rann","n_lists":0,"n_birders":0,"n_species":0,"focal_lists":0},"geometry":{"type":"Polygon","coordinates":[[[71.20609853122227,23.410338251509154],[71.15609853122227,23.410338251509154],[71.15609853122227,23.460338251509154],[71.20609853122227,23.460338251509154],[71.20609853122227,23.410338251509154]]]}},{"type":"Feature","properties":{"GRID_CODE":"GJ-KU-RAN-219","STATE":"Gujarat","DISTRICT":"Kachchh","BLOCK":"Rann of Kachchh","n_lists":4,"n_birders":1,"n_species":27,"focal_lists":3},"geometry":{"type":"Polygon","coordinates":[[[69.70609853122227,24.060338251509156],[69.65609853122227,24.060338251509156],[69.65609853122227,24.110338251509157],[69.70609853122227,24.110338251509157],[69.70609853122227,24.060338251509156]]]}},{"type":"Feature","properties":{"GRID_CODE":"GJ-KU-RAN-375","STATE":"Gujarat","DISTRICT":"Kachchh","BLOCK":"Rann of Kachchh","n_lists":0,"n_birders":0,"n_species":0,"focal_lists":0},"geometry":{"type":"Polygon","coordinates":[[[69.35609853122227,23.910338251509154],[69.30609853122226,23.910338251509154],[69.30609853122226,23.960338251509154],[69.35609853122227,23.960338251509154],[69.35609853122227,23.910338251509154]]]}},{"type":"Feature","properties":{"GRID_CODE":"GJ-KU-RAN-249","STATE":"Gujarat","DISTRICT":"Kachchh","BLOCK":"Rann of Kachchh","n_lists":0,"n_birders":0,"n_species":0,"focal_lists":0},"geometry":{"type":"Polygon","coordinates":[[[71.20609853122227,24.060338251509156],[71.15609853122227,24.060338251509156],[71.15609853122227,24.110338251509157],[71.20609853122227,24.110338251509157],[71.20609853122227,24.060338251509156]]]}},{"type":"Feature","properties":{"GRID_CODE":"GJ-KU-RAN-076","STATE":"Gujarat","DISTRICT":"Kachchh","BLOCK":"Rann of Kachchh","n_lists":0,"n_birders":0,"n_species":0,"focal_lists":0},"geometry":{"type":"Polygon","coordinates":[[[69.10609853122227,24.210338251509154],[69.05609853122226,24.210338251509154],[69.05609853122226,24.260338251509155],[69.10609853122227,24.260338251509155],[69.10609853122227,24.210338251509154]]]}},{"type":"Feature","properties":{"GRID_CODE":"GJ-KU-RAN-191","STATE":"Gujarat","DISTRICT":"Kachchh","BLOCK":"Rann of Kachchh","n_lists":0,"n_birders":0,"n_species":0,"focal_lists":0},"geometry":{"type":"Polygon","coordinates":[[[70.80609853122226,24.110338251509157],[70.75609853122227,24.110338251509157],[70.75609853122227,24.160338251509154],[70.80609853122226,24.160338251509154],[70.80609853122226,24.110338251509157]]]}},{"type":"Feature","properties":{"GRID_CODE":"GJ-KU-RAN-097","STATE":"Gujarat","DISTRICT":"Kachchh","BLOCK":"Rann of Kachchh","n_lists":0,"n_birders":0,"n_species":0,"focal_lists":0},"geometry":{"type":"Polygon","coordinates":[[[70.60609853122227,24.210338251509154],[70.55609853122226,24.210338251509154],[70.55609853122226,24.260338251509155],[70.60609853122227,24.260338251509155],[70.60609853122227,24.210338251509154]]]}},{"type":"Feature","properties":{"GRID_CODE":"GJ-KU-LIT-097","STATE":"Gujarat","DISTRICT":"Kachchh","BLOCK":"Little Rann","n_lists":0,"n_birders":0,"n_species":0,"focal_lists":0},"geometry":{"type":"Polygon","coordinates":[[[71.05609853122226,23.260338251509155],[71.00609853122227,23.260338251509155],[71.00609853122227,23.310338251509156],[71.05609853122226,23.310338251509156],[71.05609853122226,23.260338251509155]]]}},{"type":"Feature","properties":{"GRID_CODE":"GJ-KU-MUN-014","STATE":"Gujarat","DISTRICT":"Kachchh","BLOCK":"Mundra","n_lists":0,"n_birders":0,"n_species":0,"focal_lists":0},"geometry":{"type":"Polygon","coordinates":[[[69.85609853122227,22.910338251509154],[69.80609853122226,22.910338251509154],[69.80609853122226,22.960338251509154],[69.85609853122227,22.960338251509154],[69.85609853122227,22.910338251509154]]]}},{"type":"Feature","properties":{"GRID_CODE":"GJ-KU-ANJ-016","STATE":"Gujarat","DISTRICT":"Kachchh","BLOCK":"Anjar","n_lists":0,"n_birders":0,"n_species":0,"focal_lists":0},"geometry":{"type":"Polygon","coordinates":[[[70.00609853122227,23.160338251509154],[69.95609853122227,23.160338251509154],[69.95609853122227,23.210338251509154],[70.00609853122227,23.210338251509154],[70.00609853122227,23.160338251509154]]]}},{"type":"Feature","properties":{"GRID_CODE":"GJ-KU-COA-008","STATE":"Gujarat","DISTRICT":"Kachchh","BLOCK":"Coastal Area","n_lists":0,"n_birders":0,"n_species":0,"focal_lists":0},"geometry":{"type":"Polygon","coordinates":[[[69.50609853122227,22.760338251509155],[69.45609853122227,22.760338251509155],[69.45609853122227,22.810338251509156],[69.50609853122227,22.810338251509156],[69.50609853122227,22.760338251509155]]]}},{"type":"Feature","properties":{"GRID_CODE":"GJ-KU-BHA-026","STATE":"Gujarat","DISTRICT":"Kachchh","BLOCK":"Bhachau","n_lists":1,"n_birders":1,"n_species":27,"focal_lists":1},"geometry":{"type":"Polygon","coordinates":[[[70.45609853122227,23.410338251509154],[70.40609853122227,23.410338251509154],[70.40609853122227,23.460338251509154],[70.45609853122227,23.460338251509154],[70.45609853122227,23.410338251509154]]]}},{"type":"Feature","properties":{"GRID_CODE":"GJ-KU-BHU-169","STATE":"Gujarat","DISTRICT":"Kachchh","BLOCK":"Bhuj","n_lists":0,"n_birders":0,"n_species":0,"focal_lists":0},"geometry":{"type":"Polygon","coordinates":[[[69.65609853122227,23.010338251509155],[69.60609853122227,23.010338251509155],[69.60609853122227,23.060338251509156],[69.65609853122227,23.060338251509156],[69.65609853122227,23.010338251509155]]]}},{"type":"Feature","properties":{"GRID_CODE":"GJ-KU-MAN-040","STATE":"Gujarat","DISTRICT":"Kachchh","BLOCK":"Mandvi","n_lists":4,"n_birders":1,"n_species":51,"focal_lists":1},"geometry":{"type":"Polygon","coordinates":[[[69.30609853122226,22.860338251509157],[69.25609853122227,22.860338251509157],[69.25609853122227,22.910338251509154],[69.30609853122226,22.910338251509154],[69.30609853122226,22.860338251509157]]]}},{"type":"Feature","properties":{"GRID_CODE":"GJ-KU-BHU-072","STATE":"Gujarat","DISTRICT":"Kachchh","BLOCK":"Bhuj","n_lists":1,"n_birders":1,"n_species":8,"focal_lists":1},"geometry":{"type":"Polygon","coordinates":[[[69.85609853122227,23.560338251509156],[69.80609853122226,23.560338251509156],[69.80609853122226,23.610338251509157],[69.85609853122227,23.610338251509157],[69.85609853122227,23.560338251509156]]]}},{"type":"Feature","properties":{"GRID_CODE":"GJ-KU-ABD-064","STATE":"Gujarat","DISTRICT":"Kachchh","BLOCK":"Abdasa","n_lists":0,"n_birders":0,"n_species":0,"focal_lists":0},"geometry":{"type":"Polygon","coordinates":[[[69.05609853122226,23.160338251509154],[69.00609853122227,23.160338251509154],[69.00609853122227,23.210338251509154],[69.05609853122226,23.210338251509154],[69.05609853122226,23.160338251509154]]]}},{"type":"Feature","properties":{"GRID_CODE":"GJ-KU-RAN-476","STATE":"Gujarat","DISTRICT":"Kachchh","BLOCK":"Rann of Kachchh","n_lists":0,"n_birders":0,"n_species":0,"focal_lists":0},"geometry":{"type":"Polygon","coordinates":[[[70.00609853122227,23.810338251509156],[69.95609853122227,23.810338251509156],[69.95609853122227,23.860338251509157],[70.00609853122227,23.860338251509157],[70.00609853122227,23.810338251509156]]]}},{"type":"Feature","properties":{"GRID_CODE":"GJ-KU-NAK-038","STATE":"Gujarat","DISTRICT":"Kachchh","BLOCK":"Nakhatrana","n_lists":3,"n_birders":1,"n_species":44,"focal_lists":1},"geometry":{"type":"Polygon","coordinates":[[[69.50609853122227,23.410338251509154],[69.45609853122227,23.410338251509154],[69.45609853122227,23.460338251509154],[69.50609853122227,23.460338251509154],[69.50609853122227,23.410338251509154]]]}},{"type":"Feature","properties":{"GRID_CODE":"GJ-KU-BHU-048","STATE":"Gujarat","DISTRICT":"Kachchh","BLOCK":"Bhuj","n_lists":1,"n_birders":1,"n_species":1,"focal_lists":0},"geometry":{"type":"Polygon","coordinates":[[[69.65609853122227,23.660338251509154],[69.60609853122227,23.660338251509154],[69.60609853122227,23.710338251509154],[69.65609853122227,23.710338251509154],[69.65609853122227,23.660338251509154]]]}},{"type":"Feature","properties":{"GRID_CODE":"GJ-KU-RAN-435","STATE":"Gujarat","DISTRICT":"Kachchh","BLOCK":"Rann of Kachchh","n_lists":0,"n_birders":0,"n_species":0,"focal_lists":0},"geometry":{"type":"Polygon","coordinates":[[[69.60609853122227,23.860338251509157],[69.55609853122226,23.860338251509157],[69.55609853122226,23.910338251509154],[69.60609853122227,23.910338251509154],[69.60609853122227,23.860338251509157]]]}},{"type":"Feature","properties":{"GRID_CODE":"GJ-KU-LIT-188","STATE":"Gujarat","DISTRICT":"Kachchh","BLOCK":"Little Rann","n_lists":0,"n_birders":0,"n_species":0,"focal_lists":0},"geometry":{"type":"Polygon","coordinates":[[[70.40609853122227,22.910338251509154],[70.35609853122227,22.910338251509154],[70.35609853122227,22.960338251509154],[70.40609853122227,22.960338251509154],[70.40609853122227,22.910338251509154]]]}},{"type":"Feature","properties":{"GRID_CODE":"GJ-KU-LIT-020","STATE":"Gujarat","DISTRICT":"Kachchh","BLOCK":"Little Rann","n_lists":0,"n_birders":0,"n_species":0,"focal_lists":0},"geometry":{"type":"Polygon","coordinates":[[[71.35609853122227,23.560338251509156],[71.30609853122226,23.560338251509156],[71.30609853122226,23.610338251509157],[71.35609853122227,23.610338251509157],[71.35609853122227,23.560338251509156]]]}},{"type":"Feature","properties":{"GRID_CODE":"GJ-KU-BHU-025","STATE":"Gujarat","DISTRICT":"Kachchh","BLOCK":"Bhuj","n_lists":1,"n_birders":1,"n_species":68,"focal_lists":1},"geometry":{"type":"Polygon","coordinates":[[[69.25609853122227,23.710338251509154],[69.20609853122227,23.710338251509154],[69.20609853122227,23.760338251509155],[69.25609853122227,23.760338251509155],[69.25609853122227,23.710338251509154]]]}},{"type":"Feature","properties":{"GRID_CODE":"GJ-KU-RAN-317","STATE":"Gujarat","DISTRICT":"Kachchh","BLOCK":"Rann of Kachchh","n_lists":0,"n_birders":0,"n_species":0,"focal_lists":0},"geometry":{"type":"Polygon","coordinates":[[[69.40609853122227,23.960338251509154],[69.35609853122227,23.960338251509154],[69.35609853122227,24.010338251509155],[69.40609853122227,24.010338251509155],[69.40609853122227,23.960338251509154]]]}},{"type":"Feature","properties":{"GRID_CODE":"GJ-KU-LAK-052","STATE":"Gujarat","DISTRICT":"Kachchh","BLOCK":"Lakhpat","n_lists":4,"n_birders":1,"n_species":65,"focal_lists":3},"geometry":{"type":"Polygon","coordinates":[[[68.90609853122227,23.560338251509156],[68.85609853122227,23.560338251509156],[68.85609853122227,23.610338251509157],[68.90609853122227,23.610338251509157],[68.90609853122227,23.560338251509156]]]}},{"type":"Feature","properties":{"GRID_CODE":"GJ-KU-RAN-462","STATE":"Gujarat","DISTRICT":"Kachchh","BLOCK":"Rann of Kachchh","n_lists":0,"n_birders":0,"n_species":0,"focal_lists":0},"geometry":{"type":"Polygon","coordinates":[[[69.05609853122226,23.810338251509156],[69.00609853122227,23.810338251509156],[69.00609853122227,23.860338251509157],[69.05609853122226,23.860338251509157],[69.05609853122226,23.810338251509156]]]}},{"type":"Feature","properties":{"GRID_CODE":"GJ-KU-RAN-447","STATE":"Gujarat","DISTRICT":"Kachchh","BLOCK":"Rann of Kachchh","n_lists":0,"n_birders":0,"n_species":0,"focal_lists":0},"geometry":{"type":"Polygon","coordinates":[[[71.10609853122227,23.860338251509157],[71.05609853122226,23.860338251509157],[71.05609853122226,23.910338251509154],[71.10609853122227,23.910338251509154],[71.10609853122227,23.860338251509157]]]}},{"type":"Feature","properties":{"GRID_CODE":"GJ-KU-RAP-025","STATE":"Gujarat","DISTRICT":"Kachchh","BLOCK":"Rapar","n_lists":0,"n_birders":0,"n_species":0,"focal_lists":0},"geometry":{"type":"Polygon","coordinates":[[[70.75609853122227,23.710338251509154],[70.70609853122227,23.710338251509154],[70.70609853122227,23.760338251509155],[70.75609853122227,23.760338251509155],[70.75609853122227,23.710338251509154]]]}},{"type":"Feature","properties":{"GRID_CODE":"GJ-KU-RAN-416","STATE":"Gujarat","DISTRICT":"Kachchh","BLOCK":"Rann of Kachchh","n_lists":0,"n_birders":0,"n_species":0,"focal_lists":0},"geometry":{"type":"Polygon","coordinates":[[[68.65609853122227,23.860338251509157],[68.60609853122227,23.860338251509157],[68.60609853122227,23.910338251509154],[68.65609853122227,23.910338251509154],[68.65609853122227,23.860338251509157]]]}},{"type":"Feature","properties":{"GRID_CODE":"GJ-KU-BHA-013","STATE":"Gujarat","DISTRICT":"Kachchh","BLOCK":"Bhachau","n_lists":0,"n_birders":0,"n_species":0,"focal_lists":0},"geometry":{"type":"Polygon","coordinates":[[[70.40609853122227,23.560338251509156],[70.35609853122227,23.560338251509156],[70.35609853122227,23.610338251509157],[70.40609853122227,23.610338251509157],[70.40609853122227,23.560338251509156]]]}},{"type":"Feature","properties":{"GRID_CODE":"GJ-KU-RAN-524","STATE":"Gujarat","DISTRICT":"Kachchh","BLOCK":"Rann of Kachchh","n_lists":0,"n_birders":0,"n_species":0,"focal_lists":0},"geometry":{"type":"Polygon","coordinates":[[[68.30609853122226,23.710338251509154],[68.25609853122227,23.710338251509154],[68.25609853122227,23.760338251509155],[68.30609853122226,23.760338251509155],[68.30609853122226,23.710338251509154]]]}},{"type":"Feature","properties":{"GRID_CODE":"GJ-KU-RAN-440","STATE":"Gujarat","DISTRICT":"Kachchh","BLOCK":"Rann of Kachchh","n_lists":0,"n_birders":0,"n_species":0,"focal_lists":0},"geometry":{"type":"Polygon","coordinates":[[[70.15609853122227,23.860338251509157],[70.10609853122227,23.860338251509157],[70.10609853122227,23.910338251509154],[70.15609853122227,23.910338251509154],[70.15609853122227,23.860338251509157]]]}},{"type":"Feature","properties":{"GRID_CODE":"GJ-KU-RAN-011","STATE":"Gujarat","DISTRICT":"Kachchh","BLOCK":"Rann of Kachchh","n_lists":0,"n_birders":0,"n_species":0,"focal_lists":0},"geometry":{"type":"Polygon","coordinates":[[[71.10609853122227,24.510338251509155],[71.05609853122226,24.510338251509155],[71.05609853122226,24.560338251509156],[71.10609853122227,24.560338251509156],[71.10609853122227,24.510338251509155]]]}},{"type":"Feature","properties":{"GRID_CODE":"GJ-KU-RAN-267","STATE":"Gujarat","DISTRICT":"Kachchh","BLOCK":"Rann of Kachchh","n_lists":0,"n_birders":0,"n_species":0,"focal_lists":0},"geometry":{"type":"Polygon","coordinates":[[[69.55609853122226,24.010338251509155],[69.50609853122227,24.010338251509155],[69.50609853122227,24.060338251509156],[69.55609853122226,24.060338251509156],[69.55609853122226,24.010338251509155]]]}},{"type":"Feature","properties":{"GRID_CODE":"GJ-KU-NAK-050","STATE":"Gujarat","DISTRICT":"Kachchh","BLOCK":"Nakhatrana","n_lists":1,"n_birders":1,"n_species":5,"focal_lists":0},"geometry":{"type":"Polygon","coordinates":[[[69.20609853122227,23.310338251509156],[69.15609853122227,23.310338251509156],[69.15609853122227,23.360338251509157],[69.20609853122227,23.360338251509157],[69.20609853122227,23.310338251509156]]]}},{"type":"Feature","properties":{"GRID_CODE":"GJ-KU-LIT-068","STATE":"Gujarat","DISTRICT":"Kachchh","BLOCK":"Little Rann","n_lists":0,"n_birders":0,"n_species":0,"focal_lists":0},"geometry":{"type":"Polygon","coordinates":[[[71.25609853122227,23.360338251509157],[71.20609853122227,23.360338251509157],[71.20609853122227,23.410338251509154],[71.25609853122227,23.410338251509154],[71.25609853122227,23.360338251509157]]]}},{"type":"Feature","properties":{"GRID_CODE":"GJ-KU-LIT-113","STATE":"Gujarat","DISTRICT":"Kachchh","BLOCK":"Little Rann","n_lists":0,"n_birders":0,"n_species":0,"focal_lists":0},"geometry":{"type":"Polygon","coordinates":[[[70.90609853122227,23.210338251509154],[70.85609853122227,23.210338251509154],[70.85609853122227,23.260338251509155],[70.90609853122227,23.260338251509155],[70.90609853122227,23.210338251509154]]]}},{"type":"Feature","properties":{"GRID_CODE":"GJ-KU-ABD-014","STATE":"Gujarat","DISTRICT":"Kachchh","BLOCK":"Abdasa","n_lists":0,"n_birders":0,"n_species":0,"focal_lists":0},"geometry":{"type":"Polygon","coordinates":[[[68.80609853122226,23.360338251509157],[68.75609853122227,23.360338251509157],[68.75609853122227,23.410338251509154],[68.80609853122226,23.410338251509154],[68.80609853122226,23.360338251509157]]]}},{"type":"Feature","properties":{"GRID_CODE":"GJ-KU-LIT-169","STATE":"Gujarat","DISTRICT":"Kachchh","BLOCK":"Little Rann","n_lists":0,"n_birders":0,"n_species":0,"focal_lists":0},"geometry":{"type":"Polygon","coordinates":[[[70.55609853122226,23.060338251509156],[70.50609853122227,23.060338251509156],[70.50609853122227,23.110338251509157],[70.55609853122226,23.110338251509157],[70.55609853122226,23.060338251509156]]]}},{"type":"Feature","properties":{"GRID_CODE":"GJ-KU-BHA-049","STATE":"Gujarat","DISTRICT":"Kachchh","BLOCK":"Bhachau","n_lists":0,"n_birders":0,"n_species":0,"focal_lists":0},"geometry":{"type":"Polygon","coordinates":[[[70.70609853122227,23.310338251509156],[70.65609853122227,23.310338251509156],[70.65609853122227,23.360338251509157],[70.70609853122227,23.360338251509157],[70.70609853122227,23.310338251509156]]]}},{"type":"Feature","properties":{"GRID_CODE":"GJ-KU-ABD-001","STATE":"Gujarat","DISTRICT":"Kachchh","BLOCK":"Abdasa","n_lists":4,"n_birders":1,"n_species":76,"focal_lists":4},"geometry":{"type":"Polygon","coordinates":[[[68.60609853122227,23.460338251509154],[68.55609853122226,23.460338251509154],[68.55609853122226,23.510338251509155],[68.60609853122227,23.510338251509155],[68.60609853122227,23.460338251509154]]]}},{"type":"Feature","properties":{"GRID_CODE":"GJ-KU-RAP-063","STATE":"Gujarat","DISTRICT":"Kachchh","BLOCK":"Rapar","n_lists":0,"n_birders":0,"n_species":0,"focal_lists":0},"geometry":{"type":"Polygon","coordinates":[[[70.65609853122227,23.510338251509155],[70.60609853122227,23.510338251509155],[70.60609853122227,23.560338251509156],[70.65609853122227,23.560338251509156],[70.65609853122227,23.510338251509155]]]}},{"type":"Feature","properties":{"GRID_CODE":"GJ-KU-BHA-032","STATE":"Gujarat","DISTRICT":"Kachchh","BLOCK":"Bhachau","n_lists":2,"n_birders":1,"n_species":54,"focal_lists":2},"geometry":{"type":"Polygon","coordinates":[[[70.30609853122226,23.360338251509157],[70.25609853122227,23.360338251509157],[70.25609853122227,23.410338251509154],[70.30609853122226,23.410338251509154],[70.30609853122226,23.360338251509157]]]}},{"type":"Feature","properties":{"GRID_CODE":"GJ-KU-RAN-301","STATE":"Gujarat","DISTRICT":"Kachchh","BLOCK":"Rann of Kachchh","n_lists":0,"n_birders":0,"n_species":0,"focal_lists":0},"geometry":{"type":"Polygon","coordinates":[[[71.25609853122227,24.010338251509155],[71.20609853122227,24.010338251509155],[71.20609853122227,24.060338251509156],[71.25609853122227,24.060338251509156],[71.25609853122227,24.010338251509155]]]}},{"type":"Feature","properties":{"GRID_CODE":"GJ-KU-RAN-490","STATE":"Gujarat","DISTRICT":"Kachchh","BLOCK":"Rann of Kachchh","n_lists":0,"n_birders":0,"n_species":0,"focal_lists":0},"geometry":{"type":"Polygon","coordinates":[[[68.35609853122227,23.760338251509155],[68.30609853122226,23.760338251509155],[68.30609853122226,23.810338251509156],[68.35609853122227,23.810338251509156],[68.35609853122227,23.760338251509155]]]}},{"type":"Feature","properties":{"GRID_CODE":"GJ-KU-BHU-140","STATE":"Gujarat","DISTRICT":"Kachchh","BLOCK":"Bhuj","n_lists":0,"n_birders":0,"n_species":0,"focal_lists":0},"geometry":{"type":"Polygon","coordinates":[[[69.95609853122227,23.210338251509154],[69.90609853122227,23.210338251509154],[69.90609853122227,23.260338251509155],[69.95609853122227,23.260338251509155],[69.95609853122227,23.210338251509154]]]}},{"type":"Feature","properties":{"GRID_CODE":"GJ-KU-RAN-252","STATE":"Gujarat","DISTRICT":"Kachchh","BLOCK":"Rann of Kachchh","n_lists":0,"n_birders":0,"n_species":0,"focal_lists":0},"geometry":{"type":"Polygon","coordinates":[[[68.80609853122226,24.010338251509155],[68.75609853122227,24.010338251509155],[68.75609853122227,24.060338251509156],[68.80609853122226,24.060338251509156],[68.80609853122226,24.010338251509155]]]}},{"type":"Feature","properties":{"GRID_CODE":"GJ-KU-LIT-028","STATE":"Gujarat","DISTRICT":"Kachchh","BLOCK":"Little Rann","n_lists":2,"n_birders":1,"n_species":8,"focal_lists":1},"geometry":{"type":"Polygon","coordinates":[[[69.70609853122227,23.510338251509155],[69.65609853122227,23.510338251509155],[69.65609853122227,23.560338251509156],[69.70609853122227,23.560338251509156],[69.70609853122227,23.510338251509155]]]}},{"type":"Feature","properties":{"GRID_CODE":"GJ-KU-RAN-136","STATE":"Gujarat","DISTRICT":"Kachchh","BLOCK":"Rann of Kachchh","n_lists":0,"n_birders":0,"n_species":0,"focal_lists":0},"geometry":{"type":"Polygon","coordinates":[[[70.65609853122227,24.160338251509154],[70.60609853122227,24.160338251509154],[70.60609853122227,24.210338251509154],[70.65609853122227,24.210338251509154],[70.65609853122227,24.160338251509154]]]}},{"type":"Feature","properties":{"GRID_CODE":"GJ-KU-LIT-124","STATE":"Gujarat","DISTRICT":"Kachchh","BLOCK":"Little Rann","n_lists":0,"n_birders":0,"n_species":0,"focal_lists":0},"geometry":{"type":"Polygon","coordinates":[[[71.45609853122227,23.210338251509154],[71.40609853122227,23.210338251509154],[71.40609853122227,23.260338251509155],[71.45609853122227,23.260338251509155],[71.45609853122227,23.210338251509154]]]}},{"type":"Feature","properties":{"GRID_CODE":"GJ-KU-NAK-046","STATE":"Gujarat","DISTRICT":"Kachchh","BLOCK":"Nakhatrana","n_lists":3,"n_birders":1,"n_species":77,"focal_lists":3},"geometry":{"type":"Polygon","coordinates":[[[69.35609853122227,23.360338251509157],[69.30609853122226,23.360338251509157],[69.30609853122226,23.410338251509154],[69.35609853122227,23.410338251509154],[69.35609853122227,23.360338251509157]]]}},{"type":"Feature","properties":{"GRID_CODE":"GJ-KU-RAN-282","STATE":"Gujarat","DISTRICT":"Kachchh","BLOCK":"Rann of Kachchh","n_lists":0,"n_birders":0,"n_species":0,"focal_lists":0},"geometry":{"type":"Polygon","coordinates":[[[70.30609853122226,24.010338251509155],[70.25609853122227,24.010338251509155],[70.25609853122227,24.060338251509156],[70.30609853122226,24.060338251509156],[70.30609853122226,24.010338251509155]]]}},{"type":"Feature","properties":{"GRID_CODE":"GJ-KU-LIT-032","STATE":"Gujarat","DISTRICT":"Kachchh","BLOCK":"Little Rann","n_lists":0,"n_birders":0,"n_species":0,"focal_lists":0},"geometry":{"type":"Polygon","coordinates":[[[71.20609853122227,23.510338251509155],[71.15609853122227,23.510338251509155],[71.15609853122227,23.560338251509156],[71.20609853122227,23.560338251509156],[71.20609853122227,23.510338251509155]]]}},{"type":"Feature","properties":{"GRID_CODE":"GJ-KU-LAK-028","STATE":"Gujarat","DISTRICT":"Kachchh","BLOCK":"Lakhpat","n_lists":0,"n_birders":0,"n_species":0,"focal_lists":0},"geometry":{"type":"Polygon","coordinates":[[[69.10609853122227,23.660338251509154],[69.05609853122226,23.660338251509154],[69.05609853122226,23.710338251509154],[69.10609853122227,23.710338251509154],[69.10609853122227,23.660338251509154]]]}},{"type":"Feature","properties":{"GRID_CODE":"GJ-KU-RAN-124","STATE":"Gujarat","DISTRICT":"Kachchh","BLOCK":"Rann of Kachchh","n_lists":3,"n_birders":1,"n_species":8,"focal_lists":2},"geometry":{"type":"Polygon","coordinates":[[[69.70609853122227,24.160338251509154],[69.65609853122227,24.160338251509154],[69.65609853122227,24.210338251509154],[69.70609853122227,24.210338251509154],[69.70609853122227,24.160338251509154]]]}},{"type":"Feature","properties":{"GRID_CODE":"GJ-KU-RAP-029","STATE":"Gujarat","DISTRICT":"Kachchh","BLOCK":"Rapar","n_lists":3,"n_birders":1,"n_species":52,"focal_lists":2},"geometry":{"type":"Polygon","coordinates":[[[70.60609853122227,23.660338251509154],[70.55609853122226,23.660338251509154],[70.55609853122226,23.710338251509154],[70.60609853122227,23.710338251509154],[70.60609853122227,23.660338251509154]]]}},{"type":"Feature","properties":{"GRID_CODE":"GJ-KU-RAN-147","STATE":"Gujarat","DISTRICT":"Kachchh","BLOCK":"Rann of Kachchh","n_lists":0,"n_birders":0,"n_species":0,"focal_lists":0},"geometry":{"type":"Polygon","coordinates":[[[71.20609853122227,24.160338251509154],[71.15609853122227,24.160338251509154],[71.15609853122227,24.210338251509154],[71.20609853122227,24.210338251509154],[71.20609853122227,24.160338251509154]]]}},{"type":"Feature","properties":{"GRID_CODE":"GJ-KU-LIT-192","STATE":"Gujarat","DISTRICT":"Kachchh","BLOCK":"Little Rann","n_lists":0,"n_birders":0,"n_species":0,"focal_lists":0},"geometry":{"type":"Polygon","coordinates":[[[70.45609853122227,22.860338251509157],[70.40609853122227,22.860338251509157],[70.40609853122227,22.910338251509154],[70.45609853122227,22.910338251509154],[70.45609853122227,22.860338251509157]]]}},{"type":"Feature","properties":{"GRID_CODE":"GJ-KU-COA-002","STATE":"Gujarat","DISTRICT":"Kachchh","BLOCK":"Coastal Area","n_lists":0,"n_birders":0,"n_species":0,"focal_lists":0},"geometry":{"type":"Polygon","coordinates":[[[70.25609853122227,22.960338251509154],[70.20609853122227,22.960338251509154],[70.20609853122227,23.010338251509155],[70.25609853122227,23.010338251509155],[70.25609853122227,22.960338251509154]]]}},{"type":"Feature","properties":{"GRID_CODE":"GJ-KU-ANJ-033","STATE":"Gujarat","DISTRICT":"Kachchh","BLOCK":"Anjar","n_lists":0,"n_birders":0,"n_species":0,"focal_lists":0},"geometry":{"type":"Polygon","coordinates":[[[69.85609853122227,23.010338251509155],[69.80609853122226,23.010338251509155],[69.80609853122226,23.060338251509156],[69.85609853122227,23.060338251509156],[69.85609853122227,23.010338251509155]]]}},{"type":"Feature","properties":{"GRID_CODE":"GJ-KU-BHU-129","STATE":"Gujarat","DISTRICT":"Kachchh","BLOCK":"Bhuj","n_lists":0,"n_birders":0,"n_species":0,"focal_lists":0},"geometry":{"type":"Polygon","coordinates":[[[70.00609853122227,23.260338251509155],[69.95609853122227,23.260338251509155],[69.95609853122227,23.310338251509156],[70.00609853122227,23.310338251509156],[70.00609853122227,23.260338251509155]]]}},{"type":"Feature","properties":{"GRID_CODE":"GJ-KU-MAN-044","STATE":"Gujarat","DISTRICT":"Kachchh","BLOCK":"Mandvi","n_lists":1,"n_birders":1,"n_species":36,"focal_lists":1},"geometry":{"type":"Polygon","coordinates":[[[69.50609853122227,22.860338251509157],[69.45609853122227,22.860338251509157],[69.45609853122227,22.910338251509154],[69.50609853122227,22.910338251509154],[69.50609853122227,22.860338251509157]]]}},{"type":"Feature","properties":{"GRID_CODE":"GJ-KU-RAP-059","STATE":"Gujarat","DISTRICT":"Kachchh","BLOCK":"Rapar","n_lists":2,"n_birders":1,"n_species":1,"focal_lists":2},"geometry":{"type":"Polygon","coordinates":[[[70.45609853122227,23.510338251509155],[70.40609853122227,23.510338251509155],[70.40609853122227,23.560338251509156],[70.45609853122227,23.560338251509156],[70.45609853122227,23.510338251509155]]]}},{"type":"Feature","properties":{"GRID_CODE":"GJ-KU-BHU-155","STATE":"Gujarat","DISTRICT":"Kachchh","BLOCK":"Bhuj","n_lists":3,"n_birders":1,"n_species":47,"focal_lists":1},"geometry":{"type":"Polygon","coordinates":[[[69.65609853122227,23.110338251509157],[69.60609853122227,23.110338251509157],[69.60609853122227,23.160338251509154],[69.65609853122227,23.160338251509154],[69.65609853122227,23.110338251509157]]]}},{"type":"Feature","properties":{"GRID_CODE":"GJ-KU-MAN-021","STATE":"Gujarat","DISTRICT":"Kachchh","BLOCK":"Mandvi","n_lists":3,"n_birders":1,"n_species":53,"focal_lists":2},"geometry":{"type":"Polygon","coordinates":[[[69.30609853122226,22.960338251509154],[69.25609853122227,22.960338251509154],[69.25609853122227,23.010338251509155],[69.30609853122226,23.010338251509155],[69.30609853122226,22.960338251509154]]]}},{"type":"Feature","properties":{"GRID_CODE":"GJ-KU-ABD-068","STATE":"Gujarat","DISTRICT":"Kachchh","BLOCK":"Abdasa","n_lists":0,"n_birders":0,"n_species":0,"focal_lists":0},"geometry":{"type":"Polygon","coordinates":[[[69.25609853122227,23.160338251509154],[69.20609853122227,23.160338251509154],[69.20609853122227,23.210338251509154],[69.25609853122227,23.210338251509154],[69.25609853122227,23.160338251509154]]]}},{"type":"Feature","properties":{"GRID_CODE":"GJ-KU-NAK-036","STATE":"Gujarat","DISTRICT":"Kachchh","BLOCK":"Nakhatrana","n_lists":3,"n_birders":1,"n_species":38,"focal_lists":3},"geometry":{"type":"Polygon","coordinates":[[[69.40609853122227,23.410338251509154],[69.35609853122227,23.410338251509154],[69.35609853122227,23.460338251509154],[69.40609853122227,23.460338251509154],[69.40609853122227,23.410338251509154]]]}},{"type":"Feature","properties":{"GRID_CODE":"GJ-KU-ABD-087","STATE":"Gujarat","DISTRICT":"Kachchh","BLOCK":"Abdasa","n_lists":3,"n_birders":1,"n_species":60,"focal_lists":1},"geometry":{"type":"Polygon","coordinates":[[[68.90609853122227,23.010338251509155],[68.85609853122227,23.010338251509155],[68.85609853122227,23.060338251509156],[68.90609853122227,23.060338251509156],[68.90609853122227,23.010338251509155]]]}},{"type":"Feature","properties":{"GRID_CODE":"GJ-KU-BHU-052","STATE":"Gujarat","DISTRICT":"Kachchh","BLOCK":"Bhuj","n_lists":0,"n_birders":0,"n_species":0,"focal_lists":0},"geometry":{"type":"Polygon","coordinates":[[[69.85609853122227,23.660338251509154],[69.80609853122226,23.660338251509154],[69.80609853122226,23.710338251509154],[69.85609853122227,23.710338251509154],[69.85609853122227,23.660338251509154]]]}},{"type":"Feature","properties":{"GRID_CODE":"GJ-KU-ABD-040","STATE":"Gujarat","DISTRICT":"Kachchh","BLOCK":"Abdasa","n_lists":0,"n_birders":0,"n_species":0,"focal_lists":0},"geometry":{"type":"Polygon","coordinates":[[[69.05609853122226,23.260338251509155],[69.00609853122227,23.260338251509155],[69.00609853122227,23.310338251509156],[69.05609853122226,23.310338251509156],[69.05609853122226,23.260338251509155]]]}},{"type":"Feature","properties":{"GRID_CODE":"GJ-KU-RAN-385","STATE":"Gujarat","DISTRICT":"Kachchh","BLOCK":"Rann of Kachchh","n_lists":0,"n_birders":0,"n_species":0,"focal_lists":0},"geometry":{"type":"Polygon","coordinates":[[[70.00609853122227,23.910338251509154],[69.95609853122227,23.910338251509154],[69.95609853122227,23.960338251509154],[70.00609853122227,23.960338251509154],[70.00609853122227,23.910338251509154]]]}},{"type":"Feature","properties":{"GRID_CODE":"GJ-KU-LIT-134","STATE":"Gujarat","DISTRICT":"Kachchh","BLOCK":"Little Rann","n_lists":0,"n_birders":0,"n_species":0,"focal_lists":0},"geometry":{"type":"Polygon","coordinates":[[[70.75609853122227,23.160338251509154],[70.70609853122227,23.160338251509154],[70.70609853122227,23.210338251509154],[70.75609853122227,23.210338251509154],[70.75609853122227,23.160338251509154]]]}},{"type":"Feature","properties":{"GRID_CODE":"GJ-KU-RAN-321","STATE":"Gujarat","DISTRICT":"Kachchh","BLOCK":"Rann of Kachchh","n_lists":0,"n_birders":0,"n_species":0,"focal_lists":0},"geometry":{"type":"Polygon","coordinates":[[[69.60609853122227,23.960338251509154],[69.55609853122226,23.960338251509154],[69.55609853122226,24.010338251509155],[69.60609853122227,24.010338251509155],[69.60609853122227,23.960338251509154]]]}},{"type":"Feature","properties":{"GRID_CODE":"GJ-KU-LIT-176","STATE":"Gujarat","DISTRICT":"Kachchh","BLOCK":"Little Rann","n_lists":0,"n_birders":0,"n_species":0,"focal_lists":0},"geometry":{"type":"Polygon","coordinates":[[[70.40609853122227,23.010338251509155],[70.35609853122227,23.010338251509155],[70.35609853122227,23.060338251509156],[70.40609853122227,23.060338251509156],[70.40609853122227,23.010338251509155]]]}},{"type":"Feature","properties":{"GRID_CODE":"GJ-KU-RAN-466","STATE":"Gujarat","DISTRICT":"Kachchh","BLOCK":"Rann of Kachchh","n_lists":0,"n_birders":0,"n_species":0,"focal_lists":0},"geometry":{"type":"Polygon","coordinates":[[[69.25609853122227,23.810338251509156],[69.20609853122227,23.810338251509156],[69.20609853122227,23.860338251509157],[69.25609853122227,23.860338251509157],[69.25609853122227,23.810338251509156]]]}},{"type":"Feature","properties":{"GRID_CODE":"GJ-KU-RAN-213","STATE":"Gujarat","DISTRICT":"Kachchh","BLOCK":"Rann of Kachchh","n_lists":0,"n_birders":0,"n_species":0,"focal_lists":0},"geometry":{"type":"Polygon","coordinates":[[[69.40609853122227,24.060338251509156],[69.35609853122227,24.060338251509156],[69.35609853122227,24.110338251509157],[69.40609853122227,24.110338251509157],[69.40609853122227,24.060338251509156]]]}},{"type":"Feature","properties":{"GRID_CODE":"GJ-KU-LAK-024","STATE":"Gujarat","DISTRICT":"Kachchh","BLOCK":"Lakhpat","n_lists":3,"n_birders":1,"n_species":72,"focal_lists":3},"geometry":{"type":"Polygon","coordinates":[[[68.90609853122227,23.660338251509154],[68.85609853122227,23.660338251509154],[68.85609853122227,23.710338251509154],[68.90609853122227,23.710338251509154],[68.90609853122227,23.660338251509154]]]}},{"type":"Feature","properties":{"GRID_CODE":"GJ-KU-RAN-369","STATE":"Gujarat","DISTRICT":"Kachchh","BLOCK":"Rann of Kachchh","n_lists":0,"n_birders":0,"n_species":0,"focal_lists":0},"geometry":{"type":"Polygon","coordinates":[[[69.05609853122226,23.910338251509154],[69.00609853122227,23.910338251509154],[69.00609853122227,23.960338251509154],[69.05609853122226,23.960338251509154],[69.05609853122226,23.910338251509154]]]}},{"type":"Feature","properties":{"GRID_CODE":"GJ-KU-RAN-351","STATE":"Gujarat","DISTRICT":"Kachchh","BLOCK":"Rann of Kachchh","n_lists":0,"n_birders":0,"n_species":0,"focal_lists":0},"geometry":{"type":"Polygon","coordinates":[[[71.10609853122227,23.960338251509154],[71.05609853122226,23.960338251509154],[71.05609853122226,24.010338251509155],[71.10609853122227,24.010338251509155],[71.10609853122227,23.960338251509154]]]}},{"type":"Feature","properties":{"GRID_CODE":"GJ-KU-RAN-155","STATE":"Gujarat","DISTRICT":"Kachchh","BLOCK":"Rann of Kachchh","n_lists":0,"n_birders":0,"n_species":0,"focal_lists":0},"geometry":{"type":"Polygon","coordinates":[[[69.00609853122227,24.110338251509157],[68.95609853122227,24.110338251509157],[68.95609853122227,24.160338251509154],[69.00609853122227,24.160338251509154],[69.00609853122227,24.110338251509157]]]}},{"type":"Feature","properties":{"GRID_CODE":"GJ-KU-RAP-011","STATE":"Gujarat","DISTRICT":"Kachchh","BLOCK":"Rapar","n_lists":0,"n_birders":0,"n_species":0,"focal_lists":0},"geometry":{"type":"Polygon","coordinates":[[[70.75609853122227,23.810338251509156],[70.70609853122227,23.810338251509156],[70.70609853122227,23.860338251509157],[70.75609853122227,23.860338251509157],[70.75609853122227,23.810338251509156]]]}},{"type":"Feature","properties":{"GRID_CODE":"GJ-KU-RAN-558","STATE":"Gujarat","DISTRICT":"Kachchh","BLOCK":"Rann of Kachchh","n_lists":0,"n_birders":0,"n_species":0,"focal_lists":0},"geometry":{"type":"Polygon","coordinates":[[[70.40609853122227,23.660338251509154],[70.35609853122227,23.660338251509154],[70.35609853122227,23.710338251509154],[70.40609853122227,23.710338251509154],[70.40609853122227,23.660338251509154]]]}},{"type":"Feature","properties":{"GRID_CODE":"GJ-KU-RAN-448","STATE":"Gujarat","DISTRICT":"Kachchh","BLOCK":"Rann of Kachchh","n_lists":0,"n_birders":0,"n_species":0,"focal_lists":0},"geometry":{"type":"Polygon","coordinates":[[[68.30609853122226,23.810338251509156],[68.25609853122227,23.810338251509156],[68.25609853122227,23.860338251509157],[68.30609853122226,23.860338251509157],[68.30609853122226,23.810338251509156]]]}},{"type":"Feature","properties":{"GRID_CODE":"GJ-KU-RAN-185","STATE":"Gujarat","DISTRICT":"Kachchh","BLOCK":"Rann of Kachchh","n_lists":0,"n_birders":0,"n_species":0,"focal_lists":0},"geometry":{"type":"Polygon","coordinates":[[[70.50609853122227,24.110338251509157],[70.45609853122227,24.110338251509157],[70.45609853122227,24.160338251509154],[70.50609853122227,24.160338251509154],[70.50609853122227,24.110338251509157]]]}},{"type":"Feature","properties":{"GRID_CODE":"GJ-KU-RAN-332","STATE":"Gujarat","DISTRICT":"Kachchh","BLOCK":"Rann of Kachchh","n_lists":0,"n_birders":0,"n_species":0,"focal_lists":0},"geometry":{"type":"Polygon","coordinates":[[[70.15609853122227,23.960338251509154],[70.10609853122227,23.960338251509154],[70.10609853122227,24.010338251509155],[70.15609853122227,24.010338251509155],[70.15609853122227,23.960338251509154]]]}},{"type":"Feature","properties":{"GRID_CODE":"GJ-KU-RAN-001","STATE":"Gujarat","DISTRICT":"Kachchh","BLOCK":"Rann of Kachchh","n_lists":0,"n_birders":0,"n_species":0,"focal_lists":0},"geometry":{"type":"Polygon","coordinates":[[[71.10609853122227,24.610338251509157],[71.05609853122226,24.610338251509157],[71.05609853122226,24.660338251509154],[71.10609853122227,24.660338251509154],[71.10609853122227,24.610338251509157]]]}},{"type":"Feature","properties":{"GRID_CODE":"GJ-KU-RAN-166","STATE":"Gujarat","DISTRICT":"Kachchh","BLOCK":"Rann of Kachchh","n_lists":0,"n_birders":0,"n_species":0,"focal_lists":0},"geometry":{"type":"Polygon","coordinates":[[[69.55609853122226,24.110338251509157],[69.50609853122227,24.110338251509157],[69.50609853122227,24.160338251509154],[69.55609853122226,24.160338251509154],[69.55609853122226,24.110338251509157]]]}},{"type":"Feature","properties":{"GRID_CODE":"GJ-KU-LIT-146","STATE":"Gujarat","DISTRICT":"Kachchh","BLOCK":"Little Rann","n_lists":0,"n_birders":0,"n_species":0,"focal_lists":0},"geometry":{"type":"Polygon","coordinates":[[[71.50609853122227,23.160338251509154],[71.45609853122227,23.160338251509154],[71.45609853122227,23.210338251509154],[71.50609853122227,23.210338251509154],[71.50609853122227,23.160338251509154]]]}},{"type":"Feature","properties":{"GRID_CODE":"GJ-KU-LIT-045","STATE":"Gujarat","DISTRICT":"Kachchh","BLOCK":"Little Rann","n_lists":0,"n_birders":0,"n_species":0,"focal_lists":0},"geometry":{"type":"Polygon","coordinates":[[[71.25609853122227,23.460338251509154],[71.20609853122227,23.460338251509154],[71.20609853122227,23.510338251509155],[71.25609853122227,23.510338251509155],[71.25609853122227,23.460338251509154]]]}},{"type":"Feature","properties":{"GRID_CODE":"GJ-KU-LIT-077","STATE":"Gujarat","DISTRICT":"Kachchh","BLOCK":"Little Rann","n_lists":0,"n_birders":0,"n_species":0,"focal_lists":0},"geometry":{"type":"Polygon","coordinates":[[[70.90609853122227,23.310338251509156],[70.85609853122227,23.310338251509156],[70.85609853122227,23.360338251509157],[70.90609853122227,23.360338251509157],[70.90609853122227,23.310338251509156]]]}},{"type":"Feature","properties":{"GRID_CODE":"GJ-KU-LAK-068","STATE":"Gujarat","DISTRICT":"Kachchh","BLOCK":"Lakhpat","n_lists":1,"n_birders":1,"n_species":20,"focal_lists":1},"geometry":{"type":"Polygon","coordinates":[[[68.80609853122226,23.460338251509154],[68.75609853122227,23.460338251509154],[68.75609853122227,23.510338251509155],[68.80609853122226,23.510338251509155],[68.80609853122226,23.460338251509154]]]}},{"type":"Feature","properties":{"GRID_CODE":"GJ-KU-COA-013","STATE":"Gujarat","DISTRICT":"Kachchh","BLOCK":"Coastal Area","n_lists":0,"n_birders":0,"n_species":0,"focal_lists":0},"geometry":{"type":"Polygon","coordinates":[[[69.75609853122227,22.760338251509155],[69.70609853122227,22.760338251509155],[69.70609853122227,22.810338251509156],[69.75609853122227,22.810338251509156],[69.75609853122227,22.760338251509155]]]}},{"type":"Feature","properties":{"GRID_CODE":"GJ-KU-LAK-046","STATE":"Gujarat","DISTRICT":"Kachchh","BLOCK":"Lakhpat","n_lists":3,"n_birders":1,"n_species":47,"focal_lists":1},"geometry":{"type":"Polygon","coordinates":[[[68.60609853122227,23.560338251509156],[68.55609853122226,23.560338251509156],[68.55609853122226,23.610338251509157],[68.60609853122227,23.610338251509157],[68.60609853122227,23.560338251509156]]]}},{"type":"Feature","properties":{"GRID_CODE":"GJ-KU-RAP-040","STATE":"Gujarat","DISTRICT":"Kachchh","BLOCK":"Rapar","n_lists":0,"n_birders":0,"n_species":0,"focal_lists":0},"geometry":{"type":"Polygon","coordinates":[[[70.65609853122227,23.610338251509157],[70.60609853122227,23.610338251509157],[70.60609853122227,23.660338251509154],[70.65609853122227,23.660338251509154],[70.65609853122227,23.610338251509157]]]}},{"type":"Feature","properties":{"GRID_CODE":"GJ-KU-MAN-048","STATE":"Gujarat","DISTRICT":"Kachchh","BLOCK":"Mandvi","n_lists":6,"n_birders":1,"n_species":62,"focal_lists":3},"geometry":{"type":"Polygon","coordinates":[[[69.35609853122227,22.810338251509156],[69.30609853122226,22.810338251509156],[69.30609853122226,22.860338251509157],[69.35609853122227,22.860338251509157],[69.35609853122227,22.810338251509156]]]}},{"type":"Feature","properties":{"GRID_CODE":"GJ-KU-BHA-017","STATE":"Gujarat","DISTRICT":"Kachchh","BLOCK":"Bhachau","n_lists":0,"n_birders":0,"n_species":0,"focal_lists":0},"geometry":{"type":"Polygon","coordinates":[[[70.30609853122226,23.460338251509154],[70.25609853122227,23.460338251509154],[70.25609853122227,23.510338251509155],[70.30609853122226,23.510338251509155],[70.30609853122226,23.460338251509154]]]}},{"type":"Feature","properties":{"GRID_CODE":"GJ-KU-RAN-200","STATE":"Gujarat","DISTRICT":"Kachchh","BLOCK":"Rann of Kachchh","n_lists":0,"n_birders":0,"n_species":0,"focal_lists":0},"geometry":{"type":"Polygon","coordinates":[[[71.25609853122227,24.110338251509157],[71.20609853122227,24.110338251509157],[71.20609853122227,24.160338251509154],[71.25609853122227,24.160338251509154],[71.25609853122227,24.110338251509157]]]}},{"type":"Feature","properties":{"GRID_CODE":"GJ-KU-RAN-410","STATE":"Gujarat","DISTRICT":"Kachchh","BLOCK":"Rann of Kachchh","n_lists":0,"n_birders":0,"n_species":0,"focal_lists":0},"geometry":{"type":"Polygon","coordinates":[[[68.35609853122227,23.860338251509157],[68.30609853122226,23.860338251509157],[68.30609853122226,23.910338251509154],[68.35609853122227,23.910338251509154],[68.35609853122227,23.860338251509157]]]}},{"type":"Feature","properties":{"GRID_CODE":"GJ-KU-BHU-116","STATE":"Gujarat","DISTRICT":"Kachchh","BLOCK":"Bhuj","n_lists":0,"n_birders":0,"n_species":0,"focal_lists":0},"geometry":{"type":"Polygon","coordinates":[[[69.95609853122227,23.310338251509156],[69.90609853122227,23.310338251509156],[69.90609853122227,23.360338251509157],[69.95609853122227,23.360338251509157],[69.95609853122227,23.310338251509156]]]}},{"type":"Feature","properties":{"GRID_CODE":"GJ-KU-BHU-063","STATE":"Gujarat","DISTRICT":"Kachchh","BLOCK":"Bhuj","n_lists":1,"n_birders":1,"n_species":4,"focal_lists":0},"geometry":{"type":"Polygon","coordinates":[[[69.70609853122227,23.610338251509157],[69.65609853122227,23.610338251509157],[69.65609853122227,23.660338251509154],[69.70609853122227,23.660338251509154],[69.70609853122227,23.610338251509157]]]}},{"type":"Feature","properties":{"GRID_CODE":"GJ-KU-LIT-088","STATE":"Gujarat","DISTRICT":"Kachchh","BLOCK":"Little Rann","n_lists":0,"n_birders":0,"n_species":0,"focal_lists":0},"geometry":{"type":"Polygon","coordinates":[[[71.45609853122227,23.310338251509156],[71.40609853122227,23.310338251509156],[71.40609853122227,23.360338251509157],[71.45609853122227,23.360338251509157],[71.45609853122227,23.310338251509156]]]}},{"type":"Feature","properties":{"GRID_CODE":"GJ-KU-NAK-023","STATE":"Gujarat","DISTRICT":"Kachchh","BLOCK":"Nakhatrana","n_lists":1,"n_birders":1,"n_species":15,"focal_lists":1},"geometry":{"type":"Polygon","coordinates":[[[69.35609853122227,23.460338251509154],[69.30609853122226,23.460338251509154],[69.30609853122226,23.510338251509155],[69.35609853122227,23.510338251509155],[69.35609853122227,23.460338251509154]]]}},{"type":"Feature","properties":{"GRID_CODE":"GJ-KU-LIT-036","STATE":"Gujarat","DISTRICT":"Kachchh","BLOCK":"Little Rann","n_lists":0,"n_birders":0,"n_species":0,"focal_lists":0},"geometry":{"type":"Polygon","coordinates":[[[71.40609853122227,23.510338251509155],[71.35609853122227,23.510338251509155],[71.35609853122227,23.560338251509156],[71.40609853122227,23.560338251509156],[71.40609853122227,23.510338251509155]]]}},{"type":"Feature","properties":{"GRID_CODE":"GJ-KU-LIT-003","STATE":"Gujarat","DISTRICT":"Kachchh","BLOCK":"Little Rann","n_lists":0,"n_birders":0,"n_species":0,"focal_lists":0},"geometry":{"type":"Polygon","coordinates":[[[71.20609853122227,23.610338251509157],[71.15609853122227,23.610338251509157],[71.15609853122227,23.660338251509154],[71.20609853122227,23.660338251509154],[71.20609853122227,23.610338251509157]]]}},{"type":"Feature","properties":{"GRID_CODE":"GJ-KU-RAN-498","STATE":"Gujarat","DISTRICT":"Kachchh","BLOCK":"Rann of Kachchh","n_lists":0,"n_birders":0,"n_species":0,"focal_lists":0},"geometry":{"type":"Polygon","coordinates":[[[69.10609853122227,23.760338251509155],[69.05609853122226,23.760338251509155],[69.05609853122226,23.810338251509156],[69.10609853122227,23.810338251509156],[69.10609853122227,23.760338251509155]]]}},{"type":"Feature","properties":{"GRID_CODE":"GJ-KU-RAN-518","STATE":"Gujarat","DISTRICT":"Kachchh","BLOCK":"Rann of Kachchh","n_lists":0,"n_birders":0,"n_species":0,"focal_lists":0},"geometry":{"type":"Polygon","coordinates":[[[70.60609853122227,23.760338251509155],[70.55609853122226,23.760338251509155],[70.55609853122226,23.810338251509156],[70.60609853122227,23.810338251509156],[70.60609853122227,23.760338251509155]]]}},{"type":"Feature","properties":{"GRID_CODE":"GJ-KU-RAN-069","STATE":"Gujarat","DISTRICT":"Kachchh","BLOCK":"Rann of Kachchh","n_lists":0,"n_birders":0,"n_species":0,"focal_lists":0},"geometry":{"type":"Polygon","coordinates":[[[71.20609853122227,24.260338251509155],[71.15609853122227,24.260338251509155],[71.15609853122227,24.310338251509156],[71.20609853122227,24.310338251509156],[71.20609853122227,24.260338251509155]]]}},{"type":"Feature","properties":{"GRID_CODE":"GJ-KU-LIT-184","STATE":"Gujarat","DISTRICT":"Kachchh","BLOCK":"Little Rann","n_lists":0,"n_birders":0,"n_species":0,"focal_lists":0},"geometry":{"type":"Polygon","coordinates":[[[70.45609853122227,22.960338251509154],[70.40609853122227,22.960338251509154],[70.40609853122227,23.010338251509155],[70.45609853122227,23.010338251509155],[70.45609853122227,22.960338251509154]]]}},{"type":"Feature","properties":{"GRID_CODE":"GJ-KU-LIT-163","STATE":"Gujarat","DISTRICT":"Kachchh","BLOCK":"Little Rann","n_lists":0,"n_birders":0,"n_species":0,"focal_lists":0},"geometry":{"type":"Polygon","coordinates":[[[70.25609853122227,23.060338251509156],[70.20609853122227,23.060338251509156],[70.20609853122227,23.110338251509157],[70.25609853122227,23.110338251509157],[70.25609853122227,23.060338251509156]]]}},{"type":"Feature","properties":{"GRID_CODE":"GJ-KU-BHU-159","STATE":"Gujarat","DISTRICT":"Kachchh","BLOCK":"Bhuj","n_lists":0,"n_birders":0,"n_species":0,"focal_lists":0},"geometry":{"type":"Polygon","coordinates":[[[69.85609853122227,23.110338251509157],[69.80609853122226,23.110338251509157],[69.80609853122226,23.160338251509154],[69.85609853122227,23.160338251509154],[69.85609853122227,23.110338251509157]]]}},{"type":"Feature","properties":{"GRID_CODE":"GJ-KU-BHU-104","STATE":"Gujarat","DISTRICT":"Kachchh","BLOCK":"Bhuj","n_lists":4,"n_birders":1,"n_species":43,"focal_lists":1},"geometry":{"type":"Polygon","coordinates":[[[70.00609853122227,23.360338251509157],[69.95609853122227,23.360338251509157],[69.95609853122227,23.410338251509154],[70.00609853122227,23.410338251509154],[70.00609853122227,23.360338251509157]]]}},{"type":"Feature","properties":{"GRID_CODE":"GJ-KU-MAN-025","STATE":"Gujarat","DISTRICT":"Kachchh","BLOCK":"Mandvi","n_lists":0,"n_birders":0,"n_species":0,"focal_lists":0},"geometry":{"type":"Polygon","coordinates":[[[69.50609853122227,22.960338251509154],[69.45609853122227,22.960338251509154],[69.45609853122227,23.010338251509155],[69.50609853122227,23.010338251509155],[69.50609853122227,22.960338251509154]]]}},{"type":"Feature","properties":{"GRID_CODE":"GJ-KU-BHU-134","STATE":"Gujarat","DISTRICT":"Kachchh","BLOCK":"Bhuj","n_lists":4,"n_birders":1,"n_species":41,"focal_lists":3},"geometry":{"type":"Polygon","coordinates":[[[69.65609853122227,23.210338251509154],[69.60609853122227,23.210338251509154],[69.60609853122227,23.260338251509155],[69.65609853122227,23.260338251509155],[69.65609853122227,23.210338251509154]]]}},{"type":"Feature","properties":{"GRID_CODE":"GJ-KU-NAK-056","STATE":"Gujarat","DISTRICT":"Kachchh","BLOCK":"Nakhatrana","n_lists":3,"n_birders":1,"n_species":3,"focal_lists":1},"geometry":{"type":"Polygon","coordinates":[[[69.25609853122227,23.260338251509155],[69.20609853122227,23.260338251509155],[69.20609853122227,23.310338251509156],[69.25609853122227,23.310338251509156],[69.25609853122227,23.260338251509155]]]}},{"type":"Feature","properties":{"GRID_CODE":"GJ-KU-LIT-023","STATE":"Gujarat","DISTRICT":"Kachchh","BLOCK":"Little Rann","n_lists":2,"n_birders":1,"n_species":54,"focal_lists":2},"geometry":{"type":"Polygon","coordinates":[[[69.40609853122227,23.510338251509155],[69.35609853122227,23.510338251509155],[69.35609853122227,23.560338251509156],[69.40609853122227,23.560338251509156],[69.40609853122227,23.510338251509155]]]}},{"type":"Feature","properties":{"GRID_CODE":"GJ-KU-ABD-072","STATE":"Gujarat","DISTRICT":"Kachchh","BLOCK":"Abdasa","n_lists":4,"n_birders":1,"n_species":76,"focal_lists":3},"geometry":{"type":"Polygon","coordinates":[[[68.90609853122227,23.110338251509157],[68.85609853122227,23.110338251509157],[68.85609853122227,23.160338251509154],[68.90609853122227,23.160338251509154],[68.90609853122227,23.110338251509157]]]}},{"type":"Feature","properties":{"GRID_CODE":"GJ-KU-BHU-022","STATE":"Gujarat","DISTRICT":"Kachchh","BLOCK":"Bhuj","n_lists":3,"n_birders":1,"n_species":82,"focal_lists":3},"geometry":{"type":"Polygon","coordinates":[[[69.85609853122227,23.760338251509155],[69.80609853122226,23.760338251509155],[69.80609853122226,23.810338251509156],[69.85609853122227,23.810338251509156],[69.85609853122227,23.760338251509155]]]}},{"type":"Feature","properties":{"GRID_CODE":"GJ-KU-ABD-019","STATE":"Gujarat","DISTRICT":"Kachchh","BLOCK":"Abdasa","n_lists":4,"n_birders":1,"n_species":67,"focal_lists":2},"geometry":{"type":"Polygon","coordinates":[[[69.05609853122226,23.360338251509157],[69.00609853122227,23.360338251509157],[69.00609853122227,23.410338251509154],[69.05609853122226,23.410338251509154],[69.05609853122226,23.360338251509157]]]}},{"type":"Feature","properties":{"GRID_CODE":"GJ-KU-RAN-276","STATE":"Gujarat","DISTRICT":"Kachchh","BLOCK":"Rann of Kachchh","n_lists":0,"n_birders":0,"n_species":0,"focal_lists":0},"geometry":{"type":"Polygon","coordinates":[[[70.00609853122227,24.010338251509155],[69.95609853122227,24.010338251509155],[69.95609853122227,24.060338251509156],[70.00609853122227,24.060338251509156],[70.00609853122227,24.010338251509155]]]}},{"type":"Feature","properties":{"GRID_CODE":"GJ-KU-ABD-045","STATE":"Gujarat","DISTRICT":"Kachchh","BLOCK":"Abdasa","n_lists":1,"n_birders":1,"n_species":90,"focal_lists":1},"geometry":{"type":"Polygon","coordinates":[[[68.70609853122227,23.210338251509154],[68.65609853122227,23.210338251509154],[68.65609853122227,23.260338251509155],[68.70609853122227,23.260338251509155],[68.70609853122227,23.210338251509154]]]}},{"type":"Feature","properties":{"GRID_CODE":"GJ-KU-BHA-061","STATE":"Gujarat","DISTRICT":"Kachchh","BLOCK":"Bhachau","n_lists":4,"n_birders":1,"n_species":63,"focal_lists":4},"geometry":{"type":"Polygon","coordinates":[[[70.75609853122227,23.260338251509155],[70.70609853122227,23.260338251509155],[70.70609853122227,23.310338251509156],[70.75609853122227,23.310338251509156],[70.75609853122227,23.260338251509155]]]}},{"type":"Feature","properties":{"GRID_CODE":"GJ-KU-LAK-074","STATE":"Gujarat","DISTRICT":"Kachchh","BLOCK":"Lakhpat","n_lists":4,"n_birders":1,"n_species":57,"focal_lists":1},"geometry":{"type":"Polygon","coordinates":[[[68.65609853122227,23.410338251509154],[68.60609853122227,23.410338251509154],[68.60609853122227,23.460338251509154],[68.65609853122227,23.460338251509154],[68.65609853122227,23.410338251509154]]]}},{"type":"Feature","properties":{"GRID_CODE":"GJ-KU-RAN-217","STATE":"Gujarat","DISTRICT":"Kachchh","BLOCK":"Rann of Kachchh","n_lists":0,"n_birders":0,"n_species":0,"focal_lists":0},"geometry":{"type":"Polygon","coordinates":[[[69.60609853122227,24.060338251509156],[69.55609853122226,24.060338251509156],[69.55609853122226,24.110338251509157],[69.60609853122227,24.110338251509157],[69.60609853122227,24.060338251509156]]]}},{"type":"Feature","properties":{"GRID_CODE":"GJ-KU-LIT-153","STATE":"Gujarat","DISTRICT":"Kachchh","BLOCK":"Little Rann","n_lists":0,"n_birders":0,"n_species":0,"focal_lists":0},"geometry":{"type":"Polygon","coordinates":[[[70.40609853122227,23.110338251509157],[70.35609853122227,23.110338251509157],[70.35609853122227,23.160338251509154],[70.40609853122227,23.160338251509154],[70.40609853122227,23.110338251509157]]]}},{"type":"Feature","properties":{"GRID_CODE":"GJ-KU-RAN-373","STATE":"Gujarat","DISTRICT":"Kachchh","BLOCK":"Rann of Kachchh","n_lists":0,"n_birders":0,"n_species":0,"focal_lists":0},"geometry":{"type":"Polygon","coordinates":[[[69.25609853122227,23.910338251509154],[69.20609853122227,23.910338251509154],[69.20609853122227,23.960338251509154],[69.25609853122227,23.960338251509154],[69.25609853122227,23.910338251509154]]]}},{"type":"Feature","properties":{"GRID_CODE":"GJ-KU-RAN-118","STATE":"Gujarat","DISTRICT":"Kachchh","BLOCK":"Rann of Kachchh","n_lists":0,"n_birders":0,"n_species":0,"focal_lists":0},"geometry":{"type":"Polygon","coordinates":[[[69.40609853122227,24.160338251509154],[69.35609853122227,24.160338251509154],[69.35609853122227,24.210338251509154],[69.40609853122227,24.210338251509154],[69.40609853122227,24.160338251509154]]]}},{"type":"Feature","properties":{"GRID_CODE":"GJ-KU-BHU-094","STATE":"Gujarat","DISTRICT":"Kachchh","BLOCK":"Bhuj","n_lists":0,"n_birders":0,"n_species":0,"focal_lists":0},"geometry":{"type":"Polygon","coordinates":[[[70.15609853122227,23.410338251509154],[70.10609853122227,23.410338251509154],[70.10609853122227,23.460338251509154],[70.15609853122227,23.460338251509154],[70.15609853122227,23.410338251509154]]]}},{"type":"Feature","properties":{"GRID_CODE":"GJ-KU-RAN-247","STATE":"Gujarat","DISTRICT":"Kachchh","BLOCK":"Rann of Kachchh","n_lists":0,"n_birders":0,"n_species":0,"focal_lists":0},"geometry":{"type":"Polygon","coordinates":[[[71.10609853122227,24.060338251509156],[71.05609853122226,24.060338251509156],[71.05609853122226,24.110338251509157],[71.10609853122227,24.110338251509157],[71.10609853122227,24.060338251509156]]]}},{"type":"Feature","properties":{"GRID_CODE":"GJ-KU-RAN-397","STATE":"Gujarat","DISTRICT":"Kachchh","BLOCK":"Rann of Kachchh","n_lists":0,"n_birders":0,"n_species":0,"focal_lists":0},"geometry":{"type":"Polygon","coordinates":[[[70.75609853122227,23.910338251509154],[70.70609853122227,23.910338251509154],[70.70609853122227,23.960338251509154],[70.75609853122227,23.960338251509154],[70.75609853122227,23.910338251509154]]]}},{"type":"Feature","properties":{"GRID_CODE":"GJ-KU-RAN-095","STATE":"Gujarat","DISTRICT":"Kachchh","BLOCK":"Rann of Kachchh","n_lists":0,"n_birders":0,"n_species":0,"focal_lists":0},"geometry":{"type":"Polygon","coordinates":[[[70.50609853122227,24.210338251509154],[70.45609853122227,24.210338251509154],[70.45609853122227,24.260338251509155],[70.50609853122227,24.260338251509155],[70.50609853122227,24.210338251509154]]]}},{"type":"Feature","properties":{"GRID_CODE":"GJ-KU-RAN-228","STATE":"Gujarat","DISTRICT":"Kachchh","BLOCK":"Rann of Kachchh","n_lists":0,"n_birders":0,"n_species":0,"focal_lists":0},"geometry":{"type":"Polygon","coordinates":[[[70.15609853122227,24.060338251509156],[70.10609853122227,24.060338251509156],[70.10609853122227,24.110338251509157],[70.15609853122227,24.110338251509157],[70.15609853122227,24.060338251509156]]]}},{"type":"Feature","properties":{"GRID_CODE":"GJ-KU-RAN-085","STATE":"Gujarat","DISTRICT":"Kachchh","BLOCK":"Rann of Kachchh","n_lists":2,"n_birders":1,"n_species":2,"focal_lists":1},"geometry":{"type":"Polygon","coordinates":[[[69.55609853122226,24.210338251509154],[69.50609853122227,24.210338251509154],[69.50609853122227,24.260338251509155],[69.55609853122226,24.260338251509155],[69.55609853122226,24.210338251509154]]]}},{"type":"Feature","properties":{"GRID_CODE":"GJ-KU-MAN-038","STATE":"Gujarat","DISTRICT":"Kachchh","BLOCK":"Mandvi","n_lists":0,"n_birders":0,"n_species":0,"focal_lists":0},"geometry":{"type":"Polygon","coordinates":[[[69.20609853122227,22.860338251509157],[69.15609853122227,22.860338251509157],[69.15609853122227,22.910338251509154],[69.20609853122227,22.910338251509154],[69.20609853122227,22.860338251509157]]]}},{"type":"Feature","properties":{"GRID_CODE":"GJ-KU-LIT-018","STATE":"Gujarat","DISTRICT":"Kachchh","BLOCK":"Little Rann","n_lists":0,"n_birders":0,"n_species":0,"focal_lists":0},"geometry":{"type":"Polygon","coordinates":[[[71.25609853122227,23.560338251509156],[71.20609853122227,23.560338251509156],[71.20609853122227,23.610338251509157],[71.25609853122227,23.610338251509157],[71.25609853122227,23.560338251509156]]]}},{"type":"Feature","properties":{"GRID_CODE":"GJ-KU-RAP-089","STATE":"Gujarat","DISTRICT":"Kachchh","BLOCK":"Rapar","n_lists":2,"n_birders":1,"n_species":39,"focal_lists":1},"geometry":{"type":"Polygon","coordinates":[[[70.90609853122227,23.410338251509154],[70.85609853122227,23.410338251509154],[70.85609853122227,23.460338251509154],[70.90609853122227,23.460338251509154],[70.90609853122227,23.410338251509154]]]}},{"type":"Feature","properties":{"GRID_CODE":"GJ-KU-LAK-050","STATE":"Gujarat","DISTRICT":"Kachchh","BLOCK":"Lakhpat","n_lists":1,"n_birders":1,"n_species":32,"focal_lists":1},"geometry":{"type":"Polygon","coordinates":[[[68.80609853122226,23.560338251509156],[68.75609853122227,23.560338251509156],[68.75609853122227,23.610338251509157],[68.80609853122226,23.610338251509157],[68.80609853122226,23.560338251509156]]]}},{"type":"Feature","properties":{"GRID_CODE":"GJ-KU-MUN-021","STATE":"Gujarat","DISTRICT":"Kachchh","BLOCK":"Mundra","n_lists":0,"n_birders":0,"n_species":0,"focal_lists":0},"geometry":{"type":"Polygon","coordinates":[[[69.75609853122227,22.860338251509157],[69.70609853122227,22.860338251509157],[69.70609853122227,22.910338251509154],[69.75609853122227,22.910338251509154],[69.75609853122227,22.860338251509157]]]}},{"type":"Feature","properties":{"GRID_CODE":"GJ-KU-LAK-018","STATE":"Gujarat","DISTRICT":"Kachchh","BLOCK":"Lakhpat","n_lists":2,"n_birders":1,"n_species":36,"focal_lists":2},"geometry":{"type":"Polygon","coordinates":[[[68.60609853122227,23.660338251509154],[68.55609853122226,23.660338251509154],[68.55609853122226,23.710338251509154],[68.60609853122227,23.710338251509154],[68.60609853122227,23.660338251509154]]]}},{"type":"Feature","properties":{"GRID_CODE":"GJ-KU-RAP-023","STATE":"Gujarat","DISTRICT":"Kachchh","BLOCK":"Rapar","n_lists":0,"n_birders":0,"n_species":0,"focal_lists":0},"geometry":{"type":"Polygon","coordinates":[[[70.65609853122227,23.710338251509154],[70.60609853122227,23.710338251509154],[70.60609853122227,23.760338251509155],[70.65609853122227,23.760338251509155],[70.65609853122227,23.710338251509154]]]}},{"type":"Feature","properties":{"GRID_CODE":"GJ-KU-RAN-414","STATE":"Gujarat","DISTRICT":"Kachchh","BLOCK":"Rann of Kachchh","n_lists":0,"n_birders":0,"n_species":0,"focal_lists":0},"geometry":{"type":"Polygon","coordinates":[[[68.55609853122226,23.860338251509157],[68.50609853122227,23.860338251509157],[68.50609853122227,23.910338251509154],[68.55609853122226,23.910338251509154],[68.55609853122226,23.860338251509157]]]}},{"type":"Feature","properties":{"GRID_CODE":"GJ-KU-MAN-032","STATE":"Gujarat","DISTRICT":"Kachchh","BLOCK":"Mandvi","n_lists":1,"n_birders":1,"n_species":27,"focal_lists":1},"geometry":{"type":"Polygon","coordinates":[[[69.35609853122227,22.910338251509154],[69.30609853122226,22.910338251509154],[69.30609853122226,22.960338251509154],[69.35609853122227,22.960338251509154],[69.35609853122227,22.910338251509154]]]}},{"type":"Feature","properties":{"GRID_CODE":"GJ-KU-RAN-584","STATE":"Gujarat","DISTRICT":"Kachchh","BLOCK":"Rann of Kachchh","n_lists":0,"n_birders":0,"n_species":0,"focal_lists":0},"geometry":{"type":"Polygon","coordinates":[[[70.30609853122226,23.560338251509156],[70.25609853122227,23.560338251509156],[70.25609853122227,23.610338251509157],[70.30609853122226,23.610338251509157],[70.30609853122226,23.560338251509156]]]}},{"type":"Feature","properties":{"GRID_CODE":"GJ-KU-RAN-438","STATE":"Gujarat","DISTRICT":"Kachchh","BLOCK":"Rann of Kachchh","n_lists":0,"n_birders":0,"n_species":0,"focal_lists":0},"geometry":{"type":"Polygon","coordinates":[[[70.05609853122226,23.860338251509157],[70.00609853122227,23.860338251509157],[70.00609853122227,23.910338251509154],[70.05609853122226,23.910338251509154],[70.05609853122226,23.860338251509157]]]}},{"type":"Feature","properties":{"GRID_CODE":"GJ-KU-BHU-034","STATE":"Gujarat","DISTRICT":"Kachchh","BLOCK":"Bhuj","n_lists":0,"n_birders":0,"n_species":0,"focal_lists":0},"geometry":{"type":"Polygon","coordinates":[[[69.70609853122227,23.710338251509154],[69.65609853122227,23.710338251509154],[69.65609853122227,23.760338251509155],[69.70609853122227,23.760338251509155],[69.70609853122227,23.710338251509154]]]}},{"type":"Feature","properties":{"GRID_CODE":"GJ-KU-LIT-008","STATE":"Gujarat","DISTRICT":"Kachchh","BLOCK":"Little Rann","n_lists":0,"n_birders":0,"n_species":0,"focal_lists":0},"geometry":{"type":"Polygon","coordinates":[[[69.35609853122227,23.560338251509156],[69.30609853122226,23.560338251509156],[69.30609853122226,23.610338251509157],[69.35609853122227,23.610338251509157],[69.35609853122227,23.560338251509156]]]}},{"type":"Feature","properties":{"GRID_CODE":"GJ-KU-LIT-001","STATE":"Gujarat","DISTRICT":"Kachchh","BLOCK":"Little Rann","n_lists":0,"n_birders":0,"n_species":0,"focal_lists":0},"geometry":{"type":"Polygon","coordinates":[[[71.20609853122227,23.710338251509154],[71.15609853122227,23.710338251509154],[71.15609853122227,23.760338251509155],[71.20609853122227,23.760338251509155],[71.20609853122227,23.710338251509154]]]}},{"type":"Feature","properties":{"GRID_CODE":"GJ-KU-RAN-425","STATE":"Gujarat","DISTRICT":"Kachchh","BLOCK":"Rann of Kachchh","n_lists":0,"n_birders":0,"n_species":0,"focal_lists":0},"geometry":{"type":"Polygon","coordinates":[[[69.10609853122227,23.860338251509157],[69.05609853122226,23.860338251509157],[69.05609853122226,23.910338251509154],[69.10609853122227,23.910338251509154],[69.10609853122227,23.860338251509157]]]}},{"type":"Feature","properties":{"GRID_CODE":"GJ-KU-RAP-003","STATE":"Gujarat","DISTRICT":"Kachchh","BLOCK":"Rapar","n_lists":0,"n_birders":0,"n_species":0,"focal_lists":0},"geometry":{"type":"Polygon","coordinates":[[[70.60609853122227,23.860338251509157],[70.55609853122226,23.860338251509157],[70.55609853122226,23.910338251509154],[70.60609853122227,23.910338251509154],[70.60609853122227,23.860338251509157]]]}},{"type":"Feature","properties":{"GRID_CODE":"GJ-KU-RAN-006","STATE":"Gujarat","DISTRICT":"Kachchh","BLOCK":"Rann of Kachchh","n_lists":0,"n_birders":0,"n_species":0,"focal_lists":0},"geometry":{"type":"Polygon","coordinates":[[[71.15609853122227,24.560338251509156],[71.10609853122227,24.560338251509156],[71.10609853122227,24.610338251509157],[71.15609853122227,24.610338251509157],[71.15609853122227,24.560338251509156]]]}},{"type":"Feature","properties":{"GRID_CODE":"GJ-KU-LIT-167","STATE":"Gujarat","DISTRICT":"Kachchh","BLOCK":"Little Rann","n_lists":0,"n_birders":0,"n_species":0,"focal_lists":0},"geometry":{"type":"Polygon","coordinates":[[[70.45609853122227,23.060338251509156],[70.40609853122227,23.060338251509156],[70.40609853122227,23.110338251509157],[70.45609853122227,23.110338251509157],[70.45609853122227,23.060338251509156]]]}},{"type":"Feature","properties":{"GRID_CODE":"GJ-KU-BHU-138","STATE":"Gujarat","DISTRICT":"Kachchh","BLOCK":"Bhuj","n_lists":1,"n_birders":1,"n_species":1,"focal_lists":0},"geometry":{"type":"Polygon","coordinates":[[[69.85609853122227,23.210338251509154],[69.80609853122226,23.210338251509154],[69.80609853122226,23.260338251509155],[69.85609853122227,23.260338251509155],[69.85609853122227,23.210338251509154]]]}},{"type":"Feature","properties":{"GRID_CODE":"GJ-KU-RAN-591","STATE":"Gujarat","DISTRICT":"Kachchh","BLOCK":"Rann of Kachchh","n_lists":0,"n_birders":0,"n_species":0,"focal_lists":0},"geometry":{"type":"Polygon","coordinates":[[[70.00609853122227,23.460338251509154],[69.95609853122227,23.460338251509154],[69.95609853122227,23.510338251509155],[70.00609853122227,23.510338251509155],[70.00609853122227,23.460338251509154]]]}},{"type":"Feature","properties":{"GRID_CODE":"GJ-KU-BHU-160","STATE":"Gujarat","DISTRICT":"Kachchh","BLOCK":"Bhuj","n_lists":0,"n_birders":0,"n_species":0,"focal_lists":0},"geometry":{"type":"Polygon","coordinates":[[[69.50609853122227,23.060338251509156],[69.45609853122227,23.060338251509156],[69.45609853122227,23.110338251509157],[69.50609853122227,23.110338251509157],[69.50609853122227,23.060338251509156]]]}},{"type":"Feature","properties":{"GRID_CODE":"GJ-KU-BHU-110","STATE":"Gujarat","DISTRICT":"Kachchh","BLOCK":"Bhuj","n_lists":0,"n_birders":0,"n_species":0,"focal_lists":0},"geometry":{"type":"Polygon","coordinates":[[[69.65609853122227,23.310338251509156],[69.60609853122227,23.310338251509156],[69.60609853122227,23.360338251509157],[69.65609853122227,23.360338251509157],[69.65609853122227,23.310338251509156]]]}},{"type":"Feature","properties":{"GRID_CODE":"GJ-KU-LIT-026","STATE":"Gujarat","DISTRICT":"Kachchh","BLOCK":"Little Rann","n_lists":0,"n_birders":0,"n_species":0,"focal_lists":0},"geometry":{"type":"Polygon","coordinates":[[[69.60609853122227,23.510338251509155],[69.55609853122226,23.510338251509155],[69.55609853122226,23.560338251509156],[69.60609853122227,23.560338251509156],[69.60609853122227,23.510338251509155]]]}},{"type":"Feature","properties":{"GRID_CODE":"GJ-KU-LIT-122","STATE":"Gujarat","DISTRICT":"Kachchh","BLOCK":"Little Rann","n_lists":0,"n_birders":0,"n_species":0,"focal_lists":0},"geometry":{"type":"Polygon","coordinates":[[[71.35609853122227,23.210338251509154],[71.30609853122226,23.210338251509154],[71.30609853122226,23.260338251509155],[71.35609853122227,23.260338251509155],[71.35609853122227,23.210338251509154]]]}},{"type":"Feature","properties":{"GRID_CODE":"GJ-KU-NAK-044","STATE":"Gujarat","DISTRICT":"Kachchh","BLOCK":"Nakhatrana","n_lists":0,"n_birders":0,"n_species":0,"focal_lists":0},"geometry":{"type":"Polygon","coordinates":[[[69.25609853122227,23.360338251509157],[69.20609853122227,23.360338251509157],[69.20609853122227,23.410338251509154],[69.25609853122227,23.410338251509154],[69.25609853122227,23.360338251509157]]]}},{"type":"Feature","properties":{"GRID_CODE":"GJ-KU-BHU-057","STATE":"Gujarat","DISTRICT":"Kachchh","BLOCK":"Bhuj","n_lists":0,"n_birders":0,"n_species":0,"focal_lists":0},"geometry":{"type":"Polygon","coordinates":[[[69.40609853122227,23.610338251509157],[69.35609853122227,23.610338251509157],[69.35609853122227,23.660338251509154],[69.40609853122227,23.660338251509154],[69.40609853122227,23.610338251509157]]]}},{"type":"Feature","properties":{"GRID_CODE":"GJ-KU-ABD-049","STATE":"Gujarat","DISTRICT":"Kachchh","BLOCK":"Abdasa","n_lists":0,"n_birders":0,"n_species":0,"focal_lists":0},"geometry":{"type":"Polygon","coordinates":[[[68.90609853122227,23.210338251509154],[68.85609853122227,23.210338251509154],[68.85609853122227,23.260338251509155],[68.90609853122227,23.260338251509155],[68.90609853122227,23.210338251509154]]]}},{"type":"Feature","properties":{"GRID_CODE":"GJ-KU-NAK-017","STATE":"Gujarat","DISTRICT":"Kachchh","BLOCK":"Nakhatrana","n_lists":1,"n_birders":1,"n_species":41,"focal_lists":1},"geometry":{"type":"Polygon","coordinates":[[[69.05609853122226,23.460338251509154],[69.00609853122227,23.460338251509154],[69.00609853122227,23.510338251509155],[69.05609853122226,23.510338251509155],[69.05609853122226,23.460338251509154]]]}},{"type":"Feature","properties":{"GRID_CODE":"GJ-KU-RAP-072","STATE":"Gujarat","DISTRICT":"Kachchh","BLOCK":"Rapar","n_lists":0,"n_birders":0,"n_species":0,"focal_lists":0},"geometry":{"type":"Polygon","coordinates":[[[71.10609853122227,23.510338251509155],[71.05609853122226,23.510338251509155],[71.05609853122226,23.560338251509156],[71.10609853122227,23.560338251509156],[71.10609853122227,23.510338251509155]]]}},{"type":"Feature","properties":{"GRID_CODE":"GJ-KU-RAP-093","STATE":"Gujarat","DISTRICT":"Kachchh","BLOCK":"Rapar","n_lists":1,"n_birders":1,"n_species":14,"focal_lists":0},"geometry":{"type":"Polygon","coordinates":[[[70.75609853122227,23.360338251509157],[70.70609853122227,23.360338251509157],[70.70609853122227,23.410338251509154],[70.75609853122227,23.410338251509154],[70.75609853122227,23.360338251509157]]]}},{"type":"Feature","properties":{"GRID_CODE":"GJ-KU-LAK-057","STATE":"Gujarat","DISTRICT":"Kachchh","BLOCK":"Lakhpat","n_lists":0,"n_birders":0,"n_species":0,"focal_lists":0},"geometry":{"type":"Polygon","coordinates":[[[68.65609853122227,23.510338251509155],[68.60609853122227,23.510338251509155],[68.60609853122227,23.560338251509156],[68.65609853122227,23.560338251509156],[68.65609853122227,23.510338251509155]]]}},{"type":"Feature","properties":{"GRID_CODE":"GJ-KU-RAN-122","STATE":"Gujarat","DISTRICT":"Kachchh","BLOCK":"Rann of Kachchh","n_lists":0,"n_birders":0,"n_species":0,"focal_lists":0},"geometry":{"type":"Polygon","coordinates":[[[69.60609853122227,24.160338251509154],[69.55609853122226,24.160338251509154],[69.55609853122226,24.210338251509154],[69.60609853122227,24.210338251509154],[69.60609853122227,24.160338251509154]]]}},{"type":"Feature","properties":{"GRID_CODE":"GJ-KU-BHA-065","STATE":"Gujarat","DISTRICT":"Kachchh","BLOCK":"Bhachau","n_lists":0,"n_birders":0,"n_species":0,"focal_lists":0},"geometry":{"type":"Polygon","coordinates":[[[70.40609853122227,23.210338251509154],[70.35609853122227,23.210338251509154],[70.35609853122227,23.260338251509155],[70.40609853122227,23.260338251509155],[70.40609853122227,23.210338251509154]]]}},{"type":"Feature","properties":{"GRID_CODE":"GJ-KU-RAN-261","STATE":"Gujarat","DISTRICT":"Kachchh","BLOCK":"Rann of Kachchh","n_lists":0,"n_birders":0,"n_species":0,"focal_lists":0},"geometry":{"type":"Polygon","coordinates":[[[69.25609853122227,24.010338251509155],[69.20609853122227,24.010338251509155],[69.20609853122227,24.060338251509156],[69.25609853122227,24.060338251509156],[69.25609853122227,24.010338251509155]]]}},{"type":"Feature","properties":{"GRID_CODE":"GJ-KU-RAN-587","STATE":"Gujarat","DISTRICT":"Kachchh","BLOCK":"Rann of Kachchh","n_lists":0,"n_birders":0,"n_species":0,"focal_lists":0},"geometry":{"type":"Polygon","coordinates":[[[70.15609853122227,23.510338251509155],[70.10609853122227,23.510338251509155],[70.10609853122227,23.560338251509156],[70.15609853122227,23.560338251509156],[70.15609853122227,23.510338251509155]]]}},{"type":"Feature","properties":{"GRID_CODE":"GJ-KU-RAN-145","STATE":"Gujarat","DISTRICT":"Kachchh","BLOCK":"Rann of Kachchh","n_lists":0,"n_birders":0,"n_species":0,"focal_lists":0},"geometry":{"type":"Polygon","coordinates":[[[71.10609853122227,24.160338251509154],[71.05609853122226,24.160338251509154],[71.05609853122226,24.210338251509154],[71.10609853122227,24.210338251509154],[71.10609853122227,24.160338251509154]]]}},{"type":"Feature","properties":{"GRID_CODE":"GJ-KU-RAN-291","STATE":"Gujarat","DISTRICT":"Kachchh","BLOCK":"Rann of Kachchh","n_lists":0,"n_birders":0,"n_species":0,"focal_lists":0},"geometry":{"type":"Polygon","coordinates":[[[70.75609853122227,24.010338251509155],[70.70609853122227,24.010338251509155],[70.70609853122227,24.060338251509156],[70.75609853122227,24.060338251509156],[70.75609853122227,24.010338251509155]]]}},{"type":"Feature","properties":{"GRID_CODE":"GJ-KU-BHU-046","STATE":"Gujarat","DISTRICT":"Kachchh","BLOCK":"Bhuj","n_lists":0,"n_birders":0,"n_species":0,"focal_lists":0},"geometry":{"type":"Polygon","coordinates":[[[69.55609853122226,23.660338251509154],[69.50609853122227,23.660338251509154],[69.50609853122227,23.710338251509154],[69.55609853122226,23.710338251509154],[69.55609853122226,23.660338251509154]]]}},{"type":"Feature","properties":{"GRID_CODE":"GJ-KU-RAN-041","STATE":"Gujarat","DISTRICT":"Kachchh","BLOCK":"Rann of Kachchh","n_lists":0,"n_birders":0,"n_species":0,"focal_lists":0},"geometry":{"type":"Polygon","coordinates":[[[70.50609853122227,24.310338251509156],[70.45609853122227,24.310338251509156],[70.45609853122227,24.360338251509157],[70.50609853122227,24.360338251509157],[70.50609853122227,24.310338251509156]]]}},{"type":"Feature","properties":{"GRID_CODE":"GJ-KU-RAN-126","STATE":"Gujarat","DISTRICT":"Kachchh","BLOCK":"Rann of Kachchh","n_lists":0,"n_birders":0,"n_species":0,"focal_lists":0},"geometry":{"type":"Polygon","coordinates":[[[70.15609853122227,24.160338251509154],[70.10609853122227,24.160338251509154],[70.10609853122227,24.210338251509154],[70.15609853122227,24.210338251509154],[70.15609853122227,24.160338251509154]]]}},{"type":"Feature","properties":{"GRID_CODE":"GJ-KU-MUN-030","STATE":"Gujarat","DISTRICT":"Kachchh","BLOCK":"Mundra","n_lists":0,"n_birders":0,"n_species":0,"focal_lists":0},"geometry":{"type":"Polygon","coordinates":[[[69.80609853122226,22.810338251509156],[69.75609853122227,22.810338251509156],[69.75609853122227,22.860338251509157],[69.80609853122226,22.860338251509157],[69.80609853122226,22.810338251509156]]]}},{"type":"Feature","properties":{"GRID_CODE":"GJ-KU-MAN-019","STATE":"Gujarat","DISTRICT":"Kachchh","BLOCK":"Mandvi","n_lists":0,"n_birders":0,"n_species":0,"focal_lists":0},"geometry":{"type":"Polygon","coordinates":[[[69.20609853122227,22.960338251509154],[69.15609853122227,22.960338251509154],[69.15609853122227,23.010338251509155],[69.20609853122227,23.010338251509155],[69.20609853122227,22.960338251509154]]]}},{"type":"Feature","properties":{"GRID_CODE":"GJ-KU-LIT-174","STATE":"Gujarat","DISTRICT":"Kachchh","BLOCK":"Little Rann","n_lists":0,"n_birders":0,"n_species":0,"focal_lists":0},"geometry":{"type":"Polygon","coordinates":[[[70.30609853122226,23.010338251509155],[70.25609853122227,23.010338251509155],[70.25609853122227,23.060338251509156],[70.30609853122226,23.060338251509156],[70.30609853122226,23.010338251509155]]]}},{"type":"Feature","properties":{"GRID_CODE":"GJ-KU-COA-006","STATE":"Gujarat","DISTRICT":"Kachchh","BLOCK":"Coastal Area","n_lists":0,"n_birders":0,"n_species":0,"focal_lists":0},"geometry":{"type":"Polygon","coordinates":[[[69.95609853122227,22.860338251509157],[69.90609853122227,22.860338251509157],[69.90609853122227,22.910338251509154],[69.95609853122227,22.910338251509154],[69.95609853122227,22.860338251509157]]]}},{"type":"Feature","properties":{"GRID_CODE":"GJ-KU-LAK-022","STATE":"Gujarat","DISTRICT":"Kachchh","BLOCK":"Lakhpat","n_lists":2,"n_birders":1,"n_species":30,"focal_lists":2},"geometry":{"type":"Polygon","coordinates":[[[68.80609853122226,23.660338251509154],[68.75609853122227,23.660338251509154],[68.75609853122227,23.710338251509154],[68.80609853122226,23.710338251509154],[68.80609853122226,23.660338251509154]]]}},{"type":"Feature","properties":{"GRID_CODE":"GJ-KU-BHU-147","STATE":"Gujarat","DISTRICT":"Kachchh","BLOCK":"Bhuj","n_lists":4,"n_birders":1,"n_species":34,"focal_lists":2},"geometry":{"type":"Polygon","coordinates":[[[69.70609853122227,23.160338251509154],[69.65609853122227,23.160338251509154],[69.65609853122227,23.210338251509154],[69.70609853122227,23.210338251509154],[69.70609853122227,23.160338251509154]]]}},{"type":"Feature","properties":{"GRID_CODE":"GJ-KU-RAP-009","STATE":"Gujarat","DISTRICT":"Kachchh","BLOCK":"Rapar","n_lists":0,"n_birders":0,"n_species":0,"focal_lists":0},"geometry":{"type":"Polygon","coordinates":[[[70.65609853122227,23.810338251509156],[70.60609853122227,23.810338251509156],[70.60609853122227,23.860338251509157],[70.65609853122227,23.860338251509157],[70.65609853122227,23.810338251509156]]]}},{"type":"Feature","properties":{"GRID_CODE":"GJ-KU-MAN-013","STATE":"Gujarat","DISTRICT":"Kachchh","BLOCK":"Mandvi","n_lists":4,"n_birders":1,"n_species":69,"focal_lists":3},"geometry":{"type":"Polygon","coordinates":[[[69.35609853122227,23.010338251509155],[69.30609853122226,23.010338251509155],[69.30609853122226,23.060338251509156],[69.35609853122227,23.060338251509156],[69.35609853122227,23.010338251509155]]]}},{"type":"Feature","properties":{"GRID_CODE":"GJ-KU-RAN-556","STATE":"Gujarat","DISTRICT":"Kachchh","BLOCK":"Rann of Kachchh","n_lists":0,"n_birders":0,"n_species":0,"focal_lists":0},"geometry":{"type":"Polygon","coordinates":[[[70.30609853122226,23.660338251509154],[70.25609853122227,23.660338251509154],[70.25609853122227,23.710338251509154],[70.30609853122226,23.710338251509154],[70.30609853122226,23.660338251509154]]]}},{"type":"Feature","properties":{"GRID_CODE":"GJ-KU-RAN-330","STATE":"Gujarat","DISTRICT":"Kachchh","BLOCK":"Rann of Kachchh","n_lists":0,"n_birders":0,"n_species":0,"focal_lists":0},"geometry":{"type":"Polygon","coordinates":[[[70.05609853122226,23.960338251509154],[70.00609853122227,23.960338251509154],[70.00609853122227,24.010338251509155],[70.05609853122226,24.010338251509155],[70.05609853122226,23.960338251509154]]]}},{"type":"Feature","properties":{"GRID_CODE":"GJ-KU-RAN-475","STATE":"Gujarat","DISTRICT":"Kachchh","BLOCK":"Rann of Kachchh","n_lists":0,"n_birders":0,"n_species":0,"focal_lists":0},"geometry":{"type":"Polygon","coordinates":[[[69.70609853122227,23.810338251509156],[69.65609853122227,23.810338251509156],[69.65609853122227,23.860338251509157],[69.70609853122227,23.860338251509157],[69.70609853122227,23.810338251509156]]]}},{"type":"Feature","properties":{"GRID_CODE":"GJ-KU-RAN-164","STATE":"Gujarat","DISTRICT":"Kachchh","BLOCK":"Rann of Kachchh","n_lists":0,"n_birders":0,"n_species":0,"focal_lists":0},"geometry":{"type":"Polygon","coordinates":[[[69.45609853122227,24.110338251509157],[69.40609853122227,24.110338251509157],[69.40609853122227,24.160338251509154],[69.45609853122227,24.160338251509154],[69.45609853122227,24.110338251509157]]]}},{"type":"Feature","properties":{"GRID_CODE":"GJ-KU-RAN-311","STATE":"Gujarat","DISTRICT":"Kachchh","BLOCK":"Rann of Kachchh","n_lists":0,"n_birders":0,"n_species":0,"focal_lists":0},"geometry":{"type":"Polygon","coordinates":[[[69.10609853122227,23.960338251509154],[69.05609853122226,23.960338251509154],[69.05609853122226,24.010338251509155],[69.10609853122227,24.010338251509155],[69.10609853122227,23.960338251509154]]]}},{"type":"Feature","properties":{"GRID_CODE":"GJ-KU-RAP-007","STATE":"Gujarat","DISTRICT":"Kachchh","BLOCK":"Rapar","n_lists":3,"n_birders":1,"n_species":54,"focal_lists":3},"geometry":{"type":"Polygon","coordinates":[[[70.80609853122226,23.860338251509157],[70.75609853122227,23.860338251509157],[70.75609853122227,23.910338251509154],[70.80609853122226,23.910338251509154],[70.80609853122226,23.860338251509157]]]}},{"type":"Feature","properties":{"GRID_CODE":"GJ-KU-RAN-194","STATE":"Gujarat","DISTRICT":"Kachchh","BLOCK":"Rann of Kachchh","n_lists":0,"n_birders":0,"n_species":0,"focal_lists":0},"geometry":{"type":"Polygon","coordinates":[[[70.95609853122227,24.110338251509157],[70.90609853122227,24.110338251509157],[70.90609853122227,24.160338251509154],[70.95609853122227,24.160338251509154],[70.95609853122227,24.110338251509157]]]}},{"type":"Feature","properties":{"GRID_CODE":"GJ-KU-RAN-037","STATE":"Gujarat","DISTRICT":"Kachchh","BLOCK":"Rann of Kachchh","n_lists":0,"n_birders":0,"n_species":0,"focal_lists":0},"geometry":{"type":"Polygon","coordinates":[[[71.40609853122227,24.360338251509157],[71.35609853122227,24.360338251509157],[71.35609853122227,24.410338251509154],[71.40609853122227,24.410338251509154],[71.40609853122227,24.360338251509157]]]}},{"type":"Feature","properties":{"GRID_CODE":"GJ-KU-RAN-341","STATE":"Gujarat","DISTRICT":"Kachchh","BLOCK":"Rann of Kachchh","n_lists":0,"n_birders":0,"n_species":0,"focal_lists":0},"geometry":{"type":"Polygon","coordinates":[[[70.60609853122227,23.960338251509154],[70.55609853122226,23.960338251509154],[70.55609853122226,24.010338251509155],[70.60609853122227,24.010338251509155],[70.60609853122227,23.960338251509154]]]}},{"type":"Feature","properties":{"GRID_CODE":"GJ-KU-ANJ-043","STATE":"Gujarat","DISTRICT":"Kachchh","BLOCK":"Anjar","n_lists":2,"n_birders":1,"n_species":72,"focal_lists":2},"geometry":{"type":"Polygon","coordinates":[[[70.00609853122227,22.910338251509154],[69.95609853122227,22.910338251509154],[69.95609853122227,22.960338251509154],[70.00609853122227,22.960338251509154],[70.00609853122227,22.910338251509154]]]}},{"type":"Feature","properties":{"GRID_CODE":"GJ-KU-LIT-131","STATE":"Gujarat","DISTRICT":"Kachchh","BLOCK":"Little Rann","n_lists":0,"n_birders":0,"n_species":0,"focal_lists":0},"geometry":{"type":"Polygon","coordinates":[[[70.45609853122227,23.160338251509154],[70.40609853122227,23.160338251509154],[70.40609853122227,23.210338251509154],[70.45609853122227,23.210338251509154],[70.45609853122227,23.160338251509154]]]}},{"type":"Feature","properties":{"GRID_CODE":"GJ-KU-COA-011","STATE":"Gujarat","DISTRICT":"Kachchh","BLOCK":"Coastal Area","n_lists":0,"n_birders":0,"n_species":0,"focal_lists":0},"geometry":{"type":"Polygon","coordinates":[[[69.65609853122227,22.760338251509155],[69.60609853122227,22.760338251509155],[69.60609853122227,22.810338251509156],[69.65609853122227,22.810338251509156],[69.65609853122227,22.760338251509155]]]}},{"type":"Feature","properties":{"GRID_CODE":"GJ-KU-MAN-046","STATE":"Gujarat","DISTRICT":"Kachchh","BLOCK":"Mandvi","n_lists":3,"n_birders":1,"n_species":64,"focal_lists":2},"geometry":{"type":"Polygon","coordinates":[[[69.25609853122227,22.810338251509156],[69.20609853122227,22.810338251509156],[69.20609853122227,22.860338251509157],[69.25609853122227,22.860338251509157],[69.25609853122227,22.810338251509156]]]}},{"type":"Feature","properties":{"GRID_CODE":"GJ-KU-MAN-007","STATE":"Gujarat","DISTRICT":"Kachchh","BLOCK":"Mandvi","n_lists":0,"n_birders":0,"n_species":0,"focal_lists":0},"geometry":{"type":"Polygon","coordinates":[[[69.40609853122227,23.060338251509156],[69.35609853122227,23.060338251509156],[69.35609853122227,23.110338251509157],[69.40609853122227,23.110338251509157],[69.40609853122227,23.060338251509156]]]}},{"type":"Feature","properties":{"GRID_CODE":"GJ-KU-BHU-114","STATE":"Gujarat","DISTRICT":"Kachchh","BLOCK":"Bhuj","n_lists":0,"n_birders":0,"n_species":0,"focal_lists":0},"geometry":{"type":"Polygon","coordinates":[[[69.85609853122227,23.310338251509156],[69.80609853122226,23.310338251509156],[69.80609853122226,23.360338251509157],[69.85609853122227,23.360338251509157],[69.85609853122227,23.310338251509156]]]}},{"type":"Feature","properties":{"GRID_CODE":"GJ-KU-MAN-026","STATE":"Gujarat","DISTRICT":"Kachchh","BLOCK":"Mandvi","n_lists":0,"n_birders":0,"n_species":0,"focal_lists":0},"geometry":{"type":"Polygon","coordinates":[[[69.05609853122226,22.910338251509154],[69.00609853122227,22.910338251509154],[69.00609853122227,22.960338251509154],[69.05609853122226,22.960338251509154],[69.05609853122226,22.910338251509154]]]}},{"type":"Feature","properties":{"GRID_CODE":"GJ-KU-RAN-579","STATE":"Gujarat","DISTRICT":"Kachchh","BLOCK":"Rann of Kachchh","n_lists":0,"n_birders":0,"n_species":0,"focal_lists":0},"geometry":{"type":"Polygon","coordinates":[[[70.00609853122227,23.560338251509156],[69.95609853122227,23.560338251509156],[69.95609853122227,23.610338251509157],[70.00609853122227,23.610338251509157],[70.00609853122227,23.560338251509156]]]}},{"type":"Feature","properties":{"GRID_CODE":"GJ-KU-BHU-061","STATE":"Gujarat","DISTRICT":"Kachchh","BLOCK":"Bhuj","n_lists":0,"n_birders":0,"n_species":0,"focal_lists":0},"geometry":{"type":"Polygon","coordinates":[[[69.60609853122227,23.610338251509157],[69.55609853122226,23.610338251509157],[69.55609853122226,23.660338251509154],[69.60609853122227,23.660338251509154],[69.60609853122227,23.610338251509157]]]}},{"type":"Feature","properties":{"GRID_CODE":"GJ-KU-LIT-086","STATE":"Gujarat","DISTRICT":"Kachchh","BLOCK":"Little Rann","n_lists":0,"n_birders":0,"n_species":0,"focal_lists":0},"geometry":{"type":"Polygon","coordinates":[[[71.35609853122227,23.310338251509156],[71.30609853122226,23.310338251509156],[71.30609853122226,23.360338251509157],[71.35609853122227,23.360338251509157],[71.35609853122227,23.310338251509156]]]}},{"type":"Feature","properties":{"GRID_CODE":"GJ-KU-NAK-021","STATE":"Gujarat","DISTRICT":"Kachchh","BLOCK":"Nakhatrana","n_lists":3,"n_birders":1,"n_species":81,"focal_lists":3},"geometry":{"type":"Polygon","coordinates":[[[69.25609853122227,23.460338251509154],[69.20609853122227,23.460338251509154],[69.20609853122227,23.510338251509155],[69.25609853122227,23.510338251509155],[69.25609853122227,23.460338251509154]]]}},{"type":"Feature","properties":{"GRID_CODE":"GJ-KU-BHU-028","STATE":"Gujarat","DISTRICT":"Kachchh","BLOCK":"Bhuj","n_lists":5,"n_birders":1,"n_species":38,"focal_lists":2},"geometry":{"type":"Polygon","coordinates":[[[69.40609853122227,23.710338251509154],[69.35609853122227,23.710338251509154],[69.35609853122227,23.760338251509155],[69.40609853122227,23.760338251509155],[69.40609853122227,23.710338251509154]]]}},{"type":"Feature","properties":{"GRID_CODE":"GJ-KU-ABD-025","STATE":"Gujarat","DISTRICT":"Kachchh","BLOCK":"Abdasa","n_lists":4,"n_birders":1,"n_species":55,"focal_lists":3},"geometry":{"type":"Polygon","coordinates":[[[68.90609853122227,23.310338251509156],[68.85609853122227,23.310338251509156],[68.85609853122227,23.360338251509157],[68.90609853122227,23.360338251509157],[68.90609853122227,23.310338251509156]]]}},{"type":"Feature","properties":{"GRID_CODE":"GJ-KU-NAK-003","STATE":"Gujarat","DISTRICT":"Kachchh","BLOCK":"Nakhatrana","n_lists":6,"n_birders":1,"n_species":60,"focal_lists":5},"geometry":{"type":"Polygon","coordinates":[[[69.05609853122226,23.560338251509156],[69.00609853122227,23.560338251509156],[69.00609853122227,23.610338251509157],[69.05609853122226,23.610338251509157],[69.05609853122226,23.560338251509156]]]}},{"type":"Feature","properties":{"GRID_CODE":"GJ-KU-RAN-496","STATE":"Gujarat","DISTRICT":"Kachchh","BLOCK":"Rann of Kachchh","n_lists":0,"n_birders":0,"n_species":0,"focal_lists":0},"geometry":{"type":"Polygon","coordinates":[[[69.00609853122227,23.760338251509155],[68.95609853122227,23.760338251509155],[68.95609853122227,23.810338251509156],[69.00609853122227,23.810338251509156],[69.00609853122227,23.760338251509155]]]}},{"type":"Feature","properties":{"GRID_CODE":"GJ-KU-RAP-076","STATE":"Gujarat","DISTRICT":"Kachchh","BLOCK":"Rapar","n_lists":0,"n_birders":0,"n_species":0,"focal_lists":0},"geometry":{"type":"Polygon","coordinates":[[[70.75609853122227,23.460338251509154],[70.70609853122227,23.460338251509154],[70.70609853122227,23.510338251509155],[70.75609853122227,23.510338251509155],[70.75609853122227,23.460338251509154]]]}},{"type":"Feature","properties":{"GRID_CODE":"GJ-KU-LAK-033","STATE":"Gujarat","DISTRICT":"Kachchh","BLOCK":"Lakhpat","n_lists":0,"n_birders":0,"n_species":0,"focal_lists":0},"geometry":{"type":"Polygon","coordinates":[[[68.65609853122227,23.610338251509157],[68.60609853122227,23.610338251509157],[68.60609853122227,23.660338251509154],[68.65609853122227,23.660338251509154],[68.65609853122227,23.610338251509157]]]}},{"type":"Feature","properties":{"GRID_CODE":"GJ-KU-BHA-043","STATE":"Gujarat","DISTRICT":"Kachchh","BLOCK":"Bhachau","n_lists":2,"n_birders":1,"n_species":51,"focal_lists":1},"geometry":{"type":"Polygon","coordinates":[[[70.40609853122227,23.310338251509156],[70.35609853122227,23.310338251509156],[70.35609853122227,23.360338251509157],[70.40609853122227,23.360338251509157],[70.40609853122227,23.310338251509156]]]}},{"type":"Feature","properties":{"GRID_CODE":"GJ-KU-RAN-516","STATE":"Gujarat","DISTRICT":"Kachchh","BLOCK":"Rann of Kachchh","n_lists":0,"n_birders":0,"n_species":0,"focal_lists":0},"geometry":{"type":"Polygon","coordinates":[[[70.50609853122227,23.760338251509155],[70.45609853122227,23.760338251509155],[70.45609853122227,23.810338251509156],[70.50609853122227,23.810338251509156],[70.50609853122227,23.760338251509155]]]}},{"type":"Feature","properties":{"GRID_CODE":"GJ-KU-RAN-570","STATE":"Gujarat","DISTRICT":"Kachchh","BLOCK":"Rann of Kachchh","n_lists":0,"n_birders":0,"n_species":0,"focal_lists":0},"geometry":{"type":"Polygon","coordinates":[[[70.15609853122227,23.610338251509157],[70.10609853122227,23.610338251509157],[70.10609853122227,23.660338251509154],[70.15609853122227,23.660338251509154],[70.15609853122227,23.610338251509157]]]}},{"type":"Feature","properties":{"GRID_CODE":"GJ-KU-RAN-067","STATE":"Gujarat","DISTRICT":"Kachchh","BLOCK":"Rann of Kachchh","n_lists":0,"n_birders":0,"n_species":0,"focal_lists":0},"geometry":{"type":"Polygon","coordinates":[[[71.10609853122227,24.260338251509155],[71.05609853122226,24.260338251509155],[71.05609853122226,24.310338251509156],[71.10609853122227,24.310338251509156],[71.10609853122227,24.260338251509155]]]}},{"type":"Feature","properties":{"GRID_CODE":"GJ-KU-BHU-019","STATE":"Gujarat","DISTRICT":"Kachchh","BLOCK":"Bhuj","n_lists":5,"n_birders":1,"n_species":7,"focal_lists":2},"geometry":{"type":"Polygon","coordinates":[[[69.55609853122226,23.760338251509155],[69.50609853122227,23.760338251509155],[69.50609853122227,23.810338251509156],[69.55609853122226,23.810338251509156],[69.55609853122226,23.760338251509155]]]}},{"type":"Feature","properties":{"GRID_CODE":"GJ-KU-RAN-054","STATE":"Gujarat","DISTRICT":"Kachchh","BLOCK":"Rann of Kachchh","n_lists":0,"n_birders":0,"n_species":0,"focal_lists":0},"geometry":{"type":"Polygon","coordinates":[[[70.15609853122227,24.260338251509155],[70.10609853122227,24.260338251509155],[70.10609853122227,24.310338251509156],[70.15609853122227,24.310338251509156],[70.15609853122227,24.260338251509155]]]}},{"type":"Feature","properties":{"GRID_CODE":"GJ-KU-RAN-367","STATE":"Gujarat","DISTRICT":"Kachchh","BLOCK":"Rann of Kachchh","n_lists":0,"n_birders":0,"n_species":0,"focal_lists":0},"geometry":{"type":"Polygon","coordinates":[[[68.95609853122227,23.910338251509154],[68.90609853122227,23.910338251509154],[68.90609853122227,23.960338251509154],[68.95609853122227,23.960338251509154],[68.95609853122227,23.910338251509154]]]}},{"type":"Feature","properties":{"GRID_CODE":"GJ-KU-MAN-003","STATE":"Gujarat","DISTRICT":"Kachchh","BLOCK":"Mandvi","n_lists":1,"n_birders":1,"n_species":42,"focal_lists":1},"geometry":{"type":"Polygon","coordinates":[[[69.20609853122227,23.060338251509156],[69.15609853122227,23.060338251509156],[69.15609853122227,23.110338251509157],[69.20609853122227,23.110338251509157],[69.20609853122227,23.060338251509156]]]}},{"type":"Feature","properties":{"GRID_CODE":"GJ-KU-ABD-070","STATE":"Gujarat","DISTRICT":"Kachchh","BLOCK":"Abdasa","n_lists":4,"n_birders":1,"n_species":82,"focal_lists":3},"geometry":{"type":"Polygon","coordinates":[[[68.80609853122226,23.110338251509157],[68.75609853122227,23.110338251509157],[68.75609853122227,23.160338251509154],[68.80609853122226,23.160338251509154],[68.80609853122226,23.110338251509157]]]}},{"type":"Feature","properties":{"GRID_CODE":"GJ-KU-BHA-059","STATE":"Gujarat","DISTRICT":"Kachchh","BLOCK":"Bhachau","n_lists":2,"n_birders":1,"n_species":38,"focal_lists":2},"geometry":{"type":"Polygon","coordinates":[[[70.65609853122227,23.260338251509155],[70.60609853122227,23.260338251509155],[70.60609853122227,23.310338251509156],[70.65609853122227,23.310338251509156],[70.65609853122227,23.260338251509155]]]}},{"type":"Feature","properties":{"GRID_CODE":"GJ-KU-LIT-151","STATE":"Gujarat","DISTRICT":"Kachchh","BLOCK":"Little Rann","n_lists":0,"n_birders":0,"n_species":0,"focal_lists":0},"geometry":{"type":"Polygon","coordinates":[[[70.30609853122226,23.110338251509157],[70.25609853122227,23.110338251509157],[70.25609853122227,23.160338251509154],[70.30609853122226,23.160338251509154],[70.30609853122226,23.110338251509157]]]}},{"type":"Feature","properties":{"GRID_CODE":"GJ-KU-ANJ-039","STATE":"Gujarat","DISTRICT":"Kachchh","BLOCK":"Anjar","n_lists":2,"n_birders":1,"n_species":60,"focal_lists":2},"geometry":{"type":"Polygon","coordinates":[[[69.95609853122227,22.960338251509154],[69.90609853122227,22.960338251509154],[69.90609853122227,23.010338251509155],[69.95609853122227,23.010338251509155],[69.95609853122227,22.960338251509154]]]}},{"type":"Feature","properties":{"GRID_CODE":"GJ-KU-LAK-005","STATE":"Gujarat","DISTRICT":"Kachchh","BLOCK":"Lakhpat","n_lists":3,"n_birders":1,"n_species":41,"focal_lists":3},"geometry":{"type":"Polygon","coordinates":[[[68.80609853122226,23.760338251509155],[68.75609853122227,23.760338251509155],[68.75609853122227,23.810338251509156],[68.80609853122226,23.810338251509156],[68.80609853122226,23.760338251509155]]]}},{"type":"Feature","properties":{"GRID_CODE":"GJ-KU-BHU-123","STATE":"Gujarat","DISTRICT":"Kachchh","BLOCK":"Bhuj","n_lists":0,"n_birders":0,"n_species":0,"focal_lists":0},"geometry":{"type":"Polygon","coordinates":[[[69.70609853122227,23.260338251509155],[69.65609853122227,23.260338251509155],[69.65609853122227,23.310338251509156],[69.70609853122227,23.310338251509156],[69.70609853122227,23.260338251509155]]]}},{"type":"Feature","properties":{"GRID_CODE":"GJ-KU-RAP-002","STATE":"Gujarat","DISTRICT":"Kachchh","BLOCK":"Rapar","n_lists":2,"n_birders":1,"n_species":72,"focal_lists":2},"geometry":{"type":"Polygon","coordinates":[[[70.65609853122227,23.910338251509154],[70.60609853122227,23.910338251509154],[70.60609853122227,23.960338251509154],[70.65609853122227,23.960338251509154],[70.65609853122227,23.910338251509154]]]}},{"type":"Feature","properties":{"GRID_CODE":"GJ-KU-NAK-068","STATE":"Gujarat","DISTRICT":"Kachchh","BLOCK":"Nakhatrana","n_lists":3,"n_birders":1,"n_species":53,"focal_lists":3},"geometry":{"type":"Polygon","coordinates":[[[69.35609853122227,23.110338251509157],[69.30609853122226,23.110338251509157],[69.30609853122226,23.160338251509154],[69.35609853122227,23.160338251509154],[69.35609853122227,23.110338251509157]]]}},{"type":"Feature","properties":{"GRID_CODE":"GJ-KU-RAN-513","STATE":"Gujarat","DISTRICT":"Kachchh","BLOCK":"Rann of Kachchh","n_lists":0,"n_birders":0,"n_species":0,"focal_lists":0},"geometry":{"type":"Polygon","coordinates":[[[70.30609853122226,23.760338251509155],[70.25609853122227,23.760338251509155],[70.25609853122227,23.810338251509156],[70.30609853122226,23.810338251509156],[70.30609853122226,23.760338251509155]]]}},{"type":"Feature","properties":{"GRID_CODE":"GJ-KU-LIT-100","STATE":"Gujarat","DISTRICT":"Kachchh","BLOCK":"Little Rann","n_lists":0,"n_birders":0,"n_species":0,"focal_lists":0},"geometry":{"type":"Polygon","coordinates":[[[71.20609853122227,23.260338251509155],[71.15609853122227,23.260338251509155],[71.15609853122227,23.310338251509156],[71.20609853122227,23.310338251509156],[71.20609853122227,23.260338251509155]]]}},{"type":"Feature","properties":{"GRID_CODE":"GJ-KU-NAK-030","STATE":"Gujarat","DISTRICT":"Kachchh","BLOCK":"Nakhatrana","n_lists":4,"n_birders":1,"n_species":51,"focal_lists":3},"geometry":{"type":"Polygon","coordinates":[[[69.10609853122227,23.410338251509154],[69.05609853122226,23.410338251509154],[69.05609853122226,23.460338251509154],[69.10609853122227,23.460338251509154],[69.10609853122227,23.410338251509154]]]}},{"type":"Feature","properties":{"GRID_CODE":"GJ-KU-RAN-226","STATE":"Gujarat","DISTRICT":"Kachchh","BLOCK":"Rann of Kachchh","n_lists":0,"n_birders":0,"n_species":0,"focal_lists":0},"geometry":{"type":"Polygon","coordinates":[[[70.05609853122226,24.060338251509156],[70.00609853122227,24.060338251509156],[70.00609853122227,24.110338251509157],[70.05609853122226,24.110338251509157],[70.05609853122226,24.060338251509156]]]}},{"type":"Feature","properties":{"GRID_CODE":"GJ-KU-RAN-382","STATE":"Gujarat","DISTRICT":"Kachchh","BLOCK":"Rann of Kachchh","n_lists":0,"n_birders":0,"n_species":0,"focal_lists":0},"geometry":{"type":"Polygon","coordinates":[[[69.70609853122227,23.910338251509154],[69.65609853122227,23.910338251509154],[69.65609853122227,23.960338251509154],[69.70609853122227,23.960338251509154],[69.70609853122227,23.910338251509154]]]}},{"type":"Feature","properties":{"GRID_CODE":"GJ-KU-BHA-029","STATE":"Gujarat","DISTRICT":"Kachchh","BLOCK":"Bhachau","n_lists":2,"n_birders":1,"n_species":41,"focal_lists":2},"geometry":{"type":"Polygon","coordinates":[[[70.60609853122227,23.410338251509154],[70.55609853122226,23.410338251509154],[70.55609853122226,23.460338251509154],[70.60609853122227,23.460338251509154],[70.60609853122227,23.410338251509154]]]}},{"type":"Feature","properties":{"GRID_CODE":"GJ-KU-RAN-083","STATE":"Gujarat","DISTRICT":"Kachchh","BLOCK":"Rann of Kachchh","n_lists":0,"n_birders":0,"n_species":0,"focal_lists":0},"geometry":{"type":"Polygon","coordinates":[[[69.45609853122227,24.210338251509154],[69.40609853122227,24.210338251509154],[69.40609853122227,24.260338251509155],[69.45609853122227,24.260338251509155],[69.45609853122227,24.210338251509154]]]}},{"type":"Feature","properties":{"GRID_CODE":"GJ-KU-RAN-406","STATE":"Gujarat","DISTRICT":"Kachchh","BLOCK":"Rann of Kachchh","n_lists":0,"n_birders":0,"n_species":0,"focal_lists":0},"geometry":{"type":"Polygon","coordinates":[[[71.20609853122227,23.910338251509154],[71.15609853122227,23.910338251509154],[71.15609853122227,23.960338251509154],[71.20609853122227,23.960338251509154],[71.20609853122227,23.910338251509154]]]}},{"type":"Feature","properties":{"GRID_CODE":"GJ-KU-RAN-207","STATE":"Gujarat","DISTRICT":"Kachchh","BLOCK":"Rann of Kachchh","n_lists":0,"n_birders":0,"n_species":0,"focal_lists":0},"geometry":{"type":"Polygon","coordinates":[[[69.10609853122227,24.060338251509156],[69.05609853122226,24.060338251509156],[69.05609853122226,24.110338251509157],[69.10609853122227,24.110338251509157],[69.10609853122227,24.060338251509156]]]}},{"type":"Feature","properties":{"GRID_CODE":"GJ-KU-RAN-345","STATE":"Gujarat","DISTRICT":"Kachchh","BLOCK":"Rann of Kachchh","n_lists":0,"n_birders":0,"n_species":0,"focal_lists":0},"geometry":{"type":"Polygon","coordinates":[[[70.80609853122226,23.960338251509154],[70.75609853122227,23.960338251509154],[70.75609853122227,24.010338251509155],[70.80609853122226,24.010338251509155],[70.80609853122226,23.960338251509154]]]}},{"type":"Feature","properties":{"GRID_CODE":"GJ-KU-RAN-099","STATE":"Gujarat","DISTRICT":"Kachchh","BLOCK":"Rann of Kachchh","n_lists":0,"n_birders":0,"n_species":0,"focal_lists":0},"geometry":{"type":"Polygon","coordinates":[[[70.95609853122227,24.210338251509154],[70.90609853122227,24.210338251509154],[70.90609853122227,24.260338251509155],[70.95609853122227,24.260338251509155],[70.95609853122227,24.210338251509154]]]}},{"type":"Feature","properties":{"GRID_CODE":"GJ-KU-RAN-237","STATE":"Gujarat","DISTRICT":"Kachchh","BLOCK":"Rann of Kachchh","n_lists":0,"n_birders":0,"n_species":0,"focal_lists":0},"geometry":{"type":"Polygon","coordinates":[[[70.60609853122227,24.060338251509156],[70.55609853122226,24.060338251509156],[70.55609853122226,24.110338251509157],[70.60609853122227,24.110338251509157],[70.60609853122227,24.060338251509156]]]}},{"type":"Feature","properties":{"GRID_CODE":"GJ-KU-RAN-179","STATE":"Gujarat","DISTRICT":"Kachchh","BLOCK":"Rann of Kachchh","n_lists":0,"n_birders":0,"n_species":0,"focal_lists":0},"geometry":{"type":"Polygon","coordinates":[[[70.20609853122227,24.110338251509157],[70.15609853122227,24.110338251509157],[70.15609853122227,24.160338251509154],[70.20609853122227,24.160338251509154],[70.20609853122227,24.110338251509157]]]}},{"type":"Feature","properties":{"GRID_CODE":"GJ-KU-ANJ-036","STATE":"Gujarat","DISTRICT":"Kachchh","BLOCK":"Anjar","n_lists":0,"n_birders":0,"n_species":0,"focal_lists":0},"geometry":{"type":"Polygon","coordinates":[[[70.00609853122227,23.010338251509155],[69.95609853122227,23.010338251509155],[69.95609853122227,23.060338251509156],[70.00609853122227,23.060338251509156],[70.00609853122227,23.010338251509155]]]}},{"type":"Feature","properties":{"GRID_CODE":"GJ-KU-MUN-019","STATE":"Gujarat","DISTRICT":"Kachchh","BLOCK":"Mundra","n_lists":0,"n_birders":0,"n_species":0,"focal_lists":0},"geometry":{"type":"Polygon","coordinates":[[[69.65609853122227,22.860338251509157],[69.60609853122227,22.860338251509157],[69.60609853122227,22.910338251509154],[69.65609853122227,22.910338251509154],[69.65609853122227,22.860338251509157]]]}},{"type":"Feature","properties":{"GRID_CODE":"GJ-KU-MAN-030","STATE":"Gujarat","DISTRICT":"Kachchh","BLOCK":"Mandvi","n_lists":0,"n_birders":0,"n_species":0,"focal_lists":0},"geometry":{"type":"Polygon","coordinates":[[[69.25609853122227,22.910338251509154],[69.20609853122227,22.910338251509154],[69.20609853122227,22.960338251509154],[69.25609853122227,22.960338251509154],[69.25609853122227,22.910338251509154]]]}},{"type":"Feature","properties":{"GRID_CODE":"GJ-KU-BHU-141","STATE":"Gujarat","DISTRICT":"Kachchh","BLOCK":"Bhuj","n_lists":3,"n_birders":1,"n_species":42,"focal_lists":3},"geometry":{"type":"Polygon","coordinates":[[[69.40609853122227,23.160338251509154],[69.35609853122227,23.160338251509154],[69.35609853122227,23.210338251509154],[69.40609853122227,23.210338251509154],[69.40609853122227,23.160338251509154]]]}},{"type":"Feature","properties":{"GRID_CODE":"GJ-KU-BHU-088","STATE":"Gujarat","DISTRICT":"Kachchh","BLOCK":"Bhuj","n_lists":4,"n_birders":1,"n_species":58,"focal_lists":4},"geometry":{"type":"Polygon","coordinates":[[[69.85609853122227,23.410338251509154],[69.80609853122226,23.410338251509154],[69.80609853122226,23.460338251509154],[69.85609853122227,23.460338251509154],[69.85609853122227,23.410338251509154]]]}},{"type":"Feature","properties":{"GRID_CODE":"GJ-KU-ABD-090","STATE":"Gujarat","DISTRICT":"Kachchh","BLOCK":"Abdasa","n_lists":0,"n_birders":0,"n_species":0,"focal_lists":0},"geometry":{"type":"Polygon","coordinates":[[[69.05609853122226,23.010338251509155],[69.00609853122227,23.010338251509155],[69.00609853122227,23.060338251509156],[69.05609853122226,23.060338251509156],[69.05609853122226,23.010338251509155]]]}},{"type":"Feature","properties":{"GRID_CODE":"GJ-KU-RAN-550","STATE":"Gujarat","DISTRICT":"Kachchh","BLOCK":"Rann of Kachchh","n_lists":0,"n_birders":0,"n_species":0,"focal_lists":0},"geometry":{"type":"Polygon","coordinates":[[[70.00609853122227,23.660338251509154],[69.95609853122227,23.660338251509154],[69.95609853122227,23.710338251509154],[70.00609853122227,23.710338251509154],[70.00609853122227,23.660338251509154]]]}},{"type":"Feature","properties":{"GRID_CODE":"GJ-KU-BHU-032","STATE":"Gujarat","DISTRICT":"Kachchh","BLOCK":"Bhuj","n_lists":0,"n_birders":0,"n_species":0,"focal_lists":0},"geometry":{"type":"Polygon","coordinates":[[[69.60609853122227,23.710338251509154],[69.55609853122226,23.710338251509154],[69.55609853122226,23.760338251509155],[69.60609853122227,23.760338251509155],[69.60609853122227,23.710338251509154]]]}},{"type":"Feature","properties":{"GRID_CODE":"GJ-KU-LIT-195","STATE":"Gujarat","DISTRICT":"Kachchh","BLOCK":"Little Rann","n_lists":0,"n_birders":0,"n_species":0,"focal_lists":0},"geometry":{"type":"Polygon","coordinates":[[[70.40609853122227,22.760338251509155],[70.35609853122227,22.760338251509155],[70.35609853122227,22.810338251509156],[70.40609853122227,22.810338251509156],[70.40609853122227,22.760338251509155]]]}},{"type":"Feature","properties":{"GRID_CODE":"GJ-KU-LIT-057","STATE":"Gujarat","DISTRICT":"Kachchh","BLOCK":"Little Rann","n_lists":0,"n_birders":0,"n_species":0,"focal_lists":0},"geometry":{"type":"Polygon","coordinates":[[[71.35609853122227,23.410338251509154],[71.30609853122226,23.410338251509154],[71.30609853122226,23.460338251509154],[71.35609853122227,23.460338251509154],[71.35609853122227,23.410338251509154]]]}},{"type":"Feature","properties":{"GRID_CODE":"GJ-KU-NAK-007","STATE":"Gujarat","DISTRICT":"Kachchh","BLOCK":"Nakhatrana","n_lists":3,"n_birders":1,"n_species":37,"focal_lists":3},"geometry":{"type":"Polygon","coordinates":[[[69.25609853122227,23.560338251509156],[69.20609853122227,23.560338251509156],[69.20609853122227,23.610338251509157],[69.25609853122227,23.610338251509157],[69.25609853122227,23.560338251509156]]]}},{"type":"Feature","properties":{"GRID_CODE":"GJ-KU-RAN-469","STATE":"Gujarat","DISTRICT":"Kachchh","BLOCK":"Rann of Kachchh","n_lists":0,"n_birders":0,"n_species":0,"focal_lists":0},"geometry":{"type":"Polygon","coordinates":[[[69.40609853122227,23.810338251509156],[69.35609853122227,23.810338251509156],[69.35609853122227,23.860338251509157],[69.40609853122227,23.860338251509157],[69.40609853122227,23.810338251509156]]]}},{"type":"Feature","properties":{"GRID_CODE":"GJ-KU-GAN-002","STATE":"Gujarat","DISTRICT":"Kachchh","BLOCK":"Gandhidham","n_lists":0,"n_birders":0,"n_species":0,"focal_lists":0},"geometry":{"type":"Polygon","coordinates":[[[70.15609853122227,23.060338251509156],[70.10609853122227,23.060338251509156],[70.10609853122227,23.110338251509157],[70.15609853122227,23.110338251509157],[70.15609853122227,23.060338251509156]]]}},{"type":"Feature","properties":{"GRID_CODE":"GJ-KU-RAN-423","STATE":"Gujarat","DISTRICT":"Kachchh","BLOCK":"Rann of Kachchh","n_lists":0,"n_birders":0,"n_species":0,"focal_lists":0},"geometry":{"type":"Polygon","coordinates":[[[69.00609853122227,23.860338251509157],[68.95609853122227,23.860338251509157],[68.95609853122227,23.910338251509154],[69.00609853122227,23.910338251509154],[69.00609853122227,23.860338251509157]]]}},{"type":"Feature","properties":{"GRID_CODE":"GJ-KU-RAP-053","STATE":"Gujarat","DISTRICT":"Kachchh","BLOCK":"Rapar","n_lists":3,"n_birders":1,"n_species":48,"focal_lists":1},"geometry":{"type":"Polygon","coordinates":[[[70.75609853122227,23.560338251509156],[70.70609853122227,23.560338251509156],[70.70609853122227,23.610338251509157],[70.75609853122227,23.610338251509157],[70.75609853122227,23.560338251509156]]]}},{"type":"Feature","properties":{"GRID_CODE":"GJ-KU-LAK-009","STATE":"Gujarat","DISTRICT":"Kachchh","BLOCK":"Lakhpat","n_lists":3,"n_birders":1,"n_species":42,"focal_lists":2},"geometry":{"type":"Polygon","coordinates":[[[68.65609853122227,23.710338251509154],[68.60609853122227,23.710338251509154],[68.60609853122227,23.760338251509155],[68.65609853122227,23.760338251509155],[68.65609853122227,23.710338251509154]]]}},{"type":"Feature","properties":{"GRID_CODE":"GJ-KU-RAN-578","STATE":"Gujarat","DISTRICT":"Kachchh","BLOCK":"Rann of Kachchh","n_lists":0,"n_birders":0,"n_species":0,"focal_lists":0},"geometry":{"type":"Polygon","coordinates":[[[68.30609853122226,23.560338251509156],[68.25609853122227,23.560338251509156],[68.25609853122227,23.610338251509157],[68.30609853122226,23.610338251509157],[68.30609853122226,23.560338251509156]]]}},{"type":"Feature","properties":{"GRID_CODE":"GJ-KU-RAN-441","STATE":"Gujarat","DISTRICT":"Kachchh","BLOCK":"Rann of Kachchh","n_lists":0,"n_birders":0,"n_species":0,"focal_lists":0},"geometry":{"type":"Polygon","coordinates":[[[70.50609853122227,23.860338251509157],[70.45609853122227,23.860338251509157],[70.45609853122227,23.910338251509154],[70.50609853122227,23.910338251509154],[70.50609853122227,23.860338251509157]]]}},{"type":"Feature","properties":{"GRID_CODE":"GJ-KU-RAN-535","STATE":"Gujarat","DISTRICT":"Kachchh","BLOCK":"Rann of Kachchh","n_lists":0,"n_birders":0,"n_species":0,"focal_lists":0},"geometry":{"type":"Polygon","coordinates":[[[70.15609853122227,23.710338251509154],[70.10609853122227,23.710338251509154],[70.10609853122227,23.760338251509155],[70.15609853122227,23.760338251509155],[70.15609853122227,23.710338251509154]]]}},{"type":"Feature","properties":{"GRID_CODE":"GJ-KU-RAN-274","STATE":"Gujarat","DISTRICT":"Kachchh","BLOCK":"Rann of Kachchh","n_lists":0,"n_birders":0,"n_species":0,"focal_lists":0},"geometry":{"type":"Polygon","coordinates":[[[69.90609853122227,24.010338251509155],[69.85609853122227,24.010338251509155],[69.85609853122227,24.060338251509156],[69.90609853122227,24.060338251509156],[69.90609853122227,24.010338251509155]]]}},{"type":"Feature","properties":{"GRID_CODE":"GJ-KU-RAN-434","STATE":"Gujarat","DISTRICT":"Kachchh","BLOCK":"Rann of Kachchh","n_lists":0,"n_birders":0,"n_species":0,"focal_lists":0},"geometry":{"type":"Polygon","coordinates":[[[69.55609853122226,23.860338251509157],[69.50609853122227,23.860338251509157],[69.50609853122227,23.910338251509154],[69.55609853122226,23.910338251509154],[69.55609853122226,23.860338251509157]]]}},{"type":"Feature","properties":{"GRID_CODE":"GJ-KU-RAN-255","STATE":"Gujarat","DISTRICT":"Kachchh","BLOCK":"Rann of Kachchh","n_lists":0,"n_birders":0,"n_species":0,"focal_lists":0},"geometry":{"type":"Polygon","coordinates":[[[68.95609853122227,24.010338251509155],[68.90609853122227,24.010338251509155],[68.90609853122227,24.060338251509156],[68.95609853122227,24.060338251509156],[68.95609853122227,24.010338251509155]]]}},{"type":"Feature","properties":{"GRID_CODE":"GJ-KU-LIT-120","STATE":"Gujarat","DISTRICT":"Kachchh","BLOCK":"Little Rann","n_lists":0,"n_birders":0,"n_species":0,"focal_lists":0},"geometry":{"type":"Polygon","coordinates":[[[71.25609853122227,23.210338251509154],[71.20609853122227,23.210338251509154],[71.20609853122227,23.260338251509155],[71.25609853122227,23.260338251509155],[71.25609853122227,23.210338251509154]]]}},{"type":"Feature","properties":{"GRID_CODE":"GJ-KU-ABD-047","STATE":"Gujarat","DISTRICT":"Kachchh","BLOCK":"Abdasa","n_lists":4,"n_birders":1,"n_species":82,"focal_lists":3},"geometry":{"type":"Polygon","coordinates":[[[68.80609853122226,23.210338251509154],[68.75609853122227,23.210338251509154],[68.75609853122227,23.260338251509155],[68.80609853122226,23.260338251509155],[68.80609853122226,23.210338251509154]]]}},{"type":"Feature","properties":{"GRID_CODE":"GJ-KU-BHA-039","STATE":"Gujarat","DISTRICT":"Kachchh","BLOCK":"Bhachau","n_lists":0,"n_birders":0,"n_species":0,"focal_lists":0},"geometry":{"type":"Polygon","coordinates":[[[70.65609853122227,23.360338251509157],[70.60609853122227,23.360338251509157],[70.60609853122227,23.410338251509154],[70.65609853122227,23.410338251509154],[70.65609853122227,23.360338251509157]]]}},{"type":"Feature","properties":{"GRID_CODE":"GJ-KU-LAK-055","STATE":"Gujarat","DISTRICT":"Kachchh","BLOCK":"Lakhpat","n_lists":3,"n_birders":1,"n_species":55,"focal_lists":3},"geometry":{"type":"Polygon","coordinates":[[[68.55609853122226,23.510338251509155],[68.50609853122227,23.510338251509155],[68.50609853122227,23.560338251509156],[68.55609853122226,23.560338251509156],[68.55609853122226,23.510338251509155]]]}},{"type":"Feature","properties":{"GRID_CODE":"GJ-KU-BHA-063","STATE":"Gujarat","DISTRICT":"Kachchh","BLOCK":"Bhachau","n_lists":3,"n_birders":1,"n_species":65,"focal_lists":2},"geometry":{"type":"Polygon","coordinates":[[[70.30609853122226,23.210338251509154],[70.25609853122227,23.210338251509154],[70.25609853122227,23.260338251509155],[70.30609853122226,23.260338251509155],[70.30609853122226,23.210338251509154]]]}},{"type":"Feature","properties":{"GRID_CODE":"GJ-KU-RAN-565","STATE":"Gujarat","DISTRICT":"Kachchh","BLOCK":"Rann of Kachchh","n_lists":0,"n_birders":0,"n_species":0,"focal_lists":0},"geometry":{"type":"Polygon","coordinates":[[[68.35609853122227,23.610338251509157],[68.30609853122226,23.610338251509157],[68.30609853122226,23.660338251509154],[68.35609853122227,23.660338251509154],[68.35609853122227,23.610338251509157]]]}},{"type":"Feature","properties":{"GRID_CODE":"GJ-KU-ANJ-029","STATE":"Gujarat","DISTRICT":"Kachchh","BLOCK":"Anjar","n_lists":0,"n_birders":0,"n_species":0,"focal_lists":0},"geometry":{"type":"Polygon","coordinates":[[[69.95609853122227,23.060338251509156],[69.90609853122227,23.060338251509156],[69.90609853122227,23.110338251509157],[69.95609853122227,23.110338251509157],[69.95609853122227,23.060338251509156]]]}},{"type":"Feature","properties":{"GRID_CODE":"GJ-KU-BHU-080","STATE":"Gujarat","DISTRICT":"Kachchh","BLOCK":"Bhuj","n_lists":0,"n_birders":0,"n_species":0,"focal_lists":0},"geometry":{"type":"Polygon","coordinates":[[[70.05609853122226,23.510338251509155],[70.00609853122227,23.510338251509155],[70.00609853122227,23.560338251509156],[70.05609853122226,23.560338251509156],[70.05609853122226,23.510338251509155]]]}},{"type":"Feature","properties":{"GRID_CODE":"GJ-KU-BHU-098","STATE":"Gujarat","DISTRICT":"Kachchh","BLOCK":"Bhuj","n_lists":1,"n_birders":1,"n_species":4,"focal_lists":1},"geometry":{"type":"Polygon","coordinates":[[[69.70609853122227,23.360338251509157],[69.65609853122227,23.360338251509157],[69.65609853122227,23.410338251509154],[69.70609853122227,23.410338251509154],[69.70609853122227,23.360338251509157]]]}},{"type":"Feature","properties":{"GRID_CODE":"GJ-KU-RAN-289","STATE":"Gujarat","DISTRICT":"Kachchh","BLOCK":"Rann of Kachchh","n_lists":0,"n_birders":0,"n_species":0,"focal_lists":0},"geometry":{"type":"Polygon","coordinates":[[[70.65609853122227,24.010338251509155],[70.60609853122227,24.010338251509155],[70.60609853122227,24.060338251509156],[70.65609853122227,24.060338251509156],[70.65609853122227,24.010338251509155]]]}},{"type":"Feature","properties":{"GRID_CODE":"GJ-KU-NAK-062","STATE":"Gujarat","DISTRICT":"Kachchh","BLOCK":"Nakhatrana","n_lists":0,"n_birders":0,"n_species":0,"focal_lists":0},"geometry":{"type":"Polygon","coordinates":[[[69.35609853122227,23.210338251509154],[69.30609853122226,23.210338251509154],[69.30609853122226,23.260338251509155],[69.35609853122227,23.260338251509155],[69.35609853122227,23.210338251509154]]]}},{"type":"Feature","properties":{"GRID_CODE":"GJ-KU-LIT-104","STATE":"Gujarat","DISTRICT":"Kachchh","BLOCK":"Little Rann","n_lists":0,"n_birders":0,"n_species":0,"focal_lists":0},"geometry":{"type":"Polygon","coordinates":[[[71.40609853122227,23.260338251509155],[71.35609853122227,23.260338251509155],[71.35609853122227,23.310338251509156],[71.40609853122227,23.310338251509156],[71.40609853122227,23.260338251509155]]]}},{"type":"Feature","properties":{"GRID_CODE":"GJ-KU-LIT-067","STATE":"Gujarat","DISTRICT":"Kachchh","BLOCK":"Little Rann","n_lists":0,"n_birders":0,"n_species":0,"focal_lists":0},"geometry":{"type":"Polygon","coordinates":[[[71.20609853122227,23.360338251509157],[71.15609853122227,23.360338251509157],[71.15609853122227,23.410338251509154],[71.20609853122227,23.410338251509154],[71.20609853122227,23.360338251509157]]]}},{"type":"Feature","properties":{"GRID_CODE":"GJ-KU-NAK-010","STATE":"Gujarat","DISTRICT":"Kachchh","BLOCK":"Nakhatrana","n_lists":4,"n_birders":1,"n_species":60,"focal_lists":4},"geometry":{"type":"Polygon","coordinates":[[[69.10609853122227,23.510338251509155],[69.05609853122226,23.510338251509155],[69.05609853122226,23.560338251509156],[69.10609853122227,23.560338251509156],[69.10609853122227,23.510338251509155]]]}},{"type":"Feature","properties":{"GRID_CODE":"GJ-KU-RAN-270","STATE":"Gujarat","DISTRICT":"Kachchh","BLOCK":"Rann of Kachchh","n_lists":4,"n_birders":1,"n_species":44,"focal_lists":2},"geometry":{"type":"Polygon","coordinates":[[[69.70609853122227,24.010338251509155],[69.65609853122227,24.010338251509155],[69.65609853122227,24.060338251509156],[69.70609853122227,24.060338251509156],[69.70609853122227,24.010338251509155]]]}},{"type":"Feature","properties":{"GRID_CODE":"GJ-KU-RAP-062","STATE":"Gujarat","DISTRICT":"Kachchh","BLOCK":"Rapar","n_lists":0,"n_birders":0,"n_species":0,"focal_lists":0},"geometry":{"type":"Polygon","coordinates":[[[70.60609853122227,23.510338251509155],[70.55609853122226,23.510338251509155],[70.55609853122226,23.560338251509156],[70.60609853122227,23.560338251509156],[70.60609853122227,23.510338251509155]]]}},{"type":"Feature","properties":{"GRID_CODE":"GJ-KU-RAN-300","STATE":"Gujarat","DISTRICT":"Kachchh","BLOCK":"Rann of Kachchh","n_lists":0,"n_birders":0,"n_species":0,"focal_lists":0},"geometry":{"type":"Polygon","coordinates":[[[71.20609853122227,24.010338251509155],[71.15609853122227,24.010338251509155],[71.15609853122227,24.060338251509156],[71.20609853122227,24.060338251509156],[71.20609853122227,24.010338251509155]]]}},{"type":"Feature","properties":{"GRID_CODE":"GJ-KU-RAN-112","STATE":"Gujarat","DISTRICT":"Kachchh","BLOCK":"Rann of Kachchh","n_lists":0,"n_birders":0,"n_species":0,"focal_lists":0},"geometry":{"type":"Polygon","coordinates":[[[69.10609853122227,24.160338251509154],[69.05609853122226,24.160338251509154],[69.05609853122226,24.210338251509154],[69.10609853122227,24.210338251509154],[69.10609853122227,24.160338251509154]]]}},{"type":"Feature","properties":{"GRID_CODE":"GJ-KU-RAN-103","STATE":"Gujarat","DISTRICT":"Kachchh","BLOCK":"Rann of Kachchh","n_lists":0,"n_birders":0,"n_species":0,"focal_lists":0},"geometry":{"type":"Polygon","coordinates":[[[71.15609853122227,24.210338251509154],[71.10609853122227,24.210338251509154],[71.10609853122227,24.260338251509155],[71.15609853122227,24.260338251509155],[71.15609853122227,24.210338251509154]]]}},{"type":"Feature","properties":{"GRID_CODE":"GJ-KU-RAN-020","STATE":"Gujarat","DISTRICT":"Kachchh","BLOCK":"Rann of Kachchh","n_lists":0,"n_birders":0,"n_species":0,"focal_lists":0},"geometry":{"type":"Polygon","coordinates":[[[71.30609853122226,24.460338251509154],[71.25609853122227,24.460338251509154],[71.25609853122227,24.510338251509155],[71.30609853122226,24.510338251509155],[71.30609853122226,24.460338251509154]]]}},{"type":"Feature","properties":{"GRID_CODE":"GJ-KU-RAN-241","STATE":"Gujarat","DISTRICT":"Kachchh","BLOCK":"Rann of Kachchh","n_lists":0,"n_birders":0,"n_species":0,"focal_lists":0},"geometry":{"type":"Polygon","coordinates":[[[70.80609853122226,24.060338251509156],[70.75609853122227,24.060338251509156],[70.75609853122227,24.110338251509157],[70.80609853122226,24.110338251509157],[70.80609853122226,24.060338251509156]]]}},{"type":"Feature","properties":{"GRID_CODE":"GJ-KU-RAN-135","STATE":"Gujarat","DISTRICT":"Kachchh","BLOCK":"Rann of Kachchh","n_lists":0,"n_birders":0,"n_species":0,"focal_lists":0},"geometry":{"type":"Polygon","coordinates":[[[70.60609853122227,24.160338251509154],[70.55609853122226,24.160338251509154],[70.55609853122226,24.210338251509154],[70.60609853122227,24.210338251509154],[70.60609853122227,24.160338251509154]]]}},{"type":"Feature","properties":{"GRID_CODE":"GJ-KU-RAN-089","STATE":"Gujarat","DISTRICT":"Kachchh","BLOCK":"Rann of Kachchh","n_lists":0,"n_birders":0,"n_species":0,"focal_lists":0},"geometry":{"type":"Polygon","coordinates":[[[70.20609853122227,24.210338251509154],[70.15609853122227,24.210338251509154],[70.15609853122227,24.260338251509155],[70.20609853122227,24.260338251509155],[70.20609853122227,24.210338251509154]]]}},{"type":"Feature","properties":{"GRID_CODE":"GJ-KU-MUN-023","STATE":"Gujarat","DISTRICT":"Kachchh","BLOCK":"Mundra","n_lists":2,"n_birders":1,"n_species":37,"focal_lists":2},"geometry":{"type":"Polygon","coordinates":[[[69.85609853122227,22.860338251509157],[69.80609853122226,22.860338251509157],[69.80609853122226,22.910338251509154],[69.85609853122227,22.910338251509154],[69.85609853122227,22.860338251509157]]]}},{"type":"Feature","properties":{"GRID_CODE":"GJ-KU-ANJ-023","STATE":"Gujarat","DISTRICT":"Kachchh","BLOCK":"Anjar","n_lists":0,"n_birders":0,"n_species":0,"focal_lists":0},"geometry":{"type":"Polygon","coordinates":[[[70.00609853122227,23.110338251509157],[69.95609853122227,23.110338251509157],[69.95609853122227,23.160338251509154],[70.00609853122227,23.160338251509154],[70.00609853122227,23.110338251509157]]]}},{"type":"Feature","properties":{"GRID_CODE":"GJ-KU-MUN-005","STATE":"Gujarat","DISTRICT":"Kachchh","BLOCK":"Mundra","n_lists":0,"n_birders":0,"n_species":0,"focal_lists":0},"geometry":{"type":"Polygon","coordinates":[[[69.65609853122227,22.960338251509154],[69.60609853122227,22.960338251509154],[69.60609853122227,23.010338251509155],[69.65609853122227,23.010338251509155],[69.65609853122227,22.960338251509154]]]}},{"type":"Feature","properties":{"GRID_CODE":"GJ-KU-MAN-011","STATE":"Gujarat","DISTRICT":"Kachchh","BLOCK":"Mandvi","n_lists":3,"n_birders":1,"n_species":49,"focal_lists":3},"geometry":{"type":"Polygon","coordinates":[[[69.25609853122227,23.010338251509155],[69.20609853122227,23.010338251509155],[69.20609853122227,23.060338251509156],[69.25609853122227,23.060338251509156],[69.25609853122227,23.010338251509155]]]}},{"type":"Feature","properties":{"GRID_CODE":"GJ-KU-NAK-059","STATE":"Gujarat","DISTRICT":"Kachchh","BLOCK":"Nakhatrana","n_lists":3,"n_birders":1,"n_species":49,"focal_lists":3},"geometry":{"type":"Polygon","coordinates":[[[69.40609853122227,23.260338251509155],[69.35609853122227,23.260338251509155],[69.35609853122227,23.310338251509156],[69.40609853122227,23.310338251509156],[69.40609853122227,23.260338251509155]]]}},{"type":"Feature","properties":{"GRID_CODE":"GJ-KU-ABD-075","STATE":"Gujarat","DISTRICT":"Kachchh","BLOCK":"Abdasa","n_lists":0,"n_birders":0,"n_species":0,"focal_lists":0},"geometry":{"type":"Polygon","coordinates":[[[69.05609853122226,23.110338251509157],[69.00609853122227,23.110338251509157],[69.00609853122227,23.160338251509154],[69.05609853122226,23.160338251509154],[69.05609853122226,23.110338251509157]]]}},{"type":"Feature","properties":{"GRID_CODE":"GJ-KU-ABD-056","STATE":"Gujarat","DISTRICT":"Kachchh","BLOCK":"Abdasa","n_lists":0,"n_birders":0,"n_species":0,"focal_lists":0},"geometry":{"type":"Polygon","coordinates":[[[68.65609853122227,23.160338251509154],[68.60609853122227,23.160338251509154],[68.60609853122227,23.210338251509154],[68.65609853122227,23.210338251509154],[68.65609853122227,23.160338251509154]]]}},{"type":"Feature","properties":{"GRID_CODE":"GJ-KU-RAN-473","STATE":"Gujarat","DISTRICT":"Kachchh","BLOCK":"Rann of Kachchh","n_lists":0,"n_birders":0,"n_species":0,"focal_lists":0},"geometry":{"type":"Polygon","coordinates":[[[69.60609853122227,23.810338251509156],[69.55609853122226,23.810338251509156],[69.55609853122226,23.860338251509157],[69.60609853122227,23.860338251509157],[69.60609853122227,23.810338251509156]]]}},{"type":"Feature","properties":{"GRID_CODE":"GJ-KU-BHU-040","STATE":"Gujarat","DISTRICT":"Kachchh","BLOCK":"Bhuj","n_lists":1,"n_birders":1,"n_species":38,"focal_lists":1},"geometry":{"type":"Polygon","coordinates":[[[69.25609853122227,23.660338251509154],[69.20609853122227,23.660338251509154],[69.20609853122227,23.710338251509154],[69.25609853122227,23.710338251509154],[69.25609853122227,23.660338251509154]]]}},{"type":"Feature","properties":{"GRID_CODE":"GJ-KU-RAN-376","STATE":"Gujarat","DISTRICT":"Kachchh","BLOCK":"Rann of Kachchh","n_lists":0,"n_birders":0,"n_species":0,"focal_lists":0},"geometry":{"type":"Polygon","coordinates":[[[69.40609853122227,23.910338251509154],[69.35609853122227,23.910338251509154],[69.35609853122227,23.960338251509154],[69.40609853122227,23.960338251509154],[69.40609853122227,23.910338251509154]]]}},{"type":"Feature","properties":{"GRID_CODE":"GJ-KU-ANJ-019","STATE":"Gujarat","DISTRICT":"Kachchh","BLOCK":"Anjar","n_lists":0,"n_birders":0,"n_species":0,"focal_lists":0},"geometry":{"type":"Polygon","coordinates":[[[70.15609853122227,23.160338251509154],[70.10609853122227,23.160338251509154],[70.10609853122227,23.210338251509154],[70.15609853122227,23.210338251509154],[70.15609853122227,23.160338251509154]]]}},{"type":"Feature","properties":{"GRID_CODE":"GJ-KU-RAN-309","STATE":"Gujarat","DISTRICT":"Kachchh","BLOCK":"Rann of Kachchh","n_lists":0,"n_birders":0,"n_species":0,"focal_lists":0},"geometry":{"type":"Polygon","coordinates":[[[69.00609853122227,23.960338251509154],[68.95609853122227,23.960338251509154],[68.95609853122227,24.010338251509155],[69.00609853122227,24.010338251509155],[69.00609853122227,23.960338251509154]]]}},{"type":"Feature","properties":{"GRID_CODE":"GJ-KU-RAP-032","STATE":"Gujarat","DISTRICT":"Kachchh","BLOCK":"Rapar","n_lists":0,"n_birders":0,"n_species":0,"focal_lists":0},"geometry":{"type":"Polygon","coordinates":[[[70.75609853122227,23.660338251509154],[70.70609853122227,23.660338251509154],[70.70609853122227,23.710338251509154],[70.75609853122227,23.710338251509154],[70.75609853122227,23.660338251509154]]]}},{"type":"Feature","properties":{"GRID_CODE":"GJ-KU-RAN-455","STATE":"Gujarat","DISTRICT":"Kachchh","BLOCK":"Rann of Kachchh","n_lists":0,"n_birders":0,"n_species":0,"focal_lists":0},"geometry":{"type":"Polygon","coordinates":[[[68.65609853122227,23.810338251509156],[68.60609853122227,23.810338251509156],[68.60609853122227,23.860338251509157],[68.65609853122227,23.860338251509157],[68.65609853122227,23.810338251509156]]]}},{"type":"Feature","properties":{"GRID_CODE":"GJ-KU-LIT-149","STATE":"Gujarat","DISTRICT":"Kachchh","BLOCK":"Little Rann","n_lists":0,"n_birders":0,"n_species":0,"focal_lists":0},"geometry":{"type":"Polygon","coordinates":[[[71.65609853122227,23.160338251509154],[71.60609853122227,23.160338251509154],[71.60609853122227,23.210338251509154],[71.65609853122227,23.210338251509154],[71.65609853122227,23.160338251509154]]]}},{"type":"Feature","properties":{"GRID_CODE":"GJ-KU-BHU-108","STATE":"Gujarat","DISTRICT":"Kachchh","BLOCK":"Bhuj","n_lists":0,"n_birders":0,"n_species":0,"focal_lists":0},"geometry":{"type":"Polygon","coordinates":[[[69.55609853122226,23.310338251509156],[69.50609853122227,23.310338251509156],[69.50609853122227,23.360338251509157],[69.55609853122226,23.360338251509157],[69.55609853122226,23.310338251509156]]]}},{"type":"Feature","properties":{"GRID_CODE":"GJ-KU-RAN-339","STATE":"Gujarat","DISTRICT":"Kachchh","BLOCK":"Rann of Kachchh","n_lists":0,"n_birders":0,"n_species":0,"focal_lists":0},"geometry":{"type":"Polygon","coordinates":[[[70.50609853122227,23.960338251509154],[70.45609853122227,23.960338251509154],[70.45609853122227,24.010338251509155],[70.50609853122227,24.010338251509155],[70.50609853122227,23.960338251509154]]]}},{"type":"Feature","properties":{"GRID_CODE":"GJ-KU-RAN-479","STATE":"Gujarat","DISTRICT":"Kachchh","BLOCK":"Rann of Kachchh","n_lists":1,"n_birders":1,"n_species":16,"focal_lists":1},"geometry":{"type":"Polygon","coordinates":[[[70.15609853122227,23.810338251509156],[70.10609853122227,23.810338251509156],[70.10609853122227,23.860338251509157],[70.15609853122227,23.860338251509157],[70.15609853122227,23.810338251509156]]]}},{"type":"Feature","properties":{"GRID_CODE":"GJ-KU-RAN-173","STATE":"Gujarat","DISTRICT":"Kachchh","BLOCK":"Rann of Kachchh","n_lists":0,"n_birders":0,"n_species":0,"focal_lists":0},"geometry":{"type":"Polygon","coordinates":[[[69.90609853122227,24.110338251509157],[69.85609853122227,24.110338251509157],[69.85609853122227,24.160338251509154],[69.90609853122227,24.160338251509154],[69.90609853122227,24.110338251509157]]]}},{"type":"Feature","properties":{"GRID_CODE":"GJ-KU-RAN-320","STATE":"Gujarat","DISTRICT":"Kachchh","BLOCK":"Rann of Kachchh","n_lists":0,"n_birders":0,"n_species":0,"focal_lists":0},"geometry":{"type":"Polygon","coordinates":[[[69.55609853122226,23.960338251509154],[69.50609853122227,23.960338251509154],[69.50609853122227,24.010338251509155],[69.55609853122226,24.010338251509155],[69.55609853122226,23.960338251509154]]]}},{"type":"Feature","properties":{"GRID_CODE":"GJ-KU-RAN-259","STATE":"Gujarat","DISTRICT":"Kachchh","BLOCK":"Rann of Kachchh","n_lists":0,"n_birders":0,"n_species":0,"focal_lists":0},"geometry":{"type":"Polygon","coordinates":[[[69.15609853122227,24.010338251509155],[69.10609853122227,24.010338251509155],[69.10609853122227,24.060338251509156],[69.15609853122227,24.060338251509156],[69.15609853122227,24.010338251509155]]]}},{"type":"Feature","properties":{"GRID_CODE":"GJ-KU-RAN-154","STATE":"Gujarat","DISTRICT":"Kachchh","BLOCK":"Rann of Kachchh","n_lists":0,"n_birders":0,"n_species":0,"focal_lists":0},"geometry":{"type":"Polygon","coordinates":[[[68.95609853122227,24.110338251509157],[68.90609853122227,24.110338251509157],[68.90609853122227,24.160338251509154],[68.95609853122227,24.160338251509154],[68.95609853122227,24.110338251509157]]]}},{"type":"Feature","properties":{"GRID_CODE":"GJ-KU-LIT-084","STATE":"Gujarat","DISTRICT":"Kachchh","BLOCK":"Little Rann","n_lists":0,"n_birders":0,"n_species":0,"focal_lists":0},"geometry":{"type":"Polygon","coordinates":[[[71.25609853122227,23.310338251509156],[71.20609853122227,23.310338251509156],[71.20609853122227,23.360338251509157],[71.25609853122227,23.360338251509157],[71.25609853122227,23.310338251509156]]]}},{"type":"Feature","properties":{"GRID_CODE":"GJ-KU-LIT-137","STATE":"Gujarat","DISTRICT":"Kachchh","BLOCK":"Little Rann","n_lists":0,"n_birders":0,"n_species":0,"focal_lists":0},"geometry":{"type":"Polygon","coordinates":[[[70.90609853122227,23.160338251509154],[70.85609853122227,23.160338251509154],[70.85609853122227,23.210338251509154],[70.90609853122227,23.210338251509154],[70.90609853122227,23.160338251509154]]]}},{"type":"Feature","properties":{"GRID_CODE":"GJ-KU-ABD-023","STATE":"Gujarat","DISTRICT":"Kachchh","BLOCK":"Abdasa","n_lists":9,"n_birders":1,"n_species":80,"focal_lists":7},"geometry":{"type":"Polygon","coordinates":[[[68.80609853122226,23.310338251509156],[68.75609853122227,23.310338251509156],[68.75609853122227,23.360338251509157],[68.80609853122226,23.360338251509157],[68.80609853122226,23.310338251509156]]]}},{"type":"Feature","properties":{"GRID_CODE":"GJ-KU-MUN-028","STATE":"Gujarat","DISTRICT":"Kachchh","BLOCK":"Mundra","n_lists":0,"n_birders":0,"n_species":0,"focal_lists":0},"geometry":{"type":"Polygon","coordinates":[[[69.70609853122227,22.810338251509156],[69.65609853122227,22.810338251509156],[69.65609853122227,22.860338251509157],[69.70609853122227,22.860338251509157],[69.70609853122227,22.810338251509156]]]}},{"type":"Feature","properties":{"GRID_CODE":"GJ-KU-RAP-074","STATE":"Gujarat","DISTRICT":"Kachchh","BLOCK":"Rapar","n_lists":1,"n_birders":1,"n_species":10,"focal_lists":0},"geometry":{"type":"Polygon","coordinates":[[[70.65609853122227,23.460338251509154],[70.60609853122227,23.460338251509154],[70.60609853122227,23.510338251509155],[70.65609853122227,23.510338251509155],[70.65609853122227,23.460338251509154]]]}},{"type":"Feature","properties":{"GRID_CODE":"GJ-KU-LAK-031","STATE":"Gujarat","DISTRICT":"Kachchh","BLOCK":"Lakhpat","n_lists":4,"n_birders":1,"n_species":67,"focal_lists":4},"geometry":{"type":"Polygon","coordinates":[[[68.55609853122226,23.610338251509157],[68.50609853122227,23.610338251509157],[68.50609853122227,23.660338251509154],[68.55609853122226,23.660338251509154],[68.55609853122226,23.610338251509157]]]}},{"type":"Feature","properties":{"GRID_CODE":"GJ-KU-BHA-041","STATE":"Gujarat","DISTRICT":"Kachchh","BLOCK":"Bhachau","n_lists":0,"n_birders":0,"n_species":0,"focal_lists":0},"geometry":{"type":"Polygon","coordinates":[[[70.30609853122226,23.310338251509156],[70.25609853122227,23.310338251509156],[70.25609853122227,23.360338251509157],[70.30609853122226,23.360338251509157],[70.30609853122226,23.310338251509156]]]}},{"type":"Feature","properties":{"GRID_CODE":"GJ-KU-RAN-525","STATE":"Gujarat","DISTRICT":"Kachchh","BLOCK":"Rann of Kachchh","n_lists":0,"n_birders":0,"n_species":0,"focal_lists":0},"geometry":{"type":"Polygon","coordinates":[[[68.35609853122227,23.710338251509154],[68.30609853122226,23.710338251509154],[68.30609853122226,23.760338251509155],[68.35609853122227,23.760338251509155],[68.35609853122227,23.710338251509154]]]}},{"type":"Feature","properties":{"GRID_CODE":"GJ-KU-RAN-568","STATE":"Gujarat","DISTRICT":"Kachchh","BLOCK":"Rann of Kachchh","n_lists":0,"n_birders":0,"n_species":0,"focal_lists":0},"geometry":{"type":"Polygon","coordinates":[[[70.05609853122226,23.610338251509157],[70.00609853122227,23.610338251509157],[70.00609853122227,23.660338251509154],[70.05609853122226,23.660338251509154],[70.05609853122226,23.610338251509157]]]}},{"type":"Feature","properties":{"GRID_CODE":"GJ-KU-LIT-040","STATE":"Gujarat","DISTRICT":"Kachchh","BLOCK":"Little Rann","n_lists":4,"n_birders":1,"n_species":36,"focal_lists":0},"geometry":{"type":"Polygon","coordinates":[[[69.70609853122227,23.460338251509154],[69.65609853122227,23.460338251509154],[69.65609853122227,23.510338251509155],[69.70609853122227,23.510338251509155],[69.70609853122227,23.460338251509154]]]}},{"type":"Feature","properties":{"GRID_CODE":"GJ-KU-RAN-188","STATE":"Gujarat","DISTRICT":"Kachchh","BLOCK":"Rann of Kachchh","n_lists":0,"n_birders":0,"n_species":0,"focal_lists":0},"geometry":{"type":"Polygon","coordinates":[[[70.65609853122227,24.110338251509157],[70.60609853122227,24.110338251509157],[70.60609853122227,24.160338251509154],[70.65609853122227,24.160338251509154],[70.65609853122227,24.110338251509157]]]}},{"type":"Feature","properties":{"GRID_CODE":"GJ-KU-NAK-053","STATE":"Gujarat","DISTRICT":"Kachchh","BLOCK":"Nakhatrana","n_lists":0,"n_birders":0,"n_species":0,"focal_lists":0},"geometry":{"type":"Polygon","coordinates":[[[69.35609853122227,23.310338251509156],[69.30609853122226,23.310338251509156],[69.30609853122226,23.360338251509157],[69.35609853122227,23.360338251509157],[69.35609853122227,23.310338251509156]]]}},{"type":"Feature","properties":{"GRID_CODE":"GJ-KU-LIT-071","STATE":"Gujarat","DISTRICT":"Kachchh","BLOCK":"Little Rann","n_lists":0,"n_birders":0,"n_species":0,"focal_lists":0},"geometry":{"type":"Polygon","coordinates":[[[71.40609853122227,23.360338251509157],[71.35609853122227,23.360338251509157],[71.35609853122227,23.410338251509154],[71.40609853122227,23.410338251509154],[71.40609853122227,23.360338251509157]]]}},{"type":"Feature","properties":{"GRID_CODE":"GJ-KU-BHU-017","STATE":"Gujarat","DISTRICT":"Kachchh","BLOCK":"Bhuj","n_lists":9,"n_birders":1,"n_species":52,"focal_lists":6},"geometry":{"type":"Polygon","coordinates":[[[69.45609853122227,23.760338251509155],[69.40609853122227,23.760338251509155],[69.40609853122227,23.810338251509156],[69.45609853122227,23.810338251509156],[69.45609853122227,23.760338251509155]]]}},{"type":"Feature","properties":{"GRID_CODE":"GJ-KU-LIT-044","STATE":"Gujarat","DISTRICT":"Kachchh","BLOCK":"Little Rann","n_lists":0,"n_birders":0,"n_species":0,"focal_lists":0},"geometry":{"type":"Polygon","coordinates":[[[71.20609853122227,23.460338251509154],[71.15609853122227,23.460338251509154],[71.15609853122227,23.510338251509155],[71.20609853122227,23.510338251509155],[71.20609853122227,23.460338251509154]]]}},{"type":"Feature","properties":{"GRID_CODE":"GJ-KU-LAK-042","STATE":"Gujarat","DISTRICT":"Kachchh","BLOCK":"Lakhpat","n_lists":3,"n_birders":1,"n_species":53,"focal_lists":3},"geometry":{"type":"Polygon","coordinates":[[[69.10609853122227,23.610338251509157],[69.05609853122226,23.610338251509157],[69.05609853122226,23.660338251509154],[69.10609853122227,23.660338251509154],[69.10609853122227,23.610338251509157]]]}},{"type":"Feature","properties":{"GRID_CODE":"GJ-KU-RAP-066","STATE":"Gujarat","DISTRICT":"Kachchh","BLOCK":"Rapar","n_lists":0,"n_birders":0,"n_species":0,"focal_lists":0},"geometry":{"type":"Polygon","coordinates":[[[70.80609853122226,23.510338251509155],[70.75609853122227,23.510338251509155],[70.75609853122227,23.560338251509156],[70.80609853122226,23.560338251509156],[70.80609853122226,23.510338251509155]]]}},{"type":"Feature","properties":{"GRID_CODE":"GJ-KU-RAN-520","STATE":"Gujarat","DISTRICT":"Kachchh","BLOCK":"Rann of Kachchh","n_lists":0,"n_birders":0,"n_species":0,"focal_lists":0},"geometry":{"type":"Polygon","coordinates":[[[70.95609853122227,23.760338251509155],[70.90609853122227,23.760338251509155],[70.90609853122227,23.810338251509156],[70.95609853122227,23.810338251509156],[70.95609853122227,23.760338251509155]]]}},{"type":"Feature","properties":{"GRID_CODE":"GJ-KU-RAP-039","STATE":"Gujarat","DISTRICT":"Kachchh","BLOCK":"Rapar","n_lists":0,"n_birders":0,"n_species":0,"focal_lists":0},"geometry":{"type":"Polygon","coordinates":[[[70.60609853122227,23.610338251509157],[70.55609853122226,23.610338251509157],[70.55609853122226,23.660338251509154],[70.60609853122227,23.660338251509154],[70.60609853122227,23.610338251509157]]]}},{"type":"Feature","properties":{"GRID_CODE":"GJ-KU-RAN-492","STATE":"Gujarat","DISTRICT":"Kachchh","BLOCK":"Rann of Kachchh","n_lists":0,"n_birders":0,"n_species":0,"focal_lists":0},"geometry":{"type":"Polygon","coordinates":[[[68.50609853122227,23.760338251509155],[68.45609853122227,23.760338251509155],[68.45609853122227,23.810338251509156],[68.50609853122227,23.810338251509156],[68.50609853122227,23.760338251509155]]]}},{"type":"Feature","properties":{"GRID_CODE":"GJ-KU-RAN-046","STATE":"Gujarat","DISTRICT":"Kachchh","BLOCK":"Rann of Kachchh","n_lists":0,"n_birders":0,"n_species":0,"focal_lists":0},"geometry":{"type":"Polygon","coordinates":[[[71.15609853122227,24.310338251509156],[71.10609853122227,24.310338251509156],[71.10609853122227,24.360338251509157],[71.15609853122227,24.360338251509157],[71.15609853122227,24.310338251509156]]]}},{"type":"Feature","properties":{"GRID_CODE":"GJ-KU-RAN-009","STATE":"Gujarat","DISTRICT":"Kachchh","BLOCK":"Rann of Kachchh","n_lists":0,"n_birders":0,"n_species":0,"focal_lists":0},"geometry":{"type":"Polygon","coordinates":[[[71.30609853122226,24.560338251509156],[71.25609853122227,24.560338251509156],[71.25609853122227,24.610338251509157],[71.30609853122226,24.610338251509157],[71.30609853122226,24.560338251509156]]]}},{"type":"Feature","properties":{"GRID_CODE":"GJ-KU-RAN-139","STATE":"Gujarat","DISTRICT":"Kachchh","BLOCK":"Rann of Kachchh","n_lists":0,"n_birders":0,"n_species":0,"focal_lists":0},"geometry":{"type":"Polygon","coordinates":[[[70.80609853122226,24.160338251509154],[70.75609853122227,24.160338251509154],[70.75609853122227,24.210338251509154],[70.80609853122226,24.210338251509154],[70.80609853122226,24.160338251509154]]]}},{"type":"Feature","properties":{"GRID_CODE":"GJ-KU-RAN-063","STATE":"Gujarat","DISTRICT":"Kachchh","BLOCK":"Rann of Kachchh","n_lists":0,"n_birders":0,"n_species":0,"focal_lists":0},"geometry":{"type":"Polygon","coordinates":[[[70.60609853122227,24.260338251509155],[70.55609853122226,24.260338251509155],[70.55609853122226,24.310338251509156],[70.60609853122227,24.310338251509156],[70.60609853122227,24.260338251509155]]]}},{"type":"Feature","properties":{"GRID_CODE":"GJ-KU-LIT-194","STATE":"Gujarat","DISTRICT":"Kachchh","BLOCK":"Little Rann","n_lists":0,"n_birders":0,"n_species":0,"focal_lists":0},"geometry":{"type":"Polygon","coordinates":[[[70.45609853122227,22.810338251509156],[70.40609853122227,22.810338251509156],[70.40609853122227,22.860338251509157],[70.45609853122227,22.860338251509157],[70.45609853122227,22.810338251509156]]]}},{"type":"Feature","properties":{"GRID_CODE":"GJ-KU-ANJ-037","STATE":"Gujarat","DISTRICT":"Kachchh","BLOCK":"Anjar","n_lists":1,"n_birders":1,"n_species":14,"focal_lists":0},"geometry":{"type":"Polygon","coordinates":[[[69.85609853122227,22.960338251509154],[69.80609853122226,22.960338251509154],[69.80609853122226,23.010338251509155],[69.85609853122227,23.010338251509155],[69.85609853122227,22.960338251509154]]]}},{"type":"Feature","properties":{"GRID_CODE":"GJ-KU-ANJ-009","STATE":"Gujarat","DISTRICT":"Kachchh","BLOCK":"Anjar","n_lists":0,"n_birders":0,"n_species":0,"focal_lists":0},"geometry":{"type":"Polygon","coordinates":[[[70.00609853122227,23.210338251509154],[69.95609853122227,23.210338251509154],[69.95609853122227,23.260338251509155],[70.00609853122227,23.260338251509155],[70.00609853122227,23.210338251509154]]]}},{"type":"Feature","properties":{"GRID_CODE":"GJ-KU-BHU-121","STATE":"Gujarat","DISTRICT":"Kachchh","BLOCK":"Bhuj","n_lists":0,"n_birders":0,"n_species":0,"focal_lists":0},"geometry":{"type":"Polygon","coordinates":[[[69.60609853122227,23.260338251509155],[69.55609853122226,23.260338251509155],[69.55609853122226,23.310338251509156],[69.60609853122227,23.310338251509156],[69.60609853122227,23.260338251509155]]]}},{"type":"Feature","properties":{"GRID_CODE":"GJ-KU-NAK-067","STATE":"Gujarat","DISTRICT":"Kachchh","BLOCK":"Nakhatrana","n_lists":3,"n_birders":1,"n_species":49,"focal_lists":3},"geometry":{"type":"Polygon","coordinates":[[[69.25609853122227,23.110338251509157],[69.20609853122227,23.110338251509157],[69.20609853122227,23.160338251509154],[69.25609853122227,23.160338251509154],[69.25609853122227,23.110338251509157]]]}},{"type":"Feature","properties":{"GRID_CODE":"GJ-KU-NAK-047","STATE":"Gujarat","DISTRICT":"Kachchh","BLOCK":"Nakhatrana","n_lists":0,"n_birders":0,"n_species":0,"focal_lists":0},"geometry":{"type":"Polygon","coordinates":[[[69.40609853122227,23.360338251509157],[69.35609853122227,23.360338251509157],[69.35609853122227,23.410338251509154],[69.40609853122227,23.410338251509154],[69.40609853122227,23.360338251509157]]]}},{"type":"Feature","properties":{"GRID_CODE":"GJ-KU-ABD-052","STATE":"Gujarat","DISTRICT":"Kachchh","BLOCK":"Abdasa","n_lists":0,"n_birders":0,"n_species":0,"focal_lists":0},"geometry":{"type":"Polygon","coordinates":[[[69.05609853122226,23.210338251509154],[69.00609853122227,23.210338251509154],[69.00609853122227,23.260338251509155],[69.05609853122226,23.260338251509155],[69.05609853122226,23.210338251509154]]]}},{"type":"Feature","properties":{"GRID_CODE":"GJ-KU-LIT-098","STATE":"Gujarat","DISTRICT":"Kachchh","BLOCK":"Little Rann","n_lists":0,"n_birders":0,"n_species":0,"focal_lists":0},"geometry":{"type":"Polygon","coordinates":[[[71.10609853122227,23.260338251509155],[71.05609853122226,23.260338251509155],[71.05609853122226,23.310338251509156],[71.10609853122227,23.310338251509156],[71.10609853122227,23.260338251509155]]]}},{"type":"Feature","properties":{"GRID_CODE":"GJ-KU-ABD-032","STATE":"Gujarat","DISTRICT":"Kachchh","BLOCK":"Abdasa","n_lists":0,"n_birders":0,"n_species":0,"focal_lists":0},"geometry":{"type":"Polygon","coordinates":[[[68.65609853122227,23.260338251509155],[68.60609853122227,23.260338251509155],[68.60609853122227,23.310338251509156],[68.65609853122227,23.310338251509156],[68.65609853122227,23.260338251509155]]]}},{"type":"Feature","properties":{"GRID_CODE":"GJ-KU-RAN-380","STATE":"Gujarat","DISTRICT":"Kachchh","BLOCK":"Rann of Kachchh","n_lists":0,"n_birders":0,"n_species":0,"focal_lists":0},"geometry":{"type":"Polygon","coordinates":[[[69.60609853122227,23.910338251509154],[69.55609853122226,23.910338251509154],[69.55609853122226,23.960338251509154],[69.60609853122227,23.960338251509154],[69.60609853122227,23.910338251509154]]]}},{"type":"Feature","properties":{"GRID_CODE":"GJ-KU-LIT-183","STATE":"Gujarat","DISTRICT":"Kachchh","BLOCK":"Little Rann","n_lists":0,"n_birders":0,"n_species":0,"focal_lists":0},"geometry":{"type":"Polygon","coordinates":[[[70.40609853122227,22.960338251509154],[70.35609853122227,22.960338251509154],[70.35609853122227,23.010338251509155],[70.40609853122227,23.010338251509155],[70.40609853122227,22.960338251509154]]]}},{"type":"Feature","properties":{"GRID_CODE":"GJ-KU-ANJ-008","STATE":"Gujarat","DISTRICT":"Kachchh","BLOCK":"Anjar","n_lists":2,"n_birders":1,"n_species":30,"focal_lists":1},"geometry":{"type":"Polygon","coordinates":[[[70.15609853122227,23.260338251509155],[70.10609853122227,23.260338251509155],[70.10609853122227,23.310338251509156],[70.15609853122227,23.310338251509156],[70.15609853122227,23.260338251509155]]]}},{"type":"Feature","properties":{"GRID_CODE":"GJ-KU-RAN-404","STATE":"Gujarat","DISTRICT":"Kachchh","BLOCK":"Rann of Kachchh","n_lists":0,"n_birders":0,"n_species":0,"focal_lists":0},"geometry":{"type":"Polygon","coordinates":[[[71.10609853122227,23.910338251509154],[71.05609853122226,23.910338251509154],[71.05609853122226,23.960338251509154],[71.10609853122227,23.960338251509154],[71.10609853122227,23.910338251509154]]]}},{"type":"Feature","properties":{"GRID_CODE":"GJ-KU-RAN-205","STATE":"Gujarat","DISTRICT":"Kachchh","BLOCK":"Rann of Kachchh","n_lists":0,"n_birders":0,"n_species":0,"focal_lists":0},"geometry":{"type":"Polygon","coordinates":[[[69.00609853122227,24.060338251509156],[68.95609853122227,24.060338251509156],[68.95609853122227,24.110338251509157],[69.00609853122227,24.110338251509157],[69.00609853122227,24.060338251509156]]]}},{"type":"Feature","properties":{"GRID_CODE":"GJ-KU-RAN-361","STATE":"Gujarat","DISTRICT":"Kachchh","BLOCK":"Rann of Kachchh","n_lists":0,"n_birders":0,"n_species":0,"focal_lists":0},"geometry":{"type":"Polygon","coordinates":[[[68.65609853122227,23.910338251509154],[68.60609853122227,23.910338251509154],[68.60609853122227,23.960338251509154],[68.65609853122227,23.960338251509154],[68.65609853122227,23.910338251509154]]]}},{"type":"Feature","properties":{"GRID_CODE":"GJ-KU-LIT-109","STATE":"Gujarat","DISTRICT":"Kachchh","BLOCK":"Little Rann","n_lists":0,"n_birders":0,"n_species":0,"focal_lists":0},"geometry":{"type":"Polygon","coordinates":[[[71.65609853122227,23.260338251509155],[71.60609853122227,23.260338251509155],[71.60609853122227,23.310338251509156],[71.65609853122227,23.310338251509156],[71.65609853122227,23.260338251509155]]]}},{"type":"Feature","properties":{"GRID_CODE":"GJ-KU-NAK-039","STATE":"Gujarat","DISTRICT":"Kachchh","BLOCK":"Nakhatrana","n_lists":0,"n_birders":0,"n_species":0,"focal_lists":0},"geometry":{"type":"Polygon","coordinates":[[[69.55609853122226,23.410338251509154],[69.50609853122227,23.410338251509154],[69.50609853122227,23.460338251509154],[69.55609853122226,23.460338251509154],[69.55609853122226,23.410338251509154]]]}},{"type":"Feature","properties":{"GRID_CODE":"GJ-KU-RAN-235","STATE":"Gujarat","DISTRICT":"Kachchh","BLOCK":"Rann of Kachchh","n_lists":0,"n_birders":0,"n_species":0,"focal_lists":0},"geometry":{"type":"Polygon","coordinates":[[[70.50609853122227,24.060338251509156],[70.45609853122227,24.060338251509156],[70.45609853122227,24.110338251509157],[70.50609853122227,24.110338251509157],[70.50609853122227,24.060338251509156]]]}},{"type":"Feature","properties":{"GRID_CODE":"GJ-KU-RAN-388","STATE":"Gujarat","DISTRICT":"Kachchh","BLOCK":"Rann of Kachchh","n_lists":0,"n_birders":0,"n_species":0,"focal_lists":0},"geometry":{"type":"Polygon","coordinates":[[[70.15609853122227,23.910338251509154],[70.10609853122227,23.910338251509154],[70.10609853122227,23.960338251509154],[70.15609853122227,23.960338251509154],[70.15609853122227,23.910338251509154]]]}},{"type":"Feature","properties":{"GRID_CODE":"GJ-KU-RAN-216","STATE":"Gujarat","DISTRICT":"Kachchh","BLOCK":"Rann of Kachchh","n_lists":0,"n_birders":0,"n_species":0,"focal_lists":0},"geometry":{"type":"Polygon","coordinates":[[[69.55609853122226,24.060338251509156],[69.50609853122227,24.060338251509156],[69.50609853122227,24.110338251509157],[69.55609853122226,24.110338251509157],[69.55609853122226,24.060338251509156]]]}},{"type":"Feature","properties":{"GRID_CODE":"GJ-KU-RAN-158","STATE":"Gujarat","DISTRICT":"Kachchh","BLOCK":"Rann of Kachchh","n_lists":0,"n_birders":0,"n_species":0,"focal_lists":0},"geometry":{"type":"Polygon","coordinates":[[[69.15609853122227,24.110338251509157],[69.10609853122227,24.110338251509157],[69.10609853122227,24.160338251509154],[69.15609853122227,24.160338251509154],[69.15609853122227,24.110338251509157]]]}},{"type":"Feature","properties":{"GRID_CODE":"GJ-KU-RAN-074","STATE":"Gujarat","DISTRICT":"Kachchh","BLOCK":"Rann of Kachchh","n_lists":0,"n_birders":0,"n_species":0,"focal_lists":0},"geometry":{"type":"Polygon","coordinates":[[[68.95609853122227,24.210338251509154],[68.90609853122227,24.210338251509154],[68.90609853122227,24.260338251509155],[68.95609853122227,24.260338251509155],[68.95609853122227,24.210338251509154]]]}},{"type":"Feature","properties":{"GRID_CODE":"GJ-KU-LIT-055","STATE":"Gujarat","DISTRICT":"Kachchh","BLOCK":"Little Rann","n_lists":0,"n_birders":0,"n_species":0,"focal_lists":0},"geometry":{"type":"Polygon","coordinates":[[[71.25609853122227,23.410338251509154],[71.20609853122227,23.410338251509154],[71.20609853122227,23.460338251509154],[71.25609853122227,23.460338251509154],[71.25609853122227,23.410338251509154]]]}},{"type":"Feature","properties":{"GRID_CODE":"GJ-KU-ABD-007","STATE":"Gujarat","DISTRICT":"Kachchh","BLOCK":"Abdasa","n_lists":0,"n_birders":0,"n_species":0,"focal_lists":0},"geometry":{"type":"Polygon","coordinates":[[[68.80609853122226,23.410338251509154],[68.75609853122227,23.410338251509154],[68.75609853122227,23.460338251509154],[68.80609853122226,23.460338251509154],[68.80609853122226,23.410338251509154]]]}},{"type":"Feature","properties":{"GRID_CODE":"GJ-KU-MUN-011","STATE":"Gujarat","DISTRICT":"Kachchh","BLOCK":"Mundra","n_lists":3,"n_birders":1,"n_species":66,"focal_lists":3},"geometry":{"type":"Polygon","coordinates":[[[69.70609853122227,22.910338251509154],[69.65609853122227,22.910338251509154],[69.65609853122227,22.960338251509154],[69.70609853122227,22.960338251509154],[69.70609853122227,22.910338251509154]]]}},{"type":"Feature","properties":{"GRID_CODE":"GJ-KU-RAP-051","STATE":"Gujarat","DISTRICT":"Kachchh","BLOCK":"Rapar","n_lists":4,"n_birders":1,"n_species":23,"focal_lists":2},"geometry":{"type":"Polygon","coordinates":[[[70.65609853122227,23.560338251509156],[70.60609853122227,23.560338251509156],[70.60609853122227,23.610338251509157],[70.65609853122227,23.610338251509157],[70.65609853122227,23.560338251509156]]]}},{"type":"Feature","properties":{"GRID_CODE":"GJ-KU-RAN-527","STATE":"Gujarat","DISTRICT":"Kachchh","BLOCK":"Rann of Kachchh","n_lists":0,"n_birders":0,"n_species":0,"focal_lists":0},"geometry":{"type":"Polygon","coordinates":[[[68.55609853122226,23.710338251509154],[68.50609853122227,23.710338251509154],[68.50609853122227,23.760338251509155],[68.55609853122226,23.760338251509155],[68.55609853122226,23.710338251509154]]]}},{"type":"Feature","properties":{"GRID_CODE":"GJ-KU-BHA-023","STATE":"Gujarat","DISTRICT":"Kachchh","BLOCK":"Bhachau","n_lists":0,"n_birders":0,"n_species":0,"focal_lists":0},"geometry":{"type":"Polygon","coordinates":[[[70.30609853122226,23.410338251509154],[70.25609853122227,23.410338251509154],[70.25609853122227,23.460338251509154],[70.30609853122226,23.460338251509154],[70.30609853122226,23.410338251509154]]]}},{"type":"Feature","properties":{"GRID_CODE":"GJ-KU-RAN-449","STATE":"Gujarat","DISTRICT":"Kachchh","BLOCK":"Rann of Kachchh","n_lists":0,"n_birders":0,"n_species":0,"focal_lists":0},"geometry":{"type":"Polygon","coordinates":[[[68.35609853122227,23.810338251509156],[68.30609853122226,23.810338251509156],[68.30609853122226,23.860338251509157],[68.35609853122227,23.860338251509157],[68.35609853122227,23.810338251509156]]]}},{"type":"Feature","properties":{"GRID_CODE":"GJ-KU-ABD-084","STATE":"Gujarat","DISTRICT":"Kachchh","BLOCK":"Abdasa","n_lists":0,"n_birders":0,"n_species":0,"focal_lists":0},"geometry":{"type":"Polygon","coordinates":[[[69.10609853122227,23.060338251509156],[69.05609853122226,23.060338251509156],[69.05609853122226,23.110338251509157],[69.10609853122227,23.110338251509157],[69.10609853122227,23.060338251509156]]]}},{"type":"Feature","properties":{"GRID_CODE":"GJ-KU-RAN-533","STATE":"Gujarat","DISTRICT":"Kachchh","BLOCK":"Rann of Kachchh","n_lists":0,"n_birders":0,"n_species":0,"focal_lists":0},"geometry":{"type":"Polygon","coordinates":[[[70.05609853122226,23.710338251509154],[70.00609853122227,23.710338251509154],[70.00609853122227,23.760338251509155],[70.05609853122226,23.760338251509155],[70.05609853122226,23.710338251509154]]]}},{"type":"Feature","properties":{"GRID_CODE":"GJ-KU-BHU-069","STATE":"Gujarat","DISTRICT":"Kachchh","BLOCK":"Bhuj","n_lists":4,"n_birders":1,"n_species":43,"focal_lists":0},"geometry":{"type":"Polygon","coordinates":[[[69.70609853122227,23.560338251509156],[69.65609853122227,23.560338251509156],[69.65609853122227,23.610338251509157],[69.70609853122227,23.610338251509157],[69.70609853122227,23.560338251509156]]]}},{"type":"Feature","properties":{"GRID_CODE":"GJ-KU-LIT-048","STATE":"Gujarat","DISTRICT":"Kachchh","BLOCK":"Little Rann","n_lists":0,"n_birders":0,"n_species":0,"focal_lists":0},"geometry":{"type":"Polygon","coordinates":[[[71.40609853122227,23.460338251509154],[71.35609853122227,23.460338251509154],[71.35609853122227,23.510338251509155],[71.40609853122227,23.510338251509155],[71.40609853122227,23.460338251509154]]]}},{"type":"Feature","properties":{"GRID_CODE":"GJ-KU-LIT-170","STATE":"Gujarat","DISTRICT":"Kachchh","BLOCK":"Little Rann","n_lists":0,"n_birders":0,"n_species":0,"focal_lists":0},"geometry":{"type":"Polygon","coordinates":[[[70.60609853122227,23.060338251509156],[70.55609853122226,23.060338251509156],[70.55609853122226,23.110338251509157],[70.60609853122227,23.110338251509157],[70.60609853122227,23.060338251509156]]]}},{"type":"Feature","properties":{"GRID_CODE":"GJ-KU-RAN-432","STATE":"Gujarat","DISTRICT":"Kachchh","BLOCK":"Rann of Kachchh","n_lists":0,"n_birders":0,"n_species":0,"focal_lists":0},"geometry":{"type":"Polygon","coordinates":[[[69.45609853122227,23.860338251509157],[69.40609853122227,23.860338251509157],[69.40609853122227,23.910338251509154],[69.45609853122227,23.910338251509154],[69.45609853122227,23.860338251509157]]]}},{"type":"Feature","properties":{"GRID_CODE":"GJ-KU-LIT-017","STATE":"Gujarat","DISTRICT":"Kachchh","BLOCK":"Little Rann","n_lists":0,"n_birders":0,"n_species":0,"focal_lists":0},"geometry":{"type":"Polygon","coordinates":[[[71.20609853122227,23.560338251509156],[71.15609853122227,23.560338251509156],[71.15609853122227,23.610338251509157],[71.20609853122227,23.610338251509157],[71.20609853122227,23.560338251509156]]]}},{"type":"Feature","properties":{"GRID_CODE":"GJ-KU-RAN-529","STATE":"Gujarat","DISTRICT":"Kachchh","BLOCK":"Rann of Kachchh","n_lists":0,"n_birders":0,"n_species":0,"focal_lists":0},"geometry":{"type":"Polygon","coordinates":[[[69.10609853122227,23.710338251509154],[69.05609853122226,23.710338251509154],[69.05609853122226,23.760338251509155],[69.10609853122227,23.760338251509155],[69.10609853122227,23.710338251509154]]]}},{"type":"Feature","properties":{"GRID_CODE":"GJ-KU-RAP-043","STATE":"Gujarat","DISTRICT":"Kachchh","BLOCK":"Rapar","n_lists":0,"n_birders":0,"n_species":0,"focal_lists":0},"geometry":{"type":"Polygon","coordinates":[[[70.80609853122226,23.610338251509157],[70.75609853122227,23.610338251509157],[70.75609853122227,23.660338251509154],[70.80609853122226,23.660338251509154],[70.80609853122226,23.610338251509157]]]}},{"type":"Feature","properties":{"GRID_CODE":"GJ-KU-RAN-444","STATE":"Gujarat","DISTRICT":"Kachchh","BLOCK":"Rann of Kachchh","n_lists":0,"n_birders":0,"n_species":0,"focal_lists":0},"geometry":{"type":"Polygon","coordinates":[[[70.95609853122227,23.860338251509157],[70.90609853122227,23.860338251509157],[70.90609853122227,23.910338251509154],[70.95609853122227,23.910338251509154],[70.95609853122227,23.860338251509157]]]}},{"type":"Feature","properties":{"GRID_CODE":"GJ-KU-RAN-253","STATE":"Gujarat","DISTRICT":"Kachchh","BLOCK":"Rann of Kachchh","n_lists":0,"n_birders":0,"n_species":0,"focal_lists":0},"geometry":{"type":"Polygon","coordinates":[[[68.85609853122227,24.010338251509155],[68.80609853122226,24.010338251509155],[68.80609853122226,24.060338251509156],[68.85609853122227,24.060338251509156],[68.85609853122227,24.010338251509155]]]}},{"type":"Feature","properties":{"GRID_CODE":"GJ-KU-RAP-022","STATE":"Gujarat","DISTRICT":"Kachchh","BLOCK":"Rapar","n_lists":0,"n_birders":0,"n_species":0,"focal_lists":0},"geometry":{"type":"Polygon","coordinates":[[[70.60609853122227,23.710338251509154],[70.55609853122226,23.710338251509154],[70.55609853122226,23.760338251509155],[70.60609853122227,23.760338251509155],[70.60609853122227,23.710338251509154]]]}},{"type":"Feature","properties":{"GRID_CODE":"GJ-KU-RAN-413","STATE":"Gujarat","DISTRICT":"Kachchh","BLOCK":"Rann of Kachchh","n_lists":0,"n_birders":0,"n_species":0,"focal_lists":0},"geometry":{"type":"Polygon","coordinates":[[[68.50609853122227,23.860338251509157],[68.45609853122227,23.860338251509157],[68.45609853122227,23.910338251509154],[68.50609853122227,23.910338251509154],[68.50609853122227,23.860338251509157]]]}},{"type":"Feature","properties":{"GRID_CODE":"GJ-KU-RAN-511","STATE":"Gujarat","DISTRICT":"Kachchh","BLOCK":"Rann of Kachchh","n_lists":0,"n_birders":0,"n_species":0,"focal_lists":0},"geometry":{"type":"Polygon","coordinates":[[[70.20609853122227,23.760338251509155],[70.15609853122227,23.760338251509155],[70.15609853122227,23.810338251509156],[70.20609853122227,23.810338251509156],[70.20609853122227,23.760338251509155]]]}},{"type":"Feature","properties":{"GRID_CODE":"GJ-KU-RAN-024","STATE":"Gujarat","DISTRICT":"Kachchh","BLOCK":"Rann of Kachchh","n_lists":0,"n_birders":0,"n_species":0,"focal_lists":0},"geometry":{"type":"Polygon","coordinates":[[[71.15609853122227,24.410338251509154],[71.10609853122227,24.410338251509154],[71.10609853122227,24.460338251509154],[71.15609853122227,24.460338251509154],[71.15609853122227,24.410338251509154]]]}},{"type":"Feature","properties":{"GRID_CODE":"GJ-KU-RAN-283","STATE":"Gujarat","DISTRICT":"Kachchh","BLOCK":"Rann of Kachchh","n_lists":0,"n_birders":0,"n_species":0,"focal_lists":0},"geometry":{"type":"Polygon","coordinates":[[[70.35609853122227,24.010338251509155],[70.30609853122226,24.010338251509155],[70.30609853122226,24.060338251509156],[70.35609853122227,24.060338251509156],[70.35609853122227,24.010338251509155]]]}},{"type":"Feature","properties":{"GRID_CODE":"GJ-KU-MAN-049","STATE":"Gujarat","DISTRICT":"Kachchh","BLOCK":"Mandvi","n_lists":0,"n_birders":0,"n_species":0,"focal_lists":0},"geometry":{"type":"Polygon","coordinates":[[[69.40609853122227,22.810338251509156],[69.35609853122227,22.810338251509156],[69.35609853122227,22.860338251509157],[69.40609853122227,22.860338251509157],[69.40609853122227,22.810338251509156]]]}},{"type":"Feature","properties":{"GRID_CODE":"GJ-KU-ANJ-027","STATE":"Gujarat","DISTRICT":"Kachchh","BLOCK":"Anjar","n_lists":2,"n_birders":1,"n_species":70,"focal_lists":2},"geometry":{"type":"Polygon","coordinates":[[[69.85609853122227,23.060338251509156],[69.80609853122226,23.060338251509156],[69.80609853122226,23.110338251509157],[69.85609853122227,23.110338251509157],[69.85609853122227,23.060338251509156]]]}},{"type":"Feature","properties":{"GRID_CODE":"GJ-KU-BHU-117","STATE":"Gujarat","DISTRICT":"Kachchh","BLOCK":"Bhuj","n_lists":0,"n_birders":0,"n_species":0,"focal_lists":0},"geometry":{"type":"Polygon","coordinates":[[[70.00609853122227,23.310338251509156],[69.95609853122227,23.310338251509156],[69.95609853122227,23.360338251509157],[70.00609853122227,23.360338251509157],[70.00609853122227,23.310338251509156]]]}},{"type":"Feature","properties":{"GRID_CODE":"GJ-KU-BHU-096","STATE":"Gujarat","DISTRICT":"Kachchh","BLOCK":"Bhuj","n_lists":0,"n_birders":0,"n_species":0,"focal_lists":0},"geometry":{"type":"Polygon","coordinates":[[[69.60609853122227,23.360338251509157],[69.55609853122226,23.360338251509157],[69.55609853122226,23.410338251509154],[69.60609853122227,23.410338251509154],[69.60609853122227,23.360338251509157]]]}},{"type":"Feature","properties":{"GRID_CODE":"GJ-KU-NAK-060","STATE":"Gujarat","DISTRICT":"Kachchh","BLOCK":"Nakhatrana","n_lists":4,"n_birders":1,"n_species":55,"focal_lists":3},"geometry":{"type":"Polygon","coordinates":[[[69.25609853122227,23.210338251509154],[69.20609853122227,23.210338251509154],[69.20609853122227,23.260338251509155],[69.25609853122227,23.260338251509155],[69.25609853122227,23.210338251509154]]]}},{"type":"Feature","properties":{"GRID_CODE":"GJ-KU-NAK-024","STATE":"Gujarat","DISTRICT":"Kachchh","BLOCK":"Nakhatrana","n_lists":0,"n_birders":0,"n_species":0,"focal_lists":0},"geometry":{"type":"Polygon","coordinates":[[[69.40609853122227,23.460338251509154],[69.35609853122227,23.460338251509154],[69.35609853122227,23.510338251509155],[69.40609853122227,23.510338251509155],[69.40609853122227,23.460338251509154]]]}},{"type":"Feature","properties":{"GRID_CODE":"GJ-KU-LIT-065","STATE":"Gujarat","DISTRICT":"Kachchh","BLOCK":"Little Rann","n_lists":0,"n_birders":0,"n_species":0,"focal_lists":0},"geometry":{"type":"Polygon","coordinates":[[[71.10609853122227,23.360338251509157],[71.05609853122226,23.360338251509157],[71.05609853122226,23.410338251509154],[71.10609853122227,23.410338251509154],[71.10609853122227,23.360338251509157]]]}},{"type":"Feature","properties":{"GRID_CODE":"GJ-KU-NAK-008","STATE":"Gujarat","DISTRICT":"Kachchh","BLOCK":"Nakhatrana","n_lists":0,"n_birders":0,"n_species":0,"focal_lists":0},"geometry":{"type":"Polygon","coordinates":[[[69.00609853122227,23.510338251509155],[68.95609853122227,23.510338251509155],[68.95609853122227,23.560338251509156],[69.00609853122227,23.560338251509156],[69.00609853122227,23.510338251509155]]]}},{"type":"Feature","properties":{"GRID_CODE":"GJ-KU-LIT-110","STATE":"Gujarat","DISTRICT":"Kachchh","BLOCK":"Little Rann","n_lists":0,"n_birders":0,"n_species":0,"focal_lists":0},"geometry":{"type":"Polygon","coordinates":[[[70.75609853122227,23.210338251509154],[70.70609853122227,23.210338251509154],[70.70609853122227,23.260338251509155],[70.75609853122227,23.260338251509155],[70.75609853122227,23.210338251509154]]]}},{"type":"Feature","properties":{"GRID_CODE":"GJ-KU-ABD-011","STATE":"Gujarat","DISTRICT":"Kachchh","BLOCK":"Abdasa","n_lists":0,"n_birders":0,"n_species":0,"focal_lists":0},"geometry":{"type":"Polygon","coordinates":[[[68.65609853122227,23.360338251509157],[68.60609853122227,23.360338251509157],[68.60609853122227,23.410338251509154],[68.65609853122227,23.410338251509154],[68.65609853122227,23.360338251509157]]]}},{"type":"Feature","properties":{"GRID_CODE":"GJ-KU-RAN-268","STATE":"Gujarat","DISTRICT":"Kachchh","BLOCK":"Rann of Kachchh","n_lists":3,"n_birders":1,"n_species":33,"focal_lists":2},"geometry":{"type":"Polygon","coordinates":[[[69.60609853122227,24.010338251509155],[69.55609853122226,24.010338251509155],[69.55609853122226,24.060338251509156],[69.60609853122227,24.060338251509156],[69.60609853122227,24.010338251509155]]]}},{"type":"Feature","properties":{"GRID_CODE":"GJ-KU-RAP-060","STATE":"Gujarat","DISTRICT":"Kachchh","BLOCK":"Rapar","n_lists":2,"n_birders":1,"n_species":42,"focal_lists":2},"geometry":{"type":"Polygon","coordinates":[[[70.50609853122227,23.510338251509155],[70.45609853122227,23.510338251509155],[70.45609853122227,23.560338251509156],[70.50609853122227,23.560338251509156],[70.50609853122227,23.510338251509155]]]}},{"type":"Feature","properties":{"GRID_CODE":"GJ-KU-ANJ-001","STATE":"Gujarat","DISTRICT":"Kachchh","BLOCK":"Anjar","n_lists":3,"n_birders":1,"n_species":49,"focal_lists":2},"geometry":{"type":"Polygon","coordinates":[[[70.15609853122227,23.360338251509157],[70.10609853122227,23.360338251509157],[70.10609853122227,23.410338251509154],[70.15609853122227,23.410338251509154],[70.15609853122227,23.360338251509157]]]}},{"type":"Feature","properties":{"GRID_CODE":"GJ-KU-RAN-298","STATE":"Gujarat","DISTRICT":"Kachchh","BLOCK":"Rann of Kachchh","n_lists":0,"n_birders":0,"n_species":0,"focal_lists":0},"geometry":{"type":"Polygon","coordinates":[[[71.10609853122227,24.010338251509155],[71.05609853122226,24.010338251509155],[71.05609853122226,24.060338251509156],[71.10609853122227,24.060338251509156],[71.10609853122227,24.010338251509155]]]}},{"type":"Feature","properties":{"GRID_CODE":"GJ-KU-RAN-110","STATE":"Gujarat","DISTRICT":"Kachchh","BLOCK":"Rann of Kachchh","n_lists":0,"n_birders":0,"n_species":0,"focal_lists":0},"geometry":{"type":"Polygon","coordinates":[[[69.00609853122227,24.160338251509154],[68.95609853122227,24.160338251509154],[68.95609853122227,24.210338251509154],[69.00609853122227,24.210338251509154],[69.00609853122227,24.160338251509154]]]}},{"type":"Feature","properties":{"GRID_CODE":"GJ-KU-NAK-015","STATE":"Gujarat","DISTRICT":"Kachchh","BLOCK":"Nakhatrana","n_lists":0,"n_birders":0,"n_species":0,"focal_lists":0},"geometry":{"type":"Polygon","coordinates":[[[69.55609853122226,23.510338251509155],[69.50609853122227,23.510338251509155],[69.50609853122227,23.560338251509156],[69.55609853122226,23.560338251509156],[69.55609853122226,23.510338251509155]]]}},{"type":"Feature","properties":{"GRID_CODE":"GJ-KU-RAN-133","STATE":"Gujarat","DISTRICT":"Kachchh","BLOCK":"Rann of Kachchh","n_lists":0,"n_birders":0,"n_species":0,"focal_lists":0},"geometry":{"type":"Polygon","coordinates":[[[70.50609853122227,24.160338251509154],[70.45609853122227,24.160338251509154],[70.45609853122227,24.210338251509154],[70.50609853122227,24.210338251509154],[70.50609853122227,24.160338251509154]]]}},{"type":"Feature","properties":{"GRID_CODE":"GJ-KU-LAK-025","STATE":"Gujarat","DISTRICT":"Kachchh","BLOCK":"Lakhpat","n_lists":0,"n_birders":0,"n_species":0,"focal_lists":0},"geometry":{"type":"Polygon","coordinates":[[[68.95609853122227,23.660338251509154],[68.90609853122227,23.660338251509154],[68.90609853122227,23.710338251509154],[68.95609853122227,23.710338251509154],[68.95609853122227,23.660338251509154]]]}},{"type":"Feature","properties":{"GRID_CODE":"GJ-KU-RAN-121","STATE":"Gujarat","DISTRICT":"Kachchh","BLOCK":"Rann of Kachchh","n_lists":0,"n_birders":0,"n_species":0,"focal_lists":0},"geometry":{"type":"Polygon","coordinates":[[[69.55609853122226,24.160338251509154],[69.50609853122227,24.160338251509154],[69.50609853122227,24.210338251509154],[69.55609853122226,24.210338251509154],[69.55609853122226,24.160338251509154]]]}},{"type":"Feature","properties":{"GRID_CODE":"GJ-KU-RAN-077","STATE":"Gujarat","DISTRICT":"Kachchh","BLOCK":"Rann of Kachchh","n_lists":0,"n_birders":0,"n_species":0,"focal_lists":0},"geometry":{"type":"Polygon","coordinates":[[[69.15609853122227,24.210338251509154],[69.10609853122227,24.210338251509154],[69.10609853122227,24.260338251509155],[69.15609853122227,24.260338251509155],[69.15609853122227,24.210338251509154]]]}},{"type":"Feature","properties":{"GRID_CODE":"GJ-KU-LIT-033","STATE":"Gujarat","DISTRICT":"Kachchh","BLOCK":"Little Rann","n_lists":0,"n_birders":0,"n_species":0,"focal_lists":0},"geometry":{"type":"Polygon","coordinates":[[[71.25609853122227,23.510338251509155],[71.20609853122227,23.510338251509155],[71.20609853122227,23.560338251509156],[71.25609853122227,23.560338251509156],[71.25609853122227,23.510338251509155]]]}},{"type":"Feature","properties":{"GRID_CODE":"GJ-KU-ANJ-017","STATE":"Gujarat","DISTRICT":"Kachchh","BLOCK":"Anjar","n_lists":3,"n_birders":1,"n_species":51,"focal_lists":2},"geometry":{"type":"Polygon","coordinates":[[[70.05609853122226,23.160338251509154],[70.00609853122227,23.160338251509154],[70.00609853122227,23.210338251509154],[70.05609853122226,23.210338251509154],[70.05609853122226,23.160338251509154]]]}},{"type":"Feature","properties":{"GRID_CODE":"GJ-KU-MUN-001","STATE":"Gujarat","DISTRICT":"Kachchh","BLOCK":"Mundra","n_lists":0,"n_birders":0,"n_species":0,"focal_lists":0},"geometry":{"type":"Polygon","coordinates":[[[69.70609853122227,23.010338251509155],[69.65609853122227,23.010338251509155],[69.65609853122227,23.060338251509156],[69.70609853122227,23.060338251509156],[69.70609853122227,23.010338251509155]]]}},{"type":"Feature","properties":{"GRID_CODE":"GJ-KU-RAP-030","STATE":"Gujarat","DISTRICT":"Kachchh","BLOCK":"Rapar","n_lists":0,"n_birders":0,"n_species":0,"focal_lists":0},"geometry":{"type":"Polygon","coordinates":[[[70.65609853122227,23.660338251509154],[70.60609853122227,23.660338251509154],[70.60609853122227,23.710338251509154],[70.65609853122227,23.710338251509154],[70.65609853122227,23.660338251509154]]]}},{"type":"Feature","properties":{"GRID_CODE":"GJ-KU-RAN-453","STATE":"Gujarat","DISTRICT":"Kachchh","BLOCK":"Rann of Kachchh","n_lists":0,"n_birders":0,"n_species":0,"focal_lists":0},"geometry":{"type":"Polygon","coordinates":[[[68.55609853122226,23.810338251509156],[68.50609853122227,23.810338251509156],[68.50609853122227,23.860338251509157],[68.55609853122226,23.860338251509157],[68.55609853122226,23.810338251509156]]]}},{"type":"Feature","properties":{"GRID_CODE":"GJ-KU-MAN-041","STATE":"Gujarat","DISTRICT":"Kachchh","BLOCK":"Mandvi","n_lists":0,"n_birders":0,"n_species":0,"focal_lists":0},"geometry":{"type":"Polygon","coordinates":[[[69.35609853122227,22.860338251509157],[69.30609853122226,22.860338251509157],[69.30609853122226,22.910338251509154],[69.35609853122227,22.910338251509154],[69.35609853122227,22.860338251509157]]]}},{"type":"Feature","properties":{"GRID_CODE":"GJ-KU-LIT-147","STATE":"Gujarat","DISTRICT":"Kachchh","BLOCK":"Little Rann","n_lists":0,"n_birders":0,"n_species":0,"focal_lists":0},"geometry":{"type":"Polygon","coordinates":[[[71.55609853122226,23.160338251509154],[71.50609853122227,23.160338251509154],[71.50609853122227,23.210338251509154],[71.55609853122226,23.210338251509154],[71.55609853122226,23.160338251509154]]]}},{"type":"Feature","properties":{"GRID_CODE":"GJ-KU-ABD-065","STATE":"Gujarat","DISTRICT":"Kachchh","BLOCK":"Abdasa","n_lists":3,"n_birders":1,"n_species":58,"focal_lists":2},"geometry":{"type":"Polygon","coordinates":[[[69.10609853122227,23.160338251509154],[69.05609853122226,23.160338251509154],[69.05609853122226,23.210338251509154],[69.10609853122227,23.210338251509154],[69.10609853122227,23.160338251509154]]]}},{"type":"Feature","properties":{"GRID_CODE":"GJ-KU-RAN-477","STATE":"Gujarat","DISTRICT":"Kachchh","BLOCK":"Rann of Kachchh","n_lists":0,"n_birders":0,"n_species":0,"focal_lists":0},"geometry":{"type":"Polygon","coordinates":[[[70.05609853122226,23.810338251509156],[70.00609853122227,23.810338251509156],[70.00609853122227,23.860338251509157],[70.05609853122226,23.860338251509157],[70.05609853122226,23.810338251509156]]]}},{"type":"Feature","properties":{"GRID_CODE":"GJ-KU-BHU-049","STATE":"Gujarat","DISTRICT":"Kachchh","BLOCK":"Bhuj","n_lists":2,"n_birders":1,"n_species":1,"focal_lists":2},"geometry":{"type":"Polygon","coordinates":[[[69.70609853122227,23.660338251509154],[69.65609853122227,23.660338251509154],[69.65609853122227,23.710338251509154],[69.70609853122227,23.710338251509154],[69.70609853122227,23.660338251509154]]]}},{"type":"Feature","properties":{"GRID_CODE":"GJ-KU-RAN-171","STATE":"Gujarat","DISTRICT":"Kachchh","BLOCK":"Rann of Kachchh","n_lists":0,"n_birders":0,"n_species":0,"focal_lists":0},"geometry":{"type":"Polygon","coordinates":[[[69.80609853122226,24.110338251509157],[69.75609853122227,24.110338251509157],[69.75609853122227,24.160338251509154],[69.80609853122226,24.160338251509154],[69.80609853122226,24.110338251509157]]]}},{"type":"Feature","properties":{"GRID_CODE":"GJ-KU-LIT-021","STATE":"Gujarat","DISTRICT":"Kachchh","BLOCK":"Little Rann","n_lists":0,"n_birders":0,"n_species":0,"focal_lists":0},"geometry":{"type":"Polygon","coordinates":[[[71.40609853122227,23.560338251509156],[71.35609853122227,23.560338251509156],[71.35609853122227,23.610338251509157],[71.40609853122227,23.610338251509157],[71.40609853122227,23.560338251509156]]]}},{"type":"Feature","properties":{"GRID_CODE":"GJ-KU-BHA-074","STATE":"Gujarat","DISTRICT":"Kachchh","BLOCK":"Bhachau","n_lists":1,"n_birders":1,"n_species":51,"focal_lists":1},"geometry":{"type":"Polygon","coordinates":[[[70.60609853122227,23.160338251509154],[70.55609853122226,23.160338251509154],[70.55609853122226,23.210338251509154],[70.60609853122227,23.210338251509154],[70.60609853122227,23.160338251509154]]]}},{"type":"Feature","properties":{"GRID_CODE":"GJ-KU-RAN-318","STATE":"Gujarat","DISTRICT":"Kachchh","BLOCK":"Rann of Kachchh","n_lists":0,"n_birders":0,"n_species":0,"focal_lists":0},"geometry":{"type":"Polygon","coordinates":[[[69.45609853122227,23.960338251509154],[69.40609853122227,23.960338251509154],[69.40609853122227,24.010338251509155],[69.45609853122227,24.010338251509155],[69.45609853122227,23.960338251509154]]]}},{"type":"Feature","properties":{"GRID_CODE":"GJ-KU-LIT-002","STATE":"Gujarat","DISTRICT":"Kachchh","BLOCK":"Little Rann","n_lists":0,"n_birders":0,"n_species":0,"focal_lists":0},"geometry":{"type":"Polygon","coordinates":[[[71.20609853122227,23.660338251509154],[71.15609853122227,23.660338251509154],[71.15609853122227,23.710338251509154],[71.20609853122227,23.710338251509154],[71.20609853122227,23.660338251509154]]]}},{"type":"Feature","properties":{"GRID_CODE":"GJ-KU-RAN-463","STATE":"Gujarat","DISTRICT":"Kachchh","BLOCK":"Rann of Kachchh","n_lists":0,"n_birders":0,"n_species":0,"focal_lists":0},"geometry":{"type":"Polygon","coordinates":[[[69.10609853122227,23.810338251509156],[69.05609853122226,23.810338251509156],[69.05609853122226,23.860338251509157],[69.10609853122227,23.860338251509157],[69.10609853122227,23.810338251509156]]]}},{"type":"Feature","properties":{"GRID_CODE":"GJ-KU-RAP-026","STATE":"Gujarat","DISTRICT":"Kachchh","BLOCK":"Rapar","n_lists":0,"n_birders":0,"n_species":0,"focal_lists":0},"geometry":{"type":"Polygon","coordinates":[[[70.80609853122226,23.710338251509154],[70.75609853122227,23.710338251509154],[70.75609853122227,23.760338251509155],[70.80609853122226,23.760338251509155],[70.80609853122226,23.710338251509154]]]}},{"type":"Feature","properties":{"GRID_CODE":"GJ-KU-RAN-348","STATE":"Gujarat","DISTRICT":"Kachchh","BLOCK":"Rann of Kachchh","n_lists":0,"n_birders":0,"n_species":0,"focal_lists":0},"geometry":{"type":"Polygon","coordinates":[[[70.95609853122227,23.960338251509154],[70.90609853122227,23.960338251509154],[70.90609853122227,24.010338251509155],[70.95609853122227,24.010338251509155],[70.95609853122227,23.960338251509154]]]}},{"type":"Feature","properties":{"GRID_CODE":"GJ-KU-RAN-152","STATE":"Gujarat","DISTRICT":"Kachchh","BLOCK":"Rann of Kachchh","n_lists":0,"n_birders":0,"n_species":0,"focal_lists":0},"geometry":{"type":"Polygon","coordinates":[[[68.85609853122227,24.110338251509157],[68.80609853122226,24.110338251509157],[68.80609853122226,24.160338251509154],[68.85609853122227,24.160338251509154],[68.85609853122227,24.110338251509157]]]}},{"type":"Feature","properties":{"GRID_CODE":"GJ-KU-RAN-484","STATE":"Gujarat","DISTRICT":"Kachchh","BLOCK":"Rann of Kachchh","n_lists":0,"n_birders":0,"n_species":0,"focal_lists":0},"geometry":{"type":"Polygon","coordinates":[[[70.60609853122227,23.810338251509156],[70.55609853122226,23.810338251509156],[70.55609853122226,23.860338251509157],[70.60609853122227,23.860338251509157],[70.60609853122227,23.810338251509156]]]}},{"type":"Feature","properties":{"GRID_CODE":"GJ-KU-RAN-304","STATE":"Gujarat","DISTRICT":"Kachchh","BLOCK":"Rann of Kachchh","n_lists":0,"n_birders":0,"n_species":0,"focal_lists":0},"geometry":{"type":"Polygon","coordinates":[[[68.50609853122227,23.960338251509154],[68.45609853122227,23.960338251509154],[68.45609853122227,24.010338251509155],[68.50609853122227,24.010338251509155],[68.50609853122227,23.960338251509154]]]}},{"type":"Feature","properties":{"GRID_CODE":"GJ-KU-BHA-002","STATE":"Gujarat","DISTRICT":"Kachchh","BLOCK":"Bhachau","n_lists":1,"n_birders":1,"n_species":21,"focal_lists":1},"geometry":{"type":"Polygon","coordinates":[[[70.20609853122227,23.860338251509157],[70.15609853122227,23.860338251509157],[70.15609853122227,23.910338251509154],[70.20609853122227,23.910338251509154],[70.20609853122227,23.860338251509157]]]}},{"type":"Feature","properties":{"GRID_CODE":"GJ-KU-RAN-012","STATE":"Gujarat","DISTRICT":"Kachchh","BLOCK":"Rann of Kachchh","n_lists":0,"n_birders":0,"n_species":0,"focal_lists":0},"geometry":{"type":"Polygon","coordinates":[[[71.15609853122227,24.510338251509155],[71.10609853122227,24.510338251509155],[71.10609853122227,24.560338251509156],[71.15609853122227,24.560338251509156],[71.15609853122227,24.510338251509155]]]}},{"type":"Feature","properties":{"GRID_CODE":"GJ-KU-RAN-182","STATE":"Gujarat","DISTRICT":"Kachchh","BLOCK":"Rann of Kachchh","n_lists":0,"n_birders":0,"n_species":0,"focal_lists":0},"geometry":{"type":"Polygon","coordinates":[[[70.35609853122227,24.110338251509157],[70.30609853122226,24.110338251509157],[70.30609853122226,24.160338251509154],[70.35609853122227,24.160338251509154],[70.35609853122227,24.110338251509157]]]}},{"type":"Feature","properties":{"GRID_CODE":"GJ-KU-MAN-033","STATE":"Gujarat","DISTRICT":"Kachchh","BLOCK":"Mandvi","n_lists":0,"n_birders":0,"n_species":0,"focal_lists":0},"geometry":{"type":"Polygon","coordinates":[[[69.40609853122227,22.910338251509154],[69.35609853122227,22.910338251509154],[69.35609853122227,22.960338251509154],[69.40609853122227,22.960338251509154],[69.40609853122227,22.910338251509154]]]}},{"type":"Feature","properties":{"GRID_CODE":"GJ-KU-BHU-150","STATE":"Gujarat","DISTRICT":"Kachchh","BLOCK":"Bhuj","n_lists":6,"n_birders":1,"n_species":64,"focal_lists":5},"geometry":{"type":"Polygon","coordinates":[[[69.85609853122227,23.160338251509154],[69.80609853122226,23.160338251509154],[69.80609853122226,23.210338251509154],[69.85609853122227,23.210338251509154],[69.85609853122227,23.160338251509154]]]}},{"type":"Feature","properties":{"GRID_CODE":"GJ-KU-BHU-091","STATE":"Gujarat","DISTRICT":"Kachchh","BLOCK":"Bhuj","n_lists":1,"n_birders":1,"n_species":26,"focal_lists":1},"geometry":{"type":"Polygon","coordinates":[[[70.00609853122227,23.410338251509154],[69.95609853122227,23.410338251509154],[69.95609853122227,23.460338251509154],[70.00609853122227,23.460338251509154],[70.00609853122227,23.410338251509154]]]}},{"type":"Feature","properties":{"GRID_CODE":"GJ-KU-LIT-038","STATE":"Gujarat","DISTRICT":"Kachchh","BLOCK":"Little Rann","n_lists":0,"n_birders":0,"n_species":0,"focal_lists":0},"geometry":{"type":"Polygon","coordinates":[[[69.60609853122227,23.460338251509154],[69.55609853122226,23.460338251509154],[69.55609853122226,23.510338251509155],[69.60609853122227,23.510338251509155],[69.60609853122227,23.460338251509154]]]}},{"type":"Feature","properties":{"GRID_CODE":"GJ-KU-NAK-051","STATE":"Gujarat","DISTRICT":"Kachchh","BLOCK":"Nakhatrana","n_lists":4,"n_birders":1,"n_species":46,"focal_lists":3},"geometry":{"type":"Polygon","coordinates":[[[69.25609853122227,23.310338251509156],[69.20609853122227,23.310338251509156],[69.20609853122227,23.360338251509157],[69.25609853122227,23.360338251509157],[69.25609853122227,23.310338251509156]]]}},{"type":"Feature","properties":{"GRID_CODE":"GJ-KU-LIT-009","STATE":"Gujarat","DISTRICT":"Kachchh","BLOCK":"Little Rann","n_lists":0,"n_birders":0,"n_species":0,"focal_lists":0},"geometry":{"type":"Polygon","coordinates":[[[69.40609853122227,23.560338251509156],[69.35609853122227,23.560338251509156],[69.35609853122227,23.610338251509157],[69.40609853122227,23.610338251509157],[69.40609853122227,23.560338251509156]]]}},{"type":"Feature","properties":{"GRID_CODE":"GJ-KU-RAP-083","STATE":"Gujarat","DISTRICT":"Kachchh","BLOCK":"Rapar","n_lists":0,"n_birders":0,"n_species":0,"focal_lists":0},"geometry":{"type":"Polygon","coordinates":[[[71.10609853122227,23.460338251509154],[71.05609853122226,23.460338251509154],[71.05609853122226,23.510338251509155],[71.10609853122227,23.510338251509155],[71.10609853122227,23.460338251509154]]]}},{"type":"Feature","properties":{"GRID_CODE":"GJ-KU-LAK-040","STATE":"Gujarat","DISTRICT":"Kachchh","BLOCK":"Lakhpat","n_lists":2,"n_birders":1,"n_species":16,"focal_lists":1},"geometry":{"type":"Polygon","coordinates":[[[69.00609853122227,23.610338251509157],[68.95609853122227,23.610338251509157],[68.95609853122227,23.660338251509154],[69.00609853122227,23.660338251509154],[69.00609853122227,23.610338251509157]]]}},{"type":"Feature","properties":{"GRID_CODE":"GJ-KU-RAP-098","STATE":"Gujarat","DISTRICT":"Kachchh","BLOCK":"Rapar","n_lists":0,"n_birders":0,"n_species":0,"focal_lists":0},"geometry":{"type":"Polygon","coordinates":[[[70.75609853122227,23.310338251509156],[70.70609853122227,23.310338251509156],[70.70609853122227,23.360338251509157],[70.75609853122227,23.360338251509157],[70.75609853122227,23.310338251509156]]]}},{"type":"Feature","properties":{"GRID_CODE":"GJ-KU-LAK-066","STATE":"Gujarat","DISTRICT":"Kachchh","BLOCK":"Lakhpat","n_lists":0,"n_birders":0,"n_species":0,"focal_lists":0},"geometry":{"type":"Polygon","coordinates":[[[68.65609853122227,23.460338251509154],[68.60609853122227,23.460338251509154],[68.60609853122227,23.510338251509155],[68.65609853122227,23.510338251509155],[68.65609853122227,23.460338251509154]]]}},{"type":"Feature","properties":{"GRID_CODE":"GJ-KU-RAN-167","STATE":"Gujarat","DISTRICT":"Kachchh","BLOCK":"Rann of Kachchh","n_lists":1,"n_birders":1,"n_species":17,"focal_lists":1},"geometry":{"type":"Polygon","coordinates":[[[69.60609853122227,24.110338251509157],[69.55609853122226,24.110338251509157],[69.55609853122226,24.160338251509154],[69.60609853122227,24.160338251509154],[69.60609853122227,24.110338251509157]]]}},{"type":"Feature","properties":{"GRID_CODE":"GJ-KU-RAP-037","STATE":"Gujarat","DISTRICT":"Kachchh","BLOCK":"Rapar","n_lists":0,"n_birders":0,"n_species":0,"focal_lists":0},"geometry":{"type":"Polygon","coordinates":[[[70.50609853122227,23.610338251509157],[70.45609853122227,23.610338251509157],[70.45609853122227,23.660338251509154],[70.50609853122227,23.660338251509154],[70.50609853122227,23.610338251509157]]]}},{"type":"Feature","properties":{"GRID_CODE":"GJ-KU-RAN-491","STATE":"Gujarat","DISTRICT":"Kachchh","BLOCK":"Rann of Kachchh","n_lists":0,"n_birders":0,"n_species":0,"focal_lists":0},"geometry":{"type":"Polygon","coordinates":[[[68.40609853122227,23.760338251509155],[68.35609853122227,23.760338251509155],[68.35609853122227,23.810338251509156],[68.40609853122227,23.810338251509156],[68.40609853122227,23.760338251509155]]]}},{"type":"Feature","properties":{"GRID_CODE":"GJ-KU-RAN-594","STATE":"Gujarat","DISTRICT":"Kachchh","BLOCK":"Rann of Kachchh","n_lists":0,"n_birders":0,"n_species":0,"focal_lists":0},"geometry":{"type":"Polygon","coordinates":[[[70.15609853122227,23.460338251509154],[70.10609853122227,23.460338251509154],[70.10609853122227,23.510338251509155],[70.15609853122227,23.510338251509155],[70.15609853122227,23.460338251509154]]]}},{"type":"Feature","properties":{"GRID_CODE":"GJ-KU-RAN-197","STATE":"Gujarat","DISTRICT":"Kachchh","BLOCK":"Rann of Kachchh","n_lists":0,"n_birders":0,"n_species":0,"focal_lists":0},"geometry":{"type":"Polygon","coordinates":[[[71.10609853122227,24.110338251509157],[71.05609853122226,24.110338251509157],[71.05609853122226,24.160338251509154],[71.10609853122227,24.160338251509154],[71.10609853122227,24.110338251509157]]]}},{"type":"Feature","properties":{"GRID_CODE":"GJ-KU-RAN-044","STATE":"Gujarat","DISTRICT":"Kachchh","BLOCK":"Rann of Kachchh","n_lists":0,"n_birders":0,"n_species":0,"focal_lists":0},"geometry":{"type":"Polygon","coordinates":[[[71.05609853122226,24.310338251509156],[71.00609853122227,24.310338251509156],[71.00609853122227,24.360338251509157],[71.05609853122226,24.360338251509157],[71.05609853122226,24.310338251509156]]]}},{"type":"Feature","properties":{"GRID_CODE":"GJ-KU-BHU-023","STATE":"Gujarat","DISTRICT":"Kachchh","BLOCK":"Bhuj","n_lists":0,"n_birders":0,"n_species":0,"focal_lists":0},"geometry":{"type":"Polygon","coordinates":[[[69.90609853122227,23.760338251509155],[69.85609853122227,23.760338251509155],[69.85609853122227,23.810338251509156],[69.90609853122227,23.810338251509156],[69.90609853122227,23.760338251509155]]]}},{"type":"Feature","properties":{"GRID_CODE":"GJ-KU-BHU-060","STATE":"Gujarat","DISTRICT":"Kachchh","BLOCK":"Bhuj","n_lists":0,"n_birders":0,"n_species":0,"focal_lists":0},"geometry":{"type":"Polygon","coordinates":[[[69.55609853122226,23.610338251509157],[69.50609853122227,23.610338251509157],[69.50609853122227,23.660338251509154],[69.55609853122226,23.660338251509154],[69.55609853122226,23.610338251509157]]]}},{"type":"Feature","properties":{"GRID_CODE":"GJ-KU-RAN-061","STATE":"Gujarat","DISTRICT":"Kachchh","BLOCK":"Rann of Kachchh","n_lists":0,"n_birders":0,"n_species":0,"focal_lists":0},"geometry":{"type":"Polygon","coordinates":[[[70.50609853122227,24.260338251509155],[70.45609853122227,24.260338251509155],[70.45609853122227,24.310338251509156],[70.50609853122227,24.310338251509156],[70.50609853122227,24.260338251509155]]]}},{"type":"Feature","properties":{"GRID_CODE":"GJ-KU-RAN-495","STATE":"Gujarat","DISTRICT":"Kachchh","BLOCK":"Rann of Kachchh","n_lists":0,"n_birders":0,"n_species":0,"focal_lists":0},"geometry":{"type":"Polygon","coordinates":[[[68.95609853122227,23.760338251509155],[68.90609853122227,23.760338251509155],[68.90609853122227,23.810338251509156],[68.95609853122227,23.810338251509156],[68.95609853122227,23.760338251509155]]]}},{"type":"Feature","properties":{"GRID_CODE":"GJ-KU-LIT-158","STATE":"Gujarat","DISTRICT":"Kachchh","BLOCK":"Little Rann","n_lists":0,"n_birders":0,"n_species":0,"focal_lists":0},"geometry":{"type":"Polygon","coordinates":[[[70.65609853122227,23.110338251509157],[70.60609853122227,23.110338251509157],[70.60609853122227,23.160338251509154],[70.65609853122227,23.160338251509154],[70.65609853122227,23.110338251509157]]]}},{"type":"Feature","properties":{"GRID_CODE":"GJ-KU-LIT-181","STATE":"Gujarat","DISTRICT":"Kachchh","BLOCK":"Little Rann","n_lists":0,"n_birders":0,"n_species":0,"focal_lists":0},"geometry":{"type":"Polygon","coordinates":[[[70.30609853122226,22.960338251509154],[70.25609853122227,22.960338251509154],[70.25609853122227,23.010338251509155],[70.30609853122226,23.010338251509155],[70.30609853122226,22.960338251509154]]]}},{"type":"Feature","properties":{"GRID_CODE":"GJ-KU-ANJ-006","STATE":"Gujarat","DISTRICT":"Kachchh","BLOCK":"Anjar","n_lists":0,"n_birders":0,"n_species":0,"focal_lists":0},"geometry":{"type":"Polygon","coordinates":[[[70.05609853122226,23.260338251509155],[70.00609853122227,23.260338251509155],[70.00609853122227,23.310338251509156],[70.05609853122226,23.310338251509156],[70.05609853122226,23.260338251509155]]]}},{"type":"Feature","properties":{"GRID_CODE":"GJ-KU-BHU-156","STATE":"Gujarat","DISTRICT":"Kachchh","BLOCK":"Bhuj","n_lists":0,"n_birders":0,"n_species":0,"focal_lists":0},"geometry":{"type":"Polygon","coordinates":[[[69.70609853122227,23.110338251509157],[69.65609853122227,23.110338251509157],[69.65609853122227,23.160338251509154],[69.70609853122227,23.160338251509154],[69.70609853122227,23.110338251509157]]]}},{"type":"Feature","properties":{"GRID_CODE":"GJ-KU-RAP-015","STATE":"Gujarat","DISTRICT":"Kachchh","BLOCK":"Rapar","n_lists":0,"n_birders":0,"n_species":0,"focal_lists":0},"geometry":{"type":"Polygon","coordinates":[[[70.65609853122227,23.760338251509155],[70.60609853122227,23.760338251509155],[70.60609853122227,23.810338251509156],[70.65609853122227,23.810338251509156],[70.65609853122227,23.760338251509155]]]}},{"type":"Feature","properties":{"GRID_CODE":"GJ-KU-RAN-359","STATE":"Gujarat","DISTRICT":"Kachchh","BLOCK":"Rann of Kachchh","n_lists":0,"n_birders":0,"n_species":0,"focal_lists":0},"geometry":{"type":"Polygon","coordinates":[[[68.55609853122226,23.910338251509154],[68.50609853122227,23.910338251509154],[68.50609853122227,23.960338251509154],[68.55609853122226,23.960338251509154],[68.55609853122226,23.910338251509154]]]}},{"type":"Feature","properties":{"GRID_CODE":"GJ-KU-MAN-022","STATE":"Gujarat","DISTRICT":"Kachchh","BLOCK":"Mandvi","n_lists":0,"n_birders":0,"n_species":0,"focal_lists":0},"geometry":{"type":"Polygon","coordinates":[[[69.35609853122227,22.960338251509154],[69.30609853122226,22.960338251509154],[69.30609853122226,23.010338251509155],[69.35609853122227,23.010338251509155],[69.35609853122227,22.960338251509154]]]}},{"type":"Feature","properties":{"GRID_CODE":"GJ-KU-LIT-107","STATE":"Gujarat","DISTRICT":"Kachchh","BLOCK":"Little Rann","n_lists":0,"n_birders":0,"n_species":0,"focal_lists":0},"geometry":{"type":"Polygon","coordinates":[[[71.55609853122226,23.260338251509155],[71.50609853122227,23.260338251509155],[71.50609853122227,23.310338251509156],[71.55609853122226,23.310338251509156],[71.55609853122226,23.260338251509155]]]}},{"type":"Feature","properties":{"GRID_CODE":"GJ-KU-NAK-037","STATE":"Gujarat","DISTRICT":"Kachchh","BLOCK":"Nakhatrana","n_lists":0,"n_birders":0,"n_species":0,"focal_lists":0},"geometry":{"type":"Polygon","coordinates":[[[69.45609853122227,23.410338251509154],[69.40609853122227,23.410338251509154],[69.40609853122227,23.460338251509154],[69.45609853122227,23.460338251509154],[69.45609853122227,23.410338251509154]]]}},{"type":"Feature","properties":{"GRID_CODE":"GJ-KU-ABD-041","STATE":"Gujarat","DISTRICT":"Kachchh","BLOCK":"Abdasa","n_lists":2,"n_birders":1,"n_species":34,"focal_lists":2},"geometry":{"type":"Polygon","coordinates":[[[69.10609853122227,23.260338251509155],[69.05609853122226,23.260338251509155],[69.05609853122226,23.310338251509156],[69.10609853122227,23.310338251509156],[69.10609853122227,23.260338251509155]]]}},{"type":"Feature","properties":{"GRID_CODE":"GJ-KU-RAN-386","STATE":"Gujarat","DISTRICT":"Kachchh","BLOCK":"Rann of Kachchh","n_lists":0,"n_birders":0,"n_species":0,"focal_lists":0},"geometry":{"type":"Polygon","coordinates":[[[70.05609853122226,23.910338251509154],[70.00609853122227,23.910338251509154],[70.00609853122227,23.960338251509154],[70.05609853122226,23.960338251509154],[70.05609853122226,23.910338251509154]]]}},{"type":"Feature","properties":{"GRID_CODE":"GJ-KU-LIT-135","STATE":"Gujarat","DISTRICT":"Kachchh","BLOCK":"Little Rann","n_lists":0,"n_birders":0,"n_species":0,"focal_lists":0},"geometry":{"type":"Polygon","coordinates":[[[70.80609853122226,23.160338251509154],[70.75609853122227,23.160338251509154],[70.75609853122227,23.210338251509154],[70.80609853122226,23.210338251509154],[70.80609853122226,23.160338251509154]]]}},{"type":"Feature","properties":{"GRID_CODE":"GJ-KU-RAP-090","STATE":"Gujarat","DISTRICT":"Kachchh","BLOCK":"Rapar","n_lists":0,"n_birders":0,"n_species":0,"focal_lists":0},"geometry":{"type":"Polygon","coordinates":[[[70.95609853122227,23.410338251509154],[70.90609853122227,23.410338251509154],[70.90609853122227,23.460338251509154],[70.95609853122227,23.460338251509154],[70.95609853122227,23.410338251509154]]]}},{"type":"Feature","properties":{"GRID_CODE":"GJ-KU-BHA-058","STATE":"Gujarat","DISTRICT":"Kachchh","BLOCK":"Bhachau","n_lists":3,"n_birders":1,"n_species":50,"focal_lists":2},"geometry":{"type":"Polygon","coordinates":[[[70.60609853122227,23.260338251509155],[70.55609853122226,23.260338251509155],[70.55609853122226,23.310338251509156],[70.60609853122227,23.310338251509156],[70.60609853122227,23.260338251509155]]]}},{"type":"Feature","properties":{"GRID_CODE":"GJ-KU-LAK-073","STATE":"Gujarat","DISTRICT":"Kachchh","BLOCK":"Lakhpat","n_lists":0,"n_birders":0,"n_species":0,"focal_lists":0},"geometry":{"type":"Polygon","coordinates":[[[68.50609853122227,23.410338251509154],[68.45609853122227,23.410338251509154],[68.45609853122227,23.460338251509154],[68.50609853122227,23.460338251509154],[68.50609853122227,23.410338251509154]]]}},{"type":"Feature","properties":{"GRID_CODE":"GJ-KU-RAN-214","STATE":"Gujarat","DISTRICT":"Kachchh","BLOCK":"Rann of Kachchh","n_lists":0,"n_birders":0,"n_species":0,"focal_lists":0},"geometry":{"type":"Polygon","coordinates":[[[69.45609853122227,24.060338251509156],[69.40609853122227,24.060338251509156],[69.40609853122227,24.110338251509157],[69.45609853122227,24.110338251509157],[69.45609853122227,24.060338251509156]]]}},{"type":"Feature","properties":{"GRID_CODE":"GJ-KU-RAN-370","STATE":"Gujarat","DISTRICT":"Kachchh","BLOCK":"Rann of Kachchh","n_lists":0,"n_birders":0,"n_species":0,"focal_lists":0},"geometry":{"type":"Polygon","coordinates":[[[69.10609853122227,23.910338251509154],[69.05609853122226,23.910338251509154],[69.05609853122226,23.960338251509154],[69.10609853122227,23.960338251509154],[69.10609853122227,23.910338251509154]]]}},{"type":"Feature","properties":{"GRID_CODE":"GJ-KU-RAN-352","STATE":"Gujarat","DISTRICT":"Kachchh","BLOCK":"Rann of Kachchh","n_lists":0,"n_birders":0,"n_species":0,"focal_lists":0},"geometry":{"type":"Polygon","coordinates":[[[71.15609853122227,23.960338251509154],[71.10609853122227,23.960338251509154],[71.10609853122227,24.010338251509155],[71.15609853122227,24.010338251509155],[71.15609853122227,23.960338251509154]]]}},{"type":"Feature","properties":{"GRID_CODE":"GJ-KU-RAN-105","STATE":"Gujarat","DISTRICT":"Kachchh","BLOCK":"Rann of Kachchh","n_lists":0,"n_birders":0,"n_species":0,"focal_lists":0},"geometry":{"type":"Polygon","coordinates":[[[71.30609853122226,24.210338251509154],[71.25609853122227,24.210338251509154],[71.25609853122227,24.260338251509155],[71.30609853122226,24.260338251509155],[71.30609853122226,24.210338251509154]]]}},{"type":"Feature","properties":{"GRID_CODE":"GJ-KU-RAP-012","STATE":"Gujarat","DISTRICT":"Kachchh","BLOCK":"Rapar","n_lists":0,"n_birders":0,"n_species":0,"focal_lists":0},"geometry":{"type":"Polygon","coordinates":[[[70.80609853122226,23.810338251509156],[70.75609853122227,23.810338251509156],[70.75609853122227,23.860338251509157],[70.80609853122226,23.860338251509157],[70.80609853122226,23.810338251509156]]]}},{"type":"Feature","properties":{"GRID_CODE":"GJ-KU-RAN-244","STATE":"Gujarat","DISTRICT":"Kachchh","BLOCK":"Rann of Kachchh","n_lists":0,"n_birders":0,"n_species":0,"focal_lists":0},"geometry":{"type":"Polygon","coordinates":[[[70.95609853122227,24.060338251509156],[70.90609853122227,24.060338251509156],[70.90609853122227,24.110338251509157],[70.95609853122227,24.110338251509157],[70.95609853122227,24.060338251509156]]]}},{"type":"Feature","properties":{"GRID_CODE":"GJ-KU-RAN-073","STATE":"Gujarat","DISTRICT":"Kachchh","BLOCK":"Rann of Kachchh","n_lists":0,"n_birders":0,"n_species":0,"focal_lists":0},"geometry":{"type":"Polygon","coordinates":[[[68.85609853122227,24.210338251509154],[68.80609853122226,24.210338251509154],[68.80609853122226,24.260338251509155],[68.85609853122227,24.260338251509155],[68.85609853122227,24.210338251509154]]]}},{"type":"Feature","properties":{"GRID_CODE":"GJ-KU-RAP-001","STATE":"Gujarat","DISTRICT":"Kachchh","BLOCK":"Rapar","n_lists":0,"n_birders":0,"n_species":0,"focal_lists":0},"geometry":{"type":"Polygon","coordinates":[[[70.60609853122227,23.910338251509154],[70.55609853122226,23.910338251509154],[70.55609853122226,23.960338251509154],[70.60609853122227,23.960338251509154],[70.60609853122227,23.910338251509154]]]}},{"type":"Feature","properties":{"GRID_CODE":"GJ-KU-RAN-186","STATE":"Gujarat","DISTRICT":"Kachchh","BLOCK":"Rann of Kachchh","n_lists":0,"n_birders":0,"n_species":0,"focal_lists":0},"geometry":{"type":"Polygon","coordinates":[[[70.55609853122226,24.110338251509157],[70.50609853122227,24.110338251509157],[70.50609853122227,24.160338251509154],[70.55609853122226,24.160338251509154],[70.55609853122226,24.110338251509157]]]}},{"type":"Feature","properties":{"GRID_CODE":"GJ-KU-RAN-333","STATE":"Gujarat","DISTRICT":"Kachchh","BLOCK":"Rann of Kachchh","n_lists":0,"n_birders":0,"n_species":0,"focal_lists":0},"geometry":{"type":"Polygon","coordinates":[[[70.20609853122227,23.960338251509154],[70.15609853122227,23.960338251509154],[70.15609853122227,24.010338251509155],[70.20609853122227,24.010338251509155],[70.20609853122227,23.960338251509154]]]}},{"type":"Feature","properties":{"GRID_CODE":"GJ-KU-RAN-002","STATE":"Gujarat","DISTRICT":"Kachchh","BLOCK":"Rann of Kachchh","n_lists":0,"n_birders":0,"n_species":0,"focal_lists":0},"geometry":{"type":"Polygon","coordinates":[[[71.15609853122227,24.610338251509157],[71.10609853122227,24.610338251509157],[71.10609853122227,24.660338251509154],[71.15609853122227,24.660338251509154],[71.15609853122227,24.610338251509157]]]}},{"type":"Feature","properties":{"GRID_CODE":"GJ-KU-RAN-092","STATE":"Gujarat","DISTRICT":"Kachchh","BLOCK":"Rann of Kachchh","n_lists":0,"n_birders":0,"n_species":0,"focal_lists":0},"geometry":{"type":"Polygon","coordinates":[[[70.35609853122227,24.210338251509154],[70.30609853122226,24.210338251509154],[70.30609853122226,24.260338251509155],[70.35609853122227,24.260338251509155],[70.35609853122227,24.210338251509154]]]}},{"type":"Feature","properties":{"GRID_CODE":"GJ-KU-COA-007","STATE":"Gujarat","DISTRICT":"Kachchh","BLOCK":"Coastal Area","n_lists":0,"n_birders":0,"n_species":0,"focal_lists":0},"geometry":{"type":"Polygon","coordinates":[[[70.00609853122227,22.860338251509157],[69.95609853122227,22.860338251509157],[69.95609853122227,22.910338251509154],[70.00609853122227,22.910338251509154],[70.00609853122227,22.860338251509157]]]}},{"type":"Feature","properties":{"GRID_CODE":"GJ-KU-MUN-009","STATE":"Gujarat","DISTRICT":"Kachchh","BLOCK":"Mundra","n_lists":1,"n_birders":1,"n_species":47,"focal_lists":1},"geometry":{"type":"Polygon","coordinates":[[[69.60609853122227,22.910338251509154],[69.55609853122226,22.910338251509154],[69.55609853122226,22.960338251509154],[69.60609853122227,22.960338251509154],[69.60609853122227,22.910338251509154]]]}},{"type":"Feature","properties":{"GRID_CODE":"GJ-KU-MAN-014","STATE":"Gujarat","DISTRICT":"Kachchh","BLOCK":"Mandvi","n_lists":0,"n_birders":0,"n_species":0,"focal_lists":0},"geometry":{"type":"Polygon","coordinates":[[[69.40609853122227,23.010338251509155],[69.35609853122227,23.010338251509155],[69.35609853122227,23.060338251509156],[69.40609853122227,23.060338251509156],[69.40609853122227,23.010338251509155]]]}},{"type":"Feature","properties":{"GRID_CODE":"GJ-KU-LIT-013","STATE":"Gujarat","DISTRICT":"Kachchh","BLOCK":"Little Rann","n_lists":0,"n_birders":0,"n_species":0,"focal_lists":0},"geometry":{"type":"Polygon","coordinates":[[[69.60609853122227,23.560338251509156],[69.55609853122226,23.560338251509156],[69.55609853122226,23.610338251509157],[69.60609853122227,23.610338251509157],[69.60609853122227,23.560338251509156]]]}},{"type":"Feature","properties":{"GRID_CODE":"GJ-KU-NAK-033","STATE":"Gujarat","DISTRICT":"Kachchh","BLOCK":"Nakhatrana","n_lists":0,"n_birders":0,"n_species":0,"focal_lists":0},"geometry":{"type":"Polygon","coordinates":[[[69.25609853122227,23.410338251509154],[69.20609853122227,23.410338251509154],[69.20609853122227,23.460338251509154],[69.25609853122227,23.460338251509154],[69.25609853122227,23.410338251509154]]]}},{"type":"Feature","properties":{"GRID_CODE":"GJ-KU-BHU-043","STATE":"Gujarat","DISTRICT":"Kachchh","BLOCK":"Bhuj","n_lists":0,"n_birders":0,"n_species":0,"focal_lists":0},"geometry":{"type":"Polygon","coordinates":[[[69.40609853122227,23.660338251509154],[69.35609853122227,23.660338251509154],[69.35609853122227,23.710338251509154],[69.40609853122227,23.710338251509154],[69.40609853122227,23.660338251509154]]]}},{"type":"Feature","properties":{"GRID_CODE":"GJ-KU-COA-005","STATE":"Gujarat","DISTRICT":"Kachchh","BLOCK":"Coastal Area","n_lists":0,"n_birders":0,"n_species":0,"focal_lists":0},"geometry":{"type":"Polygon","coordinates":[[[70.15609853122227,22.910338251509154],[70.10609853122227,22.910338251509154],[70.10609853122227,22.960338251509154],[70.15609853122227,22.960338251509154],[70.15609853122227,22.910338251509154]]]}},{"type":"Feature","properties":{"GRID_CODE":"GJ-KU-LIT-015","STATE":"Gujarat","DISTRICT":"Kachchh","BLOCK":"Little Rann","n_lists":1,"n_birders":1,"n_species":68,"focal_lists":1},"geometry":{"type":"Polygon","coordinates":[[[71.10609853122227,23.560338251509156],[71.05609853122226,23.560338251509156],[71.05609853122226,23.610338251509157],[71.10609853122227,23.610338251509157],[71.10609853122227,23.560338251509156]]]}},{"type":"Feature","properties":{"GRID_CODE":"GJ-KU-LAK-016","STATE":"Gujarat","DISTRICT":"Kachchh","BLOCK":"Lakhpat","n_lists":0,"n_birders":0,"n_species":0,"focal_lists":0},"geometry":{"type":"Polygon","coordinates":[[[69.00609853122227,23.710338251509154],[68.95609853122227,23.710338251509154],[68.95609853122227,23.760338251509155],[69.00609853122227,23.760338251509155],[69.00609853122227,23.710338251509154]]]}},{"type":"Feature","properties":{"GRID_CODE":"GJ-KU-RAP-086","STATE":"Gujarat","DISTRICT":"Kachchh","BLOCK":"Rapar","n_lists":0,"n_birders":0,"n_species":0,"focal_lists":0},"geometry":{"type":"Polygon","coordinates":[[[70.75609853122227,23.410338251509154],[70.70609853122227,23.410338251509154],[70.70609853122227,23.460338251509154],[70.75609853122227,23.460338251509154],[70.75609853122227,23.410338251509154]]]}},{"type":"Feature","properties":{"GRID_CODE":"GJ-KU-LAK-047","STATE":"Gujarat","DISTRICT":"Kachchh","BLOCK":"Lakhpat","n_lists":0,"n_birders":0,"n_species":0,"focal_lists":0},"geometry":{"type":"Polygon","coordinates":[[[68.65609853122227,23.560338251509156],[68.60609853122227,23.560338251509156],[68.60609853122227,23.610338251509157],[68.65609853122227,23.610338251509157],[68.65609853122227,23.560338251509156]]]}},{"type":"Feature","properties":{"GRID_CODE":"GJ-KU-RAP-008","STATE":"Gujarat","DISTRICT":"Kachchh","BLOCK":"Rapar","n_lists":1,"n_birders":1,"n_species":34,"focal_lists":1},"geometry":{"type":"Polygon","coordinates":[[[70.85609853122227,23.860338251509157],[70.80609853122226,23.860338251509157],[70.80609853122226,23.910338251509154],[70.85609853122227,23.910338251509154],[70.85609853122227,23.860338251509157]]]}},{"type":"Feature","properties":{"GRID_CODE":"GJ-KU-BHU-161","STATE":"Gujarat","DISTRICT":"Kachchh","BLOCK":"Bhuj","n_lists":3,"n_birders":1,"n_species":34,"focal_lists":1},"geometry":{"type":"Polygon","coordinates":[[[69.55609853122226,23.060338251509156],[69.50609853122227,23.060338251509156],[69.50609853122227,23.110338251509157],[69.55609853122226,23.110338251509157],[69.55609853122226,23.060338251509156]]]}},{"type":"Feature","properties":{"GRID_CODE":"GJ-KU-RAP-020","STATE":"Gujarat","DISTRICT":"Kachchh","BLOCK":"Rapar","n_lists":0,"n_birders":0,"n_species":0,"focal_lists":0},"geometry":{"type":"Polygon","coordinates":[[[70.50609853122227,23.710338251509154],[70.45609853122227,23.710338251509154],[70.45609853122227,23.760338251509155],[70.50609853122227,23.760338251509155],[70.50609853122227,23.710338251509154]]]}},{"type":"Feature","properties":{"GRID_CODE":"GJ-KU-RAN-411","STATE":"Gujarat","DISTRICT":"Kachchh","BLOCK":"Rann of Kachchh","n_lists":0,"n_birders":0,"n_species":0,"focal_lists":0},"geometry":{"type":"Polygon","coordinates":[[[68.40609853122227,23.860338251509157],[68.35609853122227,23.860338251509157],[68.35609853122227,23.910338251509154],[68.40609853122227,23.910338251509154],[68.40609853122227,23.860338251509157]]]}},{"type":"Feature","properties":{"GRID_CODE":"GJ-KU-RAN-412","STATE":"Gujarat","DISTRICT":"Kachchh","BLOCK":"Rann of Kachchh","n_lists":0,"n_birders":0,"n_species":0,"focal_lists":0},"geometry":{"type":"Polygon","coordinates":[[[68.45609853122227,23.860338251509157],[68.40609853122227,23.860338251509157],[68.40609853122227,23.910338251509154],[68.45609853122227,23.910338251509154],[68.45609853122227,23.860338251509157]]]}},{"type":"Feature","properties":{"GRID_CODE":"GJ-KU-RAN-581","STATE":"Gujarat","DISTRICT":"Kachchh","BLOCK":"Rann of Kachchh","n_lists":0,"n_birders":0,"n_species":0,"focal_lists":0},"geometry":{"type":"Polygon","coordinates":[[[70.15609853122227,23.560338251509156],[70.10609853122227,23.560338251509156],[70.10609853122227,23.610338251509157],[70.15609853122227,23.610338251509157],[70.15609853122227,23.560338251509156]]]}},{"type":"Feature","properties":{"GRID_CODE":"GJ-KU-RAN-022","STATE":"Gujarat","DISTRICT":"Kachchh","BLOCK":"Rann of Kachchh","n_lists":0,"n_birders":0,"n_species":0,"focal_lists":0},"geometry":{"type":"Polygon","coordinates":[[[71.05609853122226,24.410338251509154],[71.00609853122227,24.410338251509154],[71.00609853122227,24.460338251509154],[71.05609853122226,24.460338251509154],[71.05609853122226,24.410338251509154]]]}},{"type":"Feature","properties":{"GRID_CODE":"GJ-KU-BHU-008","STATE":"Gujarat","DISTRICT":"Kachchh","BLOCK":"Bhuj","n_lists":0,"n_birders":0,"n_species":0,"focal_lists":0},"geometry":{"type":"Polygon","coordinates":[[[69.90609853122227,23.860338251509157],[69.85609853122227,23.860338251509157],[69.85609853122227,23.910338251509154],[69.90609853122227,23.910338251509154],[69.90609853122227,23.860338251509157]]]}},{"type":"Feature","properties":{"GRID_CODE":"GJ-KU-BHU-031","STATE":"Gujarat","DISTRICT":"Kachchh","BLOCK":"Bhuj","n_lists":0,"n_birders":0,"n_species":0,"focal_lists":0},"geometry":{"type":"Polygon","coordinates":[[[69.55609853122226,23.710338251509154],[69.50609853122227,23.710338251509154],[69.50609853122227,23.760338251509155],[69.55609853122226,23.760338251509155],[69.55609853122226,23.710338251509154]]]}},{"type":"Feature","properties":{"GRID_CODE":"GJ-KU-RAN-029","STATE":"Gujarat","DISTRICT":"Kachchh","BLOCK":"Rann of Kachchh","n_lists":0,"n_birders":0,"n_species":0,"focal_lists":0},"geometry":{"type":"Polygon","coordinates":[[[70.50609853122227,24.360338251509157],[70.45609853122227,24.360338251509157],[70.45609853122227,24.410338251509154],[70.50609853122227,24.410338251509154],[70.50609853122227,24.360338251509157]]]}},{"type":"Feature","properties":{"GRID_CODE":"GJ-KU-RAN-499","STATE":"Gujarat","DISTRICT":"Kachchh","BLOCK":"Rann of Kachchh","n_lists":0,"n_birders":0,"n_species":0,"focal_lists":0},"geometry":{"type":"Polygon","coordinates":[[[69.15609853122227,23.760338251509155],[69.10609853122227,23.760338251509155],[69.10609853122227,23.810338251509156],[69.15609853122227,23.810338251509156],[69.15609853122227,23.760338251509155]]]}},{"type":"Feature","properties":{"GRID_CODE":"GJ-KU-RAN-262","STATE":"Gujarat","DISTRICT":"Kachchh","BLOCK":"Rann of Kachchh","n_lists":0,"n_birders":0,"n_species":0,"focal_lists":0},"geometry":{"type":"Polygon","coordinates":[[[69.30609853122226,24.010338251509155],[69.25609853122227,24.010338251509155],[69.25609853122227,24.060338251509156],[69.30609853122226,24.060338251509156],[69.30609853122226,24.010338251509155]]]}},{"type":"Feature","properties":{"GRID_CODE":"GJ-KU-RAN-422","STATE":"Gujarat","DISTRICT":"Kachchh","BLOCK":"Rann of Kachchh","n_lists":0,"n_birders":0,"n_species":0,"focal_lists":0},"geometry":{"type":"Polygon","coordinates":[[[68.95609853122227,23.860338251509157],[68.90609853122227,23.860338251509157],[68.90609853122227,23.910338251509154],[68.95609853122227,23.910338251509154],[68.95609853122227,23.860338251509157]]]}},{"type":"Feature","properties":{"GRID_CODE":"GJ-KU-ABD-078","STATE":"Gujarat","DISTRICT":"Kachchh","BLOCK":"Abdasa","n_lists":3,"n_birders":1,"n_species":49,"focal_lists":0},"geometry":{"type":"Polygon","coordinates":[[[68.80609853122226,23.060338251509156],[68.75609853122227,23.060338251509156],[68.75609853122227,23.110338251509157],[68.80609853122226,23.110338251509157],[68.80609853122226,23.060338251509156]]]}},{"type":"Feature","properties":{"GRID_CODE":"GJ-KU-BHA-070","STATE":"Gujarat","DISTRICT":"Kachchh","BLOCK":"Bhachau","n_lists":0,"n_birders":0,"n_species":0,"focal_lists":0},"geometry":{"type":"Polygon","coordinates":[[[70.65609853122227,23.210338251509154],[70.60609853122227,23.210338251509154],[70.60609853122227,23.260338251509155],[70.65609853122227,23.260338251509155],[70.65609853122227,23.210338251509154]]]}},{"type":"Feature","properties":{"GRID_CODE":"GJ-KU-LIT-164","STATE":"Gujarat","DISTRICT":"Kachchh","BLOCK":"Little Rann","n_lists":0,"n_birders":0,"n_species":0,"focal_lists":0},"geometry":{"type":"Polygon","coordinates":[[[70.30609853122226,23.060338251509156],[70.25609853122227,23.060338251509156],[70.25609853122227,23.110338251509157],[70.30609853122226,23.110338251509157],[70.30609853122226,23.060338251509156]]]}},{"type":"Feature","properties":{"GRID_CODE":"GJ-KU-BHU-105","STATE":"Gujarat","DISTRICT":"Kachchh","BLOCK":"Bhuj","n_lists":0,"n_birders":0,"n_species":0,"focal_lists":0},"geometry":{"type":"Polygon","coordinates":[[[70.05609853122226,23.360338251509157],[70.00609853122227,23.360338251509157],[70.00609853122227,23.410338251509154],[70.05609853122226,23.410338251509154],[70.05609853122226,23.360338251509157]]]}},{"type":"Feature","properties":{"GRID_CODE":"GJ-KU-BHU-135","STATE":"Gujarat","DISTRICT":"Kachchh","BLOCK":"Bhuj","n_lists":0,"n_birders":0,"n_species":0,"focal_lists":0},"geometry":{"type":"Polygon","coordinates":[[[69.70609853122227,23.210338251509154],[69.65609853122227,23.210338251509154],[69.65609853122227,23.260338251509155],[69.70609853122227,23.260338251509155],[69.70609853122227,23.210338251509154]]]}},{"type":"Feature","properties":{"GRID_CODE":"GJ-KU-LIT-074","STATE":"Gujarat","DISTRICT":"Kachchh","BLOCK":"Little Rann","n_lists":0,"n_birders":0,"n_species":0,"focal_lists":0},"geometry":{"type":"Polygon","coordinates":[[[71.55609853122226,23.360338251509157],[71.50609853122227,23.360338251509157],[71.50609853122227,23.410338251509154],[71.55609853122226,23.410338251509154],[71.55609853122226,23.360338251509157]]]}},{"type":"Feature","properties":{"GRID_CODE":"GJ-KU-LIT-024","STATE":"Gujarat","DISTRICT":"Kachchh","BLOCK":"Little Rann","n_lists":0,"n_birders":0,"n_species":0,"focal_lists":0},"geometry":{"type":"Polygon","coordinates":[[[69.45609853122227,23.510338251509155],[69.40609853122227,23.510338251509155],[69.40609853122227,23.560338251509156],[69.45609853122227,23.560338251509156],[69.45609853122227,23.510338251509155]]]}},{"type":"Feature","properties":{"GRID_CODE":"GJ-KU-LIT-119","STATE":"Gujarat","DISTRICT":"Kachchh","BLOCK":"Little Rann","n_lists":0,"n_birders":0,"n_species":0,"focal_lists":0},"geometry":{"type":"Polygon","coordinates":[[[71.20609853122227,23.210338251509154],[71.15609853122227,23.210338251509154],[71.15609853122227,23.260338251509155],[71.20609853122227,23.260338251509155],[71.20609853122227,23.210338251509154]]]}},{"type":"Feature","properties":{"GRID_CODE":"GJ-KU-NAK-041","STATE":"Gujarat","DISTRICT":"Kachchh","BLOCK":"Nakhatrana","n_lists":2,"n_birders":1,"n_species":23,"focal_lists":0},"geometry":{"type":"Polygon","coordinates":[[[69.10609853122227,23.360338251509157],[69.05609853122226,23.360338251509157],[69.05609853122226,23.410338251509154],[69.10609853122227,23.410338251509154],[69.10609853122227,23.360338251509157]]]}},{"type":"Feature","properties":{"GRID_CODE":"GJ-KU-RAN-277","STATE":"Gujarat","DISTRICT":"Kachchh","BLOCK":"Rann of Kachchh","n_lists":0,"n_birders":0,"n_species":0,"focal_lists":0},"geometry":{"type":"Polygon","coordinates":[[[70.05609853122226,24.010338251509155],[70.00609853122227,24.010338251509155],[70.00609853122227,24.060338251509156],[70.05609853122226,24.060338251509156],[70.05609853122226,24.010338251509155]]]}},{"type":"Feature","properties":{"GRID_CODE":"GJ-KU-RAP-100","STATE":"Gujarat","DISTRICT":"Kachchh","BLOCK":"Rapar","n_lists":1,"n_birders":1,"n_species":12,"focal_lists":1},"geometry":{"type":"Polygon","coordinates":[[[70.80609853122226,23.260338251509155],[70.75609853122227,23.260338251509155],[70.75609853122227,23.310338251509156],[70.80609853122226,23.310338251509156],[70.80609853122226,23.260338251509155]]]}},{"type":"Feature","properties":{"GRID_CODE":"GJ-KU-RAP-069","STATE":"Gujarat","DISTRICT":"Kachchh","BLOCK":"Rapar","n_lists":2,"n_birders":1,"n_species":54,"focal_lists":2},"geometry":{"type":"Polygon","coordinates":[[[70.95609853122227,23.510338251509155],[70.90609853122227,23.510338251509155],[70.90609853122227,23.560338251509156],[70.95609853122227,23.560338251509156],[70.95609853122227,23.510338251509155]]]}},{"type":"Feature","properties":{"GRID_CODE":"GJ-KU-LAK-023","STATE":"Gujarat","DISTRICT":"Kachchh","BLOCK":"Lakhpat","n_lists":0,"n_birders":0,"n_species":0,"focal_lists":0},"geometry":{"type":"Polygon","coordinates":[[[68.85609853122227,23.660338251509154],[68.80609853122226,23.660338251509154],[68.80609853122226,23.710338251509154],[68.85609853122227,23.710338251509154],[68.85609853122227,23.660338251509154]]]}},{"type":"Feature","properties":{"GRID_CODE":"GJ-KU-BHA-038","STATE":"Gujarat","DISTRICT":"Kachchh","BLOCK":"Bhachau","n_lists":0,"n_birders":0,"n_species":0,"focal_lists":0},"geometry":{"type":"Polygon","coordinates":[[[70.60609853122227,23.360338251509157],[70.55609853122226,23.360338251509157],[70.55609853122226,23.410338251509154],[70.60609853122227,23.410338251509154],[70.60609853122227,23.360338251509157]]]}},{"type":"Feature","properties":{"GRID_CODE":"GJ-KU-LAK-054","STATE":"Gujarat","DISTRICT":"Kachchh","BLOCK":"Lakhpat","n_lists":0,"n_birders":0,"n_species":0,"focal_lists":0},"geometry":{"type":"Polygon","coordinates":[[[68.50609853122227,23.510338251509155],[68.45609853122227,23.510338251509155],[68.45609853122227,23.560338251509156],[68.50609853122227,23.560338251509156],[68.50609853122227,23.510338251509155]]]}},{"type":"Feature","properties":{"GRID_CODE":"GJ-KU-RAN-119","STATE":"Gujarat","DISTRICT":"Kachchh","BLOCK":"Rann of Kachchh","n_lists":0,"n_birders":0,"n_species":0,"focal_lists":0},"geometry":{"type":"Polygon","coordinates":[[[69.45609853122227,24.160338251509154],[69.40609853122227,24.160338251509154],[69.40609853122227,24.210338251509154],[69.45609853122227,24.210338251509154],[69.45609853122227,24.160338251509154]]]}},{"type":"Feature","properties":{"GRID_CODE":"GJ-KU-RAN-597","STATE":"Gujarat","DISTRICT":"Kachchh","BLOCK":"Rann of Kachchh","n_lists":0,"n_birders":0,"n_species":0,"focal_lists":0},"geometry":{"type":"Polygon","coordinates":[[[70.20609853122227,23.410338251509154],[70.15609853122227,23.410338251509154],[70.15609853122227,23.460338251509154],[70.20609853122227,23.460338251509154],[70.20609853122227,23.410338251509154]]]}},{"type":"Feature","properties":{"GRID_CODE":"GJ-KU-RAN-248","STATE":"Gujarat","DISTRICT":"Kachchh","BLOCK":"Rann of Kachchh","n_lists":0,"n_birders":0,"n_species":0,"focal_lists":0},"geometry":{"type":"Polygon","coordinates":[[[71.15609853122227,24.060338251509156],[71.10609853122227,24.060338251509156],[71.10609853122227,24.110338251509157],[71.15609853122227,24.110338251509157],[71.15609853122227,24.060338251509156]]]}},{"type":"Feature","properties":{"GRID_CODE":"GJ-KU-RAN-557","STATE":"Gujarat","DISTRICT":"Kachchh","BLOCK":"Rann of Kachchh","n_lists":0,"n_birders":0,"n_species":0,"focal_lists":0},"geometry":{"type":"Polygon","coordinates":[[[70.35609853122227,23.660338251509154],[70.30609853122226,23.660338251509154],[70.30609853122226,23.710338251509154],[70.35609853122227,23.710338251509154],[70.35609853122227,23.660338251509154]]]}},{"type":"Feature","properties":{"GRID_CODE":"GJ-KU-RAN-049","STATE":"Gujarat","DISTRICT":"Kachchh","BLOCK":"Rann of Kachchh","n_lists":0,"n_birders":0,"n_species":0,"focal_lists":0},"geometry":{"type":"Polygon","coordinates":[[[71.30609853122226,24.310338251509156],[71.25609853122227,24.310338251509156],[71.25609853122227,24.360338251509157],[71.30609853122226,24.360338251509157],[71.30609853122226,24.310338251509156]]]}},{"type":"Feature","properties":{"GRID_CODE":"GJ-KU-RAN-398","STATE":"Gujarat","DISTRICT":"Kachchh","BLOCK":"Rann of Kachchh","n_lists":0,"n_birders":0,"n_species":0,"focal_lists":0},"geometry":{"type":"Polygon","coordinates":[[[70.80609853122226,23.910338251509154],[70.75609853122227,23.910338251509154],[70.75609853122227,23.960338251509154],[70.80609853122226,23.960338251509154],[70.80609853122226,23.910338251509154]]]}},{"type":"Feature","properties":{"GRID_CODE":"GJ-KU-RAN-142","STATE":"Gujarat","DISTRICT":"Kachchh","BLOCK":"Rann of Kachchh","n_lists":0,"n_birders":0,"n_species":0,"focal_lists":0},"geometry":{"type":"Polygon","coordinates":[[[70.95609853122227,24.160338251509154],[70.90609853122227,24.160338251509154],[70.90609853122227,24.210338251509154],[70.95609853122227,24.210338251509154],[70.95609853122227,24.160338251509154]]]}},{"type":"Feature","properties":{"GRID_CODE":"GJ-KU-RAN-096","STATE":"Gujarat","DISTRICT":"Kachchh","BLOCK":"Rann of Kachchh","n_lists":0,"n_birders":0,"n_species":0,"focal_lists":0},"geometry":{"type":"Polygon","coordinates":[[[70.55609853122226,24.210338251509154],[70.50609853122227,24.210338251509154],[70.50609853122227,24.260338251509155],[70.55609853122226,24.260338251509155],[70.55609853122226,24.210338251509154]]]}},{"type":"Feature","properties":{"GRID_CODE":"GJ-KU-RAN-229","STATE":"Gujarat","DISTRICT":"Kachchh","BLOCK":"Rann of Kachchh","n_lists":0,"n_birders":0,"n_species":0,"focal_lists":0},"geometry":{"type":"Polygon","coordinates":[[[70.20609853122227,24.060338251509156],[70.15609853122227,24.060338251509156],[70.15609853122227,24.110338251509157],[70.20609853122227,24.110338251509157],[70.20609853122227,24.060338251509156]]]}},{"type":"Feature","properties":{"GRID_CODE":"GJ-KU-RAN-038","STATE":"Gujarat","DISTRICT":"Kachchh","BLOCK":"Rann of Kachchh","n_lists":0,"n_birders":0,"n_species":0,"focal_lists":0},"geometry":{"type":"Polygon","coordinates":[[[70.35609853122227,24.310338251509156],[70.30609853122226,24.310338251509156],[70.30609853122226,24.360338251509157],[70.35609853122227,24.360338251509157],[70.35609853122227,24.310338251509156]]]}}]}
