{"type":"FeatureCollection","features":[{"type":"Feature","properties":{"GROUP.ID":"G13032823","LOCALITY":"Todiya, Gujarat, IN (23.408, 69.157)","LATITUDE":23.4081166,"LONGITUDE":69.1567313,"OBSERVATION.DATE":"2024-09-14","OBSERVER.ID":"obsr494050","DURATION.MINUTES":null,"SAMPLING.EVENT.IDENTIFIER":"S195004723","species_list":"Green Sandpiper","n_species":1,"focal_species_seen":"","focal_species_slugs":"","has_focal":false,"GRID_CODE":"GJ-KU-NAK-043","DISTRICT":"Kachchh","BLOCK":"Nakhatrana"},"geometry":{"type":"Point","coordinates":[69.1567313,23.4081166]}},{"type":"Feature","properties":{"GROUP.ID":"G13032822","LOCALITY":"Netra Road, Khombhadi, Gujarat, IN (23.405, 69.132)","LATITUDE":23.4048528,"LONGITUDE":69.1323058,"OBSERVATION.DATE":"2024-09-14","OBSERVER.ID":"obsr494050","DURATION.MINUTES":null,"SAMPLING.EVENT.IDENTIFIER":"S195004990","species_list":"European Roller","n_species":1,"focal_species_seen":"European Roller","focal_species_slugs":"european-roller","has_focal":true,"GRID_CODE":"GJ-KU-NAK-042","DISTRICT":"Kachchh","BLOCK":"Nakhatrana"},"geometry":{"type":"Point","coordinates":[69.1323058,23.4048528]}},{"type":"Feature","properties":{"GROUP.ID":"G13032509","LOCALITY":"Naliya-Narayan Sarovar Road, Guhar Moti, Gujarat, IN (23.628, 68.554)","LATITUDE":23.6279849,"LONGITUDE":68.5541179,"OBSERVATION.DATE":"2024-09-14","OBSERVER.ID":"obsr834427","DURATION.MINUTES":31.0,"SAMPLING.EVENT.IDENTIFIER":"S195006231","species_list":"Ashy-crowned Sparrow-Lark; Asian Green Bee-eater; Bay-backed Shrike; Baya Weaver; Black-winged Kite; Black-winged Stilt; Black Drongo; Black Francolin; Common Hoopoe; Common Tailorbird; Eastern Cattle-Egret; Eurasian Collared-Dove; Eurasian Spoonbill; European Roller; Gray-breasted Prinia; Gray Francolin; Green Sandpiper; Indian Peafowl; Indian Silverbill; Indian Spot-billed Duck; Jungle Prinia; Laughing Dove; Lesser Whistling-Duck; Little Cormorant; Little Grebe; Oriental Darter; Purple Sunbird; Red-vented Bulbul; Red-wattled Lapwing; Red Collared-Dove; Rufous-fronted Prinia; Rufous-tailed Lark; Variable Wheatear; White-eared Bulbul; White-tailed Iora; White-throated Kingfisher","n_species":36,"focal_species_seen":"European Roller","focal_species_slugs":"european-roller","has_focal":true,"GRID_CODE":"GJ-KU-LAK-031","DISTRICT":"Kachchh","BLOCK":"Lakhpat"},"geometry":{"type":"Point","coordinates":[68.5541179,23.6279849]}},{"type":"Feature","properties":{"GROUP.ID":"G13069064","LOCALITY":"Chudwavandh, Gandhidham, Gujarat, IN (23.13, 70.182)","LATITUDE":23.1298984,"LONGITUDE":70.1815034,"OBSERVATION.DATE":"2024-09-14","OBSERVER.ID":"obsr928201","DURATION.MINUTES":14.0,"SAMPLING.EVENT.IDENTIFIER":"S195006559","species_list":"Asian Green Bee-eater; Black-headed Ibis; Common Babbler; Common Tailorbird; Eurasian Collared-Dove; Gray Francolin; House Sparrow; Indian Robin; Laughing Dove; Red-vented Bulbul; White-eared Bulbul; White-throated Kingfisher","n_species":12,"focal_species_seen":"","focal_species_slugs":"","has_focal":false,"GRID_CODE":"GJ-KU-GAN-001","DISTRICT":"Kachchh","BLOCK":"Gandhidham"},"geometry":{"type":"Point","coordinates":[70.1815034,23.1298984]}},{"type":"Feature","properties":{"GROUP.ID":"G13032742","LOCALITY":"T38G2","LATITUDE":23.7133686,"LONGITUDE":68.6518535,"OBSERVATION.DATE":"2024-09-14","OBSERVER.ID":"obsr3226404","DURATION.MINUTES":13.0,"SAMPLING.EVENT.IDENTIFIER":"S195006670","species_list":"Ashy-crowned Sparrow-Lark; Asian Green Bee-eater; Bay-backed Shrike; Black-headed Ibis; Common Babbler; Common Hoopoe; Common Tailorbird; Gray-breasted Prinia; Gray Francolin; Indian Peafowl; Indian Robin; Indian Roller; Indian Silverbill; Laughing Dove; Plain Prinia; Purple Sunbird; Red-vented Bulbul; Rosy Starling; White-eared Bulbul; White-tailed Iora; Wire-tailed Swallow; Yellow-eyed Babbler","n_species":22,"focal_species_seen":"","focal_species_slugs":"","has_focal":false,"GRID_CODE":"GJ-KU-LAK-009","DISTRICT":"Kachchh","BLOCK":"Lakhpat"},"geometry":{"type":"Point","coordinates":[68.6518535,23.7133686]}},{"type":"Feature","properties":{"GROUP.ID":"G13032505","LOCALITY":"Naliya-Narayan Sarovar Road, Baranda, Gujarat, IN (23.55, 68.675)","LATITUDE":23.5504485,"LONGITUDE":68.6750087,"OBSERVATION.DATE":"2024-09-14","OBSERVER.ID":"obsr834427","DURATION.MINUTES":6.0,"SAMPLING.EVENT.IDENTIFIER":"S195007020","species_list":"Brahminy Starling; Common Babbler; House Sparrow; Indian Robin; Purple Sunbird; Spotted Flycatcher; Yellow-throated Sparrow","n_species":7,"focal_species_seen":"Spotted Flycatcher","focal_species_slugs":"spotted-flycatcher","has_focal":true,"GRID_CODE":"GJ-KU-LAK-058","DISTRICT":"Kachchh","BLOCK":"Lakhpat"},"geometry":{"type":"Point","coordinates":[68.6750087,23.5504485]}},{"type":"Feature","properties":{"GROUP.ID":"G13032879","LOCALITY":"PMC2024 T4G5","LATITUDE":23.6784328,"LONGITUDE":70.8061839,"OBSERVATION.DATE":"2024-09-14","OBSERVER.ID":"obsr4371339","DURATION.MINUTES":45.0,"SAMPLING.EVENT.IDENTIFIER":"S195009636","species_list":"Ashy-crowned Sparrow-Lark; Asian Green Bee-eater; Baya Weaver; Black-winged Stilt; Common Babbler; Common Hoopoe; Delicate Prinia; Eastern Red-rumped Swallow; Eurasian Collared-Dove; Gray Francolin; Greater Painted-Snipe; House Sparrow; Indian Silverbill; Indian Spot-billed Duck; Laughing Dove; Lesser Whistling-Duck; Paddyfield Pipit; Pied Kingfisher; Plain Prinia; Purple Sunbird; Red-vented Bulbul; Red-wattled Lapwing; Rufous-tailed Lark; White-eared Bulbul; White-throated Kingfisher; Zitting Cisticola","n_species":26,"focal_species_seen":"","focal_species_slugs":"","has_focal":false,"GRID_CODE":"GJ-KU-RAP-034","DISTRICT":"Kachchh","BLOCK":"Rapar"},"geometry":{"type":"Point","coordinates":[70.8061839,23.6784328]}},{"type":"Feature","properties":{"GROUP.ID":"G13046335","LOCALITY":"t8g5, Bhachau, Kachchh IN-GJ 23.91980, 70.23094","LATITUDE":23.9198,"LONGITUDE":70.23094,"OBSERVATION.DATE":"2024-09-14","OBSERVER.ID":"obsr447038","DURATION.MINUTES":68.0,"SAMPLING.EVENT.IDENTIFIER":"S195010169","species_list":"Ashy-crowned Sparrow-Lark; Asian Green Bee-eater; Baya Weaver; Blue-cheeked Bee-eater; Common Babbler; Common Tailorbird; Eurasian Collared-Dove; Glossy Ibis; Gray Francolin; Greater Flamingo; Greater Whitethroat; Green Sandpiper; Gull-billed Tern; Indian Pond-Heron; Indian Spot-billed Duck; Isabelline Wheatear; Laughing Dove; Lesser Whistling-Duck; Little Cormorant; Little Egret; Plain Prinia; Purple Sunbird; Red-vented Bulbul; Red-wattled Lapwing; Red Collared-Dove; Variable Wheatear; Whiskered Tern; White-eared Bulbul; White-throated Kingfisher; Yellow-throated Sparrow","n_species":30,"focal_species_seen":"Blue-cheeked Bee-eater; Greater Whitethroat","focal_species_slugs":"blue-cheeked-bee-eater;greater-whitethroat","has_focal":true,"GRID_CODE":"GJ-KU-RAN-389","DISTRICT":"Kachchh","BLOCK":"Rann of Kachchh"},"geometry":{"type":"Point","coordinates":[70.23094,23.9198]}},{"type":"Feature","properties":{"GROUP.ID":"G13046619","LOCALITY":"T10G1","LATITUDE":23.1300311,"LONGITUDE":70.1828364,"OBSERVATION.DATE":"2024-09-14","OBSERVER.ID":"obsr928201","DURATION.MINUTES":55.0,"SAMPLING.EVENT.IDENTIFIER":"S195010438","species_list":"Ashy-crowned Sparrow-Lark; Asian Green Bee-eater; Baya Weaver; Black-winged Stilt; Chestnut-bellied Sandgrouse; Common Babbler; Common Hoopoe; Common Sandpiper; Common Tailorbird; Eastern Cattle-Egret; Eurasian Collared-Dove; Eurasian Spoonbill; European Roller; Gray Francolin; Gray Heron; Greater Coucal; House Sparrow; Indian Pond-Heron; Indian Robin; Laughing Dove; Little Cormorant; Little Ringed Plover; Little Stint; Little Tern; Medium Egret; Oriental Darter; Paddyfield Pipit; Pied Cuckoo; Pied Kingfisher; Plain Prinia; Purple Sunbird; Red-vented Bulbul; Red-wattled Lapwing; River Tern; Spotted Flycatcher; Tawny Pipit; White-eared Bulbul; Yellow-wattled Lapwing; Zitting Cisticola","n_species":39,"focal_species_seen":"European Roller; Spotted Flycatcher","focal_species_slugs":"european-roller;spotted-flycatcher","has_focal":true,"GRID_CODE":"GJ-KU-GAN-001","DISTRICT":"Kachchh","BLOCK":"Gandhidham"},"geometry":{"type":"Point","coordinates":[70.1828364,23.1300311]}},{"type":"Feature","properties":{"GROUP.ID":"G13033206","LOCALITY":"T2G4","LATITUDE":23.6522152,"LONGITUDE":70.9812803,"OBSERVATION.DATE":"2024-09-14","OBSERVER.ID":"obsr2198710","DURATION.MINUTES":47.0,"SAMPLING.EVENT.IDENTIFIER":"S195010457","species_list":"Ashy-crowned Sparrow-Lark; Asian Green Bee-eater; Baya Weaver; Black-headed Ibis; Black-winged Kite; Black-winged Stilt; Blue-cheeked Bee-eater; Common Babbler; Common Hoopoe; Common Myna; Eurasian Collared-Dove; Gray Francolin; Greater Coucal; Greater Flamingo; Greater Short-toed Lark; House Sparrow; Indian Peafowl; Indian Silverbill; Isabelline Shrike; Laughing Dove; Little Egret; Long-tailed Shrike; Medium Egret; Montagu's Harrier; Oriental Darter; Oriental Honey-buzzard; Paddyfield Pipit; Painted Stork; Pied Kingfisher; Plain Prinia; Purple Heron; Red-naped Ibis; Red-vented Bulbul; Red-wattled Lapwing; Red Collared-Dove; Rosy Starling; Rufous-fronted Prinia; Rufous-tailed Lark; Siberian Stonechat; Western Marsh Harrier; Whiskered Tern; White-eared Bulbul; White-throated Kingfisher; Wire-tailed Swallow; Zitting Cisticola","n_species":45,"focal_species_seen":"Blue-cheeked Bee-eater","focal_species_slugs":"blue-cheeked-bee-eater","has_focal":true,"GRID_CODE":"GJ-KU-RAP-047","DISTRICT":"Kachchh","BLOCK":"Rapar"},"geometry":{"type":"Point","coordinates":[70.9812803,23.6522152]}},{"type":"Feature","properties":{"GROUP.ID":"G13040684","LOCALITY":"T22_G1","LATITUDE":22.794828,"LONGITUDE":69.434348,"OBSERVATION.DATE":"2024-09-14","OBSERVER.ID":"obsr1662974","DURATION.MINUTES":60.0,"SAMPLING.EVENT.IDENTIFIER":"S195010926","species_list":"Ashy-crowned Sparrow-Lark; Asian Green Bee-eater; Bay-backed Shrike; Black-winged Stilt; Black Drongo; Blyth's Reed Warbler; Brahminy Starling; Common Babbler; Common Hoopoe; Common Kingfisher; Common Tailorbird; Common Woodshrike; Crested Lark; Eastern Red-rumped Swallow; Eurasian Collared-Dove; Eurasian Curlew; Eurasian Moorhen; Eurasian Spoonbill; Gray Francolin; Gray Heron; Great Egret; Greater Coucal; House Crow; House Sparrow; Indian Pond-Heron; Indian Silverbill; Indian Spot-billed Duck; Kentish Plover; Laughing Dove; Little Cormorant; Little Ringed Plover; Marsh Sandpiper; Medium Egret; Painted Stork; Plain Prinia; Purple Sunbird; Red-naped Ibis; Red-wattled Lapwing; River Tern; Rose-ringed Parakeet; Rosy Starling; Western Reef-Heron; Western Yellow Wagtail; White-eared Bulbul; White-throated Kingfisher","n_species":45,"focal_species_seen":"","focal_species_slugs":"","has_focal":false,"GRID_CODE":"GJ-KU-MAN-052","DISTRICT":"Kachchh","BLOCK":"Mandvi"},"geometry":{"type":"Point","coordinates":[69.434348,22.794828]}},{"type":"Feature","properties":{"GROUP.ID":"G13032878","LOCALITY":"Selari","LATITUDE":23.6737832,"LONGITUDE":70.7954866,"OBSERVATION.DATE":"2024-09-14","OBSERVER.ID":"obsr4371339","DURATION.MINUTES":33.0,"SAMPLING.EVENT.IDENTIFIER":"S195011056","species_list":"Asian Green Bee-eater; Black-winged Stilt; Common Babbler; Common Sandpiper; Crested Lark; Eastern Cattle-Egret; Eurasian Spoonbill; Gray Francolin; House Sparrow; Indian Silverbill; Laughing Dove; Little Egret; Plain Prinia; Red-wattled Lapwing; Red Collared-Dove; Rose-ringed Parakeet","n_species":16,"focal_species_seen":"","focal_species_slugs":"","has_focal":false,"GRID_CODE":"GJ-KU-RAP-033","DISTRICT":"Kachchh","BLOCK":"Rapar"},"geometry":{"type":"Point","coordinates":[70.7954866,23.6737832]}},{"type":"Feature","properties":{"GROUP.ID":"G13036031","LOCALITY":"T37G1-Dayapar, Gujarat, IN (23.628, 68.911)","LATITUDE":23.628,"LONGITUDE":68.911,"OBSERVATION.DATE":"2024-09-14","OBSERVER.ID":"obsr4570921","DURATION.MINUTES":47.0,"SAMPLING.EVENT.IDENTIFIER":"S195011089","species_list":"Ashy-crowned Sparrow-Lark; Asian Green Bee-eater; Asian Koel; Barred Buttonquail; Baya Weaver; Black Drongo; Black Francolin; Common Babbler; Common Myna; Eurasian Collared-Dove; European Roller; Gray Francolin; House Sparrow; Indian Robin; Indian Silverbill; Indian Spot-billed Duck; Laughing Dove; Lesser Whistling-Duck; Paddyfield Pipit; Plain Prinia; Purple Sunbird; Red-vented Bulbul; Red-wattled Lapwing; River Tern; Rosy Starling; Variable Wheatear; White-eared Bulbul; White-throated Kingfisher","n_species":28,"focal_species_seen":"European Roller","focal_species_slugs":"european-roller","has_focal":true,"GRID_CODE":"GJ-KU-LAK-039","DISTRICT":"Kachchh","BLOCK":"Lakhpat"},"geometry":{"type":"Point","coordinates":[68.911,23.628]}},{"type":"Feature","properties":{"GROUP.ID":"G13048172","LOCALITY":"Team_31_Grid_1","LATITUDE":23.563838,"LONGITUDE":69.0149767,"OBSERVATION.DATE":"2024-09-14","OBSERVER.ID":"obsr457663","DURATION.MINUTES":46.0,"SAMPLING.EVENT.IDENTIFIER":"S195011366","species_list":"Eastern Cattle-Egret; European Roller; Gray Francolin; Pied Cuckoo; Red-wattled Lapwing; Rufous-tailed Scrub-Robin","n_species":6,"focal_species_seen":"European Roller; Rufous-tailed Scrub-Robin","focal_species_slugs":"european-roller;rufous-tailed-scrub-robin","has_focal":true,"GRID_CODE":"GJ-KU-NAK-003","DISTRICT":"Kachchh","BLOCK":"Nakhatrana"},"geometry":{"type":"Point","coordinates":[69.0149767,23.563838]}},{"type":"Feature","properties":{"GROUP.ID":"G13032738","LOCALITY":"T38G1","LATITUDE":23.6813584,"LONGITUDE":68.6592232,"OBSERVATION.DATE":"2024-09-14","OBSERVER.ID":"obsr3226404","DURATION.MINUTES":52.0,"SAMPLING.EVENT.IDENTIFIER":"S195011376","species_list":"Ashy-crowned Sparrow-Lark; Asian Koel; Bay-backed Shrike; Black Francolin; Common Babbler; Eastern Cattle-Egret; Eastern Red-rumped Swallow; Eurasian Collared-Dove; Gray-breasted Prinia; Gray Francolin; Indian Bushlark; Jungle Prinia; Lesser Whitethroat; Plain Prinia; Purple Sunbird; Red-vented Bulbul; Red-wattled Lapwing; Rosy Starling; Rufous-fronted Prinia; Tawny Pipit; White-eared Bulbul; White-tailed Iora; Wire-tailed Swallow; Zitting Cisticola","n_species":24,"focal_species_seen":"","focal_species_slugs":"","has_focal":false,"GRID_CODE":"GJ-KU-LAK-020","DISTRICT":"Kachchh","BLOCK":"Lakhpat"},"geometry":{"type":"Point","coordinates":[68.6592232,23.6813584]}},{"type":"Feature","properties":{"GROUP.ID":"G13032821","LOCALITY":"Unnamed Road, Kachchh, Gujarat, IN (23.407, 69.092)","LATITUDE":23.4072922,"LONGITUDE":69.092231,"OBSERVATION.DATE":"2024-09-14","OBSERVER.ID":"obsr494050","DURATION.MINUTES":25.0,"SAMPLING.EVENT.IDENTIFIER":"S195011449","species_list":"Baya Weaver; Common Babbler; Common Tailorbird; Eastern Cattle-Egret; Gray Francolin; Greater Coucal; Green Sandpiper; House Sparrow; Indian Bushlark; Indian Robin; Indian Spot-billed Duck; Jungle Prinia; Laughing Dove; Purple Sunbird; Red-vented Bulbul; Red-wattled Lapwing; Rosy Starling; Rufous-fronted Prinia; Streak-throated Swallow; White-browed Wagtail; White-eared Bulbul; White-tailed Iora","n_species":22,"focal_species_seen":"","focal_species_slugs":"","has_focal":false,"GRID_CODE":"GJ-KU-NAK-041","DISTRICT":"Kachchh","BLOCK":"Nakhatrana"},"geometry":{"type":"Point","coordinates":[69.092231,23.4072922]}},{"type":"Feature","properties":{"GROUP.ID":"G13032820","LOCALITY":"T30G6","LATITUDE":23.4149026,"LONGITUDE":69.0928442,"OBSERVATION.DATE":"2024-09-14","OBSERVER.ID":"obsr494050","DURATION.MINUTES":38.0,"SAMPLING.EVENT.IDENTIFIER":"S195011492","species_list":"Ashy-crowned Sparrow-Lark; Asian Koel; Barred Buttonquail; Bay-backed Shrike; Baya Weaver; Blyth's Reed Warbler; Brahminy Starling; Common Babbler; Common Tailorbird; Eastern Cattle-Egret; Eurasian Collared-Dove; Gray-breasted Prinia; Gray-necked Bunting; Gray Francolin; Greater Coucal; Indian Bushlark; Indian Robin; Jungle Prinia; Laughing Dove; Little Cormorant; Purple Sunbird; Red-vented Bulbul; Rufous-fronted Prinia; Sykes's Warbler; Variable Wheatear; White-tailed Iora; White-throated Kingfisher; Wire-tailed Swallow; Yellow-throated Sparrow","n_species":29,"focal_species_seen":"","focal_species_slugs":"","has_focal":false,"GRID_CODE":"GJ-KU-NAK-030","DISTRICT":"Kachchh","BLOCK":"Nakhatrana"},"geometry":{"type":"Point","coordinates":[69.0928442,23.4149026]}},{"type":"Feature","properties":{"GROUP.ID":"G13032819","LOCALITY":"Unnamed Road, Khombhdi Moti, Gujarat, IN (23.413, 69.092)","LATITUDE":23.4125277,"LONGITUDE":69.0917137,"OBSERVATION.DATE":"2024-09-14","OBSERVER.ID":"obsr494050","DURATION.MINUTES":45.0,"SAMPLING.EVENT.IDENTIFIER":"S195011502","species_list":"Asian Green Bee-eater; Asian Koel; Brahminy Starling; Common Babbler; Common Tailorbird; Eastern Cattle-Egret; Eurasian Collared-Dove; Gray-breasted Prinia; Gray-necked Bunting; Gray Francolin; Indian Bushlark; Indian Peafowl; Indian Robin; Indian Silverbill; Isabelline Shrike; Jungle Prinia; Laughing Dove; Little Swift; Purple Sunbird; Red-vented Bulbul; Rosy Starling; Rufous-fronted Prinia; Small Minivet; Spotted Flycatcher; Sykes's Warbler; White-eared Bulbul; White-tailed Iora; Wire-tailed Swallow; Yellow-throated Sparrow","n_species":29,"focal_species_seen":"Spotted Flycatcher","focal_species_slugs":"spotted-flycatcher","has_focal":true,"GRID_CODE":"GJ-KU-NAK-030","DISTRICT":"Kachchh","BLOCK":"Nakhatrana"},"geometry":{"type":"Point","coordinates":[69.0917137,23.4125277]}},{"type":"Feature","properties":{"GROUP.ID":"G13032818","LOCALITY":"Khombhdi Moti, Gujarat, IN (23.403, 69.091)","LATITUDE":23.402526,"LONGITUDE":69.091167,"OBSERVATION.DATE":"2024-09-14","OBSERVER.ID":"obsr494050","DURATION.MINUTES":null,"SAMPLING.EVENT.IDENTIFIER":"S195011513","species_list":"Bay-backed Shrike","n_species":1,"focal_species_seen":"","focal_species_slugs":"","has_focal":false,"GRID_CODE":"GJ-KU-NAK-041","DISTRICT":"Kachchh","BLOCK":"Nakhatrana"},"geometry":{"type":"Point","coordinates":[69.091167,23.402526]}},{"type":"Feature","properties":{"GROUP.ID":"G13040549","LOCALITY":"Pingleshvar beach","LATITUDE":23.0657699,"LONGITUDE":68.8009117,"OBSERVATION.DATE":"2024-09-14","OBSERVER.ID":"obsr1419186","DURATION.MINUTES":31.0,"SAMPLING.EVENT.IDENTIFIER":"S195011952","species_list":"Asian Green Bee-eater; Baya Weaver; Black Drongo; Common Babbler; Eastern Cattle-Egret; Eurasian Collared-Dove; Gray Francolin; Indian Courser; Laughing Dove; Long-tailed Shrike; Paddyfield Pipit; Plain Prinia; Red-vented Bulbul; Rosy Starling; Variable Wheatear; Zitting Cisticola","n_species":16,"focal_species_seen":"","focal_species_slugs":"","has_focal":false,"GRID_CODE":"GJ-KU-ABD-078","DISTRICT":"Kachchh","BLOCK":"Abdasa"},"geometry":{"type":"Point","coordinates":[68.8009117,23.0657699]}},{"type":"Feature","properties":{"GROUP.ID":"G13040779","LOCALITY":"T23G2","LATITUDE":23.1568116,"LONGITUDE":69.4678166,"OBSERVATION.DATE":"2024-09-14","OBSERVER.ID":"obsr1525537","DURATION.MINUTES":32.0,"SAMPLING.EVENT.IDENTIFIER":"S195011977","species_list":"Barred Buttonquail; Baya Weaver; Common Sandpiper; Common Tailorbird; Eastern Cattle-Egret; European Roller; Gray Francolin; Indian Peafowl; Indian Silverbill; Jungle Prinia; Laughing Dove; Little Swift; Oriental Darter; Pied Cuckoo; Purple Sunbird; Red-vented Bulbul; Red-wattled Lapwing; Rufous-fronted Prinia; Spotted Flycatcher","n_species":19,"focal_species_seen":"European Roller; Spotted Flycatcher","focal_species_slugs":"european-roller;spotted-flycatcher","has_focal":true,"GRID_CODE":"GJ-KU-BHU-152","DISTRICT":"Kachchh","BLOCK":"Bhuj"},"geometry":{"type":"Point","coordinates":[69.4678166,23.1568116]}},{"type":"Feature","properties":{"GROUP.ID":"G13039822","LOCALITY":"PMC-2024_T26G6","LATITUDE":23.0335283,"LONGITUDE":69.08018,"OBSERVATION.DATE":"2024-09-14","OBSERVER.ID":"obsr3359651","DURATION.MINUTES":73.0,"SAMPLING.EVENT.IDENTIFIER":"S195012072","species_list":"Ashy-crowned Sparrow-Lark; Asian Green Bee-eater; Asian Koel; Bay-backed Shrike; Baya Weaver; Black Drongo; Common Babbler; Eurasian Collared-Dove; Gray Francolin; Greater Coucal; Indian Pond-Heron; Indian Robin; Indian Roller; Indian Silverbill; Indian Spot-billed Duck; Laughing Dove; Little Egret; Plain Prinia; Purple Sunbird; Red-vented Bulbul; Red-wattled Lapwing; River Tern; Rose-ringed Parakeet; Rosy Starling; Spotted Flycatcher; White-breasted Waterhen","n_species":26,"focal_species_seen":"Spotted Flycatcher","focal_species_slugs":"spotted-flycatcher","has_focal":true,"GRID_CODE":"GJ-KU-MAN-009","DISTRICT":"Kachchh","BLOCK":"Mandvi"},"geometry":{"type":"Point","coordinates":[69.08018,23.0335283]}},{"type":"Feature","properties":{"GROUP.ID":"G13033292","LOCALITY":"T5G6","LATITUDE":23.3479649,"LONGITUDE":70.7624583,"OBSERVATION.DATE":"2024-09-14","OBSERVER.ID":"obsr914590","DURATION.MINUTES":35.0,"SAMPLING.EVENT.IDENTIFIER":"S195012246","species_list":"Ashy-crowned Sparrow-Lark; Asian Green Bee-eater; Baya Weaver; Black-winged Stilt; Caspian Tern; Common Babbler; Common Hoopoe; Dusky Crag-Martin; Eastern Cattle-Egret; Eurasian Collared-Dove; Eurasian Curlew; Eurasian Spoonbill; European Roller; Green Sandpiper; House Sparrow; Indian Peafowl; Indian Robin; Indian Silverbill; Jungle Prinia; Laughing Dove; Plain Prinia; Red-vented Bulbul; Red-wattled Lapwing; River Tern; Rosy Starling; Rufous-tailed Lark; Shikra; Sykes's Warbler; Tawny Pipit; Variable Wheatear; Western Marsh Harrier; White-eared Bulbul; Wire-tailed Swallow; Zitting Cisticola","n_species":34,"focal_species_seen":"European Roller","focal_species_slugs":"european-roller","has_focal":true,"GRID_CODE":"GJ-KU-RAP-099","DISTRICT":"Kachchh","BLOCK":"Rapar"},"geometry":{"type":"Point","coordinates":[70.7624583,23.3479649]}},{"type":"Feature","properties":{"GROUP.ID":"G13038283","LOCALITY":"T1G2, Fatehgadh - Mouvana Road, Mouvana, Gujarat, IN (23.81, 70.862)","LATITUDE":23.8100617,"LONGITUDE":70.8623806,"OBSERVATION.DATE":"2024-09-14","OBSERVER.ID":"obsr745299","DURATION.MINUTES":81.0,"SAMPLING.EVENT.IDENTIFIER":"S195012576","species_list":"Asian Green Bee-eater; Black-winged Kite; Blue-cheeked Bee-eater; Caspian Tern; Chestnut-bellied Sandgrouse; Common Babbler; Common Hoopoe; Common Kingfisher; Common Redshank; Common Sandpiper; Delicate Prinia; Eastern Cattle-Egret; Eastern Red-rumped Swallow; Eurasian Collared-Dove; Eurasian Spoonbill; Eurasian Wryneck; Gray Francolin; Great Cormorant; Great Crested Grebe; Greater Flamingo; House Crow; House Sparrow; Indian Peafowl; Indian Robin; Isabelline Shrike; Laughing Dove; Lesser Flamingo; Little Cormorant; Little Grebe; Marsh Sandpiper; Montagu's Harrier; Northern Shoveler; Oriental Darter; Plain Prinia; Purple Sunbird; Red-vented Bulbul; Red-wattled Lapwing; River Tern; Rosy Starling; Whiskered Tern; White-eared Bulbul; White-throated Kingfisher; Yellow-throated Sparrow; Zitting Cisticola","n_species":44,"focal_species_seen":"Blue-cheeked Bee-eater","focal_species_slugs":"blue-cheeked-bee-eater","has_focal":true,"GRID_CODE":"GJ-KU-RAN-519","DISTRICT":"Kachchh","BLOCK":"Rann of Kachchh"},"geometry":{"type":"Point","coordinates":[70.8623806,23.8100617]}},{"type":"Feature","properties":{"GROUP.ID":"G13032826","LOCALITY":"PMC T21G1","LATITUDE":22.9298533,"LONGITUDE":69.6914234,"OBSERVATION.DATE":"2024-09-14","OBSERVER.ID":"obsr413366","DURATION.MINUTES":55.0,"SAMPLING.EVENT.IDENTIFIER":"S195013004","species_list":"Asian Green Bee-eater; Bay-backed Shrike; Baya Weaver; Crested Lark; European Roller; Indian Robin; Indian Silverbill; Jungle Prinia; Long-tailed Shrike; Paddyfield Pipit; Purple Sunbird; Red-wattled Lapwing; Variable Wheatear; White-tailed Iora; Yellow-crowned Woodpecker; Yellow-wattled Lapwing","n_species":16,"focal_species_seen":"European Roller","focal_species_slugs":"european-roller","has_focal":true,"GRID_CODE":"GJ-KU-MUN-011","DISTRICT":"Kachchh","BLOCK":"Mundra"},"geometry":{"type":"Point","coordinates":[69.6914234,22.9298533]}},{"type":"Feature","properties":{"GROUP.ID":"G13032877","LOCALITY":"PMC2024 T4G3","LATITUDE":23.6102958,"LONGITUDE":70.7348177,"OBSERVATION.DATE":"2024-09-14","OBSERVER.ID":"obsr4371339","DURATION.MINUTES":60.0,"SAMPLING.EVENT.IDENTIFIER":"S195013007","species_list":"Ashy-crowned Sparrow-Lark; Asian Green Bee-eater; Baya Weaver; Black-winged Stilt; Common Babbler; Common Sandpiper; Eurasian Collared-Dove; Glossy Ibis; Gray-breasted Prinia; Gray Francolin; Green Sandpiper; Indian Silverbill; Laughing Dove; Little Grebe; Paddyfield Pipit; Purple Sunbird; Red-vented Bulbul; Red-wattled Lapwing; Red Collared-Dove; Rosy Starling; Rufous-tailed Lark; White-eared Bulbul; White-throated Kingfisher; Wood Sandpiper","n_species":24,"focal_species_seen":"","focal_species_slugs":"","has_focal":false,"GRID_CODE":"GJ-KU-RAP-053","DISTRICT":"Kachchh","BLOCK":"Rapar"},"geometry":{"type":"Point","coordinates":[70.7348177,23.6102958]}},{"type":"Feature","properties":{"GROUP.ID":"G13032817","LOCALITY":"T30G5","LATITUDE":23.3947978,"LONGITUDE":69.191521,"OBSERVATION.DATE":"2024-09-14","OBSERVER.ID":"obsr494050","DURATION.MINUTES":45.0,"SAMPLING.EVENT.IDENTIFIER":"S195013310","species_list":"Ashy-crowned Sparrow-Lark; Asian Green Bee-eater; Asian Koel; Barred Buttonquail; Baya Weaver; Black-winged Kite; Blyth's Reed Warbler; Common Babbler; Common Rosefinch; Common Tailorbird; Eastern Cattle-Egret; Eastern Red-rumped Swallow; Eurasian Collared-Dove; European Roller; Gray-breasted Prinia; Gray Francolin; House Sparrow; Indian Peafowl; Indian Robin; Indian Silverbill; Jungle Prinia; Laughing Dove; Little Egret; Little Swift; Pied Cuckoo; Plain Prinia; Purple Sunbird; Red-vented Bulbul; Red-wattled Lapwing; River Tern; Rosy Starling; Spotted Flycatcher; Tree Pipit; White-eared Bulbul; White-tailed Iora; Yellow-throated Sparrow; Zitting Cisticola","n_species":37,"focal_species_seen":"European Roller; Spotted Flycatcher","focal_species_slugs":"european-roller;spotted-flycatcher","has_focal":true,"GRID_CODE":"GJ-KU-NAK-043","DISTRICT":"Kachchh","BLOCK":"Nakhatrana"},"geometry":{"type":"Point","coordinates":[69.191521,23.3947978]}},{"type":"Feature","properties":{"GROUP.ID":"G13039412","LOCALITY":"T25G4 PMC","LATITUDE":23.213103,"LONGITUDE":69.230793,"OBSERVATION.DATE":"2024-09-14","OBSERVER.ID":"obsr723923","DURATION.MINUTES":56.0,"SAMPLING.EVENT.IDENTIFIER":"S195013498","species_list":"Asian Green Bee-eater; Common Cuckoo; Common Greenshank; Common Myna; Eastern Cattle-Egret; Eastern Red-rumped Swallow; Eurasian Collared-Dove; Gray Francolin; Indian Peafowl; Indian Robin; Jungle Prinia; Laughing Dove; Pied Cuckoo; Purple Sunbird; Rain Quail; Red-vented Bulbul; Red-wattled Lapwing; Rosy Starling; Siberian Stonechat; White-eared Bulbul; White-tailed Iora; White-throated Kingfisher; Wire-tailed Swallow","n_species":23,"focal_species_seen":"Common Cuckoo","focal_species_slugs":"common-cuckoo","has_focal":true,"GRID_CODE":"GJ-KU-NAK-060","DISTRICT":"Kachchh","BLOCK":"Nakhatrana"},"geometry":{"type":"Point","coordinates":[69.230793,23.213103]}},{"type":"Feature","properties":{"GROUP.ID":"G13046617","LOCALITY":"T10G3","LATITUDE":23.2230745,"LONGITUDE":70.2622304,"OBSERVATION.DATE":"2024-09-14","OBSERVER.ID":"obsr928201","DURATION.MINUTES":38.0,"SAMPLING.EVENT.IDENTIFIER":"S195013875","species_list":"Asian Green Bee-eater; Baya Weaver; Black-winged Stilt; Common Sandpiper; Delicate Prinia; Eurasian Collared-Dove; Eurasian Coot; Eurasian Spoonbill; Glossy Ibis; Gray-headed Swamphen; Gray Heron; House Sparrow; Indian Pond-Heron; Indian Robin; Indian Silverbill; Indian Spot-billed Duck; Laughing Dove; Little Cormorant; Little Stint; Little Tern; Marsh Sandpiper; Medium Egret; Oriental Darter; Painted Stork; Pied Kingfisher; Plain Prinia; Red-wattled Lapwing; River Tern; Ruff; Western Marsh Harrier; White-eared Bulbul; Wood Sandpiper","n_species":32,"focal_species_seen":"","focal_species_slugs":"","has_focal":false,"GRID_CODE":"GJ-KU-BHA-063","DISTRICT":"Kachchh","BLOCK":"Bhachau"},"geometry":{"type":"Point","coordinates":[70.2622304,23.2230745]}},{"type":"Feature","properties":{"GROUP.ID":"G13040685","LOCALITY":"T22_G2","LATITUDE":22.8208,"LONGITUDE":69.477959,"OBSERVATION.DATE":"2024-09-14","OBSERVER.ID":"obsr1662974","DURATION.MINUTES":53.0,"SAMPLING.EVENT.IDENTIFIER":"S195013934","species_list":"Baya Weaver; Black-winged Stilt; Black Drongo; Common Babbler; Eurasian Collared-Dove; Eurasian Wryneck; European Roller; Gray-necked Bunting; Gray Francolin; Greater Coucal; House Crow; Indian Silverbill; Paddyfield Pipit; Painted Stork; Pied Cuckoo; Plain Prinia; Purple Sunbird; Rain Quail; Red-backed Shrike; Red-vented Bulbul; Red-wattled Lapwing; Red Collared-Dove; Rufous-fronted Prinia; White-eared Bulbul; White-throated Kingfisher; Zitting Cisticola","n_species":26,"focal_species_seen":"European Roller; Red-backed Shrike","focal_species_slugs":"european-roller;red-backed-shrike","has_focal":true,"GRID_CODE":"GJ-KU-MAN-051","DISTRICT":"Kachchh","BLOCK":"Mandvi"},"geometry":{"type":"Point","coordinates":[69.477959,22.8208]}},{"type":"Feature","properties":{"GROUP.ID":"G13039821","LOCALITY":"PMC-2024_T26G4","LATITUDE":22.9910434,"LONGITUDE":69.0018533,"OBSERVATION.DATE":"2024-09-14","OBSERVER.ID":"obsr3359651","DURATION.MINUTES":37.0,"SAMPLING.EVENT.IDENTIFIER":"S195014009","species_list":"Common Babbler; Common Tailorbird; Eastern Cattle-Egret; European Roller; Gray Francolin; Indian Silverbill; Little Egret; Plain Prinia","n_species":8,"focal_species_seen":"European Roller","focal_species_slugs":"european-roller","has_focal":true,"GRID_CODE":"GJ-KU-ABD-093","DISTRICT":"Kachchh","BLOCK":"Abdasa"},"geometry":{"type":"Point","coordinates":[69.0018533,22.9910434]}},{"type":"Feature","properties":{"GROUP.ID":"G13038284","LOCALITY":"T1G3, Mauvana-Bela Road, Mouvana, Gujarat, IN (23.826, 70.855)","LATITUDE":23.8255259,"LONGITUDE":70.855421,"OBSERVATION.DATE":"2024-09-14","OBSERVER.ID":"obsr745299","DURATION.MINUTES":26.0,"SAMPLING.EVENT.IDENTIFIER":"S195014048","species_list":"Ashy-crowned Sparrow-Lark; Asian Green Bee-eater; Asian Koel; Bank Myna; Bay-backed Shrike; Black-headed Ibis; Black-winged Kite; Blue-cheeked Bee-eater; Brahminy Starling; Common Babbler; Common Hoopoe; Common Myna; Common Tailorbird; Crested Lark; Eastern Cattle-Egret; Eastern Red-rumped Swallow; Eurasian Collared-Dove; Gray Francolin; House Sparrow; Indian Peafowl; Indian Robin; Indian Silverbill; Knob-billed Duck; Laughing Dove; Little Swift; Long-tailed Shrike; Marsh Sandpiper; Paddyfield Pipit; Plain Prinia; Purple Sunbird; Red-vented Bulbul; Red-wattled Lapwing; Rufous-tailed Lark; Siberian Stonechat; Spotted Flycatcher; White-eared Bulbul; White-throated Kingfisher; Wire-tailed Swallow; Wood Sandpiper; Yellow-throated Sparrow","n_species":40,"focal_species_seen":"Blue-cheeked Bee-eater; Spotted Flycatcher","focal_species_slugs":"blue-cheeked-bee-eater;spotted-flycatcher","has_focal":true,"GRID_CODE":"GJ-KU-RAP-013","DISTRICT":"Kachchh","BLOCK":"Rapar"},"geometry":{"type":"Point","coordinates":[70.855421,23.8255259]}},{"type":"Feature","properties":{"GROUP.ID":"G13032816","LOCALITY":"Unnamed Road, Kachchh, Gujarat, IN (23.394, 69.189)","LATITUDE":23.3941722,"LONGITUDE":69.1888935,"OBSERVATION.DATE":"2024-09-14","OBSERVER.ID":"obsr494050","DURATION.MINUTES":20.0,"SAMPLING.EVENT.IDENTIFIER":"S195014123","species_list":"Asian Green Bee-eater; Barred Buttonquail; Bay-backed Shrike; Baya Weaver; Blyth's Reed Warbler; Chestnut-bellied Sandgrouse; Common Babbler; Common Tailorbird; Common Woodshrike; Eastern Cattle-Egret; Eastern Red-rumped Swallow; Eurasian Collared-Dove; European Roller; Gray-breasted Prinia; Indian Peafowl; Indian Robin; Jungle Prinia; Laughing Dove; Pied Cuckoo; Plain Prinia; Purple Sunbird; Red-vented Bulbul; Red Collared-Dove; Rock Bush-Quail; White-eared Bulbul; White-tailed Iora; White-throated Kingfisher","n_species":27,"focal_species_seen":"European Roller","focal_species_slugs":"european-roller","has_focal":true,"GRID_CODE":"GJ-KU-NAK-043","DISTRICT":"Kachchh","BLOCK":"Nakhatrana"},"geometry":{"type":"Point","coordinates":[69.1888935,23.3941722]}},{"type":"Feature","properties":{"GROUP.ID":"G13032841","LOCALITY":"T28G6","LATITUDE":23.276146,"LONGITUDE":69.1898615,"OBSERVATION.DATE":"2024-09-14","OBSERVER.ID":"obsr1393511","DURATION.MINUTES":77.0,"SAMPLING.EVENT.IDENTIFIER":"S195014199","species_list":"Asian Green Bee-eater; Baya Weaver; Black-winged Stilt; Black Drongo; Common Babbler; Common Kingfisher; Common Tailorbird; Eastern Cattle-Egret; Gray-breasted Prinia; Gray Francolin; Gray Wagtail; Indian Peafowl; Indian Robin; Indian Roller; Indian Silverbill; Indian Spot-billed Duck; Jungle Prinia; Laughing Dove; Lesser Whistling-Duck; Purple Sunbird; Red-vented Bulbul; Red-wattled Lapwing; Spotted Flycatcher; White-eared Bulbul; White-tailed Iora; White-throated Kingfisher; Wire-tailed Swallow","n_species":27,"focal_species_seen":"Spotted Flycatcher","focal_species_slugs":"spotted-flycatcher","has_focal":true,"GRID_CODE":"GJ-KU-ABD-043","DISTRICT":"Kachchh","BLOCK":"Abdasa"},"geometry":{"type":"Point","coordinates":[69.1898615,23.276146]}},{"type":"Feature","properties":{"GROUP.ID":"G13032840","LOCALITY":"Mothala Piyoni Road, Kachchh IN-GJ 23.25939, 69.14406","LATITUDE":23.259392,"LONGITUDE":69.14406,"OBSERVATION.DATE":"2024-09-14","OBSERVER.ID":"obsr1393511","DURATION.MINUTES":75.0,"SAMPLING.EVENT.IDENTIFIER":"S195014388","species_list":"Ashy-crowned Sparrow-Lark; Asian Green Bee-eater; Bay-backed Shrike; Common Babbler; Common Tailorbird; Eastern Cattle-Egret; Eastern Red-rumped Swallow; Eurasian Collared-Dove; Gray Francolin; Indian Bushlark; Indian Robin; Jungle Prinia; Laughing Dove; Lesser Whistling-Duck; Purple Sunbird; Red-vented Bulbul; Red-wattled Lapwing; Wire-tailed Swallow; Yellow-crowned Woodpecker","n_species":19,"focal_species_seen":"","focal_species_slugs":"","has_focal":false,"GRID_CODE":"GJ-KU-ABD-054","DISTRICT":"Kachchh","BLOCK":"Abdasa"},"geometry":{"type":"Point","coordinates":[69.14406,23.259392]}},{"type":"Feature","properties":{"GROUP.ID":"G13065241","LOCALITY":"Kodki Baukha Road, Kachchh IN-GJ 23.26198, 69.54989","LATITUDE":23.261979,"LONGITUDE":69.549891,"OBSERVATION.DATE":"2024-09-14","OBSERVER.ID":"obsr1636070","DURATION.MINUTES":128.0,"SAMPLING.EVENT.IDENTIFIER":"S195014514","species_list":"Asian Green Bee-eater; Baya Weaver; Chestnut-bellied Sandgrouse; Common Sandpiper; Common Tailorbird; Eastern Red-rumped Swallow; Eurasian Collared-Dove; European Roller; Indian Bushlark; Jungle Prinia; Laughing Dove; Lesser Whistling-Duck; Little Cormorant; Little Ringed Plover; Paddyfield Pipit; Purple Sunbird; Red-backed Shrike; Red Collared-Dove; Rock Bush-Quail; Rose-ringed Parakeet; Tawny Pipit; Western Yellow Wagtail; White-eared Bulbul; White-throated Kingfisher","n_species":24,"focal_species_seen":"European Roller; Red-backed Shrike","focal_species_slugs":"european-roller;red-backed-shrike","has_focal":true,"GRID_CODE":"GJ-KU-BHU-120","DISTRICT":"Kachchh","BLOCK":"Bhuj"},"geometry":{"type":"Point","coordinates":[69.549891,23.261979]}},{"type":"Feature","properties":{"GROUP.ID":"G13048171","LOCALITY":"TEAM_31_GRID_4","LATITUDE":23.652186,"LONGITUDE":69.0559562,"OBSERVATION.DATE":"2024-09-14","OBSERVER.ID":"obsr457663","DURATION.MINUTES":34.0,"SAMPLING.EVENT.IDENTIFIER":"S195014653","species_list":"European Roller; Great Egret; Pied Kingfisher; Spotted Flycatcher","n_species":4,"focal_species_seen":"European Roller; Spotted Flycatcher","focal_species_slugs":"european-roller;spotted-flycatcher","has_focal":true,"GRID_CODE":"GJ-KU-LAK-041","DISTRICT":"Kachchh","BLOCK":"Lakhpat"},"geometry":{"type":"Point","coordinates":[69.0559562,23.652186]}},{"type":"Feature","properties":{"GROUP.ID":"G13033398","LOCALITY":"Team No 6 Team_gridn 3 Unnamed Road, Kachchh, Gujarat, IN (23.468, 70.556)","LATITUDE":23.4680751,"LONGITUDE":70.5556718,"OBSERVATION.DATE":"2024-09-14","OBSERVER.ID":"obsr6141404","DURATION.MINUTES":162.0,"SAMPLING.EVENT.IDENTIFIER":"S195015261","species_list":"Barred Buttonquail; Bay-backed Shrike; Delicate Prinia; Eurasian Wryneck; European Roller; Lesser Whistling-Duck; Red-vented Bulbul; Sirkeer Malkoha; Spotted Flycatcher; Whiskered Tern; White-eared Bulbul","n_species":11,"focal_species_seen":"European Roller; Spotted Flycatcher","focal_species_slugs":"european-roller;spotted-flycatcher","has_focal":true,"GRID_CODE":"GJ-KU-BHA-022","DISTRICT":"Kachchh","BLOCK":"Bhachau"},"geometry":{"type":"Point","coordinates":[70.5556718,23.4680751]}},{"type":"Feature","properties":{"GROUP.ID":"G13039413","LOCALITY":"Team No 6Team_Grid_4 Unnamed Road, Kachchh, Gujarat, IN (23.474, 70.601)","LATITUDE":23.473712,"LONGITUDE":70.6007443,"OBSERVATION.DATE":"2024-09-14","OBSERVER.ID":"obsr6141404","DURATION.MINUTES":79.0,"SAMPLING.EVENT.IDENTIFIER":"S195015295","species_list":"Asian Green Bee-eater; Black-headed Ibis; Eurasian Collared-Dove; Gray-necked Bunting; Gray Francolin; Indian Silverbill; Jungle Prinia; Laughing Dove; Pied Cuckoo; Red-wattled Lapwing; Red Collared-Dove; Rufous-tailed Lark; Siberian Stonechat; Spotted Flycatcher; Sykes's Warbler; White-eared Bulbul; White-throated Kingfisher","n_species":17,"focal_species_seen":"Spotted Flycatcher","focal_species_slugs":"spotted-flycatcher","has_focal":true,"GRID_CODE":"GJ-KU-RAP-073","DISTRICT":"Kachchh","BLOCK":"Rapar"},"geometry":{"type":"Point","coordinates":[70.6007443,23.473712]}},{"type":"Feature","properties":{"GROUP.ID":"G13040965","LOCALITY":"T19G7","LATITUDE":23.4938367,"LONGITUDE":69.6616774,"OBSERVATION.DATE":"2024-09-14","OBSERVER.ID":"obsr358777","DURATION.MINUTES":40.0,"SAMPLING.EVENT.IDENTIFIER":"S195015877","species_list":"Black-tailed Godwit; Black-winged Stilt; Blyth's Reed Warbler; Eastern Cattle-Egret; Eastern Red-rumped Swallow; Eurasian Collared-Dove; Glossy Ibis; Gray Heron; Great Cormorant; Great Egret; House Crow; House Sparrow; Indian Spot-billed Duck; Lesser Whistling-Duck; Little Egret; Little Stint; Marsh Sandpiper; Oriental Darter; Plain Prinia; Purple Sunbird; Red-naped Ibis; Red-wattled Lapwing; River Tern; Ruff; Streak-throated Swallow; White-throated Kingfisher; Yellow-wattled Lapwing","n_species":27,"focal_species_seen":"","focal_species_slugs":"","has_focal":false,"GRID_CODE":"GJ-KU-LIT-040","DISTRICT":"Kachchh","BLOCK":"Little Rann"},"geometry":{"type":"Point","coordinates":[69.6616774,23.4938367]}},{"type":"Feature","properties":{"GROUP.ID":"G13040862","LOCALITY":"PMC_T29G1","LATITUDE":23.0207433,"LONGITUDE":68.8838383,"OBSERVATION.DATE":"2024-09-14","OBSERVER.ID":"obsr1419186","DURATION.MINUTES":55.0,"SAMPLING.EVENT.IDENTIFIER":"S195016292","species_list":"Gray Heron; Great Egret; Greater Sand-Plover; Western Reef-Heron","n_species":4,"focal_species_seen":"","focal_species_slugs":"","has_focal":false,"GRID_CODE":"GJ-KU-ABD-087","DISTRICT":"Kachchh","BLOCK":"Abdasa"},"geometry":{"type":"Point","coordinates":[68.8838383,23.0207433]}},{"type":"Feature","properties":{"GROUP.ID":"G13039410","LOCALITY":"T25G1","LATITUDE":23.157705,"LONGITUDE":69.223295,"OBSERVATION.DATE":"2024-09-14","OBSERVER.ID":"obsr723923","DURATION.MINUTES":45.0,"SAMPLING.EVENT.IDENTIFIER":"S195016305","species_list":"Asian Green Bee-eater; Baya Weaver; Black-headed Ibis; Black Drongo; Common Babbler; Eastern Cattle-Egret; Eurasian Collared-Dove; European Roller; Gray-breasted Prinia; Jungle Prinia; Little Cormorant; Little Egret; Red-naped Ibis; Red-vented Bulbul; Red Collared-Dove; River Tern; Rosy Starling; Rufous-fronted Prinia; Yellow-throated Sparrow","n_species":19,"focal_species_seen":"European Roller","focal_species_slugs":"european-roller","has_focal":true,"GRID_CODE":"GJ-KU-NAK-067","DISTRICT":"Kachchh","BLOCK":"Nakhatrana"},"geometry":{"type":"Point","coordinates":[69.223295,23.157705]}},{"type":"Feature","properties":{"GROUP.ID":"G13034648","LOCALITY":"T35G2, Gujarat, IN (23.42, 68.617)","LATITUDE":23.4195674,"LONGITUDE":68.6165449,"OBSERVATION.DATE":"2024-09-14","OBSERVER.ID":"obsr834427","DURATION.MINUTES":71.0,"SAMPLING.EVENT.IDENTIFIER":"S195016364","species_list":"Ashy-crowned Sparrow-Lark; Asian Green Bee-eater; Barn Swallow; Bay-backed Shrike; Baya Weaver; Black Drongo; Blue-cheeked Bee-eater; Brahminy Starling; Common Babbler; Common Hoopoe; Common Tailorbird; Eastern Cattle-Egret; Eastern Red-rumped Swallow; Eurasian Collared-Dove; Eurasian Spoonbill; Eurasian Wryneck; European Roller; Glossy Ibis; Gray-breasted Prinia; Gray Francolin; Gray Heron; Greater Coucal; House Crow; House Sparrow; Indian Bushlark; Indian Peafowl; Indian Robin; Indian Silverbill; Isabelline Shrike; Jungle Prinia; Laughing Dove; Lesser Whitethroat; Little Cormorant; Little Egret; Oriental Darter; Pied Cuckoo; Plain Prinia; Purple Sunbird; Red-backed Shrike; Red-vented Bulbul; Red-wattled Lapwing; Red Collared-Dove; River Tern; Rose-ringed Parakeet; Rosy Starling; Rufous-fronted Prinia; Rufous-tailed Lark; Spotted Flycatcher; Sykes's Warbler; White-eared Bulbul; White-tailed Iora; Wire-tailed Swallow","n_species":52,"focal_species_seen":"Blue-cheeked Bee-eater; European Roller; Red-backed Shrike; Spotted Flycatcher","focal_species_slugs":"blue-cheeked-bee-eater;european-roller;red-backed-shrike;spotted-flycatcher","has_focal":true,"GRID_CODE":"GJ-KU-LAK-074","DISTRICT":"Kachchh","BLOCK":"Lakhpat"},"geometry":{"type":"Point","coordinates":[68.6165449,23.4195674]}},{"type":"Feature","properties":{"GROUP.ID":"G13034654","LOCALITY":"Vagot - Ber Moti Road, Kachchh, Gujarat, IN (23.427, 68.622)","LATITUDE":23.4269693,"LONGITUDE":68.622252,"OBSERVATION.DATE":"2024-09-14","OBSERVER.ID":"obsr834427","DURATION.MINUTES":34.0,"SAMPLING.EVENT.IDENTIFIER":"S195016410","species_list":"Common Tailorbird; Eurasian Collared-Dove; Gray-breasted Prinia; Gray Francolin; Greater Coucal; Green Sandpiper; Indian Peafowl; Jungle Prinia; Laughing Dove; Purple Sunbird; Rose-ringed Parakeet; Shikra; Sykes's Warbler; White-eared Bulbul","n_species":14,"focal_species_seen":"","focal_species_slugs":"","has_focal":false,"GRID_CODE":"GJ-KU-LAK-074","DISTRICT":"Kachchh","BLOCK":"Lakhpat"},"geometry":{"type":"Point","coordinates":[68.622252,23.4269693]}},{"type":"Feature","properties":{"GROUP.ID":"G13069062","LOCALITY":"Ratanpar Road, Kachchh IN-GJ 23.86698, 70.35400","LATITUDE":23.86698,"LONGITUDE":70.354,"OBSERVATION.DATE":"2024-09-14","OBSERVER.ID":"obsr447038","DURATION.MINUTES":180.0,"SAMPLING.EVENT.IDENTIFIER":"S195016812","species_list":"Ashy-crowned Sparrow-Lark; Asian Green Bee-eater; Baya Weaver; Blue-cheeked Bee-eater; Brown Rock Chat; Eurasian Collared-Dove; Laughing Dove; Little Egret; Long-tailed Shrike; Montagu's Harrier; Paddyfield Pipit; Purple Sunbird; Red-vented Bulbul; Siberian Stonechat; Spotted Flycatcher; Streaked Weaver","n_species":16,"focal_species_seen":"Blue-cheeked Bee-eater; Spotted Flycatcher","focal_species_slugs":"blue-cheeked-bee-eater;spotted-flycatcher","has_focal":true,"GRID_CODE":"GJ-KU-BHA-005","DISTRICT":"Kachchh","BLOCK":"Bhachau"},"geometry":{"type":"Point","coordinates":[70.354,23.86698]}},{"type":"Feature","properties":{"GROUP.ID":"G13032924","LOCALITY":"T30G3","LATITUDE":23.3529188,"LONGITUDE":69.2481562,"OBSERVATION.DATE":"2024-09-14","OBSERVER.ID":"obsr494050","DURATION.MINUTES":45.0,"SAMPLING.EVENT.IDENTIFIER":"S195016817","species_list":"Ashy-crowned Sparrow-Lark; Asian Green Bee-eater; Brahminy Starling; Common Babbler; Common Tailorbird; Common Woodshrike; Dusky Crag-Martin; Eastern Cattle-Egret; Eastern Red-rumped Swallow; House Sparrow; Indian Robin; Indian Roller; Laughing Dove; Little Swift; Pied Cuckoo; Plain Prinia; Purple Sunbird; Red-naped Ibis; Red-vented Bulbul; Red-wattled Lapwing; Red Collared-Dove; Spotted Flycatcher; Streak-throated Swallow; White-eared Bulbul; White-tailed Iora; Wire-tailed Swallow","n_species":26,"focal_species_seen":"Spotted Flycatcher","focal_species_slugs":"spotted-flycatcher","has_focal":true,"GRID_CODE":"GJ-KU-NAK-051","DISTRICT":"Kachchh","BLOCK":"Nakhatrana"},"geometry":{"type":"Point","coordinates":[69.2481562,23.3529188]}},{"type":"Feature","properties":{"GROUP.ID":"G13040690","LOCALITY":"T22_G3","LATITUDE":22.834654,"LONGITUDE":69.567994,"OBSERVATION.DATE":"2024-09-14","OBSERVER.ID":"obsr1662974","DURATION.MINUTES":50.0,"SAMPLING.EVENT.IDENTIFIER":"S195017230","species_list":"Ashy-crowned Sparrow-Lark; Asian Green Bee-eater; Baya Weaver; Black Drongo; Chestnut-bellied Sandgrouse; Common Babbler; Common Tailorbird; Eastern Red-rumped Swallow; Eurasian Moorhen; Gray Francolin; Greater Coucal; House Sparrow; Indian Bushlark; Indian Peafowl; Indian Robin; Indian Thick-knee; Laughing Dove; Lesser Whistling-Duck; Paddyfield Pipit; Plain Prinia; Red-vented Bulbul; Red-wattled Lapwing; River Tern; Rosy Starling; Rufous-tailed Lark; White-eared Bulbul; Wire-tailed Swallow; Yellow-wattled Lapwing","n_species":28,"focal_species_seen":"","focal_species_slugs":"","has_focal":false,"GRID_CODE":"GJ-KU-MUN-026","DISTRICT":"Kachchh","BLOCK":"Mundra"},"geometry":{"type":"Point","coordinates":[69.567994,22.834654]}},{"type":"Feature","properties":{"GROUP.ID":"G13040781","LOCALITY":"T23G3","LATITUDE":23.0933057,"LONGITUDE":69.5098552,"OBSERVATION.DATE":"2024-09-14","OBSERVER.ID":"obsr1525537","DURATION.MINUTES":28.0,"SAMPLING.EVENT.IDENTIFIER":"S195017469","species_list":"Ashy-crowned Sparrow-Lark; Asian Green Bee-eater; Bay-backed Shrike; Baya Weaver; Common Babbler; Common Hoopoe; Gray Francolin; Great Gray Shrike; Greater Short-toed Lark; Indian Bushlark; Indian Pond-Heron; Indian Robin; Indian Silverbill; Jungle Prinia; Laughing Dove; Long-tailed Shrike; Plain Prinia; Purple Sunbird; Red-vented Bulbul; Sykes's Warbler; White-eared Bulbul; White-tailed Iora; Wire-tailed Swallow; Zitting Cisticola","n_species":24,"focal_species_seen":"","focal_species_slugs":"","has_focal":false,"GRID_CODE":"GJ-KU-BHU-161","DISTRICT":"Kachchh","BLOCK":"Bhuj"},"geometry":{"type":"Point","coordinates":[69.5098552,23.0933057]}},{"type":"Feature","properties":{"GROUP.ID":"G13040780","LOCALITY":"T23G1","LATITUDE":23.0962638,"LONGITUDE":69.4257006,"OBSERVATION.DATE":"2024-09-14","OBSERVER.ID":"obsr1525537","DURATION.MINUTES":33.0,"SAMPLING.EVENT.IDENTIFIER":"S195017531","species_list":"Asian Green Bee-eater; Baya Weaver; Black-winged Kite; Black Drongo; Common Tailorbird; Jungle Prinia; Laughing Dove; Purple Sunbird; Red-vented Bulbul; Red-wattled Lapwing; Rose-ringed Parakeet; Spotted Flycatcher","n_species":12,"focal_species_seen":"Spotted Flycatcher","focal_species_slugs":"spotted-flycatcher","has_focal":true,"GRID_CODE":"GJ-KU-MAN-008","DISTRICT":"Kachchh","BLOCK":"Mandvi"},"geometry":{"type":"Point","coordinates":[69.4257006,23.0962638]}},{"type":"Feature","properties":{"GROUP.ID":"G13033290","LOCALITY":"T5G4","LATITUDE":23.2938551,"LONGITUDE":70.7458887,"OBSERVATION.DATE":"2024-09-14","OBSERVER.ID":"obsr914590","DURATION.MINUTES":53.0,"SAMPLING.EVENT.IDENTIFIER":"S195018087","species_list":"Ashy-crowned Sparrow-Lark; Asian Green Bee-eater; Baya Weaver; Common Babbler; Eastern Cattle-Egret; Eurasian Coot; Gray Wagtail; Green Sandpiper; Indian Pond-Heron; Indian Robin; Laughing Dove; Painted Stork; Red-vented Bulbul; Red-wattled Lapwing; Siberian Stonechat; Spotted Flycatcher; Streak-throated Swallow; White-eared Bulbul","n_species":18,"focal_species_seen":"Spotted Flycatcher","focal_species_slugs":"spotted-flycatcher","has_focal":true,"GRID_CODE":"GJ-KU-BHA-061","DISTRICT":"Kachchh","BLOCK":"Bhachau"},"geometry":{"type":"Point","coordinates":[70.7458887,23.2938551]}},{"type":"Feature","properties":{"GROUP.ID":"G13038286","LOCALITY":"T1G5, Bela Road, Kachchh, Gujarat, IN (23.863, 70.806)","LATITUDE":23.8628126,"LONGITUDE":70.8058005,"OBSERVATION.DATE":"2024-09-14","OBSERVER.ID":"obsr745299","DURATION.MINUTES":59.0,"SAMPLING.EVENT.IDENTIFIER":"S195018540","species_list":"Ashy-crowned Sparrow-Lark; Asian Green Bee-eater; Bay-backed Shrike; Baya Weaver; Black-winged Kite; Blue-cheeked Bee-eater; Brahminy Starling; Chestnut-bellied Sandgrouse; Common Babbler; Common Myna; Common Tailorbird; Eastern Cattle-Egret; Eastern Red-rumped Swallow; Eurasian Collared-Dove; Eurasian Coot; European Roller; Gray Francolin; Greater Coucal; House Sparrow; Indian Bushlark; Indian Peafowl; Indian Robin; Indian Silverbill; Indian Spot-billed Duck; Laughing Dove; Long-tailed Shrike; Plain Prinia; Purple Sunbird; Red-vented Bulbul; Red-wattled Lapwing; Red Collared-Dove; Rufous-fronted Prinia; Sykes's Warbler; Western Yellow Wagtail; White-eared Bulbul; White-throated Kingfisher","n_species":36,"focal_species_seen":"Blue-cheeked Bee-eater; European Roller","focal_species_slugs":"blue-cheeked-bee-eater;european-roller","has_focal":true,"GRID_CODE":"GJ-KU-RAP-007","DISTRICT":"Kachchh","BLOCK":"Rapar"},"geometry":{"type":"Point","coordinates":[70.8058005,23.8628126]}},{"type":"Feature","properties":{"GROUP.ID":"G13033108","LOCALITY":"PMC-T39G2","LATITUDE":23.5891335,"LONGITUDE":68.5062157,"OBSERVATION.DATE":"2024-09-14","OBSERVER.ID":"obsr1942754","DURATION.MINUTES":38.0,"SAMPLING.EVENT.IDENTIFIER":"S195020276","species_list":"Ashy-crowned Sparrow-Lark; Asian Green Bee-eater; Barred Buttonquail; Baya Weaver; Black-winged Stilt; Black Francolin; Common Babbler; Common Sandpiper; Desert Wheatear; Eastern Red-rumped Swallow; Eurasian Collared-Dove; Eurasian Spoonbill; European Roller; Gray Francolin; Great Gray Shrike; Greater Coucal; Gull-billed Tern; Indian Bushlark; Indian Peafowl; Indian Robin; Indian Silverbill; Isabelline Shrike; Knob-billed Duck; Laughing Dove; Lesser Whistling-Duck; Medium Egret; Paddyfield Pipit; Pied Cuckoo; Plain Prinia; Red-vented Bulbul; Red-wattled Lapwing; Rosy Starling; Rufous-fronted Prinia; Rufous-tailed Scrub-Robin; Siberian Stonechat; Streak-throated Swallow; Sykes's Warbler; Wire-tailed Swallow; Yellow-eyed Babbler; Zitting Cisticola","n_species":40,"focal_species_seen":"European Roller; Rufous-tailed Scrub-Robin","focal_species_slugs":"european-roller;rufous-tailed-scrub-robin","has_focal":true,"GRID_CODE":"GJ-KU-LAK-045","DISTRICT":"Kachchh","BLOCK":"Lakhpat"},"geometry":{"type":"Point","coordinates":[68.5062157,23.5891335]}},{"type":"Feature","properties":{"GROUP.ID":"G13033107","LOCALITY":"PMC-T39G1","LATITUDE":23.547323,"LONGITUDE":68.5279786,"OBSERVATION.DATE":"2024-09-14","OBSERVER.ID":"obsr1942754","DURATION.MINUTES":34.0,"SAMPLING.EVENT.IDENTIFIER":"S195020547","species_list":"Asian Green Bee-eater; Bay-backed Shrike; Baya Weaver; Black Francolin; Common Babbler; Common Hoopoe; Eurasian Collared-Dove; Eurasian Curlew; European Roller; Gray-breasted Prinia; Gray Francolin; Indian Bushlark; Isabelline Shrike; Laughing Dove; Plain Prinia; Purple Sunbird; Red-tailed Shrike; Red-vented Bulbul; Rosy Starling; Rufous-fronted Prinia; Rufous-tailed Scrub-Robin; Siberian Stonechat; Spotted Flycatcher; Western Marsh Harrier; White-tailed Iora; Yellow-eyed Babbler","n_species":26,"focal_species_seen":"European Roller; Red-tailed Shrike; Rufous-tailed Scrub-Robin; Spotted Flycatcher","focal_species_slugs":"european-roller;red-tailed-shrike;rufous-tailed-scrub-robin;spotted-flycatcher","has_focal":true,"GRID_CODE":"GJ-KU-LAK-055","DISTRICT":"Kachchh","BLOCK":"Lakhpat"},"geometry":{"type":"Point","coordinates":[68.5279786,23.547323]}},{"type":"Feature","properties":{"GROUP.ID":"G13069060","LOCALITY":"t8g3, Bhachau, Kachchh IN-GJ 23.90922, 70.32576","LATITUDE":23.90922,"LONGITUDE":70.32576,"OBSERVATION.DATE":"2024-09-14","OBSERVER.ID":"obsr447038","DURATION.MINUTES":74.0,"SAMPLING.EVENT.IDENTIFIER":"S195021587","species_list":"Ashy-crowned Sparrow-Lark; Barn Swallow; Brown Rock Chat; Common Babbler; Eastern Red-rumped Swallow; Eurasian Collared-Dove; European Roller; Gray Francolin; Great Gray Shrike; Greater Flamingo; House Sparrow; Indian Robin; Laughing Dove; Long-tailed Shrike; Red-tailed Shrike; Red-wattled Lapwing; Red Collared-Dove; Streaked Weaver; Yellow-throated Sparrow","n_species":19,"focal_species_seen":"European Roller; Red-tailed Shrike","focal_species_slugs":"european-roller;red-tailed-shrike","has_focal":true,"GRID_CODE":"GJ-KU-BHA-005","DISTRICT":"Kachchh","BLOCK":"Bhachau"},"geometry":{"type":"Point","coordinates":[70.32576,23.90922]}},{"type":"Feature","properties":{"GROUP.ID":"G13040331","LOCALITY":"PMC2024_T40G3","LATITUDE":22.8796176,"LONGITUDE":69.2821847,"OBSERVATION.DATE":"2024-09-14","OBSERVER.ID":"obsr358210","DURATION.MINUTES":33.0,"SAMPLING.EVENT.IDENTIFIER":"S195021655","species_list":"Asian Green Bee-eater; Baya Weaver; Black Drongo; Common Babbler; Common Hoopoe; Common Tailorbird; Gray-breasted Prinia; Gray Francolin; House Sparrow; Indian Silverbill; Isabelline Wheatear; Jungle Prinia; Laughing Dove; Little Cormorant; Plain Prinia; Purple Sunbird; Red-naped Ibis; Red-vented Bulbul; Red-wattled Lapwing; Spotted Flycatcher; Spotted Owlet; White-eared Bulbul; White-throated Kingfisher; Zitting Cisticola","n_species":24,"focal_species_seen":"Spotted Flycatcher","focal_species_slugs":"spotted-flycatcher","has_focal":true,"GRID_CODE":"GJ-KU-MAN-040","DISTRICT":"Kachchh","BLOCK":"Mandvi"},"geometry":{"type":"Point","coordinates":[69.2821847,22.8796176]}},{"type":"Feature","properties":{"GROUP.ID":"G13040330","LOCALITY":"PMC2024_T40G5","LATITUDE":22.9683738,"LONGITUDE":69.277457,"OBSERVATION.DATE":"2024-09-14","OBSERVER.ID":"obsr358210","DURATION.MINUTES":42.0,"SAMPLING.EVENT.IDENTIFIER":"S195021713","species_list":"Ashy-crowned Sparrow-Lark; Black Drongo; Blyth's Reed Warbler; Common Babbler; Common Tailorbird; Eastern Cattle-Egret; Gray-breasted Prinia; Gray Francolin; Greater Coucal; Gull-billed Tern; House Sparrow; Jungle Prinia; Laughing Dove; Little Cormorant; Purple Sunbird; Red-vented Bulbul; Rosy Starling; White-throated Kingfisher; Wire-tailed Swallow","n_species":19,"focal_species_seen":"","focal_species_slugs":"","has_focal":false,"GRID_CODE":"GJ-KU-MAN-021","DISTRICT":"Kachchh","BLOCK":"Mandvi"},"geometry":{"type":"Point","coordinates":[69.277457,22.9683738]}},{"type":"Feature","properties":{"GROUP.ID":"G13033239","LOCALITY":"T36G6","LATITUDE":23.698328,"LONGITUDE":68.7630473,"OBSERVATION.DATE":"2024-09-14","OBSERVER.ID":"obsr541513","DURATION.MINUTES":60.0,"SAMPLING.EVENT.IDENTIFIER":"S195021975","species_list":"Ashy-crowned Sparrow-Lark; Asian Green Bee-eater; Common Babbler; Common Tailorbird; Common Woodshrike; Eurasian Collared-Dove; European Roller; Gray-breasted Prinia; Gray Francolin; Indian Bushlark; Indian Peafowl; Indian Silverbill; Jungle Prinia; Laughing Dove; Little Cormorant; Purple Sunbird; Red-vented Bulbul; Red-wattled Lapwing; Rosy Starling; White-eared Bulbul; White-throated Kingfisher","n_species":21,"focal_species_seen":"European Roller","focal_species_slugs":"european-roller","has_focal":true,"GRID_CODE":"GJ-KU-LAK-022","DISTRICT":"Kachchh","BLOCK":"Lakhpat"},"geometry":{"type":"Point","coordinates":[68.7630473,23.698328]}},{"type":"Feature","properties":{"GROUP.ID":"G13040956","LOCALITY":"T19G3","LATITUDE":23.415114,"LONGITUDE":69.3680298,"OBSERVATION.DATE":"2024-09-14","OBSERVER.ID":"obsr358777","DURATION.MINUTES":40.0,"SAMPLING.EVENT.IDENTIFIER":"S195022139","species_list":"Asian Green Bee-eater; Common Babbler; Eastern Cattle-Egret; Eastern Red-rumped Swallow; European Roller; Gray-breasted Prinia; Gray-necked Bunting; Gray Francolin; Indian Bushlark; Indian Peafowl; Indian Robin; Indian Silverbill; Jungle Prinia; Laughing Dove; Lesser Whitethroat; Pied Cuckoo; Purple Sunbird; Red-vented Bulbul; River Tern; Rufous-fronted Prinia; White-eared Bulbul; White-tailed Iora; Yellow-throated Sparrow","n_species":23,"focal_species_seen":"European Roller","focal_species_slugs":"european-roller","has_focal":true,"GRID_CODE":"GJ-KU-NAK-036","DISTRICT":"Kachchh","BLOCK":"Nakhatrana"},"geometry":{"type":"Point","coordinates":[69.3680298,23.415114]}},{"type":"Feature","properties":{"GROUP.ID":"G13036024","LOCALITY":"T37G5-Mudhan, Gujarat, IN (23.751, 68.938)","LATITUDE":23.750785,"LONGITUDE":68.9380617,"OBSERVATION.DATE":"2024-09-14","OBSERVER.ID":"obsr4570921","DURATION.MINUTES":41.0,"SAMPLING.EVENT.IDENTIFIER":"S195022672","species_list":"Ashy-crowned Sparrow-Lark; Asian Green Bee-eater; Chestnut-bellied Sandgrouse; Common Babbler; Common Tailorbird; Eurasian Collared-Dove; European Roller; Gray Francolin; Laughing Dove; Purple Sunbird; Red-vented Bulbul; Red-wattled Lapwing; Rufous-fronted Prinia; White-eared Bulbul; Yellow-wattled Lapwing","n_species":15,"focal_species_seen":"European Roller","focal_species_slugs":"european-roller","has_focal":true,"GRID_CODE":"GJ-KU-LAK-015","DISTRICT":"Kachchh","BLOCK":"Lakhpat"},"geometry":{"type":"Point","coordinates":[68.9380617,23.750785]}},{"type":"Feature","properties":{"GROUP.ID":"G13035406","LOCALITY":"T34G1","LATITUDE":23.195732,"LONGITUDE":68.741272,"OBSERVATION.DATE":"2024-09-14","OBSERVER.ID":"obsr870757","DURATION.MINUTES":54.0,"SAMPLING.EVENT.IDENTIFIER":"S195023061","species_list":"Ashy-crowned Sparrow-Lark; Barred Buttonquail; Bay-backed Shrike; Baya Weaver; Black-crowned Night Heron; Black-winged Kite; Black Drongo; Black Francolin; Common Babbler; Eastern Cattle-Egret; Eurasian Spoonbill; European Roller; Glossy Ibis; Gray-necked Bunting; Gray Francolin; Great Egret; Green Sandpiper; Indian Pond-Heron; Indian Silverbill; Indian Spot-billed Duck; Knob-billed Duck; Laughing Dove; Little Cormorant; Little Egret; Long-tailed Shrike; Paddyfield Pipit; Plain Prinia; Rain Quail; Red-vented Bulbul; Red-wattled Lapwing; Red Collared-Dove; Rosy Starling; Rufous-fronted Prinia; Siberian Stonechat; Sykes's Warbler; White-tailed Iora; White-throated Kingfisher; Wire-tailed Swallow; Yellow-crowned Woodpecker","n_species":39,"focal_species_seen":"European Roller","focal_species_slugs":"european-roller","has_focal":true,"GRID_CODE":"GJ-KU-ABD-058","DISTRICT":"Kachchh","BLOCK":"Abdasa"},"geometry":{"type":"Point","coordinates":[68.741272,23.195732]}},{"type":"Feature","properties":{"GROUP.ID":"G13036017","LOCALITY":"T37G2-Dhareshi - Gaduli Road, Gujarat, IN (23.691, 68.868)","LATITUDE":23.691,"LONGITUDE":68.868,"OBSERVATION.DATE":"2024-09-14","OBSERVER.ID":"obsr4570921","DURATION.MINUTES":48.0,"SAMPLING.EVENT.IDENTIFIER":"S195023119","species_list":"Asian Green Bee-eater; Baya Weaver; Black-winged Kite; Black Francolin; Clamorous Reed Warbler; Common Babbler; Eurasian Collared-Dove; Eurasian Coot; Gray-breasted Prinia; Indian Bushlark; Indian Pond-Heron; Indian Silverbill; Jungle Prinia; Laughing Dove; Lesser Whistling-Duck; Little Grebe; Long-tailed Shrike; Purple Sunbird; Red-backed Shrike; Red-vented Bulbul; Red Collared-Dove; Rosy Starling; Zitting Cisticola","n_species":23,"focal_species_seen":"Red-backed Shrike","focal_species_slugs":"red-backed-shrike","has_focal":true,"GRID_CODE":"GJ-KU-LAK-024","DISTRICT":"Kachchh","BLOCK":"Lakhpat"},"geometry":{"type":"Point","coordinates":[68.868,23.691]}},{"type":"Feature","properties":{"GROUP.ID":"G13035405","LOCALITY":"T34G2","LATITUDE":23.229728,"LONGITUDE":68.614815,"OBSERVATION.DATE":"2024-09-14","OBSERVER.ID":"obsr870757","DURATION.MINUTES":46.0,"SAMPLING.EVENT.IDENTIFIER":"S195023323","species_list":"Asian Green Bee-eater; Black-winged Stilt; Black Drongo; Common Babbler; Common Greenshank; Common Myna; Common Redshank; Common Sandpiper; Common Tailorbird; Dusky Crag-Martin; Eastern Cattle-Egret; Gray Francolin; Great Egret; Gull-billed Tern; House Crow; House Sparrow; Isabelline Shrike; Kentish Plover; Laughing Dove; Lesser Black-backed Gull; Little Ringed Plover; Little Stint; Long-tailed Shrike; Medium Egret; Red-wattled Lapwing; Rose-ringed Parakeet; Rosy Starling; Sand Lark; Tibetan Sand-Plover; Western Reef-Heron; Wire-tailed Swallow","n_species":31,"focal_species_seen":"","focal_species_slugs":"","has_focal":false,"GRID_CODE":"GJ-KU-ABD-044","DISTRICT":"Kachchh","BLOCK":"Abdasa"},"geometry":{"type":"Point","coordinates":[68.614815,23.229728]}},{"type":"Feature","properties":{"GROUP.ID":"G13069059","LOCALITY":"Bhachau, Kachchh IN-GJ 23.89344, 70.32705","LATITUDE":23.89344,"LONGITUDE":70.32705,"OBSERVATION.DATE":"2024-09-14","OBSERVER.ID":"obsr447038","DURATION.MINUTES":26.0,"SAMPLING.EVENT.IDENTIFIER":"S195023439","species_list":"Bank Swallow; Barred Buttonquail; Common Hoopoe; Gray Francolin; Great Gray Shrike; Long-tailed Shrike; Plain Prinia; Variable Wheatear; White-eared Bulbul; White-tailed Iora; White-throated Kingfisher","n_species":11,"focal_species_seen":"","focal_species_slugs":"","has_focal":false,"GRID_CODE":"GJ-KU-BHA-005","DISTRICT":"Kachchh","BLOCK":"Bhachau"},"geometry":{"type":"Point","coordinates":[70.32705,23.89344]}},{"type":"Feature","properties":{"GROUP.ID":"G13069061","LOCALITY":"Bhachau, Kachchh IN-GJ 23.87897, 70.33802","LATITUDE":23.87897,"LONGITUDE":70.33802,"OBSERVATION.DATE":"2024-09-14","OBSERVER.ID":"obsr447038","DURATION.MINUTES":35.0,"SAMPLING.EVENT.IDENTIFIER":"S195023597","species_list":"Asian Green Bee-eater; Barn Swallow; Barred Buttonquail; Black-headed Ibis; Black-winged Stilt; Black Drongo; Common Babbler; Common Hoopoe; Common Redshank; Delicate Prinia; Eurasian Collared-Dove; European Roller; Garganey; Glossy Ibis; Green Sandpiper; Green Warbler; Indian Cormorant; Indian Pond-Heron; Indian Spot-billed Duck; Laughing Dove; Little Cormorant; Little Egret; Little Grebe; Long-tailed Shrike; Painted Stork; Red-vented Bulbul; Red-wattled Lapwing; River Tern; Rose-ringed Parakeet; Sykes's Warbler; Whiskered Tern; White-eared Bulbul; White-throated Kingfisher","n_species":33,"focal_species_seen":"European Roller","focal_species_slugs":"european-roller","has_focal":true,"GRID_CODE":"GJ-KU-BHA-005","DISTRICT":"Kachchh","BLOCK":"Bhachau"},"geometry":{"type":"Point","coordinates":[70.33802,23.87897]}},{"type":"Feature","properties":{"GROUP.ID":"G13033205","LOCALITY":"T2G3","LATITUDE":23.6034537,"LONGITUDE":71.0345141,"OBSERVATION.DATE":"2024-09-14","OBSERVER.ID":"obsr957419","DURATION.MINUTES":78.0,"SAMPLING.EVENT.IDENTIFIER":"S195023971","species_list":"Ashy-crowned Sparrow-Lark; Asian Green Bee-eater; Barn Swallow; Black-headed Ibis; Black-winged Kite; Blue-cheeked Bee-eater; Common Babbler; Common Hoopoe; Eurasian Collared-Dove; Eurasian Coot; European Roller; Gray Francolin; Greater Flamingo; House Crow; House Sparrow; Indian Bushlark; Indian Peafowl; Indian Pond-Heron; Indian Silverbill; Indian Spot-billed Duck; Lesser Whistling-Duck; Medium Egret; Paddyfield Pipit; Painted Stork; Pied Avocet; Pied Cuckoo; Plain Prinia; Purple Heron; Purple Sunbird; Red-vented Bulbul; Red-wattled Lapwing; Red Collared-Dove; River Tern; Rosy Starling; Rufous-fronted Prinia; Siberian Stonechat; Western Marsh Harrier; Whiskered Tern; White-eared Bulbul; Wire-tailed Swallow; Zitting Cisticola","n_species":41,"focal_species_seen":"Blue-cheeked Bee-eater; European Roller","focal_species_slugs":"blue-cheeked-bee-eater;european-roller","has_focal":true,"GRID_CODE":"GJ-KU-LIT-014","DISTRICT":"Kachchh","BLOCK":"Little Rann"},"geometry":{"type":"Point","coordinates":[71.0345141,23.6034537]}},{"type":"Feature","properties":{"GROUP.ID":"G13033229","LOCALITY":"T24G3","LATITUDE":23.1005683,"LONGITUDE":69.044915,"OBSERVATION.DATE":"2024-09-14","OBSERVER.ID":"obsr1476441","DURATION.MINUTES":66.0,"SAMPLING.EVENT.IDENTIFIER":"S195024103","species_list":"Ashy-crowned Sparrow-Lark; Asian Green Bee-eater; Bay-backed Shrike; Baya Weaver; Black-winged Kite; Black Drongo; Common Babbler; Common Tailorbird; Eastern Cattle-Egret; Eastern Red-rumped Swallow; Eurasian Collared-Dove; Eurasian Wryneck; European Roller; Gray-breasted Prinia; Gray Francolin; Greater Coucal; Indian Peafowl; Indian Robin; Jungle Prinia; Laughing Dove; Lesser Whitethroat; Little Cormorant; Pied Cuckoo; Plain Prinia; Purple Sunbird; Red-naped Ibis; Red-vented Bulbul; Red-wattled Lapwing; Red Collared-Dove; Rose-ringed Parakeet; Rosy Starling; Rufous-fronted Prinia; Variable Wheatear; White-eared Bulbul; White-tailed Iora; White-throated Kingfisher; Wire-tailed Swallow","n_species":37,"focal_species_seen":"European Roller","focal_species_slugs":"european-roller","has_focal":true,"GRID_CODE":"GJ-KU-ABD-083","DISTRICT":"Kachchh","BLOCK":"Abdasa"},"geometry":{"type":"Point","coordinates":[69.044915,23.1005683]}},{"type":"Feature","properties":{"GROUP.ID":"G13033232","LOCALITY":"T24G4","LATITUDE":23.100555,"LONGITUDE":69.1197183,"OBSERVATION.DATE":"2024-09-14","OBSERVER.ID":"obsr1476441","DURATION.MINUTES":63.0,"SAMPLING.EVENT.IDENTIFIER":"S195024169","species_list":"Ashy-crowned Sparrow-Lark; Asian Green Bee-eater; Baya Weaver; Black Drongo; Chestnut-bellied Sandgrouse; Common Babbler; Eastern Cattle-Egret; Eastern Red-rumped Swallow; Eurasian Wryneck; European Roller; Gray-breasted Prinia; Indian Peafowl; Indian Silverbill; Jungle Prinia; Laughing Dove; Little Cormorant; Plain Prinia; Red-vented Bulbul; Red-wattled Lapwing; Rose-ringed Parakeet; Rufous-fronted Prinia; Western Marsh Harrier; White-throated Kingfisher; Wire-tailed Swallow","n_species":24,"focal_species_seen":"European Roller","focal_species_slugs":"european-roller","has_focal":true,"GRID_CODE":"GJ-KU-ABD-085","DISTRICT":"Kachchh","BLOCK":"Abdasa"},"geometry":{"type":"Point","coordinates":[69.1197183,23.100555]}},{"type":"Feature","properties":{"GROUP.ID":"G13069063","LOCALITY":"t8g2, Ratanpar Road, Kachchh IN-GJ 23.86047, 70.36389","LATITUDE":23.86047,"LONGITUDE":70.36389,"OBSERVATION.DATE":"2024-09-14","OBSERVER.ID":"obsr447038","DURATION.MINUTES":20.0,"SAMPLING.EVENT.IDENTIFIER":"S195025141","species_list":"Asian Green Bee-eater; Common Babbler; House Sparrow; Isabelline Shrike; Purple Sunbird; White-browed Wagtail; White-eared Bulbul; Yellow-throated Sparrow","n_species":8,"focal_species_seen":"","focal_species_slugs":"","has_focal":false,"GRID_CODE":"GJ-KU-BHA-006","DISTRICT":"Kachchh","BLOCK":"Bhachau"},"geometry":{"type":"Point","coordinates":[70.36389,23.86047]}},{"type":"Feature","properties":{"GROUP.ID":"G13034653","LOCALITY":"T35G1, IN (23.406, 68.573)","LATITUDE":23.4064892,"LONGITUDE":68.5726714,"OBSERVATION.DATE":"2024-09-14","OBSERVER.ID":"obsr834427","DURATION.MINUTES":34.0,"SAMPLING.EVENT.IDENTIFIER":"S195025192","species_list":"Ashy-crowned Sparrow-Lark; Asian Green Bee-eater; Asian Koel; Barn Swallow; Black-winged Kite; Black Drongo; Brahminy Kite; Common Babbler; Common Greenshank; Common Myna; Crested Lark; Delicate Prinia; Eurasian Collared-Dove; Eurasian Curlew; Eurasian Spoonbill; European Roller; Glossy Ibis; Gray-breasted Prinia; Gray Francolin; Gray Heron; Great Egret; Greater Coucal; Green Sandpiper; Gull-billed Tern; Indian Bushlark; Indian Pond-Heron; Indian Robin; Laughing Dove; Little Egret; Little Heron; Little Stint; Medium Egret; Oriental Darter; Painted Stork; Purple Sunbird; Red-vented Bulbul; Red-wattled Lapwing; Red Collared-Dove; River Tern; Rosy Starling; Rufous-fronted Prinia; Rufous-tailed Lark; Western Reef-Heron; Whiskered Tern; White-eared Bulbul; White-throated Kingfisher","n_species":46,"focal_species_seen":"European Roller","focal_species_slugs":"european-roller","has_focal":true,"GRID_CODE":"GJ-KU-ABD-010","DISTRICT":"Kachchh","BLOCK":"Abdasa"},"geometry":{"type":"Point","coordinates":[68.5726714,23.4064892]}},{"type":"Feature","properties":{"GROUP.ID":"G13065252","LOCALITY":"Bhuj, Kachchh IN-GJ 23.24426, 69.78820","LATITUDE":23.244257,"LONGITUDE":69.788205,"OBSERVATION.DATE":"2024-09-14","OBSERVER.ID":"obsr1636070","DURATION.MINUTES":68.0,"SAMPLING.EVENT.IDENTIFIER":"S195025579","species_list":"Ashy-crowned Sparrow-Lark; Asian Green Bee-eater; Asian Koel; Black-winged Stilt; Eurasian Collared-Dove; Gray Heron; Gray Wagtail; Indian Peafowl; Indian Silverbill; Knob-billed Duck; Little Egret; Red-naped Ibis; Red Collared-Dove; River Tern; Shikra","n_species":15,"focal_species_seen":"","focal_species_slugs":"","has_focal":false,"GRID_CODE":"GJ-KU-BHU-137","DISTRICT":"Kachchh","BLOCK":"Bhuj"},"geometry":{"type":"Point","coordinates":[69.788205,23.244257]}},{"type":"Feature","properties":{"GROUP.ID":"G13034651","LOCALITY":"Unnamed Road, Hothiay, Gujarat, IN (23.495, 68.565)","LATITUDE":23.4950641,"LONGITUDE":68.5654056,"OBSERVATION.DATE":"2024-09-14","OBSERVER.ID":"obsr834427","DURATION.MINUTES":10.0,"SAMPLING.EVENT.IDENTIFIER":"S195027198","species_list":"Ashy-crowned Sparrow-Lark; Asian Green Bee-eater; Black Drongo; Common Myna; Common Tailorbird; Eurasian Collared-Dove; European Roller; Glossy Ibis; Gray-breasted Prinia; Gray Francolin; Indian Bushlark; Indian Spot-billed Duck; Jungle Prinia; Laughing Dove; Paddyfield Pipit; Pied Cuckoo; Purple Sunbird; Red-vented Bulbul; Red-wattled Lapwing; Red Collared-Dove; Rose-ringed Parakeet; Rufous-fronted Prinia; Siberian Stonechat; Small Minivet; Variable Wheatear; White-eared Bulbul; White-tailed Iora","n_species":27,"focal_species_seen":"European Roller","focal_species_slugs":"european-roller","has_focal":true,"GRID_CODE":"GJ-KU-ABD-001","DISTRICT":"Kachchh","BLOCK":"Abdasa"},"geometry":{"type":"Point","coordinates":[68.5654056,23.4950641]}},{"type":"Feature","properties":{"GROUP.ID":"G13069072","LOCALITY":"T27G4","LATITUDE":23.5318962,"LONGITUDE":69.0925018,"OBSERVATION.DATE":"2024-09-14","OBSERVER.ID":"obsr1099583","DURATION.MINUTES":64.0,"SAMPLING.EVENT.IDENTIFIER":"S195027643","species_list":"Ashy-crowned Sparrow-Lark; Asian Green Bee-eater; Asian Koel; Bay-backed Shrike; Baya Weaver; Black Drongo; Common Babbler; Common Hoopoe; Common Sandpiper; Common Tailorbird; Eastern Cattle-Egret; Eurasian Moorhen; Eurasian Spoonbill; European Roller; Gray-necked Bunting; Gray Francolin; Green Sandpiper; House Sparrow; Indian Robin; Indian Roller; Indian Silverbill; Indian Spot-billed Duck; Jungle Prinia; Knob-billed Duck; Laughing Dove; Lesser Whistling-Duck; Little Cormorant; Little Ringed Plover; Oriental Darter; Pied Cuckoo; Pied Kingfisher; Purple Sunbird; Red-naped Ibis; Red-vented Bulbul; Red-wattled Lapwing; Red Collared-Dove; River Tern; Rosy Starling; Rufous-fronted Prinia; Rufous-tailed Lark; Western Yellow Wagtail; White-eared Bulbul; White-tailed Iora; White-throated Kingfisher; Wire-tailed Swallow; Zitting Cisticola","n_species":46,"focal_species_seen":"European Roller","focal_species_slugs":"european-roller","has_focal":true,"GRID_CODE":"GJ-KU-NAK-010","DISTRICT":"Kachchh","BLOCK":"Nakhatrana"},"geometry":{"type":"Point","coordinates":[69.0925018,23.5318962]}},{"type":"Feature","properties":{"GROUP.ID":"G13040863","LOCALITY":"Pingleshvar beach","LATITUDE":23.0657699,"LONGITUDE":68.8009117,"OBSERVATION.DATE":"2024-09-14","OBSERVER.ID":"obsr1419186","DURATION.MINUTES":26.0,"SAMPLING.EVENT.IDENTIFIER":"S195029068","species_list":"Black-headed Ibis; Black-winged Stilt; Eurasian Spoonbill; Great Egret; Greater Flamingo; Isabelline Shrike; Little Cormorant; Little Stint; Medium Egret; Red-wattled Lapwing; Western Reef-Heron","n_species":11,"focal_species_seen":"","focal_species_slugs":"","has_focal":false,"GRID_CODE":"GJ-KU-ABD-078","DISTRICT":"Kachchh","BLOCK":"Abdasa"},"geometry":{"type":"Point","coordinates":[68.8009117,23.0657699]}},{"type":"Feature","properties":{"GROUP.ID":"G13065263","LOCALITY":"Raydhanpar Traya Road, Kachchh IN-GJ 23.27709, 69.75581","LATITUDE":23.277094,"LONGITUDE":69.755812,"OBSERVATION.DATE":"2024-09-14","OBSERVER.ID":"obsr1636070","DURATION.MINUTES":29.0,"SAMPLING.EVENT.IDENTIFIER":"S195029106","species_list":"Asian Green Bee-eater; Black-winged Stilt; Common Babbler; European Roller; Gray Francolin; House Sparrow; Indian Silverbill; Laughing Dove; Paddyfield Pipit; Painted Sandgrouse; Red-vented Bulbul; Red-wattled Lapwing; Red Collared-Dove; Rock Bush-Quail; White-eared Bulbul; Yellow-wattled Lapwing","n_species":16,"focal_species_seen":"European Roller","focal_species_slugs":"european-roller","has_focal":true,"GRID_CODE":"GJ-KU-BHU-124","DISTRICT":"Kachchh","BLOCK":"Bhuj"},"geometry":{"type":"Point","coordinates":[69.755812,23.277094]}},{"type":"Feature","properties":{"GROUP.ID":"G13038282","LOCALITY":"T1G1, Balasar-Deslpar Road, Kachchh, Gujarat, IN (23.77, 70.674)","LATITUDE":23.7704581,"LONGITUDE":70.67416,"OBSERVATION.DATE":"2024-09-14","OBSERVER.ID":"obsr745299","DURATION.MINUTES":40.0,"SAMPLING.EVENT.IDENTIFIER":"S195032002","species_list":"Ashy-crowned Sparrow-Lark; Black-winged Stilt; Blue-cheeked Bee-eater; Common Babbler; Demoiselle Crane; Eastern Red-rumped Swallow; Eurasian Collared-Dove; Eurasian Moorhen; Gray Francolin; Greater Flamingo; House Sparrow; Indian Spot-billed Duck; Isabelline Shrike; Laughing Dove; Little Grebe; Long-tailed Shrike; Marsh Sandpiper; Pied Kingfisher; Plain Prinia; Purple Sunbird; Red-vented Bulbul; Red-wattled Lapwing; River Tern; Western Marsh Harrier; Whiskered Tern; White-eared Bulbul","n_species":26,"focal_species_seen":"Blue-cheeked Bee-eater","focal_species_slugs":"blue-cheeked-bee-eater","has_focal":true,"GRID_CODE":"GJ-KU-RAP-016","DISTRICT":"Kachchh","BLOCK":"Rapar"},"geometry":{"type":"Point","coordinates":[70.67416,23.7704581]}},{"type":"Feature","properties":{"GROUP.ID":"G13033797","LOCALITY":"T38G3","LATITUDE":23.7393151,"LONGITUDE":68.7413776,"OBSERVATION.DATE":"2024-09-14","OBSERVER.ID":"obsr3226404","DURATION.MINUTES":47.0,"SAMPLING.EVENT.IDENTIFIER":"S195032098","species_list":"Bay-backed Shrike; Baya Weaver; Black Drongo; Brahminy Starling; Common Babbler; Common Tailorbird; Eastern Cattle-Egret; Eastern Red-rumped Swallow; Eurasian Coot; Eurasian Moorhen; Gray-breasted Prinia; Gray Francolin; Indian Cormorant; Indian Golden Oriole; Indian Peafowl; Indian Spot-billed Duck; Jungle Prinia; Laughing Dove; Lesser Whistling-Duck; Little Grebe; Little Swift; Purple Sunbird; Red-vented Bulbul; Rosy Starling; Rufous-fronted Prinia; Tawny Pipit; Western Yellow Wagtail; White-eared Bulbul; White-tailed Iora","n_species":29,"focal_species_seen":"","focal_species_slugs":"","has_focal":false,"GRID_CODE":"GJ-KU-LAK-011","DISTRICT":"Kachchh","BLOCK":"Lakhpat"},"geometry":{"type":"Point","coordinates":[68.7413776,23.7393151]}},{"type":"Feature","properties":{"GROUP.ID":"G13033579","LOCALITY":"PMC2024 T4G1","LATITUDE":23.555469,"LONGITUDE":70.6661495,"OBSERVATION.DATE":"2024-09-14","OBSERVER.ID":"obsr4371339","DURATION.MINUTES":41.0,"SAMPLING.EVENT.IDENTIFIER":"S195032392","species_list":"Asian Green Bee-eater; Baya Weaver; Black-headed Ibis; Black-winged Kite; Black-winged Stilt; Common Babbler; Common Sandpiper; Eurasian Collared-Dove; Glossy Ibis; Gray-breasted Prinia; Gray Francolin; House Sparrow; Indian Peafowl; Jungle Prinia; Knob-billed Duck; Laughing Dove; Little Grebe; Purple Sunbird; Red-naped Ibis; Red-vented Bulbul; Red-wattled Lapwing; White-eared Bulbul; Wood Sandpiper","n_species":23,"focal_species_seen":"","focal_species_slugs":"","has_focal":false,"GRID_CODE":"GJ-KU-RAP-064","DISTRICT":"Kachchh","BLOCK":"Rapar"},"geometry":{"type":"Point","coordinates":[70.6661495,23.555469]}},{"type":"Feature","properties":{"GROUP.ID":"G13033578","LOCALITY":"T5G2","LATITUDE":23.2560892,"LONGITUDE":70.4948619,"OBSERVATION.DATE":"2024-09-14","OBSERVER.ID":"obsr914590","DURATION.MINUTES":42.0,"SAMPLING.EVENT.IDENTIFIER":"S195035065","species_list":"Ashy-crowned Sparrow-Lark; Barred Buttonquail; Baya Weaver; Black Francolin; Common Babbler; Eurasian Collared-Dove; Gray-breasted Prinia; Gray Francolin; Green Sandpiper; Indian Peafowl; Indian Pond-Heron; Indian Silverbill; Laughing Dove; Little Cormorant; Plain Prinia; Purple Sunbird; Red-vented Bulbul; Rufous-tailed Lark; White-eared Bulbul","n_species":19,"focal_species_seen":"","focal_species_slugs":"","has_focal":false,"GRID_CODE":"GJ-KU-BHA-067","DISTRICT":"Kachchh","BLOCK":"Bhachau"},"geometry":{"type":"Point","coordinates":[70.4948619,23.2560892]}},{"type":"Feature","properties":{"GROUP.ID":"G13040864","LOCALITY":"PMC_T29G4","LATITUDE":23.1307796,"LONGITUDE":68.8836348,"OBSERVATION.DATE":"2024-09-14","OBSERVER.ID":"obsr1419186","DURATION.MINUTES":58.0,"SAMPLING.EVENT.IDENTIFIER":"S195038519","species_list":"Ashy-crowned Sparrow-Lark; Asian Green Bee-eater; Bay-backed Shrike; Baya Weaver; Black Drongo; Common Babbler; Common Tailorbird; Gray-breasted Prinia; Gray Francolin; Greater Coucal; Lesser Whitethroat; Long-tailed Shrike; Plain Prinia; Purple Sunbird; Red-naped Ibis; Red-vented Bulbul; Rosy Starling; Rufous-fronted Prinia; White-eared Bulbul; Zitting Cisticola","n_species":20,"focal_species_seen":"","focal_species_slugs":"","has_focal":false,"GRID_CODE":"GJ-KU-ABD-072","DISTRICT":"Kachchh","BLOCK":"Abdasa"},"geometry":{"type":"Point","coordinates":[68.8836348,23.1307796]}},{"type":"Feature","properties":{"GROUP.ID":"G13048170","LOCALITY":"TEAM 31_GRID_3_Additional transect","LATITUDE":23.5731935,"LONGITUDE":69.2501181,"OBSERVATION.DATE":"2024-09-14","OBSERVER.ID":"obsr457663","DURATION.MINUTES":9.0,"SAMPLING.EVENT.IDENTIFIER":"S195039166","species_list":"Pied Cuckoo; Rufous-tailed Scrub-Robin; Spotted Flycatcher","n_species":3,"focal_species_seen":"Rufous-tailed Scrub-Robin; Spotted Flycatcher","focal_species_slugs":"rufous-tailed-scrub-robin;spotted-flycatcher","has_focal":true,"GRID_CODE":"GJ-KU-NAK-007","DISTRICT":"Kachchh","BLOCK":"Nakhatrana"},"geometry":{"type":"Point","coordinates":[69.2501181,23.5731935]}},{"type":"Feature","properties":{"GROUP.ID":"G13035202","LOCALITY":"Beru, Gujarat, IN (23.31, 69.259)","LATITUDE":23.3096412,"LONGITUDE":69.259003,"OBSERVATION.DATE":"2024-09-14","OBSERVER.ID":"obsr494050","DURATION.MINUTES":null,"SAMPLING.EVENT.IDENTIFIER":"S195043264","species_list":"Shikra","n_species":1,"focal_species_seen":"","focal_species_slugs":"","has_focal":false,"GRID_CODE":"GJ-KU-NAK-057","DISTRICT":"Kachchh","BLOCK":"Nakhatrana"},"geometry":{"type":"Point","coordinates":[69.259003,23.3096412]}},{"type":"Feature","properties":{"GROUP.ID":"G13035201","LOCALITY":"Sangnara, Gujarat, IN (23.307, 69.267)","LATITUDE":23.3070442,"LONGITUDE":69.2669286,"OBSERVATION.DATE":"2024-09-14","OBSERVER.ID":"obsr494050","DURATION.MINUTES":null,"SAMPLING.EVENT.IDENTIFIER":"S195043762","species_list":"Black Drongo","n_species":1,"focal_species_seen":"","focal_species_slugs":"","has_focal":false,"GRID_CODE":"GJ-KU-NAK-057","DISTRICT":"Kachchh","BLOCK":"Nakhatrana"},"geometry":{"type":"Point","coordinates":[69.2669286,23.3070442]}},{"type":"Feature","properties":{"GROUP.ID":"G13034650","LOCALITY":"T35G3, Kachchh, Gujarat, IN (23.482, 68.583)","LATITUDE":23.4820947,"LONGITUDE":68.58324,"OBSERVATION.DATE":"2024-09-14","OBSERVER.ID":"obsr834427","DURATION.MINUTES":51.0,"SAMPLING.EVENT.IDENTIFIER":"S195043920","species_list":"Ashy-crowned Sparrow-Lark; Asian Green Bee-eater; Baya Weaver; Black Drongo; Black Francolin; Blyth's Reed Warbler; Brahminy Kite; Brahminy Starling; Common Babbler; Common Hoopoe; Common Tailorbird; Common Woodshrike; Eastern Cattle-Egret; Eastern Red-rumped Swallow; Eurasian Collared-Dove; Eurasian Spoonbill; European Roller; Gray-breasted Prinia; Gray Francolin; Green Sandpiper; House Crow; Indian Bushlark; Indian Pond-Heron; Indian Robin; Indian Silverbill; Indian Spot-billed Duck; Jungle Prinia; Knob-billed Duck; Laughing Dove; Lesser Whistling-Duck; Little Cormorant; Long-tailed Shrike; Paddyfield Pipit; Painted Stork; Plain Prinia; Purple Sunbird; Red-naped Ibis; Red-vented Bulbul; Red-wattled Lapwing; Red Collared-Dove; River Tern; Rose-ringed Parakeet; Rufous-fronted Prinia; Sykes's Warbler; Variable Wheatear; White-eared Bulbul; White-tailed Iora; White-throated Kingfisher; Wire-tailed Swallow","n_species":49,"focal_species_seen":"European Roller","focal_species_slugs":"european-roller","has_focal":true,"GRID_CODE":"GJ-KU-ABD-001","DISTRICT":"Kachchh","BLOCK":"Abdasa"},"geometry":{"type":"Point","coordinates":[68.58324,23.4820947]}},{"type":"Feature","properties":{"GROUP.ID":"G13034649","LOCALITY":"Navavas, Gujarat, IN (23.437, 68.603)","LATITUDE":23.4368123,"LONGITUDE":68.6030833,"OBSERVATION.DATE":"2024-09-14","OBSERVER.ID":"obsr834427","DURATION.MINUTES":5.0,"SAMPLING.EVENT.IDENTIFIER":"S195044077","species_list":"European Roller; Indian Robin; Spotted Flycatcher","n_species":3,"focal_species_seen":"European Roller; Spotted Flycatcher","focal_species_slugs":"european-roller;spotted-flycatcher","has_focal":true,"GRID_CODE":"GJ-KU-ABD-004","DISTRICT":"Kachchh","BLOCK":"Abdasa"},"geometry":{"type":"Point","coordinates":[68.6030833,23.4368123]}},{"type":"Feature","properties":{"GROUP.ID":"G13051608","LOCALITY":"t8g4, Aadhav Dholavira Road, Kachchh IN-GJ 23.83120, 70.06336","LATITUDE":23.8312,"LONGITUDE":70.06336,"OBSERVATION.DATE":"2024-09-14","OBSERVER.ID":"obsr447038","DURATION.MINUTES":33.0,"SAMPLING.EVENT.IDENTIFIER":"S195046400","species_list":"Barn Swallow; Eurasian Collared-Dove; European Roller; Greater Flamingo; Gull-billed Tern; House Sparrow; Little Stint","n_species":7,"focal_species_seen":"European Roller","focal_species_slugs":"european-roller","has_focal":true,"GRID_CODE":"GJ-KU-RAN-478","DISTRICT":"Kachchh","BLOCK":"Rann of Kachchh"},"geometry":{"type":"Point","coordinates":[70.06336,23.8312]}},{"type":"Feature","properties":{"GROUP.ID":"G13046618","LOCALITY":"T10G4","LATITUDE":23.3034588,"LONGITUDE":70.309775,"OBSERVATION.DATE":"2024-09-14","OBSERVER.ID":"obsr928201","DURATION.MINUTES":55.0,"SAMPLING.EVENT.IDENTIFIER":"S195046955","species_list":"Asian Green Bee-eater; Baya Weaver; Common Babbler; Common Tailorbird; Eurasian Collared-Dove; European Roller; Gray Francolin; Greater Coucal; House Sparrow; Indian Peafowl; Indian Robin; Indian Roller; Indian Silverbill; Laughing Dove; Plain Prinia; Purple Sunbird; Red-vented Bulbul; Red-wattled Lapwing; Spotted Flycatcher; Variable Wheatear; White-throated Kingfisher; Wire-tailed Swallow","n_species":22,"focal_species_seen":"European Roller; Spotted Flycatcher","focal_species_slugs":"european-roller;spotted-flycatcher","has_focal":true,"GRID_CODE":"GJ-KU-BHA-053","DISTRICT":"Kachchh","BLOCK":"Bhachau"},"geometry":{"type":"Point","coordinates":[70.309775,23.3034588]}},{"type":"Feature","properties":{"GROUP.ID":"G13033793","LOCALITY":"T38G4","LATITUDE":23.7803203,"LONGITUDE":68.7011364,"OBSERVATION.DATE":"2024-09-14","OBSERVER.ID":"obsr3226404","DURATION.MINUTES":82.0,"SAMPLING.EVENT.IDENTIFIER":"S195047194","species_list":"Ashy-crowned Sparrow-Lark; Asian Green Bee-eater; Common Babbler; Crested Lark; Eurasian Collared-Dove; Eurasian Curlew; Greater Short-toed Lark; Indian Bushlark; Indian Silverbill; Isabelline Shrike; Laughing Dove; Paddyfield Pipit; Purple Sunbird; Red-tailed Shrike; Rosy Starling; Rufous-fronted Prinia; Tawny Pipit; Variable Wheatear; Western Yellow Wagtail","n_species":19,"focal_species_seen":"Red-tailed Shrike","focal_species_slugs":"red-tailed-shrike","has_focal":true,"GRID_CODE":"GJ-KU-LAK-003","DISTRICT":"Kachchh","BLOCK":"Lakhpat"},"geometry":{"type":"Point","coordinates":[68.7011364,23.7803203]}},{"type":"Feature","properties":{"GROUP.ID":"G13039820","LOCALITY":"PMC-2024_T26G5","LATITUDE":22.9893883,"LONGITUDE":69.12016,"OBSERVATION.DATE":"2024-09-14","OBSERVER.ID":"obsr3359651","DURATION.MINUTES":69.0,"SAMPLING.EVENT.IDENTIFIER":"S195048675","species_list":"Ashy-crowned Sparrow-Lark; Asian Green Bee-eater; Bay-backed Shrike; Black-winged Kite; Black Drongo; Common Babbler; Eastern Cattle-Egret; Eurasian Collared-Dove; Gray Francolin; Indian Pond-Heron; Indian Robin; Laughing Dove; Little Cormorant; Little Egret; Plain Prinia; Purple Sunbird; Rosy Starling; Variable Wheatear; White-throated Kingfisher; Wire-tailed Swallow; Yellow-eyed Babbler","n_species":21,"focal_species_seen":"","focal_species_slugs":"","has_focal":false,"GRID_CODE":"GJ-KU-MAN-018","DISTRICT":"Kachchh","BLOCK":"Mandvi"},"geometry":{"type":"Point","coordinates":[69.12016,22.9893883]}},{"type":"Feature","properties":{"GROUP.ID":"G13034553","LOCALITY":"T5G1","LATITUDE":23.2023333,"LONGITUDE":70.5454574,"OBSERVATION.DATE":"2024-09-14","OBSERVER.ID":"obsr914590","DURATION.MINUTES":30.0,"SAMPLING.EVENT.IDENTIFIER":"S195053520","species_list":"Ashy-crowned Sparrow-Lark; Asian Green Bee-eater; Black Drongo; Common Babbler; Common Hoopoe; Common Tailorbird; Crested Lark; Eastern Cattle-Egret; Eurasian Collared-Dove; European Roller; Gray Francolin; House Crow; Indian Peafowl; Indian Robin; Indian Silverbill; Indian Thick-knee; Jungle Prinia; Laughing Dove; Paddyfield Pipit; Plain Prinia; Red-vented Bulbul; Red-wattled Lapwing; Rufous-fronted Prinia; Rufous-tailed Scrub-Robin; Siberian Stonechat; Spotted Flycatcher; Variable Wheatear; White-eared Bulbul","n_species":28,"focal_species_seen":"European Roller; Rufous-tailed Scrub-Robin; Spotted Flycatcher","focal_species_slugs":"european-roller;rufous-tailed-scrub-robin;spotted-flycatcher","has_focal":true,"GRID_CODE":"GJ-KU-BHA-073","DISTRICT":"Kachchh","BLOCK":"Bhachau"},"geometry":{"type":"Point","coordinates":[70.5454574,23.2023333]}},{"type":"Feature","properties":{"GROUP.ID":"G13051607","LOCALITY":"Aadhav Dholavira Road, Kachchh IN-GJ 23.83120, 70.06336","LATITUDE":23.8312,"LONGITUDE":70.06336,"OBSERVATION.DATE":"2024-09-14","OBSERVER.ID":"obsr447038","DURATION.MINUTES":14.0,"SAMPLING.EVENT.IDENTIFIER":"S195054384","species_list":"Greater Flamingo","n_species":1,"focal_species_seen":"","focal_species_slugs":"","has_focal":false,"GRID_CODE":"GJ-KU-RAN-478","DISTRICT":"Kachchh","BLOCK":"Rann of Kachchh"},"geometry":{"type":"Point","coordinates":[70.06336,23.8312]}},{"type":"Feature","properties":{"GROUP.ID":"G13065267","LOCALITY":"Notiya Bhkhariya Road, Kachchh IN-GJ 23.41185, 69.62247","LATITUDE":23.411853,"LONGITUDE":69.62247,"OBSERVATION.DATE":"2024-09-14","OBSERVER.ID":"obsr1636070","DURATION.MINUTES":60.0,"SAMPLING.EVENT.IDENTIFIER":"S195055677","species_list":"Black Drongo; Chestnut-bellied Sandgrouse; Common Hoopoe; Greater Coucal; House Crow; Laughing Dove; Little Cormorant; Oriental Darter; Red-wattled Lapwing; River Tern; White-throated Kingfisher","n_species":11,"focal_species_seen":"","focal_species_slugs":"","has_focal":false,"GRID_CODE":"GJ-KU-BHU-084","DISTRICT":"Kachchh","BLOCK":"Bhuj"},"geometry":{"type":"Point","coordinates":[69.62247,23.411853]}},{"type":"Feature","properties":{"GROUP.ID":"G13040865","LOCALITY":"Unnamed Road, Kachchh, Gujarat, IN (23.184, 68.749)","LATITUDE":23.1835349,"LONGITUDE":68.7494401,"OBSERVATION.DATE":"2024-09-14","OBSERVER.ID":"obsr1419186","DURATION.MINUTES":54.0,"SAMPLING.EVENT.IDENTIFIER":"S195060108","species_list":"Black Drongo; Black Francolin; Common Babbler; Common Cuckoo; Common Tailorbird; Gray Francolin; Pied Cuckoo; White-throated Kingfisher","n_species":8,"focal_species_seen":"Common Cuckoo","focal_species_slugs":"common-cuckoo","has_focal":true,"GRID_CODE":"GJ-KU-ABD-058","DISTRICT":"Kachchh","BLOCK":"Abdasa"},"geometry":{"type":"Point","coordinates":[68.7494401,23.1835349]}},{"type":"Feature","properties":{"GROUP.ID":"G13040329","LOCALITY":"PMC2024_T40G1","LATITUDE":22.8431575,"LONGITUDE":69.245366,"OBSERVATION.DATE":"2024-09-14","OBSERVER.ID":"obsr358210","DURATION.MINUTES":37.0,"SAMPLING.EVENT.IDENTIFIER":"S195061857","species_list":"Ashy-crowned Sparrow-Lark; Black-bellied Plover; Common Babbler; Common Greenshank; Common Redshank; Common Sandpiper; Common Tailorbird; Common Woodshrike; Crested Lark; Curlew Sandpiper; Eurasian Curlew; Gray Francolin; Gull-billed Tern; Indian Peafowl; Indian Thick-knee; Kentish Plover; Laughing Dove; Little Stint; Purple Sunbird; Red-vented Bulbul; Red-wattled Lapwing; River Tern; Sand Lark; Tibetan Sand-Plover; Western Reef-Heron; Whiskered Tern; White-eared Bulbul","n_species":27,"focal_species_seen":"","focal_species_slugs":"","has_focal":false,"GRID_CODE":"GJ-KU-MAN-046","DISTRICT":"Kachchh","BLOCK":"Mandvi"},"geometry":{"type":"Point","coordinates":[69.245366,22.8431575]}},{"type":"Feature","properties":{"GROUP.ID":"G13035179","LOCALITY":"PMC T21G4","LATITUDE":23.0877128,"LONGITUDE":69.7316626,"OBSERVATION.DATE":"2024-09-14","OBSERVER.ID":"obsr413366","DURATION.MINUTES":41.0,"SAMPLING.EVENT.IDENTIFIER":"S195071671","species_list":"Ashy-crowned Sparrow-Lark; Asian Green Bee-eater; Bay-backed Shrike; Baya Weaver; Black Drongo; Brahminy Starling; Common Babbler; Common Cuckoo; Common Kingfisher; Common Myna; Common Sandpiper; Common Tailorbird; Delicate Prinia; Desert Wheatear; Eurasian Collared-Dove; European Roller; Gray-breasted Prinia; Gray Francolin; Greater Coucal; House Sparrow; Indian Bushlark; Indian Peafowl; Indian Robin; Indian Silverbill; Jungle Prinia; Laughing Dove; Lesser Whitethroat; Little Cormorant; Paddyfield Pipit; Painted Stork; Plain Prinia; Purple Sunbird; Red-backed Shrike; Red-wattled Lapwing; Red Collared-Dove; Rose-ringed Parakeet; Rosy Starling; Small Minivet; Spotted Flycatcher; Variable Wheatear; White-tailed Iora; White-throated Kingfisher; Wire-tailed Swallow; Yellow-crowned Woodpecker; Yellow-throated Sparrow; Zitting Cisticola","n_species":46,"focal_species_seen":"Common Cuckoo; European Roller; Red-backed Shrike; Spotted Flycatcher","focal_species_slugs":"common-cuckoo;european-roller;red-backed-shrike;spotted-flycatcher","has_focal":true,"GRID_CODE":"GJ-KU-BHU-165","DISTRICT":"Kachchh","BLOCK":"Bhuj"},"geometry":{"type":"Point","coordinates":[69.7316626,23.0877128]}},{"type":"Feature","properties":{"GROUP.ID":"G13034949","LOCALITY":"T36G1","LATITUDE":23.5655987,"LONGITUDE":68.6820195,"OBSERVATION.DATE":"2024-09-14","OBSERVER.ID":"obsr701947","DURATION.MINUTES":60.0,"SAMPLING.EVENT.IDENTIFIER":"S195074415","species_list":"Ashy-crowned Sparrow-Lark; Asian Green Bee-eater; Asian Koel; Black Drongo; Black Francolin; Blue-cheeked Bee-eater; Caspian Tern; Common Kingfisher; Eastern Cattle-Egret; Eastern Red-rumped Swallow; Eurasian Collared-Dove; Eurasian Coot; Eurasian Spoonbill; European Roller; Gray Francolin; House Crow; Indian Peafowl; Indian Silverbill; Indian Spot-billed Duck; Laughing Dove; Lesser Whistling-Duck; Long-tailed Shrike; Oriental Darter; Plain Prinia; Purple Sunbird; Red-vented Bulbul; Red-wattled Lapwing; Red Collared-Dove; River Tern; Rosy Starling; Rufous-tailed Lark; Shikra; Siberian Stonechat; Whiskered Tern; White-eared Bulbul; White-tailed Iora; White-throated Kingfisher; Wire-tailed Swallow; Zitting Cisticola","n_species":39,"focal_species_seen":"Blue-cheeked Bee-eater; European Roller","focal_species_slugs":"blue-cheeked-bee-eater;european-roller","has_focal":true,"GRID_CODE":"GJ-KU-LAK-048","DISTRICT":"Kachchh","BLOCK":"Lakhpat"},"geometry":{"type":"Point","coordinates":[68.6820195,23.5655987]}},{"type":"Feature","properties":{"GROUP.ID":"G13035404","LOCALITY":"T34G4","LATITUDE":23.336029,"LONGITUDE":68.694957,"OBSERVATION.DATE":"2024-09-14","OBSERVER.ID":"obsr870757","DURATION.MINUTES":71.0,"SAMPLING.EVENT.IDENTIFIER":"S195076224","species_list":"Ashy-crowned Sparrow-Lark; Asian Green Bee-eater; Asian Koel; Black-tailed Godwit; Black-winged Stilt; Common Babbler; Common Greenshank; Common Sandpiper; Crested Lark; Eurasian Spoonbill; Gray Francolin; Gray Heron; Great Egret; Greater Flamingo; Gull-billed Tern; House Crow; Indian Cormorant; Indian Silverbill; Indian Spot-billed Duck; Laughing Dove; Little Ringed Plover; Little Stint; Little Tern; Medium Egret; Painted Stork; Red-wattled Lapwing; Red Collared-Dove; River Tern; Spotted Owlet; Temminck's Stint; Western Reef-Heron; Whiskered Tern; White-eared Bulbul; Wire-tailed Swallow; Wood Sandpiper","n_species":35,"focal_species_seen":"","focal_species_slugs":"","has_focal":false,"GRID_CODE":"GJ-KU-ABD-021","DISTRICT":"Kachchh","BLOCK":"Abdasa"},"geometry":{"type":"Point","coordinates":[68.694957,23.336029]}},{"type":"Feature","properties":{"GROUP.ID":"G13035200","LOCALITY":"Jaday Road, Jaday, Gujarat, IN (23.33, 69.208)","LATITUDE":23.3302099,"LONGITUDE":69.2075691,"OBSERVATION.DATE":"2024-09-14","OBSERVER.ID":"obsr494050","DURATION.MINUTES":null,"SAMPLING.EVENT.IDENTIFIER":"S195076434","species_list":"Spotted Owlet","n_species":1,"focal_species_seen":"","focal_species_slugs":"","has_focal":false,"GRID_CODE":"GJ-KU-NAK-051","DISTRICT":"Kachchh","BLOCK":"Nakhatrana"},"geometry":{"type":"Point","coordinates":[69.2075691,23.3302099]}},{"type":"Feature","properties":{"GROUP.ID":"G13035199","LOCALITY":"Samanda, Gujarat, IN (23.307, 69.17)","LATITUDE":23.3072584,"LONGITUDE":69.170035,"OBSERVATION.DATE":"2024-09-14","OBSERVER.ID":"obsr494050","DURATION.MINUTES":25.0,"SAMPLING.EVENT.IDENTIFIER":"S195076736","species_list":"Bay-backed Shrike; Indian Nightjar; Indian Peafowl; Indian Robin","n_species":4,"focal_species_seen":"","focal_species_slugs":"","has_focal":false,"GRID_CODE":"GJ-KU-ABD-043","DISTRICT":"Kachchh","BLOCK":"Abdasa"},"geometry":{"type":"Point","coordinates":[69.170035,23.3072584]}},{"type":"Feature","properties":{"GROUP.ID":"G13035198","LOCALITY":"Unnamed Road, Samanda, Gujarat, IN (23.316, 69.189)","LATITUDE":23.3157021,"LONGITUDE":69.1891642,"OBSERVATION.DATE":"2024-09-14","OBSERVER.ID":"obsr494050","DURATION.MINUTES":5.0,"SAMPLING.EVENT.IDENTIFIER":"S195076956","species_list":"Green Sandpiper; Indian Nightjar; Indian Spot-billed Duck; Little Ringed Plover; Red-wattled Lapwing","n_species":5,"focal_species_seen":"","focal_species_slugs":"","has_focal":false,"GRID_CODE":"GJ-KU-NAK-050","DISTRICT":"Kachchh","BLOCK":"Nakhatrana"},"geometry":{"type":"Point","coordinates":[69.1891642,23.3157021]}},{"type":"Feature","properties":{"GROUP.ID":"G13035197","LOCALITY":"Beru, Gujarat, IN (23.309, 69.26)","LATITUDE":23.3093377,"LONGITUDE":69.2599656,"OBSERVATION.DATE":"2024-09-14","OBSERVER.ID":"obsr494050","DURATION.MINUTES":null,"SAMPLING.EVENT.IDENTIFIER":"S195077035","species_list":"Brown Rock Chat; Spotted Flycatcher","n_species":2,"focal_species_seen":"Spotted Flycatcher","focal_species_slugs":"spotted-flycatcher","has_focal":true,"GRID_CODE":"GJ-KU-NAK-057","DISTRICT":"Kachchh","BLOCK":"Nakhatrana"},"geometry":{"type":"Point","coordinates":[69.2599656,23.3093377]}},{"type":"Feature","properties":{"GROUP.ID":"G13035403","LOCALITY":"T34G6","LATITUDE":23.370256,"LONGITUDE":68.744246,"OBSERVATION.DATE":"2024-09-14","OBSERVER.ID":"obsr870757","DURATION.MINUTES":48.0,"SAMPLING.EVENT.IDENTIFIER":"S195077292","species_list":"Asian Green Bee-eater; Barred Buttonquail; Black-winged Kite; Common Babbler; Eastern Cattle-Egret; Gray-breasted Prinia; Gray Francolin; Indian Bushlark; Indian Robin; Isabelline Shrike; Laughing Dove; Pied Cuckoo; Plain Prinia; Purple Sunbird; Red-tailed Shrike; Red-vented Bulbul; Red-wattled Lapwing; Rose-ringed Parakeet; Rufous-fronted Prinia; White-eared Bulbul; White-tailed Iora","n_species":21,"focal_species_seen":"Red-tailed Shrike","focal_species_slugs":"red-tailed-shrike","has_focal":true,"GRID_CODE":"GJ-KU-ABD-013","DISTRICT":"Kachchh","BLOCK":"Abdasa"},"geometry":{"type":"Point","coordinates":[68.744246,23.370256]}},{"type":"Feature","properties":{"GROUP.ID":"G13035196","LOCALITY":"T30G1","LATITUDE":23.2888046,"LONGITUDE":69.2593741,"OBSERVATION.DATE":"2024-09-14","OBSERVER.ID":"obsr494050","DURATION.MINUTES":60.0,"SAMPLING.EVENT.IDENTIFIER":"S195077361","species_list":"Asian Green Bee-eater; Baya Weaver; Black Drongo; Blyth's Reed Warbler; Brahminy Starling; Chestnut-bellied Sandgrouse; Common Babbler; Common Tailorbird; Common Woodshrike; Eastern Cattle-Egret; Eastern Orphean Warbler; Eurasian Collared-Dove; Gray-breasted Prinia; Gray Francolin; Indian Bushlark; Indian Robin; Indian Silverbill; Jungle Prinia; Laughing Dove; Lesser Whitethroat; Pied Cuckoo; Purple Sunbird; Red-vented Bulbul; Red-wattled Lapwing; Red Collared-Dove; Rosy Starling; Rufous-fronted Prinia; Small Minivet; Spotted Flycatcher; Streak-throated Swallow; Sykes's Warbler; Tawny Pipit; White-naped Tit; White-tailed Iora; Wire-tailed Swallow; Yellow-throated Sparrow","n_species":36,"focal_species_seen":"Spotted Flycatcher","focal_species_slugs":"spotted-flycatcher","has_focal":true,"GRID_CODE":"GJ-KU-NAK-057","DISTRICT":"Kachchh","BLOCK":"Nakhatrana"},"geometry":{"type":"Point","coordinates":[69.2593741,23.2888046]}},{"type":"Feature","properties":{"GROUP.ID":"G13035054","LOCALITY":"T2 G1","LATITUDE":23.4603297,"LONGITUDE":71.0553515,"OBSERVATION.DATE":"2024-09-14","OBSERVER.ID":"obsr957419","DURATION.MINUTES":180.0,"SAMPLING.EVENT.IDENTIFIER":"S195077494","species_list":"Ashy-crowned Sparrow-Lark; Asian Green Bee-eater; Barred Buttonquail; Baya Weaver; Black-headed Ibis; Black-winged Kite; Black-winged Stilt; Blue-cheeked Bee-eater; Chestnut-bellied Sandgrouse; Common Babbler; Common Hoopoe; Common Woodshrike; Dusky Crag-Martin; Eastern Red-rumped Swallow; Eurasian Collared-Dove; Eurasian Coot; Eurasian Spoonbill; Eurasian Wryneck; Glossy Ibis; Gray Francolin; Gray Heron; Greater Coucal; Greater Short-toed Lark; House Sparrow; Indian Bushlark; Indian Cormorant; Indian Peafowl; Indian Pond-Heron; Indian Robin; Indian Silverbill; Indian Spot-billed Duck; Indian Thick-knee; Isabelline Shrike; Laughing Dove; Lesser Whistling-Duck; Little Cormorant; Little Egret; Little Grebe; Marsh Sandpiper; Montagu's Harrier; Oriental Darter; Oriental Honey-buzzard; Paddyfield Pipit; Painted Stork; Pied Kingfisher; Plain Prinia; Purple Heron; Purple Sunbird; Red-naped Ibis; Red-vented Bulbul; Red-wattled Lapwing; Red Collared-Dove; River Tern; Rock Eagle-Owl; Rosy Starling; Ruff; Siberian Stonechat; Western Marsh Harrier; Whiskered Tern; White-breasted Waterhen; White-eared Bulbul; White-throated Kingfisher; Wire-tailed Swallow","n_species":63,"focal_species_seen":"Blue-cheeked Bee-eater","focal_species_slugs":"blue-cheeked-bee-eater","has_focal":true,"GRID_CODE":"GJ-KU-LIT-051","DISTRICT":"Kachchh","BLOCK":"Little Rann"},"geometry":{"type":"Point","coordinates":[71.0553515,23.4603297]}},{"type":"Feature","properties":{"GROUP.ID":"G13035195","LOCALITY":"Unnamed Road, Sangnara, Gujarat, IN (23.295, 69.244)","LATITUDE":23.2945759,"LONGITUDE":69.2435855,"OBSERVATION.DATE":"2024-09-14","OBSERVER.ID":"obsr494050","DURATION.MINUTES":null,"SAMPLING.EVENT.IDENTIFIER":"S195077720","species_list":"Long-tailed Shrike","n_species":1,"focal_species_seen":"","focal_species_slugs":"","has_focal":false,"GRID_CODE":"GJ-KU-NAK-056","DISTRICT":"Kachchh","BLOCK":"Nakhatrana"},"geometry":{"type":"Point","coordinates":[69.2435855,23.2945759]}},{"type":"Feature","properties":{"GROUP.ID":"G13035194","LOCALITY":"Unnamed Road, Kachchh, Gujarat, IN (23.273, 69.221)","LATITUDE":23.2730256,"LONGITUDE":69.2205971,"OBSERVATION.DATE":"2024-09-14","OBSERVER.ID":"obsr494050","DURATION.MINUTES":null,"SAMPLING.EVENT.IDENTIFIER":"S195080180","species_list":"Barn Swallow","n_species":1,"focal_species_seen":"","focal_species_slugs":"","has_focal":false,"GRID_CODE":"GJ-KU-NAK-056","DISTRICT":"Kachchh","BLOCK":"Nakhatrana"},"geometry":{"type":"Point","coordinates":[69.2205971,23.2730256]}},{"type":"Feature","properties":{"GROUP.ID":"G13035193","LOCALITY":"Rampar, Gujarat, IN (23.269, 69.213)","LATITUDE":23.2694168,"LONGITUDE":69.213236,"OBSERVATION.DATE":"2024-09-14","OBSERVER.ID":"obsr494050","DURATION.MINUTES":null,"SAMPLING.EVENT.IDENTIFIER":"S195080252","species_list":"Spotted Flycatcher","n_species":1,"focal_species_seen":"Spotted Flycatcher","focal_species_slugs":"spotted-flycatcher","has_focal":true,"GRID_CODE":"GJ-KU-NAK-056","DISTRICT":"Kachchh","BLOCK":"Nakhatrana"},"geometry":{"type":"Point","coordinates":[69.213236,23.2694168]}},{"type":"Feature","properties":{"GROUP.ID":"G13035191","LOCALITY":"Unnamed Road, Samanda, Gujarat, IN (23.309, 69.18)","LATITUDE":23.3085539,"LONGITUDE":69.1803905,"OBSERVATION.DATE":"2024-09-14","OBSERVER.ID":"obsr494050","DURATION.MINUTES":null,"SAMPLING.EVENT.IDENTIFIER":"S195080314","species_list":"Black Francolin; Eurasian Wryneck","n_species":2,"focal_species_seen":"","focal_species_slugs":"","has_focal":false,"GRID_CODE":"GJ-KU-ABD-043","DISTRICT":"Kachchh","BLOCK":"Abdasa"},"geometry":{"type":"Point","coordinates":[69.1803905,23.3085539]}},{"type":"Feature","properties":{"GROUP.ID":"G13035189","LOCALITY":"Samanda, Gujarat, IN (23.307, 69.171)","LATITUDE":23.3074049,"LONGITUDE":69.1713777,"OBSERVATION.DATE":"2024-09-14","OBSERVER.ID":"obsr494050","DURATION.MINUTES":30.0,"SAMPLING.EVENT.IDENTIFIER":"S195080394","species_list":"Ashy-crowned Sparrow-Lark; Bay-backed Shrike; Black Drongo; Brahminy Starling; Common Babbler; Common Tailorbird; Common Woodshrike; Eastern Cattle-Egret; Eurasian Collared-Dove; Gray Francolin; Indian Bushlark; Jungle Prinia; Laughing Dove; Lesser Whistling-Duck; Oriental Darter; Rain Quail; Red-vented Bulbul; Red-wattled Lapwing; Red Collared-Dove; Rock Bush-Quail; Rufous-fronted Prinia; Scaly-breasted Munia; Streak-throated Swallow; White-tailed Iora; Wire-tailed Swallow; Yellow-crowned Woodpecker","n_species":26,"focal_species_seen":"","focal_species_slugs":"","has_focal":false,"GRID_CODE":"GJ-KU-ABD-043","DISTRICT":"Kachchh","BLOCK":"Abdasa"},"geometry":{"type":"Point","coordinates":[69.1713777,23.3074049]}},{"type":"Feature","properties":{"GROUP.ID":"G13040941","LOCALITY":"T19New grid","LATITUDE":23.3912766,"LONGITUDE":69.4089681,"OBSERVATION.DATE":"2024-09-14","OBSERVER.ID":"obsr358777","DURATION.MINUTES":23.0,"SAMPLING.EVENT.IDENTIFIER":"S195087193","species_list":"Gray-breasted Prinia; Gray Francolin; Jungle Prinia; Laughing Dove; Lesser Whitethroat; Pied Cuckoo; Purple Sunbird; Red-vented Bulbul; Rufous-fronted Prinia; Spotted Flycatcher; White-tailed Iora; Yellow-eyed Babbler","n_species":12,"focal_species_seen":"Spotted Flycatcher","focal_species_slugs":"spotted-flycatcher","has_focal":true,"GRID_CODE":"GJ-KU-NAK-048","DISTRICT":"Kachchh","BLOCK":"Nakhatrana"},"geometry":{"type":"Point","coordinates":[69.4089681,23.3912766]}},{"type":"Feature","properties":{"GROUP.ID":"G13035976","LOCALITY":"T37G3-Lakhapar-Zara Road, Khatiyun, Gujarat, IN (23.698, 68.98)","LATITUDE":23.698,"LONGITUDE":68.98,"OBSERVATION.DATE":"2024-09-14","OBSERVER.ID":"obsr4570921","DURATION.MINUTES":52.0,"SAMPLING.EVENT.IDENTIFIER":"S195091730","species_list":"Asian Green Bee-eater; Bay-backed Shrike; Baya Weaver; Brahminy Starling; Common Babbler; Eastern Red-rumped Swallow; Eurasian Collared-Dove; Gray-breasted Prinia; Greater Coucal; Indian Peafowl; Jungle Prinia; Laughing Dove; Purple Sunbird; Red-vented Bulbul; Rosy Starling; Spotted Flycatcher; Variable Wheatear; White-eared Bulbul; White-tailed Iora","n_species":19,"focal_species_seen":"Spotted Flycatcher","focal_species_slugs":"spotted-flycatcher","has_focal":true,"GRID_CODE":"GJ-KU-LAK-026","DISTRICT":"Kachchh","BLOCK":"Lakhpat"},"geometry":{"type":"Point","coordinates":[68.98,23.698]}},{"type":"Feature","properties":{"GROUP.ID":"G13040125","LOCALITY":"T11_G01","LATITUDE":23.1612958,"LONGITUDE":70.0889484,"OBSERVATION.DATE":"2024-09-14","OBSERVER.ID":"obsr945143","DURATION.MINUTES":45.0,"SAMPLING.EVENT.IDENTIFIER":"S195092284","species_list":"Ashy-crowned Sparrow-Lark; Asian Green Bee-eater; Common Babbler; Common Myna; Eastern Cattle-Egret; Eurasian Collared-Dove; Gray Francolin; House Sparrow; Indian Robin; Indian Silverbill; Jungle Prinia; Laughing Dove; Little Cormorant; Oriental Darter; Purple Sunbird; Red-wattled Lapwing; Rose-ringed Parakeet; Small Minivet; Streaked Weaver; White-eared Bulbul; Wire-tailed Swallow; Wood Sandpiper; Zitting Cisticola","n_species":23,"focal_species_seen":"","focal_species_slugs":"","has_focal":false,"GRID_CODE":"GJ-KU-ANJ-018","DISTRICT":"Kachchh","BLOCK":"Anjar"},"geometry":{"type":"Point","coordinates":[70.0889484,23.1612958]}},{"type":"Feature","properties":{"GROUP.ID":"G13040133","LOCALITY":"T11_G02","LATITUDE":23.1692205,"LONGITUDE":70.0384914,"OBSERVATION.DATE":"2024-09-14","OBSERVER.ID":"obsr945143","DURATION.MINUTES":32.0,"SAMPLING.EVENT.IDENTIFIER":"S195092358","species_list":"Asian Green Bee-eater; Asian Koel; Baya Weaver; Black-headed Ibis; Black-winged Stilt; Black Drongo; Common Babbler; Common Hawk-Cuckoo; Common Tailorbird; Eastern Cattle-Egret; Eurasian Collared-Dove; Gray-breasted Prinia; Green Sandpiper; Indian Peafowl; Indian Robin; Indian Silverbill; Indian Spot-billed Duck; Jungle Prinia; Laughing Dove; Little Cormorant; Little Egret; Pied Kingfisher; Purple Sunbird; Red-vented Bulbul; Red-wattled Lapwing; Rose-ringed Parakeet; Whiskered Tern","n_species":27,"focal_species_seen":"","focal_species_slugs":"","has_focal":false,"GRID_CODE":"GJ-KU-ANJ-017","DISTRICT":"Kachchh","BLOCK":"Anjar"},"geometry":{"type":"Point","coordinates":[70.0384914,23.1692205]}},{"type":"Feature","properties":{"GROUP.ID":"G13040132","LOCALITY":"T11_G05","LATITUDE":23.3281808,"LONGITUDE":70.0834798,"OBSERVATION.DATE":"2024-09-14","OBSERVER.ID":"obsr945143","DURATION.MINUTES":42.0,"SAMPLING.EVENT.IDENTIFIER":"S195092405","species_list":"Asian Green Bee-eater; Baya Weaver; Blyth's Reed Warbler; Common Babbler; Common Tailorbird; Eastern Red-rumped Swallow; Eurasian Collared-Dove; Gray-breasted Prinia; House Sparrow; Indian Pond-Heron; Indian Silverbill; Jungle Prinia; Laughing Dove; Little Cormorant; Long-tailed Shrike; Red-vented Bulbul; Red-wattled Lapwing; White-eared Bulbul; White-tailed Iora","n_species":19,"focal_species_seen":"","focal_species_slugs":"","has_focal":false,"GRID_CODE":"GJ-KU-ANJ-003","DISTRICT":"Kachchh","BLOCK":"Anjar"},"geometry":{"type":"Point","coordinates":[70.0834798,23.3281808]}},{"type":"Feature","properties":{"GROUP.ID":"G13040131","LOCALITY":"T11_G06","LATITUDE":23.384582,"LONGITUDE":70.1326135,"OBSERVATION.DATE":"2024-09-14","OBSERVER.ID":"obsr945143","DURATION.MINUTES":46.0,"SAMPLING.EVENT.IDENTIFIER":"S195092459","species_list":"Ashy-crowned Sparrow-Lark; Asian Green Bee-eater; Bay-backed Shrike; Baya Weaver; Blyth's Reed Warbler; Common Babbler; Common Hoopoe; Eastern Cattle-Egret; Eastern Red-rumped Swallow; Eurasian Collared-Dove; Glossy Ibis; Gray Francolin; Greater Flamingo; House Crow; House Sparrow; Indian Peafowl; Laughing Dove; Little Grebe; Purple Heron; Purple Sunbird; Red-vented Bulbul; Red-wattled Lapwing; Western Marsh Harrier; Whiskered Tern","n_species":24,"focal_species_seen":"","focal_species_slugs":"","has_focal":false,"GRID_CODE":"GJ-KU-ANJ-001","DISTRICT":"Kachchh","BLOCK":"Anjar"},"geometry":{"type":"Point","coordinates":[70.1326135,23.384582]}},{"type":"Feature","properties":{"GROUP.ID":"G13040530","LOCALITY":"T36G4","LATITUDE":23.6570847,"LONGITUDE":68.750745,"OBSERVATION.DATE":"2024-09-14","OBSERVER.ID":"obsr701947","DURATION.MINUTES":52.0,"SAMPLING.EVENT.IDENTIFIER":"S195093140","species_list":"Ashy-crowned Sparrow-Lark; Asian Green Bee-eater; Baya Weaver; Black-headed Ibis; Black Drongo; Common Babbler; Common Hoopoe; Common Myna; Eurasian Collared-Dove; Eurasian Spoonbill; European Roller; Gray-breasted Prinia; Gray Francolin; Great Cormorant; Great Egret; House Crow; Indian Cormorant; Indian Spot-billed Duck; Jungle Prinia; Laughing Dove; Little Cormorant; Medium Egret; Oriental Darter; Pied Cuckoo; Plain Prinia; Purple Sunbird; Red-vented Bulbul; River Tern; Rose-ringed Parakeet; Rosy Starling; Rufous-fronted Prinia; Streak-throated Swallow; Western Reef-Heron; White-browed Wagtail; White-throated Kingfisher; Wire-tailed Swallow","n_species":36,"focal_species_seen":"European Roller","focal_species_slugs":"european-roller","has_focal":true,"GRID_CODE":"GJ-KU-LAK-035","DISTRICT":"Kachchh","BLOCK":"Lakhpat"},"geometry":{"type":"Point","coordinates":[68.750745,23.6570847]}},{"type":"Feature","properties":{"GROUP.ID":"G13040529","LOCALITY":"T36G2","LATITUDE":23.6037151,"LONGITUDE":68.8523123,"OBSERVATION.DATE":"2024-09-14","OBSERVER.ID":"obsr701947","DURATION.MINUTES":60.0,"SAMPLING.EVENT.IDENTIFIER":"S195093361","species_list":"Asian Green Bee-eater; Black Drongo; Common Babbler; Common Sandpiper; Eastern Cattle-Egret; Eurasian Coot; Gray-breasted Prinia; Gray Francolin; House Crow; Little Cormorant; Long-tailed Shrike; Plain Prinia; Purple Sunbird; Red-vented Bulbul; Red-wattled Lapwing; River Tern; White-eared Bulbul; Wire-tailed Swallow; Zitting Cisticola","n_species":19,"focal_species_seen":"","focal_species_slugs":"","has_focal":false,"GRID_CODE":"GJ-KU-LAK-051","DISTRICT":"Kachchh","BLOCK":"Lakhpat"},"geometry":{"type":"Point","coordinates":[68.8523123,23.6037151]}},{"type":"Feature","properties":{"GROUP.ID":"G13035967","LOCALITY":"T37G4-Khatiyun, Gujarat, IN (23.704, 69.009)","LATITUDE":23.704055,"LONGITUDE":69.00924,"OBSERVATION.DATE":"2024-09-14","OBSERVER.ID":"obsr4570921","DURATION.MINUTES":43.0,"SAMPLING.EVENT.IDENTIFIER":"S195093826","species_list":"Ashy-crowned Sparrow-Lark; Asian Green Bee-eater; Common Babbler; Common Hoopoe; Eurasian Collared-Dove; Gray Francolin; Jungle Prinia; Laughing Dove; Purple Sunbird; Red-vented Bulbul; Rufous-tailed Lark; Variable Wheatear; White-eared Bulbul; Yellow-throated Sparrow","n_species":14,"focal_species_seen":"","focal_species_slugs":"","has_focal":false,"GRID_CODE":"GJ-KU-LAK-027","DISTRICT":"Kachchh","BLOCK":"Lakhpat"},"geometry":{"type":"Point","coordinates":[69.00924,23.704055]}},{"type":"Feature","properties":{"GROUP.ID":"G13035940","LOCALITY":"Dinara, Gujarat, IN (23.903, 69.747)","LATITUDE":23.9027725,"LONGITUDE":69.7474342,"OBSERVATION.DATE":"2024-09-14","OBSERVER.ID":"obsr604291","DURATION.MINUTES":16.0,"SAMPLING.EVENT.IDENTIFIER":"S195097562","species_list":"Black-winged Kite; Brahminy Starling; Common Babbler; House Crow; House Sparrow; Indian Pond-Heron; Laughing Dove; Long-tailed Shrike; Purple Sunbird; Red-vented Bulbul; Rufous-fronted Prinia; Variable Wheatear; White-eared Bulbul","n_species":13,"focal_species_seen":"","focal_species_slugs":"","has_focal":false,"GRID_CODE":"GJ-KU-BHU-005","DISTRICT":"Kachchh","BLOCK":"Bhuj"},"geometry":{"type":"Point","coordinates":[69.7474342,23.9027725]}},{"type":"Feature","properties":{"GROUP.ID":"G13040347","LOCALITY":"T27G1","LATITUDE":23.3775259,"LONGITUDE":69.3159313,"OBSERVATION.DATE":"2024-09-14","OBSERVER.ID":"obsr1099583","DURATION.MINUTES":38.0,"SAMPLING.EVENT.IDENTIFIER":"S195097764","species_list":"Asian Green Bee-eater; Black Drongo; Common Babbler; Eastern Cattle-Egret; Eastern Red-rumped Swallow; European Roller; Gray-breasted Prinia; Gray Francolin; Green Sandpiper; House Sparrow; Indian Pond-Heron; Indian Robin; Indian Roller; Indian Spot-billed Duck; Jungle Prinia; Laughing Dove; Little Grebe; Pied Cuckoo; Pied Kingfisher; Red-vented Bulbul; Red-wattled Lapwing; Rosy Starling; Rufous-fronted Prinia; White-eared Bulbul; White-throated Kingfisher; Wire-tailed Swallow","n_species":26,"focal_species_seen":"European Roller","focal_species_slugs":"european-roller","has_focal":true,"GRID_CODE":"GJ-KU-NAK-046","DISTRICT":"Kachchh","BLOCK":"Nakhatrana"},"geometry":{"type":"Point","coordinates":[69.3159313,23.3775259]}},{"type":"Feature","properties":{"GROUP.ID":"G13035939","LOCALITY":"PMC2024_T17G02, Kachchh, Gujarat, IN (24.031, 69.66)","LATITUDE":24.0314318,"LONGITUDE":69.659623,"OBSERVATION.DATE":"2024-09-14","OBSERVER.ID":"obsr604291","DURATION.MINUTES":57.0,"SAMPLING.EVENT.IDENTIFIER":"S195098357","species_list":"Ashy-crowned Sparrow-Lark; Asian Green Bee-eater; Barn Swallow; Common Babbler; Common Hoopoe; Eastern Red-rumped Swallow; Eurasian Collared-Dove; Glossy Ibis; Gray Francolin; House Crow; Indian Silverbill; Laughing Dove; Red-wattled Lapwing; Tawny Pipit; Variable Wheatear","n_species":15,"focal_species_seen":"","focal_species_slugs":"","has_focal":false,"GRID_CODE":"GJ-KU-RAN-270","DISTRICT":"Kachchh","BLOCK":"Rann of Kachchh"},"geometry":{"type":"Point","coordinates":[69.659623,24.0314318]}},{"type":"Feature","properties":{"GROUP.ID":"G13040346","LOCALITY":"T27G5","LATITUDE":23.551892,"LONGITUDE":69.1860604,"OBSERVATION.DATE":"2024-09-14","OBSERVER.ID":"obsr1099583","DURATION.MINUTES":37.0,"SAMPLING.EVENT.IDENTIFIER":"S195098484","species_list":"Asian Green Bee-eater; Baya Weaver; Common Babbler; Common Tailorbird; Gray Francolin; Green Sandpiper; Indian Robin; Indian Spot-billed Duck; Laughing Dove; Little Cormorant; Oriental Darter; Painted Stork; Purple Sunbird; Red-vented Bulbul; Red-wattled Lapwing; Red Collared-Dove; Rosy Starling; Rufous-fronted Prinia; Rufous-tailed Lark; White-eared Bulbul; Wire-tailed Swallow","n_species":21,"focal_species_seen":"","focal_species_slugs":"","has_focal":false,"GRID_CODE":"GJ-KU-NAK-012","DISTRICT":"Kachchh","BLOCK":"Nakhatrana"},"geometry":{"type":"Point","coordinates":[69.1860604,23.551892]}},{"type":"Feature","properties":{"GROUP.ID":"G13035946","LOCALITY":"PMC2024_T17G01, Kachchh, Gujarat, IN (24.056, 69.571)","LATITUDE":24.0560733,"LONGITUDE":69.5706467,"OBSERVATION.DATE":"2024-09-14","OBSERVER.ID":"obsr604291","DURATION.MINUTES":34.0,"SAMPLING.EVENT.IDENTIFIER":"S195099228","species_list":"Ashy-crowned Sparrow-Lark; Asian Green Bee-eater; Common Babbler; Common Hoopoe; Common Sandpiper; Eastern Red-rumped Swallow; Eurasian Collared-Dove; Gray Francolin; House Crow; House Sparrow; Indian Roller; Laughing Dove; Red-wattled Lapwing; Shikra; Variable Wheatear; White-eared Bulbul","n_species":16,"focal_species_seen":"","focal_species_slugs":"","has_focal":false,"GRID_CODE":"GJ-KU-RAN-268","DISTRICT":"Kachchh","BLOCK":"Rann of Kachchh"},"geometry":{"type":"Point","coordinates":[69.5706467,24.0560733]}},{"type":"Feature","properties":{"GROUP.ID":"G13036020","LOCALITY":"Gujarat State Highway 45, Kachchh, Gujarat, IN (24.06, 69.459)","LATITUDE":24.0601783,"LONGITUDE":69.45906,"OBSERVATION.DATE":"2024-09-14","OBSERVER.ID":"obsr604291","DURATION.MINUTES":10.0,"SAMPLING.EVENT.IDENTIFIER":"S195100308","species_list":"Bay-backed Shrike; Greater Hoopoe-Lark; Green Sandpiper; Isabelline Shrike; Kentish Plover; Tibetan Sand-Plover","n_species":6,"focal_species_seen":"","focal_species_slugs":"","has_focal":false,"GRID_CODE":"GJ-KU-RAN-266","DISTRICT":"Kachchh","BLOCK":"Rann of Kachchh"},"geometry":{"type":"Point","coordinates":[69.45906,24.0601783]}},{"type":"Feature","properties":{"GROUP.ID":"G13039819","LOCALITY":"PMC-2024_T26G2","LATITUDE":22.9508033,"LONGITUDE":69.0804467,"OBSERVATION.DATE":"2024-09-14","OBSERVER.ID":"obsr3359651","DURATION.MINUTES":41.0,"SAMPLING.EVENT.IDENTIFIER":"S195100319","species_list":"Asian Green Bee-eater; Asian Koel; Black-bellied Plover; Black-crowned Night Heron; Black-winged Kite; Black Drongo; Common Sandpiper; European Roller; Gray Francolin; Green Sandpiper; Indian Peafowl; Indian Robin; Little Cormorant; Little Egret; Oriental Darter; Pied Cuckoo; Red-naped Ibis; Red-vented Bulbul; Red-wattled Lapwing; Rosy Starling; White-browed Wagtail; White-throated Kingfisher; Wire-tailed Swallow","n_species":23,"focal_species_seen":"European Roller","focal_species_slugs":"european-roller","has_focal":true,"GRID_CODE":"GJ-KU-MAN-027","DISTRICT":"Kachchh","BLOCK":"Mandvi"},"geometry":{"type":"Point","coordinates":[69.0804467,22.9508033]}},{"type":"Feature","properties":{"GROUP.ID":"G13038740","LOCALITY":"Gujarat State Highway 45, Kachchh, Gujarat, IN (24.167, 69.254)","LATITUDE":24.1674102,"LONGITUDE":69.253877,"OBSERVATION.DATE":"2024-09-14","OBSERVER.ID":"obsr604291","DURATION.MINUTES":3.0,"SAMPLING.EVENT.IDENTIFIER":"S195101270","species_list":"Blue-cheeked Bee-eater; Crested Lark; Eurasian Curlew; European Roller; Gray Heron; Little Egret; Marsh Sandpiper; Red-tailed Shrike; Red-wattled Lapwing; Ruff; Western Reef-Heron","n_species":11,"focal_species_seen":"Blue-cheeked Bee-eater; European Roller; Red-tailed Shrike","focal_species_slugs":"blue-cheeked-bee-eater;european-roller;red-tailed-shrike","has_focal":true,"GRID_CODE":"GJ-KU-RAN-115","DISTRICT":"Kachchh","BLOCK":"Rann of Kachchh"},"geometry":{"type":"Point","coordinates":[69.253877,24.1674102]}},{"type":"Feature","properties":{"GROUP.ID":"G13038739","LOCALITY":"Gujarat State Highway 45, Kachchh, Gujarat, IN (24.183, 69.223)","LATITUDE":24.1825392,"LONGITUDE":69.2226341,"OBSERVATION.DATE":"2024-09-14","OBSERVER.ID":"obsr604291","DURATION.MINUTES":10.0,"SAMPLING.EVENT.IDENTIFIER":"S195101734","species_list":"Bonelli's Eagle; Red-wattled Lapwing; Ruff; Western Marsh Harrier","n_species":4,"focal_species_seen":"","focal_species_slugs":"","has_focal":false,"GRID_CODE":"GJ-KU-RAN-115","DISTRICT":"Kachchh","BLOCK":"Rann of Kachchh"},"geometry":{"type":"Point","coordinates":[69.2226341,24.1825392]}},{"type":"Feature","properties":{"GROUP.ID":"G13038738","LOCALITY":"Shakoor lake","LATITUDE":24.2702054,"LONGITUDE":69.0952814,"OBSERVATION.DATE":"2024-09-14","OBSERVER.ID":"obsr604291","DURATION.MINUTES":100.0,"SAMPLING.EVENT.IDENTIFIER":"S195103346","species_list":"Asian Green Bee-eater; Black-winged Stilt; Black Drongo; Blue-cheeked Bee-eater; Caspian Tern; Clamorous Reed Warbler; Common Babbler; Common Cuckoo; Common Hoopoe; Common Myna; Crested Lark; Delicate Prinia; Eurasian Collared-Dove; European Roller; Glossy Ibis; Gray Francolin; Great Cormorant; Great Gray Shrike; Great White Pelican; Greater Flamingo; Gull-billed Tern; House Crow; Indian Bushlark; Indian Cormorant; Isabelline Shrike; Laughing Dove; Little Cormorant; Little Egret; Little Tern; Medium Egret; Painted Stork; Pallid Harrier; Plain Prinia; Red-backed Shrike; Red-wattled Lapwing; River Tern; Siberian Stonechat; Variable Wheatear; Western Marsh Harrier; Western Reef-Heron; Whiskered Tern; White-eared Bulbul","n_species":42,"focal_species_seen":"Blue-cheeked Bee-eater; Common Cuckoo; European Roller; Red-backed Shrike","focal_species_slugs":"blue-cheeked-bee-eater;common-cuckoo;european-roller;red-backed-shrike","has_focal":true,"GRID_CODE":null,"DISTRICT":null,"BLOCK":null},"geometry":{"type":"Point","coordinates":[69.0952814,24.2702054]}},{"type":"Feature","properties":{"GROUP.ID":"G13038737","LOCALITY":"Gujarat State Highway 45, Kachchh, Gujarat, IN (24.123, 69.287)","LATITUDE":24.1234917,"LONGITUDE":69.2869083,"OBSERVATION.DATE":"2024-09-14","OBSERVER.ID":"obsr604291","DURATION.MINUTES":null,"SAMPLING.EVENT.IDENTIFIER":"S195103661","species_list":"Greater Hoopoe-Lark; Siberian Stonechat","n_species":2,"focal_species_seen":"","focal_species_slugs":"","has_focal":false,"GRID_CODE":"GJ-KU-RAN-161","DISTRICT":"Kachchh","BLOCK":"Rann of Kachchh"},"geometry":{"type":"Point","coordinates":[69.2869083,24.1234917]}},{"type":"Feature","properties":{"GROUP.ID":"G13038736","LOCALITY":"Kalo Dungar (OBI)","LATITUDE":23.9328742,"LONGITUDE":69.8111222,"OBSERVATION.DATE":"2024-09-14","OBSERVER.ID":"obsr604291","DURATION.MINUTES":null,"SAMPLING.EVENT.IDENTIFIER":"S195103924","species_list":"Indian Thick-knee; Rock Eagle-Owl","n_species":2,"focal_species_seen":"","focal_species_slugs":"","has_focal":false,"GRID_CODE":"GJ-KU-BHU-003","DISTRICT":"Kachchh","BLOCK":"Bhuj"},"geometry":{"type":"Point","coordinates":[69.8111222,23.9328742]}},{"type":"Feature","properties":{"GROUP.ID":"G13038461","LOCALITY":"PMCT21G2","LATITUDE":22.9713605,"LONGITUDE":69.7090486,"OBSERVATION.DATE":"2024-09-14","OBSERVER.ID":"obsr413366","DURATION.MINUTES":47.0,"SAMPLING.EVENT.IDENTIFIER":"S195143861","species_list":"Asian Green Bee-eater; Bay-backed Shrike; Black-winged Stilt; Common Kingfisher; Delicate Prinia; Eastern Cattle-Egret; Eurasian Collared-Dove; European Roller; Gray Francolin; Greater Coucal; Indian Robin; Indian Spot-billed Duck; Laughing Dove; Lesser Whistling-Duck; Little Cormorant; Red-wattled Lapwing; Red Collared-Dove; Rosy Starling; White-tailed Iora; Wire-tailed Swallow","n_species":20,"focal_species_seen":"European Roller","focal_species_slugs":"european-roller","has_focal":true,"GRID_CODE":"GJ-KU-MUN-007","DISTRICT":"Kachchh","BLOCK":"Mundra"},"geometry":{"type":"Point","coordinates":[69.7090486,22.9713605]}},{"type":"Feature","properties":{"GROUP.ID":"G13038462","LOCALITY":"PMCT21G3","LATITUDE":23.0103906,"LONGITUDE":69.77262,"OBSERVATION.DATE":"2024-09-14","OBSERVER.ID":"obsr413366","DURATION.MINUTES":46.0,"SAMPLING.EVENT.IDENTIFIER":"S195144082","species_list":"Ashy-crowned Sparrow-Lark; Asian Green Bee-eater; Bay-backed Shrike; Baya Weaver; Black Drongo; Brahminy Starling; Common Babbler; Common Myna; Common Tailorbird; Eastern Cattle-Egret; Eurasian Collared-Dove; European Roller; Gray-breasted Prinia; Gray Francolin; House Sparrow; Indian Bushlark; Indian Robin; Indian Silverbill; Jungle Prinia; Laughing Dove; Little Cormorant; Long-tailed Shrike; Paddyfield Pipit; Pied Cuckoo; Purple Sunbird; Red-naped Ibis; Red-vented Bulbul; Red-wattled Lapwing; Red Collared-Dove; Rose-ringed Parakeet; Rosy Starling; Small Minivet; Variable Wheatear; White-eared Bulbul; White-tailed Iora; White-throated Kingfisher; Wire-tailed Swallow; Yellow-crowned Woodpecker","n_species":38,"focal_species_seen":"European Roller","focal_species_slugs":"european-roller","has_focal":true,"GRID_CODE":"GJ-KU-MUN-002","DISTRICT":"Kachchh","BLOCK":"Mundra"},"geometry":{"type":"Point","coordinates":[69.77262,23.0103906]}},{"type":"Feature","properties":{"GROUP.ID":"G13069058","LOCALITY":"Ganeshpar Road, Kachchh IN-GJ 23.85975, 70.37190","LATITUDE":23.85975,"LONGITUDE":70.3719,"OBSERVATION.DATE":"2024-09-15","OBSERVER.ID":"obsr447038","DURATION.MINUTES":14.0,"SAMPLING.EVENT.IDENTIFIER":"S195147239","species_list":"Asian Green Bee-eater; Eurasian Collared-Dove; Gray Francolin; Indian Robin; Laughing Dove; Little Egret; Red-wattled Lapwing; Rosy Starling; Siberian Stonechat","n_species":9,"focal_species_seen":"","focal_species_slugs":"","has_focal":false,"GRID_CODE":"GJ-KU-BHA-011","DISTRICT":"Kachchh","BLOCK":"Bhachau"},"geometry":{"type":"Point","coordinates":[70.3719,23.85975]}},{"type":"Feature","properties":{"GROUP.ID":"G13038772","LOCALITY":"T24G1","LATITUDE":23.0589883,"LONGITUDE":69.2193367,"OBSERVATION.DATE":"2024-09-14","OBSERVER.ID":"obsr1476441","DURATION.MINUTES":44.0,"SAMPLING.EVENT.IDENTIFIER":"S195148369","species_list":"Barred Buttonquail; Common Babbler; Common Tailorbird; Eastern Cattle-Egret; Gray-breasted Prinia; Gray Francolin; Indian Peafowl; Indian Robin; Jungle Prinia; Laughing Dove; Long-tailed Shrike; Purple Sunbird; Red-vented Bulbul; Spotted Flycatcher; White-throated Kingfisher","n_species":15,"focal_species_seen":"Spotted Flycatcher","focal_species_slugs":"spotted-flycatcher","has_focal":true,"GRID_CODE":"GJ-KU-MAN-011","DISTRICT":"Kachchh","BLOCK":"Mandvi"},"geometry":{"type":"Point","coordinates":[69.2193367,23.0589883]}},{"type":"Feature","properties":{"GROUP.ID":"G13040293","LOCALITY":"PMC2024 T4G2","LATITUDE":23.5913588,"LONGITUDE":70.5864324,"OBSERVATION.DATE":"2024-09-15","OBSERVER.ID":"obsr4371339","DURATION.MINUTES":16.0,"SAMPLING.EVENT.IDENTIFIER":"S195149834","species_list":"Ashy-crowned Sparrow-Lark; Asian Green Bee-eater; Asian Koel; Black-winged Kite; Common Kingfisher; Common Sandpiper; Eurasian Collared-Dove; Gray Francolin; Greater Coucal; Greater Flamingo; Indian Peafowl; Indian Robin; Laughing Dove; Lesser Whistling-Duck; Little Egret; Little Grebe; Pied Kingfisher; Purple Sunbird; Red-vented Bulbul; River Tern; Rosy Starling; White-breasted Waterhen; White-eared Bulbul; White-throated Kingfisher","n_species":24,"focal_species_seen":"","focal_species_slugs":"","has_focal":false,"GRID_CODE":"GJ-KU-RAP-050","DISTRICT":"Kachchh","BLOCK":"Rapar"},"geometry":{"type":"Point","coordinates":[70.5864324,23.5913588]}},{"type":"Feature","properties":{"GROUP.ID":"G13051606","LOCALITY":"t8g2, Bhachau, Kachchh IN-GJ 23.84270, 70.37684","LATITUDE":23.8427,"LONGITUDE":70.37684,"OBSERVATION.DATE":"2024-09-15","OBSERVER.ID":"obsr447038","DURATION.MINUTES":81.0,"SAMPLING.EVENT.IDENTIFIER":"S195152183","species_list":"Ashy-crowned Sparrow-Lark; Barn Swallow; Bay-backed Shrike; Baya Weaver; Chestnut-bellied Sandgrouse; Common Babbler; Common Hoopoe; Eurasian Collared-Dove; European Roller; Gray Francolin; Indian Robin; Indian Silverbill; Indian Spot-billed Duck; Jungle Prinia; Laughing Dove; Lesser Whistling-Duck; Little Cormorant; Pied Bushchat; Pied Cuckoo; Purple Sunbird; Red-naped Ibis; Red-wattled Lapwing; Red Collared-Dove; Rosy Starling; Siberian Stonechat; Tawny Pipit; White-eared Bulbul; Zitting Cisticola","n_species":28,"focal_species_seen":"European Roller","focal_species_slugs":"european-roller","has_focal":true,"GRID_CODE":"GJ-KU-BHA-011","DISTRICT":"Kachchh","BLOCK":"Bhachau"},"geometry":{"type":"Point","coordinates":[70.37684,23.8427]}},{"type":"Feature","properties":{"GROUP.ID":"G13040006","LOCALITY":"T38G5","LATITUDE":23.7870764,"LONGITUDE":68.7923218,"OBSERVATION.DATE":"2024-09-15","OBSERVER.ID":"obsr3226404","DURATION.MINUTES":77.0,"SAMPLING.EVENT.IDENTIFIER":"S195153001","species_list":"Asian Green Bee-eater; Barred Buttonquail; Bay-backed Shrike; Black Francolin; Common Babbler; Common Hoopoe; Eastern Cattle-Egret; Eurasian Collared-Dove; Eurasian Wryneck; European Roller; Gray Francolin; Green Sandpiper; Indian Bushlark; Indian Peafowl; Indian Robin; Indian Spot-billed Duck; Jungle Prinia; Laughing Dove; Lesser Whistling-Duck; Montagu's Harrier; Oriental Darter; Pied Cuckoo; Red-backed Shrike; Red-tailed Shrike; Red-vented Bulbul; Rufous-fronted Prinia; White-eared Bulbul; Zitting Cisticola","n_species":28,"focal_species_seen":"European Roller; Red-backed Shrike; Red-tailed Shrike","focal_species_slugs":"european-roller;red-backed-shrike;red-tailed-shrike","has_focal":true,"GRID_CODE":"GJ-KU-LAK-005","DISTRICT":"Kachchh","BLOCK":"Lakhpat"},"geometry":{"type":"Point","coordinates":[68.7923218,23.7870764]}},{"type":"Feature","properties":{"GROUP.ID":"G13040687","LOCALITY":"T22_G4","LATITUDE":22.995915,"LONGITUDE":69.451864,"OBSERVATION.DATE":"2024-09-15","OBSERVER.ID":"obsr1662974","DURATION.MINUTES":41.0,"SAMPLING.EVENT.IDENTIFIER":"S195153101","species_list":"Asian Koel; Baya Weaver; Common Babbler; Common Woodshrike; Gray-breasted Prinia; Gray Francolin; House Sparrow; Indian Peafowl; Indian Robin; Indian Silverbill; Laughing Dove; Long-tailed Shrike; Purple Sunbird; Red-vented Bulbul; Rose-ringed Parakeet; Small Minivet; Yellow-wattled Lapwing; Zitting Cisticola","n_species":18,"focal_species_seen":"","focal_species_slugs":"","has_focal":false,"GRID_CODE":"GJ-KU-MAN-024","DISTRICT":"Kachchh","BLOCK":"Mandvi"},"geometry":{"type":"Point","coordinates":[69.451864,22.995915]}},{"type":"Feature","properties":{"GROUP.ID":"G13039408","LOCALITY":"T25 G6","LATITUDE":23.264822,"LONGITUDE":69.375635,"OBSERVATION.DATE":"2024-09-15","OBSERVER.ID":"obsr723923","DURATION.MINUTES":61.0,"SAMPLING.EVENT.IDENTIFIER":"S195153108","species_list":"Ashy-crowned Sparrow-Lark; Asian Green Bee-eater; Black Drongo; Black Francolin; Brahminy Starling; Common Babbler; Common Tailorbird; Eastern Cattle-Egret; Eastern Red-rumped Swallow; European Roller; Gray-breasted Prinia; Gray Francolin; Indian Bushlark; Indian Pond-Heron; Indian Robin; Jungle Prinia; Knob-billed Duck; Laughing Dove; Little Egret; Little Swift; Pied Cuckoo; Plain Prinia; Purple Sunbird; Red-naped Ibis; Red-vented Bulbul; Red-wattled Lapwing; Rosy Starling; Rufous-fronted Prinia; Sykes's Warbler; White-eared Bulbul; White-tailed Iora","n_species":31,"focal_species_seen":"European Roller","focal_species_slugs":"european-roller","has_focal":true,"GRID_CODE":"GJ-KU-NAK-059","DISTRICT":"Kachchh","BLOCK":"Nakhatrana"},"geometry":{"type":"Point","coordinates":[69.375635,23.264822]}},{"type":"Feature","properties":{"GROUP.ID":"G13040234","LOCALITY":"T6 G2 Dedarva, Gujarat, IN (23.431, 70.662)","LATITUDE":23.4312331,"LONGITUDE":70.6623201,"OBSERVATION.DATE":"2024-09-15","OBSERVER.ID":"obsr6145241","DURATION.MINUTES":85.0,"SAMPLING.EVENT.IDENTIFIER":"S195153228","species_list":"Bay-backed Shrike; Baya Weaver; Black-winged Kite; Common Cuckoo; Eastern Cattle-Egret; European Roller; Jungle Prinia; Laughing Dove; Little Egret; Pied Cuckoo; Purple Heron; Red-backed Shrike; Rosy Starling; Striolated Bunting","n_species":14,"focal_species_seen":"Common Cuckoo; European Roller; Red-backed Shrike","focal_species_slugs":"common-cuckoo;european-roller;red-backed-shrike","has_focal":true,"GRID_CODE":"GJ-KU-RAP-085","DISTRICT":"Kachchh","BLOCK":"Rapar"},"geometry":{"type":"Point","coordinates":[70.6623201,23.4312331]}},{"type":"Feature","properties":{"GROUP.ID":"G13039385","LOCALITY":"T24G2","LATITUDE":23.0540167,"LONGITUDE":69.34487,"OBSERVATION.DATE":"2024-09-15","OBSERVER.ID":"obsr1476441","DURATION.MINUTES":54.0,"SAMPLING.EVENT.IDENTIFIER":"S195153660","species_list":"Ashy-crowned Sparrow-Lark; Asian Green Bee-eater; Bay-backed Shrike; Baya Weaver; Black-crowned Night Heron; Blue-cheeked Bee-eater; Common Babbler; Common Hoopoe; Common Tailorbird; Eastern Cattle-Egret; Eastern Red-rumped Swallow; Eurasian Collared-Dove; European Roller; Gray Francolin; Green Sandpiper; Indian Bushlark; Indian Peafowl; Indian Pond-Heron; Indian Robin; Indian Silverbill; Jungle Prinia; Laughing Dove; Lesser Whistling-Duck; Little Cormorant; Little Swift; Long-tailed Shrike; Paddyfield Pipit; Purple Heron; Purple Sunbird; Red-vented Bulbul; Red-wattled Lapwing; Rose-ringed Parakeet; Rufous-fronted Prinia; Spotted Flycatcher; Variable Wheatear; White-eared Bulbul; White-tailed Iora; White-throated Kingfisher; Wire-tailed Swallow; Yellow-wattled Lapwing","n_species":40,"focal_species_seen":"Blue-cheeked Bee-eater; European Roller; Spotted Flycatcher","focal_species_slugs":"blue-cheeked-bee-eater;european-roller;spotted-flycatcher","has_focal":true,"GRID_CODE":"GJ-KU-MAN-013","DISTRICT":"Kachchh","BLOCK":"Mandvi"},"geometry":{"type":"Point","coordinates":[69.34487,23.0540167]}},{"type":"Feature","properties":{"GROUP.ID":"G13048169","LOCALITY":"Team_31_Grid_2","LATITUDE":23.5603279,"LONGITUDE":69.1418501,"OBSERVATION.DATE":"2024-09-15","OBSERVER.ID":"obsr457663","DURATION.MINUTES":31.0,"SAMPLING.EVENT.IDENTIFIER":"S195153699","species_list":"European Roller; Gray Francolin; Indian Spot-billed Duck; Little Grebe; Spotted Flycatcher","n_species":5,"focal_species_seen":"European Roller; Spotted Flycatcher","focal_species_slugs":"european-roller;spotted-flycatcher","has_focal":true,"GRID_CODE":"GJ-KU-NAK-011","DISTRICT":"Kachchh","BLOCK":"Nakhatrana"},"geometry":{"type":"Point","coordinates":[69.1418501,23.5603279]}},{"type":"Feature","properties":{"GROUP.ID":"G13040866","LOCALITY":"PMC_T29G6","LATITUDE":23.1781817,"LONGITUDE":68.8242617,"OBSERVATION.DATE":"2024-09-15","OBSERVER.ID":"obsr1419186","DURATION.MINUTES":51.0,"SAMPLING.EVENT.IDENTIFIER":"S195154013","species_list":"Common Babbler; Common Tailorbird; Eurasian Spoonbill; Eurasian Wryneck; Great Egret; Indian Robin; Lesser Whitethroat; Long-tailed Shrike; Paddyfield Pipit; Painted Stork; Plain Prinia; Purple Sunbird; Rain Quail; Red-naped Ibis; Rosy Starling; Siberian Stonechat; Spotted Flycatcher; White-eared Bulbul; Zitting Cisticola","n_species":19,"focal_species_seen":"Spotted Flycatcher","focal_species_slugs":"spotted-flycatcher","has_focal":true,"GRID_CODE":"GJ-KU-ABD-060","DISTRICT":"Kachchh","BLOCK":"Abdasa"},"geometry":{"type":"Point","coordinates":[68.8242617,23.1781817]}},{"type":"Feature","properties":{"GROUP.ID":"G13051329","LOCALITY":"T19G6","LATITUDE":23.4660128,"LONGITUDE":69.515667,"OBSERVATION.DATE":"2024-09-15","OBSERVER.ID":"obsr358777","DURATION.MINUTES":34.0,"SAMPLING.EVENT.IDENTIFIER":"S195154221","species_list":"Asian Green Bee-eater; Asian Koel; Baya Weaver; Black-winged Kite; Common Babbler; Common Tailorbird; Eastern Cattle-Egret; Eurasian Collared-Dove; Gray-breasted Prinia; Gray Francolin; House Sparrow; Indian Robin; Indian Roller; Indian Silverbill; Laughing Dove; Little Swift; Long-tailed Shrike; Northern Shoveler; Plain Prinia; Purple Sunbird; Red-vented Bulbul; Red-wattled Lapwing; Rose-ringed Parakeet; White-throated Kingfisher","n_species":24,"focal_species_seen":"","focal_species_slugs":"","has_focal":false,"GRID_CODE":"GJ-KU-NAK-027","DISTRICT":"Kachchh","BLOCK":"Nakhatrana"},"geometry":{"type":"Point","coordinates":[69.515667,23.4660128]}},{"type":"Feature","properties":{"GROUP.ID":"G13050785","LOCALITY":"T10G2","LATITUDE":23.235251,"LONGITUDE":70.1887394,"OBSERVATION.DATE":"2024-09-15","OBSERVER.ID":"obsr928201","DURATION.MINUTES":55.0,"SAMPLING.EVENT.IDENTIFIER":"S195154732","species_list":"Ashy-crowned Sparrow-Lark; Asian Green Bee-eater; Asian Koel; Baya Weaver; Common Babbler; Common Cuckoo; Eastern Cattle-Egret; Eastern Red-rumped Swallow; Eurasian Coot; Gray-breasted Prinia; Gray Francolin; House Sparrow; Indian Peafowl; Indian Robin; Indian Spot-billed Duck; Jungle Prinia; Laughing Dove; Little Cormorant; Oriental Darter; Paddyfield Pipit; Pied Kingfisher; Plain Prinia; Purple Sunbird; Red-naped Ibis; Red-vented Bulbul; Red-wattled Lapwing; River Tern; Rosy Starling; Spotted Flycatcher; Streak-throated Swallow; Wire-tailed Swallow; Yellow-wattled Lapwing","n_species":32,"focal_species_seen":"Common Cuckoo; Spotted Flycatcher","focal_species_slugs":"common-cuckoo;spotted-flycatcher","has_focal":true,"GRID_CODE":"GJ-KU-ANJ-013","DISTRICT":"Kachchh","BLOCK":"Anjar"},"geometry":{"type":"Point","coordinates":[70.1887394,23.235251]}},{"type":"Feature","properties":{"GROUP.ID":"G13040776","LOCALITY":"T23G5","LATITUDE":23.1807248,"LONGITUDE":69.5819118,"OBSERVATION.DATE":"2024-09-15","OBSERVER.ID":"obsr1525537","DURATION.MINUTES":61.0,"SAMPLING.EVENT.IDENTIFIER":"S195154757","species_list":"Ashy-crowned Sparrow-Lark; Asian Green Bee-eater; Baya Weaver; Black-winged Stilt; Common Babbler; Common Hoopoe; Common Tailorbird; Eastern Cattle-Egret; Gray Francolin; House Sparrow; Indian Pond-Heron; Indian Robin; Indian Silverbill; Jungle Prinia; Laughing Dove; Little Cormorant; Pied Cuckoo; Purple Sunbird; Red-vented Bulbul; Red-wattled Lapwing; River Tern; Rose-ringed Parakeet; Rufous-tailed Lark; Spotted Flycatcher; Sykes's Warbler; White-eared Bulbul; White-tailed Iora; Wire-tailed Swallow","n_species":28,"focal_species_seen":"Spotted Flycatcher","focal_species_slugs":"spotted-flycatcher","has_focal":true,"GRID_CODE":"GJ-KU-BHU-145","DISTRICT":"Kachchh","BLOCK":"Bhuj"},"geometry":{"type":"Point","coordinates":[69.5819118,23.1807248]}},{"type":"Feature","properties":{"GROUP.ID":"G13039635","LOCALITY":"T5G3","LATITUDE":23.284363,"LONGITUDE":70.585903,"OBSERVATION.DATE":"2024-09-15","OBSERVER.ID":"obsr914590","DURATION.MINUTES":41.0,"SAMPLING.EVENT.IDENTIFIER":"S195155244","species_list":"Ashy-crowned Sparrow-Lark; Asian Green Bee-eater; Asian Koel; Baya Weaver; Brahminy Starling; Common Babbler; Eastern Cattle-Egret; Eastern Red-rumped Swallow; Eurasian Collared-Dove; European Roller; Glossy Ibis; Gray-breasted Prinia; Gray Francolin; Great Cormorant; Greater Coucal; Greater Whitethroat; Indian Peafowl; Indian Robin; Indian Silverbill; Jungle Prinia; Laughing Dove; Lesser Whitethroat; Long-tailed Shrike; Pied Cuckoo; Plain Prinia; Purple Sunbird; Red-vented Bulbul; Rose-ringed Parakeet; Rosy Starling","n_species":29,"focal_species_seen":"European Roller; Greater Whitethroat","focal_species_slugs":"european-roller;greater-whitethroat","has_focal":true,"GRID_CODE":"GJ-KU-BHA-058","DISTRICT":"Kachchh","BLOCK":"Bhachau"},"geometry":{"type":"Point","coordinates":[70.585903,23.284363]}},{"type":"Feature","properties":{"GROUP.ID":"G13040682","LOCALITY":"T22_G5","LATITUDE":22.990282,"LONGITUDE":69.537323,"OBSERVATION.DATE":"2024-09-15","OBSERVER.ID":"obsr1662974","DURATION.MINUTES":45.0,"SAMPLING.EVENT.IDENTIFIER":"S195156031","species_list":"Baya Weaver; Common Babbler; Eastern Cattle-Egret; Indian Bushlark; Indian Silverbill; Laughing Dove; Little Cormorant; Medium Egret; Plain Prinia; Rain Quail; Red-vented Bulbul; Red-wattled Lapwing; Rufous-fronted Prinia; Western Reef-Heron; Wire-tailed Swallow","n_species":15,"focal_species_seen":"","focal_species_slugs":"","has_focal":false,"GRID_CODE":"GJ-KU-MUN-003","DISTRICT":"Kachchh","BLOCK":"Mundra"},"geometry":{"type":"Point","coordinates":[69.537323,22.990282]}},{"type":"Feature","properties":{"GROUP.ID":"G13040090","LOCALITY":"Nakhatrana Forest Rest House","LATITUDE":23.3433277,"LONGITUDE":69.2688271,"OBSERVATION.DATE":"2024-09-13","OBSERVER.ID":"obsr494050","DURATION.MINUTES":15.0,"SAMPLING.EVENT.IDENTIFIER":"S195156079","species_list":"Spotted Owlet","n_species":1,"focal_species_seen":"","focal_species_slugs":"","has_focal":false,"GRID_CODE":"GJ-KU-NAK-052","DISTRICT":"Kachchh","BLOCK":"Nakhatrana"},"geometry":{"type":"Point","coordinates":[69.2688271,23.3433277]}},{"type":"Feature","properties":{"GROUP.ID":"G13040088","LOCALITY":"T30G4","LATITUDE":23.3998408,"LONGITUDE":69.0263751,"OBSERVATION.DATE":"2024-09-15","OBSERVER.ID":"obsr494050","DURATION.MINUTES":45.0,"SAMPLING.EVENT.IDENTIFIER":"S195156128","species_list":"Ashy-crowned Sparrow-Lark; Asian Green Bee-eater; Barn Swallow; Barred Buttonquail; Black Francolin; Brahminy Starling; Clamorous Reed Warbler; Common Babbler; Common Sandpiper; Common Tailorbird; Eastern Cattle-Egret; Eastern Red-rumped Swallow; Eurasian Collared-Dove; European Roller; Gray-breasted Prinia; Gray-necked Bunting; Gray Francolin; Gray Wagtail; Green Sandpiper; House Sparrow; Indian Bushlark; Indian Peafowl; Jungle Prinia; Laughing Dove; Little Egret; Oriental Darter; Pied Cuckoo; Purple Sunbird; Red-vented Bulbul; Red-wattled Lapwing; Red Collared-Dove; River Tern; Rose-ringed Parakeet; Rosy Starling; Rufous-fronted Prinia; Whiskered Tern; White-eared Bulbul; Wire-tailed Swallow; Yellow-throated Sparrow","n_species":39,"focal_species_seen":"European Roller","focal_species_slugs":"european-roller","has_focal":true,"GRID_CODE":"GJ-KU-ABD-019","DISTRICT":"Kachchh","BLOCK":"Abdasa"},"geometry":{"type":"Point","coordinates":[69.0263751,23.3998408]}},{"type":"Feature","properties":{"GROUP.ID":"G13040087","LOCALITY":"Netra, Gujarat, IN (23.398, 69.028)","LATITUDE":23.3984564,"LONGITUDE":69.0276342,"OBSERVATION.DATE":"2024-09-15","OBSERVER.ID":"obsr494050","DURATION.MINUTES":15.0,"SAMPLING.EVENT.IDENTIFIER":"S195156275","species_list":"Ashy-crowned Sparrow-Lark; Asian Green Bee-eater; Baya Weaver; Black Francolin; Common Sandpiper; Common Woodshrike; Eastern Cattle-Egret; Eastern Red-rumped Swallow; Eurasian Collared-Dove; Gray-breasted Prinia; Gray Francolin; Green Sandpiper; Indian Bushlark; Indian Pond-Heron; Jungle Prinia; Laughing Dove; Lesser Whitethroat; Little Cormorant; Purple Sunbird; Red-vented Bulbul; Red-wattled Lapwing; River Tern; Rufous-fronted Prinia","n_species":23,"focal_species_seen":"","focal_species_slugs":"","has_focal":false,"GRID_CODE":"GJ-KU-ABD-019","DISTRICT":"Kachchh","BLOCK":"Abdasa"},"geometry":{"type":"Point","coordinates":[69.0276342,23.3984564]}},{"type":"Feature","properties":{"GROUP.ID":"G13040086","LOCALITY":"Netra-Kuwapaddhar-Tera Road, Bandiya, Gujarat, IN (23.395, 69.004)","LATITUDE":23.3954191,"LONGITUDE":69.0038014,"OBSERVATION.DATE":"2024-09-15","OBSERVER.ID":"obsr494050","DURATION.MINUTES":null,"SAMPLING.EVENT.IDENTIFIER":"S195156289","species_list":"Long-tailed Shrike","n_species":1,"focal_species_seen":"","focal_species_slugs":"","has_focal":false,"GRID_CODE":"GJ-KU-ABD-018","DISTRICT":"Kachchh","BLOCK":"Abdasa"},"geometry":{"type":"Point","coordinates":[69.0038014,23.3954191]}},{"type":"Feature","properties":{"GROUP.ID":"G13040085","LOCALITY":"Netra-Kuwapaddhar-Tera Road, Ustiya, Gujarat, IN (23.385, 68.984)","LATITUDE":23.3850016,"LONGITUDE":68.9839791,"OBSERVATION.DATE":"2024-09-15","OBSERVER.ID":"obsr494050","DURATION.MINUTES":null,"SAMPLING.EVENT.IDENTIFIER":"S195156312","species_list":"Long-tailed Shrike","n_species":1,"focal_species_seen":"","focal_species_slugs":"","has_focal":false,"GRID_CODE":"GJ-KU-ABD-018","DISTRICT":"Kachchh","BLOCK":"Abdasa"},"geometry":{"type":"Point","coordinates":[68.9839791,23.3850016]}},{"type":"Feature","properties":{"GROUP.ID":"G13051605","LOCALITY":"t8g1, NH 927C, Kachchh IN-GJ 23.83203, 70.29604","LATITUDE":23.83203,"LONGITUDE":70.29604,"OBSERVATION.DATE":"2024-09-15","OBSERVER.ID":"obsr447038","DURATION.MINUTES":63.0,"SAMPLING.EVENT.IDENTIFIER":"S195156463","species_list":"Ashy-crowned Sparrow-Lark; Asian Green Bee-eater; Baya Weaver; Black-winged Kite; Common Babbler; Common Tailorbird; Eurasian Collared-Dove; European Roller; Gray-breasted Prinia; Greater Coucal; House Sparrow; Indian Robin; Isabelline Shrike; Laughing Dove; Little Swift; Long-tailed Shrike; Plain Prinia; Purple Sunbird; Red-naped Ibis; Red-vented Bulbul; Red-wattled Lapwing; Red Collared-Dove; Rosy Starling; Spotted Flycatcher; Variable Wheatear; White-eared Bulbul; White-throated Kingfisher","n_species":27,"focal_species_seen":"European Roller; Spotted Flycatcher","focal_species_slugs":"european-roller;spotted-flycatcher","has_focal":true,"GRID_CODE":"GJ-KU-BHA-009","DISTRICT":"Kachchh","BLOCK":"Bhachau"},"geometry":{"type":"Point","coordinates":[70.29604,23.83203]}},{"type":"Feature","properties":{"GROUP.ID":"G13055665","LOCALITY":"Eastern Banni near Khengarpar village","LATITUDE":23.414054,"LONGITUDE":69.9325,"OBSERVATION.DATE":"2024-09-14","OBSERVER.ID":"obsr1522701","DURATION.MINUTES":86.0,"SAMPLING.EVENT.IDENTIFIER":"S195156510","species_list":"Ashy-crowned Sparrow-Lark; Asian Green Bee-eater; Baya Weaver; Black-headed Ibis; Common Babbler; Crested Lark; Eurasian Collared-Dove; Eurasian Spoonbill; European Roller; Gray Francolin; Isabelline Shrike; Isabelline Wheatear; Paddyfield Pipit; Plain Prinia; Red-backed Shrike; Red-tailed Shrike; Red-wattled Lapwing; Rosy Starling; Rufous-tailed Scrub-Robin; Siberian Stonechat; Spotted Flycatcher","n_species":21,"focal_species_seen":"European Roller; Red-backed Shrike; Red-tailed Shrike; Rufous-tailed Scrub-Robin; Spotted Flycatcher","focal_species_slugs":"european-roller;red-backed-shrike;red-tailed-shrike;rufous-tailed-scrub-robin;spotted-flycatcher","has_focal":true,"GRID_CODE":"GJ-KU-BHU-090","DISTRICT":"Kachchh","BLOCK":"Bhuj"},"geometry":{"type":"Point","coordinates":[69.9325,23.414054]}},{"type":"Feature","properties":{"GROUP.ID":"G13040235","LOCALITY":"T6 G4 Unnamed Road, Kachchh, Gujarat, IN (23.448, 70.602)","LATITUDE":23.4477499,"LONGITUDE":70.6021001,"OBSERVATION.DATE":"2024-09-15","OBSERVER.ID":"obsr6145241","DURATION.MINUTES":29.0,"SAMPLING.EVENT.IDENTIFIER":"S195156638","species_list":"Ashy-crowned Sparrow-Lark; Asian Green Bee-eater; Barred Buttonquail; Baya Weaver; Black-headed Bunting; Common Babbler; Eurasian Wryneck; European Roller; Indian Bushlark; Jungle Prinia; Lesser Whitethroat; Red-vented Bulbul; Variable Wheatear","n_species":13,"focal_species_seen":"European Roller","focal_species_slugs":"european-roller","has_focal":true,"GRID_CODE":"GJ-KU-BHA-029","DISTRICT":"Kachchh","BLOCK":"Bhachau"},"geometry":{"type":"Point","coordinates":[70.6021001,23.4477499]}},{"type":"Feature","properties":{"GROUP.ID":"G13040363","LOCALITY":"T13G1","LATITUDE":23.386157999999999,"LONGITUDE":69.903611,"OBSERVATION.DATE":"2024-09-14","OBSERVER.ID":"obsr1522701","DURATION.MINUTES":76.0,"SAMPLING.EVENT.IDENTIFIER":"S195157384","species_list":"Ashy-crowned Sparrow-Lark; Asian Green Bee-eater; Barred Buttonquail; Bay-backed Shrike; Baya Weaver; Black-headed Ibis; Blue-cheeked Bee-eater; Common Babbler; Common Hoopoe; Common Tailorbird; Dusky Crag-Martin; Eastern Red-rumped Swallow; Eurasian Spoonbill; European Roller; Gray Francolin; Gray Heron; Greater Whitethroat; Indian Bushlark; Indian Robin; Indian Silverbill; Indian Spot-billed Duck; Isabelline Shrike; Jungle Prinia; Little Cormorant; Long-tailed Shrike; Painted Stork; Plain Prinia; Purple Sunbird; Red-naped Ibis; Red-vented Bulbul; River Tern; Rufous-tailed Scrub-Robin; Siberian Stonechat; Spotted Flycatcher; Sykes's Warbler; Variable Wheatear; Western Marsh Harrier; White-eared Bulbul; Yellow-eyed Babbler","n_species":39,"focal_species_seen":"Blue-cheeked Bee-eater; European Roller; Greater Whitethroat; Rufous-tailed Scrub-Robin; Spotted Flycatcher","focal_species_slugs":"blue-cheeked-bee-eater;european-roller;greater-whitethroat;rufous-tailed-scrub-robin;spotted-flycatcher","has_focal":true,"GRID_CODE":"GJ-KU-BHU-102","DISTRICT":"Kachchh","BLOCK":"Bhuj"},"geometry":{"type":"Point","coordinates":[69.903611,23.386157999999999]}},{"type":"Feature","properties":{"GROUP.ID":"G13055663","LOCALITY":"T13G2","LATITUDE":23.372781,"LONGITUDE":69.996744,"OBSERVATION.DATE":"2024-09-14","OBSERVER.ID":"obsr1522701","DURATION.MINUTES":25.0,"SAMPLING.EVENT.IDENTIFIER":"S195157484","species_list":"Ashy-crowned Sparrow-Lark; Asian Green Bee-eater; Baya Weaver; Black-winged Kite; Common Babbler; Eurasian Collared-Dove; European Roller; House Sparrow; Indian Robin; Indian Silverbill; Isabelline Shrike; Jungle Prinia; Knob-billed Duck; Laughing Dove; Plain Prinia; Purple Sunbird; Red-vented Bulbul; Red-wattled Lapwing; Red Collared-Dove; Rosy Starling; Siberian Stonechat; Variable Wheatear; White-eared Bulbul; White-throated Kingfisher; Wire-tailed Swallow","n_species":25,"focal_species_seen":"European Roller","focal_species_slugs":"european-roller","has_focal":true,"GRID_CODE":"GJ-KU-BHU-104","DISTRICT":"Kachchh","BLOCK":"Bhuj"},"geometry":{"type":"Point","coordinates":[69.996744,23.372781]}},{"type":"Feature","properties":{"GROUP.ID":"G13040084","LOCALITY":"T30G2","LATITUDE":23.3547694,"LONGITUDE":68.958367,"OBSERVATION.DATE":"2024-09-15","OBSERVER.ID":"obsr494050","DURATION.MINUTES":45.0,"SAMPLING.EVENT.IDENTIFIER":"S195157980","species_list":"Ashy-crowned Sparrow-Lark; Asian Green Bee-eater; Baya Weaver; Black Drongo; Common Babbler; Common Hoopoe; Common Tailorbird; Dusky Crag-Martin; Eastern Cattle-Egret; Eastern Red-rumped Swallow; Eurasian Collared-Dove; Eurasian Coot; Gray-breasted Prinia; Gray Francolin; House Crow; House Sparrow; Indian Bushlark; Indian Peafowl; Indian Silverbill; Laughing Dove; Lesser Whitethroat; Little Cormorant; Little Grebe; Oriental Darter; Pied Cuckoo; Plain Prinia; Purple Sunbird; Red-vented Bulbul; Red-wattled Lapwing; Rosy Starling; Rufous-fronted Prinia; Spotted Flycatcher; Sykes's Warbler; White-eared Bulbul; White-tailed Iora; White-throated Kingfisher","n_species":36,"focal_species_seen":"Spotted Flycatcher","focal_species_slugs":"spotted-flycatcher","has_focal":true,"GRID_CODE":"GJ-KU-ABD-027","DISTRICT":"Kachchh","BLOCK":"Abdasa"},"geometry":{"type":"Point","coordinates":[68.958367,23.3547694]}},{"type":"Feature","properties":{"GROUP.ID":"G13039889","LOCALITY":"T25G5","LATITUDE":23.239605,"LONGITUDE":69.439085,"OBSERVATION.DATE":"2024-09-15","OBSERVER.ID":"obsr723923","DURATION.MINUTES":42.0,"SAMPLING.EVENT.IDENTIFIER":"S195158180","species_list":"Asian Green Bee-eater; Baya Weaver; Booted Eagle; Brahminy Starling; Common Babbler; Common Tailorbird; Eastern Cattle-Egret; European Roller; Gray-breasted Prinia; Gray Francolin; Indian Robin; Indian Silverbill; Jungle Prinia; Laughing Dove; Pied Bushchat; Plain Prinia; Purple Sunbird; Red-vented Bulbul; Red-wattled Lapwing; Rosy Starling; Rufous-fronted Prinia; Spotted Flycatcher; Sykes's Warbler; White-eared Bulbul; White-tailed Iora; Wire-tailed Swallow","n_species":26,"focal_species_seen":"European Roller; Spotted Flycatcher","focal_species_slugs":"european-roller;spotted-flycatcher","has_focal":true,"GRID_CODE":"GJ-KU-BHU-130","DISTRICT":"Kachchh","BLOCK":"Bhuj"},"geometry":{"type":"Point","coordinates":[69.439085,23.239605]}},{"type":"Feature","properties":{"GROUP.ID":"G13064026","LOCALITY":"PMC-2024_T26G","LATITUDE":22.9111487,"LONGITUDE":69.2042721,"OBSERVATION.DATE":"2024-09-15","OBSERVER.ID":"obsr3359651","DURATION.MINUTES":77.0,"SAMPLING.EVENT.IDENTIFIER":"S195158616","species_list":"Ashy-crowned Sparrow-Lark; Asian Green Bee-eater; Bay-backed Shrike; Baya Weaver; Black Drongo; Common Babbler; Common Kingfisher; Common Woodshrike; Eastern Cattle-Egret; Eurasian Collared-Dove; Glossy Ibis; Gray Francolin; Indian Golden Oriole; Indian Pond-Heron; Indian Robin; Indian Silverbill; Indian Spot-billed Duck; Jungle Prinia; Laughing Dove; Little Cormorant; Little Egret; Paddyfield Pipit; Pied Kingfisher; Plain Prinia; Purple Sunbird; Red-naped Ibis; Red-vented Bulbul; Red-wattled Lapwing; Red Collared-Dove; River Tern; Rose-ringed Parakeet; Rosy Starling; Rufous-fronted Prinia; Siberian Stonechat; Western Reef-Heron; Whiskered Tern; White-eared Bulbul; White-throated Kingfisher; Wire-tailed Swallow; Yellow-wattled Lapwing","n_species":40,"focal_species_seen":"","focal_species_slugs":"","has_focal":false,"GRID_CODE":"GJ-KU-MAN-029","DISTRICT":"Kachchh","BLOCK":"Mandvi"},"geometry":{"type":"Point","coordinates":[69.2042721,22.9111487]}},{"type":"Feature","properties":{"GROUP.ID":"G13046616","LOCALITY":"T10G5","LATITUDE":23.3454982,"LONGITUDE":70.1637995,"OBSERVATION.DATE":"2024-09-15","OBSERVER.ID":"obsr928201","DURATION.MINUTES":59.0,"SAMPLING.EVENT.IDENTIFIER":"S195158732","species_list":"Baya Weaver; Common Babbler; Common Hoopoe; Eastern Cattle-Egret; Eurasian Collared-Dove; Gray-breasted Prinia; Gray Francolin; House Sparrow; Indian Cormorant; Jungle Prinia; Laughing Dove; Plain Prinia; Red-vented Bulbul; White-eared Bulbul","n_species":14,"focal_species_seen":"","focal_species_slugs":"","has_focal":false,"GRID_CODE":"GJ-KU-ANJ-005","DISTRICT":"Kachchh","BLOCK":"Anjar"},"geometry":{"type":"Point","coordinates":[70.1637995,23.3454982]}},{"type":"Feature","properties":{"GROUP.ID":"G13048168","LOCALITY":"Team_31_Grid_5","LATITUDE":23.6259939,"LONGITUDE":69.1806086,"OBSERVATION.DATE":"2024-09-15","OBSERVER.ID":"obsr457663","DURATION.MINUTES":24.0,"SAMPLING.EVENT.IDENTIFIER":"S195158761","species_list":"Common Hoopoe; Spotted Flycatcher","n_species":2,"focal_species_seen":"Spotted Flycatcher","focal_species_slugs":"spotted-flycatcher","has_focal":true,"GRID_CODE":"GJ-KU-BHU-053","DISTRICT":"Kachchh","BLOCK":"Bhuj"},"geometry":{"type":"Point","coordinates":[69.1806086,23.6259939]}},{"type":"Feature","properties":{"GROUP.ID":"G13040681","LOCALITY":"T22_G6","LATITUDE":23.017433,"LONGITUDE":69.568624,"OBSERVATION.DATE":"2024-09-15","OBSERVER.ID":"obsr1662974","DURATION.MINUTES":56.0,"SAMPLING.EVENT.IDENTIFIER":"S195158984","species_list":"Ashy-crowned Sparrow-Lark; Asian Openbill; Bay-backed Shrike; Common Babbler; European Roller; Glossy Ibis; Gray-breasted Prinia; Greater Coucal; Gull-billed Tern; Indian Bushlark; Indian Robin; Laughing Dove; Pied Cuckoo; Plain Prinia; Purple Sunbird; Red-vented Bulbul; Red-wattled Lapwing; Rosy Starling; Tawny Lark; Yellow-crowned Woodpecker; Yellow-wattled Lapwing","n_species":21,"focal_species_seen":"European Roller","focal_species_slugs":"european-roller","has_focal":true,"GRID_CODE":"GJ-KU-BHU-168","DISTRICT":"Kachchh","BLOCK":"Bhuj"},"geometry":{"type":"Point","coordinates":[69.568624,23.017433]}},{"type":"Feature","properties":{"GROUP.ID":"G13065270","LOCALITY":"Ratiya Dhonsa Road, Kachchh IN-GJ 23.25767, 69.61679","LATITUDE":23.257674,"LONGITUDE":69.616786,"OBSERVATION.DATE":"2024-09-15","OBSERVER.ID":"obsr1636070","DURATION.MINUTES":150.0,"SAMPLING.EVENT.IDENTIFIER":"S195159197","species_list":"Ashy-crowned Sparrow-Lark; Asian Green Bee-eater; Bay-backed Shrike; Black-winged Stilt; Common Hoopoe; Eurasian Collared-Dove; European Roller; Gray Francolin; House Sparrow; Indian Bushlark; Indian Silverbill; Laughing Dove; Paddyfield Pipit; Red-backed Shrike; Red-vented Bulbul; Rufous-fronted Prinia; White-breasted Waterhen; Wire-tailed Swallow","n_species":18,"focal_species_seen":"European Roller; Red-backed Shrike","focal_species_slugs":"european-roller;red-backed-shrike","has_focal":true,"GRID_CODE":"GJ-KU-BHU-134","DISTRICT":"Kachchh","BLOCK":"Bhuj"},"geometry":{"type":"Point","coordinates":[69.616786,23.257674]}},{"type":"Feature","properties":{"GROUP.ID":"G13040205","LOCALITY":"PMC2024 T4G4","LATITUDE":23.6627177,"LONGITUDE":70.5803079,"OBSERVATION.DATE":"2024-09-15","OBSERVER.ID":"obsr4371339","DURATION.MINUTES":56.0,"SAMPLING.EVENT.IDENTIFIER":"S195159805","species_list":"Asian Green Bee-eater; Barn Swallow; Chestnut-bellied Sandgrouse; Common Babbler; Common Kingfisher; Common Sandpiper; Eurasian Collared-Dove; Greater Flamingo; Indian Peafowl; Indian Pond-Heron; Indian Robin; Kentish Plover; Laughing Dove; Lesser Whistling-Duck; Pied Kingfisher; Red-naped Ibis; Red-vented Bulbul; Red-wattled Lapwing; River Tern; Streak-throated Swallow; Tawny Lark; White-eared Bulbul; White-throated Kingfisher; Wire-tailed Swallow; Yellow-wattled Lapwing","n_species":25,"focal_species_seen":"","focal_species_slugs":"","has_focal":false,"GRID_CODE":"GJ-KU-RAP-029","DISTRICT":"Kachchh","BLOCK":"Rapar"},"geometry":{"type":"Point","coordinates":[70.5803079,23.6627177]}},{"type":"Feature","properties":{"GROUP.ID":"G13040867","LOCALITY":"PMC_T29G5","LATITUDE":23.1629767,"LONGITUDE":68.910255,"OBSERVATION.DATE":"2024-09-15","OBSERVER.ID":"obsr1419186","DURATION.MINUTES":15.0,"SAMPLING.EVENT.IDENTIFIER":"S195159883","species_list":"Asian Green Bee-eater; Black-winged Stilt; Black Drongo; Eurasian Collared-Dove; Gray-breasted Prinia; Gray Heron; Indian Pond-Heron; Laughing Dove; Purple Heron; Red-vented Bulbul; Red-wattled Lapwing; Short-toed Snake-Eagle; Terek Sandpiper","n_species":13,"focal_species_seen":"","focal_species_slugs":"","has_focal":false,"GRID_CODE":"GJ-KU-ABD-062","DISTRICT":"Kachchh","BLOCK":"Abdasa"},"geometry":{"type":"Point","coordinates":[68.910255,23.1629767]}},{"type":"Feature","properties":{"GROUP.ID":"G13040427","LOCALITY":"T35G4, Harudi, Gujarat, IN (23.501, 68.689)","LATITUDE":23.500865,"LONGITUDE":68.6886773,"OBSERVATION.DATE":"2024-09-14","OBSERVER.ID":"obsr834427","DURATION.MINUTES":46.0,"SAMPLING.EVENT.IDENTIFIER":"S195160838","species_list":"Ashy-crowned Sparrow-Lark; Asian Green Bee-eater; Bay-backed Shrike; Black Drongo; Black Francolin; Blyth's Reed Warbler; Common Hoopoe; Common Myna; Common Woodshrike; Crested Lark; Eastern Cattle-Egret; Eurasian Collared-Dove; European Roller; Glossy Ibis; Gray-breasted Prinia; Gray Francolin; Greater Coucal; Green Sandpiper; Indian Bushlark; Indian Pond-Heron; Indian Robin; Indian Silverbill; Indian Thick-knee; Laughing Dove; Lesser Whitethroat; Little Swift; Plain Prinia; Purple Sunbird; Red-naped Ibis; Red-vented Bulbul; Red-wattled Lapwing; River Tern; Rufous-fronted Prinia; Shikra; Sykes's Warbler; White-eared Bulbul; White-tailed Iora; White-throated Kingfisher; Wire-tailed Swallow; Yellow-throated Sparrow","n_species":40,"focal_species_seen":"European Roller","focal_species_slugs":"european-roller","has_focal":true,"GRID_CODE":"GJ-KU-LAK-067","DISTRICT":"Kachchh","BLOCK":"Lakhpat"},"geometry":{"type":"Point","coordinates":[68.6886773,23.500865]}},{"type":"Feature","properties":{"GROUP.ID":"G13069071","LOCALITY":"T27G6","LATITUDE":23.5347737,"LONGITUDE":69.2814308,"OBSERVATION.DATE":"2024-09-15","OBSERVER.ID":"obsr1099583","DURATION.MINUTES":46.0,"SAMPLING.EVENT.IDENTIFIER":"S195161073","species_list":"Ashy-crowned Sparrow-Lark; Asian Green Bee-eater; Bank Swallow; Baya Weaver; Black Drongo; Brahminy Starling; Common Babbler; Common Cuckoo; Common Hoopoe; Common Kingfisher; Crested Lark; Eastern Cattle-Egret; Eastern Red-rumped Swallow; Eurasian Collared-Dove; Eurasian Coot; European Roller; Glossy Ibis; Gray-breasted Prinia; Gray Francolin; Gray Heron; Great Gray Shrike; Green Sandpiper; House Crow; House Sparrow; Indian Peafowl; Indian Pond-Heron; Indian Robin; Indian Silverbill; Indian Spot-billed Duck; Jungle Prinia; Knob-billed Duck; Laughing Dove; Lesser Whistling-Duck; Little Cormorant; Little Egret; Little Grebe; Little Ringed Plover; Long-tailed Shrike; Medium Egret; Oriental Darter; Painted Stork; Pied Cuckoo; Pied Kingfisher; Purple Sunbird; Red-vented Bulbul; Red-wattled Lapwing; Red Collared-Dove; River Tern; Rosy Starling; Rufous-fronted Prinia; Rufous-tailed Lark; Rufous-tailed Scrub-Robin; Savanna Nightjar; Sykes's Warbler; Tawny Pipit; Western Yellow Wagtail; Whiskered Tern; White-breasted Waterhen; White-browed Wagtail; White-eared Bulbul; White-tailed Iora; White-throated Kingfisher; Wire-tailed Swallow; Yellow-eyed Babbler","n_species":64,"focal_species_seen":"Common Cuckoo; European Roller; Rufous-tailed Scrub-Robin","focal_species_slugs":"common-cuckoo;european-roller;rufous-tailed-scrub-robin","has_focal":true,"GRID_CODE":"GJ-KU-NAK-014","DISTRICT":"Kachchh","BLOCK":"Nakhatrana"},"geometry":{"type":"Point","coordinates":[69.2814308,23.5347737]}},{"type":"Feature","properties":{"GROUP.ID":"G13040426","LOCALITY":"Unnamed Road, Baranda, Gujarat, IN (23.549, 68.696)","LATITUDE":23.5490171,"LONGITUDE":68.6964053,"OBSERVATION.DATE":"2024-09-15","OBSERVER.ID":"obsr834427","DURATION.MINUTES":10.0,"SAMPLING.EVENT.IDENTIFIER":"S195161080","species_list":"Asian Green Bee-eater; Bay-backed Shrike; Common Cuckoo; Common Hoopoe; Common Myna; Common Sandpiper; Eurasian Collared-Dove; European Roller; Glossy Ibis; Gray Francolin; Greater Coucal; Green Sandpiper; Indian Silverbill; Laughing Dove; Medium Egret; Red-naped Ibis; Red-wattled Lapwing; Rose-ringed Parakeet; Rosy Starling; Shikra; White-tailed Iora; Wire-tailed Swallow; Yellow-wattled Lapwing; Zitting Cisticola","n_species":24,"focal_species_seen":"Common Cuckoo; European Roller","focal_species_slugs":"common-cuckoo;european-roller","has_focal":true,"GRID_CODE":"GJ-KU-LAK-058","DISTRICT":"Kachchh","BLOCK":"Lakhpat"},"geometry":{"type":"Point","coordinates":[68.6964053,23.5490171]}},{"type":"Feature","properties":{"GROUP.ID":"G13040424","LOCALITY":"T35G5, Gujarat, IN (23.532, 68.754)","LATITUDE":23.5319532,"LONGITUDE":68.7540933,"OBSERVATION.DATE":"2024-09-15","OBSERVER.ID":"obsr834427","DURATION.MINUTES":56.0,"SAMPLING.EVENT.IDENTIFIER":"S195161100","species_list":"Ashy-crowned Sparrow-Lark; Asian Green Bee-eater; Asian Koel; Barn Swallow; Bay-backed Shrike; Baya Weaver; Black-winged Stilt; Black Drongo; Brahminy Starling; Chestnut-bellied Sandgrouse; Common Hoopoe; Common Myna; Common Tailorbird; Eastern Cattle-Egret; Eurasian Collared-Dove; European Roller; Gray-breasted Prinia; Gray Francolin; Great Gray Shrike; Greater Coucal; Greater Whitethroat; Green Sandpiper; House Crow; House Sparrow; Indian Bushlark; Indian Robin; Indian Silverbill; Indian Spot-billed Duck; Jungle Prinia; Laughing Dove; Lesser Whitethroat; Little Swift; Long-tailed Shrike; Oriental Darter; Paddyfield Pipit; Painted Stork; Plain Prinia; Purple Sunbird; Red-naped Ibis; Red-tailed Shrike; Red-vented Bulbul; Red-wattled Lapwing; River Tern; Rock Bush-Quail; Rose-ringed Parakeet; Rosy Starling; Rufous-fronted Prinia; Rufous-tailed Lark; Siberian Stonechat; Spotted Flycatcher; Sykes's Warbler; Tawny Lark; Tawny Pipit; White-eared Bulbul; White-tailed Iora; White-throated Kingfisher; Wire-tailed Swallow; Yellow-eyed Babbler; Yellow-throated Sparrow; Yellow-wattled Lapwing; Zitting Cisticola","n_species":61,"focal_species_seen":"European Roller; Greater Whitethroat; Red-tailed Shrike; Spotted Flycatcher","focal_species_slugs":"european-roller;greater-whitethroat;red-tailed-shrike;spotted-flycatcher","has_focal":true,"GRID_CODE":"GJ-KU-LAK-059","DISTRICT":"Kachchh","BLOCK":"Lakhpat"},"geometry":{"type":"Point","coordinates":[68.7540933,23.5319532]}},{"type":"Feature","properties":{"GROUP.ID":"G13069073","LOCALITY":"Nakhatrana Forest Rest House","LATITUDE":23.3433277,"LONGITUDE":69.2688271,"OBSERVATION.DATE":"2024-09-15","OBSERVER.ID":"obsr494050","DURATION.MINUTES":5.0,"SAMPLING.EVENT.IDENTIFIER":"S195161427","species_list":"Asian Koel; Gray-breasted Prinia; Green Warbler; Purple Sunbird","n_species":4,"focal_species_seen":"","focal_species_slugs":"","has_focal":false,"GRID_CODE":"GJ-KU-NAK-052","DISTRICT":"Kachchh","BLOCK":"Nakhatrana"},"geometry":{"type":"Point","coordinates":[69.2688271,23.3433277]}},{"type":"Feature","properties":{"GROUP.ID":"G13040323","LOCALITY":"PMC2024_T40G2","LATITUDE":22.8234904,"LONGITUDE":69.341992,"OBSERVATION.DATE":"2024-09-15","OBSERVER.ID":"obsr358210","DURATION.MINUTES":54.0,"SAMPLING.EVENT.IDENTIFIER":"S195161548","species_list":"Common Cuckoo; Greater Sand-Plover; Gull-billed Tern; House Crow; Kentish Plover; Lesser Black-backed Gull; Red-wattled Lapwing; Rose-ringed Parakeet; Sanderling; Tibetan Sand-Plover; Western Reef-Heron; Wire-tailed Swallow","n_species":12,"focal_species_seen":"Common Cuckoo","focal_species_slugs":"common-cuckoo","has_focal":true,"GRID_CODE":"GJ-KU-MAN-048","DISTRICT":"Kachchh","BLOCK":"Mandvi"},"geometry":{"type":"Point","coordinates":[69.341992,22.8234904]}},{"type":"Feature","properties":{"GROUP.ID":"G13042854","LOCALITY":"T25G2","LATITUDE":23.1429,"LONGITUDE":69.345154,"OBSERVATION.DATE":"2024-09-15","OBSERVER.ID":"obsr723923","DURATION.MINUTES":63.0,"SAMPLING.EVENT.IDENTIFIER":"S195161904","species_list":"Asian Koel; Bank Myna; Dusky Crag-Martin; Gray-breasted Prinia; Jungle Prinia; Laughing Dove; Plain Prinia; Purple Sunbird; Red-naped Ibis; Spotted Flycatcher; Wire-tailed Swallow","n_species":11,"focal_species_seen":"Spotted Flycatcher","focal_species_slugs":"spotted-flycatcher","has_focal":true,"GRID_CODE":"GJ-KU-NAK-068","DISTRICT":"Kachchh","BLOCK":"Nakhatrana"},"geometry":{"type":"Point","coordinates":[69.345154,23.1429]}},{"type":"Feature","properties":{"GROUP.ID":"G13040935","LOCALITY":"T19G5","LATITUDE":23.4397062,"LONGITUDE":69.5798412,"OBSERVATION.DATE":"2024-09-15","OBSERVER.ID":"obsr358777","DURATION.MINUTES":45.0,"SAMPLING.EVENT.IDENTIFIER":"S195161985","species_list":"Asian Green Bee-eater; Common Babbler; Eurasian Collared-Dove; Gray-breasted Prinia; Indian Peafowl; Indian Robin; Laughing Dove; Purple Sunbird; Red-vented Bulbul; Rufous-fronted Prinia; White-eared Bulbul; White-tailed Iora","n_species":12,"focal_species_seen":"","focal_species_slugs":"","has_focal":false,"GRID_CODE":"GJ-KU-NAK-040","DISTRICT":"Kachchh","BLOCK":"Nakhatrana"},"geometry":{"type":"Point","coordinates":[69.5798412,23.4397062]}},{"type":"Feature","properties":{"GROUP.ID":"G13042855","LOCALITY":"T25 G3","LATITUDE":23.191707,"LONGITUDE":69.379916,"OBSERVATION.DATE":"2024-09-14","OBSERVER.ID":"obsr723923","DURATION.MINUTES":36.0,"SAMPLING.EVENT.IDENTIFIER":"S195162326","species_list":"Asian Green Bee-eater; Baya Weaver; Black-headed Ibis; Black Drongo; Blue-cheeked Bee-eater; Common Babbler; Eastern Red-rumped Swallow; European Roller; Jungle Prinia; Laughing Dove; Pied Cuckoo; Red-vented Bulbul; Red-wattled Lapwing; Spotted Flycatcher; White-eared Bulbul; White-throated Kingfisher; Wire-tailed Swallow","n_species":17,"focal_species_seen":"Blue-cheeked Bee-eater; European Roller; Spotted Flycatcher","focal_species_slugs":"blue-cheeked-bee-eater;european-roller;spotted-flycatcher","has_focal":true,"GRID_CODE":"GJ-KU-BHU-141","DISTRICT":"Kachchh","BLOCK":"Bhuj"},"geometry":{"type":"Point","coordinates":[69.379916,23.191707]}},{"type":"Feature","properties":{"GROUP.ID":"G13040130","LOCALITY":"T11_G03","LATITUDE":23.2276579,"LONGITUDE":70.1047222,"OBSERVATION.DATE":"2024-09-15","OBSERVER.ID":"obsr945143","DURATION.MINUTES":53.0,"SAMPLING.EVENT.IDENTIFIER":"S195162661","species_list":"Ashy-crowned Sparrow-Lark; Asian Green Bee-eater; Baya Weaver; Blyth's Reed Warbler; Common Babbler; Common Tailorbird; Eastern Cattle-Egret; Eastern Red-rumped Swallow; Eurasian Collared-Dove; Gray-breasted Prinia; Gray Francolin; House Sparrow; Indian Pond-Heron; Indian Silverbill; Laughing Dove; Long-tailed Shrike; Oriental Honey-buzzard; Plain Prinia; Purple Sunbird; Red-naped Ibis; Red-vented Bulbul; Red-wattled Lapwing; Rosy Starling; White-throated Kingfisher","n_species":24,"focal_species_seen":"","focal_species_slugs":"","has_focal":false,"GRID_CODE":"GJ-KU-ANJ-011","DISTRICT":"Kachchh","BLOCK":"Anjar"},"geometry":{"type":"Point","coordinates":[70.1047222,23.2276579]}},{"type":"Feature","properties":{"GROUP.ID":"G13040129","LOCALITY":"T11_G04","LATITUDE":23.2605636,"LONGITUDE":70.1480697,"OBSERVATION.DATE":"2024-09-15","OBSERVER.ID":"obsr945143","DURATION.MINUTES":28.0,"SAMPLING.EVENT.IDENTIFIER":"S195162737","species_list":"Ashy-crowned Sparrow-Lark; Asian Green Bee-eater; Barred Buttonquail; Baya Weaver; Common Babbler; Common Myna; Common Sandpiper; Common Tailorbird; Eurasian Collared-Dove; House Sparrow; Indian Pond-Heron; Indian Robin; Laughing Dove; Little Egret; Plain Prinia; Purple Sunbird; Red-vented Bulbul; Red-wattled Lapwing; Rock Eagle-Owl; Rose-ringed Parakeet; Spotted Flycatcher; Streaked Weaver; Variable Wheatear; White-eared Bulbul; White-throated Kingfisher; Wire-tailed Swallow","n_species":26,"focal_species_seen":"Spotted Flycatcher","focal_species_slugs":"spotted-flycatcher","has_focal":true,"GRID_CODE":"GJ-KU-ANJ-008","DISTRICT":"Kachchh","BLOCK":"Anjar"},"geometry":{"type":"Point","coordinates":[70.1480697,23.2605636]}},{"type":"Feature","properties":{"GROUP.ID":"G13048167","LOCALITY":"Team_31_GRID_6","LATITUDE":23.6179563,"LONGITUDE":69.2551331,"OBSERVATION.DATE":"2024-09-15","OBSERVER.ID":"obsr457663","DURATION.MINUTES":19.0,"SAMPLING.EVENT.IDENTIFIER":"S195163351","species_list":"Indian Spot-billed Duck","n_species":1,"focal_species_seen":"","focal_species_slugs":"","has_focal":false,"GRID_CODE":"GJ-KU-BHU-054","DISTRICT":"Kachchh","BLOCK":"Bhuj"},"geometry":{"type":"Point","coordinates":[69.2551331,23.6179563]}},{"type":"Feature","properties":{"GROUP.ID":"G13040153","LOCALITY":"T32G6","LATITUDE":23.772994,"LONGITUDE":69.436675,"OBSERVATION.DATE":"2024-09-15","OBSERVER.ID":"obsr2395706","DURATION.MINUTES":54.0,"SAMPLING.EVENT.IDENTIFIER":"S195163481","species_list":"Ashy-crowned Sparrow-Lark; Bay-backed Shrike; Black-headed Ibis; Black-winged Stilt; Blue-cheeked Bee-eater; Common Babbler; Common Redshank; Common Sandpiper; Crested Lark; Eastern Cattle-Egret; Eurasian Collared-Dove; Eurasian Spoonbill; European Roller; Greater Short-toed Lark; House Crow; Indian Silverbill; Indian Spot-billed Duck; Isabelline Shrike; Isabelline Wheatear; Jungle Prinia; Laughing Dove; Northern Pintail; Paddyfield Pipit; Plain Prinia; Purple Sunbird; Rain Quail; Red-wattled Lapwing; Rosy Starling; Short-toed Snake-Eagle; Streak-throated Swallow; Western Yellow Wagtail; Whiskered Tern; White-eared Bulbul; White-throated Kingfisher; Yellow-throated Sparrow; Yellow-wattled Lapwing; Zitting Cisticola","n_species":37,"focal_species_seen":"Blue-cheeked Bee-eater; European Roller","focal_species_slugs":"blue-cheeked-bee-eater;european-roller","has_focal":true,"GRID_CODE":"GJ-KU-BHU-017","DISTRICT":"Kachchh","BLOCK":"Bhuj"},"geometry":{"type":"Point","coordinates":[69.436675,23.772994]}},{"type":"Feature","properties":{"GROUP.ID":"G13051789","LOCALITY":"T32G4","LATITUDE":23.751101,"LONGITUDE":69.491039,"OBSERVATION.DATE":"2024-09-15","OBSERVER.ID":"obsr2395706","DURATION.MINUTES":44.0,"SAMPLING.EVENT.IDENTIFIER":"S195164397","species_list":"Asian Green Bee-eater; Barred Buttonquail; Bay-backed Shrike; Black-headed Ibis; Black-winged Kite; Blue-cheeked Bee-eater; Blyth's Reed Warbler; Common Babbler; Common Hoopoe; Common Tailorbird; Eastern Cattle-Egret; European Roller; Garganey; Gray Francolin; Green Sandpiper; House Crow; Indian Peafowl; Indian Silverbill; Isabelline Shrike; Laughing Dove; Long-tailed Shrike; Pied Cuckoo; Plain Prinia; Purple Sunbird; Rain Quail; Red-backed Shrike; Red-tailed Shrike; Red-wattled Lapwing; Rosy Starling; Rufous-fronted Prinia; Streak-throated Swallow; Sykes's Warbler; Tawny Lark; Whiskered Tern; White-eared Bulbul; White-throated Kingfisher; Yellow-throated Sparrow","n_species":37,"focal_species_seen":"Blue-cheeked Bee-eater; European Roller; Red-backed Shrike; Red-tailed Shrike","focal_species_slugs":"blue-cheeked-bee-eater;european-roller;red-backed-shrike;red-tailed-shrike","has_focal":true,"GRID_CODE":"GJ-KU-BHU-030","DISTRICT":"Kachchh","BLOCK":"Bhuj"},"geometry":{"type":"Point","coordinates":[69.491039,23.751101]}},{"type":"Feature","properties":{"GROUP.ID":"G13040320","LOCALITY":"PMC2024_T40_G4","LATITUDE":22.8880147,"LONGITUDE":69.3861931,"OBSERVATION.DATE":"2024-09-15","OBSERVER.ID":"obsr358210","DURATION.MINUTES":34.0,"SAMPLING.EVENT.IDENTIFIER":"S195164664","species_list":"Baya Weaver; Black-crowned Night Heron; Black Drongo; Brahminy Starling; Common Kingfisher; Common Myna; Common Tailorbird; Gray-breasted Prinia; Gray Francolin; Green Sandpiper; Indian Golden Oriole; Indian Silverbill; Laughing Dove; Pied Kingfisher; Plain Prinia; Purple Sunbird; Red-naped Ibis; Red-vented Bulbul; Red-wattled Lapwing; Rose-ringed Parakeet; White-breasted Waterhen; White-throated Kingfisher","n_species":22,"focal_species_seen":"","focal_species_slugs":"","has_focal":false,"GRID_CODE":"GJ-KU-MAN-042","DISTRICT":"Kachchh","BLOCK":"Mandvi"},"geometry":{"type":"Point","coordinates":[69.3861931,22.8880147]}},{"type":"Feature","properties":{"GROUP.ID":"G13040213","LOCALITY":"PMCT21G5","LATITUDE":23.0655911,"LONGITUDE":69.855595,"OBSERVATION.DATE":"2024-09-15","OBSERVER.ID":"obsr413366","DURATION.MINUTES":48.0,"SAMPLING.EVENT.IDENTIFIER":"S195165232","species_list":"Ashy-crowned Sparrow-Lark; Asian Green Bee-eater; Asian Koel; Bank Myna; Barn Swallow; Bay-backed Shrike; Baya Weaver; Black-winged Stilt; Black Drongo; Brahminy Starling; Common Babbler; Common Cuckoo; Common Hoopoe; Common Myna; Common Sandpiper; Common Tailorbird; Eastern Cattle-Egret; Eurasian Collared-Dove; Eurasian Coot; Gray-breasted Prinia; Gray Francolin; Great Egret; Greater Coucal; Gull-billed Tern; House Sparrow; Indian Bushlark; Indian Cormorant; Indian Peafowl; Indian Pond-Heron; Indian Robin; Indian Silverbill; Jungle Prinia; Laughing Dove; Little Cormorant; Little Egret; Little Grebe; Little Ringed Plover; Long-tailed Shrike; Oriental Darter; Paddyfield Pipit; Painted Stork; Plain Prinia; Purple Sunbird; Rain Quail; Red-naped Ibis; Red-tailed Shrike; Red-vented Bulbul; Red-wattled Lapwing; Red Collared-Dove; River Tern; Rose-ringed Parakeet; Rosy Starling; Short-toed Snake-Eagle; Siberian Stonechat; Small Minivet; Variable Wheatear; White-eared Bulbul; White-tailed Iora; White-throated Kingfisher; Wire-tailed Swallow; Yellow-wattled Lapwing; Zitting Cisticola","n_species":62,"focal_species_seen":"Common Cuckoo; Red-tailed Shrike","focal_species_slugs":"common-cuckoo;red-tailed-shrike","has_focal":true,"GRID_CODE":"GJ-KU-ANJ-027","DISTRICT":"Kachchh","BLOCK":"Anjar"},"geometry":{"type":"Point","coordinates":[69.855595,23.0655911]}},{"type":"Feature","properties":{"GROUP.ID":"G13040212","LOCALITY":"PMCT21G6","LATITUDE":23.1185079,"LONGITUDE":69.8567793,"OBSERVATION.DATE":"2024-09-15","OBSERVER.ID":"obsr413366","DURATION.MINUTES":46.0,"SAMPLING.EVENT.IDENTIFIER":"S195165586","species_list":"Ashy-crowned Sparrow-Lark; Asian Green Bee-eater; Asian Koel; Barn Swallow; Bay-backed Shrike; Baya Weaver; Black Drongo; Black Francolin; Brahminy Starling; Common Babbler; Common Cuckoo; Common Hoopoe; Common Myna; Common Sandpiper; Common Tailorbird; Common Woodshrike; Crested Lark; Delicate Prinia; Eastern Cattle-Egret; Eurasian Collared-Dove; European Roller; Gray-breasted Prinia; Gray Francolin; Greater Coucal; Gull-billed Tern; House Sparrow; Indian Bushlark; Indian Cormorant; Indian Peafowl; Indian Robin; Indian Silverbill; Jungle Prinia; Laughing Dove; Lesser Whistling-Duck; Long-tailed Shrike; Paddyfield Pipit; Painted Stork; Pied Cuckoo; Plain Prinia; Purple Sunbird; Rain Quail; Red-backed Shrike; Red-naped Ibis; Red-vented Bulbul; Red-wattled Lapwing; Red Collared-Dove; Rose-ringed Parakeet; Rosy Starling; Rufous-fronted Prinia; Siberian Stonechat; Small Minivet; Tawny Pipit; Variable Wheatear; White-eared Bulbul; White-tailed Iora; White-throated Kingfisher; Wire-tailed Swallow; Yellow-throated Sparrow; Yellow-wattled Lapwing; Zitting Cisticola","n_species":60,"focal_species_seen":"Common Cuckoo; European Roller; Red-backed Shrike","focal_species_slugs":"common-cuckoo;european-roller;red-backed-shrike","has_focal":true,"GRID_CODE":"GJ-KU-ANJ-021","DISTRICT":"Kachchh","BLOCK":"Anjar"},"geometry":{"type":"Point","coordinates":[69.8567793,23.1185079]}},{"type":"Feature","properties":{"GROUP.ID":"G13069065","LOCALITY":"T3G2","LATITUDE":23.4378291,"LONGITUDE":70.8064517,"OBSERVATION.DATE":"2024-09-14","OBSERVER.ID":"obsr1065391","DURATION.MINUTES":109.0,"SAMPLING.EVENT.IDENTIFIER":"S195166061","species_list":"Ashy-crowned Sparrow-Lark; Asian Green Bee-eater; Bay-backed Shrike; Black-winged Kite; Blyth's Reed Warbler; Chestnut-bellied Sandgrouse; Common Babbler; Common Hoopoe; Common Tailorbird; Eastern Cattle-Egret; Eastern Red-rumped Swallow; Eurasian Collared-Dove; Eurasian Wryneck; European Roller; Gray-breasted Prinia; Gray Francolin; Greater Coucal; Greater Whitethroat; Green Sandpiper; House Crow; House Sparrow; Indian Bushlark; Indian Courser; Indian Peafowl; Indian Robin; Indian Silverbill; Indian Spot-billed Duck; Jungle Prinia; Laughing Dove; Lesser Whitethroat; Oriental Darter; Pied Cuckoo; Plain Prinia; Purple Sunbird; Red-vented Bulbul; Red-wattled Lapwing; River Tern; Rosy Starling; Rufous-fronted Prinia; Rufous-tailed Lark; Tawny Pipit; Variable Wheatear; White-breasted Waterhen; White-eared Bulbul; White-tailed Iora; White-throated Kingfisher; Wire-tailed Swallow; Yellow-wattled Lapwing","n_species":48,"focal_species_seen":"European Roller; Greater Whitethroat","focal_species_slugs":"european-roller;greater-whitethroat","has_focal":true,"GRID_CODE":"GJ-KU-RAP-088","DISTRICT":"Kachchh","BLOCK":"Rapar"},"geometry":{"type":"Point","coordinates":[70.8064517,23.4378291]}},{"type":"Feature","properties":{"GROUP.ID":"G13069066","LOCALITY":"T3G4","LATITUDE":23.5083068,"LONGITUDE":70.8894012,"OBSERVATION.DATE":"2024-09-14","OBSERVER.ID":"obsr1065391","DURATION.MINUTES":66.0,"SAMPLING.EVENT.IDENTIFIER":"S195166204","species_list":"Ashy-crowned Sparrow-Lark; Asian Green Bee-eater; Barn Swallow; Bay-backed Shrike; Baya Weaver; Black-winged Kite; Black-winged Stilt; Chestnut-bellied Sandgrouse; Common Babbler; Eastern Cattle-Egret; Eurasian Collared-Dove; European Roller; Glossy Ibis; Gray Francolin; Greater Coucal; House Sparrow; Indian Bushlark; Indian Peafowl; Indian Pond-Heron; Indian Silverbill; Indian Spot-billed Duck; Isabelline Wheatear; Laughing Dove; Lesser Whitethroat; Little Cormorant; Plain Prinia; Purple Sunbird; Red-vented Bulbul; Red-wattled Lapwing; Red Collared-Dove; Rosy Starling; Rufous-fronted Prinia; Shikra; Tawny Pipit; Western Marsh Harrier; Western Yellow Wagtail; Whiskered Tern; White-eared Bulbul; Wire-tailed Swallow","n_species":39,"focal_species_seen":"European Roller","focal_species_slugs":"european-roller","has_focal":true,"GRID_CODE":"GJ-KU-RAP-079","DISTRICT":"Kachchh","BLOCK":"Rapar"},"geometry":{"type":"Point","coordinates":[70.8894012,23.5083068]}},{"type":"Feature","properties":{"GROUP.ID":"G13069067","LOCALITY":"T3G5","LATITUDE":23.5563189,"LONGITUDE":70.9249666,"OBSERVATION.DATE":"2024-09-14","OBSERVER.ID":"obsr1065391","DURATION.MINUTES":73.0,"SAMPLING.EVENT.IDENTIFIER":"S195166254","species_list":"Ashy-crowned Sparrow-Lark; Asian Green Bee-eater; Barred Buttonquail; Bay-backed Shrike; Baya Weaver; Black-winged Stilt; Chestnut-bellied Sandgrouse; Common Babbler; Common Hoopoe; Common Tailorbird; Eastern Cattle-Egret; Eurasian Collared-Dove; Eurasian Wryneck; European Roller; Gray-breasted Prinia; Gray Francolin; Greater Coucal; House Sparrow; Indian Bushlark; Indian Peafowl; Indian Robin; Indian Silverbill; Indian Spot-billed Duck; Jungle Prinia; Laughing Dove; Lesser Whitethroat; Paddyfield Pipit; Plain Prinia; Purple Sunbird; Red-naped Ibis; Red-vented Bulbul; Red-wattled Lapwing; Rosy Starling; Rufous-fronted Prinia; Rufous-tailed Lark; Short-toed Snake-Eagle; Tawny Pipit; White-eared Bulbul; White-throated Kingfisher; Zitting Cisticola","n_species":40,"focal_species_seen":"European Roller","focal_species_slugs":"european-roller","has_focal":true,"GRID_CODE":"GJ-KU-RAP-069","DISTRICT":"Kachchh","BLOCK":"Rapar"},"geometry":{"type":"Point","coordinates":[70.9249666,23.5563189]}},{"type":"Feature","properties":{"GROUP.ID":"G13069070","LOCALITY":"T27G2","LATITUDE":23.4188213,"LONGITUDE":69.2651332,"OBSERVATION.DATE":"2024-09-15","OBSERVER.ID":"obsr1099583","DURATION.MINUTES":52.0,"SAMPLING.EVENT.IDENTIFIER":"S195166359","species_list":"Ashy-crowned Sparrow-Lark; Asian Green Bee-eater; Baya Weaver; Booted Eagle; Common Babbler; Eastern Cattle-Egret; Eastern Red-rumped Swallow; European Roller; Gray-breasted Prinia; Gray Francolin; House Sparrow; Indian Bushlark; Indian Robin; Indian Silverbill; Laughing Dove; Little Grebe; Pied Cuckoo; Purple Sunbird; Red-vented Bulbul; Red-wattled Lapwing; Rufous-fronted Prinia; Sykes's Warbler; White-eared Bulbul; White-tailed Iora","n_species":24,"focal_species_seen":"European Roller","focal_species_slugs":"european-roller","has_focal":true,"GRID_CODE":"GJ-KU-NAK-034","DISTRICT":"Kachchh","BLOCK":"Nakhatrana"},"geometry":{"type":"Point","coordinates":[69.2651332,23.4188213]}},{"type":"Feature","properties":{"GROUP.ID":"G13051787","LOCALITY":"T32G1","LATITUDE":23.72444,"LONGITUDE":69.19122,"OBSERVATION.DATE":"2024-09-14","OBSERVER.ID":"obsr2395706","DURATION.MINUTES":29.0,"SAMPLING.EVENT.IDENTIFIER":"S195166381","species_list":"Ashy-crowned Sparrow-Lark; Asian Green Bee-eater; Barn Swallow; Black Drongo; Blyth's Reed Warbler; Common Babbler; Common Kingfisher; Common Sandpiper; Crested Lark; Eastern Cattle-Egret; Eurasian Collared-Dove; Eurasian Whimbrel; European Roller; Garganey; Gray Francolin; Green Sandpiper; Gull-billed Tern; House Crow; Isabelline Shrike; Laughing Dove; Little Cormorant; Little Stint; Painted Stork; Plain Prinia; Purple Sunbird; Red-backed Shrike; Red-wattled Lapwing; River Tern; Rosy Starling; Spotted Flycatcher; Streak-throated Swallow; Temminck's Stint; Western Reef-Heron; Whiskered Tern; White-eared Bulbul; White-eyed Buzzard; White-throated Kingfisher; Zitting Cisticola","n_species":38,"focal_species_seen":"European Roller; Red-backed Shrike; Spotted Flycatcher","focal_species_slugs":"european-roller;red-backed-shrike;spotted-flycatcher","has_focal":true,"GRID_CODE":"GJ-KU-BHU-024","DISTRICT":"Kachchh","BLOCK":"Bhuj"},"geometry":{"type":"Point","coordinates":[69.19122,23.72444]}},{"type":"Feature","properties":{"GROUP.ID":"G13069068","LOCALITY":"T3G3","LATITUDE":23.4697215,"LONGITUDE":70.8025937,"OBSERVATION.DATE":"2024-09-15","OBSERVER.ID":"obsr1065391","DURATION.MINUTES":84.0,"SAMPLING.EVENT.IDENTIFIER":"S195166426","species_list":"Ashy-crowned Sparrow-Lark; Asian Green Bee-eater; Barn Swallow; Barred Buttonquail; Bay-backed Shrike; Baya Weaver; Black-winged Kite; Black-winged Stilt; Blyth's Reed Warbler; Brahminy Starling; Chestnut-bellied Sandgrouse; Common Babbler; Common Hoopoe; Eastern Cattle-Egret; Eastern Red-rumped Swallow; Eurasian Collared-Dove; Eurasian Wryneck; European Roller; Gray-breasted Prinia; Gray Francolin; Greater Coucal; Green Sandpiper; House Sparrow; Indian Bushlark; Indian Peafowl; Indian Robin; Indian Silverbill; Isabelline Shrike; Jungle Prinia; Laughing Dove; Lesser Whitethroat; Little Cormorant; Oriental Honey-buzzard; Plain Prinia; Purple Sunbird; Red-vented Bulbul; Red-wattled Lapwing; Red Collared-Dove; Rosy Starling; Rufous-fronted Prinia; Rufous-tailed Lark; Siberian Stonechat; Western Marsh Harrier; Western Yellow Wagtail; White-eared Bulbul; White-tailed Iora; Zitting Cisticola","n_species":47,"focal_species_seen":"European Roller","focal_species_slugs":"european-roller","has_focal":true,"GRID_CODE":"GJ-KU-RAP-077","DISTRICT":"Kachchh","BLOCK":"Rapar"},"geometry":{"type":"Point","coordinates":[70.8025937,23.4697215]}},{"type":"Feature","properties":{"GROUP.ID":"G13069069","LOCALITY":"T3G1","LATITUDE":23.4016887,"LONGITUDE":70.8777888,"OBSERVATION.DATE":"2024-09-15","OBSERVER.ID":"obsr1065391","DURATION.MINUTES":110.0,"SAMPLING.EVENT.IDENTIFIER":"S195166584","species_list":"Ashy-crowned Sparrow-Lark; Asian Green Bee-eater; Barn Swallow; Barred Buttonquail; Bay-backed Shrike; Baya Weaver; Blyth's Reed Warbler; Brahminy Starling; Chestnut-bellied Sandgrouse; Common Babbler; Common Tailorbird; Eastern Cattle-Egret; Eastern Red-rumped Swallow; Eurasian Collared-Dove; European Roller; Gray Francolin; House Sparrow; Indian Bushlark; Indian Peafowl; Indian Robin; Indian Silverbill; Indian Thick-knee; Laughing Dove; Pied Cuckoo; Plain Prinia; Purple Sunbird; Red-vented Bulbul; Red-wattled Lapwing; Red Collared-Dove; Rufous-fronted Prinia; Rufous-tailed Lark; White-eared Bulbul; Wire-tailed Swallow; Zitting Cisticola","n_species":34,"focal_species_seen":"European Roller","focal_species_slugs":"european-roller","has_focal":true,"GRID_CODE":"GJ-KU-RAP-096","DISTRICT":"Kachchh","BLOCK":"Rapar"},"geometry":{"type":"Point","coordinates":[70.8777888,23.4016887]}},{"type":"Feature","properties":{"GROUP.ID":"G13040344","LOCALITY":"T27G3","LATITUDE":23.478016,"LONGITUDE":69.2206154,"OBSERVATION.DATE":"2024-09-14","OBSERVER.ID":"obsr1099583","DURATION.MINUTES":32.0,"SAMPLING.EVENT.IDENTIFIER":"S195166714","species_list":"Ashy-crowned Sparrow-Lark; Asian Green Bee-eater; Black Drongo; Black Francolin; Common Babbler; Common Tailorbird; Eastern Cattle-Egret; European Roller; Glossy Ibis; Gray-breasted Prinia; Gray Francolin; Green Sandpiper; House Sparrow; Indian Bushlark; Indian Robin; Indian Spot-billed Duck; Jungle Prinia; Laughing Dove; Lesser Whistling-Duck; Little Cormorant; Little Swift; Oriental Darter; Plain Prinia; Red-vented Bulbul; Red-wattled Lapwing; River Tern; Rosy Starling; Rufous-fronted Prinia; Rufous-tailed Lark; Tawny Pipit; Variable Wheatear; White-eared Bulbul; White-tailed Iora; Wire-tailed Swallow","n_species":34,"focal_species_seen":"European Roller","focal_species_slugs":"european-roller","has_focal":true,"GRID_CODE":"GJ-KU-NAK-021","DISTRICT":"Kachchh","BLOCK":"Nakhatrana"},"geometry":{"type":"Point","coordinates":[69.2206154,23.478016]}},{"type":"Feature","properties":{"GROUP.ID":"G13051784","LOCALITY":"T32G2","LATITUDE":23.683678,"LONGITUDE":69.214031,"OBSERVATION.DATE":"2024-09-14","OBSERVER.ID":"obsr2395706","DURATION.MINUTES":30.0,"SAMPLING.EVENT.IDENTIFIER":"S195167266","species_list":"Asian Green Bee-eater; Black-tailed Godwit; Black-winged Stilt; Blue-cheeked Bee-eater; Brahminy Starling; Common Babbler; Common Kingfisher; Common Sandpiper; Crested Lark; Eastern Cattle-Egret; Eastern Red-rumped Swallow; Eurasian Collared-Dove; European Roller; Glossy Ibis; Gray Francolin; Gray Heron; Great Egret; Greater Flamingo; Green Sandpiper; House Crow; House Sparrow; Indian Pond-Heron; Indian Silverbill; Indian Spot-billed Duck; Isabelline Shrike; Knob-billed Duck; Laughing Dove; Little Cormorant; Medium Egret; Oriental Darter; Pied Kingfisher; Plain Prinia; Purple Heron; Purple Sunbird; Red-backed Shrike; Red-wattled Lapwing; Streak-throated Swallow; Whiskered Tern; Wire-tailed Swallow; Zitting Cisticola","n_species":40,"focal_species_seen":"Blue-cheeked Bee-eater; European Roller; Red-backed Shrike","focal_species_slugs":"blue-cheeked-bee-eater;european-roller;red-backed-shrike","has_focal":true,"GRID_CODE":"GJ-KU-BHU-040","DISTRICT":"Kachchh","BLOCK":"Bhuj"},"geometry":{"type":"Point","coordinates":[69.214031,23.683678]}},{"type":"Feature","properties":{"GROUP.ID":"G13040775","LOCALITY":"T23G6","LATITUDE":23.181748,"LONGITUDE":69.6668278,"OBSERVATION.DATE":"2024-09-15","OBSERVER.ID":"obsr1525537","DURATION.MINUTES":30.0,"SAMPLING.EVENT.IDENTIFIER":"S195169192","species_list":"Baya Weaver; Common Babbler; Common Tailorbird; Gray Francolin; Jungle Prinia; Laughing Dove; Purple Sunbird; Red-vented Bulbul; Rose-ringed Parakeet; White-eared Bulbul; Wire-tailed Swallow","n_species":11,"focal_species_seen":"","focal_species_slugs":"","has_focal":false,"GRID_CODE":"GJ-KU-BHU-147","DISTRICT":"Kachchh","BLOCK":"Bhuj"},"geometry":{"type":"Point","coordinates":[69.6668278,23.181748]}},{"type":"Feature","properties":{"GROUP.ID":"G13040774","LOCALITY":"T23G4","LATITUDE":23.1298208,"LONGITUDE":69.6209505,"OBSERVATION.DATE":"2024-09-15","OBSERVER.ID":"obsr1525537","DURATION.MINUTES":35.0,"SAMPLING.EVENT.IDENTIFIER":"S195169357","species_list":"Ashy-crowned Sparrow-Lark; Asian Green Bee-eater; Common Babbler; Common Sandpiper; Indian Bushlark; Jungle Prinia; Laughing Dove; Plain Prinia; Purple Sunbird; Red-vented Bulbul; Savanna Nightjar; Spotted Flycatcher; Spotted Owlet; Sykes's Warbler; White-throated Kingfisher","n_species":15,"focal_species_seen":"Spotted Flycatcher","focal_species_slugs":"spotted-flycatcher","has_focal":true,"GRID_CODE":"GJ-KU-BHU-155","DISTRICT":"Kachchh","BLOCK":"Bhuj"},"geometry":{"type":"Point","coordinates":[69.6209505,23.1298208]}},{"type":"Feature","properties":{"GROUP.ID":"G13040526","LOCALITY":"T36G5","LATITUDE":23.6238288,"LONGITUDE":68.8308318,"OBSERVATION.DATE":"2024-09-15","OBSERVER.ID":"obsr701947","DURATION.MINUTES":56.0,"SAMPLING.EVENT.IDENTIFIER":"S195170900","species_list":"Ashy-crowned Sparrow-Lark; Barred Buttonquail; Baya Weaver; Black Francolin; Common Babbler; Eastern Cattle-Egret; Eurasian Collared-Dove; European Roller; Gray-breasted Prinia; Gray Francolin; Great Gray Shrike; Green Sandpiper; Indian Bushlark; Indian Robin; Indian Silverbill; Jungle Prinia; Laughing Dove; Lesser Whistling-Duck; Little Cormorant; Little Swift; Oriental Darter; Paddyfield Pipit; Plain Prinia; Purple Sunbird; Red-vented Bulbul; Red-wattled Lapwing; River Tern; Rose-ringed Parakeet; Rosy Starling; Rufous-fronted Prinia; Siberian Stonechat; White-eared Bulbul; White-tailed Iora; Zitting Cisticola","n_species":34,"focal_species_seen":"European Roller","focal_species_slugs":"european-roller","has_focal":true,"GRID_CODE":"GJ-KU-LAK-037","DISTRICT":"Kachchh","BLOCK":"Lakhpat"},"geometry":{"type":"Point","coordinates":[68.8308318,23.6238288]}},{"type":"Feature","properties":{"GROUP.ID":"G13040434","LOCALITY":"PMC-T39G5","LATITUDE":23.6882754,"LONGITUDE":68.5754242,"OBSERVATION.DATE":"2024-09-14","OBSERVER.ID":"obsr1942754","DURATION.MINUTES":34.0,"SAMPLING.EVENT.IDENTIFIER":"S195171108","species_list":"Asian Green Bee-eater; Barred Buttonquail; Bay-backed Shrike; Black-winged Stilt; Black Drongo; Common Babbler; Common Cuckoo; Common Hoopoe; Common Tailorbird; Common Woodshrike; Crested Lark; Eastern Cattle-Egret; Eurasian Collared-Dove; European Roller; Gray-breasted Prinia; Gray Francolin; Greater Coucal; Indian Peafowl; Indian Robin; Indian Silverbill; Indian Thick-knee; Laughing Dove; Little Cormorant; Little Tern; Pied Cuckoo; Plain Prinia; Purple Sunbird; Red-wattled Lapwing; Rosy Starling; White-eared Bulbul; White-tailed Iora","n_species":31,"focal_species_seen":"Common Cuckoo; European Roller","focal_species_slugs":"common-cuckoo;european-roller","has_focal":true,"GRID_CODE":"GJ-KU-LAK-018","DISTRICT":"Kachchh","BLOCK":"Lakhpat"},"geometry":{"type":"Point","coordinates":[68.5754242,23.6882754]}},{"type":"Feature","properties":{"GROUP.ID":"G13040433","LOCALITY":"PMC-T39G4","LATITUDE":23.6419098,"LONGITUDE":68.5448767,"OBSERVATION.DATE":"2024-09-14","OBSERVER.ID":"obsr1942754","DURATION.MINUTES":30.0,"SAMPLING.EVENT.IDENTIFIER":"S195171238","species_list":"Asian Green Bee-eater; Bay-backed Shrike; Common Babbler; Common Tailorbird; Eastern Cattle-Egret; Eurasian Collared-Dove; European Roller; Gray Francolin; Greater Coucal; Indian Peafowl; Laughing Dove; Lesser Whistling-Duck; Little Swift; Painted Stork; Purple Sunbird; Red-vented Bulbul; Red-wattled Lapwing; Rose-ringed Parakeet; Rufous-fronted Prinia; Shikra; White-eared Bulbul; White-tailed Iora","n_species":22,"focal_species_seen":"European Roller","focal_species_slugs":"european-roller","has_focal":true,"GRID_CODE":"GJ-KU-LAK-031","DISTRICT":"Kachchh","BLOCK":"Lakhpat"},"geometry":{"type":"Point","coordinates":[68.5448767,23.6419098]}},{"type":"Feature","properties":{"GROUP.ID":"G13040525","LOCALITY":"T36G3","LATITUDE":23.5956978,"LONGITUDE":68.8859088,"OBSERVATION.DATE":"2024-09-15","OBSERVER.ID":"obsr701947","DURATION.MINUTES":47.0,"SAMPLING.EVENT.IDENTIFIER":"S195171259","species_list":"Ashy-crowned Sparrow-Lark; Asian Green Bee-eater; Barred Buttonquail; Black Drongo; Black Francolin; Common Babbler; Eurasian Collared-Dove; Glossy Ibis; Gray-breasted Prinia; Gray Francolin; Great Crested Grebe; Green Sandpiper; House Sparrow; Indian Cormorant; Indian Peafowl; Indian Spot-billed Duck; Laughing Dove; Lesser Whistling-Duck; Little Grebe; Oriental Darter; Plain Prinia; Purple Sunbird; Red-wattled Lapwing; Red Collared-Dove; Rosy Starling; Spotted Flycatcher; Streak-throated Swallow; Western Yellow Wagtail; White-eared Bulbul; White-tailed Iora","n_species":30,"focal_species_seen":"Spotted Flycatcher","focal_species_slugs":"spotted-flycatcher","has_focal":true,"GRID_CODE":"GJ-KU-LAK-052","DISTRICT":"Kachchh","BLOCK":"Lakhpat"},"geometry":{"type":"Point","coordinates":[68.8859088,23.5956978]}},{"type":"Feature","properties":{"GROUP.ID":"G13040432","LOCALITY":"PMC-T39G3","LATITUDE":23.5724365,"LONGITUDE":68.5810444,"OBSERVATION.DATE":"2024-09-15","OBSERVER.ID":"obsr1942754","DURATION.MINUTES":47.0,"SAMPLING.EVENT.IDENTIFIER":"S195171333","species_list":"Ashy-crowned Sparrow-Lark; Bay-backed Shrike; Baya Weaver; Black Francolin; Common Babbler; Common Tailorbird; Eastern Cattle-Egret; Eastern Orphean Warbler; Eurasian Collared-Dove; Eurasian Wryneck; Gray-breasted Prinia; Gray Francolin; Greater Whitethroat; Indian Bushlark; Indian Roller; Laughing Dove; Paddyfield Pipit; Purple Sunbird; Red-vented Bulbul; Rosy Starling; Rufous-fronted Prinia; Small Minivet; Spotted Flycatcher; White-tailed Iora","n_species":24,"focal_species_seen":"Greater Whitethroat; Spotted Flycatcher","focal_species_slugs":"greater-whitethroat;spotted-flycatcher","has_focal":true,"GRID_CODE":"GJ-KU-LAK-046","DISTRICT":"Kachchh","BLOCK":"Lakhpat"},"geometry":{"type":"Point","coordinates":[68.5810444,23.5724365]}},{"type":"Feature","properties":{"GROUP.ID":"G13055662","LOCALITY":"T13G4","LATITUDE":23.287295,"LONGITUDE":69.933226,"OBSERVATION.DATE":"2024-09-15","OBSERVER.ID":"obsr1522701","DURATION.MINUTES":47.0,"SAMPLING.EVENT.IDENTIFIER":"S195171355","species_list":"Ashy-crowned Sparrow-Lark; Asian Green Bee-eater; Baya Weaver; Common Babbler; Common Myna; Common Tailorbird; Eastern Cattle-Egret; Eurasian Collared-Dove; Gray-breasted Prinia; Gray Francolin; Green Sandpiper; House Sparrow; Indian Pond-Heron; Indian Silverbill; Lesser Whitethroat; Little Ringed Plover; Pied Cuckoo; Plain Prinia; Purple Sunbird; Red-vented Bulbul; Red-wattled Lapwing; Temminck's Stint; Variable Wheatear; White-eared Bulbul; White-throated Kingfisher; Wire-tailed Swallow","n_species":26,"focal_species_seen":"","focal_species_slugs":"","has_focal":false,"GRID_CODE":"GJ-KU-BHU-128","DISTRICT":"Kachchh","BLOCK":"Bhuj"},"geometry":{"type":"Point","coordinates":[69.933226,23.287295]}},{"type":"Feature","properties":{"GROUP.ID":"G13040436","LOCALITY":"T2G2","LATITUDE":23.5605332,"LONGITUDE":71.1056625,"OBSERVATION.DATE":"2024-09-15","OBSERVER.ID":"obsr957419","DURATION.MINUTES":151.0,"SAMPLING.EVENT.IDENTIFIER":"S195171437","species_list":"Ashy-crowned Sparrow-Lark; Asian Green Bee-eater; Baya Weaver; Black-winged Kite; Black-winged Stilt; Black Drongo; Blue-cheeked Bee-eater; Booted Eagle; Brahminy Starling; Brown Rock Chat; Chestnut-bellied Sandgrouse; Clamorous Reed Warbler; Common Babbler; Common Crane; Common Cuckoo; Common Myna; Common Woodshrike; Crested Lark; Eastern Cattle-Egret; Eurasian Collared-Dove; Eurasian Curlew; Eurasian Moorhen; Eurasian Spoonbill; Eurasian Wryneck; European Roller; Gray-headed Swamphen; Gray Francolin; Greater Coucal; Greater Flamingo; House Crow; House Sparrow; Indian Cormorant; Indian Golden Oriole; Indian Peafowl; Indian Robin; Indian Silverbill; Indian Thick-knee; Isabelline Shrike; Laughing Dove; Montagu's Harrier; Oriental Darter; Oriental Honey-buzzard; Paddyfield Pipit; Painted Stork; Pied Cuckoo; Plain Prinia; Purple Sunbird; Red-naped Ibis; Red-vented Bulbul; Red-wattled Lapwing; Red Collared-Dove; River Tern; Rosy Starling; Rufous-fronted Prinia; Rufous-tailed Lark; Short-toed Snake-Eagle; Siberian Stonechat; Spotted Flycatcher; Western Marsh Harrier; Whiskered Tern; White-breasted Waterhen; White-eared Bulbul; White-throated Kingfisher; Wire-tailed Swallow; Zitting Cisticola","n_species":65,"focal_species_seen":"Blue-cheeked Bee-eater; Common Cuckoo; European Roller; Spotted Flycatcher","focal_species_slugs":"blue-cheeked-bee-eater;common-cuckoo;european-roller;spotted-flycatcher","has_focal":true,"GRID_CODE":"GJ-KU-LIT-015","DISTRICT":"Kachchh","BLOCK":"Little Rann"},"geometry":{"type":"Point","coordinates":[71.1056625,23.5605332]}},{"type":"Feature","properties":{"GROUP.ID":"G13055661","LOCALITY":"T13G5","LATITUDE":23.251235,"LONGITUDE":69.884272,"OBSERVATION.DATE":"2024-09-15","OBSERVER.ID":"obsr1522701","DURATION.MINUTES":51.0,"SAMPLING.EVENT.IDENTIFIER":"S195171714","species_list":"Ashy-crowned Sparrow-Lark; Asian Green Bee-eater; Baya Weaver; Black-winged Stilt; Common Babbler; Eastern Cattle-Egret; Eastern Red-rumped Swallow; Eurasian Collared-Dove; Eurasian Coot; European Roller; House Sparrow; Indian Robin; Indian Silverbill; Laughing Dove; Lesser Whitethroat; Little Cormorant; Little Grebe; Oriental Darter; Plain Prinia; Purple Sunbird; Red-vented Bulbul; Red-wattled Lapwing; River Tern; Rufous-fronted Prinia; Siberian Stonechat; Small Minivet; Sykes's Warbler","n_species":27,"focal_species_seen":"European Roller","focal_species_slugs":"european-roller","has_focal":true,"GRID_CODE":"GJ-KU-BHU-139","DISTRICT":"Kachchh","BLOCK":"Bhuj"},"geometry":{"type":"Point","coordinates":[69.884272,23.251235]}},{"type":"Feature","properties":{"GROUP.ID":"G13041036","LOCALITY":"T15G1","LATITUDE":23.6601383,"LONGITUDE":69.7621833,"OBSERVATION.DATE":"2024-09-14","OBSERVER.ID":"obsr1980246","DURATION.MINUTES":48.0,"SAMPLING.EVENT.IDENTIFIER":"S195172832","species_list":"Ashy-crowned Sparrow-Lark; Asian Green Bee-eater; Bay-backed Shrike; Baya Weaver; Black-winged Stilt; Black Drongo; Common Babbler; Common Cuckoo; Common Hoopoe; Common Sandpiper; Common Tailorbird; Eastern Cattle-Egret; Eurasian Collared-Dove; European Roller; Gray-breasted Prinia; Gray Francolin; Gray Heron; House Crow; House Sparrow; Indian Robin; Indian Silverbill; Indian Spot-billed Duck; Isabelline Shrike; Kentish Plover; Laughing Dove; Little Grebe; Paddyfield Pipit; Painted Stork; Plain Prinia; Purple Sunbird; Red-backed Shrike; Red-naped Ibis; Red-wattled Lapwing; Rosy Starling; Siberian Stonechat; Streak-throated Swallow; Tawny Pipit; Temminck's Stint; Whiskered Tern; White-eared Bulbul; White-throated Kingfisher","n_species":41,"focal_species_seen":"Common Cuckoo; European Roller; Red-backed Shrike","focal_species_slugs":"common-cuckoo;european-roller;red-backed-shrike","has_focal":true,"GRID_CODE":"GJ-KU-BHU-065","DISTRICT":"Kachchh","BLOCK":"Bhuj"},"geometry":{"type":"Point","coordinates":[69.7621833,23.6601383]}},{"type":"Feature","properties":{"GROUP.ID":"G13040842","LOCALITY":"PMC_T29G3","LATITUDE":23.1273463,"LONGITUDE":68.789986,"OBSERVATION.DATE":"2024-09-14","OBSERVER.ID":"obsr1275172","DURATION.MINUTES":15.0,"SAMPLING.EVENT.IDENTIFIER":"S195175859","species_list":"Asian Koel; Barn Swallow; Bay-backed Shrike; Baya Weaver; Black-winged Kite; Common Babbler; Eastern Cattle-Egret; Eastern Red-rumped Swallow; Eurasian Collared-Dove; Gray Francolin; House Sparrow; Indian Peafowl; Indian Pond-Heron; Indian Robin; Laughing Dove; Little Cormorant; Long-tailed Shrike; Pied Kingfisher; Plain Prinia; Red-wattled Lapwing; Red Collared-Dove; Rosy Starling; White-eared Bulbul; White-throated Kingfisher; Wire-tailed Swallow","n_species":25,"focal_species_seen":"","focal_species_slugs":"","has_focal":false,"GRID_CODE":"GJ-KU-ABD-070","DISTRICT":"Kachchh","BLOCK":"Abdasa"},"geometry":{"type":"Point","coordinates":[68.789986,23.1273463]}},{"type":"Feature","properties":{"GROUP.ID":"G13046575","LOCALITY":"T28G5","LATITUDE":23.3052,"LONGITUDE":69.072505,"OBSERVATION.DATE":"2024-09-14","OBSERVER.ID":"obsr1393511","DURATION.MINUTES":36.0,"SAMPLING.EVENT.IDENTIFIER":"S195179942","species_list":"Asian Green Bee-eater; Baya Weaver; Brahminy Starling; Common Babbler; European Roller; Gray Francolin; House Sparrow; Indian Cormorant; Indian Robin; Indian Spot-billed Duck; Jungle Prinia; Laughing Dove; Little Cormorant; Little Egret; Purple Sunbird; Red-vented Bulbul; Rose-ringed Parakeet; Rosy Starling; Whiskered Tern; White-throated Kingfisher","n_species":20,"focal_species_seen":"European Roller","focal_species_slugs":"european-roller","has_focal":true,"GRID_CODE":"GJ-KU-ABD-041","DISTRICT":"Kachchh","BLOCK":"Abdasa"},"geometry":{"type":"Point","coordinates":[69.072505,23.3052]}},{"type":"Feature","properties":{"GROUP.ID":"G13046573","LOCALITY":"T28G1","LATITUDE":23.182521,"LONGITUDE":69.091295,"OBSERVATION.DATE":"2024-09-15","OBSERVER.ID":"obsr1393511","DURATION.MINUTES":97.0,"SAMPLING.EVENT.IDENTIFIER":"S195180880","species_list":"Asian Green Bee-eater; Asian Koel; Barred Buttonquail; Bay-backed Shrike; Baya Weaver; Black-winged Kite; Brahminy Starling; Common Babbler; Common Kingfisher; Common Tailorbird; Eastern Cattle-Egret; Eurasian Collared-Dove; Eurasian Moorhen; Eurasian Wryneck; Gray-breasted Prinia; Gray Francolin; Greater Coucal; Indian Bushlark; Indian Peafowl; Indian Pond-Heron; Indian Robin; Indian Silverbill; Laughing Dove; Lesser Whistling-Duck; Paddyfield Pipit; Pied Cuckoo; Plain Prinia; Purple Sunbird; Red-vented Bulbul; Red-wattled Lapwing; Rosy Starling; Rufous-fronted Prinia; Streak-throated Swallow; Sykes's Warbler; White-tailed Iora; Wire-tailed Swallow; Yellow-wattled Lapwing; Zitting Cisticola","n_species":38,"focal_species_seen":"","focal_species_slugs":"","has_focal":false,"GRID_CODE":"GJ-KU-ABD-065","DISTRICT":"Kachchh","BLOCK":"Abdasa"},"geometry":{"type":"Point","coordinates":[69.091295,23.182521]}},{"type":"Feature","properties":{"GROUP.ID":"G13046572","LOCALITY":"T28G2","LATITUDE":23.1776,"LONGITUDE":69.185711,"OBSERVATION.DATE":"2024-09-15","OBSERVER.ID":"obsr1393511","DURATION.MINUTES":60.0,"SAMPLING.EVENT.IDENTIFIER":"S195181307","species_list":"Asian Green Bee-eater; Baya Weaver; Brahminy Starling; Brown Rock Chat; Common Babbler; Common Kingfisher; Common Myna; Common Tailorbird; Eastern Cattle-Egret; Eastern Red-rumped Swallow; Eurasian Collared-Dove; European Roller; Gray-breasted Prinia; Gray Francolin; House Sparrow; Indian Peafowl; Indian Robin; Laughing Dove; Little Cormorant; Oriental Darter; Pied Cuckoo; Pied Kingfisher; Red-wattled Lapwing; River Tern; Rosy Starling; White-browed Wagtail; White-throated Kingfisher; Wire-tailed Swallow","n_species":28,"focal_species_seen":"European Roller","focal_species_slugs":"european-roller","has_focal":true,"GRID_CODE":"GJ-KU-ABD-067","DISTRICT":"Kachchh","BLOCK":"Abdasa"},"geometry":{"type":"Point","coordinates":[69.185711,23.1776]}},{"type":"Feature","properties":{"GROUP.ID":"G13046570","LOCALITY":"T28G3","LATITUDE":23.245021,"LONGITUDE":68.961104,"OBSERVATION.DATE":"2024-09-14","OBSERVER.ID":"obsr1393511","DURATION.MINUTES":62.0,"SAMPLING.EVENT.IDENTIFIER":"S195184785","species_list":"Asian Green Bee-eater; Baya Weaver; Black-crowned Night Heron; Black Drongo; Black Francolin; Common Babbler; Common Tailorbird; Eastern Cattle-Egret; Eastern Red-rumped Swallow; Eurasian Collared-Dove; Eurasian Moorhen; Gray-breasted Prinia; Gray Francolin; Indian Peafowl; Indian Robin; Indian Silverbill; Jungle Prinia; Laughing Dove; Medium Egret; Oriental Darter; Purple Sunbird; Red-vented Bulbul; Red-wattled Lapwing; Rosy Starling; Rufous-fronted Prinia; Spotted Flycatcher; White-eared Bulbul","n_species":27,"focal_species_seen":"Spotted Flycatcher","focal_species_slugs":"spotted-flycatcher","has_focal":true,"GRID_CODE":"GJ-KU-ABD-051","DISTRICT":"Kachchh","BLOCK":"Abdasa"},"geometry":{"type":"Point","coordinates":[68.961104,23.245021]}},{"type":"Feature","properties":{"GROUP.ID":"G13041128","LOCALITY":"T5G5","LATITUDE":23.3512543,"LONGITUDE":70.6177815,"OBSERVATION.DATE":"2024-09-15","OBSERVER.ID":"obsr914590","DURATION.MINUTES":45.0,"SAMPLING.EVENT.IDENTIFIER":"S195185041","species_list":"Ashy-crowned Sparrow-Lark; Baya Weaver; Black Francolin; Common Hoopoe; Eurasian Collared-Dove; Eurasian Kestrel; European Roller; Great Gray Shrike; Indian Bushlark; Jungle Prinia; Laughing Dove; Little Grebe; Paddyfield Pipit; Plain Prinia; Red-vented Bulbul; Red-wattled Lapwing; Rosy Starling; Rufous-fronted Prinia; Spotted Flycatcher; Variable Wheatear; White-eared Bulbul; Zitting Cisticola","n_species":22,"focal_species_seen":"European Roller; Spotted Flycatcher","focal_species_slugs":"european-roller;spotted-flycatcher","has_focal":true,"GRID_CODE":"GJ-KU-BHA-048","DISTRICT":"Kachchh","BLOCK":"Bhachau"},"geometry":{"type":"Point","coordinates":[70.6177815,23.3512543]}},{"type":"Feature","properties":{"GROUP.ID":"G13040844","LOCALITY":"Unnamed Road, Kachchh, Gujarat, IN (23.238, 69.592)","LATITUDE":23.2377099,"LONGITUDE":69.5920493,"OBSERVATION.DATE":"2024-09-15","OBSERVER.ID":"obsr494050","DURATION.MINUTES":120.0,"SAMPLING.EVENT.IDENTIFIER":"S195185261","species_list":"Ashy-crowned Sparrow-Lark; Asian Green Bee-eater; Bank Myna; Bay-backed Shrike; Baya Weaver; Black-winged Kite; Black Drongo; Booted Eagle; Chestnut-bellied Sandgrouse; Common Babbler; Common Hoopoe; Common Kingfisher; Common Myna; Common Tailorbird; Common Woodshrike; Dusky Crag-Martin; Eastern Cattle-Egret; Eastern Red-rumped Swallow; Eurasian Collared-Dove; Gray-breasted Prinia; Gray Heron; Great Gray Shrike; House Sparrow; Indian Bushlark; Indian Courser; Indian Robin; Indian Roller; Indian Silverbill; Isabelline Shrike; Jungle Prinia; Laughing Dove; Lesser Whistling-Duck; Little Cormorant; Oriental Darter; Paddyfield Pipit; Pied Cuckoo; Pied Kingfisher; Plain Prinia; Purple Sunbird; Red-naped Ibis; Red-tailed Shrike; Red-vented Bulbul; Red-wattled Lapwing; Red Collared-Dove; River Tern; Rufous-fronted Prinia; Rufous-tailed Lark; Siberian Stonechat; Western Yellow Wagtail; White-browed Wagtail; White-tailed Iora; Wire-tailed Swallow; Yellow-wattled Lapwing; Zitting Cisticola","n_species":54,"focal_species_seen":"Red-tailed Shrike","focal_species_slugs":"red-tailed-shrike","has_focal":true,"GRID_CODE":"GJ-KU-BHU-133","DISTRICT":"Kachchh","BLOCK":"Bhuj"},"geometry":{"type":"Point","coordinates":[69.5920493,23.2377099]}},{"type":"Feature","properties":{"GROUP.ID":"G13041383","LOCALITY":"PMC-2024_T26G1","LATITUDE":22.8824284,"LONGITUDE":69.1351746,"OBSERVATION.DATE":"2024-09-15","OBSERVER.ID":"obsr3359651","DURATION.MINUTES":42.0,"SAMPLING.EVENT.IDENTIFIER":"S195187832","species_list":"Bay-backed Shrike; Black-bellied Plover; Black-winged Stilt; Common Babbler; Common Greenshank; Common Hoopoe; Greater Sand-Plover; Indian Pond-Heron; Indian Silverbill; Lesser Black-backed Gull; Medium Egret; Pheasant-tailed Jacana; Red-backed Shrike; Red-wattled Lapwing; Rose-ringed Parakeet; Rosy Starling; White-breasted Waterhen; White-eared Bulbul; White-throated Kingfisher","n_species":19,"focal_species_seen":"Red-backed Shrike","focal_species_slugs":"red-backed-shrike","has_focal":true,"GRID_CODE":"GJ-KU-MAN-037","DISTRICT":"Kachchh","BLOCK":"Mandvi"},"geometry":{"type":"Point","coordinates":[69.1351746,22.8824284]}},{"type":"Feature","properties":{"GROUP.ID":"G13041037","LOCALITY":"T15G2","LATITUDE":23.7119321,"LONGITUDE":69.7887089,"OBSERVATION.DATE":"2024-09-14","OBSERVER.ID":"obsr1980246","DURATION.MINUTES":68.0,"SAMPLING.EVENT.IDENTIFIER":"S195189871","species_list":"Ashy-crowned Sparrow-Lark; Asian Green Bee-eater; Baya Weaver; Black Drongo; Common Cuckoo; Common Hoopoe; Crested Lark; Eastern Red-rumped Swallow; Eurasian Collared-Dove; Eurasian Wryneck; European Roller; Glossy Ibis; Gray Francolin; House Crow; House Sparrow; Indian Robin; Indian Silverbill; Isabelline Shrike; Laughing Dove; Long-tailed Shrike; Paddyfield Pipit; Painted Stork; Plain Prinia; Purple Sunbird; Red-naped Ibis; Red-tailed Shrike; Red-wattled Lapwing; River Tern; Rosy Starling; Streak-throated Swallow; Tawny Pipit; Variable Wheatear; Whiskered Tern; White-eared Bulbul; White-throated Kingfisher; Wire-tailed Swallow","n_species":36,"focal_species_seen":"Common Cuckoo; European Roller; Red-tailed Shrike","focal_species_slugs":"common-cuckoo;european-roller;red-tailed-shrike","has_focal":true,"GRID_CODE":"GJ-KU-BHU-036","DISTRICT":"Kachchh","BLOCK":"Bhuj"},"geometry":{"type":"Point","coordinates":[69.7887089,23.7119321]}},{"type":"Feature","properties":{"GROUP.ID":"G13041039","LOCALITY":"T15G3","LATITUDE":23.7242017,"LONGITUDE":69.8702233,"OBSERVATION.DATE":"2024-09-14","OBSERVER.ID":"obsr1980246","DURATION.MINUTES":68.0,"SAMPLING.EVENT.IDENTIFIER":"S195190143","species_list":"Ashy-crowned Sparrow-Lark; Asian Green Bee-eater; Barn Swallow; Bay-backed Shrike; Black Drongo; Common Babbler; Common Hoopoe; Common Tailorbird; Eastern Red-rumped Swallow; Eurasian Collared-Dove; Eurasian Wryneck; European Roller; Gray Francolin; Great Egret; Greater Short-toed Lark; Gull-billed Tern; House Crow; Isabelline Shrike; Isabelline Wheatear; Laughing Dove; Montagu's Harrier; Pied Cuckoo; Red-wattled Lapwing; Red Collared-Dove; Rufous-tailed Scrub-Robin; Sand Lark; Tawny Pipit; Western Reef-Heron; White-throated Kingfisher","n_species":29,"focal_species_seen":"European Roller; Rufous-tailed Scrub-Robin","focal_species_slugs":"european-roller;rufous-tailed-scrub-robin","has_focal":true,"GRID_CODE":"GJ-KU-RAN-531","DISTRICT":"Kachchh","BLOCK":"Rann of Kachchh"},"geometry":{"type":"Point","coordinates":[69.8702233,23.7242017]}},{"type":"Feature","properties":{"GROUP.ID":"G13041042","LOCALITY":"T15G5","LATITUDE":23.7658739,"LONGITUDE":69.9103237,"OBSERVATION.DATE":"2024-09-14","OBSERVER.ID":"obsr1980246","DURATION.MINUTES":51.0,"SAMPLING.EVENT.IDENTIFIER":"S195190350","species_list":"Ashy-crowned Sparrow-Lark; Asian Green Bee-eater; Barred Buttonquail; Bay-backed Shrike; Baya Weaver; Black-headed Bunting; Black-winged Stilt; Black Drongo; Common Babbler; Common Greenshank; Common Hoopoe; Common Myna; Common Sandpiper; Common Tailorbird; Eastern Cattle-Egret; Eastern Red-rumped Swallow; Eurasian Collared-Dove; Eurasian Kestrel; Eurasian Wryneck; Gray-breasted Prinia; Gray Francolin; House Crow; House Sparrow; Indian Robin; Indian Silverbill; Indian Spot-billed Duck; Isabelline Shrike; Laughing Dove; Montagu's Harrier; Paddyfield Pipit; Plain Prinia; Purple Sunbird; Red-vented Bulbul; Red-wattled Lapwing; Red Collared-Dove; Rosy Starling; Rufous-fronted Prinia; Rufous-tailed Scrub-Robin; Siberian Stonechat; Streak-throated Swallow; Variable Wheatear; White-eared Bulbul; White-throated Kingfisher; Wire-tailed Swallow; Yellow-throated Sparrow","n_species":45,"focal_species_seen":"Rufous-tailed Scrub-Robin","focal_species_slugs":"rufous-tailed-scrub-robin","has_focal":true,"GRID_CODE":"GJ-KU-RAN-506","DISTRICT":"Kachchh","BLOCK":"Rann of Kachchh"},"geometry":{"type":"Point","coordinates":[69.9103237,23.7658739]}},{"type":"Feature","properties":{"GROUP.ID":"G13047806","LOCALITY":"T37G6-Lakhpat - Siyot Road, Kachchh, Gujarat, IN (23.78, 68.875)","LATITUDE":23.7801683,"LONGITUDE":68.8753183,"OBSERVATION.DATE":"2024-09-15","OBSERVER.ID":"obsr4570921","DURATION.MINUTES":34.0,"SAMPLING.EVENT.IDENTIFIER":"S195190380","species_list":"Asian Green Bee-eater; Barred Buttonquail; Common Babbler; Common Tailorbird; Eastern Red-rumped Swallow; Eurasian Collared-Dove; Gray Francolin; Indian Robin; Indian Silverbill; Jungle Prinia; Laughing Dove; Purple Sunbird; Red-vented Bulbul; Red-wattled Lapwing; Rose-ringed Parakeet; Rosy Starling; White-eared Bulbul; Wire-tailed Swallow","n_species":18,"focal_species_seen":"","focal_species_slugs":"","has_focal":false,"GRID_CODE":"GJ-KU-LAK-007","DISTRICT":"Kachchh","BLOCK":"Lakhpat"},"geometry":{"type":"Point","coordinates":[68.8753183,23.7801683]}},{"type":"Feature","properties":{"GROUP.ID":"G13041040","LOCALITY":"T15G4","LATITUDE":23.7662353,"LONGITUDE":69.8358947,"OBSERVATION.DATE":"2024-09-15","OBSERVER.ID":"obsr1980246","DURATION.MINUTES":98.0,"SAMPLING.EVENT.IDENTIFIER":"S195190608","species_list":"Asian Green Bee-eater; Asian Koel; Barred Buttonquail; Bay-backed Shrike; Baya Weaver; Black-crowned Night Heron; Black-headed Ibis; Black-winged Stilt; Black Drongo; Blue-cheeked Bee-eater; Caspian Tern; Common Babbler; Common Cuckoo; Common Greenshank; Common Hoopoe; Common Myna; Common Sandpiper; Common Tailorbird; Common Woodshrike; Crested Lark; Eastern Cattle-Egret; Eastern Red-rumped Swallow; Eurasian Collared-Dove; Eurasian Moorhen; Eurasian Spoonbill; Eurasian Wryneck; European Roller; Glossy Ibis; Gray-breasted Prinia; Gray Francolin; Gray Heron; Great Gray Shrike; Green Sandpiper; Gull-billed Tern; House Crow; House Sparrow; Indian Cormorant; Indian Pond-Heron; Indian Robin; Indian Silverbill; Indian Spot-billed Duck; Isabelline Shrike; Laughing Dove; Lesser Whistling-Duck; Little Cormorant; Little Egret; Little Grebe; Little Ringed Plover; Long-tailed Shrike; Northern Shoveler; Paddyfield Pipit; Painted Stork; Purple Sunbird; Red-tailed Shrike; Red-vented Bulbul; Red-wattled Lapwing; Red Collared-Dove; River Tern; Rosy Starling; Rufous-fronted Prinia; Spotted Flycatcher; Spotted Owlet; Sykes's Warbler; Temminck's Stint; Variable Wheatear; Whiskered Tern; White-eared Bulbul; White-throated Kingfisher; Wire-tailed Swallow; Yellow-throated Sparrow","n_species":70,"focal_species_seen":"Blue-cheeked Bee-eater; Common Cuckoo; European Roller; Red-tailed Shrike; Spotted Flycatcher","focal_species_slugs":"blue-cheeked-bee-eater;common-cuckoo;european-roller;red-tailed-shrike;spotted-flycatcher","has_focal":true,"GRID_CODE":"GJ-KU-BHU-022","DISTRICT":"Kachchh","BLOCK":"Bhuj"},"geometry":{"type":"Point","coordinates":[69.8358947,23.7662353]}},{"type":"Feature","properties":{"GROUP.ID":"G13041187","LOCALITY":"Kachchh, Gujarat, IN (23.222, 69.085)","LATITUDE":23.2215647,"LONGITUDE":69.0849912,"OBSERVATION.DATE":"2024-09-15","OBSERVER.ID":"obsr834427","DURATION.MINUTES":19.0,"SAMPLING.EVENT.IDENTIFIER":"S195190990","species_list":"Ashy-crowned Sparrow-Lark; Asian Green Bee-eater; Asian Koel; Bay-backed Shrike; Baya Weaver; Black Drongo; Common Hoopoe; Common Kingfisher; Common Tailorbird; Common Woodshrike; Eurasian Collared-Dove; European Roller; Glossy Ibis; Gray-breasted Prinia; Gray Francolin; Greater Coucal; House Crow; House Sparrow; Indian Peafowl; Indian Silverbill; Laughing Dove; Plain Prinia; Purple Sunbird; Red-vented Bulbul; Red-wattled Lapwing; Red Collared-Dove; Rose-ringed Parakeet; Shikra; White-browed Wagtail; White-throated Kingfisher","n_species":30,"focal_species_seen":"European Roller","focal_species_slugs":"european-roller","has_focal":true,"GRID_CODE":"GJ-KU-ABD-053","DISTRICT":"Kachchh","BLOCK":"Abdasa"},"geometry":{"type":"Point","coordinates":[69.0849912,23.2215647]}},{"type":"Feature","properties":{"GROUP.ID":"G13041620","LOCALITY":"T34G3","LATITUDE":23.214134,"LONGITUDE":68.791874,"OBSERVATION.DATE":"2024-09-15","OBSERVER.ID":"obsr870757","DURATION.MINUTES":56.0,"SAMPLING.EVENT.IDENTIFIER":"S195194535","species_list":"Ashy-crowned Sparrow-Lark; Bay-backed Shrike; Black Drongo; Common Babbler; Common Tailorbird; Eastern Cattle-Egret; Eurasian Collared-Dove; Glossy Ibis; Gray Francolin; Gray Heron; Greater Coucal; Indian Robin; Indian Silverbill; Laughing Dove; Lesser Whitethroat; Long-tailed Shrike; Plain Prinia; Purple Sunbird; Red-vented Bulbul; Red-wattled Lapwing; Red Collared-Dove; River Tern; Rosy Starling; Rufous-fronted Prinia; Spotted Flycatcher; Sykes's Warbler; White-eared Bulbul; Wire-tailed Swallow","n_species":28,"focal_species_seen":"Spotted Flycatcher","focal_species_slugs":"spotted-flycatcher","has_focal":true,"GRID_CODE":"GJ-KU-ABD-047","DISTRICT":"Kachchh","BLOCK":"Abdasa"},"geometry":{"type":"Point","coordinates":[68.791874,23.214134]}},{"type":"Feature","properties":{"GROUP.ID":"G13041619","LOCALITY":"T34G5","LATITUDE":23.340272,"LONGITUDE":68.788581,"OBSERVATION.DATE":"2024-09-15","OBSERVER.ID":"obsr870757","DURATION.MINUTES":63.0,"SAMPLING.EVENT.IDENTIFIER":"S195194840","species_list":"Ashy-crowned Sparrow-Lark; Asian Green Bee-eater; Barn Swallow; Barred Buttonquail; Bay-backed Shrike; Baya Weaver; Black Francolin; Common Babbler; Common Woodshrike; Eastern Cattle-Egret; Eurasian Collared-Dove; Eurasian Spoonbill; Glossy Ibis; Gray-breasted Prinia; Gray-necked Bunting; Gray Francolin; Gull-billed Tern; Indian Peafowl; Indian Pond-Heron; Indian Silverbill; Isabelline Shrike; Jungle Prinia; Laughing Dove; Lesser Whistling-Duck; Paddyfield Pipit; Pied Cuckoo; Pied Kingfisher; Plain Prinia; Purple Heron; Red-naped Ibis; Red-vented Bulbul; Red-wattled Lapwing; Red Collared-Dove; Rose-ringed Parakeet; Rosy Starling; Rufous-fronted Prinia; Siberian Stonechat; Streak-throated Swallow; Wire-tailed Swallow; Yellow-wattled Lapwing; Zitting Cisticola","n_species":41,"focal_species_seen":"","focal_species_slugs":"","has_focal":false,"GRID_CODE":"GJ-KU-ABD-023","DISTRICT":"Kachchh","BLOCK":"Abdasa"},"geometry":{"type":"Point","coordinates":[68.788581,23.340272]}},{"type":"Feature","properties":{"GROUP.ID":"G13041618","LOCALITY":"SH 49, Kachchh IN-GJ 23.21480, 68.71704","LATITUDE":23.214801,"LONGITUDE":68.717036,"OBSERVATION.DATE":"2024-09-14","OBSERVER.ID":"obsr870757","DURATION.MINUTES":10.0,"SAMPLING.EVENT.IDENTIFIER":"S195195032","species_list":"Ashy-crowned Sparrow-Lark; Common Babbler; Common Myna; Gray Francolin; Green Sandpiper; House Crow; Indian Peafowl; Laughing Dove; Little Swift; Pied Kingfisher; Red-vented Bulbul; Red-wattled Lapwing","n_species":12,"focal_species_seen":"","focal_species_slugs":"","has_focal":false,"GRID_CODE":"GJ-KU-ABD-046","DISTRICT":"Kachchh","BLOCK":"Abdasa"},"geometry":{"type":"Point","coordinates":[68.717036,23.214801]}},{"type":"Feature","properties":{"GROUP.ID":"G13041617","LOCALITY":"SH 49, Kachchh IN-GJ 23.22329, 68.65475","LATITUDE":23.22329,"LONGITUDE":68.654745,"OBSERVATION.DATE":"2024-09-14","OBSERVER.ID":"obsr870757","DURATION.MINUTES":9.0,"SAMPLING.EVENT.IDENTIFIER":"S195195171","species_list":"Common Redshank; Common Sandpiper; Eurasian Whimbrel; Glossy Ibis; Gray Francolin; Great Egret; Gull-billed Tern; House Crow; Indian Pond-Heron; Laughing Dove; Lesser Black-backed Gull; Long-tailed Shrike; Painted Stork; Red-wattled Lapwing; Rose-ringed Parakeet; Temminck's Stint; Western Reef-Heron; Wire-tailed Swallow","n_species":18,"focal_species_seen":"","focal_species_slugs":"","has_focal":false,"GRID_CODE":"GJ-KU-ABD-044","DISTRICT":"Kachchh","BLOCK":"Abdasa"},"geometry":{"type":"Point","coordinates":[68.654745,23.22329]}},{"type":"Feature","properties":{"GROUP.ID":"G13041363","LOCALITY":"T19G4","LATITUDE":23.4381322,"LONGITUDE":69.4979691,"OBSERVATION.DATE":"2024-09-15","OBSERVER.ID":"obsr358777","DURATION.MINUTES":52.0,"SAMPLING.EVENT.IDENTIFIER":"S195195941","species_list":"Asian Green Bee-eater; Asian Koel; Baya Weaver; Black-headed Ibis; Common Babbler; Common Tailorbird; Dusky Crag-Martin; Eastern Cattle-Egret; Eastern Red-rumped Swallow; Eurasian Collared-Dove; European Roller; Gray-breasted Prinia; Gray Francolin; Indian Robin; Jungle Prinia; Laughing Dove; Little Cormorant; Purple Sunbird; Red-naped Ibis; Red-wattled Lapwing; River Tern; Streak-throated Swallow; White-eared Bulbul; Wire-tailed Swallow","n_species":24,"focal_species_seen":"European Roller","focal_species_slugs":"european-roller","has_focal":true,"GRID_CODE":"GJ-KU-NAK-038","DISTRICT":"Kachchh","BLOCK":"Nakhatrana"},"geometry":{"type":"Point","coordinates":[69.4979691,23.4381322]}},{"type":"Feature","properties":{"GROUP.ID":"G13041612","LOCALITY":"Abdasa, Kachchh IN-GJ 23.19449, 68.73867","LATITUDE":23.194495,"LONGITUDE":68.738668,"OBSERVATION.DATE":"2024-09-14","OBSERVER.ID":"obsr870757","DURATION.MINUTES":77.0,"SAMPLING.EVENT.IDENTIFIER":"S195196403","species_list":"Asian Green Bee-eater; Barn Swallow; Bay-backed Shrike; Black-winged Kite; Black Drongo; Black Francolin; Common Babbler; Eastern Cattle-Egret; Gray Francolin; Gull-billed Tern; Plain Prinia; Rain Quail; Red-backed Shrike; Red-vented Bulbul; Red-wattled Lapwing; Rufous-fronted Prinia; Siberian Stonechat; Wire-tailed Swallow; Zitting Cisticola","n_species":19,"focal_species_seen":"Red-backed Shrike","focal_species_slugs":"red-backed-shrike","has_focal":true,"GRID_CODE":"GJ-KU-ABD-058","DISTRICT":"Kachchh","BLOCK":"Abdasa"},"geometry":{"type":"Point","coordinates":[68.738668,23.194495]}},{"type":"Feature","properties":{"GROUP.ID":"G13041133","LOCALITY":"T33G5, Kotda, Gujarat, IN (23.488, 68.899)","LATITUDE":23.4882209,"LONGITUDE":68.8993569,"OBSERVATION.DATE":"2024-09-15","OBSERVER.ID":"obsr1133652","DURATION.MINUTES":47.0,"SAMPLING.EVENT.IDENTIFIER":"S195196491","species_list":"Ashy-crowned Sparrow-Lark; Asian Green Bee-eater; Baya Weaver; Black Drongo; Common Babbler; Common Myna; Eastern Cattle-Egret; Eurasian Collared-Dove; Eurasian Coot; Eurasian Spoonbill; Gray-breasted Prinia; Gray Francolin; House Sparrow; Indian Robin; Indian Spot-billed Duck; Laughing Dove; Lesser Whistling-Duck; Little Egret; Oriental Darter; Red-vented Bulbul; Red-wattled Lapwing; Red Collared-Dove; Rosy Starling; White-eared Bulbul; Zitting Cisticola","n_species":25,"focal_species_seen":"","focal_species_slugs":"","has_focal":false,"GRID_CODE":"GJ-KU-LAK-070","DISTRICT":"Kachchh","BLOCK":"Lakhpat"},"geometry":{"type":"Point","coordinates":[68.8993569,23.4882209]}},{"type":"Feature","properties":{"GROUP.ID":"G13051781","LOCALITY":"T32G3","LATITUDE":23.732864,"LONGITUDE":69.275148,"OBSERVATION.DATE":"2024-09-14","OBSERVER.ID":"obsr2395706","DURATION.MINUTES":38.0,"SAMPLING.EVENT.IDENTIFIER":"S195196638","species_list":"Asian Green Bee-eater; Black-tailed Godwit; Black-winged Stilt; Blue-cheeked Bee-eater; Blyth's Reed Warbler; Common Babbler; Common Kingfisher; Common Tailorbird; Eastern Cattle-Egret; Eastern Red-rumped Swallow; Eurasian Collared-Dove; Eurasian Moorhen; Eurasian Spoonbill; Eurasian Wryneck; European Roller; Garganey; Gray Francolin; Gray Heron; Great Cormorant; Greater Flamingo; Green Sandpiper; House Crow; Indian Cormorant; Indian Pond-Heron; Indian Silverbill; Indian Spot-billed Duck; Isabelline Shrike; Little Cormorant; Little Grebe; Pied Cuckoo; Plain Prinia; Purple Sunbird; Red-vented Bulbul; Red-wattled Lapwing; Ruff; Sirkeer Malkoha; Spotted Flycatcher; Streak-throated Swallow; Western Marsh Harrier; White-eared Bulbul; White-throated Kingfisher; Zitting Cisticola","n_species":42,"focal_species_seen":"Blue-cheeked Bee-eater; European Roller; Spotted Flycatcher","focal_species_slugs":"blue-cheeked-bee-eater;european-roller;spotted-flycatcher","has_focal":true,"GRID_CODE":"GJ-KU-BHU-026","DISTRICT":"Kachchh","BLOCK":"Bhuj"},"geometry":{"type":"Point","coordinates":[69.275148,23.732864]}},{"type":"Feature","properties":{"GROUP.ID":"G13041177","LOCALITY":"T33G6","LATITUDE":23.4981657,"LONGITUDE":69.0068846,"OBSERVATION.DATE":"2024-09-15","OBSERVER.ID":"obsr1133652","DURATION.MINUTES":87.0,"SAMPLING.EVENT.IDENTIFIER":"S195196923","species_list":"Ashy-crowned Sparrow-Lark; Asian Green Bee-eater; Bay-backed Shrike; Baya Weaver; Black Francolin; Brahminy Starling; Chestnut-bellied Sandgrouse; Common Babbler; Crested Lark; Eastern Cattle-Egret; Eurasian Collared-Dove; European Roller; Gray-breasted Prinia; Gray Francolin; Greater Whitethroat; Green Sandpiper; House Sparrow; Indian Bushlark; Indian Robin; Indian Silverbill; Indian Spot-billed Duck; Isabelline Shrike; Jungle Prinia; Laughing Dove; Little Egret; Long-tailed Shrike; Paddyfield Pipit; Painted Sandgrouse; Plain Prinia; Red-backed Shrike; Red-tailed Shrike; Red-vented Bulbul; Red-wattled Lapwing; Red Collared-Dove; Rosy Starling; Rufous-tailed Scrub-Robin; Spotted Flycatcher; Tawny Lark; White-eared Bulbul; White-tailed Iora; Wire-tailed Swallow; Zitting Cisticola","n_species":42,"focal_species_seen":"European Roller; Greater Whitethroat; Red-backed Shrike; Red-tailed Shrike; Rufous-tailed Scrub-Robin; Spotted Flycatcher","focal_species_slugs":"european-roller;greater-whitethroat;red-backed-shrike;red-tailed-shrike;rufous-tailed-scrub-robin;spotted-flycatcher","has_focal":true,"GRID_CODE":"GJ-KU-NAK-017","DISTRICT":"Kachchh","BLOCK":"Nakhatrana"},"geometry":{"type":"Point","coordinates":[69.0068846,23.4981657]}},{"type":"Feature","properties":{"GROUP.ID":"G13041129","LOCALITY":"T33G3","LATITUDE":23.4518108,"LONGITUDE":68.932449,"OBSERVATION.DATE":"2024-09-15","OBSERVER.ID":"obsr1434715","DURATION.MINUTES":50.0,"SAMPLING.EVENT.IDENTIFIER":"S195197066","species_list":"Ashy-crowned Sparrow-Lark; Asian Green Bee-eater; Baya Weaver; Black Drongo; Common Babbler; Common Myna; Eastern Cattle-Egret; Eastern Red-rumped Swallow; Eurasian Collared-Dove; Eurasian Coot; European Roller; Indian Peafowl; Indian Robin; Laughing Dove; Little Cormorant; Little Egret; Oriental Darter; Painted Stork; Purple Sunbird; Red-vented Bulbul; Red-wattled Lapwing; Red Collared-Dove; River Tern; Rosy Starling; Western Yellow Wagtail; White-eared Bulbul; White-throated Kingfisher; Wire-tailed Swallow; Yellow-crowned Woodpecker; Yellow-throated Sparrow","n_species":30,"focal_species_seen":"European Roller","focal_species_slugs":"european-roller","has_focal":true,"GRID_CODE":"GJ-KU-LAK-075","DISTRICT":"Kachchh","BLOCK":"Lakhpat"},"geometry":{"type":"Point","coordinates":[68.932449,23.4518108]}},{"type":"Feature","properties":{"GROUP.ID":"G13041127","LOCALITY":"T33G1","LATITUDE":23.3130346,"LONGITUDE":68.8702443,"OBSERVATION.DATE":"2024-09-14","OBSERVER.ID":"obsr1434715","DURATION.MINUTES":45.0,"SAMPLING.EVENT.IDENTIFIER":"S195197156","species_list":"Asian Green Bee-eater; Barred Buttonquail; Common Babbler; Common Kingfisher; Common Myna; Eastern Cattle-Egret; Eastern Red-rumped Swallow; Eurasian Collared-Dove; European Roller; Gray-breasted Prinia; Gray Francolin; Indian Peafowl; Indian Pond-Heron; Indian Robin; Indian Spot-billed Duck; Jungle Prinia; Laughing Dove; Purple Sunbird; Red-vented Bulbul; Red-wattled Lapwing; White-eared Bulbul; Wire-tailed Swallow; Yellow-wattled Lapwing; Zitting Cisticola","n_species":24,"focal_species_seen":"European Roller","focal_species_slugs":"european-roller","has_focal":true,"GRID_CODE":"GJ-KU-ABD-025","DISTRICT":"Kachchh","BLOCK":"Abdasa"},"geometry":{"type":"Point","coordinates":[68.8702443,23.3130346]}},{"type":"Feature","properties":{"GROUP.ID":"G13041178","LOCALITY":"T33G2","LATITUDE":23.5274888,"LONGITUDE":68.7858315,"OBSERVATION.DATE":"2024-09-15","OBSERVER.ID":"obsr2346558","DURATION.MINUTES":30.0,"SAMPLING.EVENT.IDENTIFIER":"S195200025","species_list":"Ashy-crowned Sparrow-Lark; Eastern Cattle-Egret; Eurasian Coot; Eurasian Moorhen; Glossy Ibis; Indian Silverbill; Indian Spot-billed Duck; Lesser Whistling-Duck; Little Grebe; Pied Cuckoo; Red-wattled Lapwing; Variable Wheatear; White-tailed Iora; Yellow-wattled Lapwing","n_species":14,"focal_species_seen":"","focal_species_slugs":"","has_focal":false,"GRID_CODE":"GJ-KU-LAK-060","DISTRICT":"Kachchh","BLOCK":"Lakhpat"},"geometry":{"type":"Point","coordinates":[68.7858315,23.5274888]}},{"type":"Feature","properties":{"GROUP.ID":"G13042620","LOCALITY":"Dinara, Gujarat, IN (23.903, 69.747)","LATITUDE":23.9027725,"LONGITUDE":69.7474342,"OBSERVATION.DATE":"2024-09-15","OBSERVER.ID":"obsr604291","DURATION.MINUTES":31.0,"SAMPLING.EVENT.IDENTIFIER":"S195200834","species_list":"Ashy-crowned Sparrow-Lark; Asian Green Bee-eater; Barn Swallow; Black Drongo; Brahminy Starling; Common Babbler; Common Myna; Common Tailorbird; Eastern Red-rumped Swallow; Eurasian Collared-Dove; European Roller; Gray Francolin; House Crow; House Sparrow; Indian Robin; Indian Silverbill; Jungle Prinia; Laughing Dove; Plain Prinia; Purple Sunbird; Red-vented Bulbul; Rufous-fronted Prinia; Variable Wheatear; White-eared Bulbul","n_species":24,"focal_species_seen":"European Roller","focal_species_slugs":"european-roller","has_focal":true,"GRID_CODE":"GJ-KU-BHU-005","DISTRICT":"Kachchh","BLOCK":"Bhuj"},"geometry":{"type":"Point","coordinates":[69.7474342,23.9027725]}},{"type":"Feature","properties":{"GROUP.ID":"G13042619","LOCALITY":"PMC2024_T17G04, Ratadiya, Gujarat, IN (24.104, 69.703)","LATITUDE":24.1044854,"LONGITUDE":69.7028322,"OBSERVATION.DATE":"2024-09-15","OBSERVER.ID":"obsr604291","DURATION.MINUTES":68.0,"SAMPLING.EVENT.IDENTIFIER":"S195203802","species_list":"Blue-cheeked Bee-eater; Common Babbler; European Roller; Great Gray Shrike; Isabelline Shrike; Laughing Dove; Rosy Starling; Rufous-tailed Scrub-Robin; Spotted Flycatcher; Sykes's Warbler; Tawny Pipit; Variable Wheatear; Western Marsh Harrier","n_species":13,"focal_species_seen":"Blue-cheeked Bee-eater; European Roller; Rufous-tailed Scrub-Robin; Spotted Flycatcher","focal_species_slugs":"blue-cheeked-bee-eater;european-roller;rufous-tailed-scrub-robin;spotted-flycatcher","has_focal":true,"GRID_CODE":"GJ-KU-RAN-219","DISTRICT":"Kachchh","BLOCK":"Rann of Kachchh"},"geometry":{"type":"Point","coordinates":[69.7028322,24.1044854]}},{"type":"Feature","properties":{"GROUP.ID":"G13041367","LOCALITY":"T15 G6","LATITUDE":23.8139689,"LONGITUDE":69.8686536,"OBSERVATION.DATE":"2024-09-15","OBSERVER.ID":"obsr1980246","DURATION.MINUTES":45.0,"SAMPLING.EVENT.IDENTIFIER":"S195204670","species_list":"Asian Green Bee-eater; Barn Swallow; Barred Buttonquail; Bay-backed Shrike; Baya Weaver; Black Drongo; Booted Eagle; Brahminy Starling; Chestnut-bellied Sandgrouse; Common Babbler; Common Hoopoe; Common Tailorbird; Eastern Cattle-Egret; Eastern Red-rumped Swallow; Eurasian Spoonbill; European Roller; Gray-breasted Prinia; Gray Francolin; Great Gray Shrike; House Crow; House Sparrow; Indian Peafowl; Indian Robin; Indian Silverbill; Indian Spot-billed Duck; Isabelline Shrike; Laughing Dove; Lesser Whistling-Duck; Long-tailed Shrike; Paddyfield Pipit; Plain Prinia; Purple Sunbird; Red-naped Ibis; Red-vented Bulbul; Red-wattled Lapwing; Red Collared-Dove; Rosy Starling; Variable Wheatear; Whiskered Tern; White-eared Bulbul; White-eyed Buzzard; White-tailed Iora; White-throated Kingfisher; Yellow-throated Sparrow","n_species":44,"focal_species_seen":"European Roller","focal_species_slugs":"european-roller","has_focal":true,"GRID_CODE":"GJ-KU-BHU-013","DISTRICT":"Kachchh","BLOCK":"Bhuj"},"geometry":{"type":"Point","coordinates":[69.8686536,23.8139689]}},{"type":"Feature","properties":{"GROUP.ID":"G13042618","LOCALITY":"Khavda-Bhirandiara Road, Bhirandiara, Gujarat, IN (23.704, 69.719)","LATITUDE":23.7035483,"LONGITUDE":69.7188083,"OBSERVATION.DATE":"2024-09-15","OBSERVER.ID":"obsr604291","DURATION.MINUTES":null,"SAMPLING.EVENT.IDENTIFIER":"S195212665","species_list":"Black-winged Stilt; Eurasian Spoonbill; Painted Stork; Red-wattled Lapwing","n_species":4,"focal_species_seen":"","focal_species_slugs":"","has_focal":false,"GRID_CODE":"GJ-KU-BHU-050","DISTRICT":"Kachchh","BLOCK":"Bhuj"},"geometry":{"type":"Point","coordinates":[69.7188083,23.7035483]}},{"type":"Feature","properties":{"GROUP.ID":"G13051780","LOCALITY":"T32G5","LATITUDE":23.766712,"LONGITUDE":69.355173,"OBSERVATION.DATE":"2024-09-14","OBSERVER.ID":"obsr2395706","DURATION.MINUTES":36.0,"SAMPLING.EVENT.IDENTIFIER":"S195213820","species_list":"Black-headed Ibis; Black-winged Stilt; Common Greenshank; Crested Lark; Eurasian Spoonbill; Glossy Ibis; Gray Heron; Greater Flamingo; Little Egret; Little Ringed Plover; Little Stint; Medium Egret; Purple Heron; Western Marsh Harrier; Western Yellow Wagtail; Wire-tailed Swallow; Zitting Cisticola","n_species":17,"focal_species_seen":"","focal_species_slugs":"","has_focal":false,"GRID_CODE":"GJ-KU-RAN-501","DISTRICT":"Kachchh","BLOCK":"Rann of Kachchh"},"geometry":{"type":"Point","coordinates":[69.355173,23.766712]}},{"type":"Feature","properties":{"GROUP.ID":"G13042617","LOCALITY":"Road To Hanuman Mandir, Kachchh, Gujarat, IN (24.125, 69.754)","LATITUDE":24.124528,"LONGITUDE":69.7540068,"OBSERVATION.DATE":"2024-09-15","OBSERVER.ID":"obsr604291","DURATION.MINUTES":10.0,"SAMPLING.EVENT.IDENTIFIER":"S195228537","species_list":"Common Hoopoe; Garganey; Greater Flamingo; Little Ringed Plover; Little Stint; Montagu's Harrier; Temminck's Stint; Tibetan Sand-Plover","n_species":8,"focal_species_seen":"","focal_species_slugs":"","has_focal":false,"GRID_CODE":"GJ-KU-RAN-170","DISTRICT":"Kachchh","BLOCK":"Rann of Kachchh"},"geometry":{"type":"Point","coordinates":[69.7540068,24.124528]}},{"type":"Feature","properties":{"GROUP.ID":"G13042616","LOCALITY":"Road To Hanuman Mandir, Kachchh, Gujarat, IN (24.125, 69.754)","LATITUDE":24.124528,"LONGITUDE":69.7540068,"OBSERVATION.DATE":"2024-09-15","OBSERVER.ID":"obsr604291","DURATION.MINUTES":10.0,"SAMPLING.EVENT.IDENTIFIER":"S195228974","species_list":"Common Greenshank; Little Stint; Marsh Sandpiper","n_species":3,"focal_species_seen":"","focal_species_slugs":"","has_focal":false,"GRID_CODE":"GJ-KU-RAN-170","DISTRICT":"Kachchh","BLOCK":"Rann of Kachchh"},"geometry":{"type":"Point","coordinates":[69.7540068,24.124528]}},{"type":"Feature","properties":{"GROUP.ID":"G13042615","LOCALITY":"National Highway 341, Bhojardo, Gujarat, IN (23.577, 69.678)","LATITUDE":23.5766133,"LONGITUDE":69.6783533,"OBSERVATION.DATE":"2024-09-15","OBSERVER.ID":"obsr604291","DURATION.MINUTES":5.0,"SAMPLING.EVENT.IDENTIFIER":"S195229321","species_list":"Asian Green Bee-eater; Black-tailed Godwit; Black-winged Stilt; Common Sandpiper; Eurasian Spoonbill; Glossy Ibis; Gray Heron; Green Sandpiper; House Crow; House Sparrow; Pied Avocet; Red-wattled Lapwing; River Tern; Ruff; Wire-tailed Swallow","n_species":15,"focal_species_seen":"","focal_species_slugs":"","has_focal":false,"GRID_CODE":"GJ-KU-BHU-069","DISTRICT":"Kachchh","BLOCK":"Bhuj"},"geometry":{"type":"Point","coordinates":[69.6783533,23.5766133]}},{"type":"Feature","properties":{"GROUP.ID":"G13042614","LOCALITY":"Gujarat State Highway 45, Kachchh, Gujarat, IN (23.497, 69.662)","LATITUDE":23.497155,"LONGITUDE":69.66172,"OBSERVATION.DATE":"2024-09-15","OBSERVER.ID":"obsr604291","DURATION.MINUTES":5.0,"SAMPLING.EVENT.IDENTIFIER":"S195229820","species_list":"Black-winged Stilt; Eastern Cattle-Egret; Eurasian Spoonbill; Gray Heron; Great Cormorant; Great Egret; Indian Pond-Heron; Little Grebe; Marsh Sandpiper; Medium Egret; Painted Stork; Red-wattled Lapwing; River Tern; Ruff; Whiskered Tern; Wire-tailed Swallow","n_species":16,"focal_species_seen":"","focal_species_slugs":"","has_focal":false,"GRID_CODE":"GJ-KU-LIT-040","DISTRICT":"Kachchh","BLOCK":"Little Rann"},"geometry":{"type":"Point","coordinates":[69.66172,23.497155]}},{"type":"Feature","properties":{"GROUP.ID":"G13042613","LOCALITY":"PMC2024_T17G03 (Alternate), Hanuman Mandir, Ratadiya, Kachchh, Gujarat, IN (24.126, 69.816)","LATITUDE":24.125527,"LONGITUDE":69.8162068,"OBSERVATION.DATE":"2024-09-15","OBSERVER.ID":"obsr604291","DURATION.MINUTES":48.0,"SAMPLING.EVENT.IDENTIFIER":"S195230062","species_list":"Asian Green Bee-eater; Barn Swallow; Black-winged Stilt; Blue-cheeked Bee-eater; Common Babbler; Eastern Red-rumped Swallow; Eurasian Collared-Dove; European Roller; Glossy Ibis; House Crow; Laughing Dove; Little Ringed Plover; Purple Sunbird; Rosy Starling; Streak-throated Swallow","n_species":15,"focal_species_seen":"Blue-cheeked Bee-eater; European Roller","focal_species_slugs":"blue-cheeked-bee-eater;european-roller","has_focal":true,"GRID_CODE":"GJ-KU-RAN-172","DISTRICT":"Kachchh","BLOCK":"Rann of Kachchh"},"geometry":{"type":"Point","coordinates":[69.8162068,24.125527]}},{"type":"Feature","properties":{"GROUP.ID":"G13047099","LOCALITY":"Kachchh, Gujarat, IN (23.596, 68.881)","LATITUDE":23.595615,"LONGITUDE":68.8806185,"OBSERVATION.DATE":"2024-09-15","OBSERVER.ID":"obsr541513","DURATION.MINUTES":7.0,"SAMPLING.EVENT.IDENTIFIER":"S195309864","species_list":"Asian Green Bee-eater; Chestnut-bellied Sandgrouse; Common Kingfisher; Eurasian Collared-Dove; Glossy Ibis; Gray-breasted Prinia; Gray Francolin; Great Crested Grebe; Great Egret; Gull-billed Tern; Indian Cormorant; Indian Spot-billed Duck; Laughing Dove; Lesser Whistling-Duck; Little Egret; Little Grebe; Oriental Darter; Plain Prinia; Red-naped Ibis; Red-wattled Lapwing; River Tern; Streak-throated Swallow; Wire-tailed Swallow","n_species":23,"focal_species_seen":"","focal_species_slugs":"","has_focal":false,"GRID_CODE":"GJ-KU-LAK-052","DISTRICT":"Kachchh","BLOCK":"Lakhpat"},"geometry":{"type":"Point","coordinates":[68.8806185,23.595615]}},{"type":"Feature","properties":{"GROUP.ID":"G13047098","LOCALITY":"Subhashpar, Gujarat, IN (23.618, 68.835)","LATITUDE":23.6183094,"LONGITUDE":68.8345725,"OBSERVATION.DATE":"2024-09-15","OBSERVER.ID":"obsr541513","DURATION.MINUTES":26.0,"SAMPLING.EVENT.IDENTIFIER":"S195309909","species_list":"Ashy-crowned Sparrow-Lark; Asian Green Bee-eater; Barred Buttonquail; Baya Weaver; Black-winged Kite; Black Francolin; Common Babbler; Common Tailorbird; Eurasian Spoonbill; Gray Francolin; House Sparrow; Indian Bushlark; Indian Robin; Indian Silverbill; Jungle Prinia; Laughing Dove; Little Grebe; Pied Cuckoo; Red-vented Bulbul; Red-wattled Lapwing; Rosy Starling; Small Minivet; Yellow-crowned Woodpecker","n_species":23,"focal_species_seen":"","focal_species_slugs":"","has_focal":false,"GRID_CODE":"GJ-KU-LAK-037","DISTRICT":"Kachchh","BLOCK":"Lakhpat"},"geometry":{"type":"Point","coordinates":[68.8345725,23.6183094]}},{"type":"Feature","properties":{"GROUP.ID":"G13055659","LOCALITY":"Ghander Road, Kachchh IN-GJ 23.19762, 69.83824","LATITUDE":23.197622,"LONGITUDE":69.838244,"OBSERVATION.DATE":"2024-09-15","OBSERVER.ID":"obsr1522701","DURATION.MINUTES":27.0,"SAMPLING.EVENT.IDENTIFIER":"S195323550","species_list":"Ashy-crowned Sparrow-Lark; Asian Green Bee-eater; Barn Swallow; Bay-backed Shrike; Common Babbler; Common Myna; Eastern Cattle-Egret; European Roller; Gray-breasted Prinia; Indian Pond-Heron; Indian Robin; Indian Roller; Indian Silverbill; Plain Prinia; Purple Sunbird; Red-vented Bulbul; Rosy Starling; White-breasted Waterhen; White-eared Bulbul; White-tailed Iora; White-throated Kingfisher; Wire-tailed Swallow","n_species":22,"focal_species_seen":"European Roller","focal_species_slugs":"european-roller","has_focal":true,"GRID_CODE":"GJ-KU-BHU-150","DISTRICT":"Kachchh","BLOCK":"Bhuj"},"geometry":{"type":"Point","coordinates":[69.838244,23.197622]}},{"type":"Feature","properties":{"GROUP.ID":"G13055658","LOCALITY":"T13G6","LATITUDE":23.185879,"LONGITUDE":69.845559,"OBSERVATION.DATE":"2024-09-15","OBSERVER.ID":"obsr1522701","DURATION.MINUTES":99.0,"SAMPLING.EVENT.IDENTIFIER":"S195324423","species_list":"Asian Green Bee-eater; Barn Swallow; Barred Buttonquail; Bay-backed Shrike; Baya Weaver; Black Drongo; Common Babbler; Common Hoopoe; Common Myna; Common Tailorbird; Common Woodshrike; Eastern Cattle-Egret; Eastern Orphean Warbler; Eastern Red-rumped Swallow; Eurasian Collared-Dove; Eurasian Wryneck; Gray Francolin; Greater Whitethroat; Indian Peafowl; Indian Robin; Indian Silverbill; Indian Spot-billed Duck; Laughing Dove; Lesser Whitethroat; Plain Prinia; Red-naped Ibis; Red-vented Bulbul; Rosy Starling; Rufous-fronted Prinia; Small Minivet; Spotted Flycatcher; White-bellied Minivet; White-eared Bulbul; White-tailed Iora; Wire-tailed Swallow","n_species":35,"focal_species_seen":"Greater Whitethroat; Spotted Flycatcher","focal_species_slugs":"greater-whitethroat;spotted-flycatcher","has_focal":true,"GRID_CODE":"GJ-KU-BHU-150","DISTRICT":"Kachchh","BLOCK":"Bhuj"},"geometry":{"type":"Point","coordinates":[69.845559,23.185879]}},{"type":"Feature","properties":{"GROUP.ID":"G13047139","LOCALITY":"Chapredi","LATITUDE":23.326872,"LONGITUDE":69.86731,"OBSERVATION.DATE":"2024-09-15","OBSERVER.ID":"obsr1522701","DURATION.MINUTES":268.0,"SAMPLING.EVENT.IDENTIFIER":"S195326546","species_list":"Asian Koel; Barred Buttonquail; Bay-backed Shrike; Baya Weaver; Common Babbler; Common Hoopoe; Common Tailorbird; Common Woodshrike; Eastern Orphean Warbler; Eastern Red-rumped Swallow; Eurasian Collared-Dove; European Roller; Gray Francolin; Greater Coucal; Greater Whitethroat; Indian Robin; Indian Silverbill; Jungle Prinia; Laughing Dove; Pied Cuckoo; Red-vented Bulbul; Red-wattled Lapwing; Rosy Starling; Rufous-fronted Prinia; Small Minivet; Spotted Flycatcher; White-eared Bulbul; White-tailed Iora; Wire-tailed Swallow; Yellow-eyed Babbler","n_species":30,"focal_species_seen":"European Roller; Greater Whitethroat; Spotted Flycatcher","focal_species_slugs":"european-roller;greater-whitethroat;spotted-flycatcher","has_focal":true,"GRID_CODE":"GJ-KU-BHU-115","DISTRICT":"Kachchh","BLOCK":"Bhuj"},"geometry":{"type":"Point","coordinates":[69.86731,23.326872]}},{"type":"Feature","properties":{"GROUP.ID":"G13050939","LOCALITY":"T1G4, Belasar - Jodhrai Road, Kachchh, Gujarat, IN (23.86, 70.672)","LATITUDE":23.8600441,"LONGITUDE":70.6722568,"OBSERVATION.DATE":"2024-09-14","OBSERVER.ID":"obsr745299","DURATION.MINUTES":17.0,"SAMPLING.EVENT.IDENTIFIER":"S195361818","species_list":"Ashy-crowned Sparrow-Lark; Asian Green Bee-eater; Barn Swallow; Baya Weaver; Black-winged Kite; Blue-cheeked Bee-eater; Common Babbler; Common Myna; Common Tailorbird; Crested Lark; Eurasian Collared-Dove; Eurasian Wryneck; Gray Francolin; House Sparrow; Indian Bushlark; Indian Peafowl; Indian Silverbill; Laughing Dove; Little Grebe; Pied Cuckoo; Plain Prinia; Purple Sunbird; Red-vented Bulbul; Red-wattled Lapwing; Red Collared-Dove; River Tern; Rosy Starling; Rufous-fronted Prinia; White-eared Bulbul; White-eyed Buzzard; Zitting Cisticola","n_species":31,"focal_species_seen":"Blue-cheeked Bee-eater","focal_species_slugs":"blue-cheeked-bee-eater","has_focal":true,"GRID_CODE":"GJ-KU-RAP-010","DISTRICT":"Kachchh","BLOCK":"Rapar"},"geometry":{"type":"Point","coordinates":[70.6722568,23.8600441]}},{"type":"Feature","properties":{"GROUP.ID":"G13050936","LOCALITY":"T1G6","LATITUDE":23.9319252,"LONGITUDE":70.6267925,"OBSERVATION.DATE":"2024-09-15","OBSERVER.ID":"obsr745299","DURATION.MINUTES":90.0,"SAMPLING.EVENT.IDENTIFIER":"S195364620","species_list":"Ashy-crowned Sparrow-Lark; Barn Swallow; Bay-backed Shrike; Black-tailed Godwit; Black-winged Stilt; Blue-cheeked Bee-eater; Caspian Tern; Chestnut-bellied Sandgrouse; Common Cuckoo; Common Greenshank; Common Hoopoe; Common Myna; Common Redshank; Curlew Sandpiper; Delicate Prinia; Eurasian Collared-Dove; Eurasian Curlew; Eurasian Spoonbill; Eurasian Whimbrel; European Roller; Gray-breasted Prinia; Gray Francolin; Greater Flamingo; Greater Whitethroat; Gull-billed Tern; House Sparrow; Indian Bushlark; Indian Peafowl; Indian Robin; Indian Silverbill; Jungle Prinia; Laughing Dove; Lesser Black-backed Gull; Lesser Flamingo; Little Stint; Little Tern; Marsh Sandpiper; Northern Shoveler; Pied Avocet; Pied Cuckoo; Plain Prinia; Purple Sunbird; Red-backed Shrike; Red-vented Bulbul; River Tern; Rosy Starling; Ruddy Turnstone; Ruff; Rufous-fronted Prinia; Rufous-tailed Lark; Rufous-tailed Scrub-Robin; Spotted Flycatcher; Spotted Redshank; Tawny Pipit; Terek Sandpiper; Tibetan Sand-Plover; Variable Wheatear; Western Reef-Heron; Whiskered Tern; White-eared Bulbul; White-eyed Buzzard; White-throated Kingfisher; Wood Sandpiper; Yellow-throated Sparrow","n_species":64,"focal_species_seen":"Blue-cheeked Bee-eater; Common Cuckoo; European Roller; Greater Whitethroat; Red-backed Shrike; Rufous-tailed Scrub-Robin; Spotted Flycatcher","focal_species_slugs":"blue-cheeked-bee-eater;common-cuckoo;european-roller;greater-whitethroat;red-backed-shrike;rufous-tailed-scrub-robin;spotted-flycatcher","has_focal":true,"GRID_CODE":"GJ-KU-RAP-002","DISTRICT":"Kachchh","BLOCK":"Rapar"},"geometry":{"type":"Point","coordinates":[70.6267925,23.9319252]}},{"type":"Feature","properties":{"GROUP.ID":"G13051583","LOCALITY":"T6 G3 Unnamed Road, Kachchh, Gujarat, IN (23.468, 70.556)","LATITUDE":23.4680751,"LONGITUDE":70.5556718,"OBSERVATION.DATE":"2024-09-14","OBSERVER.ID":"obsr6145241","DURATION.MINUTES":87.0,"SAMPLING.EVENT.IDENTIFIER":"S195430925","species_list":"Blue-cheeked Bee-eater; European Roller; Indian Courser; Laughing Dove; Paddyfield Pipit; Red-naped Ibis; Red Collared-Dove; Rosy Starling; Variable Wheatear","n_species":9,"focal_species_seen":"Blue-cheeked Bee-eater; European Roller","focal_species_slugs":"blue-cheeked-bee-eater;european-roller","has_focal":true,"GRID_CODE":"GJ-KU-BHA-022","DISTRICT":"Kachchh","BLOCK":"Bhachau"},"geometry":{"type":"Point","coordinates":[70.5556718,23.4680751]}},{"type":"Feature","properties":{"GROUP.ID":"G13055923","LOCALITY":"T16G4_PMC2024","LATITUDE":23.939796,"LONGITUDE":69.730479,"OBSERVATION.DATE":"2024-09-14","OBSERVER.ID":"obsr4386613","DURATION.MINUTES":53.0,"SAMPLING.EVENT.IDENTIFIER":"S195539967","species_list":"Ashy-crowned Sparrow-Lark; Asian Green Bee-eater; Bay-backed Shrike; Black-winged Stilt; Chestnut-bellied Sandgrouse; Eurasian Collared-Dove; Indian Silverbill; Isabelline Shrike; Isabelline Wheatear; Paddyfield Pipit; Red-tailed Shrike; Red-wattled Lapwing; Rufous-tailed Scrub-Robin; Tawny Pipit; Variable Wheatear; Whiskered Tern; Yellow-wattled Lapwing","n_species":17,"focal_species_seen":"Red-tailed Shrike; Rufous-tailed Scrub-Robin","focal_species_slugs":"red-tailed-shrike;rufous-tailed-scrub-robin","has_focal":true,"GRID_CODE":"GJ-KU-BHU-001","DISTRICT":"Kachchh","BLOCK":"Bhuj"},"geometry":{"type":"Point","coordinates":[69.730479,23.939796]}},{"type":"Feature","properties":{"GROUP.ID":"G13122286","LOCALITY":"T16G5_PMC2024","LATITUDE":23.929893,"LONGITUDE":69.812661,"OBSERVATION.DATE":"2024-09-14","OBSERVER.ID":"obsr4386613","DURATION.MINUTES":81.0,"SAMPLING.EVENT.IDENTIFIER":"S197113424","species_list":"Asian Green Bee-eater; Barn Swallow; Black Drongo; Common Babbler; Common Tailorbird; Gray-breasted Prinia; Gray Francolin; Greater Whitethroat; Indian Golden Oriole; Indian Robin; Indian Silverbill; Indian Spot-billed Duck; Laughing Dove; Long-tailed Shrike; Pied Cuckoo; Purple Sunbird; Red-vented Bulbul; Rufous-fronted Prinia; Rufous-tailed Scrub-Robin; Siberian Stonechat; White-eared Bulbul","n_species":21,"focal_species_seen":"Greater Whitethroat; Rufous-tailed Scrub-Robin","focal_species_slugs":"greater-whitethroat;rufous-tailed-scrub-robin","has_focal":true,"GRID_CODE":"GJ-KU-BHU-003","DISTRICT":"Kachchh","BLOCK":"Bhuj"},"geometry":{"type":"Point","coordinates":[69.812661,23.929893]}},{"type":"Feature","properties":{"GROUP.ID":"G13122292","LOCALITY":"T16G3_PMC2024","LATITUDE":23.885921,"LONGITUDE":69.766946,"OBSERVATION.DATE":"2024-09-14","OBSERVER.ID":"obsr4386613","DURATION.MINUTES":43.0,"SAMPLING.EVENT.IDENTIFIER":"S197113650","species_list":"Barred Buttonquail; Bay-backed Shrike; Baya Weaver; Black-headed Bunting; Blyth's Reed Warbler; Brahminy Starling; Common Babbler; Common Tailorbird; Eurasian Collared-Dove; Glossy Ibis; Gray-breasted Prinia; Great Gray Shrike; House Sparrow; Indian Robin; Indian Silverbill; Laughing Dove; Lesser Whitethroat; Plain Prinia; Rufous-fronted Prinia; Tawny Pipit; Variable Wheatear; White-eared Bulbul","n_species":22,"focal_species_seen":"","focal_species_slugs":"","has_focal":false,"GRID_CODE":"GJ-KU-BHU-006","DISTRICT":"Kachchh","BLOCK":"Bhuj"},"geometry":{"type":"Point","coordinates":[69.766946,23.885921]}},{"type":"Feature","properties":{"GROUP.ID":"G13122290","LOCALITY":"T16G1_PMC2024","LATITUDE":23.786322,"LONGITUDE":69.688273,"OBSERVATION.DATE":"2024-09-15","OBSERVER.ID":"obsr4386613","DURATION.MINUTES":27.0,"SAMPLING.EVENT.IDENTIFIER":"S197113829","species_list":"Ashy-crowned Sparrow-Lark; Asian Green Bee-eater; Black-headed Ibis; Black-winged Stilt; Common Hoopoe; Common Sandpiper; Crested Lark; Eastern Cattle-Egret; Eurasian Spoonbill; Glossy Ibis; Gray Heron; Great Egret; Greater Flamingo; Green Sandpiper; Gull-billed Tern; House Sparrow; Kentish Plover; Lesser Black-backed Gull; Little Egret; Little Stint; Marsh Sandpiper; Montagu's Harrier; Red-wattled Lapwing; Ruff; Sand Lark; Spotted Redshank; Temminck's Stint; Variable Wheatear; Western Reef-Heron; Western Yellow Wagtail","n_species":30,"focal_species_seen":"","focal_species_slugs":"","has_focal":false,"GRID_CODE":"GJ-KU-RAN-505","DISTRICT":"Kachchh","BLOCK":"Rann of Kachchh"},"geometry":{"type":"Point","coordinates":[69.688273,23.786322]}},{"type":"Feature","properties":{"GROUP.ID":"G14420055","LOCALITY":"T16G2_PMC2024, Kutch, Gujarat","LATITUDE":23.849717,"LONGITUDE":69.7696953,"OBSERVATION.DATE":"2024-09-15","OBSERVER.ID":"obsr1497019","DURATION.MINUTES":30.0,"SAMPLING.EVENT.IDENTIFIER":"S197567021","species_list":"Asian Green Bee-eater; Common Babbler; Oriental Honey-buzzard; Red-vented Bulbul; White-eared Bulbul","n_species":5,"focal_species_seen":"","focal_species_slugs":"","has_focal":false,"GRID_CODE":"GJ-KU-BHU-011","DISTRICT":"Kachchh","BLOCK":"Bhuj"},"geometry":{"type":"Point","coordinates":[69.7696953,23.849717]}},{"type":"Feature","properties":{"GROUP.ID":"G14079058","LOCALITY":"T6_GRID_31","LATITUDE":23.445127,"LONGITUDE":71.202667,"OBSERVATION.DATE":"2025-01-25","OBSERVER.ID":"obsr1152206","DURATION.MINUTES":56.0,"SAMPLING.EVENT.IDENTIFIER":"S210576729","species_list":"Imperial Eagle; Peregrine Falcon; Steppe Eagle","n_species":3,"focal_species_seen":"","focal_species_slugs":"","has_focal":false,"GRID_CODE":"GJ-KU-LIT-054","DISTRICT":"Kachchh","BLOCK":"Little Rann"},"geometry":{"type":"Point","coordinates":[71.202667,23.445127]}},{"type":"Feature","properties":{"GROUP.ID":"G13917056","LOCALITY":"Lakadia, Gujarat, IN (23.284, 71.429) T5_Grid_14","LATITUDE":23.2841817,"LONGITUDE":71.4292735,"OBSERVATION.DATE":"2025-01-25","OBSERVER.ID":"obsr1997065","DURATION.MINUTES":60.0,"SAMPLING.EVENT.IDENTIFIER":"S210583151","species_list":"Crested Lark; Desert Wheatear; Greater Short-toed Lark","n_species":3,"focal_species_seen":"","focal_species_slugs":"","has_focal":false,"GRID_CODE":"GJ-KU-LIT-105","DISTRICT":"Kachchh","BLOCK":"Little Rann"},"geometry":{"type":"Point","coordinates":[71.4292735,23.2841817]}},{"type":"Feature","properties":{"GROUP.ID":"G13885779","LOCALITY":"T8_GRID_49","LATITUDE":23.7633326,"LONGITUDE":71.2336679,"OBSERVATION.DATE":"2025-01-25","OBSERVER.ID":"obsr413366","DURATION.MINUTES":55.0,"SAMPLING.EVENT.IDENTIFIER":"S210591323","species_list":"Ashy-crowned Sparrow-Lark; Asian Green Bee-eater; Asian Koel; Bank Myna; Black-winged Kite; Black Drongo; Chestnut-bellied Sandgrouse; Common Babbler; Common Myna; Eastern Cattle-Egret; Eurasian Collared-Dove; Eurasian Kestrel; Gray Francolin; Greater Coucal; House Crow; House Sparrow; Indian Peafowl; Indian Pond-Heron; Indian Robin; Indian Roller; Indian Silverbill; Laughing Dove; Long-tailed Shrike; Oriental Honey-buzzard; Pied Bushchat; Purple Sunbird; Red-vented Bulbul; Red-wattled Lapwing; Red Collared-Dove; Rose-ringed Parakeet; Rosy Starling; Shikra; Siberian Stonechat; White-eared Bulbul; White-throated Kingfisher; Wire-tailed Swallow","n_species":36,"focal_species_seen":"","focal_species_slugs":"","has_focal":false,"GRID_CODE":"GJ-PT-SAN-025","DISTRICT":"Patan","BLOCK":"Santalpur"},"geometry":{"type":"Point","coordinates":[71.2336679,23.7633326]}},{"type":"Feature","properties":{"GROUP.ID":"G13885799","LOCALITY":"T8_G49_Point","LATITUDE":23.7719189,"LONGITUDE":71.159442,"OBSERVATION.DATE":"2025-01-25","OBSERVER.ID":"obsr612947","DURATION.MINUTES":25.0,"SAMPLING.EVENT.IDENTIFIER":"S210592074","species_list":"Asian Green Bee-eater; Asian Koel; Black-winged Kite; Black Drongo; Common Kingfisher; Eurasian Collared-Dove; Gray Francolin; Indian Peafowl; Indian Pond-Heron; Laughing Dove; Little Egret; White-throated Kingfisher","n_species":12,"focal_species_seen":"","focal_species_slugs":"","has_focal":false,"GRID_CODE":"GJ-PT-SAN-024","DISTRICT":"Patan","BLOCK":"Santalpur"},"geometry":{"type":"Point","coordinates":[71.159442,23.7719189]}},{"type":"Feature","properties":{"GROUP.ID":"G13885805","LOCALITY":"T14G16","LATITUDE":23.2159123,"LONGITUDE":71.5824851,"OBSERVATION.DATE":"2025-01-25","OBSERVER.ID":"obsr494050","DURATION.MINUTES":65.0,"SAMPLING.EVENT.IDENTIFIER":"S210592241","species_list":"Desert Wheatear; Greater Short-toed Lark; House Sparrow; Montagu's Harrier; Sand Lark","n_species":5,"focal_species_seen":"","focal_species_slugs":"","has_focal":false,"GRID_CODE":"GJ-KU-LIT-127","DISTRICT":"Kachchh","BLOCK":"Little Rann"},"geometry":{"type":"Point","coordinates":[71.5824851,23.2159123]}},{"type":"Feature","properties":{"GROUP.ID":"G13886135","LOCALITY":"T15_G8","LATITUDE":23.129938,"LONGITUDE":71.715605,"OBSERVATION.DATE":"2025-01-25","OBSERVER.ID":"obsr1522701","DURATION.MINUTES":69.0,"SAMPLING.EVENT.IDENTIFIER":"S210601822","species_list":"Desert Wheatear; Greater Flamingo; Greater Short-toed Lark; Kentish Plover; Lesser Flamingo; Montagu's Harrier; Pallid Harrier; Peregrine Falcon; Red-wattled Lapwing; River Tern; Rosy Starling; Steppe Eagle; Tibetan Sand-Plover; Western Marsh Harrier; Western Yellow Wagtail","n_species":15,"focal_species_seen":"","focal_species_slugs":"","has_focal":false,"GRID_CODE":"GJ-SN-DAS-005","DISTRICT":"Surendranagar","BLOCK":"Dasada"},"geometry":{"type":"Point","coordinates":[71.715605,23.129938]}},{"type":"Feature","properties":{"GROUP.ID":"G14420054","LOCALITY":"T2_G18","LATITUDE":23.3817152,"LONGITUDE":70.8165559,"OBSERVATION.DATE":"2025-01-25","OBSERVER.ID":"obsr1173605","DURATION.MINUTES":60.0,"SAMPLING.EVENT.IDENTIFIER":"S210614859","species_list":"Asian Green Bee-eater; Barn Swallow; Black-headed Bunting; Black-winged Kite; Black Drongo; Brahminy Starling; Common Babbler; Common Crane; Common Hoopoe; Common Quail; Crested Lark; Demoiselle Crane; Eurasian Collared-Dove; Great Cormorant; Greater Short-toed Lark; House Crow; House Sparrow; Indian Cormorant; Indian Courser; Indian Peafowl; Indian Pond-Heron; Indian Robin; Indian Roller; Isabelline Shrike; Laughing Dove; Little Egret; Red-vented Bulbul; Red-wattled Lapwing; Red Collared-Dove; Siberian Stonechat; Streak-throated Swallow; Tawny Pipit; Tree Pipit; Western Reef-Heron; Wire-tailed Swallow","n_species":35,"focal_species_seen":"","focal_species_slugs":"","has_focal":false,"GRID_CODE":"GJ-KU-RAP-095","DISTRICT":"Kachchh","BLOCK":"Rapar"},"geometry":{"type":"Point","coordinates":[70.8165559,23.3817152]}},{"type":"Feature","properties":{"GROUP.ID":"G13891947","LOCALITY":"T11_G46","LATITUDE":23.5681245,"LONGITUDE":71.4303854,"OBSERVATION.DATE":"2025-01-25","OBSERVER.ID":"obsr604291","DURATION.MINUTES":70.0,"SAMPLING.EVENT.IDENTIFIER":"S210622956","species_list":"Asian Green Bee-eater; Barn Swallow; Black-crowned Night Heron; Black-winged Kite; Black Drongo; Black Redstart; Brahminy Starling; Common Babbler; Common Kingfisher; Common Myna; Eastern Cattle-Egret; Eurasian Collared-Dove; Eurasian Coot; Eurasian Kestrel; Eurasian Moorhen; Gray Francolin; Gray Heron; Graylag Goose; Greater Coucal; House Crow; House Sparrow; Indian Pond-Heron; Indian Robin; Indian Roller; Indian Silverbill; Jungle Babbler; Laughing Dove; Lesser Whitethroat; Little Cormorant; Paddyfield Pipit; Painted Stork; Pied Kingfisher; Purple Sunbird; Red-vented Bulbul; Red-wattled Lapwing; Rosy Starling; Shikra; Steppe Eagle; Variable Wheatear; White-eared Bulbul","n_species":40,"focal_species_seen":"","focal_species_slugs":"","has_focal":false,"GRID_CODE":"GJ-PT-SAN-047","DISTRICT":"Patan","BLOCK":"Santalpur"},"geometry":{"type":"Point","coordinates":[71.4303854,23.5681245]}},{"type":"Feature","properties":{"GROUP.ID":"G14420053","LOCALITY":"T4_G11","LATITUDE":23.2835163,"LONGITUDE":71.0564338,"OBSERVATION.DATE":"2025-01-26","OBSERVER.ID":"obsr1760253","DURATION.MINUTES":61.0,"SAMPLING.EVENT.IDENTIFIER":"S210699711","species_list":"Desert Wheatear","n_species":1,"focal_species_seen":"","focal_species_slugs":"","has_focal":false,"GRID_CODE":"GJ-KU-LIT-098","DISTRICT":"Kachchh","BLOCK":"Little Rann"},"geometry":{"type":"Point","coordinates":[71.0564338,23.2835163]}},{"type":"Feature","properties":{"GROUP.ID":"G13893528","LOCALITY":"T15_G6","LATITUDE":23.157059,"LONGITUDE":71.430077,"OBSERVATION.DATE":"2025-01-26","OBSERVER.ID":"obsr1522701","DURATION.MINUTES":58.0,"SAMPLING.EVENT.IDENTIFIER":"S210707037","species_list":"Ashy-crowned Sparrow-Lark; Barn Swallow; Black-necked Stork; Black Drongo; Common Crane; Crested Lark; Desert Wheatear; Greater Short-toed Lark; Imperial Eagle; Lesser Whitethroat; Long-legged Buzzard; Purple Sunbird; Rosy Starling; Sand Lark; Wire-tailed Swallow","n_species":15,"focal_species_seen":"","focal_species_slugs":"","has_focal":false,"GRID_CODE":"GJ-SN-DHR-001","DISTRICT":"Surendranagar","BLOCK":"Dhrangadhra"},"geometry":{"type":"Point","coordinates":[71.430077,23.157059]}},{"type":"Feature","properties":{"GROUP.ID":"G13917054","LOCALITY":"T5_Grid_5. Nimaknagar, Gujarat, IN (23.151, 71.407)","LATITUDE":23.150929,"LONGITUDE":71.4074311,"OBSERVATION.DATE":"2025-01-26","OBSERVER.ID":"obsr1997065","DURATION.MINUTES":60.0,"SAMPLING.EVENT.IDENTIFIER":"S210707642","species_list":"Crested Lark; Desert Wheatear; Greater Short-toed Lark; Greater Spotted Eagle; Indian Spot-billed Duck; Lesser Flamingo; Little Cormorant; Northern Pintail; Northern Shoveler; Painted Stork; Western Marsh Harrier","n_species":11,"focal_species_seen":"","focal_species_slugs":"","has_focal":false,"GRID_CODE":"GJ-SN-DHR-001","DISTRICT":"Surendranagar","BLOCK":"Dhrangadhra"},"geometry":{"type":"Point","coordinates":[71.4074311,23.150929]}},{"type":"Feature","properties":{"GROUP.ID":"G14420051","LOCALITY":"T4_G12 Point Count","LATITUDE":23.2853099,"LONGITUDE":71.1898003,"OBSERVATION.DATE":"2025-01-26","OBSERVER.ID":"obsr1760253","DURATION.MINUTES":26.0,"SAMPLING.EVENT.IDENTIFIER":"S210707691","species_list":"Barn Swallow; Imperial Eagle; Peregrine Falcon","n_species":3,"focal_species_seen":"","focal_species_slugs":"","has_focal":false,"GRID_CODE":"GJ-KU-LIT-100","DISTRICT":"Kachchh","BLOCK":"Little Rann"},"geometry":{"type":"Point","coordinates":[71.1898003,23.2853099]}},{"type":"Feature","properties":{"GROUP.ID":"G13893561","LOCALITY":"Rann of Kachchh, Kachchh IN-Gujarat 23.13726, 71.71279","LATITUDE":23.137263,"LONGITUDE":71.712791,"OBSERVATION.DATE":"2025-01-26","OBSERVER.ID":"obsr1522701","DURATION.MINUTES":20.0,"SAMPLING.EVENT.IDENTIFIER":"S210707860","species_list":"Black-winged Stilt; Common Shelduck; Crested Lark; Eurasian Kestrel; Gray Heron; Little Egret; Marsh Sandpiper; Medium Egret; Montagu's Harrier; Northern Shoveler; Pied Avocet; Western Marsh Harrier","n_species":12,"focal_species_seen":"","focal_species_slugs":"","has_focal":false,"GRID_CODE":"GJ-SN-DAS-005","DISTRICT":"Surendranagar","BLOCK":"Dasada"},"geometry":{"type":"Point","coordinates":[71.712791,23.137263]}},{"type":"Feature","properties":{"GROUP.ID":"G13893580","LOCALITY":"T14G52","LATITUDE":23.2602719,"LONGITUDE":71.8171354,"OBSERVATION.DATE":"2025-01-26","OBSERVER.ID":"obsr494050","DURATION.MINUTES":60.0,"SAMPLING.EVENT.IDENTIFIER":"S210708305","species_list":"Ashy-crowned Sparrow-Lark; Asian Green Bee-eater; Bank Myna; Barn Swallow; Barred Buttonquail; Bay-backed Shrike; Black-headed Ibis; Black-tailed Godwit; Black-winged Stilt; Black Drongo; Black Redstart; Bluethroat; Brahminy Starling; Citrine Wagtail; Common Babbler; Common Crane; Common Greenshank; Common Hoopoe; Common Kingfisher; Common Myna; Common Tailorbird; Cotton Pygmy-Goose; Crested Lark; Eastern Cattle-Egret; Eastern Red-rumped Swallow; Eurasian Coot; Eurasian Kestrel; Eurasian Moorhen; Eurasian Spoonbill; Ferruginous Duck; Glossy Ibis; Gray-headed Swamphen; Gray Francolin; Gray Heron; Great Cormorant; Great Egret; Greater Coucal; Greater Flamingo; Greater Short-toed Lark; Greater Spotted Eagle; Green-winged Teal; Green Sandpiper; House Sparrow; Indian Cormorant; Indian Peafowl; Indian Pond-Heron; Indian Robin; Indian Silverbill; Indian Spot-billed Duck; Isabelline Shrike; Jungle Babbler; Kentish Plover; Laughing Dove; Little Cormorant; Little Egret; Little Grebe; Little Ringed Plover; Little Stint; Long-tailed Shrike; Marsh Sandpiper; Medium Egret; Montagu's Harrier; Northern Pintail; Northern Shoveler; Oriental Honey-buzzard; Oriental Magpie-Robin; Painted Stork; Pheasant-tailed Jacana; Pied Kingfisher; Plain Prinia; Purple Heron; Purple Sunbird; Red-vented Bulbul; Red-wattled Lapwing; Red Collared-Dove; River Tern; Rose-ringed Parakeet; Rosy Starling; Ruddy Shelduck; Ruff; Rufous-tailed Lark; Siberian Stonechat; Streak-throated Swallow; Temminck's Stint; Tree Pipit; Western Marsh Harrier; Western Yellow Wagtail; White-throated Kingfisher; White Wagtail; Wire-tailed Swallow; Wood Sandpiper; Yellow-footed Green-Pigeon; Yellow-throated Sparrow","n_species":93,"focal_species_seen":"","focal_species_slugs":"","has_focal":false,"GRID_CODE":null,"DISTRICT":null,"BLOCK":null},"geometry":{"type":"Point","coordinates":[71.8171354,23.2602719]}},{"type":"Feature","properties":{"GROUP.ID":"G13893601","LOCALITY":"T14G17","LATITUDE":23.2447232,"LONGITUDE":71.6981415,"OBSERVATION.DATE":"2025-01-26","OBSERVER.ID":"obsr494050","DURATION.MINUTES":60.0,"SAMPLING.EVENT.IDENTIFIER":"S210708765","species_list":"Asian Green Bee-eater; Barn Swallow; Black-winged Stilt; Common Babbler; Common Crane; Common Hoopoe; Common Kingfisher; Crested Lark; Desert Wheatear; Eurasian Collared-Dove; Eurasian Coot; Eurasian Kestrel; Eurasian Spoonbill; Gray Francolin; Gray Heron; Great Egret; Greater Flamingo; Greater Short-toed Lark; House Crow; Isabelline Shrike; Laughing Dove; Lesser Whitethroat; Little Egret; Little Grebe; Montagu's Harrier; Northern Shoveler; Painted Stork; Pallid Harrier; Pied Avocet; Pied Kingfisher; Purple Sunbird; Red-naped Ibis; Rosy Starling; Sand Lark; Shikra; Streak-throated Swallow; Western Marsh Harrier; Western Reef-Heron; White-eared Bulbul; White-throated Kingfisher","n_species":40,"focal_species_seen":"","focal_species_slugs":"","has_focal":false,"GRID_CODE":null,"DISTRICT":null,"BLOCK":null},"geometry":{"type":"Point","coordinates":[71.6981415,23.2447232]}},{"type":"Feature","properties":{"GROUP.ID":"G13893650","LOCALITY":"T14G17 Point","LATITUDE":23.2698041,"LONGITUDE":71.6445137,"OBSERVATION.DATE":"2025-01-26","OBSERVER.ID":"obsr494050","DURATION.MINUTES":20.0,"SAMPLING.EVENT.IDENTIFIER":"S210709686","species_list":"Barn Swallow; Black-winged Stilt; Black Drongo; Common Crane; Common Greenshank; Common Redshank; Common Sandpiper; Dalmatian Pelican; Eurasian Curlew; Eurasian Spoonbill; Gray Heron; Great Egret; Greater Flamingo; Green-winged Teal; Gull-billed Tern; Indian Cormorant; Lesser Whitethroat; Little Cormorant; Little Egret; Little Ringed Plover; Marsh Sandpiper; Northern Shoveler; Painted Stork; Pallas's Gull; Pied Avocet; Purple Sunbird; Red-wattled Lapwing; Sand Lark; Shikra; Western Marsh Harrier; Western Reef-Heron; Whiskered Tern; White-throated Kingfisher; White Wagtail","n_species":34,"focal_species_seen":"","focal_species_slugs":"","has_focal":false,"GRID_CODE":"GJ-KU-LIT-109","DISTRICT":"Kachchh","BLOCK":"Little Rann"},"geometry":{"type":"Point","coordinates":[71.6445137,23.2698041]}},{"type":"Feature","properties":{"GROUP.ID":"G13894126","LOCALITY":"T15_G7","LATITUDE":23.161008,"LONGITUDE":71.529786,"OBSERVATION.DATE":"2025-01-26","OBSERVER.ID":"obsr1522701","DURATION.MINUTES":62.0,"SAMPLING.EVENT.IDENTIFIER":"S210716212","species_list":"Bank Swallow; Barn Swallow; Bay-backed Shrike; Black Drongo; Crested Lark; Desert Wheatear; Eurasian Collared-Dove; Greater Flamingo; Greater Short-toed Lark; House Sparrow; Isabelline Shrike; Lesser Whitethroat; Montagu's Harrier; Purple Sunbird; Short-toed Snake-Eagle; White-eared Bulbul","n_species":16,"focal_species_seen":"","focal_species_slugs":"","has_focal":false,"GRID_CODE":"GJ-KU-LIT-147","DISTRICT":"Kachchh","BLOCK":"Little Rann"},"geometry":{"type":"Point","coordinates":[71.529786,23.161008]}},{"type":"Feature","properties":{"GROUP.ID":"G13894125","LOCALITY":"T15_G53_Point Count","LATITUDE":23.133008,"LONGITUDE":71.770764,"OBSERVATION.DATE":"2025-01-26","OBSERVER.ID":"obsr1522701","DURATION.MINUTES":17.0,"SAMPLING.EVENT.IDENTIFIER":"S210716233","species_list":"Asian Green Bee-eater; Black-headed Ibis; Common Crane; Common Redshank; Crested Lark; Dalmatian Pelican; Delicate Prinia; Desert Wheatear; Eastern Cattle-Egret; Eurasian Kestrel; Eurasian Spoonbill; Gray Francolin; Gray Heron; Great Cormorant; Great Egret; Great White Pelican; Greater Flamingo; Greater Spotted Eagle; Imperial Eagle; Lesser Flamingo; Little Egret; Medium Egret; Northern Shoveler; Painted Stork; Pied Avocet; Purple Sunbird; Red-wattled Lapwing; River Tern; Rufous-tailed Lark; Sand Lark; Western Marsh Harrier; Whiskered Tern; White Stork","n_species":33,"focal_species_seen":"","focal_species_slugs":"","has_focal":false,"GRID_CODE":"GJ-SN-DAS-006","DISTRICT":"Surendranagar","BLOCK":"Dasada"},"geometry":{"type":"Point","coordinates":[71.770764,23.133008]}},{"type":"Feature","properties":{"GROUP.ID":"G13895489","LOCALITY":"T13_G26","LATITUDE":23.3539721,"LONGITUDE":71.571321,"OBSERVATION.DATE":"2025-01-25","OBSERVER.ID":"obsr1345947","DURATION.MINUTES":68.0,"SAMPLING.EVENT.IDENTIFIER":"S210716862","species_list":"Desert Wheatear; Eurasian Kestrel; Greater Short-toed Lark; Montagu's Harrier; Rufous-fronted Prinia; Shikra; White-eyed Buzzard","n_species":7,"focal_species_seen":"","focal_species_slugs":"","has_focal":false,"GRID_CODE":"GJ-KU-LIT-091","DISTRICT":"Kachchh","BLOCK":"Little Rann"},"geometry":{"type":"Point","coordinates":[71.571321,23.3539721]}},{"type":"Feature","properties":{"GROUP.ID":"G13895488","LOCALITY":"T13_G25","LATITUDE":23.3371758,"LONGITUDE":71.4894828,"OBSERVATION.DATE":"2025-01-26","OBSERVER.ID":"obsr1345947","DURATION.MINUTES":62.0,"SAMPLING.EVENT.IDENTIFIER":"S210717004","species_list":"Barn Swallow; Common Crane; Greater Short-toed Lark; House Sparrow; Little Egret; Peregrine Falcon; Sand Lark","n_species":7,"focal_species_seen":"","focal_species_slugs":"","has_focal":false,"GRID_CODE":"GJ-KU-LIT-089","DISTRICT":"Kachchh","BLOCK":"Little Rann"},"geometry":{"type":"Point","coordinates":[71.4894828,23.3371758]}},{"type":"Feature","properties":{"GROUP.ID":"G13895487","LOCALITY":"T13_G15","LATITUDE":23.2614442,"LONGITUDE":71.5047074,"OBSERVATION.DATE":"2025-01-26","OBSERVER.ID":"obsr1345947","DURATION.MINUTES":66.0,"SAMPLING.EVENT.IDENTIFIER":"S210717132","species_list":"Desert Wheatear; Greater Short-toed Lark; House Sparrow; Montagu's Harrier; Sand Lark","n_species":5,"focal_species_seen":"","focal_species_slugs":"","has_focal":false,"GRID_CODE":"GJ-KU-LIT-106","DISTRICT":"Kachchh","BLOCK":"Little Rann"},"geometry":{"type":"Point","coordinates":[71.5047074,23.2614442]}},{"type":"Feature","properties":{"GROUP.ID":"G13895486","LOCALITY":"T13_G15_Point","LATITUDE":23.2410236,"LONGITUDE":71.4765056,"OBSERVATION.DATE":"2025-01-26","OBSERVER.ID":"obsr1345947","DURATION.MINUTES":22.0,"SAMPLING.EVENT.IDENTIFIER":"S210717180","species_list":"Desert Wheatear; House Sparrow; Sand Lark","n_species":3,"focal_species_seen":"","focal_species_slugs":"","has_focal":false,"GRID_CODE":"GJ-KU-LIT-125","DISTRICT":"Kachchh","BLOCK":"Little Rann"},"geometry":{"type":"Point","coordinates":[71.4765056,23.2410236]}},{"type":"Feature","properties":{"GROUP.ID":"G13894709","LOCALITY":"T8_GRID_48","LATITUDE":23.7519268,"LONGITUDE":71.1046709,"OBSERVATION.DATE":"2025-01-26","OBSERVER.ID":"obsr413366","DURATION.MINUTES":65.0,"SAMPLING.EVENT.IDENTIFIER":"S210718399","species_list":"Ashy-crowned Sparrow-Lark; Asian Green Bee-eater; Asian Openbill; Barn Swallow; Black-headed Ibis; Black-tailed Godwit; Black-winged Stilt; Black Drongo; Clamorous Reed Warbler; Common Babbler; Common Chiffchaff; Common Crane; Common Myna; Common Pochard; Common Sandpiper; Crested Lark; Dalmatian Pelican; Desert Wheatear; Eastern Cattle-Egret; Eurasian Collared-Dove; Eurasian Coot; Eurasian Spoonbill; Eurasian Wigeon; Garganey; Gray-headed Swamphen; Gray Francolin; Gray Heron; Great Cormorant; Great White Pelican; Greater Coucal; Greater Flamingo; Greater Short-toed Lark; Greater Spotted Eagle; Green-winged Teal; Green Sandpiper; House Crow; House Sparrow; Imperial Eagle; Indian Cormorant; Indian Peafowl; Indian Robin; Indian Silverbill; Indian Spot-billed Duck; Isabelline Shrike; Kentish Plover; Knob-billed Duck; Laughing Dove; Lesser Whitethroat; Little Cormorant; Little Egret; Little Grebe; Little Ringed Plover; Little Stint; Montagu's Harrier; Northern Pintail; Northern Shoveler; Oriental Darter; Paddyfield Pipit; Pied Avocet; Pied Bushchat; Purple Heron; Purple Sunbird; Red-naped Ibis; Red-vented Bulbul; Red-wattled Lapwing; Rose-ringed Parakeet; Rosy Starling; Ruddy Shelduck; Ruff; Rufous-tailed Lark; Siberian Stonechat; Streak-throated Swallow; Temminck's Stint; Tufted Duck; Variable Wheatear; Western Marsh Harrier; Western Reef-Heron; Western Yellow Wagtail; White-breasted Waterhen; White-eared Bulbul; White-throated Kingfisher; White Wagtail; Wire-tailed Swallow; Yellow-throated Sparrow","n_species":84,"focal_species_seen":"","focal_species_slugs":"","has_focal":false,"GRID_CODE":"GJ-PT-SAN-031","DISTRICT":"Patan","BLOCK":"Santalpur"},"geometry":{"type":"Point","coordinates":[71.1046709,23.7519268]}},{"type":"Feature","properties":{"GROUP.ID":"G13894708","LOCALITY":"T8_GRID_47","LATITUDE":23.7218705,"LONGITUDE":71.0381019,"OBSERVATION.DATE":"2025-01-26","OBSERVER.ID":"obsr413366","DURATION.MINUTES":63.0,"SAMPLING.EVENT.IDENTIFIER":"S210718942","species_list":"Ashy-crowned Sparrow-Lark; Asian Green Bee-eater; Barn Swallow; Black-headed Ibis; Black-winged Kite; Black-winged Stilt; Black Drongo; Black Kite; Clamorous Reed Warbler; Common Babbler; Common Chiffchaff; Common Crane; Common Kingfisher; Common Myna; Common Pochard; Common Sandpiper; Crested Lark; Dalmatian Pelican; Desert Wheatear; Eastern Cattle-Egret; Eastern Orphean Warbler; Eurasian Collared-Dove; Eurasian Coot; Eurasian Spoonbill; Eurasian Wigeon; Gadwall; Garganey; Gray-headed Swamphen; Gray Francolin; Gray Wagtail; Great Cormorant; Great Egret; Great White Pelican; Greater Coucal; Greater Flamingo; Greater Short-toed Lark; Green-winged Teal; Green Sandpiper; House Crow; House Sparrow; Imperial Eagle; Indian Cormorant; Indian Peafowl; Indian Pond-Heron; Indian Robin; Indian Silverbill; Indian Spot-billed Duck; Isabelline Shrike; Isabelline Wheatear; Kentish Plover; Laughing Dove; Lesser Whitethroat; Little Cormorant; Little Grebe; Little Ringed Plover; Little Stint; Montagu's Harrier; Northern Pintail; Northern Shoveler; Oriental Darter; Paddyfield Pipit; Painted Stork; Pallid Harrier; Pied Bushchat; Pied Kingfisher; Purple Sunbird; Red-naped Ibis; Red-vented Bulbul; Red-wattled Lapwing; Rose-ringed Parakeet; Rosy Starling; Ruddy Shelduck; Ruff; Rufous-tailed Lark; Siberian Stonechat; Streak-throated Swallow; Tufted Duck; Variable Wheatear; Western Marsh Harrier; Western Yellow Wagtail; White-eared Bulbul; White-throated Kingfisher; White Wagtail; Wire-tailed Swallow; Yellow-throated Sparrow","n_species":85,"focal_species_seen":"","focal_species_slugs":"","has_focal":false,"GRID_CODE":"GJ-KU-RAN-545","DISTRICT":"Kachchh","BLOCK":"Rann of Kachchh"},"geometry":{"type":"Point","coordinates":[71.0381019,23.7218705]}},{"type":"Feature","properties":{"GROUP.ID":"G13896913","LOCALITY":"T7G41_Bambhansar, Gujarat, IN (23.583, 71.002)","LATITUDE":23.5828137,"LONGITUDE":71.0024586,"OBSERVATION.DATE":"2025-01-25","OBSERVER.ID":"obsr1493799","DURATION.MINUTES":60.0,"SAMPLING.EVENT.IDENTIFIER":"S210720927","species_list":"Barn Swallow; Barred Buttonquail; Bay-backed Shrike; Black-winged Kite; Black Drongo; Black Redstart; Common Crane; Crested Lark; Greater Coucal; Greater Short-toed Lark; House Sparrow; Indian Peafowl; Indian Robin; Laughing Dove; Red-vented Bulbul; Siberian Stonechat; Sykes's Nightjar; White-eared Bulbul","n_species":18,"focal_species_seen":"","focal_species_slugs":"","has_focal":false,"GRID_CODE":"GJ-KU-RAP-058","DISTRICT":"Kachchh","BLOCK":"Rapar"},"geometry":{"type":"Point","coordinates":[71.0024586,23.5828137]}},{"type":"Feature","properties":{"GROUP.ID":"G13896911","LOCALITY":"T7G42_Kachchh, Gujarat, IN (23.615, 71.042)","LATITUDE":23.614898,"LONGITUDE":71.0418247,"OBSERVATION.DATE":"2025-01-26","OBSERVER.ID":"obsr1493799","DURATION.MINUTES":77.0,"SAMPLING.EVENT.IDENTIFIER":"S210721332","species_list":"Ashy Prinia; Barn Swallow; Bay-backed Shrike; Black-tailed Godwit; Black-winged Stilt; Black Drongo; Common Babbler; Common Crane; Common Tailorbird; Eurasian Collared-Dove; Eurasian Coot; Eurasian Kestrel; Eurasian Spoonbill; Gray Francolin; Gray Heron; Great Cormorant; Great Egret; Great White Pelican; Greater Spotted Eagle; House Crow; Imperial Eagle; Indian Peafowl; Indian Pond-Heron; Indian Robin; Jungle Babbler; Laughing Dove; Lesser Whitethroat; Little Cormorant; Little Egret; Little Grebe; Montagu's Harrier; Northern Pintail; Northern Shoveler; Painted Stork; Peregrine Falcon; Purple Sunbird; Red-vented Bulbul; Red-wattled Lapwing; Shikra; Short-toed Snake-Eagle; Siberian Stonechat; Steppe Eagle; Western Marsh Harrier; Western Reef-Heron; White-eared Bulbul; White Wagtail","n_species":46,"focal_species_seen":"","focal_species_slugs":"","has_focal":false,"GRID_CODE":"GJ-KU-RAN-577","DISTRICT":"Kachchh","BLOCK":"Rann of Kachchh"},"geometry":{"type":"Point","coordinates":[71.0418247,23.614898]}},{"type":"Feature","properties":{"GROUP.ID":"G13896910","LOCALITY":"T7G36_Nanda, Gujarat, IN (23.544, 71.093)","LATITUDE":23.5436527,"LONGITUDE":71.0932515,"OBSERVATION.DATE":"2025-01-26","OBSERVER.ID":"obsr1493799","DURATION.MINUTES":54.0,"SAMPLING.EVENT.IDENTIFIER":"S210723171","species_list":"Ashy-crowned Sparrow-Lark; Barn Swallow; Bay-backed Shrike; Black-headed Ibis; Black-winged Kite; Black-winged Stilt; Black Drongo; Brown-headed Gull; Common Babbler; Common Crane; Common Redshank; Dalmatian Pelican; Eastern Cattle-Egret; Eurasian Collared-Dove; Eurasian Kestrel; Eurasian Sparrowhawk; Eurasian Spoonbill; Gray Heron; Great White Pelican; Greater Flamingo; Greater Short-toed Lark; Greater Spotted Eagle; Gull-billed Tern; Imperial Eagle; Indian Pond-Heron; Indian Robin; Indian Silverbill; Isabelline Shrike; Laughing Dove; Lesser Flamingo; Montagu's Harrier; Northern Shoveler; Painted Stork; Red-vented Bulbul; Red-wattled Lapwing; River Tern; Siberian Stonechat; Temminck's Stint; Whiskered Tern; White-eared Bulbul","n_species":40,"focal_species_seen":"","focal_species_slugs":"","has_focal":false,"GRID_CODE":"GJ-KU-RAP-072","DISTRICT":"Kachchh","BLOCK":"Rapar"},"geometry":{"type":"Point","coordinates":[71.0932515,23.5436527]}},{"type":"Feature","properties":{"GROUP.ID":"G13896909","LOCALITY":"T7G36_Sukhpar, Gujarat, IN (23.488, 71.073)","LATITUDE":23.4875945,"LONGITUDE":71.0729918,"OBSERVATION.DATE":"2025-01-26","OBSERVER.ID":"obsr1493799","DURATION.MINUTES":16.0,"SAMPLING.EVENT.IDENTIFIER":"S210723421","species_list":"Ashy-crowned Sparrow-Lark; Asian Green Bee-eater; Bay-backed Shrike; Black Drongo; Common Babbler; Common Crane; Desert Wheatear; Gray Francolin; Great White Pelican; House Sparrow; Indian Roller; Long-tailed Shrike; Montagu's Harrier; Rufous-tailed Lark; Shikra; White-eared Bulbul; Wire-tailed Swallow","n_species":17,"focal_species_seen":"","focal_species_slugs":"","has_focal":false,"GRID_CODE":"GJ-KU-RAP-083","DISTRICT":"Kachchh","BLOCK":"Rapar"},"geometry":{"type":"Point","coordinates":[71.0729918,23.4875945]}},{"type":"Feature","properties":{"GROUP.ID":"G14420049","LOCALITY":"T10G39","LATITUDE":23.4796419,"LONGITUDE":71.4296131,"OBSERVATION.DATE":"2025-01-25","OBSERVER.ID":"obsr1055226","DURATION.MINUTES":63.0,"SAMPLING.EVENT.IDENTIFIER":"S210723884","species_list":"Imperial Eagle; Isabelline Shrike; White-eared Bulbul","n_species":3,"focal_species_seen":"","focal_species_slugs":"","has_focal":false,"GRID_CODE":"GJ-KU-LIT-049","DISTRICT":"Kachchh","BLOCK":"Little Rann"},"geometry":{"type":"Point","coordinates":[71.4296131,23.4796419]}},{"type":"Feature","properties":{"GROUP.ID":"G14420048","LOCALITY":"T10G38","LATITUDE":23.4979896,"LONGITUDE":71.3249122,"OBSERVATION.DATE":"2025-01-26","OBSERVER.ID":"obsr1055226","DURATION.MINUTES":61.0,"SAMPLING.EVENT.IDENTIFIER":"S210723997","species_list":"Desert Wheatear; Eurasian Kestrel; Montagu's Harrier; White-eared Bulbul; Wire-tailed Swallow","n_species":5,"focal_species_seen":"","focal_species_slugs":"","has_focal":false,"GRID_CODE":"GJ-KU-LIT-047","DISTRICT":"Kachchh","BLOCK":"Little Rann"},"geometry":{"type":"Point","coordinates":[71.3249122,23.4979896]}},{"type":"Feature","properties":{"GROUP.ID":"G14420047","LOCALITY":"T10G38point","LATITUDE":23.5243413,"LONGITUDE":71.3143433,"OBSERVATION.DATE":"2025-01-26","OBSERVER.ID":"obsr1055226","DURATION.MINUTES":25.0,"SAMPLING.EVENT.IDENTIFIER":"S210724579","species_list":"Desert Wheatear; Purple Sunbird","n_species":2,"focal_species_seen":"","focal_species_slugs":"","has_focal":false,"GRID_CODE":"GJ-KU-LIT-035","DISTRICT":"Kachchh","BLOCK":"Little Rann"},"geometry":{"type":"Point","coordinates":[71.3143433,23.5243413]}},{"type":"Feature","properties":{"GROUP.ID":"G13902947","LOCALITY":"T11_G51","LATITUDE":23.7513955,"LONGITUDE":71.3324602,"OBSERVATION.DATE":"2025-01-26","OBSERVER.ID":"obsr604291","DURATION.MINUTES":70.0,"SAMPLING.EVENT.IDENTIFIER":"S210745859","species_list":"Asian Green Bee-eater; Bank Myna; Black-winged Stilt; Black Drongo; Common Babbler; Common Kingfisher; Common Tailorbird; Desert Wheatear; Eurasian Collared-Dove; Eurasian Spoonbill; Gray Francolin; Green Sandpiper; House Sparrow; Indian Peafowl; Indian Pond-Heron; Indian Robin; Indian Roller; Jungle Babbler; Laughing Dove; Lesser Whitethroat; Long-legged Buzzard; Long-tailed Shrike; Marsh Sandpiper; Medium Egret; Purple Sunbird; Red-vented Bulbul; Red-wattled Lapwing; River Tern; Rose-ringed Parakeet; Rosy Starling; Shikra; White-throated Kingfisher; Wire-tailed Swallow","n_species":33,"focal_species_seen":"","focal_species_slugs":"","has_focal":false,"GRID_CODE":"GJ-PT-SAN-035","DISTRICT":"Patan","BLOCK":"Santalpur"},"geometry":{"type":"Point","coordinates":[71.3324602,23.7513955]}},{"type":"Feature","properties":{"GROUP.ID":"G13902945","LOCALITY":"T11_G45","LATITUDE":23.6307483,"LONGITUDE":71.4271918,"OBSERVATION.DATE":"2025-01-26","OBSERVER.ID":"obsr604291","DURATION.MINUTES":70.0,"SAMPLING.EVENT.IDENTIFIER":"S210747867","species_list":"Black-winged Stilt; Black Drongo; Common Babbler; Common Crane; Common Myna; Cream-colored Courser; Desert Wheatear; Eastern Cattle-Egret; Eurasian Collared-Dove; Eurasian Kestrel; Gray Francolin; Great White Pelican; Greater Coucal; Greater Hoopoe-Lark; Greater Short-toed Lark; House Sparrow; Isabelline Shrike; Isabelline Wheatear; Jungle Babbler; Laughing Dove; Lesser Whitethroat; Montagu's Harrier; Painted Stork; Purple Sunbird; Red-vented Bulbul; Red-wattled Lapwing; Rose-ringed Parakeet; Rosy Starling; Siberian Stonechat; Steppe Eagle; White-eared Bulbul","n_species":31,"focal_species_seen":"","focal_species_slugs":"","has_focal":false,"GRID_CODE":"GJ-PT-SAN-046","DISTRICT":"Patan","BLOCK":"Santalpur"},"geometry":{"type":"Point","coordinates":[71.4271918,23.6307483]}},{"type":"Feature","properties":{"GROUP.ID":"G13902942","LOCALITY":"T11_G51 SPOT COUNT","LATITUDE":23.7237517,"LONGITUDE":71.367895,"OBSERVATION.DATE":"2025-01-26","OBSERVER.ID":"obsr604291","DURATION.MINUTES":22.0,"SAMPLING.EVENT.IDENTIFIER":"S210859172","species_list":"Asian Green Bee-eater; Black-winged Kite; Black Redstart; Common Babbler; Common Crane; Common Sandpiper; Eastern Red-rumped Swallow; Eurasian Collared-Dove; Gray Heron; Great Cormorant; Great Egret; Greater Coucal; Green Sandpiper; Indian Cormorant; Lesser Whitethroat; Painted Stork; Purple Sunbird; Shikra; Temminck's Stint; White-eared Bulbul; White-throated Kingfisher","n_species":21,"focal_species_seen":"","focal_species_slugs":"","has_focal":false,"GRID_CODE":"GJ-PT-SAN-036","DISTRICT":"Patan","BLOCK":"Santalpur"},"geometry":{"type":"Point","coordinates":[71.367895,23.7237517]}},{"type":"Feature","properties":{"GROUP.ID":"G13926707","LOCALITY":"T3_GRID28","LATITUDE":23.446551,"LONGITUDE":70.942019,"OBSERVATION.DATE":"2025-01-26","OBSERVER.ID":"obsr1777443","DURATION.MINUTES":48.0,"SAMPLING.EVENT.IDENTIFIER":"S210877476","species_list":"Black-tailed Godwit; Black-winged Stilt; Black Drongo; Common Babbler; Common Crane; Dusky Crag-Martin; Eurasian Kestrel; Eurasian Sparrowhawk; Eurasian Spoonbill; Gray Francolin; Gray Heron; Great Crested Grebe; Great White Pelican; Greater Flamingo; Green-winged Teal; Indian Pond-Heron; Little Grebe; Northern Shoveler; Oriental Darter; Painted Stork; Pied Avocet; Purple Heron; Purple Sunbird; Ruff; Western Marsh Harrier; White-eared Bulbul","n_species":26,"focal_species_seen":"","focal_species_slugs":"","has_focal":false,"GRID_CODE":"GJ-KU-RAP-090","DISTRICT":"Kachchh","BLOCK":"Rapar"},"geometry":{"type":"Point","coordinates":[70.942019,23.446551]}},{"type":"Feature","properties":{"GROUP.ID":"G14420046","LOCALITY":"T3_GRID29","LATITUDE":23.409866,"LONGITUDE":71.037637,"OBSERVATION.DATE":"2025-01-26","OBSERVER.ID":"obsr1777443","DURATION.MINUTES":74.0,"SAMPLING.EVENT.IDENTIFIER":"S210877802","species_list":"Common Crane; Crested Lark; Desert Wheatear; Greater Flamingo; Greater Short-toed Lark; Imperial Eagle; Lesser Flamingo; Little Cormorant; Montagu's Harrier; Northern Shoveler; Peregrine Falcon; River Tern; Steppe Eagle","n_species":13,"focal_species_seen":"","focal_species_slugs":"","has_focal":false,"GRID_CODE":"GJ-KU-LIT-064","DISTRICT":"Kachchh","BLOCK":"Little Rann"},"geometry":{"type":"Point","coordinates":[71.037637,23.409866]}},{"type":"Feature","properties":{"GROUP.ID":"G14420045","LOCALITY":"T2_G9 Point Count","LATITUDE":23.2328071,"LONGITUDE":70.730007,"OBSERVATION.DATE":"2025-01-26","OBSERVER.ID":"obsr1173605","DURATION.MINUTES":35.0,"SAMPLING.EVENT.IDENTIFIER":"S211313041","species_list":"Demoiselle Crane; Eurasian Curlew; Gray Heron; Great Egret; Gull-billed Tern; Lesser Black-backed Gull; Marsh Sandpiper; Medium Egret; Montagu's Harrier; Painted Stork; Pallas's Gull; Sykes's Warbler; Western Marsh Harrier; Western Reef-Heron; Western Yellow Wagtail","n_species":15,"focal_species_seen":"","focal_species_slugs":"","has_focal":false,"GRID_CODE":"GJ-KU-LIT-110","DISTRICT":"Kachchh","BLOCK":"Little Rann"},"geometry":{"type":"Point","coordinates":[70.730007,23.2328071]}},{"type":"Feature","properties":{"GROUP.ID":"G14079056","LOCALITY":"T6_GRID_22","LATITUDE":23.37587,"LONGITUDE":71.196589,"OBSERVATION.DATE":"2025-01-26","OBSERVER.ID":"obsr1152206","DURATION.MINUTES":60.0,"SAMPLING.EVENT.IDENTIFIER":"S211313070","species_list":"Common Crane; Desert Wheatear; Greater Short-toed Lark; Imperial Eagle","n_species":4,"focal_species_seen":"","focal_species_slugs":"","has_focal":false,"GRID_CODE":"GJ-KU-LIT-067","DISTRICT":"Kachchh","BLOCK":"Little Rann"},"geometry":{"type":"Point","coordinates":[71.196589,23.37587]}},{"type":"Feature","properties":{"GROUP.ID":"G14420044","LOCALITY":"T2_G19","LATITUDE":23.3657668,"LONGITUDE":70.8442688,"OBSERVATION.DATE":"2025-01-26","OBSERVER.ID":"obsr1173605","DURATION.MINUTES":88.0,"SAMPLING.EVENT.IDENTIFIER":"S211313113","species_list":"Asian Koel; Booted Eagle; Common Babbler; Common Crane; Eurasian Collared-Dove; Eurasian Kestrel; Gray Francolin; Greater Coucal; House Sparrow; Laughing Dove; Purple Sunbird; Red-vented Bulbul; Red-wattled Lapwing; Red Collared-Dove; Ruddy Shelduck","n_species":15,"focal_species_seen":"","focal_species_slugs":"","has_focal":false,"GRID_CODE":"GJ-KU-RAP-095","DISTRICT":"Kachchh","BLOCK":"Rapar"},"geometry":{"type":"Point","coordinates":[70.8442688,23.3657668]}},{"type":"Feature","properties":{"GROUP.ID":"G14079057","LOCALITY":"T6_GRID_32","LATITUDE":23.404257,"LONGITUDE":71.235409,"OBSERVATION.DATE":"2025-01-26","OBSERVER.ID":"obsr1152206","DURATION.MINUTES":63.0,"SAMPLING.EVENT.IDENTIFIER":"S211313126","species_list":"Desert Wheatear; Eurasian Kestrel; Great Gray Shrike; Greater Short-toed Lark; Peregrine Falcon; Steppe Eagle","n_species":6,"focal_species_seen":"","focal_species_slugs":"","has_focal":false,"GRID_CODE":"GJ-KU-LIT-068","DISTRICT":"Kachchh","BLOCK":"Little Rann"},"geometry":{"type":"Point","coordinates":[71.235409,23.404257]}},{"type":"Feature","properties":{"GROUP.ID":"G13933680","LOCALITY":"Navi Bandar, Gujarat, IN (21.447, 69.789)","LATITUDE":21.4466833,"LONGITUDE":69.7891917,"OBSERVATION.DATE":"2025-02-01","OBSERVER.ID":"obsr700563","DURATION.MINUTES":21.0,"SAMPLING.EVENT.IDENTIFIER":"S211443624","species_list":"Common Greenshank; Common Redshank; Eurasian Kestrel; Gull-billed Tern; Kentish Plover; Lesser Black-backed Gull","n_species":6,"focal_species_seen":"","focal_species_slugs":"","has_focal":false,"GRID_CODE":null,"DISTRICT":null,"BLOCK":null},"geometry":{"type":"Point","coordinates":[69.7891917,21.4466833]}},{"type":"Feature","properties":{"GROUP.ID":"G13934060","LOCALITY":"Rajvi Party Plot","LATITUDE":21.605267,"LONGITUDE":69.636296,"OBSERVATION.DATE":"2025-02-01","OBSERVER.ID":"obsr3529665","DURATION.MINUTES":129.0,"SAMPLING.EVENT.IDENTIFIER":"S211450672","species_list":"Black-bellied Plover; Black-headed Gull; Black-headed Ibis; Black-tailed Godwit; Black-winged Stilt; Brown-headed Gull; Citrine Wagtail; Common Greenshank; Common Pochard; Common Redshank; Common Sandpiper; Common Snipe; Eurasian Wigeon; Gadwall; Glossy Ibis; Great Thick-knee; Greater Flamingo; Greater Sand-Plover; Green-winged Teal; Gull-billed Tern; Indian Pond-Heron; Indian Spot-billed Duck; Kentish Plover; Lesser Whistling-Duck; Little Grebe; Little Ringed Plover; Little Stint; Marsh Sandpiper; Northern Pintail; Northern Shoveler; Pallas's Gull; Red-wattled Lapwing; Ruddy Turnstone; Ruff; Temminck's Stint; Tibetan Sand-Plover; Western Yellow Wagtail; Whiskered Tern; White-throated Kingfisher; White Wagtail","n_species":40,"focal_species_seen":"","focal_species_slugs":"","has_focal":false,"GRID_CODE":null,"DISTRICT":null,"BLOCK":null},"geometry":{"type":"Point","coordinates":[69.636296,21.605267]}},{"type":"Feature","properties":{"GROUP.ID":"G13933833","LOCALITY":"Dharampur Vanana","LATITUDE":21.64649,"LONGITUDE":69.6696883,"OBSERVATION.DATE":"2025-02-01","OBSERVER.ID":"obsr633450","DURATION.MINUTES":149.0,"SAMPLING.EVENT.IDENTIFIER":"S211453811","species_list":"Ashy Prinia; Asian Green Bee-eater; Asian Koel; Baillon's Crake; Bay-backed Shrike; Black-tailed Godwit; Black-winged Stilt; Black Drongo; Bluethroat; Booted Eagle; Bronze-winged Jacana; Clamorous Reed Warbler; Common Hoopoe; Common Kingfisher; Common Myna; Common Pochard; Common Sandpiper; Common Snipe; Coppersmith Barbet; Cotton Pygmy-Goose; Demoiselle Crane; Eurasian Coot; Eurasian Moorhen; Eurasian Spoonbill; Gadwall; Garganey; Glossy Ibis; Gray-headed Swamphen; Gray Heron; Great Cormorant; Great Egret; Greater Coucal; Indian Cormorant; Indian Pond-Heron; Indian Silverbill; Indian Spot-billed Duck; Knob-billed Duck; Large Gray Babbler; Laughing Dove; Little Cormorant; Medium Egret; Northern Shoveler; Oriental Darter; Paddyfield Pipit; Paddyfield Warbler; Painted Stork; Pied Kingfisher; Purple Heron; Purple Sunbird; Red-vented Bulbul; Red-wattled Lapwing; River Tern; Ruddy Shelduck; Temminck's Stint; Western Marsh Harrier; Western Reef-Heron; Whiskered Tern; White-browed Wagtail; White-throated Kingfisher; Wire-tailed Swallow; Wood Sandpiper; Zitting Cisticola","n_species":62,"focal_species_seen":"","focal_species_slugs":"","has_focal":false,"GRID_CODE":null,"DISTRICT":null,"BLOCK":null},"geometry":{"type":"Point","coordinates":[69.6696883,21.64649]}},{"type":"Feature","properties":{"GROUP.ID":"G13934064","LOCALITY":"Rajvi Party Plot","LATITUDE":21.605267,"LONGITUDE":69.636296,"OBSERVATION.DATE":"2025-02-01","OBSERVER.ID":"obsr3529665","DURATION.MINUTES":60.0,"SAMPLING.EVENT.IDENTIFIER":"S211455648","species_list":"Black-tailed Godwit; Black-winged Stilt; Common Greenshank; Common Kingfisher; Common Redshank; Common Sandpiper; Common Snipe; Green-winged Teal; Kentish Plover; Little Grebe; Little Ringed Plover; Little Stint; Marsh Sandpiper; Pacific Golden-Plover; Red-wattled Lapwing; River Tern; Ruddy Shelduck; Ruff; Temminck's Stint; Tibetan Sand-Plover; White-breasted Waterhen; Wood Sandpiper; Yellow-wattled Lapwing","n_species":23,"focal_species_seen":"","focal_species_slugs":"","has_focal":false,"GRID_CODE":null,"DISTRICT":null,"BLOCK":null},"geometry":{"type":"Point","coordinates":[69.636296,21.605267]}},{"type":"Feature","properties":{"GROUP.ID":"G13933679","LOCALITY":"Amipur Dam--Part I","LATITUDE":21.4202626,"LONGITUDE":69.9755592,"OBSERVATION.DATE":"2025-02-01","OBSERVER.ID":"obsr700563","DURATION.MINUTES":137.0,"SAMPLING.EVENT.IDENTIFIER":"S211458217","species_list":"Ashy-crowned Sparrow-Lark; Asian Green Bee-eater; Asian Openbill; Barn Swallow; Black-headed Ibis; Black-tailed Godwit; Black-winged Stilt; Black Drongo; Brahminy Kite; Caspian Tern; Citrine Wagtail; Common Crane; Common Kingfisher; Common Sandpiper; Common Snipe; Crested Lark; Dalmatian Pelican; Eastern Cattle-Egret; Eurasian Collared-Dove; Eurasian Coot; Eurasian Spoonbill; Eurasian Wigeon; Gadwall; Glossy Ibis; Gray-headed Swamphen; Gray Heron; Graylag Goose; Great Egret; Great White Pelican; Greater Short-toed Lark; Green-winged Teal; Gull-billed Tern; Indian Pond-Heron; Indian Spot-billed Duck; Isabelline Shrike; Kentish Plover; Knob-billed Duck; Lesser Black-backed Gull; Lesser Flamingo; Little Cormorant; Little Egret; Little Grebe; Little Ringed Plover; Little Stint; Marsh Sandpiper; Medium Egret; Northern Pintail; Northern Shoveler; Oriental Darter; Osprey; Paddyfield Pipit; Painted Stork; Pallas's Gull; Pied Bushchat; Pied Kingfisher; Purple Heron; River Tern; Short-toed Snake-Eagle; Siberian Stonechat; Temminck's Stint; Tibetan Sand-Plover; Western Reef-Heron; Western Yellow Wagtail; White-throated Kingfisher; White Wagtail; Wood Sandpiper","n_species":66,"focal_species_seen":"","focal_species_slugs":"","has_focal":false,"GRID_CODE":null,"DISTRICT":null,"BLOCK":null},"geometry":{"type":"Point","coordinates":[69.9755592,21.4202626]}},{"type":"Feature","properties":{"GROUP.ID":"G13939597","LOCALITY":"Chhaya PBS,Porbandar, Gujarat, IN (21.626, 69.63)","LATITUDE":21.6258755,"LONGITUDE":69.6295616,"OBSERVATION.DATE":"2025-02-01","OBSERVER.ID":"obsr2265600","DURATION.MINUTES":153.0,"SAMPLING.EVENT.IDENTIFIER":"S211466983","species_list":"Asian Green Bee-eater; Asian Koel; Bank Swallow; Barn Swallow; Black-headed Ibis; Black-tailed Godwit; Black-winged Stilt; Brown-headed Gull; Common Pochard; Common Redshank; Common Ringed Plover; Common Sandpiper; Eurasian Coot; Eurasian Spoonbill; Gadwall; Garganey; Glossy Ibis; Greater Flamingo; Green-winged Teal; Kentish Plover; Lesser Flamingo; Little Cormorant; Little Egret; Little Grebe; Little Ringed Plover; Little Stint; Northern Pintail; Northern Shoveler; Osprey; Red-naped Ibis; Red-vented Bulbul; Red-wattled Lapwing; Rosy Starling; Ruff; Tufted Duck; Western Marsh Harrier; Western Reef-Heron; Western Yellow Wagtail; White-breasted Waterhen; White-browed Wagtail; White-throated Kingfisher; Wood Sandpiper; Yellow-wattled Lapwing","n_species":43,"focal_species_seen":"","focal_species_slugs":"","has_focal":false,"GRID_CODE":null,"DISTRICT":null,"BLOCK":null},"geometry":{"type":"Point","coordinates":[69.6295616,21.6258755]}},{"type":"Feature","properties":{"GROUP.ID":"G13934113","LOCALITY":"Ratanpar, Gujarat, IN (21.588, 69.681)","LATITUDE":21.5884953,"LONGITUDE":69.6814074,"OBSERVATION.DATE":"2025-02-01","OBSERVER.ID":"obsr561546","DURATION.MINUTES":284.0,"SAMPLING.EVENT.IDENTIFIER":"S211469195","species_list":"Ashy-crowned Sparrow-Lark; Ashy Prinia; Asian Green Bee-eater; Bank Myna; Barn Swallow; Bay-backed Shrike; Black-headed Gull; Black-headed Ibis; Black-necked Stork; Black-tailed Godwit; Black-winged Stilt; Black Drongo; Blyth's Reed Warbler; Brahminy Kite; Brown-headed Gull; Clamorous Reed Warbler; Common Babbler; Common Crane; Common Kingfisher; Common Pochard; Common Redshank; Common Sandpiper; Common Tailorbird; Common Tern; Dalmatian Pelican; Eastern Cattle-Egret; Eurasian Collared-Dove; Eurasian Coot; Eurasian Spoonbill; Eurasian Wigeon; Ferruginous Duck; Gadwall; Garganey; Glossy Ibis; Gray-headed Swamphen; Gray Francolin; Gray Heron; Gray Wagtail; Great Egret; Great White Pelican; Greater Flamingo; Greater Short-toed Lark; Green-winged Teal; Green Sandpiper; Gull-billed Tern; House Sparrow; Indian Cormorant; Indian Pond-Heron; Indian Silverbill; Indian Spot-billed Duck; Kentish Plover; Laughing Dove; Lesser Crested Tern; Lesser Flamingo; Little Cormorant; Little Egret; Little Grebe; Little Ringed Plover; Little Stint; Little Swift; Little Tern; Long-tailed Shrike; Mallard; Marsh Sandpiper; Montagu's Harrier; Northern Pintail; Northern Shoveler; Oriental Darter; Paddyfield Pipit; Painted Stork; Pallas's Gull; Pheasant-tailed Jacana; Pied Kingfisher; Plain Prinia; Purple Heron; Purple Sunbird; Red-naped Ibis; Red-necked Phalarope; Red-vented Bulbul; Red-wattled Lapwing; River Tern; Rosy Starling; Ruddy Shelduck; Ruff; Siberian Stonechat; Slender-billed Gull; Tufted Duck; Variable Wheatear; Western Marsh Harrier; Western Reef-Heron; Whiskered Tern; White-browed Wagtail; Wood Sandpiper; Yellow-wattled Lapwing","n_species":94,"focal_species_seen":"","focal_species_slugs":"","has_focal":false,"GRID_CODE":null,"DISTRICT":null,"BLOCK":null},"geometry":{"type":"Point","coordinates":[69.6814074,21.5884953]}},{"type":"Feature","properties":{"GROUP.ID":"G13933926","LOCALITY":"Shirodadhar 2","LATITUDE":21.6005536,"LONGITUDE":69.7132335,"OBSERVATION.DATE":"2025-02-01","OBSERVER.ID":"obsr4685914","DURATION.MINUTES":250.0,"SAMPLING.EVENT.IDENTIFIER":"S211470924","species_list":"Asian Green Bee-eater; Bay-backed Shrike; Black-headed Ibis; Black-tailed Godwit; Black-winged Stilt; Black Drongo; Brown-headed Gull; Caspian Tern; Collared Pratincole; Common Babbler; Common Crane; Common Kingfisher; Common Sandpiper; Common Snipe; Common Tern; Demoiselle Crane; Eastern Cattle-Egret; Eurasian Collared-Dove; Eurasian Coot; Eurasian Curlew; Eurasian Moorhen; Eurasian Spoonbill; Eurasian Wigeon; Gadwall; Garganey; Glossy Ibis; Gray-headed Swamphen; Gray Francolin; Gray Heron; Gray Wagtail; Graylag Goose; Great Egret; Great White Pelican; Greater Flamingo; Green-winged Teal; House Sparrow; Indian Cormorant; Indian Pond-Heron; Indian Spot-billed Duck; Isabelline Shrike; Kentish Plover; Laughing Dove; Lesser Black-backed Gull; Lesser Flamingo; Little Cormorant; Little Egret; Little Stint; Marsh Sandpiper; Medium Egret; Northern Pintail; Northern Shoveler; Oriental Darter; Paddyfield Pipit; Painted Stork; Pallas's Gull; Pied Avocet; Pied Kingfisher; Plain Prinia; Purple Heron; Red-vented Bulbul; Red-wattled Lapwing; River Tern; Sandwich Tern; Siberian Stonechat; Tawny Pipit; Western Marsh Harrier; Western Reef-Heron; Western Yellow Wagtail; Whiskered Tern; White-throated Kingfisher; White Wagtail; Wire-tailed Swallow; Wood Sandpiper","n_species":73,"focal_species_seen":"","focal_species_slugs":"","has_focal":false,"GRID_CODE":null,"DISTRICT":null,"BLOCK":null},"geometry":{"type":"Point","coordinates":[69.7132335,21.6005536]}},{"type":"Feature","properties":{"GROUP.ID":"G13934063","LOCALITY":"Rajvi Party Plot","LATITUDE":21.605267,"LONGITUDE":69.636296,"OBSERVATION.DATE":"2025-02-01","OBSERVER.ID":"obsr3529665","DURATION.MINUTES":60.0,"SAMPLING.EVENT.IDENTIFIER":"S211473387","species_list":"Ashy-crowned Sparrow-Lark; Ashy Prinia; Asian Green Bee-eater; Bank Swallow; Bay-backed Shrike; Black Drongo; Bluethroat; Clamorous Reed Warbler; Common Babbler; Common Myna; Common Tailorbird; Crested Lark; Desert Wheatear; Eastern Cattle-Egret; Eurasian Collared-Dove; Gray Heron; Great Egret; House Crow; Indian Pond-Heron; Indian Silverbill; Jungle Babbler; Little Cormorant; Long-tailed Shrike; Oriental Magpie-Robin; Paddyfield Pipit; Painted Stork; Purple Heron; Purple Sunbird; Red-naped Ibis; Rose-ringed Parakeet; Rosy Starling; Sand Lark; Shikra; Sykes's Warbler; Western Reef-Heron; Wire-tailed Swallow","n_species":36,"focal_species_seen":"","focal_species_slugs":"","has_focal":false,"GRID_CODE":null,"DISTRICT":null,"BLOCK":null},"geometry":{"type":"Point","coordinates":[69.636296,21.605267]}},{"type":"Feature","properties":{"GROUP.ID":"G13934087","LOCALITY":"Bardasagar I, Palkhada, Gujarat, IN (21.757, 69.54)","LATITUDE":21.7574804,"LONGITUDE":69.5403748,"OBSERVATION.DATE":"2025-02-01","OBSERVER.ID":"obsr834427","DURATION.MINUTES":211.0,"SAMPLING.EVENT.IDENTIFIER":"S211475212","species_list":"Ashy-crowned Sparrow-Lark; Ashy Prinia; Bank Swallow; Barn Swallow; Black-headed Gull; Black-winged Stilt; Black Drongo; Bluethroat; Brahminy Kite; Brown-headed Gull; Caspian Tern; Citrine Wagtail; Clamorous Reed Warbler; Common Babbler; Common Crane; Common Hoopoe; Common Kingfisher; Common Pochard; Common Sandpiper; Common Snipe; Cotton Pygmy-Goose; Crested Lark; Dalmatian Pelican; Demoiselle Crane; Eastern Cattle-Egret; Eastern Red-rumped Swallow; Eurasian Coot; Eurasian Moorhen; Eurasian Sparrowhawk; Eurasian Wigeon; Ferruginous Duck; Gadwall; Garganey; Glossy Ibis; Gray-headed Swamphen; Gray Heron; Great Cormorant; Great Crested Grebe; Great Egret; Great White Pelican; Greater Flamingo; Greater Short-toed Lark; Green-winged Teal; Green Sandpiper; Gull-billed Tern; Indian Cormorant; Indian Pond-Heron; Indian Robin; Indian Silverbill; Indian Spot-billed Duck; Isabelline Shrike; Jungle Babbler; Lesser Black-backed Gull; Little Cormorant; Little Egret; Little Grebe; Little Ringed Plover; Little Stint; Little Tern; Long-tailed Shrike; Northern Pintail; Northern Shoveler; Oriental Darter; Oriental Magpie-Robin; Paddyfield Pipit; Paddyfield Warbler; Painted Stork; Pallas's Gull; Pheasant-tailed Jacana; Pied Kingfisher; Purple Heron; Purple Sunbird; Red-vented Bulbul; Red-wattled Lapwing; Red Avadavat; Red Collared-Dove; River Tern; Rose-ringed Parakeet; Rosy Starling; Ruddy Shelduck; Siberian Stonechat; Temminck's Stint; Western Marsh Harrier; Western Reef-Heron; Western Yellow Wagtail; Whiskered Tern; White-browed Wagtail; White-throated Kingfisher; Wire-tailed Swallow; Wood Sandpiper","n_species":90,"focal_species_seen":"","focal_species_slugs":"","has_focal":false,"GRID_CODE":null,"DISTRICT":null,"BLOCK":null},"geometry":{"type":"Point","coordinates":[69.5403748,21.7574804]}},{"type":"Feature","properties":{"GROUP.ID":"G13939594","LOCALITY":"Javar Wetland","LATITUDE":21.6464474,"LONGITUDE":69.584932,"OBSERVATION.DATE":"2025-02-01","OBSERVER.ID":"obsr1476441","DURATION.MINUTES":158.0,"SAMPLING.EVENT.IDENTIFIER":"S211477581","species_list":"Ashy Prinia; Asian Green Bee-eater; Barn Swallow; Black-bellied Plover; Black-headed Gull; Black-headed Ibis; Black-tailed Godwit; Black-winged Stilt; Black Drongo; Brahminy Kite; Brown-headed Gull; Clamorous Reed Warbler; Common Myna; Common Redshank; Common Ringed Plover; Common Sandpiper; Common Snipe; Common Tailorbird; Dalmatian Pelican; Desert Wheatear; Eurasian Collared-Dove; Eurasian Moorhen; Eurasian Spoonbill; Glossy Ibis; Gray Francolin; Gray Heron; Great Egret; Great White Pelican; Greater Flamingo; Green Sandpiper; Gull-billed Tern; House Crow; Indian Cormorant; Indian Pond-Heron; Indian Spot-billed Duck; Kentish Plover; Large-billed Crow; Laughing Dove; Lesser Black-backed Gull; Lesser Flamingo; Lesser Whitethroat; Little Grebe; Little Ringed Plover; Little Stint; Marsh Sandpiper; Northern Pintail; Northern Shoveler; Oriental Magpie-Robin; Paddyfield Pipit; Painted Stork; Purple Sunbird; Red-naped Ibis; Red-vented Bulbul; Red-wattled Lapwing; Rose-ringed Parakeet; Rosy Starling; Shikra; Slender-billed Gull; Streak-throated Swallow; Temminck's Stint; Western Marsh Harrier; Western Reef-Heron; White-breasted Waterhen; White-throated Kingfisher; Wire-tailed Swallow; Wood Sandpiper; Yellow-wattled Lapwing","n_species":67,"focal_species_seen":"","focal_species_slugs":"","has_focal":false,"GRID_CODE":null,"DISTRICT":null,"BLOCK":null},"geometry":{"type":"Point","coordinates":[69.584932,21.6464474]}},{"type":"Feature","properties":{"GROUP.ID":"G13934375","LOCALITY":"Bardasagar 2, Porbandar, Gujarat, IN (21.761, 69.536)","LATITUDE":21.7605501,"LONGITUDE":69.5358717,"OBSERVATION.DATE":"2025-02-01","OBSERVER.ID":"obsr6488624","DURATION.MINUTES":174.0,"SAMPLING.EVENT.IDENTIFIER":"S211482374","species_list":"Ashy-crowned Sparrow-Lark; Asian Green Bee-eater; Barn Swallow; Baya Weaver; Black-headed Bunting; Black-headed Ibis; Black-tailed Godwit; Black-winged Kite; Black-winged Stilt; Black Drongo; Brahminy Kite; Caspian Tern; Citrine Wagtail; Common Babbler; Common Crane; Common Greenshank; Common Hoopoe; Common Kingfisher; Common Myna; Common Pochard; Common Rosefinch; Common Sandpiper; Common Snipe; Common Tailorbird; Common Tern; Cotton Pygmy-Goose; Crested Lark; Dalmatian Pelican; Desert Wheatear; Dusky Crag-Martin; Eurasian Collared-Dove; Eurasian Coot; Eurasian Moorhen; Eurasian Spoonbill; Gadwall; Garganey; Glossy Ibis; Gray-headed Swamphen; Gray Francolin; Gray Heron; Graylag Goose; Great Crested Grebe; Great Egret; Greater Coucal; Green-winged Teal; Green Sandpiper; Gull-billed Tern; House Crow; House Sparrow; Indian Spot-billed Duck; Isabelline Shrike; Jungle Babbler; Laughing Dove; Little Cormorant; Little Egret; Little Grebe; Little Stint; Long-tailed Shrike; Northern Pintail; Northern Shoveler; Oriental Darter; Paddyfield Pipit; Painted Stork; Pied Kingfisher; Purple Sunbird; Red-headed Bunting; Red-naped Ibis; Red-vented Bulbul; Red-wattled Lapwing; Red Collared-Dove; River Tern; Rosy Starling; Ruddy Shelduck; Rufous Treepie; Sand Lark; Siberian Stonechat; Temminck's Stint; Tufted Duck; Western Marsh Harrier; Western Yellow Wagtail; White-tailed Lapwing; White-throated Kingfisher; White Wagtail; Wire-tailed Swallow; Wood Sandpiper","n_species":85,"focal_species_seen":"","focal_species_slugs":"","has_focal":false,"GRID_CODE":null,"DISTRICT":null,"BLOCK":null},"geometry":{"type":"Point","coordinates":[69.5358717,21.7605501]}},{"type":"Feature","properties":{"GROUP.ID":"G13934570","LOCALITY":"Porbandar - KARLY Adityana Road, Porbandar, Gujarat, IN (21.649, 69.61)","LATITUDE":21.649225,"LONGITUDE":69.6097275,"OBSERVATION.DATE":"2025-02-01","OBSERVER.ID":"obsr6623657","DURATION.MINUTES":158.0,"SAMPLING.EVENT.IDENTIFIER":"S211486812","species_list":"Ashy-crowned Sparrow-Lark; Asian Green Bee-eater; Asian Koel; Barn Swallow; Black-headed Gull; Black-headed Ibis; Black-tailed Godwit; Black-winged Stilt; Brahminy Kite; Brown-headed Gull; Common Myna; Common Redshank; Common Sandpiper; Common Snipe; Coppersmith Barbet; Crested Lark; Dusky Crag-Martin; Eurasian Coot; Gadwall; Garganey; Gray-headed Swamphen; Gray Francolin; Gray Heron; Great Egret; Great White Pelican; Greater Flamingo; Green Sandpiper; Gull-billed Tern; House Crow; House Sparrow; Indian Pond-Heron; Indian Spot-billed Duck; Jungle Babbler; Kentish Plover; Laughing Dove; Lesser Flamingo; Little Cormorant; Long-tailed Shrike; Medium Egret; Montagu's Harrier; Northern Pintail; Northern Shoveler; Oriental Darter; Paddyfield Pipit; Painted Stork; Pied Kingfisher; Purple Heron; Purple Sunbird; Red-wattled Lapwing; Red Collared-Dove; Rose-ringed Parakeet; Rosy Starling; Ruff; Siberian Stonechat; Streak-throated Swallow; Western Marsh Harrier; Western Reef-Heron; White-browed Wagtail; White-throated Kingfisher; Wire-tailed Swallow","n_species":60,"focal_species_seen":"","focal_species_slugs":"","has_focal":false,"GRID_CODE":null,"DISTRICT":null,"BLOCK":null},"geometry":{"type":"Point","coordinates":[69.6097275,21.649225]}},{"type":"Feature","properties":{"GROUP.ID":"G13939593","LOCALITY":"Porbandar, Gujarat, IN (21.601, 69.716)SHIRODA","LATITUDE":21.6008473,"LONGITUDE":69.7162536,"OBSERVATION.DATE":"2025-02-01","OBSERVER.ID":"obsr4707712","DURATION.MINUTES":111.0,"SAMPLING.EVENT.IDENTIFIER":"S211488127","species_list":"Black-headed Gull; Black-winged Stilt; Brown Shrike; Common Kingfisher; Common Sandpiper; Crested Lark; Demoiselle Crane; Eastern Cattle-Egret; Eurasian Spoonbill; Eurasian Wigeon; Gadwall; Gray-headed Swamphen; Gray Heron; Gray Wagtail; Great Egret; Great White Pelican; Greater Flamingo; Indian Pond-Heron; Indian Spot-billed Duck; Lesser Black-backed Gull; Little Cormorant; Little Grebe; Northern Pintail; Northern Shoveler; Pacific Golden-Plover; Pallas's Gull; Pied Avocet; Red-wattled Lapwing; Ruddy Shelduck; Short-eared Owl; Siberian Stonechat","n_species":31,"focal_species_seen":"","focal_species_slugs":"","has_focal":false,"GRID_CODE":null,"DISTRICT":null,"BLOCK":null},"geometry":{"type":"Point","coordinates":[69.7162536,21.6008473]}},{"type":"Feature","properties":{"GROUP.ID":"G13939591","LOCALITY":"Mendha Creek Porbandar","LATITUDE":21.8478812,"LONGITUDE":69.3857277,"OBSERVATION.DATE":"2025-02-01","OBSERVER.ID":"obsr6628738","DURATION.MINUTES":212.0,"SAMPLING.EVENT.IDENTIFIER":"S211496146","species_list":"Ashy-crowned Sparrow-Lark; Asian Green Bee-eater; Asian Koel; Bank Myna; Bank Swallow; Bay-backed Shrike; Black-headed Gull; Black-headed Ibis; Black-tailed Godwit; Black-winged Kite; Black-winged Stilt; Black Drongo; Caspian Tern; Chestnut-tailed Starling; Clamorous Reed Warbler; Common Babbler; Common Crane; Common Hoopoe; Common Kingfisher; Common Sandpiper; Common Snipe; Dalmatian Pelican; Demoiselle Crane; Eastern Cattle-Egret; Eurasian Collared-Dove; Eurasian Coot; Eurasian Curlew; Eurasian Moorhen; Eurasian Spoonbill; Eurasian Wigeon; Gadwall; Gray-headed Swamphen; Gray Francolin; Gray Heron; Graylag Goose; Great Cormorant; Great Egret; Great White Pelican; Greater Coucal; Greater Flamingo; Greater Short-toed Lark; Green-winged Teal; Gull-billed Tern; House Sparrow; Indian Peafowl; Indian Pond-Heron; Indian Spot-billed Duck; Jungle Babbler; Kentish Plover; Laughing Dove; Lesser Flamingo; Little Cormorant; Little Egret; Little Grebe; Little Stint; Little Tern; Long-tailed Shrike; Marsh Sandpiper; Northern Pintail; Northern Shoveler; Oriental Darter; Painted Stork; Pallas's Gull; Pied Avocet; Pied Kingfisher; Purple Heron; Purple Sunbird; Red-naped Ibis; Red-vented Bulbul; Red-wattled Lapwing; River Tern; Rose-ringed Parakeet; Rosy Starling; Ruddy Turnstone; Ruff; Saunders's Tern; Siberian Stonechat; Slender-billed Gull; Temminck's Stint; Western Marsh Harrier; Western Reef-Heron; Western Yellow Wagtail; Whiskered Tern; White-breasted Waterhen; White-throated Kingfisher; Wire-tailed Swallow; Wood Sandpiper; Yellow-wattled Lapwing","n_species":88,"focal_species_seen":"","focal_species_slugs":"","has_focal":false,"GRID_CODE":null,"DISTRICT":null,"BLOCK":null},"geometry":{"type":"Point","coordinates":[69.3857277,21.8478812]}},{"type":"Feature","properties":{"GROUP.ID":"G13939590","LOCALITY":"Unnamed Road, Porbandar, Gujarat, IN (21.565, 69.753)","LATITUDE":21.564722,"LONGITUDE":69.7534832,"OBSERVATION.DATE":"2025-02-01","OBSERVER.ID":"obsr964211","DURATION.MINUTES":194.0,"SAMPLING.EVENT.IDENTIFIER":"S211497683","species_list":"Ashy-crowned Sparrow-Lark; Asian Green Bee-eater; Asian Koel; Barn Swallow; Bay-backed Shrike; Black-headed Gull; Black-tailed Godwit; Black-winged Stilt; Black Drongo; Caspian Tern; Common Babbler; Common Crane; Common Hoopoe; Common Kingfisher; Common Redshank; Common Sandpiper; Common Snipe; Cotton Pygmy-Goose; Crested Lark; Dalmatian Pelican; Demoiselle Crane; Dusky Crag-Martin; Eastern Cattle-Egret; Eurasian Collared-Dove; Eurasian Coot; Eurasian Spoonbill; Eurasian Wigeon; Gadwall; Garganey; Glossy Ibis; Gray-headed Swamphen; Gray Francolin; Gray Heron; Graylag Goose; Great Egret; Great White Pelican; Greater Coucal; Greater Flamingo; Greater Spotted Eagle; Green-winged Teal; House Crow; House Sparrow; Indian Peafowl; Indian Pond-Heron; Indian Robin; Indian Spot-billed Duck; Isabelline Shrike; Lesser Whistling-Duck; Little Cormorant; Little Egret; Little Ringed Plover; Little Stint; Long-tailed Shrike; Marsh Sandpiper; Medium Egret; Northern Pintail; Northern Shoveler; Osprey; Paddyfield Pipit; Paddyfield Warbler; Painted Stork; Pied Kingfisher; Purple Heron; Purple Sunbird; Red-naped Ibis; Red-vented Bulbul; Red-wattled Lapwing; River Tern; Ruddy Shelduck; Ruff; Siberian Stonechat; Small Pratincole; Tawny Lark; Western Marsh Harrier; Western Yellow Wagtail; Whiskered Tern; White-throated Kingfisher; Wire-tailed Swallow; Wood Sandpiper","n_species":79,"focal_species_seen":"","focal_species_slugs":"","has_focal":false,"GRID_CODE":null,"DISTRICT":null,"BLOCK":null},"geometry":{"type":"Point","coordinates":[69.7534832,21.564722]}},{"type":"Feature","properties":{"GROUP.ID":"G13940140","LOCALITY":"Mokarsagar Wetland Complex--General","LATITUDE":21.5782225,"LONGITUDE":69.747777,"OBSERVATION.DATE":"2025-02-01","OBSERVER.ID":"obsr604291","DURATION.MINUTES":257.0,"SAMPLING.EVENT.IDENTIFIER":"S211585530","species_list":"Ashy-crowned Sparrow-Lark; Asian Openbill; Black-headed Gull; Black-headed Ibis; Black-tailed Godwit; Black-winged Kite; Black-winged Stilt; Black Drongo; Bluethroat; Blyth's Reed Warbler; Brahminy Kite; Caspian Tern; Clamorous Reed Warbler; Common Babbler; Common Greenshank; Common Hoopoe; Common Kingfisher; Common Myna; Common Redshank; Common Sandpiper; Common Snipe; Crested Lark; Desert Wheatear; Dunlin; Eastern Cattle-Egret; Eurasian Coot; Eurasian Curlew; Eurasian Wigeon; Gadwall; Garganey; Glossy Ibis; Gray-headed Swamphen; Gray Francolin; Gray Heron; Great Cormorant; Great Egret; Green Sandpiper; Indian Cormorant; Indian Pond-Heron; Indian Silverbill; Indian Spot-billed Duck; Isabelline Shrike; Laughing Dove; Lesser Crested Tern; Little Cormorant; Little Egret; Little Ringed Plover; Little Stint; Long-tailed Shrike; Masked Booby; Medium Egret; Northern Pintail; Northern Shoveler; Oriental Darter; Oriental Magpie-Robin; Osprey; Pacific Golden-Plover; Peregrine Falcon; Pheasant-tailed Jacana; Pied Bushchat; Pied Kingfisher; Purple Heron; Purple Sunbird; Red-vented Bulbul; Red-wattled Lapwing; River Tern; Rose-ringed Parakeet; Rosy Starling; Ruff; Rufous-tailed Lark; Sand Lark; Sandwich Tern; Siberian Stonechat; Slender-billed Gull; Tibetan Sand-Plover; Western Marsh Harrier; Western Reef-Heron; Western Yellow Wagtail; Whiskered Tern; White-browed Wagtail; White-throated Kingfisher; Wood Sandpiper","n_species":82,"focal_species_seen":"","focal_species_slugs":"","has_focal":false,"GRID_CODE":null,"DISTRICT":null,"BLOCK":null},"geometry":{"type":"Point","coordinates":[69.747777,21.5782225]}},{"type":"Feature","properties":{"GROUP.ID":"G13941387","LOCALITY":"360560 Porbandar Road, Dharampur, Gujarat, IN (21.646, 69.67)","LATITUDE":21.6464795,"LONGITUDE":69.6697018,"OBSERVATION.DATE":"2025-02-02","OBSERVER.ID":"obsr700563","DURATION.MINUTES":118.0,"SAMPLING.EVENT.IDENTIFIER":"S211599282","species_list":"Ashy-crowned Sparrow-Lark; Ashy Prinia; Asian Koel; Asian Openbill; Bank Myna; Barn Swallow; Bay-backed Shrike; Black-crowned Night Heron; Black-tailed Godwit; Black-winged Kite; Black-winged Stilt; Black Drongo; Bluethroat; Bronze-winged Jacana; Clamorous Reed Warbler; Common Crane; Common Hoopoe; Common Kingfisher; Common Sandpiper; Common Snipe; Cotton Pygmy-Goose; Crested Lark; Eurasian Moorhen; Eurasian Spoonbill; Garganey; Glossy Ibis; Gray-headed Swamphen; Gray Francolin; Gray Heron; Great Egret; Greater Coucal; Green-winged Teal; Gull-billed Tern; House Crow; Indian Cormorant; Indian Pond-Heron; Indian Robin; Indian Spot-billed Duck; Jungle Babbler; Knob-billed Duck; Laughing Dove; Lesser Whistling-Duck; Little Cormorant; Little Grebe; Little Heron; Long-tailed Shrike; Medium Egret; Northern Pintail; Northern Shoveler; Paddyfield Pipit; Pheasant-tailed Jacana; Pied Kingfisher; Purple Heron; Purple Sunbird; Red-vented Bulbul; Red-wattled Lapwing; Rosy Starling; Shikra; Siberian Stonechat; Western Marsh Harrier; Whiskered Tern; White-breasted Waterhen; White-browed Wagtail; White-throated Kingfisher; Wire-tailed Swallow; Wood Sandpiper; Yellow-wattled Lapwing","n_species":67,"focal_species_seen":"","focal_species_slugs":"","has_focal":false,"GRID_CODE":null,"DISTRICT":null,"BLOCK":null},"geometry":{"type":"Point","coordinates":[69.6697018,21.6464795]}},{"type":"Feature","properties":{"GROUP.ID":"G13941623","LOCALITY":"SIRODA 1 ZONE 4","LATITUDE":21.5878972,"LONGITUDE":69.6805845,"OBSERVATION.DATE":"2025-02-02","OBSERVER.ID":"obsr413366","DURATION.MINUTES":196.0,"SAMPLING.EVENT.IDENTIFIER":"S211602700","species_list":"Ashy-crowned Sparrow-Lark; Asian Green Bee-eater; Asian Koel; Asian Openbill; Bank Myna; Bank Swallow; Barn Swallow; Bay-backed Shrike; Black-headed Gull; Black-headed Ibis; Black-tailed Godwit; Black-winged Stilt; Black Drongo; Bluethroat; Blyth's Reed Warbler; Brown-headed Gull; Caspian Tern; Citrine Wagtail; Clamorous Reed Warbler; Common Babbler; Common Crane; Common Greenshank; Common Kingfisher; Common Myna; Common Pochard; Common Redshank; Common Sandpiper; Common Snipe; Common Tailorbird; Crested Lark; Dalmatian Pelican; Demoiselle Crane; Eastern Cattle-Egret; Eurasian Collared-Dove; Eurasian Coot; Eurasian Moorhen; Eurasian Spoonbill; Eurasian Wigeon; Gadwall; Garganey; Glossy Ibis; Gray Francolin; Gray Heron; Great Cormorant; Great Egret; Great White Pelican; Greater Coucal; Greater Flamingo; Greater Short-toed Lark; Green-winged Teal; Green Sandpiper; Gull-billed Tern; House Sparrow; Indian Cormorant; Indian Peafowl; Indian Pond-Heron; Indian Robin; Indian Silverbill; Indian Spot-billed Duck; Kentish Plover; Large Gray Babbler; Laughing Dove; Lesser Black-backed Gull; Lesser Flamingo; Lesser Whistling-Duck; Little Egret; Little Grebe; Little Ringed Plover; Little Stint; Little Tern; Long-tailed Shrike; Marsh Sandpiper; Medium Egret; Northern Pintail; Northern Shoveler; Oriental Darter; Paddyfield Pipit; Painted Stork; Pallas's Gull; Pied Kingfisher; Purple Heron; Purple Sunbird; Red-headed Bunting; Red-naped Ibis; Red-vented Bulbul; Red-wattled Lapwing; Red Collared-Dove; River Tern; Rose-ringed Parakeet; Rosy Starling; Ruddy Shelduck; Rufous-tailed Lark; Siberian Stonechat; Slender-billed Gull; Small Pratincole; Streak-throated Swallow; Temminck's Stint; Western Marsh Harrier; Western Reef-Heron; Western Yellow Wagtail; Whiskered Tern; White-breasted Waterhen; White-eared Bulbul; White-throated Kingfisher; White Wagtail; Wire-tailed Swallow; Wood Sandpiper; Yellow-wattled Lapwing","n_species":108,"focal_species_seen":"","focal_species_slugs":"","has_focal":false,"GRID_CODE":null,"DISTRICT":null,"BLOCK":null},"geometry":{"type":"Point","coordinates":[69.6805845,21.5878972]}},{"type":"Feature","properties":{"GROUP.ID":"G13942064","LOCALITY":"Mendha Creek--Porbandar","LATITUDE":21.8767419,"LONGITUDE":69.4061708,"OBSERVATION.DATE":"2025-02-02","OBSERVER.ID":"obsr3529665","DURATION.MINUTES":191.0,"SAMPLING.EVENT.IDENTIFIER":"S211602964","species_list":"Asian Openbill; Barred Buttonquail; Bay-backed Shrike; Black-headed Gull; Black-tailed Godwit; Black-winged Stilt; Black Drongo; Citrine Wagtail; Common Crane; Common Myna; Common Pochard; Common Redshank; Common Snipe; Common Tern; Crested Lark; Dalmatian Pelican; Demoiselle Crane; Eurasian Collared-Dove; Eurasian Coot; Eurasian Moorhen; Eurasian Spoonbill; Eurasian Wigeon; Ferruginous Duck; Gadwall; Garganey; Gray-headed Swamphen; Gray Heron; Great Cormorant; Great Egret; Great White Pelican; Greater Flamingo; Greater Short-toed Lark; Green-winged Teal; Indian Cormorant; Indian Paradise-Flycatcher; Indian Robin; Indian Spot-billed Duck; Kentish Plover; Lesser Flamingo; Little Cormorant; Little Ringed Plover; Little Stint; Little Tern; Marsh Sandpiper; Northern Pintail; Northern Shoveler; Painted Stork; Pied Avocet; Pied Kingfisher; Purple Heron; Red-vented Bulbul; Red-wattled Lapwing; River Tern; Rosy Starling; Ruff; Temminck's Stint; Tibetan Sand-Plover; Western Marsh Harrier; Whiskered Tern; White Wagtail","n_species":60,"focal_species_seen":"","focal_species_slugs":"","has_focal":false,"GRID_CODE":null,"DISTRICT":null,"BLOCK":null},"geometry":{"type":"Point","coordinates":[69.4061708,21.8767419]}},{"type":"Feature","properties":{"GROUP.ID":"G13941649","LOCALITY":"Tankariya Mendha Creek Zone 15","LATITUDE":21.917875,"LONGITUDE":69.4415617,"OBSERVATION.DATE":"2025-02-01","OBSERVER.ID":"obsr759009","DURATION.MINUTES":183.0,"SAMPLING.EVENT.IDENTIFIER":"S211602993","species_list":"Ashy-crowned Sparrow-Lark; Asian Green Bee-eater; Asian Openbill; Barn Swallow; Bay-backed Shrike; Black-crowned Night Heron; Black-headed Gull; Black-headed Ibis; Black-tailed Godwit; Black-winged Kite; Black-winged Stilt; Black Drongo; Brown-headed Gull; Caspian Tern; Clamorous Reed Warbler; Common Babbler; Common Greenshank; Common Hoopoe; Common Kingfisher; Common Pochard; Common Redshank; Common Sandpiper; Crested Lark; Dalmatian Pelican; Demoiselle Crane; Eastern Cattle-Egret; Eastern Red-rumped Swallow; Eurasian Collared-Dove; Eurasian Coot; Eurasian Moorhen; Eurasian Spoonbill; Eurasian Wigeon; Garganey; Glossy Ibis; Gray-headed Swamphen; Gray Francolin; Gray Heron; Great Cormorant; Great Egret; Great White Pelican; Greater Flamingo; Greater Short-toed Lark; Green-winged Teal; Green Sandpiper; Gull-billed Tern; House Sparrow; Indian Cormorant; Indian Peafowl; Indian Pond-Heron; Indian Robin; Indian Silverbill; Indian Spot-billed Duck; Isabelline Shrike; Jungle Babbler; Kentish Plover; Laughing Dove; Lesser Black-backed Gull; Lesser Flamingo; Lesser Whistling-Duck; Little Cormorant; Little Egret; Little Grebe; Little Ringed Plover; Little Stint; Little Tern; Northern Pintail; Northern Shoveler; Oriental Darter; Paddyfield Pipit; Painted Stork; Pied Kingfisher; Purple Heron; Purple Sunbird; Red-naped Ibis; Red-vented Bulbul; Red-wattled Lapwing; River Tern; Rose-ringed Parakeet; Rosy Starling; Ruff; Sand Lark; Siberian Stonechat; Slender-billed Gull; Streak-throated Swallow; Tawny Lark; Temminck's Stint; Tibetan Sand-Plover; Western Marsh Harrier; Western Reef-Heron; Western Yellow Wagtail; Whiskered Tern; White-breasted Waterhen; White-browed Wagtail; White-throated Kingfisher; White Wagtail; Wire-tailed Swallow; Yellow-wattled Lapwing","n_species":97,"focal_species_seen":"","focal_species_slugs":"","has_focal":false,"GRID_CODE":null,"DISTRICT":null,"BLOCK":null},"geometry":{"type":"Point","coordinates":[69.4415617,21.917875]}},{"type":"Feature","properties":{"GROUP.ID":"G13941675","LOCALITY":"Kuchhadi","LATITUDE":21.6850687,"LONGITUDE":69.5564877,"OBSERVATION.DATE":"2025-02-02","OBSERVER.ID":"obsr2265600","DURATION.MINUTES":194.0,"SAMPLING.EVENT.IDENTIFIER":"S211603195","species_list":"Asian Green Bee-eater; Bank Myna; Barn Swallow; Black-tailed Godwit; Black-winged Stilt; Bluethroat; Caspian Tern; Citrine Wagtail; Clamorous Reed Warbler; Common Crane; Common Kingfisher; Common Myna; Common Pochard; Common Redshank; Dalmatian Pelican; Demoiselle Crane; Eastern Cattle-Egret; Eurasian Coot; Eurasian Spoonbill; Eurasian Wigeon; Gadwall; Garganey; Glossy Ibis; Gray-headed Swamphen; Gray Francolin; Gray Heron; Great Egret; Great White Pelican; Greater Flamingo; Greater Painted-Snipe; Green-winged Teal; Green Sandpiper; House Crow; House Sparrow; Indian Pond-Heron; Indian Spot-billed Duck; Indian Thick-knee; Kentish Plover; Knob-billed Duck; Lesser Flamingo; Little Cormorant; Little Egret; Little Grebe; Little Ringed Plover; Little Stint; Long-tailed Shrike; Medium Egret; Northern Pintail; Northern Shoveler; Paddyfield Pipit; Painted Stork; Pied Avocet; Pied Kingfisher; Purple Sunbird; Red-naped Ibis; Red-wattled Lapwing; River Tern; Rosy Starling; Ruddy Shelduck; Ruff; Shikra; Siberian Stonechat; Western Marsh Harrier; Western Reef-Heron; Western Yellow Wagtail; Whiskered Tern; White-breasted Waterhen; White-browed Wagtail; White-throated Kingfisher; Wood Sandpiper","n_species":70,"focal_species_seen":"","focal_species_slugs":"","has_focal":false,"GRID_CODE":null,"DISTRICT":null,"BLOCK":null},"geometry":{"type":"Point","coordinates":[69.5564877,21.6850687]}},{"type":"Feature","properties":{"GROUP.ID":"G13941918","LOCALITY":"Shiroda II","LATITUDE":21.6027178,"LONGITUDE":69.7054152,"OBSERVATION.DATE":"2025-02-02","OBSERVER.ID":"obsr6566537","DURATION.MINUTES":198.0,"SAMPLING.EVENT.IDENTIFIER":"S211605249","species_list":"Asian Green Bee-eater; Bar-tailed Godwit; Black-tailed Godwit; Black-winged Kite; Black-winged Stilt; Black Drongo; Brown-headed Gull; Caspian Tern; Citrine Wagtail; Common Kingfisher; Common Sandpiper; Crested Lark; Dalmatian Pelican; Eastern Cattle-Egret; Eurasian Coot; Eurasian Spoonbill; Eurasian Wigeon; Gadwall; Gray-headed Swamphen; Gray Heron; Graylag Goose; Great Egret; Great White Pelican; Greater Flamingo; House Sparrow; Indian Cormorant; Indian Nightjar; Indian Pond-Heron; Indian Spot-billed Duck; Isabelline Wheatear; Jungle Babbler; Laughing Dove; Lesser Black-backed Gull; Lesser Flamingo; Little Cormorant; Little Egret; Little Ringed Plover; Little Stint; Long-tailed Shrike; Northern Pintail; Paddyfield Pipit; Painted Stork; Pallas's Gull; Pied Kingfisher; Plain Prinia; Purple Heron; Red-wattled Lapwing; River Tern; Ruddy Shelduck; Siberian Stonechat; Tree Pipit; Western Marsh Harrier; Western Yellow Wagtail; White-breasted Waterhen; White-throated Kingfisher","n_species":55,"focal_species_seen":"","focal_species_slugs":"","has_focal":false,"GRID_CODE":null,"DISTRICT":null,"BLOCK":null},"geometry":{"type":"Point","coordinates":[69.7054152,21.6027178]}},{"type":"Feature","properties":{"GROUP.ID":"G13942063","LOCALITY":"Shiroda3","LATITUDE":21.6091217,"LONGITUDE":69.70259,"OBSERVATION.DATE":"2025-02-02","OBSERVER.ID":"obsr3005701","DURATION.MINUTES":77.0,"SAMPLING.EVENT.IDENTIFIER":"S211605782","species_list":"Ashy-crowned Sparrow-Lark; Black-headed Gull; Black-tailed Godwit; Black-winged Stilt; Black Drongo; Brown-headed Gull; Chestnut-bellied Sandgrouse; Collared Pratincole; Common Babbler; Common Greenshank; Common Kingfisher; Common Redshank; Common Sandpiper; Dalmatian Pelican; Desert Wheatear; Eastern Cattle-Egret; Eurasian Coot; Eurasian Wigeon; Gadwall; Garganey; Glossy Ibis; Gray-headed Swamphen; Gray Heron; Great Cormorant; Great Egret; Great White Pelican; Greater Flamingo; Greater Short-toed Lark; Green-winged Teal; Green Sandpiper; Indian Cormorant; Indian Pond-Heron; Indian Spot-billed Duck; Isabelline Shrike; Jungle Babbler; Laughing Dove; Lesser Flamingo; Little Cormorant; Little Egret; Long-tailed Shrike; Northern Pintail; Northern Shoveler; Osprey; Painted Stork; Pallas's Gull; Pied Kingfisher; Purple Heron; Purple Sunbird; Red-wattled Lapwing; River Tern; Rose-ringed Parakeet; Rosy Starling; Ruff; Sand Lark; Siberian Stonechat; Western Marsh Harrier; Western Reef-Heron; White-throated Kingfisher","n_species":58,"focal_species_seen":"","focal_species_slugs":"","has_focal":false,"GRID_CODE":null,"DISTRICT":null,"BLOCK":null},"geometry":{"type":"Point","coordinates":[69.70259,21.6091217]}},{"type":"Feature","properties":{"GROUP.ID":"G13942061","LOCALITY":"Bardasagar Dam--Part I","LATITUDE":21.7749131,"LONGITUDE":69.5422983,"OBSERVATION.DATE":"2025-02-02","OBSERVER.ID":"obsr1326084","DURATION.MINUTES":193.0,"SAMPLING.EVENT.IDENTIFIER":"S211605897","species_list":"Ashy-crowned Sparrow-Lark; Asian Green Bee-eater; Bay-backed Shrike; Baya Weaver; Black-tailed Godwit; Black-winged Stilt; Black Drongo; Bluethroat; Brown Shrike; Citrine Wagtail; Clamorous Reed Warbler; Common Babbler; Common Crane; Common Kingfisher; Common Pochard; Common Sandpiper; Cotton Pygmy-Goose; Crested Lark; Dalmatian Pelican; Demoiselle Crane; Dusky Crag-Martin; Eastern Cattle-Egret; Eurasian Collared-Dove; Eurasian Coot; Eurasian Moorhen; Eurasian Spoonbill; Eurasian Wigeon; Ferruginous Duck; Gadwall; Garganey; Glossy Ibis; Gray-headed Swamphen; Gray Francolin; Gray Heron; Great Egret; Great White Pelican; Greater Coucal; Greater Flamingo; Green-winged Teal; Green Sandpiper; Gull-billed Tern; House Crow; House Sparrow; Indian Pond-Heron; Indian Robin; Indian Spot-billed Duck; Isabelline Shrike; Kentish Plover; Laughing Dove; Lesser Black-backed Gull; Little Cormorant; Little Egret; Little Grebe; Little Ringed Plover; Little Stint; Long-tailed Shrike; Marsh Sandpiper; Medium Egret; Northern Pintail; Northern Shoveler; Oriental Darter; Paddyfield Pipit; Painted Stork; Pheasant-tailed Jacana; Purple Heron; Purple Sunbird; Red-wattled Lapwing; Red Avadavat; River Tern; Rosy Starling; Siberian Stonechat; Western Marsh Harrier; Western Yellow Wagtail; Whiskered Tern; White-throated Kingfisher; Wire-tailed Swallow; Wood Sandpiper","n_species":77,"focal_species_seen":"","focal_species_slugs":"","has_focal":false,"GRID_CODE":null,"DISTRICT":null,"BLOCK":null},"geometry":{"type":"Point","coordinates":[69.5422983,21.7749131]}},{"type":"Feature","properties":{"GROUP.ID":"G13942062","LOCALITY":"Kuchhadi","LATITUDE":21.6850687,"LONGITUDE":69.5564877,"OBSERVATION.DATE":"2025-02-01","OBSERVER.ID":"obsr1326084","DURATION.MINUTES":200.0,"SAMPLING.EVENT.IDENTIFIER":"S211605959","species_list":"Asian Woolly-necked Stork; Bay-backed Shrike; Black-headed Gull; Black-tailed Godwit; Black-winged Stilt; Black Drongo; Clamorous Reed Warbler; Common Greenshank; Common Kingfisher; Common Myna; Demoiselle Crane; Eurasian Collared-Dove; Eurasian Coot; Eurasian Wigeon; Gadwall; Garganey; Glossy Ibis; Gray-headed Swamphen; Gray Francolin; Gray Heron; Great Crested Grebe; Great Egret; Great White Pelican; Greater Flamingo; Greater Short-toed Lark; Green-winged Teal; House Sparrow; Indian Peafowl; Indian Pond-Heron; Indian Spot-billed Duck; Isabelline Shrike; Kentish Plover; Lesser Black-backed Gull; Lesser Whitethroat; Little Cormorant; Little Egret; Little Grebe; Little Stint; Marsh Sandpiper; Northern Pintail; Northern Shoveler; Oriental Darter; Paddyfield Pipit; Painted Stork; Pied Kingfisher; Red-naped Ibis; Red-vented Bulbul; Red-wattled Lapwing; River Tern; Rosy Starling; Sand Lark; Siberian Stonechat; Tawny Pipit; Temminck's Stint; Western Marsh Harrier; Western Reef-Heron; White-browed Wagtail; White-throated Kingfisher; Wire-tailed Swallow; Wood Sandpiper","n_species":60,"focal_species_seen":"","focal_species_slugs":"","has_focal":false,"GRID_CODE":null,"DISTRICT":null,"BLOCK":null},"geometry":{"type":"Point","coordinates":[69.5564877,21.6850687]}},{"type":"Feature","properties":{"GROUP.ID":"G13942060","LOCALITY":"Mokhar II","LATITUDE":21.5699623,"LONGITUDE":69.7594129,"OBSERVATION.DATE":"2025-02-02","OBSERVER.ID":"obsr701947","DURATION.MINUTES":192.0,"SAMPLING.EVENT.IDENTIFIER":"S211606768","species_list":"Ashy-crowned Sparrow-Lark; Asian Green Bee-eater; Barn Swallow; Bay-backed Shrike; Black-breasted Weaver; Black-headed Gull; Black-headed Ibis; Black-tailed Godwit; Black-winged Stilt; Black Drongo; Caspian Tern; Citrine Wagtail; Clamorous Reed Warbler; Common Babbler; Common Kingfisher; Common Pochard; Common Sandpiper; Common Snipe; Crested Lark; Dalmatian Pelican; Demoiselle Crane; Eurasian Collared-Dove; Eurasian Coot; Eurasian Moorhen; Eurasian Spoonbill; Eurasian Wigeon; Gadwall; Garganey; Glossy Ibis; Gray-headed Swamphen; Gray Francolin; Gray Heron; Graylag Goose; Great Egret; Great White Pelican; Greater Coucal; Greater Flamingo; Greater Short-toed Lark; Green-winged Teal; Green Sandpiper; Indian Pond-Heron; Indian Spot-billed Duck; Isabelline Shrike; Laughing Dove; Lesser Black-backed Gull; Lesser Flamingo; Little Cormorant; Little Egret; Little Grebe; Little Ringed Plover; Little Stint; Long-tailed Shrike; Marsh Sandpiper; Medium Egret; Northern Pintail; Northern Shoveler; Oriental Darter; Oriental Magpie-Robin; Paddyfield Pipit; Paddyfield Warbler; Painted Stork; Pheasant-tailed Jacana; Pied Kingfisher; Purple Heron; Purple Sunbird; Red-wattled Lapwing; River Tern; Rose-ringed Parakeet; Rosy Starling; Ruddy Shelduck; Siberian Stonechat; Streak-throated Swallow; Western Marsh Harrier; Western Reef-Heron; Western Yellow Wagtail; Whiskered Tern; White-eared Bulbul; White-throated Kingfisher; Wire-tailed Swallow; Wood Sandpiper","n_species":80,"focal_species_seen":"","focal_species_slugs":"","has_focal":false,"GRID_CODE":null,"DISTRICT":null,"BLOCK":null},"geometry":{"type":"Point","coordinates":[69.7594129,21.5699623]}},{"type":"Feature","properties":{"GROUP.ID":"G13941984","LOCALITY":"Javar & Saltworks","LATITUDE":21.6500116,"LONGITUDE":69.5800438,"OBSERVATION.DATE":"2025-02-02","OBSERVER.ID":"obsr4685914","DURATION.MINUTES":180.0,"SAMPLING.EVENT.IDENTIFIER":"S211606977","species_list":"Bar-tailed Godwit; Black-headed Gull; Black-headed Ibis; Black-tailed Godwit; Black-winged Stilt; Brown-headed Gull; Common Myna; Common Redshank; Common Sandpiper; Common Snipe; Dalmatian Pelican; Eastern Cattle-Egret; Eurasian Collared-Dove; Eurasian Coot; Eurasian Moorhen; Eurasian Spoonbill; Gray-headed Swamphen; Gray Francolin; Gray Heron; Great Egret; Greater Flamingo; Greater Painted-Snipe; Green-winged Teal; Green Sandpiper; House Crow; House Sparrow; Indian Pond-Heron; Indian Silverbill; Indian Spot-billed Duck; Lesser Flamingo; Little Cormorant; Little Grebe; Little Ringed Plover; Marsh Sandpiper; Northern Pintail; Northern Shoveler; Oriental Magpie-Robin; Painted Stork; Purple Heron; Purple Sunbird; Red-naped Ibis; Red-vented Bulbul; Red-wattled Lapwing; River Tern; Rosy Starling; Temminck's Stint; Western Marsh Harrier; Western Reef-Heron; White-breasted Waterhen; White-throated Kingfisher; Wire-tailed Swallow; Wood Sandpiper","n_species":52,"focal_species_seen":"","focal_species_slugs":"","has_focal":false,"GRID_CODE":null,"DISTRICT":null,"BLOCK":null},"geometry":{"type":"Point","coordinates":[69.5800438,21.6500116]}},{"type":"Feature","properties":{"GROUP.ID":"G13942169","LOCALITY":"Mendha Creek Porbandar 2","LATITUDE":21.8477066,"LONGITUDE":69.4488066,"OBSERVATION.DATE":"2025-02-02","OBSERVER.ID":"obsr6628738","DURATION.MINUTES":180.0,"SAMPLING.EVENT.IDENTIFIER":"S211607971","species_list":"Ashy-crowned Sparrow-Lark; Asian Koel; Baillon's Crake; Bank Swallow; Barn Swallow; Bay-backed Shrike; Baya Weaver; Black-tailed Godwit; Black-winged Stilt; Black Drongo; Brown Crake; Clamorous Reed Warbler; Common Babbler; Common Crane; Common Kingfisher; Common Myna; Common Pochard; Common Redshank; Common Sandpiper; Common Tailorbird; Crested Lark; Curlew Sandpiper; Dalmatian Pelican; Demoiselle Crane; Eurasian Collared-Dove; Eurasian Coot; Eurasian Curlew; Eurasian Moorhen; Eurasian Wigeon; Gadwall; Garganey; Gray-headed Swamphen; Gray Francolin; Gray Heron; Great Cormorant; Great Egret; Great White Pelican; Greater Coucal; Greater Flamingo; Greater Short-toed Lark; Green-winged Teal; Green Sandpiper; House Crow; House Sparrow; Indian Cormorant; Indian Peafowl; Indian Pond-Heron; Indian Robin; Indian Silverbill; Indian Spot-billed Duck; Indian Thick-knee; Isabelline Shrike; Kentish Plover; Laughing Dove; Lesser Black-backed Gull; Lesser Flamingo; Little Cormorant; Little Stint; Marsh Sandpiper; Northern Pintail; Northern Shoveler; Oriental Magpie-Robin; Paddyfield Pipit; Painted Stork; Pheasant-tailed Jacana; Pied Avocet; Pied Kingfisher; Purple Sunbird; Red-vented Bulbul; Red-wattled Lapwing; River Tern; Rosy Starling; Ruff; Siberian Stonechat; Slender-billed Gull; Western Marsh Harrier; Western Yellow Wagtail; White-breasted Waterhen; White-browed Wagtail; White-throated Kingfisher; Wire-tailed Swallow; Wood Sandpiper; Yellow-wattled Lapwing","n_species":83,"focal_species_seen":"","focal_species_slugs":"","has_focal":false,"GRID_CODE":null,"DISTRICT":null,"BLOCK":null},"geometry":{"type":"Point","coordinates":[69.4488066,21.8477066]}},{"type":"Feature","properties":{"GROUP.ID":"G13942151","LOCALITY":"Mendha Dwarka 1","LATITUDE":21.857132,"LONGITUDE":69.369315,"OBSERVATION.DATE":"2025-02-02","OBSERVER.ID":"obsr870757","DURATION.MINUTES":294.0,"SAMPLING.EVENT.IDENTIFIER":"S211608137","species_list":"Ashy-crowned Sparrow-Lark; Ashy Prinia; Asian Green Bee-eater; Barn Swallow; Bay-backed Shrike; Baya Weaver; Black-headed Ibis; Black-tailed Godwit; Black-winged Stilt; Black Drongo; Bluethroat; Brahminy Kite; Caspian Tern; Citrine Wagtail; Clamorous Reed Warbler; Common Babbler; Common Crane; Common Myna; Common Redshank; Common Sandpiper; Crested Lark; Dalmatian Pelican; Demoiselle Crane; Desert Wheatear; Eastern Cattle-Egret; Eurasian Collared-Dove; Eurasian Coot; Eurasian Spoonbill; Eurasian Wigeon; Gadwall; Glossy Ibis; Gray-headed Swamphen; Gray Francolin; Gray Heron; Great Cormorant; Great Egret; Great Thick-knee; Great White Pelican; Greater Flamingo; Greater Short-toed Lark; Green Sandpiper; House Crow; House Sparrow; Indian Cormorant; Indian Nightjar; Indian Peafowl; Indian Pond-Heron; Indian Robin; Indian Silverbill; Indian Spot-billed Duck; Isabelline Shrike; Kentish Plover; Knob-billed Duck; Large Gray Babbler; Laughing Dove; Lesser Black-backed Gull; Little Cormorant; Little Egret; Little Stint; Long-tailed Shrike; Marsh Sandpiper; Northern Pintail; Northern Shoveler; Oriental Darter; Paddyfield Warbler; Painted Stork; Pallas's Gull; Pied Avocet; Pied Kingfisher; Purple Heron; Purple Sunbird; Red-vented Bulbul; Red-wattled Lapwing; Red Collared-Dove; River Tern; Rock Bush-Quail; Rose-ringed Parakeet; Rosy Starling; Ruff; Shikra; Siberian Stonechat; Sykes's Warbler; Tibetan Sand-Plover; Western Marsh Harrier; Western Reef-Heron; Western Yellow Wagtail; Whiskered Tern; White-breasted Waterhen; White-throated Kingfisher; Wood Sandpiper","n_species":90,"focal_species_seen":"","focal_species_slugs":"","has_focal":false,"GRID_CODE":null,"DISTRICT":null,"BLOCK":null},"geometry":{"type":"Point","coordinates":[69.369315,21.857132]}},{"type":"Feature","properties":{"GROUP.ID":"G13942134","LOCALITY":"Mendha Coastal","LATITUDE":21.8233138,"LONGITUDE":69.3822884,"OBSERVATION.DATE":"2025-02-01","OBSERVER.ID":"obsr4697473","DURATION.MINUTES":201.0,"SAMPLING.EVENT.IDENTIFIER":"S211608588","species_list":"Bank Swallow; Bar-tailed Godwit; Black-bellied Plover; Black-headed Ibis; Black-tailed Godwit; Black-winged Stilt; Blyth's Reed Warbler; Broad-billed Sandpiper; Caspian Tern; Common Greenshank; Common Kingfisher; Common Myna; Common Redshank; Curlew Sandpiper; Dalmatian Pelican; Dunlin; Eurasian Curlew; Eurasian Oystercatcher; Eurasian Spoonbill; Gray Francolin; Gray Heron; Greater Coucal; Greater Sand-Plover; Gull-billed Tern; Indian Nightjar; Indian Peafowl; Indian Pond-Heron; Lesser Black-backed Gull; Little Stint; Little Tern; Medium Egret; Pacific Golden-Plover; Pallas's Gull; Purple Sunbird; Red-wattled Lapwing; Sanderling; Savanna Nightjar; Siberian Stonechat; Tibetan Sand-Plover; Western Reef-Heron; White-throated Kingfisher; Wood Sandpiper","n_species":42,"focal_species_seen":"","focal_species_slugs":"","has_focal":false,"GRID_CODE":null,"DISTRICT":null,"BLOCK":null},"geometry":{"type":"Point","coordinates":[69.3822884,21.8233138]}},{"type":"Feature","properties":{"GROUP.ID":"G13942152","LOCALITY":"Rajvi Party Plot","LATITUDE":21.6051158,"LONGITUDE":69.6365921,"OBSERVATION.DATE":"2025-02-02","OBSERVER.ID":"obsr4697473","DURATION.MINUTES":168.0,"SAMPLING.EVENT.IDENTIFIER":"S211609041","species_list":"Ashy-crowned Sparrow-Lark; Asian Green Bee-eater; Bank Myna; Bank Swallow; Barn Swallow; Black-headed Gull; Black-headed Ibis; Black-tailed Godwit; Black-winged Stilt; Black Drongo; Bluethroat; Brown-headed Gull; Clamorous Reed Warbler; Common Myna; Common Redshank; Common Sandpiper; Common Tailorbird; Desert Wheatear; Eurasian Collared-Dove; Garganey; Glossy Ibis; Gray Francolin; Gray Heron; Great Cormorant; Great Thick-knee; Greater Coucal; Greater Flamingo; Greater Sand-Plover; Green-winged Teal; Green Warbler; House Sparrow; Hume's Warbler; Indian Paradise-Flycatcher; Indian Pond-Heron; Indian Robin; Indian Spot-billed Duck; Isabelline Shrike; Jungle Babbler; Kentish Plover; Little Grebe; Little Stint; Marsh Sandpiper; Northern Pintail; Northern Shoveler; Pacific Golden-Plover; Paddyfield Pipit; Painted Stork; Purple Heron; Purple Sunbird; Red-vented Bulbul; Red-wattled Lapwing; River Tern; Rose-ringed Parakeet; Rosy Starling; Ruff; Siberian Stonechat; Slender-billed Gull; Tawny Pipit; Temminck's Stint; Tibetan Sand-Plover; Tickell's Blue Flycatcher; Western Marsh Harrier; Western Reef-Heron; Western Yellow Wagtail; White-throated Kingfisher; Wire-tailed Swallow; Wood Sandpiper; Yellow-wattled Lapwing","n_species":68,"focal_species_seen":"","focal_species_slugs":"","has_focal":false,"GRID_CODE":null,"DISTRICT":null,"BLOCK":null},"geometry":{"type":"Point","coordinates":[69.6365921,21.6051158]}},{"type":"Feature","properties":{"GROUP.ID":"G13952054","LOCALITY":"temple to lushala","LATITUDE":21.565705,"LONGITUDE":69.758014,"OBSERVATION.DATE":"2025-02-01","OBSERVER.ID":"obsr870757","DURATION.MINUTES":242.0,"SAMPLING.EVENT.IDENTIFIER":"S211609157","species_list":"Ashy-crowned Sparrow-Lark; Asian Green Bee-eater; Barn Swallow; Bay-backed Shrike; Black-crowned Night Heron; Black-headed Gull; Black-headed Ibis; Black-tailed Godwit; Black-winged Kite; Black-winged Stilt; Black Drongo; Blyth's Reed Warbler; Brown Shrike; Caspian Tern; Citrine Wagtail; Clamorous Reed Warbler; Collared Pratincole; Common Babbler; Common Crane; Common Greenshank; Common Kingfisher; Common Myna; Common Pochard; Common Redshank; Common Sandpiper; Common Snipe; Cotton Pygmy-Goose; Crested Lark; Dalmatian Pelican; Demoiselle Crane; Desert Wheatear; Dunlin; Eastern Red-rumped Swallow; Eurasian Coot; Eurasian Moorhen; Eurasian Spoonbill; Eurasian Wigeon; Gadwall; Garganey; Glossy Ibis; Gray Heron; Graylag Goose; Great Cormorant; Great Egret; Great White Pelican; Greater Flamingo; Greater Short-toed Lark; Green-winged Teal; Gull-billed Tern; House Crow; House Sparrow; Indian Pond-Heron; Indian Robin; Indian Roller; Indian Silverbill; Indian Spot-billed Duck; Isabelline Shrike; Kentish Plover; Laughing Dove; Lesser Black-backed Gull; Lesser Flamingo; Little Cormorant; Little Egret; Little Grebe; Little Ringed Plover; Long-tailed Shrike; Marsh Sandpiper; Medium Egret; Montagu's Harrier; Northern Pintail; Northern Shoveler; Oriental Darter; Painted Stork; Pallas's Gull; Pallid Harrier; Pheasant-tailed Jacana; Purple Sunbird; Red-vented Bulbul; Red-wattled Lapwing; River Tern; Rosy Starling; Ruddy Shelduck; Ruff; Sand Lark; Siberian Stonechat; Slender-billed Gull; Tawny Pipit; Tibetan Sand-Plover; Western Marsh Harrier; Western Reef-Heron; Western Yellow Wagtail; Whiskered Tern; White-eared Bulbul; White-throated Kingfisher; Wire-tailed Swallow; Wood Sandpiper","n_species":96,"focal_species_seen":"","focal_species_slugs":"","has_focal":false,"GRID_CODE":null,"DISTRICT":null,"BLOCK":null},"geometry":{"type":"Point","coordinates":[69.758014,21.565705]}},{"type":"Feature","properties":{"GROUP.ID":"G13952053","LOCALITY":"Temple To Lusada, Porbandar, Gujarat, IN (21.567, 69.757)","LATITUDE":21.5672294,"LONGITUDE":69.7568157,"OBSERVATION.DATE":"2025-02-02","OBSERVER.ID":"obsr2033591","DURATION.MINUTES":237.0,"SAMPLING.EVENT.IDENTIFIER":"S211610027","species_list":"Ashy-crowned Sparrow-Lark; Asian Green Bee-eater; Asian Koel; Bay-backed Shrike; Black-headed Gull; Black-headed Ibis; Black-tailed Godwit; Black-winged Kite; Black-winged Stilt; Black Drongo; Blyth's Reed Warbler; Caspian Tern; Clamorous Reed Warbler; Common Babbler; Common Greenshank; Common Hoopoe; Common Kingfisher; Common Pochard; Common Sandpiper; Common Snipe; Cotton Pygmy-Goose; Dalmatian Pelican; Demoiselle Crane; Desert Wheatear; Eastern Cattle-Egret; Eurasian Collared-Dove; Eurasian Coot; Eurasian Moorhen; Eurasian Spoonbill; Eurasian Wigeon; Gadwall; Garganey; Glossy Ibis; Gray-headed Swamphen; Gray Heron; Graylag Goose; Great Egret; Great White Pelican; Greater Coucal; Greater Flamingo; Greater Short-toed Lark; Green-winged Teal; Green Sandpiper; Gull-billed Tern; Indian Cormorant; Indian Pond-Heron; Indian Spot-billed Duck; Isabelline Shrike; Knob-billed Duck; Laughing Dove; Lesser Black-backed Gull; Lesser Flamingo; Little Cormorant; Little Egret; Little Grebe; Little Ringed Plover; Little Stint; Little Tern; Long-tailed Shrike; Marsh Sandpiper; Northern Pintail; Northern Shoveler; Oriental Darter; Pacific Golden-Plover; Paddyfield Pipit; Painted Stork; Peregrine Falcon; Pheasant-tailed Jacana; Pied Kingfisher; Purple Heron; Purple Sunbird; Red-vented Bulbul; Red-wattled Lapwing; River Tern; Ruddy Shelduck; Ruff; Sand Lark; Siberian Stonechat; Slender-billed Gull; Temminck's Stint; Tibetan Sand-Plover; Western Marsh Harrier; Western Reef-Heron; Whiskered Tern; White-eared Bulbul; White-throated Kingfisher; Wire-tailed Swallow; Wood Sandpiper","n_species":88,"focal_species_seen":"","focal_species_slugs":"","has_focal":false,"GRID_CODE":null,"DISTRICT":null,"BLOCK":null},"geometry":{"type":"Point","coordinates":[69.7568157,21.5672294]}},{"type":"Feature","properties":{"GROUP.ID":"G13942243","LOCALITY":"Amipur Dam, Bagasra-Ghed, Gujarat, IN (21.387, 69.964)","LATITUDE":21.3871522,"LONGITUDE":69.9644884,"OBSERVATION.DATE":"2025-02-02","OBSERVER.ID":"obsr834427","DURATION.MINUTES":175.0,"SAMPLING.EVENT.IDENTIFIER":"S211610843","species_list":"Ashy-crowned Sparrow-Lark; Ashy Prinia; Asian Green Bee-eater; Asian Openbill; Bay-backed Shrike; Black-headed Gull; Black-headed Ibis; Black-tailed Godwit; Black-winged Stilt; Black Drongo; Bluethroat; Brahminy Starling; Brown-headed Gull; Clamorous Reed Warbler; Common Babbler; Common Greenshank; Common Hoopoe; Common Kingfisher; Common Myna; Common Pochard; Common Redshank; Common Sandpiper; Common Snipe; Crested Lark; Dalmatian Pelican; Demoiselle Crane; Eastern Cattle-Egret; Eurasian Collared-Dove; Eurasian Coot; Eurasian Moorhen; Eurasian Spoonbill; Eurasian Wigeon; Gadwall; Garganey; Glossy Ibis; Gray-headed Swamphen; Gray Francolin; Gray Heron; Gray Wagtail; Graylag Goose; Great Crested Grebe; Great Egret; Great White Pelican; Greater Coucal; Greater Short-toed Lark; Green-winged Teal; Green Sandpiper; Gull-billed Tern; Indian Cormorant; Indian Peafowl; Indian Pond-Heron; Indian Silverbill; Indian Spot-billed Duck; Isabelline Shrike; Kentish Plover; Knob-billed Duck; Laughing Dove; Lesser Whitethroat; Little Cormorant; Little Egret; Little Grebe; Little Ringed Plover; Little Stint; Little Tern; Long-billed Pipit; Long-tailed Shrike; Marsh Sandpiper; Medium Egret; Northern Pintail; Northern Shoveler; Oriental Darter; Paddyfield Pipit; Paddyfield Warbler; Painted Stork; Pallas's Gull; Pheasant-tailed Jacana; Pied Bushchat; Pied Kingfisher; Purple Heron; Purple Sunbird; Red-naped Ibis; Red-vented Bulbul; Red-wattled Lapwing; Red Collared-Dove; River Tern; Rose-ringed Parakeet; Ruff; Siberian Stonechat; Slender-billed Gull; Tawny Pipit; Temminck's Stint; Tufted Duck; Western Marsh Harrier; Western Reef-Heron; Western Yellow Wagtail; Whiskered Tern; White-breasted Waterhen; White-eared Bulbul; White-throated Kingfisher; White Wagtail; Wire-tailed Swallow; Wood Sandpiper; Zitting Cisticola","n_species":103,"focal_species_seen":"","focal_species_slugs":"","has_focal":false,"GRID_CODE":null,"DISTRICT":null,"BLOCK":null},"geometry":{"type":"Point","coordinates":[69.9644884,21.3871522]}},{"type":"Feature","properties":{"GROUP.ID":"G13942244","LOCALITY":"Navi Bandar, Gujarat, IN (21.447, 69.789)","LATITUDE":21.4468898,"LONGITUDE":69.7893595,"OBSERVATION.DATE":"2025-02-02","OBSERVER.ID":"obsr834427","DURATION.MINUTES":21.0,"SAMPLING.EVENT.IDENTIFIER":"S211610860","species_list":"Asian Green Bee-eater; Black-headed Gull; Brown-headed Gull; Caspian Tern; Common Greenshank; Common Redshank; Dalmatian Pelican; Gray Heron; Great Cormorant; Great Egret; Gull-billed Tern; Kentish Plover; Lesser Black-backed Gull; Little Cormorant; Little Egret; Little Tern; Medium Egret; Osprey; Pallas's Gull; Sanderling; Slender-billed Gull; Tibetan Sand-Plover; Western Reef-Heron","n_species":23,"focal_species_seen":"","focal_species_slugs":"","has_focal":false,"GRID_CODE":null,"DISTRICT":null,"BLOCK":null},"geometry":{"type":"Point","coordinates":[69.7893595,21.4468898]}},{"type":"Feature","properties":{"GROUP.ID":"G13945691","LOCALITY":"Mendha Coastal South","LATITUDE":21.8426163,"LONGITUDE":69.3812354,"OBSERVATION.DATE":"2025-02-02","OBSERVER.ID":"obsr688160","DURATION.MINUTES":221.0,"SAMPLING.EVENT.IDENTIFIER":"S211626725","species_list":"Ashy-crowned Sparrow-Lark; Asian Green Bee-eater; Bar-tailed Godwit; Black-bellied Plover; Black-headed Gull; Black-headed Ibis; Black-tailed Godwit; Black Drongo; Brown-headed Gull; Caspian Tern; Clamorous Reed Warbler; Common Babbler; Common Greenshank; Common Redshank; Common Sandpiper; Crab-Plover; Curlew Sandpiper; Demoiselle Crane; Dunlin; Dusky Crag-Martin; Eurasian Curlew; Eurasian Oystercatcher; Eurasian Spoonbill; Gray Heron; Great Crested Grebe; Great Egret; Great Thick-knee; Great White Pelican; Greater Flamingo; Gull-billed Tern; House Sparrow; Indian Peafowl; Indian Robin; Jungle Babbler; Lesser Black-backed Gull; Lesser Crested Tern; Little Cormorant; Little Egret; Little Ringed Plover; Little Stint; Little Tern; Northern Pintail; Oriental Honey-buzzard; Oriental Magpie-Robin; Pacific Golden-Plover; Painted Stork; Pallas's Gull; Pied Kingfisher; Purple Sunbird; Red-vented Bulbul; Red-wattled Lapwing; Rose-ringed Parakeet; Rosy Starling; Sandwich Tern; Siberian Stonechat; Slender-billed Gull; Streak-throated Swallow; Tibetan Sand-Plover; Western Reef-Heron; White-throated Kingfisher; Wire-tailed Swallow","n_species":61,"focal_species_seen":"","focal_species_slugs":"","has_focal":false,"GRID_CODE":null,"DISTRICT":null,"BLOCK":null},"geometry":{"type":"Point","coordinates":[69.3812354,21.8426163]}},{"type":"Feature","properties":{"GROUP.ID":"G13945690","LOCALITY":"Mendha Coastal North","LATITUDE":21.8463319,"LONGITUDE":69.3669472,"OBSERVATION.DATE":"2025-02-02","OBSERVER.ID":"obsr688160","DURATION.MINUTES":72.0,"SAMPLING.EVENT.IDENTIFIER":"S211626827","species_list":"Asian Green Bee-eater; Black-headed Gull; Black-headed Ibis; Black-winged Stilt; Black Drongo; Clamorous Reed Warbler; Common Babbler; Common Myna; Common Tailorbird; Desert Wheatear; Eastern Cattle-Egret; Gray Heron; Gull-billed Tern; House Sparrow; Indian Paradise-Flycatcher; Indian Pond-Heron; Lesser Black-backed Gull; Little Cormorant; Paddyfield Pipit; Pied Kingfisher; Purple Sunbird; Streak-throated Swallow; Wire-tailed Swallow","n_species":23,"focal_species_seen":"","focal_species_slugs":"","has_focal":false,"GRID_CODE":null,"DISTRICT":null,"BLOCK":null},"geometry":{"type":"Point","coordinates":[69.3669472,21.8463319]}},{"type":"Feature","properties":{"GROUP.ID":"G13951685","LOCALITY":"Mokarsagar Wetland Complex--Karli","LATITUDE":21.6308219,"LONGITUDE":69.6494794,"OBSERVATION.DATE":"2025-02-02","OBSERVER.ID":"obsr1476441","DURATION.MINUTES":215.0,"SAMPLING.EVENT.IDENTIFIER":"S211655723","species_list":"Ashy-crowned Sparrow-Lark; Asian Green Bee-eater; Asian Koel; Bank Myna; Barn Swallow; Black-headed Gull; Black-headed Ibis; Black-tailed Godwit; Black-winged Stilt; Black Drongo; Blyth's Reed Warbler; Booted Eagle; Clamorous Reed Warbler; Common Chiffchaff; Common Redshank; Common Sandpiper; Common Snipe; Demoiselle Crane; Desert Wheatear; Dusky Crag-Martin; Eurasian Collared-Dove; Eurasian Coot; Eurasian Spoonbill; Eurasian Wigeon; Garganey; Glossy Ibis; Gray-headed Swamphen; Gray Francolin; Gray Heron; Great Egret; Great White Pelican; Greater Flamingo; Green-winged Teal; Green Warbler; Gull-billed Tern; House Crow; House Sparrow; Indian Cormorant; Indian Pond-Heron; Indian Robin; Indian Silverbill; Indian Spot-billed Duck; Isabelline Shrike; Kentish Plover; Laughing Dove; Lesser Black-backed Gull; Lesser Flamingo; Little Cormorant; Little Stint; Little Swift; Little Tern; Long-tailed Shrike; Marsh Sandpiper; Medium Egret; Northern Pintail; Northern Shoveler; Oriental Darter; Oriental Magpie-Robin; Pallas's Gull; Pied Kingfisher; Purple Heron; Purple Sunbird; Red-wattled Lapwing; River Tern; Rose-ringed Parakeet; Rosy Starling; Ruddy Shelduck; Ruff; Sand Lark; Slender-billed Gull; Streak-throated Swallow; Western Marsh Harrier; Whiskered Tern; White-browed Wagtail; White-throated Kingfisher; Wire-tailed Swallow; Wood Sandpiper","n_species":77,"focal_species_seen":"","focal_species_slugs":"","has_focal":false,"GRID_CODE":null,"DISTRICT":null,"BLOCK":null},"geometry":{"type":"Point","coordinates":[69.6494794,21.6308219]}},{"type":"Feature","properties":{"GROUP.ID":"G13954033","LOCALITY":"Mokarsagar--Gosabara Coast","LATITUDE":21.5360845,"LONGITUDE":69.7114921,"OBSERVATION.DATE":"2025-02-02","OBSERVER.ID":"obsr4319130","DURATION.MINUTES":183.0,"SAMPLING.EVENT.IDENTIFIER":"S211791518","species_list":"Ashy-crowned Sparrow-Lark; Asian Green Bee-eater; Baillon's Crake; Bay-backed Shrike; Black-bellied Plover; Black-headed Ibis; Black-tailed Godwit; Black-winged Stilt; Black Drongo; Bluethroat; Booted Warbler; Brahminy Kite; Brahminy Starling; Caspian Tern; Clamorous Reed Warbler; Common Babbler; Common Chiffchaff; Common Hoopoe; Common Kingfisher; Common Myna; Common Redshank; Common Sandpiper; Common Snipe; Common Tailorbird; Common Tern; Crested Lark; Dalmatian Pelican; Desert Wheatear; Eastern Cattle-Egret; Eastern Orphean Warbler; Eastern Red-rumped Swallow; Eurasian Collared-Dove; Eurasian Moorhen; Eurasian Spoonbill; Eurasian Wryneck; Garganey; Glossy Ibis; Gray Francolin; Gray Heron; Great Egret; Great Thick-knee; Greater Flamingo; Greater Painted-Snipe; Green-winged Teal; Green Sandpiper; Gull-billed Tern; House Crow; House Sparrow; Hume's Warbler; Indian Cormorant; Indian Pond-Heron; Indian Robin; Indian Silverbill; Indian Spot-billed Duck; Isabelline Shrike; Isabelline Wheatear; Kentish Plover; Lesser Black-backed Gull; Lesser Crested Tern; Lesser Flamingo; Lesser Whitethroat; Little Cormorant; Little Grebe; Little Stint; Long-billed Pipit; Long-tailed Shrike; Marsh Sandpiper; Masked Booby; Northern Pintail; Northern Shoveler; Pacific Golden-Plover; Paddyfield Pipit; Paddyfield Warbler; Painted Stork; Pallas's Gull; Peregrine Falcon; Pied Kingfisher; Plain Prinia; Purple Heron; Purple Sunbird; Red-naped Ibis; Red-vented Bulbul; Red-wattled Lapwing; River Tern; Rose-ringed Parakeet; Rosy Starling; Rufous-tailed Lark; Sandwich Tern; Scaly-breasted Munia; Shikra; Short-toed Snake-Eagle; Siberian Stonechat; Streak-throated Swallow; Temminck's Stint; Tibetan Sand-Plover; Tree Pipit; Western Marsh Harrier; Western Reef-Heron; Western Yellow Wagtail; Whiskered Tern; White-breasted Waterhen; White-browed Wagtail; White-eared Bulbul; White-throated Kingfisher; White Wagtail; Wire-tailed Swallow; Wood Sandpiper; Yellow-wattled Lapwing","n_species":108,"focal_species_seen":"","focal_species_slugs":"","has_focal":false,"GRID_CODE":null,"DISTRICT":null,"BLOCK":null},"geometry":{"type":"Point","coordinates":[69.7114921,21.5360845]}},{"type":"Feature","properties":{"GROUP.ID":"G13953390","LOCALITY":"Porbandar Bird Sanctuary","LATITUDE":21.6372994,"LONGITUDE":69.6182156,"OBSERVATION.DATE":"2025-02-01","OBSERVER.ID":"obsr4319130","DURATION.MINUTES":33.0,"SAMPLING.EVENT.IDENTIFIER":"S211792632","species_list":"Ashy Drongo; Barn Swallow; Black-winged Stilt; Black Drongo; Brown-headed Gull; Common Crane; Common Redshank; Common Sandpiper; Common Snipe; Common Tailorbird; Demoiselle Crane; Eurasian Coot; Garganey; Gray-headed Swamphen; Gray Heron; Gray Wagtail; Great Egret; Green Sandpiper; Indian Pond-Heron; Indian Spot-billed Duck; Jungle Babbler; Little Cormorant; Little Grebe; Little Stint; Purple Sunbird; Red-wattled Lapwing; Rose-ringed Parakeet; Ruff; Western Reef-Heron; Whiskered Tern; Wood Sandpiper","n_species":31,"focal_species_seen":"","focal_species_slugs":"","has_focal":false,"GRID_CODE":null,"DISTRICT":null,"BLOCK":null},"geometry":{"type":"Point","coordinates":[69.6182156,21.6372994]}},{"type":"Feature","properties":{"GROUP.ID":"G14442464","LOCALITY":"Ahmedabad, Gujarat, IN (23.047, 72.49)","LATITUDE":23.0467683,"LONGITUDE":72.4904931,"OBSERVATION.DATE":"2025-01-24","OBSERVER.ID":"obsr4672844","DURATION.MINUTES":17.0,"SAMPLING.EVENT.IDENTIFIER":"S213112971","species_list":"Ashy Prinia; Asian Green Bee-eater; Black Kite; Common Myna; Dusky Crag-Martin; Eurasian Collared-Dove; Greenish Warbler; House Crow; House Sparrow; Indian Robin; Jungle Babbler; Oriental Magpie-Robin; Purple-rumped Sunbird; Purple Sunbird; Red-vented Bulbul; White-browed Fantail; White-eared Bulbul","n_species":17,"focal_species_seen":"","focal_species_slugs":"","has_focal":false,"GRID_CODE":null,"DISTRICT":null,"BLOCK":null},"geometry":{"type":"Point","coordinates":[72.4904931,23.0467683]}},{"type":"Feature","properties":{"GROUP.ID":"G14442463","LOCALITY":"Ahmedabad, Gujarat, IN (23.044, 72.49)","LATITUDE":23.0444995,"LONGITUDE":72.4904828,"OBSERVATION.DATE":"2025-01-24","OBSERVER.ID":"obsr4672844","DURATION.MINUTES":16.0,"SAMPLING.EVENT.IDENTIFIER":"S213113086","species_list":"Common Myna; Eastern Cattle-Egret; Eurasian Collared-Dove; House Sparrow; Indian Robin; Indian Thick-knee; Indian White-eye; Oriental Magpie-Robin; Purple Sunbird; Red-vented Bulbul; Red-wattled Lapwing; Rose-ringed Parakeet; Rosy Starling; White-browed Fantail; White-eared Bulbul","n_species":15,"focal_species_seen":"","focal_species_slugs":"","has_focal":false,"GRID_CODE":null,"DISTRICT":null,"BLOCK":null},"geometry":{"type":"Point","coordinates":[72.4904828,23.0444995]}},{"type":"Feature","properties":{"GROUP.ID":"G14142032","LOCALITY":"Paroya, Gujarat, IN (24.017, 72.969)","LATITUDE":24.01658,"LONGITUDE":72.9685033,"OBSERVATION.DATE":"2025-03-01","OBSERVER.ID":"obsr700563","DURATION.MINUTES":74.0,"SAMPLING.EVENT.IDENTIFIER":"S215970581","species_list":"Asian Openbill; Bar-headed Goose; Barn Swallow; Black-tailed Godwit; Black-winged Stilt; Black Drongo; Common Hoopoe; Eastern Cattle-Egret; Eurasian Spoonbill; Glossy Ibis; Gray Heron; Gray Wagtail; Great Egret; Indian Spot-billed Duck; Knob-billed Duck; Little Cormorant; Little Ringed Plover; Northern Shoveler; Painted Stork; Pied Kingfisher; Red-wattled Lapwing; River Tern; Ruddy Shelduck; Ruff; Rufous-tailed Lark; Small Pratincole; Western Yellow Wagtail; White-throated Kingfisher; White Wagtail","n_species":29,"focal_species_seen":"","focal_species_slugs":"","has_focal":false,"GRID_CODE":null,"DISTRICT":null,"BLOCK":null},"geometry":{"type":"Point","coordinates":[72.9685033,24.01658]}},{"type":"Feature","properties":{"GROUP.ID":"G14143844","LOCALITY":"Gadhda Shamlaji Road, Gadhada, Gujarat, IN (24.061, 72.958)","LATITUDE":24.0609477,"LONGITUDE":72.9579449,"OBSERVATION.DATE":"2025-03-01","OBSERVER.ID":"obsr700563","DURATION.MINUTES":148.0,"SAMPLING.EVENT.IDENTIFIER":"S215994499","species_list":"Asian Green Bee-eater; Bar-headed Goose; Black-crowned Night Heron; Black-tailed Godwit; Black-winged Stilt; Common Pochard; Common Sandpiper; Eurasian Coot; Eurasian Wigeon; Garganey; Gray Heron; Greater Coucal; Indian Gray Hornbill; Indian Pond-Heron; Indian Spot-billed Duck; Knob-billed Duck; Laughing Dove; Lesser Whistling-Duck; Little Egret; Little Grebe; Northern Pintail; Northern Shoveler; Oriental Darter; Painted Stork; Pied Kingfisher; Purple Heron; Purple Sunbird; River Tern; Tufted Duck","n_species":29,"focal_species_seen":"","focal_species_slugs":"","has_focal":false,"GRID_CODE":null,"DISTRICT":null,"BLOCK":null},"geometry":{"type":"Point","coordinates":[72.9579449,24.0609477]}},{"type":"Feature","properties":{"GROUP.ID":"G14142660","LOCALITY":"Dharoi zone 15 Bhawangadh","LATITUDE":24.048975,"LONGITUDE":72.8281383,"OBSERVATION.DATE":"2025-03-01","OBSERVER.ID":"obsr6553539","DURATION.MINUTES":147.0,"SAMPLING.EVENT.IDENTIFIER":"S215996310","species_list":"Ashy-crowned Sparrow-Lark; Asian Green Bee-eater; Asian Openbill; Black-headed Ibis; Black-tailed Godwit; Black-winged Stilt; Citrine Wagtail; Common Sandpiper; Eastern Cattle-Egret; Eurasian Spoonbill; Garganey; Gray Heron; Great Cormorant; Great Egret; Greater Coucal; Indian Spot-billed Duck; Little Cormorant; Little Egret; Little Ringed Plover; Marsh Sandpiper; Medium Egret; Northern Shoveler; Osprey; Painted Stork; Red-naped Ibis; Red-wattled Lapwing; Rosy Starling; Ruddy Shelduck; Ruff; Small Pratincole; Tawny Pipit; Western Yellow Wagtail; White Wagtail; Wood Sandpiper","n_species":34,"focal_species_seen":"","focal_species_slugs":"","has_focal":false,"GRID_CODE":null,"DISTRICT":null,"BLOCK":null},"geometry":{"type":"Point","coordinates":[72.8281383,24.048975]}},{"type":"Feature","properties":{"GROUP.ID":"G14143065","LOCALITY":"Dharoi Zone 14 Jorapura Umedpura","LATITUDE":24.0373597,"LONGITUDE":72.8734239,"OBSERVATION.DATE":"2025-03-01","OBSERVER.ID":"obsr6628738","DURATION.MINUTES":155.0,"SAMPLING.EVENT.IDENTIFIER":"S216010695","species_list":"Asian Green Bee-eater; Asian Koel; Asian Openbill; Barn Swallow; Black-headed Ibis; Black-tailed Godwit; Black-winged Kite; Black Drongo; Brown Rock Chat; Clamorous Reed Warbler; Common Babbler; Common Kingfisher; Common Sandpiper; Dusky Crag-Martin; Eastern Cattle-Egret; Eurasian Collared-Dove; Eurasian Coot; Eurasian Moorhen; Eurasian Spoonbill; Eurasian Wigeon; Gray Francolin; Great Cormorant; Great Egret; Greater Coucal; Green Sandpiper; Indian Pond-Heron; Indian Robin; Indian Silverbill; Indian Spot-billed Duck; Large Gray Babbler; Laughing Dove; Little Cormorant; Little Egret; Little Ringed Plover; Little Stint; Long-tailed Shrike; Medium Egret; Paddyfield Pipit; Pied Kingfisher; Purple Heron; Purple Sunbird; Red-naped Ibis; Red-vented Bulbul; Red-wattled Lapwing; Ruff; Spotted Dove; Spotted Owlet; Western Yellow Wagtail; White-throated Kingfisher; White Wagtail; Wire-tailed Swallow; Wood Sandpiper; Yellow-throated Sparrow; Yellow-wattled Lapwing","n_species":54,"focal_species_seen":"","focal_species_slugs":"","has_focal":false,"GRID_CODE":null,"DISTRICT":null,"BLOCK":null},"geometry":{"type":"Point","coordinates":[72.8734239,24.0373597]}},{"type":"Feature","properties":{"GROUP.ID":"G14143828","LOCALITY":"Kubadharol Kampa Zone 4","LATITUDE":23.9926933,"LONGITUDE":72.9553933,"OBSERVATION.DATE":"2025-03-01","OBSERVER.ID":"obsr4599658","DURATION.MINUTES":236.0,"SAMPLING.EVENT.IDENTIFIER":"S216024248","species_list":"Ashy Prinia; Asian Green Bee-eater; Black-tailed Godwit; Black Drongo; Common Kingfisher; Common Redshank; Common Sandpiper; Crested Lark; Eastern Cattle-Egret; Eurasian Spoonbill; Glossy Ibis; Gray Heron; Great Cormorant; Great Egret; Greater Coucal; Green Sandpiper; Indian Cormorant; Indian Pond-Heron; Indian Robin; Indian Spot-billed Duck; Little Cormorant; Little Heron; Little Ringed Plover; Long-tailed Shrike; Marsh Sandpiper; Northern Pintail; Northern Shoveler; Paddyfield Pipit; Pied Kingfisher; Purple Sunbird; Red-wattled Lapwing; River Tern; Siberian Stonechat; Western Yellow Wagtail; White-throated Kingfisher; White Wagtail; Wood Sandpiper","n_species":37,"focal_species_seen":"","focal_species_slugs":"","has_focal":false,"GRID_CODE":null,"DISTRICT":null,"BLOCK":null},"geometry":{"type":"Point","coordinates":[72.9553933,23.9926933]}},{"type":"Feature","properties":{"GROUP.ID":"G14144097","LOCALITY":"Kanjeli, Gujarat, IN (24.017, 72.957)","LATITUDE":24.0172156,"LONGITUDE":72.9568866,"OBSERVATION.DATE":"2025-03-01","OBSERVER.ID":"obsr6344025","DURATION.MINUTES":146.0,"SAMPLING.EVENT.IDENTIFIER":"S216033673","species_list":"Ashy-crowned Sparrow-Lark; Bar-headed Goose; Black-tailed Godwit; Black-winged Stilt; Black Drongo; Common Pochard; Common Sandpiper; Eastern Cattle-Egret; Eurasian Collared-Dove; Eurasian Coot; Eurasian Spoonbill; Gadwall; Glossy Ibis; Gray Francolin; Gray Heron; Graylag Goose; Green-winged Teal; Indian Roller; Indian Spot-billed Duck; Indian Thick-knee; Little Cormorant; Little Egret; Little Stint; Medium Egret; Northern Shoveler; Red-wattled Lapwing; River Tern; Ruddy Shelduck; Small Pratincole; Wood Sandpiper","n_species":30,"focal_species_seen":"","focal_species_slugs":"","has_focal":false,"GRID_CODE":null,"DISTRICT":null,"BLOCK":null},"geometry":{"type":"Point","coordinates":[72.9568866,24.0172156]}},{"type":"Feature","properties":{"GROUP.ID":"G14144111","LOCALITY":"Dharoi Zone 1 Ambawada Lake -Dyke 2","LATITUDE":23.9946955,"LONGITUDE":72.8767461,"OBSERVATION.DATE":"2025-03-01","OBSERVER.ID":"obsr4711470","DURATION.MINUTES":180.0,"SAMPLING.EVENT.IDENTIFIER":"S216041229","species_list":"Ashy-crowned Sparrow-Lark; Asian Green Bee-eater; Asian Openbill; Bank Myna; Barn Swallow; Black-headed Ibis; Black-winged Stilt; Black Drongo; Black Redstart; Brahminy Starling; Brown Rock Chat; Common Hoopoe; Common Kingfisher; Common Myna; Common Sandpiper; Common Tailorbird; Eastern Cattle-Egret; Eurasian Collared-Dove; Eurasian Coot; Eurasian Spoonbill; Glossy Ibis; Gray Heron; Great Cormorant; Great Egret; Greater Coucal; Green Sandpiper; House Crow; Indian Peafowl; Indian Pond-Heron; Indian Robin; Jungle Babbler; Little Cormorant; Little Ringed Plover; Little Stint; Little Swift; Oriental Magpie-Robin; Painted Stork; Pied Kingfisher; Purple Heron; Purple Sunbird; Red-naped Ibis; Red-vented Bulbul; Red-wattled Lapwing; River Tern; Rose-ringed Parakeet; Shikra; Siberian Stonechat; Western Yellow Wagtail; White-breasted Waterhen; White-browed Fantail; White-browed Wagtail; Wood Sandpiper","n_species":52,"focal_species_seen":"","focal_species_slugs":"","has_focal":false,"GRID_CODE":null,"DISTRICT":null,"BLOCK":null},"geometry":{"type":"Point","coordinates":[72.8767461,23.9946955]}},{"type":"Feature","properties":{"GROUP.ID":"G14149693","LOCALITY":"Kubadharol (South)","LATITUDE":23.9923618,"LONGITUDE":72.9549755,"OBSERVATION.DATE":"2025-03-01","OBSERVER.ID":"obsr1525796","DURATION.MINUTES":230.0,"SAMPLING.EVENT.IDENTIFIER":"S216041423","species_list":"Asian Green Bee-eater; Asian Openbill; Black-headed Ibis; Black-tailed Godwit; Black-winged Stilt; Black Drongo; Blyth's Reed Warbler; Citrine Wagtail; Clamorous Reed Warbler; Common Kingfisher; Common Sandpiper; Common Snipe; Common Woodshrike; Eastern Cattle-Egret; Eurasian Spoonbill; Glossy Ibis; Gray Wagtail; Graylag Goose; Greater Coucal; Indian Pond-Heron; Indian Robin; Indian Spot-billed Duck; Jungle Babbler; Little Cormorant; Little Egret; Little Ringed Plover; Medium Egret; Paddyfield Pipit; Pied Bushchat; Pied Kingfisher; Purple Heron; Purple Sunbird; Red-vented Bulbul; Red-wattled Lapwing; River Tern; Ruff; Siberian Stonechat; Small Pratincole; White-browed Fantail; White-throated Kingfisher; White Wagtail; Wire-tailed Swallow","n_species":42,"focal_species_seen":"","focal_species_slugs":"","has_focal":false,"GRID_CODE":null,"DISTRICT":null,"BLOCK":null},"geometry":{"type":"Point","coordinates":[72.9549755,23.9923618]}},{"type":"Feature","properties":{"GROUP.ID":"G14177790","LOCALITY":"Dharoi Zone 13 Vijlasan1/2","LATITUDE":24.053138,"LONGITUDE":72.891909,"OBSERVATION.DATE":"2025-03-01","OBSERVER.ID":"obsr1281189","DURATION.MINUTES":155.0,"SAMPLING.EVENT.IDENTIFIER":"S216041838","species_list":"Ashy-crowned Sparrow-Lark; Barn Swallow; Bay-backed Shrike; Black-winged Stilt; Black Drongo; Brahminy Starling; Eastern Cattle-Egret; Eurasian Wigeon; Garganey; Gray Francolin; House Crow; Indian Pond-Heron; Indian Spot-billed Duck; Jungle Babbler; Laughing Dove; Little Cormorant; Little Ringed Plover; Medium Egret; Northern Shoveler; Paddyfield Pipit; Purple Heron; Red-wattled Lapwing; Red Collared-Dove; River Tern; Ruff; Small Pratincole; Western Yellow Wagtail; White-throated Kingfisher; Wood Sandpiper","n_species":29,"focal_species_seen":"","focal_species_slugs":"","has_focal":false,"GRID_CODE":null,"DISTRICT":null,"BLOCK":null},"geometry":{"type":"Point","coordinates":[72.891909,24.053138]}},{"type":"Feature","properties":{"GROUP.ID":"G14149158","LOCALITY":"Lankeswari Temple  Lonk Zone10","LATITUDE":24.060712,"LONGITUDE":72.9294429,"OBSERVATION.DATE":"2025-03-01","OBSERVER.ID":"obsr4599491","DURATION.MINUTES":119.0,"SAMPLING.EVENT.IDENTIFIER":"S216052451","species_list":"Bank Myna; Barn Swallow; Black-tailed Godwit; Black Drongo; Bluethroat; Common Babbler; Common Hoopoe; Common Sandpiper; Common Woodshrike; Gadwall; Glossy Ibis; Gray Francolin; Gray Heron; House Sparrow; Indian Pond-Heron; Indian Robin; Indian Spot-billed Duck; Jungle Babbler; Knob-billed Duck; Lesser Whistling-Duck; Little Cormorant; Little Egret; Paddyfield Pipit; Pied Kingfisher; Purple Sunbird; Red-naped Ibis; Red-wattled Lapwing; River Tern; Rose-ringed Parakeet; Ruff; Siberian Stonechat; Spotted Dove; Western Yellow Wagtail; White-throated Kingfisher; White Wagtail; Yellow-wattled Lapwing","n_species":36,"focal_species_seen":"","focal_species_slugs":"","has_focal":false,"GRID_CODE":null,"DISTRICT":null,"BLOCK":null},"geometry":{"type":"Point","coordinates":[72.9294429,24.060712]}},{"type":"Feature","properties":{"GROUP.ID":"G14150525","LOCALITY":"Zone - 12 S bridge","LATITUDE":24.064144,"LONGITUDE":72.9189,"OBSERVATION.DATE":"2025-03-01","OBSERVER.ID":"obsr2536371","DURATION.MINUTES":147.0,"SAMPLING.EVENT.IDENTIFIER":"S216147057","species_list":"Ashy Drongo; Ashy Prinia; Asian Green Bee-eater; Asian Koel; Bank Myna; Barn Swallow; Bay-backed Shrike; Black-tailed Godwit; Black Drongo; Black Kite; Bluethroat; Brahminy Starling; Citrine Wagtail; Common Greenshank; Common Hoopoe; Common Iora; Common Myna; Common Quail; Common Redshank; Common Snipe; Common Tailorbird; Coppersmith Barbet; Eurasian Collared-Dove; Eurasian Coot; Eurasian Moorhen; Eurasian Spoonbill; Eurasian Wigeon; Eurasian Wryneck; Gadwall; Garganey; Gray Francolin; Gray Heron; Great Cormorant; Great Egret; Greater Flamingo; Green-winged Teal; House Sparrow; Indian Bushlark; Indian Cormorant; Indian Pond-Heron; Indian Robin; Indian Roller; Indian Silverbill; Indian Spot-billed Duck; Indian Thick-knee; Jungle Babbler; Knob-billed Duck; Large Gray Babbler; Lesser Whistling-Duck; Little Cormorant; Little Egret; Little Grebe; Little Ringed Plover; Little Stint; Medium Egret; Northern Shoveler; Oriental Darter; Oriental Magpie-Robin; Osprey; Paddyfield Pipit; Pied Bushchat; Plain Prinia; Plum-headed Parakeet; Purple Heron; Purple Sunbird; Red-naped Ibis; Red-vented Bulbul; Red-wattled Lapwing; Red Collared-Dove; River Tern; Rose-ringed Parakeet; Rosy Starling; Ruddy Shelduck; Ruff; Rufous-tailed Lark; Savanna Nightjar; Shikra; Siberian Stonechat; Small Minivet; Tawny Pipit; Temminck's Stint; Tree Pipit; Western Yellow Wagtail; Whiskered Tern; White-bellied Drongo; White-breasted Waterhen; White-browed Wagtail; White-eared Bulbul","n_species":88,"focal_species_seen":"","focal_species_slugs":"","has_focal":false,"GRID_CODE":null,"DISTRICT":null,"BLOCK":null},"geometry":{"type":"Point","coordinates":[72.9189,24.064144]}},{"type":"Feature","properties":{"GROUP.ID":"G14150012","LOCALITY":"Paroya, Gujarat, IN (24.017, 72.969)","LATITUDE":24.01658,"LONGITUDE":72.9685033,"OBSERVATION.DATE":"2025-03-02","OBSERVER.ID":"obsr700563","DURATION.MINUTES":120.0,"SAMPLING.EVENT.IDENTIFIER":"S216153077","species_list":"Ashy-crowned Sparrow-Lark; Asian Green Bee-eater; Asian Openbill; Bank Myna; Bar-headed Goose; Barn Swallow; Black-rumped Flameback; Black-winged Stilt; Black Drongo; Common Hoopoe; Common Pochard; Eastern Cattle-Egret; Eurasian Collared-Dove; Eurasian Spoonbill; Gadwall; Garganey; Glossy Ibis; Gray Francolin; Great Egret; Greater Coucal; Greater Flamingo; Green-winged Teal; Green Sandpiper; Indian Spot-billed Duck; Knob-billed Duck; Laughing Dove; Little Cormorant; Little Egret; Little Stint; Long-tailed Shrike; Marsh Sandpiper; Northern Pintail; Northern Shoveler; Oriental Magpie-Robin; Paddyfield Pipit; Pied Kingfisher; Purple Heron; Red-wattled Lapwing; River Tern; Ruddy Shelduck; Ruff; Rufous-tailed Lark; Siberian Stonechat; Small Pratincole; White-throated Kingfisher","n_species":45,"focal_species_seen":"","focal_species_slugs":"","has_focal":false,"GRID_CODE":null,"DISTRICT":null,"BLOCK":null},"geometry":{"type":"Point","coordinates":[72.9685033,24.01658]}},{"type":"Feature","properties":{"GROUP.ID":"G14150298","LOCALITY":"Dharoi Zone 1 Ambawada Lake -Dyke 2","LATITUDE":23.9946955,"LONGITUDE":72.8767461,"OBSERVATION.DATE":"2025-03-02","OBSERVER.ID":"obsr4711470","DURATION.MINUTES":180.0,"SAMPLING.EVENT.IDENTIFIER":"S216155948","species_list":"Ashy Prinia; Asian Green Bee-eater; Asian Openbill; Barn Swallow; Black-headed Ibis; Black-winged Stilt; Black Redstart; Brown Rock Chat; Common Kingfisher; Common Redshank; Common Sandpiper; Common Tailorbird; Coppersmith Barbet; Eastern Cattle-Egret; Eurasian Collared-Dove; Eurasian Spoonbill; Glossy Ibis; Gray-breasted Prinia; Gray Heron; Great Cormorant; Greater Coucal; Green Sandpiper; House Sparrow; Indian Paradise-Flycatcher; Indian Peafowl; Indian Pond-Heron; Indian Robin; Indian Spot-billed Duck; Jungle Babbler; Large Gray Babbler; Laughing Dove; Little Cormorant; Little Egret; Little Ringed Plover; Little Stint; Oriental Magpie-Robin; Paddyfield Pipit; Painted Stork; Pied Kingfisher; Purple Heron; Purple Sunbird; Red-vented Bulbul; Red-wattled Lapwing; River Tern; Rose-ringed Parakeet; Shikra; Small Pratincole; Spot-breasted Fantail; Sykes's Warbler; Tawny Pipit; White-breasted Waterhen; White-browed Fantail; White-browed Wagtail; White-throated Kingfisher; White Wagtail; Wood Sandpiper","n_species":56,"focal_species_seen":"","focal_species_slugs":"","has_focal":false,"GRID_CODE":null,"DISTRICT":null,"BLOCK":null},"geometry":{"type":"Point","coordinates":[72.8767461,23.9946955]}},{"type":"Feature","properties":{"GROUP.ID":"G14177789","LOCALITY":"Dharoi Zone 13 Vijlasan 1/2","LATITUDE":24.052933,"LONGITUDE":72.905105,"OBSERVATION.DATE":"2025-03-02","OBSERVER.ID":"obsr1281189","DURATION.MINUTES":83.0,"SAMPLING.EVENT.IDENTIFIER":"S216157186","species_list":"Ashy-crowned Sparrow-Lark; Ashy Prinia; Asian Green Bee-eater; Asian Openbill; Bay-backed Shrike; Black-headed Ibis; Black-tailed Godwit; Black-winged Kite; Black-winged Stilt; Brahminy Starling; Clamorous Reed Warbler; Common Sandpiper; Eastern Cattle-Egret; Eurasian Collared-Dove; Eurasian Spoonbill; Glossy Ibis; Gray Francolin; Greater Coucal; Indian Pond-Heron; Indian Robin; Indian Spot-billed Duck; Jungle Babbler; Little Cormorant; Little Ringed Plover; Medium Egret; Oriental Magpie-Robin; Purple Sunbird; Red-wattled Lapwing; Red Collared-Dove; River Tern; Ruff; Siberian Stonechat; Western Yellow Wagtail; White-browed Fantail; White Wagtail; Wood Sandpiper; Yellow-throated Sparrow","n_species":37,"focal_species_seen":"","focal_species_slugs":"","has_focal":false,"GRID_CODE":null,"DISTRICT":null,"BLOCK":null},"geometry":{"type":"Point","coordinates":[72.905105,24.052933]}},{"type":"Feature","properties":{"GROUP.ID":"G14150546","LOCALITY":"ZONE 5 DELWADA KAMPA(SOUTH), Gujarat, IN (24.008, 72.958)","LATITUDE":24.0081695,"LONGITUDE":72.9579153,"OBSERVATION.DATE":"2025-03-02","OBSERVER.ID":"obsr2323937","DURATION.MINUTES":87.0,"SAMPLING.EVENT.IDENTIFIER":"S216157786","species_list":"Asian Openbill; Bank Myna; Black-tailed Godwit; Black-winged Stilt; Black Drongo; Common Kingfisher; Eurasian Moorhen; Gray Francolin; Gray Heron; Gray Wagtail; Great Egret; Indian Roller; Little Cormorant; Little Ringed Plover; Long-tailed Shrike; Paddyfield Pipit; Pied Kingfisher; River Tern; Western Yellow Wagtail; White-throated Kingfisher","n_species":20,"focal_species_seen":"","focal_species_slugs":"","has_focal":false,"GRID_CODE":null,"DISTRICT":null,"BLOCK":null},"geometry":{"type":"Point","coordinates":[72.9579153,24.0081695]}},{"type":"Feature","properties":{"GROUP.ID":"G14150483","LOCALITY":"Radhivad, Gujarat, IN (24.077, 73.009)","LATITUDE":24.0765705,"LONGITUDE":73.0085244,"OBSERVATION.DATE":"2025-03-02","OBSERVER.ID":"obsr700563","DURATION.MINUTES":97.0,"SAMPLING.EVENT.IDENTIFIER":"S216158235","species_list":"Asian Openbill; Asian Woolly-necked Stork; Black-tailed Godwit; Black-winged Stilt; Common Kingfisher; Common Pochard; Eurasian Coot; Eurasian Moorhen; Eurasian Spoonbill; Eurasian Wigeon; Gadwall; Garganey; Gray-headed Swamphen; Graylag Goose; Green Sandpiper; Knob-billed Duck; Little Cormorant; Little Grebe; Northern Shoveler; Painted Stork; Purple Heron; Whiskered Tern","n_species":22,"focal_species_seen":"","focal_species_slugs":"","has_focal":false,"GRID_CODE":null,"DISTRICT":null,"BLOCK":null},"geometry":{"type":"Point","coordinates":[73.0085244,24.0765705]}},{"type":"Feature","properties":{"GROUP.ID":"G14150681","LOCALITY":"Dharol - Nadari Road, Kuba Dharol, Gujarat, Zone 4","LATITUDE":23.9851333,"LONGITUDE":72.98044,"OBSERVATION.DATE":"2025-03-02","OBSERVER.ID":"obsr4834774","DURATION.MINUTES":194.0,"SAMPLING.EVENT.IDENTIFIER":"S216159759","species_list":"Asian Green Bee-eater; Asian Openbill; Barn Swallow; Black-headed Ibis; Black-tailed Godwit; Black-winged Stilt; Black Drongo; Common Kingfisher; Common Sandpiper; Common Snipe; Eastern Cattle-Egret; Eurasian Collared-Dove; Eurasian Spoonbill; Eurasian Wigeon; Glossy Ibis; Gray Francolin; Gray Heron; Great Cormorant; Great Egret; Greater Coucal; Green Sandpiper; House Crow; House Sparrow; Indian Cormorant; Indian Pond-Heron; Indian Robin; Indian Thick-knee; Kentish Plover; Laughing Dove; Little Cormorant; Little Egret; Little Ringed Plover; Long-tailed Shrike; Marsh Sandpiper; Northern Pintail; Northern Shoveler; Oriental Honey-buzzard; Paddyfield Pipit; Painted Stork; Purple Sunbird; Red-vented Bulbul; Red-wattled Lapwing; Rose-ringed Parakeet; Ruff; Siberian Stonechat; Small Pratincole; Spotted Dove; Tree Pipit; Western Yellow Wagtail; White-breasted Waterhen; White-throated Kingfisher; White Wagtail; Wood Sandpiper; Yellow-footed Green-Pigeon","n_species":54,"focal_species_seen":"","focal_species_slugs":"","has_focal":false,"GRID_CODE":null,"DISTRICT":null,"BLOCK":null},"geometry":{"type":"Point","coordinates":[72.98044,23.9851333]}},{"type":"Feature","properties":{"GROUP.ID":"G14151153","LOCALITY":"Gadhda Shamlaji Road, Gadhada, Gujarat, IN (24.061, 72.958)","LATITUDE":24.0609477,"LONGITUDE":72.9579449,"OBSERVATION.DATE":"2025-03-02","OBSERVER.ID":"obsr700563","DURATION.MINUTES":185.0,"SAMPLING.EVENT.IDENTIFIER":"S216160236","species_list":"Ashy Prinia; Asian Koel; Asian Woolly-necked Stork; Black-rumped Flameback; Black-tailed Godwit; Black-winged Kite; Black-winged Stilt; Black Redstart; Brahminy Starling; Common Pochard; Common Tailorbird; Eurasian Coot; Eurasian Moorhen; Eurasian Wigeon; Garganey; Glossy Ibis; Gray-headed Swamphen; Gray Francolin; Gray Heron; Graylag Goose; Greater Coucal; Green Sandpiper; House Sparrow; Indian Cuckooshrike; Indian Golden Oriole; Indian Pond-Heron; Jungle Babbler; Large Gray Babbler; Laughing Dove; Lesser Whistling-Duck; Little Egret; Long-tailed Shrike; Northern Pintail; Northern Shoveler; Painted Stork; Purple-rumped Sunbird; Purple Heron; Red-vented Bulbul; Red-wattled Lapwing; River Tern; Siberian Stonechat; Spotted Dove; Whiskered Tern; White-throated Kingfisher; Yellow-footed Green-Pigeon","n_species":45,"focal_species_seen":"","focal_species_slugs":"","has_focal":false,"GRID_CODE":null,"DISTRICT":null,"BLOCK":null},"geometry":{"type":"Point","coordinates":[72.9579449,24.0609477]}},{"type":"Feature","properties":{"GROUP.ID":"G14150768","LOCALITY":"Kubadharol (South)","LATITUDE":23.9923618,"LONGITUDE":72.9549755,"OBSERVATION.DATE":"2025-03-02","OBSERVER.ID":"obsr1525796","DURATION.MINUTES":153.0,"SAMPLING.EVENT.IDENTIFIER":"S216160516","species_list":"Asian Green Bee-eater; Asian Koel; Asian Openbill; Barn Swallow; Bay-backed Shrike; Black-winged Kite; Black-winged Stilt; Black Drongo; Citrine Wagtail; Common Kingfisher; Common Sandpiper; Common Snipe; Eastern Cattle-Egret; Eurasian Coot; Eurasian Spoonbill; Eurasian Wigeon; Garganey; Glossy Ibis; Gray Francolin; Gray Heron; Gray Wagtail; Graylag Goose; Greater Coucal; House Crow; Indian Cormorant; Indian Pond-Heron; Indian Robin; Indian Roller; Indian Spot-billed Duck; Indian Thick-knee; Jungle Babbler; Little Stint; Little Swift; Long-tailed Shrike; Northern Shoveler; Oriental Honey-buzzard; Oriental Magpie-Robin; Paddyfield Pipit; Plain Prinia; Purple Sunbird; Red-wattled Lapwing; River Tern; Rose-ringed Parakeet; Siberian Stonechat; Small Pratincole; Temminck's Stint; White-throated Kingfisher; Wire-tailed Swallow; Yellow-footed Green-Pigeon","n_species":49,"focal_species_seen":"","focal_species_slugs":"","has_focal":false,"GRID_CODE":null,"DISTRICT":null,"BLOCK":null},"geometry":{"type":"Point","coordinates":[72.9549755,23.9923618]}},{"type":"Feature","properties":{"GROUP.ID":"G14150779","LOCALITY":"Zone-12, GHANTODI Sabarmati Bridge","LATITUDE":24.0883487,"LONGITUDE":72.9488248,"OBSERVATION.DATE":"2025-03-02","OBSERVER.ID":"obsr6628738","DURATION.MINUTES":1.0,"SAMPLING.EVENT.IDENTIFIER":"S216160540","species_list":"Asian Green Bee-eater; Asian Koel; Barn Swallow; Black-headed Ibis; Black-tailed Godwit; Black Drongo; Brown Rock Chat; Common Babbler; Common Myna; Common Sandpiper; Common Snipe; Eastern Cattle-Egret; Eurasian Collared-Dove; Eurasian Coot; Eurasian Spoonbill; Eurasian Wigeon; Gadwall; Garganey; Gray Francolin; Gray Heron; Graylag Goose; Great Cormorant; Great Egret; Greater Coucal; Greater Flamingo; Green-winged Teal; Green Sandpiper; House Sparrow; Indian Cormorant; Indian Robin; Indian Spot-billed Duck; Laughing Dove; Little Cormorant; Little Egret; Little Ringed Plover; Little Stint; Little Swift; Marsh Sandpiper; Medium Egret; Northern Pintail; Northern Shoveler; Oriental Darter; Purple Heron; Purple Sunbird; Red-naped Ibis; Red-vented Bulbul; Red-wattled Lapwing; River Tern; Ruddy Shelduck; Siberian Stonechat; Small Pratincole; Temminck's Stint; Western Yellow Wagtail; White-breasted Waterhen; White-throated Kingfisher; Wire-tailed Swallow; Wood Sandpiper","n_species":57,"focal_species_seen":"","focal_species_slugs":"","has_focal":false,"GRID_CODE":null,"DISTRICT":null,"BLOCK":null},"geometry":{"type":"Point","coordinates":[72.9488248,24.0883487]}},{"type":"Feature","properties":{"GROUP.ID":"G14150785","LOCALITY":"Lank, Gujarat, IN (24.061, 72.93) Zone Number :-10","LATITUDE":24.0609383,"LONGITUDE":72.9297,"OBSERVATION.DATE":"2025-03-02","OBSERVER.ID":"obsr4599550","DURATION.MINUTES":160.0,"SAMPLING.EVENT.IDENTIFIER":"S216160728","species_list":"Alexandrine Parakeet; Ashy-crowned Sparrow-Lark; Asian Green Bee-eater; Asian Openbill; Bank Myna; Bar-headed Goose; Black-tailed Godwit; Black Drongo; Blue Rock-Thrush; Brahminy Starling; Citrine Wagtail; Common Babbler; Common Hoopoe; Common Myna; Common Sandpiper; Eastern Cattle-Egret; Eurasian Collared-Dove; Eurasian Spoonbill; Gadwall; Garganey; Glossy Ibis; Gray Francolin; Gray Heron; Great Egret; Greater Coucal; Greater Flamingo; Green-winged Teal; House Crow; House Sparrow; Indian Pond-Heron; Indian Robin; Indian Silverbill; Indian Spot-billed Duck; Knob-billed Duck; Large-billed Crow; Large Gray Babbler; Laughing Dove; Lesser Whistling-Duck; Little Cormorant; Little Egret; Long-tailed Shrike; Marsh Sandpiper; Medium Egret; Northern Shoveler; Oriental Magpie-Robin; Painted Stork; Plain Prinia; Purple-rumped Sunbird; Purple Sunbird; Red-vented Bulbul; Red-wattled Lapwing; Rose-ringed Parakeet; Ruff; Rufous-tailed Lark; Rufous Treepie; Siberian Stonechat; Spotted Dove; Western Yellow Wagtail; White-browed Fantail; White-browed Wagtail; White-throated Kingfisher; Wood Sandpiper","n_species":62,"focal_species_seen":"","focal_species_slugs":"","has_focal":false,"GRID_CODE":null,"DISTRICT":null,"BLOCK":null},"geometry":{"type":"Point","coordinates":[72.9297,24.0609383]}},{"type":"Feature","properties":{"GROUP.ID":"G14174755","LOCALITY":"Dharoi zone 9 Gadhada Shamlaji","LATITUDE":24.0612597,"LONGITUDE":72.9585421,"OBSERVATION.DATE":"2025-03-02","OBSERVER.ID":"obsr4672844","DURATION.MINUTES":121.0,"SAMPLING.EVENT.IDENTIFIER":"S216162030","species_list":"Alexandrine Parakeet; Ashy-crowned Sparrow-Lark; Ashy Prinia; Asian Green Bee-eater; Asian Openbill; Bank Myna; Bar-headed Goose; Barn Swallow; Bay-backed Shrike; Black-tailed Godwit; Black-winged Stilt; Black Drongo; Brahminy Starling; Common Hoopoe; Common Redshank; Common Sandpiper; Common Snipe; Common Tailorbird; Eurasian Collared-Dove; Glossy Ibis; Gray Francolin; Great Egret; Greater Coucal; House Crow; House Sparrow; Indian Gray Hornbill; Indian Pond-Heron; Indian Robin; Indian Roller; Knob-billed Duck; Large Gray Babbler; Laughing Dove; Lesser Whistling-Duck; Little Cormorant; Little Egret; Little Ringed Plover; Little Stint; Northern Pintail; Northern Shoveler; Paddyfield Pipit; Painted Stork; Pied Kingfisher; Plain Prinia; Purple Sunbird; Red-vented Bulbul; Red-wattled Lapwing; River Tern; Rose-ringed Parakeet; Rosy Starling; Ruddy Shelduck; Siberian Stonechat; Spotted Dove; Western Yellow Wagtail; Wood Sandpiper","n_species":54,"focal_species_seen":"","focal_species_slugs":"","has_focal":false,"GRID_CODE":null,"DISTRICT":null,"BLOCK":null},"geometry":{"type":"Point","coordinates":[72.9585421,24.0612597]}},{"type":"Feature","properties":{"GROUP.ID":"G14174754","LOCALITY":"Dharoi zone 9 Gadhada Shamlaji","LATITUDE":24.0612597,"LONGITUDE":72.9585421,"OBSERVATION.DATE":"2025-03-01","OBSERVER.ID":"obsr4672844","DURATION.MINUTES":164.0,"SAMPLING.EVENT.IDENTIFIER":"S216162068","species_list":"Asian Openbill; Black-tailed Godwit; Black-winged Kite; Black-winged Stilt; Common Redshank; Common Sandpiper; Crested Serpent-Eagle; Garganey; Glossy Ibis; Great Cormorant; Indian Pond-Heron; Little Cormorant; Little Ringed Plover; Little Stint; Medium Egret; Northern Shoveler; Oriental Honey-buzzard; Paddyfield Pipit; Pied Kingfisher; Red-wattled Lapwing; River Tern; Ruddy Shelduck; Ruff; Small Pratincole; Western Marsh Harrier; Western Yellow Wagtail; White-browed Wagtail","n_species":27,"focal_species_seen":"","focal_species_slugs":"","has_focal":false,"GRID_CODE":null,"DISTRICT":null,"BLOCK":null},"geometry":{"type":"Point","coordinates":[72.9585421,24.0612597]}},{"type":"Feature","properties":{"GROUP.ID":"G14154185","LOCALITY":"Dharoi zone 15 Bhawangadh","LATITUDE":24.048975,"LONGITUDE":72.8281383,"OBSERVATION.DATE":"2025-03-02","OBSERVER.ID":"obsr6553539","DURATION.MINUTES":160.0,"SAMPLING.EVENT.IDENTIFIER":"S216162733","species_list":"Ashy-crowned Sparrow-Lark; Asian Green Bee-eater; Asian Openbill; Black-headed Ibis; Black-winged Stilt; Citrine Wagtail; Common Sandpiper; Common Snipe; Eastern Cattle-Egret; Eurasian Spoonbill; Garganey; Glossy Ibis; Gray Heron; Gray Wagtail; Great Egret; House Crow; Indian Pond-Heron; Indian Spot-billed Duck; Large-billed Crow; Little Cormorant; Little Egret; Little Grebe; Little Ringed Plover; Little Stint; Marsh Sandpiper; Northern Shoveler; Osprey; Painted Stork; Purple Heron; Red-naped Ibis; Red-wattled Lapwing; River Tern; Ruddy Shelduck; Ruff; Small Pratincole; Western Yellow Wagtail; White-throated Kingfisher; Wood Sandpiper","n_species":38,"focal_species_seen":"","focal_species_slugs":"","has_focal":false,"GRID_CODE":null,"DISTRICT":null,"BLOCK":null},"geometry":{"type":"Point","coordinates":[72.8281383,24.048975]}},{"type":"Feature","properties":{"GROUP.ID":"G14150853","LOCALITY":"Vijalasan Jorapura zone - 14","LATITUDE":24.063424,"LONGITUDE":72.883298,"OBSERVATION.DATE":"2025-03-02","OBSERVER.ID":"obsr2536371","DURATION.MINUTES":165.0,"SAMPLING.EVENT.IDENTIFIER":"S216163876","species_list":"Ashy-crowned Sparrow-Lark; Asian Green Bee-eater; Asian Koel; Asian Openbill; Black-headed Ibis; Black-tailed Godwit; Booted Warbler; Citrine Wagtail; Clamorous Reed Warbler; Common Hoopoe; Common Pochard; Common Quail; Common Sandpiper; Common Snipe; Coppersmith Barbet; Crested Lark; Eurasian Collared-Dove; Eurasian Coot; Eurasian Moorhen; Eurasian Spoonbill; Eurasian Wigeon; Gray Francolin; Gray Heron; Gray Wagtail; Great Cormorant; Greater Coucal; Green Sandpiper; House Sparrow; Indian Gray Hornbill; Indian Pond-Heron; Indian Silverbill; Indian Spot-billed Duck; Indian Thick-knee; Laughing Dove; Little Cormorant; Little Egret; Little Grebe; Little Ringed Plover; Little Stint; Marsh Sandpiper; Northern Pintail; Northern Shoveler; Paddyfield Pipit; Painted Stork; Purple Sunbird; Red-naped Ibis; Red-wattled Lapwing; Red Collared-Dove; River Tern; Ruddy Shelduck; Ruff; Rufous-tailed Lark; Shikra; Small Pratincole; Spotted Dove; Sykes's Warbler; Tawny Pipit; Temminck's Stint; Thick-billed Flowerpecker; Tree Pipit; Western Yellow Wagtail; White-browed Wagtail; White-throated Kingfisher; White Wagtail; Wood Sandpiper; Yellow-throated Sparrow; Yellow-wattled Lapwing","n_species":67,"focal_species_seen":"","focal_species_slugs":"","has_focal":false,"GRID_CODE":null,"DISTRICT":null,"BLOCK":null},"geometry":{"type":"Point","coordinates":[72.883298,24.063424]}},{"type":"Feature","properties":{"GROUP.ID":"G14161166","LOCALITY":"Kanjeli, Gujarat, IN (24.017, 72.957)","LATITUDE":24.0172156,"LONGITUDE":72.9568866,"OBSERVATION.DATE":"2025-03-02","OBSERVER.ID":"obsr6344025","DURATION.MINUTES":119.0,"SAMPLING.EVENT.IDENTIFIER":"S216166618","species_list":"Ashy Prinia; Asian Green Bee-eater; Asian Woolly-necked Stork; Barn Swallow; Bay-backed Shrike; Black-tailed Godwit; Black-winged Stilt; Black Drongo; Booted Warbler; Common Sandpiper; Crested Lark; Eastern Cattle-Egret; Eurasian Spoonbill; Eurasian Wigeon; Gadwall; Garganey; Glossy Ibis; Gray Francolin; Gray Heron; Graylag Goose; Great Cormorant; Great Egret; Greater Coucal; Green-winged Teal; Indian Cormorant; Indian Robin; Indian Spot-billed Duck; Knob-billed Duck; Little Cormorant; Little Egret; Little Ringed Plover; Little Stint; Northern Pintail; Northern Shoveler; Pied Kingfisher; Red-naped Ibis; Red-vented Bulbul; Red-wattled Lapwing; River Tern; Ruddy Shelduck; Siberian Stonechat; Small Pratincole; Spot-breasted Fantail; Western Yellow Wagtail; White-throated Kingfisher; Zitting Cisticola","n_species":46,"focal_species_seen":"","focal_species_slugs":"","has_focal":false,"GRID_CODE":null,"DISTRICT":null,"BLOCK":null},"geometry":{"type":"Point","coordinates":[72.9568866,24.0172156]}}]}
