{"type":"FeatureCollection","features":[{"type":"Feature","properties":{"GROUP.ID":"S395849866","LOCALITY":"Nadapa Road, Nadapa, Gujarat, IN (23.324, 69.864)","LATITUDE":23.3244907,"LONGITUDE":69.8644366,"OBSERVATION.DATE":"2026-09-24","OBSERVER.ID":"obsr494050","DURATION.MINUTES":49.0,"SAMPLING.EVENT.IDENTIFIER":"S395849866","species_list":"Asian Green Bee-eater; Barn Swallow; Baya Weaver; Common Babbler; Common Tailorbird; Eurasian Collared-Dove; Gray Francolin; Indian Robin; Indian Silverbill; Jungle Prinia; Laughing Dove; Lesser Whitethroat; Purple Sunbird; Red-vented Bulbul; Rufous-fronted Prinia; Small Minivet; Spotted Flycatcher; Sykes's Warbler; White-eared Bulbul; White-tailed Iora; White-throated Kingfisher","n_species":21,"focal_species_seen":"Spotted Flycatcher","focal_species_slugs":"spotted-flycatcher","has_focal":true,"GRID_CODE":"GJ-KU-BHU-115","DISTRICT":"Kachchh","BLOCK":"Bhuj"},"geometry":{"type":"Point","coordinates":[69.8644366,23.3244907]}},{"type":"Feature","properties":{"GROUP.ID":"G18455041","LOCALITY":"Forest Rest House, Dhordo","LATITUDE":23.782004,"LONGITUDE":69.50849,"OBSERVATION.DATE":"2026-09-25","OBSERVER.ID":"obsr1065391","DURATION.MINUTES":63.0,"SAMPLING.EVENT.IDENTIFIER":"S396172287","species_list":"Indian Thick-knee","n_species":1,"focal_species_seen":"","focal_species_slugs":"","has_focal":false,"GRID_CODE":"GJ-KU-BHU-019","DISTRICT":"Kachchh","BLOCK":"Bhuj"},"geometry":{"type":"Point","coordinates":[69.50849,23.782004]}},{"type":"Feature","properties":{"GROUP.ID":"S396186842","LOCALITY":"Rapar, Gujarat, IN (23.562, 70.656)","LATITUDE":23.5615279,"LONGITUDE":70.65638,"OBSERVATION.DATE":"2026-09-26","OBSERVER.ID":"obsr4592234","DURATION.MINUTES":34.0,"SAMPLING.EVENT.IDENTIFIER":"S396186842","species_list":"Spotted Owlet","n_species":1,"focal_species_seen":"","focal_species_slugs":"","has_focal":false,"GRID_CODE":"GJ-KU-RAP-052","DISTRICT":"Kachchh","BLOCK":"Rapar"},"geometry":{"type":"Point","coordinates":[70.65638,23.5615279]}},{"type":"Feature","properties":{"GROUP.ID":"G18458319","LOCALITY":"T4G4","LATITUDE":23.1540169,"LONGITUDE":69.474884,"OBSERVATION.DATE":"2026-09-26","OBSERVER.ID":"obsr680651","DURATION.MINUTES":72.0,"SAMPLING.EVENT.IDENTIFIER":"S396251742","species_list":"Black Redstart; Blue-cheeked Bee-eater; Common Hoopoe; Common Kingfisher; Common Tailorbird; Eurasian Collared-Dove; Glossy Ibis; Gray Francolin; Greater Whitethroat; Green Sandpiper; Indian Cormorant; Indian Peafowl; Laughing Dove; Lesser Whistling-Duck; Lesser Whitethroat; Pied Kingfisher; Purple Sunbird; Red-vented Bulbul; Red-wattled Lapwing; River Tern; Rose-ringed Parakeet; Shikra; Small Minivet; Spotted Flycatcher; Spotted Owlet; White-browed Wagtail; White-naped Tit","n_species":27,"focal_species_seen":"Blue-cheeked Bee-eater; Greater Whitethroat; Spotted Flycatcher","focal_species_slugs":"blue-cheeked-bee-eater;greater-whitethroat;spotted-flycatcher","has_focal":true,"GRID_CODE":"GJ-KU-BHU-152","DISTRICT":"Kachchh","BLOCK":"Bhuj"},"geometry":{"type":"Point","coordinates":[69.474884,23.1540169]}},{"type":"Feature","properties":{"GROUP.ID":"G18461584","LOCALITY":"T2-2 GJ-KU-BHU-137","LATITUDE":23.2349375,"LONGITUDE":69.7668347,"OBSERVATION.DATE":"2026-09-26","OBSERVER.ID":"obsr2895441","DURATION.MINUTES":41.0,"SAMPLING.EVENT.IDENTIFIER":"S396252475","species_list":"Ashy-crowned Sparrow-Lark; Asian Green Bee-eater; Asian Koel; Baya Weaver; Black-winged Stilt; Common Babbler; Common Woodshrike; Delicate Prinia; Eastern Cattle-Egret; Eastern Red-rumped Swallow; Eurasian Collared-Dove; European Roller; Gray-headed Swamphen; Gray Francolin; Gray Wagtail; Green Sandpiper; House Sparrow; Indian Nightjar; Indian Robin; Indian Thick-knee; Laughing Dove; Lesser Whistling-Duck; Lesser Whitethroat; Little Swift; Long-tailed Shrike; Oriental Honey-buzzard; Purple Sunbird; Red-naped Ibis; Red-vented Bulbul; Red-wattled Lapwing; Red Collared-Dove; River Tern; Rose-ringed Parakeet; Rosy Starling; Rufous-fronted Prinia; Streak-throated Swallow; Variable Wheatear; Wire-tailed Swallow","n_species":38,"focal_species_seen":"European Roller","focal_species_slugs":"european-roller","has_focal":true,"GRID_CODE":"GJ-KU-BHU-137","DISTRICT":"Kachchh","BLOCK":"Bhuj"},"geometry":{"type":"Point","coordinates":[69.7668347,23.2349375]}},{"type":"Feature","properties":{"GROUP.ID":"G18461406","LOCALITY":"T15G2","LATITUDE":23.5235183,"LONGITUDE":69.40013,"OBSERVATION.DATE":"2026-09-26","OBSERVER.ID":"obsr1419186","DURATION.MINUTES":34.0,"SAMPLING.EVENT.IDENTIFIER":"S396252616","species_list":"Asian Green Bee-eater; Baya Weaver; Common Babbler; European Roller; Gray-breasted Prinia; Gray Francolin; House Crow; Indian Peafowl; Laughing Dove; Lesser Whitethroat; Little Egret; Oriental Honey-buzzard; Plain Prinia; Purple Sunbird; Red-vented Bulbul; Red Collared-Dove; Variable Wheatear; White-eared Bulbul","n_species":18,"focal_species_seen":"European Roller","focal_species_slugs":"european-roller","has_focal":true,"GRID_CODE":"GJ-KU-LIT-023","DISTRICT":"Kachchh","BLOCK":"Little Rann"},"geometry":{"type":"Point","coordinates":[69.40013,23.5235183]}},{"type":"Feature","properties":{"GROUP.ID":"G18472254","LOCALITY":"T18G2","LATITUDE":23.6647453,"LONGITUDE":70.6023254,"OBSERVATION.DATE":"2026-09-26","OBSERVER.ID":"obsr807380","DURATION.MINUTES":65.0,"SAMPLING.EVENT.IDENTIFIER":"S396252966","species_list":"Asian Green Bee-eater; Baya Weaver; Black-headed Ibis; Black-winged Stilt; Blyth's Reed Warbler; Chestnut-bellied Sandgrouse; Common Babbler; Common Greenshank; Common Hoopoe; Common Sandpiper; Eastern Cattle-Egret; Eastern Red-rumped Swallow; Eurasian Collared-Dove; Gray Francolin; House Sparrow; Indian Peafowl; Indian Robin; Isabelline Wheatear; Laughing Dove; Little Egret; Little Ringed Plover; Little Stint; Medium Egret; Red-naped Ibis; Red-vented Bulbul; Red-wattled Lapwing; Rosy Starling; Sand Lark; Siberian Stonechat; Western Marsh Harrier; White-eared Bulbul","n_species":31,"focal_species_seen":"","focal_species_slugs":"","has_focal":false,"GRID_CODE":"GJ-KU-RAP-029","DISTRICT":"Kachchh","BLOCK":"Rapar"},"geometry":{"type":"Point","coordinates":[70.6023254,23.6647453]}},{"type":"Feature","properties":{"GROUP.ID":"G18457871","LOCALITY":"T36G01","LATITUDE":23.1048298,"LONGITUDE":69.0385026,"OBSERVATION.DATE":"2026-09-26","OBSERVER.ID":"obsr3339457","DURATION.MINUTES":68.0,"SAMPLING.EVENT.IDENTIFIER":"S396253374","species_list":"Ashy-crowned Sparrow-Lark; Asian Green Bee-eater; Barn Swallow; Bay-backed Shrike; Baya Weaver; Black Drongo; Brown Rock Chat; Common Babbler; Common Hoopoe; Common Sandpiper; Common Tailorbird; Eastern Red-rumped Swallow; Eurasian Collared-Dove; European Roller; Gray-breasted Prinia; Gray Francolin; Green Sandpiper; Indian Robin; Isabelline Shrike; Laughing Dove; Lesser Whitethroat; Long-tailed Shrike; Purple Heron; Purple Sunbird; Red-vented Bulbul; Red-wattled Lapwing; Rosy Starling; Rufous-tailed Scrub-Robin; Siberian Stonechat; Small Minivet; Spotted Flycatcher; White-eared Bulbul; White-throated Kingfisher; Yellow-crowned Woodpecker; Zitting Cisticola","n_species":35,"focal_species_seen":"European Roller; Rufous-tailed Scrub-Robin; Spotted Flycatcher","focal_species_slugs":"european-roller;rufous-tailed-scrub-robin;spotted-flycatcher","has_focal":true,"GRID_CODE":"GJ-KU-ABD-083","DISTRICT":"Kachchh","BLOCK":"Abdasa"},"geometry":{"type":"Point","coordinates":[69.0385026,23.1048298]}},{"type":"Feature","properties":{"GROUP.ID":"G18457551","LOCALITY":"T33-G5","LATITUDE":23.1186737,"LONGITUDE":69.3197979,"OBSERVATION.DATE":"2026-09-26","OBSERVER.ID":"obsr612947","DURATION.MINUTES":37.0,"SAMPLING.EVENT.IDENTIFIER":"S396254973","species_list":"Asian Green Bee-eater; Baya Weaver; Black Drongo; Common Babbler; Common Hoopoe; Common Myna; Common Tailorbird; Dusky Crag-Martin; Eastern Cattle-Egret; European Roller; Gray Francolin; Great Egret; House Sparrow; Indian Golden Oriole; Indian Robin; Indian Silverbill; Isabelline Shrike; Laughing Dove; Lesser Whitethroat; Purple Sunbird; Red-backed Shrike; Red-vented Bulbul; Red-wattled Lapwing; Rose-ringed Parakeet; Rosy Starling; Scaly-breasted Munia; Small Minivet; Streak-throated Swallow; White-tailed Iora; White-throated Kingfisher; Wire-tailed Swallow","n_species":31,"focal_species_seen":"European Roller; Red-backed Shrike","focal_species_slugs":"european-roller;red-backed-shrike","has_focal":true,"GRID_CODE":"GJ-KU-NAK-068","DISTRICT":"Kachchh","BLOCK":"Nakhatrana"},"geometry":{"type":"Point","coordinates":[69.3197979,23.1186737]}},{"type":"Feature","properties":{"GROUP.ID":"G18468943","LOCALITY":"T43-G4","LATITUDE":23.7518584,"LONGITUDE":68.9352182,"OBSERVATION.DATE":"2026-09-26","OBSERVER.ID":"obsr1430794","DURATION.MINUTES":61.0,"SAMPLING.EVENT.IDENTIFIER":"S396255570","species_list":"Asian Green Bee-eater; Black Drongo; Common Babbler; Eastern Cattle-Egret; Eurasian Collared-Dove; Gray Francolin; Green Sandpiper; Indian Robin; Indian Silverbill; Indian Spot-billed Duck; Laughing Dove; Lesser Whitethroat; Pied Cuckoo; Purple Sunbird; Red-vented Bulbul; Red-wattled Lapwing; Rufous-tailed Lark; White-eared Bulbul; White-throated Kingfisher; Yellow-crowned Woodpecker; Yellow-wattled Lapwing","n_species":21,"focal_species_seen":"","focal_species_slugs":"","has_focal":false,"GRID_CODE":"GJ-KU-LAK-015","DISTRICT":"Kachchh","BLOCK":"Lakhpat"},"geometry":{"type":"Point","coordinates":[68.9352182,23.7518584]}},{"type":"Feature","properties":{"GROUP.ID":"G18458459","LOCALITY":"T25 G4","LATITUDE":23.2414909,"LONGITUDE":70.4841667,"OBSERVATION.DATE":"2026-09-26","OBSERVER.ID":"obsr640387","DURATION.MINUTES":54.0,"SAMPLING.EVENT.IDENTIFIER":"S396256692","species_list":"Ashy-crowned Sparrow-Lark; Asian Green Bee-eater; Bay-backed Shrike; Baya Weaver; Common Babbler; Common Tailorbird; Eurasian Collared-Dove; Eurasian Wryneck; Greater Coucal; Green Sandpiper; House Crow; House Sparrow; Indian Robin; Indian Thick-knee; Laughing Dove; Lesser Whitethroat; Little Cormorant; Plain Prinia; Purple Sunbird; Red-naped Ibis; Red-vented Bulbul; Red-wattled Lapwing; Rosy Starling; Whiskered Tern; White-eared Bulbul; Yellow-wattled Lapwing","n_species":26,"focal_species_seen":"","focal_species_slugs":"","has_focal":false,"GRID_CODE":"GJ-KU-BHA-067","DISTRICT":"Kachchh","BLOCK":"Bhachau"},"geometry":{"type":"Point","coordinates":[70.4841667,23.2414909]}},{"type":"Feature","properties":{"GROUP.ID":"G18458318","LOCALITY":"Unnamed Road, Kachchh, Gujarat, IN (23.145, 69.476)","LATITUDE":23.1452107,"LONGITUDE":69.4759385,"OBSERVATION.DATE":"2026-09-26","OBSERVER.ID":"obsr11068048","DURATION.MINUTES":62.0,"SAMPLING.EVENT.IDENTIFIER":"S396256817","species_list":"Common Kingfisher; Eurasian Collared-Dove; Laughing Dove; Red-vented Bulbul; Spotted Flycatcher","n_species":5,"focal_species_seen":"Spotted Flycatcher","focal_species_slugs":"spotted-flycatcher","has_focal":true,"GRID_CODE":"GJ-KU-BHU-152","DISTRICT":"Kachchh","BLOCK":"Bhuj"},"geometry":{"type":"Point","coordinates":[69.4759385,23.1452107]}},{"type":"Feature","properties":{"GROUP.ID":"G18458094","LOCALITY":"T3G5","LATITUDE":23.109614,"LONGITUDE":69.80973,"OBSERVATION.DATE":"2026-09-26","OBSERVER.ID":"obsr3568724","DURATION.MINUTES":62.0,"SAMPLING.EVENT.IDENTIFIER":"S396257769","species_list":"Ashy-crowned Sparrow-Lark; Asian Green Bee-eater; Baya Weaver; Black Drongo; Brahminy Starling; Common Babbler; Common Tailorbird; European Roller; Gray Francolin; House Sparrow; Indian Pond-Heron; Laughing Dove; Little Cormorant; Little Swift; Long-tailed Shrike; Purple Sunbird; Red-naped Ibis; Red-vented Bulbul; Red-wattled Lapwing; Rose-ringed Parakeet; Variable Wheatear; Western Yellow Wagtail; White-breasted Waterhen; White-eared Bulbul; Wire-tailed Swallow; Yellow-throated Sparrow","n_species":26,"focal_species_seen":"European Roller","focal_species_slugs":"european-roller","has_focal":true,"GRID_CODE":"GJ-KU-ANJ-027","DISTRICT":"Kachchh","BLOCK":"Anjar"},"geometry":{"type":"Point","coordinates":[69.80973,23.109614]}},{"type":"Feature","properties":{"GROUP.ID":"G18468845","LOCALITY":"T50G5","LATITUDE":23.6723981,"LONGITUDE":68.5669302,"OBSERVATION.DATE":"2026-09-26","OBSERVER.ID":"obsr494050","DURATION.MINUTES":37.0,"SAMPLING.EVENT.IDENTIFIER":"S396258070","species_list":"Asian Green Bee-eater; Barn Swallow; Black Drongo; Blue-cheeked Bee-eater; Common Babbler; Common Tailorbird; Eastern Cattle-Egret; Eurasian Collared-Dove; Eurasian Curlew; European Roller; Gray-breasted Prinia; Gray Francolin; Greater Whitethroat; Indian Bushlark; Indian Robin; Indian Spot-billed Duck; Indian Thick-knee; Purple Sunbird; Red-vented Bulbul; River Tern; Rufous-fronted Prinia; Spotted Flycatcher; Tawny Pipit; White-eared Bulbul; White-tailed Iora","n_species":25,"focal_species_seen":"Blue-cheeked Bee-eater; European Roller; Greater Whitethroat; Spotted Flycatcher","focal_species_slugs":"blue-cheeked-bee-eater;european-roller;greater-whitethroat;spotted-flycatcher","has_focal":true,"GRID_CODE":"GJ-KU-LAK-018","DISTRICT":"Kachchh","BLOCK":"Lakhpat"},"geometry":{"type":"Point","coordinates":[68.5669302,23.6723981]}},{"type":"Feature","properties":{"GROUP.ID":"G18468844","LOCALITY":"Unnamed Road, Kachchh, Gujarat, IN (23.667, 68.574)","LATITUDE":23.6668841,"LONGITUDE":68.5740941,"OBSERVATION.DATE":"2026-09-26","OBSERVER.ID":"obsr494050","DURATION.MINUTES":30.0,"SAMPLING.EVENT.IDENTIFIER":"S396258105","species_list":"Barn Swallow; Black-headed Ibis; Black Drongo; Common Babbler; Common Tailorbird; Gray-breasted Prinia; Gray Francolin; Greater Coucal; Green Warbler; Indian Peafowl; Indian Robin; Lesser Whitethroat; Pied Cuckoo; Purple Sunbird; Rufous-fronted Prinia; White-eared Bulbul","n_species":16,"focal_species_seen":"","focal_species_slugs":"","has_focal":false,"GRID_CODE":"GJ-KU-LAK-018","DISTRICT":"Kachchh","BLOCK":"Lakhpat"},"geometry":{"type":"Point","coordinates":[68.5740941,23.6668841]}},{"type":"Feature","properties":{"GROUP.ID":"G18458742","LOCALITY":"T23-1 Â· GJ-KU-BHA-029","LATITUDE":23.412258,"LONGITUDE":70.590752,"OBSERVATION.DATE":"2026-09-26","OBSERVER.ID":"obsr6576848","DURATION.MINUTES":57.0,"SAMPLING.EVENT.IDENTIFIER":"S396259534","species_list":"Ashy-crowned Sparrow-Lark; Asian Green Bee-eater; Barn Swallow; Bay-backed Shrike; Clamorous Reed Warbler; Common Babbler; Common Cuckoo; Common Hoopoe; Common Tailorbird; Dusky Crag-Martin; Eastern Cattle-Egret; Eastern Red-rumped Swallow; Eurasian Collared-Dove; Glossy Ibis; Gray-breasted Prinia; Gray-necked Bunting; Gray Francolin; Green Sandpiper; House Sparrow; Indian Peafowl; Indian Robin; Indian Silverbill; Laughing Dove; Lesser Whitethroat; Little Cormorant; Montagu's Harrier; Purple Sunbird; Red-tailed Shrike; Red-vented Bulbul; Rufous-fronted Prinia; Spotted Flycatcher; Striolated Bunting; Tawny Pipit; White-eared Bulbul; Wire-tailed Swallow","n_species":35,"focal_species_seen":"Common Cuckoo; Red-tailed Shrike; Spotted Flycatcher","focal_species_slugs":"common-cuckoo;red-tailed-shrike;spotted-flycatcher","has_focal":true,"GRID_CODE":"GJ-KU-BHA-029","DISTRICT":"Kachchh","BLOCK":"Bhachau"},"geometry":{"type":"Point","coordinates":[70.590752,23.412258]}},{"type":"Feature","properties":{"GROUP.ID":"G18479188","LOCALITY":"T26_G1","LATITUDE":23.401759,"LONGITUDE":70.272093,"OBSERVATION.DATE":"2026-09-26","OBSERVER.ID":"obsr604472","DURATION.MINUTES":52.0,"SAMPLING.EVENT.IDENTIFIER":"S396259892","species_list":"Ashy-crowned Sparrow-Lark; Bank Swallow; Black-winged Stilt; Black Drongo; Blue-cheeked Bee-eater; Common Babbler; Common Greenshank; Common Hoopoe; Common Sandpiper; Crested Lark; Eastern Cattle-Egret; Eastern Red-rumped Swallow; Eurasian Collared-Dove; Eurasian Coot; European Roller; Garganey; Gray-headed Swamphen; Gray Francolin; Greater Whitethroat; House Sparrow; Indian Bushlark; Indian Peafowl; Indian Pond-Heron; Indian Silverbill; Indian Spot-billed Duck; Laughing Dove; Lesser Whitethroat; Little Cormorant; Little Egret; Little Grebe; Medium Egret; Montagu's Harrier; Paddyfield Pipit; Purple Sunbird; Red-wattled Lapwing; River Tern; Spotted Redshank; Western Marsh Harrier; White-eared Bulbul; White-throated Kingfisher; Wood Sandpiper","n_species":41,"focal_species_seen":"Blue-cheeked Bee-eater; European Roller; Greater Whitethroat","focal_species_slugs":"blue-cheeked-bee-eater;european-roller;greater-whitethroat","has_focal":true,"GRID_CODE":"GJ-KU-BHA-032","DISTRICT":"Kachchh","BLOCK":"Bhachau"},"geometry":{"type":"Point","coordinates":[70.272093,23.401759]}},{"type":"Feature","properties":{"GROUP.ID":"G18458091","LOCALITY":"T26_G2","LATITUDE":23.417213,"LONGITUDE":70.314048,"OBSERVATION.DATE":"2026-09-26","OBSERVER.ID":"obsr604472","DURATION.MINUTES":59.0,"SAMPLING.EVENT.IDENTIFIER":"S396259997","species_list":"Asian Green Bee-eater; Barn Swallow; Black-winged Stilt; Blue-cheeked Bee-eater; Common Babbler; Common Sandpiper; Crested Lark; Eastern Cattle-Egret; Eurasian Collared-Dove; Great Cormorant; Greater Whitethroat; Gull-billed Tern; Laughing Dove; Paddyfield Pipit; Pied Cuckoo; Red-tailed Shrike; Western Marsh Harrier; Whiskered Tern; White-eared Bulbul; Yellow-throated Sparrow","n_species":20,"focal_species_seen":"Blue-cheeked Bee-eater; Greater Whitethroat; Red-tailed Shrike","focal_species_slugs":"blue-cheeked-bee-eater;greater-whitethroat;red-tailed-shrike","has_focal":true,"GRID_CODE":"GJ-KU-BHA-024","DISTRICT":"Kachchh","BLOCK":"Bhachau"},"geometry":{"type":"Point","coordinates":[70.314048,23.417213]}},{"type":"Feature","properties":{"GROUP.ID":"G18469661","LOCALITY":"T28-2","LATITUDE":23.8139742,"LONGITUDE":69.8701583,"OBSERVATION.DATE":"2026-09-26","OBSERVER.ID":"obsr3649322","DURATION.MINUTES":61.0,"SAMPLING.EVENT.IDENTIFIER":"S396260150","species_list":"Asian Green Bee-eater; Common Babbler; Common Hoopoe; Common Tailorbird; Eurasian Collared-Dove; Eurasian Spoonbill; Gray Francolin; House Sparrow; Indian Robin; Indian Silverbill; Laughing Dove; Lesser Whitethroat; Plain Prinia; Purple Sunbird; Red-vented Bulbul; Red-wattled Lapwing; Spotted Flycatcher; Tree Pipit; Whiskered Tern; White-eared Bulbul; White-throated Kingfisher; Wood Sandpiper","n_species":22,"focal_species_seen":"Spotted Flycatcher","focal_species_slugs":"spotted-flycatcher","has_focal":true,"GRID_CODE":"GJ-KU-BHU-013","DISTRICT":"Kachchh","BLOCK":"Bhuj"},"geometry":{"type":"Point","coordinates":[69.8701583,23.8139742]}},{"type":"Feature","properties":{"GROUP.ID":"G18462212","LOCALITY":"T24G4","LATITUDE":23.3086412,"LONGITUDE":70.6056457,"OBSERVATION.DATE":"2026-09-26","OBSERVER.ID":"obsr3477017","DURATION.MINUTES":42.0,"SAMPLING.EVENT.IDENTIFIER":"S396260251","species_list":"Ashy-crowned Sparrow-Lark; Common Greenshank; Eastern Red-rumped Swallow; Eurasian Collared-Dove; European Roller; Green Sandpiper; Indian Pond-Heron; Indian Robin; Laughing Dove; Little Cormorant; Little Egret; Oriental Darter; Pied Bushchat; Pied Kingfisher; Purple Sunbird; Red-vented Bulbul; Red-wattled Lapwing; White-tailed Iora","n_species":18,"focal_species_seen":"European Roller","focal_species_slugs":"european-roller","has_focal":true,"GRID_CODE":"GJ-KU-BHA-058","DISTRICT":"Kachchh","BLOCK":"Bhachau"},"geometry":{"type":"Point","coordinates":[70.6056457,23.3086412]}},{"type":"Feature","properties":{"GROUP.ID":"G18457912","LOCALITY":"T33-G4","LATITUDE":23.14232,"LONGITUDE":69.2312583,"OBSERVATION.DATE":"2026-09-26","OBSERVER.ID":"obsr6495382","DURATION.MINUTES":55.0,"SAMPLING.EVENT.IDENTIFIER":"S396261284","species_list":"Asian Green Bee-eater; Bay-backed Shrike; Baya Weaver; Black-winged Stilt; Black Drongo; Blyth's Reed Warbler; Brahminy Starling; Brown Rock Chat; Common Babbler; Common Cuckoo; Common Hoopoe; Eastern Cattle-Egret; Eurasian Collared-Dove; European Roller; Gray Francolin; Great Egret; Greater Whitethroat; Green Sandpiper; House Sparrow; Indian Peafowl; Indian Robin; Laughing Dove; Lesser Whistling-Duck; Little Cormorant; Little Swift; Long-tailed Shrike; Oriental Honey-buzzard; Paddyfield Pipit; Purple Sunbird; Red-naped Ibis; Red-vented Bulbul; Red-wattled Lapwing; Rose-ringed Parakeet; Rufous-fronted Prinia; Siberian Stonechat; Spotted Flycatcher; White-breasted Waterhen; White-eared Bulbul; White-tailed Iora; White-throated Kingfisher; Wire-tailed Swallow","n_species":41,"focal_species_seen":"Common Cuckoo; European Roller; Greater Whitethroat; Spotted Flycatcher","focal_species_slugs":"common-cuckoo;european-roller;greater-whitethroat;spotted-flycatcher","has_focal":true,"GRID_CODE":"GJ-KU-NAK-067","DISTRICT":"Kachchh","BLOCK":"Nakhatrana"},"geometry":{"type":"Point","coordinates":[69.2312583,23.14232]}},{"type":"Feature","properties":{"GROUP.ID":"G18461409","LOCALITY":"T15G3","LATITUDE":23.5703783,"LONGITUDE":69.4225167,"OBSERVATION.DATE":"2026-09-26","OBSERVER.ID":"obsr1419186","DURATION.MINUTES":59.0,"SAMPLING.EVENT.IDENTIFIER":"S396262712","species_list":"Asian Green Bee-eater; Bay-backed Shrike; Black-necked Stork; Black-winged Stilt; Blue-cheeked Bee-eater; Eurasian Curlew; Isabelline Shrike; Lesser Whitethroat; Little Cormorant; Red-tailed Shrike","n_species":10,"focal_species_seen":"Blue-cheeked Bee-eater; Red-tailed Shrike","focal_species_slugs":"blue-cheeked-bee-eater;red-tailed-shrike","has_focal":true,"GRID_CODE":"GJ-KU-LIT-010","DISTRICT":"Kachchh","BLOCK":"Little Rann"},"geometry":{"type":"Point","coordinates":[69.4225167,23.5703783]}},{"type":"Feature","properties":{"GROUP.ID":"G18458315","LOCALITY":"T4G2","LATITUDE":23.0738888,"LONGITUDE":69.5139438,"OBSERVATION.DATE":"2026-09-26","OBSERVER.ID":"obsr680651","DURATION.MINUTES":60.0,"SAMPLING.EVENT.IDENTIFIER":"S396263657","species_list":"Bay-backed Shrike; Baya Weaver; Black Drongo; Black Redstart; Common Babbler; Common Hoopoe; Delicate Prinia; Eastern Cattle-Egret; Eastern Red-rumped Swallow; Eurasian Collared-Dove; European Roller; Gray-breasted Prinia; Gray Francolin; Gray Wagtail; Greater Coucal; House Sparrow; Indian Robin; Indian Silverbill; Laughing Dove; Little Egret; Long-tailed Shrike; Plain Prinia; Purple Sunbird; Red-backed Shrike; Red-wattled Lapwing; Siberian Stonechat; Spotted Flycatcher; White-eared Bulbul; White-throated Kingfisher; Wire-tailed Swallow; Yellow-eyed Babbler","n_species":31,"focal_species_seen":"European Roller; Red-backed Shrike; Spotted Flycatcher","focal_species_slugs":"european-roller;red-backed-shrike;spotted-flycatcher","has_focal":true,"GRID_CODE":"GJ-KU-BHU-161","DISTRICT":"Kachchh","BLOCK":"Bhuj"},"geometry":{"type":"Point","coordinates":[69.5139438,23.0738888]}},{"type":"Feature","properties":{"GROUP.ID":"G18458486","LOCALITY":"T18G1","LATITUDE":23.6988851,"LONGITUDE":70.663626,"OBSERVATION.DATE":"2026-09-26","OBSERVER.ID":"obsr807380","DURATION.MINUTES":61.0,"SAMPLING.EVENT.IDENTIFIER":"S396264595","species_list":"Asian Green Bee-eater; Asian Woolly-necked Stork; Blyth's Reed Warbler; Citrine Wagtail; Common Babbler; Common Hoopoe; Common Kingfisher; Common Sandpiper; Eastern Cattle-Egret; Eurasian Collared-Dove; Eurasian Coot; Gray Francolin; Laughing Dove; Little Cormorant; Little Egret; Montagu's Harrier; Purple Sunbird; Red-naped Ibis; Red-wattled Lapwing; Red Collared-Dove; River Tern; White-eared Bulbul","n_species":22,"focal_species_seen":"","focal_species_slugs":"","has_focal":false,"GRID_CODE":"GJ-KU-RAP-031","DISTRICT":"Kachchh","BLOCK":"Rapar"},"geometry":{"type":"Point","coordinates":[70.663626,23.6988851]}},{"type":"Feature","properties":{"GROUP.ID":"G18459154","LOCALITY":"T49G3 - PMC26","LATITUDE":23.4986625,"LONGITUDE":68.5781869,"OBSERVATION.DATE":"2026-09-26","OBSERVER.ID":"obsr3392004","DURATION.MINUTES":64.0,"SAMPLING.EVENT.IDENTIFIER":"S396264944","species_list":"Asian Green Bee-eater; Asian Koel; Black-winged Stilt; Black Drongo; Brahminy Kite; Common Babbler; Common Hoopoe; Common Myna; Common Sandpiper; Common Tailorbird; Eastern Cattle-Egret; Eurasian Collared-Dove; European Roller; Gray-breasted Prinia; Gray Francolin; Gray Heron; Greater Coucal; House Crow; Indian Bushlark; Indian Peafowl; Indian Robin; Indian Silverbill; Indian Spot-billed Duck; Laughing Dove; Little Cormorant; Little Grebe; Little Ringed Plover; Long-tailed Shrike; Oriental Honey-buzzard; Purple Sunbird; Red-backed Shrike; Red-vented Bulbul; Red-wattled Lapwing; River Tern; Rose-ringed Parakeet; Variable Wheatear; White-tailed Iora; White-throated Kingfisher; Wire-tailed Swallow","n_species":39,"focal_species_seen":"European Roller; Red-backed Shrike","focal_species_slugs":"european-roller;red-backed-shrike","has_focal":true,"GRID_CODE":"GJ-KU-ABD-001","DISTRICT":"Kachchh","BLOCK":"Abdasa"},"geometry":{"type":"Point","coordinates":[68.5781869,23.4986625]}},{"type":"Feature","properties":{"GROUP.ID":"G18458048","LOCALITY":"T31_G1","LATITUDE":23.7604,"LONGITUDE":69.369465,"OBSERVATION.DATE":"2026-09-26","OBSERVER.ID":"obsr3561725","DURATION.MINUTES":69.0,"SAMPLING.EVENT.IDENTIFIER":"S396265079","species_list":"Barn Swallow; Black-winged Stilt; Black Drongo; Blue-cheeked Bee-eater; Citrine Wagtail; Common Snipe; Desert Wheatear; Eurasian Curlew; Greater Short-toed Lark; Green-winged Teal; Gull-billed Tern; Little Stint; Montagu's Harrier; Ruff; Siberian Stonechat; Tawny Pipit; Western Reef-Heron; Wire-tailed Swallow; Wood Sandpiper","n_species":19,"focal_species_seen":"Blue-cheeked Bee-eater","focal_species_slugs":"blue-cheeked-bee-eater","has_focal":true,"GRID_CODE":"GJ-KU-RAN-502","DISTRICT":"Kachchh","BLOCK":"Rann of Kachchh"},"geometry":{"type":"Point","coordinates":[69.369465,23.7604]}},{"type":"Feature","properties":{"GROUP.ID":"G18469660","LOCALITY":"T28-4","LATITUDE":23.8143578,"LONGITUDE":69.8693652,"OBSERVATION.DATE":"2026-09-26","OBSERVER.ID":"obsr3649322","DURATION.MINUTES":38.0,"SAMPLING.EVENT.IDENTIFIER":"S396265200","species_list":"Asian Green Bee-eater; Black Drongo; Brahminy Starling; Common Babbler; Eurasian Collared-Dove; European Roller; House Sparrow; Indian Robin; Indian Silverbill; Laughing Dove; Red-vented Bulbul; Spotted Flycatcher","n_species":12,"focal_species_seen":"European Roller; Spotted Flycatcher","focal_species_slugs":"european-roller;spotted-flycatcher","has_focal":true,"GRID_CODE":"GJ-KU-BHU-013","DISTRICT":"Kachchh","BLOCK":"Bhuj"},"geometry":{"type":"Point","coordinates":[69.8693652,23.8143578]}},{"type":"Feature","properties":{"GROUP.ID":"G18458061","LOCALITY":"T31_G4","LATITUDE":23.778425,"LONGITUDE":69.408901,"OBSERVATION.DATE":"2026-09-26","OBSERVER.ID":"obsr3561725","DURATION.MINUTES":55.0,"SAMPLING.EVENT.IDENTIFIER":"S396265240","species_list":"Bank Swallow; Barn Swallow; Blue-cheeked Bee-eater; Caspian Tern; Common Greenshank; Greater Short-toed Lark; Gull-billed Tern; Kentish Plover; Little Stint; Sand Lark; Whiskered Tern","n_species":11,"focal_species_seen":"Blue-cheeked Bee-eater","focal_species_slugs":"blue-cheeked-bee-eater","has_focal":true,"GRID_CODE":"GJ-KU-BHU-017","DISTRICT":"Kachchh","BLOCK":"Bhuj"},"geometry":{"type":"Point","coordinates":[69.408901,23.778425]}},{"type":"Feature","properties":{"GROUP.ID":"G18461574","LOCALITY":"T2-PMC26","LATITUDE":23.1889709,"LONGITUDE":69.8184879,"OBSERVATION.DATE":"2026-09-26","OBSERVER.ID":"obsr2895441","DURATION.MINUTES":48.0,"SAMPLING.EVENT.IDENTIFIER":"S396268382","species_list":"Ashy-crowned Sparrow-Lark; Asian Green Bee-eater; Asian Koel; Barred Buttonquail; Baya Weaver; Common Babbler; Common Hoopoe; Dusky Crag-Martin; Eastern Cattle-Egret; Eastern Orphean Warbler; Eastern Red-rumped Swallow; Eurasian Collared-Dove; Eurasian Hobby; European Roller; Gray-breasted Prinia; Gray Francolin; Greater Coucal; House Sparrow; Indian Robin; Indian Silverbill; Jungle Prinia; Laughing Dove; Lesser Whitethroat; Little Swift; Long-tailed Shrike; Oriental Honey-buzzard; Paddyfield Pipit; Plain Prinia; Purple Sunbird; Red-backed Shrike; Red-tailed Shrike; Red-vented Bulbul; Red-wattled Lapwing; Rufous-fronted Prinia; Rufous-tailed Scrub-Robin; Shikra; Siberian Stonechat; Small Minivet; Striolated Bunting; Variable Wheatear; White-eared Bulbul; White-tailed Iora; White-throated Kingfisher; Wire-tailed Swallow","n_species":44,"focal_species_seen":"European Roller; Red-backed Shrike; Red-tailed Shrike; Rufous-tailed Scrub-Robin","focal_species_slugs":"european-roller;red-backed-shrike;red-tailed-shrike;rufous-tailed-scrub-robin","has_focal":true,"GRID_CODE":"GJ-KU-BHU-150","DISTRICT":"Kachchh","BLOCK":"Bhuj"},"geometry":{"type":"Point","coordinates":[69.8184879,23.1889709]}},{"type":"Feature","properties":{"GROUP.ID":"G18468182","LOCALITY":"Team 19 - 3 grid Sanva Phulpara Road, Kachchh IN-Gujarat 23.63768, 70.97742","LATITUDE":23.637678,"LONGITUDE":70.97742,"OBSERVATION.DATE":"2026-09-26","OBSERVER.ID":"obsr961478","DURATION.MINUTES":55.0,"SAMPLING.EVENT.IDENTIFIER":"S396270479","species_list":"Ashy-crowned Sparrow-Lark; Asian Green Bee-eater; Baya Weaver; Black-winged Stilt; Cotton Pygmy-Goose; Eastern Cattle-Egret; Eurasian Collared-Dove; Eurasian Coot; European Roller; Indian Silverbill; Laughing Dove; Lesser Whistling-Duck; Lesser Whitethroat; Little Grebe; Long-tailed Shrike; Painted Stork; Pied Bushchat; Red-vented Bulbul; Red-wattled Lapwing; River Tern; Rose-ringed Parakeet; Rosy Starling; Whiskered Tern; White-eared Bulbul; White-throated Kingfisher","n_species":25,"focal_species_seen":"European Roller","focal_species_slugs":"european-roller","has_focal":true,"GRID_CODE":"GJ-KU-RAP-047","DISTRICT":"Kachchh","BLOCK":"Rapar"},"geometry":{"type":"Point","coordinates":[70.97742,23.637678]}},{"type":"Feature","properties":{"GROUP.ID":"G18458207","LOCALITY":"Great Rann of Kachchh--Dhordo","LATITUDE":23.801798,"LONGITUDE":69.5041466,"OBSERVATION.DATE":"2026-09-26","OBSERVER.ID":"obsr1065391","DURATION.MINUTES":38.0,"SAMPLING.EVENT.IDENTIFIER":"S396277235","species_list":"Ashy-crowned Sparrow-Lark; Asian Green Bee-eater; Bank Swallow; Black-winged Stilt; Black Drongo; Blue-cheeked Bee-eater; Brown Rock Chat; Collared Pratincole; Common Greenshank; Common Myna; Common Snipe; European Roller; Green Sandpiper; Little Ringed Plover; Marsh Sandpiper; Temminck's Stint; Western Reef-Heron; Wood Sandpiper","n_species":18,"focal_species_seen":"Blue-cheeked Bee-eater; European Roller","focal_species_slugs":"blue-cheeked-bee-eater;european-roller","has_focal":true,"GRID_CODE":"GJ-KU-BHU-018","DISTRICT":"Kachchh","BLOCK":"Bhuj"},"geometry":{"type":"Point","coordinates":[69.5041466,23.801798]}},{"type":"Feature","properties":{"GROUP.ID":"G18458272","LOCALITY":"T17G1","LATITUDE":23.8162957,"LONGITUDE":70.8062396,"OBSERVATION.DATE":"2026-09-26","OBSERVER.ID":"obsr413366","DURATION.MINUTES":48.0,"SAMPLING.EVENT.IDENTIFIER":"S396277543","species_list":"Ashy-crowned Sparrow-Lark; Asian Green Bee-eater; Asian Koel; Bay-backed Shrike; Baya Weaver; Black-winged Kite; Black Drongo; Common Babbler; Common Hoopoe; Common Myna; Common Tailorbird; Dusky Crag-Martin; Eastern Cattle-Egret; Eurasian Collared-Dove; Eurasian Wryneck; European Roller; Gray-necked Bunting; Gray Francolin; House Sparrow; Indian Bushlark; Indian Peafowl; Indian Robin; Indian Silverbill; Indian Spot-billed Duck; Laughing Dove; Lesser Whitethroat; Long-tailed Shrike; Paddyfield Pipit; Painted Stork; Purple Sunbird; Red-vented Bulbul; Red-wattled Lapwing; Red Collared-Dove; Rosy Starling; Spotted Flycatcher; Variable Wheatear; White-eared Bulbul; White-throated Kingfisher; Wire-tailed Swallow; Yellow-throated Sparrow","n_species":40,"focal_species_seen":"European Roller; Spotted Flycatcher","focal_species_slugs":"european-roller;spotted-flycatcher","has_focal":true,"GRID_CODE":"GJ-KU-RAP-013","DISTRICT":"Kachchh","BLOCK":"Rapar"},"geometry":{"type":"Point","coordinates":[70.8062396,23.8162957]}},{"type":"Feature","properties":{"GROUP.ID":"G18462532","LOCALITY":"T6-PMC G2","LATITUDE":22.8297212,"LONGITUDE":69.4876014,"OBSERVATION.DATE":"2026-09-26","OBSERVER.ID":"obsr1205825","DURATION.MINUTES":31.0,"SAMPLING.EVENT.IDENTIFIER":"S396279783","species_list":"Asian Koel; Black-headed Ibis; Black Drongo; Common Tailorbird; Eurasian Collared-Dove; European Roller; Gray Francolin; House Crow; Indian Robin; Indian Silverbill; Purple Sunbird; Red-vented Bulbul; Red-wattled Lapwing; Rose-ringed Parakeet; Rosy Starling; White-eared Bulbul","n_species":16,"focal_species_seen":"European Roller","focal_species_slugs":"european-roller","has_focal":true,"GRID_CODE":"GJ-KU-MAN-051","DISTRICT":"Kachchh","BLOCK":"Mandvi"},"geometry":{"type":"Point","coordinates":[69.4876014,22.8297212]}},{"type":"Feature","properties":{"GROUP.ID":"G18461437","LOCALITY":"T15G5","LATITUDE":23.61515,"LONGITUDE":69.4759983,"OBSERVATION.DATE":"2026-09-26","OBSERVER.ID":"obsr1419186","DURATION.MINUTES":49.0,"SAMPLING.EVENT.IDENTIFIER":"S396280178","species_list":"Common Babbler; Eurasian Wryneck; European Roller; Lesser Whitethroat; Red-tailed Shrike; Siberian Stonechat","n_species":6,"focal_species_seen":"European Roller; Red-tailed Shrike","focal_species_slugs":"european-roller;red-tailed-shrike","has_focal":true,"GRID_CODE":"GJ-KU-BHU-059","DISTRICT":"Kachchh","BLOCK":"Bhuj"},"geometry":{"type":"Point","coordinates":[69.4759983,23.61515]}},{"type":"Feature","properties":{"GROUP.ID":"G18458383","LOCALITY":"T12G3","LATITUDE":23.3701682,"LONGITUDE":70.1286944,"OBSERVATION.DATE":"2026-09-26","OBSERVER.ID":"obsr1301322","DURATION.MINUTES":41.0,"SAMPLING.EVENT.IDENTIFIER":"S396293303","species_list":"Asian Green Bee-eater; Barn Swallow; Bay-backed Shrike; Baya Weaver; Black Drongo; Common Hoopoe; Common Sandpiper; Eurasian Collared-Dove; European Roller; Gray Francolin; Great Gray Shrike; House Crow; Indian Bushlark; Indian Silverbill; Laughing Dove; Little Egret; Montagu's Harrier; Purple Sunbird; Red-tailed Shrike; Red-vented Bulbul; River Tern; Rufous-fronted Prinia; Siberian Stonechat; Tree Pipit","n_species":24,"focal_species_seen":"European Roller; Red-tailed Shrike","focal_species_slugs":"european-roller;red-tailed-shrike","has_focal":true,"GRID_CODE":"GJ-KU-ANJ-001","DISTRICT":"Kachchh","BLOCK":"Anjar"},"geometry":{"type":"Point","coordinates":[70.1286944,23.3701682]}},{"type":"Feature","properties":{"GROUP.ID":"G18458740","LOCALITY":"T23-2 Â· GJ-KU-BHA-022","LATITUDE":23.4686,"LONGITUDE":70.55528,"OBSERVATION.DATE":"2026-09-26","OBSERVER.ID":"obsr6576848","DURATION.MINUTES":61.0,"SAMPLING.EVENT.IDENTIFIER":"S396294012","species_list":"Asian Green Bee-eater; Common Babbler; Common Tailorbird; Eastern Red-rumped Swallow; Eurasian Collared-Dove; Gray-necked Bunting; Gray Francolin; Greater Coucal; Greater Whitethroat; Indian Bushlark; Indian Silverbill; Isabelline Shrike; Laughing Dove; Lesser Whitethroat; Red-tailed Shrike; Red-vented Bulbul; Rufous-fronted Prinia; Rufous-tailed Lark; Rufous-tailed Scrub-Robin; Siberian Stonechat; Spotted Flycatcher; Striolated Bunting; Tawny Pipit; White-eared Bulbul","n_species":24,"focal_species_seen":"Greater Whitethroat; Red-tailed Shrike; Rufous-tailed Scrub-Robin; Spotted Flycatcher","focal_species_slugs":"greater-whitethroat;red-tailed-shrike;rufous-tailed-scrub-robin;spotted-flycatcher","has_focal":true,"GRID_CODE":"GJ-KU-BHA-022","DISTRICT":"Kachchh","BLOCK":"Bhachau"},"geometry":{"type":"Point","coordinates":[70.55528,23.4686]}},{"type":"Feature","properties":{"GROUP.ID":"G18458598","LOCALITY":"T12G2","LATITUDE":23.3239932,"LONGITUDE":70.2035952,"OBSERVATION.DATE":"2026-09-26","OBSERVER.ID":"obsr1301322","DURATION.MINUTES":75.0,"SAMPLING.EVENT.IDENTIFIER":"S396294706","species_list":"Ashy-crowned Sparrow-Lark; Asian Green Bee-eater; Baya Weaver; Black-headed Ibis; Eurasian Collared-Dove; European Roller; Glossy Ibis; Gray-breasted Prinia; Gray-necked Bunting; Gray Francolin; House Sparrow; Indian Robin; Indian Roller; Indian Silverbill; Laughing Dove; Little Cormorant; Pied Bushchat; Plain Prinia; Purple Sunbird; Red-naped Ibis; Red-vented Bulbul; Red-wattled Lapwing; River Tern; Rose-ringed Parakeet; Rosy Starling; Shikra; Siberian Stonechat; Spotted Flycatcher; Striolated Bunting; White-eared Bulbul; White-throated Kingfisher; Yellow-eyed Babbler","n_species":32,"focal_species_seen":"European Roller; Spotted Flycatcher","focal_species_slugs":"european-roller;spotted-flycatcher","has_focal":true,"GRID_CODE":"GJ-KU-ANJ-005","DISTRICT":"Kachchh","BLOCK":"Anjar"},"geometry":{"type":"Point","coordinates":[70.2035952,23.3239932]}},{"type":"Feature","properties":{"GROUP.ID":"G18458458","LOCALITY":"T25 G1","LATITUDE":23.2772876,"LONGITUDE":70.3474297,"OBSERVATION.DATE":"2026-09-26","OBSERVER.ID":"obsr640387","DURATION.MINUTES":45.0,"SAMPLING.EVENT.IDENTIFIER":"S396296419","species_list":"Ashy-crowned Sparrow-Lark; Asian Green Bee-eater; Asian Koel; Bay-backed Shrike; Black-winged Kite; Eastern Cattle-Egret; Eurasian Collared-Dove; Eurasian Coot; Eurasian Moorhen; European Roller; Gray-headed Swamphen; Gray Heron; House Crow; House Sparrow; Indian Cormorant; Indian Courser; Indian Silverbill; Laughing Dove; Little Cormorant; Little Egret; Little Grebe; Little Ringed Plover; Little Swift; Paddyfield Pipit; Purple Sunbird; Red-vented Bulbul; Red-wattled Lapwing; River Tern; Rosy Starling; Streak-throated Swallow; White-eared Bulbul; Yellow-wattled Lapwing","n_species":32,"focal_species_seen":"European Roller","focal_species_slugs":"european-roller","has_focal":true,"GRID_CODE":"GJ-KU-BHA-053","DISTRICT":"Kachchh","BLOCK":"Bhachau"},"geometry":{"type":"Point","coordinates":[70.3474297,23.2772876]}},{"type":"Feature","properties":{"GROUP.ID":"G18468838","LOCALITY":"T50G1","LATITUDE":23.5519716,"LONGITUDE":68.5218131,"OBSERVATION.DATE":"2026-09-26","OBSERVER.ID":"obsr494050","DURATION.MINUTES":41.0,"SAMPLING.EVENT.IDENTIFIER":"S396302321","species_list":"Ashy-crowned Sparrow-Lark; Asian Green Bee-eater; Bay-backed Shrike; Baya Weaver; Black Drongo; Blyth's Reed Warbler; Booted Eagle; Common Babbler; Common Hoopoe; Eurasian Collared-Dove; Gray-breasted Prinia; Gray Francolin; Greater Whitethroat; House Sparrow; Indian Bushlark; Indian Robin; Indian Silverbill; Jungle Prinia; Laughing Dove; Lesser Whitethroat; Oriental Honey-buzzard; Paddyfield Pipit; Purple Sunbird; Red-naped Ibis; Red-vented Bulbul; Red-wattled Lapwing; Rose-ringed Parakeet; Rosy Starling; Rufous-fronted Prinia; Rufous-tailed Scrub-Robin; Tawny Pipit; Western Marsh Harrier; Whiskered Tern; White-tailed Iora; Wire-tailed Swallow; Yellow-wattled Lapwing; Zitting Cisticola","n_species":37,"focal_species_seen":"Greater Whitethroat; Rufous-tailed Scrub-Robin","focal_species_slugs":"greater-whitethroat;rufous-tailed-scrub-robin","has_focal":true,"GRID_CODE":"GJ-KU-LAK-055","DISTRICT":"Kachchh","BLOCK":"Lakhpat"},"geometry":{"type":"Point","coordinates":[68.5218131,23.5519716]}},{"type":"Feature","properties":{"GROUP.ID":"G18465738","LOCALITY":"T1G1","LATITUDE":23.2685417,"LONGITUDE":69.5128611,"OBSERVATION.DATE":"2026-09-26","OBSERVER.ID":"obsr3055826","DURATION.MINUTES":60.0,"SAMPLING.EVENT.IDENTIFIER":"S396305123","species_list":"Ashy-crowned Sparrow-Lark; Asian Green Bee-eater; Bay-backed Shrike; Baya Weaver; Black Drongo; Blyth's Reed Warbler; Common Babbler; Common Hoopoe; Common Kingfisher; Common Sandpiper; Crested Lark; Desert Wheatear; Eastern Red-rumped Swallow; Eurasian Collared-Dove; European Roller; Gray Francolin; Gray Heron; Greater Coucal; Greater Whitethroat; Green Sandpiper; Indian Robin; Indian Silverbill; Isabelline Shrike; Laughing Dove; Little Cormorant; Little Egret; Oriental Darter; Painted Stork; Purple Sunbird; Red-backed Shrike; Red-naped Ibis; Red-vented Bulbul; Red-wattled Lapwing; Red Collared-Dove; Rufous-tailed Lark; Spotted Flycatcher; Variable Wheatear; White-breasted Waterhen; White-eared Bulbul; White-throated Kingfisher; Wire-tailed Swallow","n_species":41,"focal_species_seen":"European Roller; Greater Whitethroat; Red-backed Shrike; Spotted Flycatcher","focal_species_slugs":"european-roller;greater-whitethroat;red-backed-shrike;spotted-flycatcher","has_focal":true,"GRID_CODE":"GJ-KU-BHU-120","DISTRICT":"Kachchh","BLOCK":"Bhuj"},"geometry":{"type":"Point","coordinates":[69.5128611,23.2685417]}},{"type":"Feature","properties":{"GROUP.ID":"G18458662","LOCALITY":"Mundhvay, Gujarat,","LATITUDE":23.7072378,"LONGITUDE":68.7050316,"OBSERVATION.DATE":"2026-09-26","OBSERVER.ID":"obsr665310","DURATION.MINUTES":41.0,"SAMPLING.EVENT.IDENTIFIER":"S396306078","species_list":"Asian Green Bee-eater; Black-winged Kite; Black-winged Stilt; Black Drongo; Black Francolin; Common Myna; Common Sandpiper; Common Tailorbird; Eastern Cattle-Egret; Eurasian Collared-Dove; European Roller; Gray-breasted Prinia; Gray Francolin; Gray Wagtail; Great Gray Shrike; Green Sandpiper; House Crow; House Sparrow; Indian Peafowl; Indian Pond-Heron; Indian Robin; Indian Roller; Indian Silverbill; Laughing Dove; Lesser Whistling-Duck; Little Egret; Little Heron; Long-tailed Shrike; Medium Egret; Painted Sandgrouse; Pied Kingfisher; Purple Heron; Purple Sunbird; Red-naped Ibis; Red-vented Bulbul; Red-wattled Lapwing; Red Collared-Dove; River Tern; Rosy Starling; Shikra; Siberian Stonechat; White-eared Bulbul; White-throated Kingfisher; Wire-tailed Swallow; Yellow-throated Sparrow; Yellow-wattled Lapwing","n_species":46,"focal_species_seen":"European Roller","focal_species_slugs":"european-roller","has_focal":true,"GRID_CODE":"GJ-KU-LAK-020","DISTRICT":"Kachchh","BLOCK":"Lakhpat"},"geometry":{"type":"Point","coordinates":[68.7050316,23.7072378]}},{"type":"Feature","properties":{"GROUP.ID":"G18458733","LOCALITY":"T11G3","LATITUDE":23.167995,"LONGITUDE":70.045774,"OBSERVATION.DATE":"2026-09-26","OBSERVER.ID":"obsr8001542","DURATION.MINUTES":71.0,"SAMPLING.EVENT.IDENTIFIER":"S396314413","species_list":"Asian Green Bee-eater; Baya Weaver; Black-winged Stilt; Black Drongo; Common Babbler; Common Greenshank; Common Hoopoe; Common Kingfisher; Common Myna; Common Sandpiper; Common Snipe; Common Tailorbird; Dusky Crag-Martin; Eastern Cattle-Egret; Eastern Red-rumped Swallow; Eurasian Collared-Dove; Eurasian Coot; Eurasian Moorhen; Eurasian Wryneck; European Roller; Gray-headed Swamphen; Gray Francolin; Gray Heron; Great Cormorant; Great Egret; Greater Coucal; Green Sandpiper; Green Warbler; House Crow; House Sparrow; Indian Bushlark; Indian Cormorant; Indian Peafowl; Indian Pond-Heron; Indian Robin; Indian Silverbill; Indian Spot-billed Duck; Isabelline Shrike; Laughing Dove; Lesser Whitethroat; Little Cormorant; Little Stint; Long-tailed Shrike; Marsh Sandpiper; Northern Shoveler; Paddyfield Pipit; Pied Bushchat; Pied Kingfisher; Plain Prinia; Purple Heron; Purple Sunbird; Red-naped Ibis; Red-vented Bulbul; Red-wattled Lapwing; Red Collared-Dove; River Tern; Rose-ringed Parakeet; Shikra; Siberian Stonechat; Streak-throated Swallow; Temminck's Stint; Tree Pipit; Variable Wheatear; Western Yellow Wagtail; Whiskered Tern; White-browed Wagtail; White-eared Bulbul; White-throated Kingfisher; Wire-tailed Swallow; Wood Sandpiper","n_species":70,"focal_species_seen":"European Roller","focal_species_slugs":"european-roller","has_focal":true,"GRID_CODE":"GJ-KU-ANJ-017","DISTRICT":"Kachchh","BLOCK":"Anjar"},"geometry":{"type":"Point","coordinates":[70.045774,23.167995]}},{"type":"Feature","properties":{"GROUP.ID":"G18477536","LOCALITY":"T7G4","LATITUDE":23.4687422,"LONGITUDE":69.7668565,"OBSERVATION.DATE":"2026-09-26","OBSERVER.ID":"obsr1522701","DURATION.MINUTES":56.0,"SAMPLING.EVENT.IDENTIFIER":"S396332478","species_list":"Asian Green Bee-eater; Blue-cheeked Bee-eater; Common Babbler; Eastern Orphean Warbler; Eurasian Collared-Dove; House Crow; Isabelline Shrike; Lesser Whitethroat; Red-backed Shrike; Red-tailed Shrike; Red-wattled Lapwing; Ruff; Rufous-tailed Scrub-Robin; Tawny Pipit; Western Marsh Harrier; White-eared Bulbul; Wood Sandpiper","n_species":17,"focal_species_seen":"Blue-cheeked Bee-eater; Red-backed Shrike; Red-tailed Shrike; Rufous-tailed Scrub-Robin","focal_species_slugs":"blue-cheeked-bee-eater;red-backed-shrike;red-tailed-shrike;rufous-tailed-scrub-robin","has_focal":true,"GRID_CODE":"GJ-KU-LIT-042","DISTRICT":"Kachchh","BLOCK":"Little Rann"},"geometry":{"type":"Point","coordinates":[69.7668565,23.4687422]}},{"type":"Feature","properties":{"GROUP.ID":"G18477535","LOCALITY":"T7G2","LATITUDE":23.43894,"LONGITUDE":69.753323,"OBSERVATION.DATE":"2026-09-26","OBSERVER.ID":"obsr1522701","DURATION.MINUTES":39.0,"SAMPLING.EVENT.IDENTIFIER":"S396353824","species_list":"Asian Green Bee-eater; Black Francolin; Common Hoopoe; Common Sandpiper; Eastern Red-rumped Swallow; Eurasian Collared-Dove; European Roller; Gray-necked Bunting; Gray Francolin; Laughing Dove; Purple Sunbird; Red-vented Bulbul; Red-wattled Lapwing; Red Collared-Dove; Rose-ringed Parakeet; White-eared Bulbul","n_species":16,"focal_species_seen":"European Roller","focal_species_slugs":"european-roller","has_focal":true,"GRID_CODE":"GJ-KU-BHU-086","DISTRICT":"Kachchh","BLOCK":"Bhuj"},"geometry":{"type":"Point","coordinates":[69.753323,23.43894]}},{"type":"Feature","properties":{"GROUP.ID":"G18460419","LOCALITY":"T-3 (G-4)Bhuj, Kachchh IN-Gujarat 23.13085, 69.62080","LATITUDE":23.130855,"LONGITUDE":69.620799,"OBSERVATION.DATE":"2026-09-26","OBSERVER.ID":"obsr2145220","DURATION.MINUTES":62.0,"SAMPLING.EVENT.IDENTIFIER":"S396356661","species_list":"Ashy-crowned Sparrow-Lark; Bay-backed Shrike; Baya Weaver; Common Sandpiper; Eastern Cattle-Egret; European Roller; Indian Robin; Laughing Dove; Lesser Whitethroat; Little Egret; Red-vented Bulbul; Rufous-tailed Lark; Rufous-tailed Scrub-Robin; White-eared Bulbul","n_species":14,"focal_species_seen":"European Roller; Rufous-tailed Scrub-Robin","focal_species_slugs":"european-roller;rufous-tailed-scrub-robin","has_focal":true,"GRID_CODE":"GJ-KU-BHU-155","DISTRICT":"Kachchh","BLOCK":"Bhuj"},"geometry":{"type":"Point","coordinates":[69.620799,23.130855]}},{"type":"Feature","properties":{"GROUP.ID":"G18459748","LOCALITY":"T4G5","LATITUDE":23.179763,"LONGITUDE":69.5813558,"OBSERVATION.DATE":"2026-09-26","OBSERVER.ID":"obsr680651","DURATION.MINUTES":43.0,"SAMPLING.EVENT.IDENTIFIER":"S396359504","species_list":"Ashy-crowned Sparrow-Lark; Black Drongo; Common Myna; Eastern Red-rumped Swallow; Eurasian Collared-Dove; Gull-billed Tern; House Sparrow; Laughing Dove; Paddyfield Pipit; Red-vented Bulbul; Red-wattled Lapwing; Spotted Flycatcher; Striolated Bunting; Variable Wheatear; Whiskered Tern; White-browed Wagtail; White-eared Bulbul; Wire-tailed Swallow","n_species":18,"focal_species_seen":"Spotted Flycatcher","focal_species_slugs":"spotted-flycatcher","has_focal":true,"GRID_CODE":"GJ-KU-BHU-145","DISTRICT":"Kachchh","BLOCK":"Bhuj"},"geometry":{"type":"Point","coordinates":[69.5813558,23.179763]}},{"type":"Feature","properties":{"GROUP.ID":"G18468986","LOCALITY":"T26_G3","LATITUDE":23.424711,"LONGITUDE":70.452673,"OBSERVATION.DATE":"2026-09-26","OBSERVER.ID":"obsr604472","DURATION.MINUTES":55.0,"SAMPLING.EVENT.IDENTIFIER":"S396362731","species_list":"Ashy-crowned Sparrow-Lark; Asian Green Bee-eater; Barn Swallow; Bay-backed Shrike; Black-winged Kite; Blue-cheeked Bee-eater; Booted Eagle; Common Babbler; Common Hoopoe; Eastern Cattle-Egret; Eurasian Collared-Dove; European Roller; Gray Francolin; House Sparrow; Indian Peafowl; Indian Robin; Indian Silverbill; Laughing Dove; Lesser Whitethroat; Little Egret; Montagu's Harrier; Paddyfield Pipit; Purple Sunbird; Red-backed Shrike; Red-tailed Shrike; Red-vented Bulbul; Red-wattled Lapwing; Rosy Starling; Variable Wheatear; White-eared Bulbul; Yellow-wattled Lapwing","n_species":31,"focal_species_seen":"Blue-cheeked Bee-eater; European Roller; Red-backed Shrike; Red-tailed Shrike","focal_species_slugs":"blue-cheeked-bee-eater;european-roller;red-backed-shrike;red-tailed-shrike","has_focal":true,"GRID_CODE":"GJ-KU-BHA-026","DISTRICT":"Kachchh","BLOCK":"Bhachau"},"geometry":{"type":"Point","coordinates":[70.452673,23.424711]}},{"type":"Feature","properties":{"GROUP.ID":"G18461466","LOCALITY":"T15G01","LATITUDE":23.5159317,"LONGITUDE":69.4694617,"OBSERVATION.DATE":"2026-09-26","OBSERVER.ID":"obsr1419186","DURATION.MINUTES":48.0,"SAMPLING.EVENT.IDENTIFIER":"S396383069","species_list":"Black-winged Stilt; Common Babbler; Eurasian Collared-Dove; European Roller; Gray Francolin; Gray Heron; Great Gray Shrike; Isabelline Shrike; Laughing Dove; Little Egret; Little Stint; Painted Sandgrouse; Pied Kingfisher; Red-wattled Lapwing; Rosy Starling; Rufous-tailed Lark; Temminck's Stint; Wood Sandpiper; Yellow-throated Sparrow","n_species":19,"focal_species_seen":"European Roller","focal_species_slugs":"european-roller","has_focal":true,"GRID_CODE":"GJ-KU-LIT-025","DISTRICT":"Kachchh","BLOCK":"Little Rann"},"geometry":{"type":"Point","coordinates":[69.4694617,23.5159317]}},{"type":"Feature","properties":{"GROUP.ID":"G18460935","LOCALITY":"T36G03","LATITUDE":22.9373301,"LONGITUDE":69.0897675,"OBSERVATION.DATE":"2026-09-26","OBSERVER.ID":"obsr3339457","DURATION.MINUTES":33.0,"SAMPLING.EVENT.IDENTIFIER":"S396388187","species_list":"Common Babbler; Delicate Prinia; European Roller; Glossy Ibis; Gray-headed Swamphen; Gray Francolin; Gray Heron; Great Egret; House Sparrow; Little Cormorant; Long-billed Pipit; Medium Egret; Paddyfield Pipit; Rain Quail; Red-vented Bulbul; Spotted Flycatcher; Tawny Pipit; Tree Pipit; Variable Wheatear","n_species":19,"focal_species_seen":"European Roller; Spotted Flycatcher","focal_species_slugs":"european-roller;spotted-flycatcher","has_focal":true,"GRID_CODE":"GJ-KU-MAN-027","DISTRICT":"Kachchh","BLOCK":"Mandvi"},"geometry":{"type":"Point","coordinates":[69.0897675,22.9373301]}},{"type":"Feature","properties":{"GROUP.ID":"G18468944","LOCALITY":"T43-G1","LATITUDE":23.6215617,"LONGITUDE":68.9163117,"OBSERVATION.DATE":"2026-09-26","OBSERVER.ID":"obsr1430794","DURATION.MINUTES":66.0,"SAMPLING.EVENT.IDENTIFIER":"S396391546","species_list":"Ashy-crowned Sparrow-Lark; Asian Green Bee-eater; Barn Swallow; Bay-backed Shrike; Black-headed Ibis; Common Babbler; Eastern Red-rumped Swallow; Eurasian Spoonbill; European Roller; Gray Francolin; Green Warbler; House Sparrow; Indian Robin; Little Ringed Plover; Red-vented Bulbul; Red Collared-Dove; Rufous-fronted Prinia; Tawny Pipit; Variable Wheatear; White-eared Bulbul; Yellow-crowned Woodpecker","n_species":21,"focal_species_seen":"European Roller","focal_species_slugs":"european-roller","has_focal":true,"GRID_CODE":"GJ-KU-LAK-039","DISTRICT":"Kachchh","BLOCK":"Lakhpat"},"geometry":{"type":"Point","coordinates":[68.9163117,23.6215617]}},{"type":"Feature","properties":{"GROUP.ID":"G18461163","LOCALITY":"T18G3","LATITUDE":23.6771935,"LONGITUDE":70.8012146,"OBSERVATION.DATE":"2026-09-26","OBSERVER.ID":"obsr807380","DURATION.MINUTES":60.0,"SAMPLING.EVENT.IDENTIFIER":"S396391561","species_list":"Asian Green Bee-eater; Baya Weaver; Black-winged Kite; Black Drongo; Blue-cheeked Bee-eater; Blyth's Reed Warbler; Common Babbler; Common Greenshank; Common Hoopoe; Common Kingfisher; Common Sandpiper; Crested Lark; Delicate Prinia; Eastern Red-rumped Swallow; Eurasian Collared-Dove; Eurasian Spoonbill; European Roller; Gray Francolin; Greater Coucal; Greater Short-toed Lark; Indian Peafowl; Indian Silverbill; Laughing Dove; Lesser Whitethroat; Little Cormorant; Little Egret; Oriental Darter; Pied Kingfisher; Plain Prinia; Purple Heron; Purple Sunbird; Red-vented Bulbul; Red-wattled Lapwing; Red Collared-Dove; River Tern; Variable Wheatear; Western Marsh Harrier; Western Yellow Wagtail; White-eared Bulbul; White-throated Kingfisher","n_species":40,"focal_species_seen":"Blue-cheeked Bee-eater; European Roller","focal_species_slugs":"blue-cheeked-bee-eater;european-roller","has_focal":true,"GRID_CODE":"GJ-KU-RAP-033","DISTRICT":"Kachchh","BLOCK":"Rapar"},"geometry":{"type":"Point","coordinates":[70.8012146,23.6771935]}},{"type":"Feature","properties":{"GROUP.ID":"G18469658","LOCALITY":"T28G1","LATITUDE":23.788468,"LONGITUDE":69.698906,"OBSERVATION.DATE":"2026-09-26","OBSERVER.ID":"obsr6507024","DURATION.MINUTES":35.0,"SAMPLING.EVENT.IDENTIFIER":"S396393404","species_list":"Black-winged Stilt; Common Sandpiper; Crested Lark; Eastern Red-rumped Swallow; Little Egret; Pallid Harrier; Red-wattled Lapwing; Tibetan Sand-Plover; White-throated Kingfisher; Wire-tailed Swallow","n_species":10,"focal_species_seen":"","focal_species_slugs":"","has_focal":false,"GRID_CODE":"GJ-KU-RAN-505","DISTRICT":"Kachchh","BLOCK":"Rann of Kachchh"},"geometry":{"type":"Point","coordinates":[69.698906,23.788468]}},{"type":"Feature","properties":{"GROUP.ID":"G18462237","LOCALITY":"T6-PMC G3","LATITUDE":22.7871803,"LONGITUDE":69.4378057,"OBSERVATION.DATE":"2026-09-26","OBSERVER.ID":"obsr1205825","DURATION.MINUTES":58.0,"SAMPLING.EVENT.IDENTIFIER":"S396402775","species_list":"Eurasian Curlew; Eurasian Spoonbill; Indian Pond-Heron; Kentish Plover; Little Egret; River Tern; Tibetan Sand-Plover","n_species":7,"focal_species_seen":"","focal_species_slugs":"","has_focal":false,"GRID_CODE":"GJ-KU-MAN-052","DISTRICT":"Kachchh","BLOCK":"Mandvi"},"geometry":{"type":"Point","coordinates":[69.4378057,22.7871803]}},{"type":"Feature","properties":{"GROUP.ID":"G18468983","LOCALITY":"T26_G4","LATITUDE":23.482128,"LONGITUDE":70.403684,"OBSERVATION.DATE":"2026-09-26","OBSERVER.ID":"obsr604472","DURATION.MINUTES":45.0,"SAMPLING.EVENT.IDENTIFIER":"S396407588","species_list":"Asian Green Bee-eater; Bay-backed Shrike; Common Babbler; Common Hoopoe; Common Tailorbird; Eurasian Collared-Dove; European Roller; Gray Francolin; Greater Coucal; House Sparrow; Indian Peafowl; Indian Robin; Laughing Dove; Paddyfield Pipit; Plain Prinia; Purple Sunbird; Red-vented Bulbul; Red-wattled Lapwing; Rufous-fronted Prinia; Variable Wheatear; White-eared Bulbul; White-tailed Iora","n_species":22,"focal_species_seen":"European Roller","focal_species_slugs":"european-roller","has_focal":true,"GRID_CODE":"GJ-KU-BHA-019","DISTRICT":"Kachchh","BLOCK":"Bhachau"},"geometry":{"type":"Point","coordinates":[70.403684,23.482128]}},{"type":"Feature","properties":{"GROUP.ID":"G18460425","LOCALITY":"T12G1","LATITUDE":23.3227719,"LONGITUDE":70.0931894,"OBSERVATION.DATE":"2026-09-26","OBSERVER.ID":"obsr1301322","DURATION.MINUTES":44.0,"SAMPLING.EVENT.IDENTIFIER":"S396414701","species_list":"Ashy-crowned Sparrow-Lark; Asian Green Bee-eater; Barn Swallow; Bay-backed Shrike; Baya Weaver; Blue-cheeked Bee-eater; Brahminy Starling; Common Babbler; Eastern Cattle-Egret; Eurasian Collared-Dove; European Roller; Gray-breasted Prinia; Gray Francolin; House Sparrow; Indian Roller; Indian Silverbill; Jungle Prinia; Laughing Dove; Long-tailed Shrike; Plain Prinia; Purple Sunbird; Red-vented Bulbul; Red-wattled Lapwing; Rosy Starling; Siberian Stonechat; Variable Wheatear; White-eared Bulbul; White-throated Kingfisher; Wire-tailed Swallow; Yellow-throated Sparrow","n_species":30,"focal_species_seen":"Blue-cheeked Bee-eater; European Roller","focal_species_slugs":"blue-cheeked-bee-eater;european-roller","has_focal":true,"GRID_CODE":"GJ-KU-ANJ-003","DISTRICT":"Kachchh","BLOCK":"Anjar"},"geometry":{"type":"Point","coordinates":[70.0931894,23.3227719]}},{"type":"Feature","properties":{"GROUP.ID":"G18460268","LOCALITY":"T5G1","LATITUDE":22.968058,"LONGITUDE":69.826476,"OBSERVATION.DATE":"2026-09-26","OBSERVER.ID":"obsr3568724","DURATION.MINUTES":58.0,"SAMPLING.EVENT.IDENTIFIER":"S396415929","species_list":"Asian Green Bee-eater; Barn Swallow; Bay-backed Shrike; Black-winged Kite; Brahminy Starling; Common Babbler; Common Hoopoe; Eastern Cattle-Egret; Eastern Red-rumped Swallow; Eurasian Collared-Dove; Eurasian Wryneck; European Roller; Gray Francolin; House Sparrow; Indian Robin; Indian Roller; Indian Silverbill; Indian Spot-billed Duck; Indian Thick-knee; Laughing Dove; Little Swift; Long-tailed Shrike; Pied Bushchat; Plain Prinia; Red-vented Bulbul; Red Collared-Dove; Rufous-tailed Lark; Tawny Pipit","n_species":28,"focal_species_seen":"European Roller","focal_species_slugs":"european-roller","has_focal":true,"GRID_CODE":"GJ-KU-ANJ-037","DISTRICT":"Kachchh","BLOCK":"Anjar"},"geometry":{"type":"Point","coordinates":[69.826476,22.968058]}},{"type":"Feature","properties":{"GROUP.ID":"G18468210","LOCALITY":"Team 19 - 1 Grid Rapar, Kachchh IN-Gujarat 23.54398, 71.11578","LATITUDE":23.543977,"LONGITUDE":71.115782,"OBSERVATION.DATE":"2026-09-26","OBSERVER.ID":"obsr961478","DURATION.MINUTES":36.0,"SAMPLING.EVENT.IDENTIFIER":"S396422648","species_list":"Asian Green Bee-eater; Asian Koel; Barn Swallow; Black-winged Kite; Blue-cheeked Bee-eater; Common Crane; Eastern Cattle-Egret; Eastern Red-rumped Swallow; European Roller; House Crow; House Sparrow; Indian Peafowl; Indian Roller; Little Egret; Streak-throated Swallow","n_species":15,"focal_species_seen":"Blue-cheeked Bee-eater; European Roller","focal_species_slugs":"blue-cheeked-bee-eater;european-roller","has_focal":true,"GRID_CODE":"GJ-KU-LIT-031","DISTRICT":"Kachchh","BLOCK":"Little Rann"},"geometry":{"type":"Point","coordinates":[71.115782,23.543977]}},{"type":"Feature","properties":{"GROUP.ID":"G18460376","LOCALITY":"T31_G2","LATITUDE":23.689999,"LONGITUDE":69.586301,"OBSERVATION.DATE":"2026-09-26","OBSERVER.ID":"obsr3561725","DURATION.MINUTES":76.0,"SAMPLING.EVENT.IDENTIFIER":"S396425665","species_list":"Ashy-crowned Sparrow-Lark; Asian Green Bee-eater; Bank Swallow; Barn Swallow; Black Drongo; Blue-cheeked Bee-eater; Common Babbler; Eastern Red-rumped Swallow; Eurasian Collared-Dove; European Roller; Gray Francolin; House Crow; Indian Silverbill; Laughing Dove; Pallid Harrier; Purple Sunbird; Red-tailed Shrike; Streak-throated Swallow; Tawny Pipit; White-eared Bulbul","n_species":20,"focal_species_seen":"Blue-cheeked Bee-eater; European Roller; Red-tailed Shrike","focal_species_slugs":"blue-cheeked-bee-eater;european-roller;red-tailed-shrike","has_focal":true,"GRID_CODE":"GJ-KU-BHU-047","DISTRICT":"Kachchh","BLOCK":"Bhuj"},"geometry":{"type":"Point","coordinates":[69.586301,23.689999]}},{"type":"Feature","properties":{"GROUP.ID":"G18462226","LOCALITY":"T49G1 - PMC26","LATITUDE":23.3874938,"LONGITUDE":68.6018807,"OBSERVATION.DATE":"2026-09-26","OBSERVER.ID":"obsr3392004","DURATION.MINUTES":49.0,"SAMPLING.EVENT.IDENTIFIER":"S396444025","species_list":"Asian Green Bee-eater; Black-necked Stork; Black Drongo; Brahminy Kite; Common Babbler; Common Sandpiper; Eurasian Collared-Dove; Eurasian Curlew; Eurasian Whimbrel; European Roller; Gray Francolin; Gray Heron; Great Egret; Greater Flamingo; Gull-billed Tern; House Crow; Indian Nightjar; Indian Silverbill; Laughing Dove; Little Cormorant; Long-tailed Shrike; Red-vented Bulbul; Red-wattled Lapwing; River Tern; Rose-ringed Parakeet; Rosy Starling; Spotted Flycatcher; Western Reef-Heron; White-throated Kingfisher; Wire-tailed Swallow","n_species":30,"focal_species_seen":"European Roller; Spotted Flycatcher","focal_species_slugs":"european-roller;spotted-flycatcher","has_focal":true,"GRID_CODE":"GJ-KU-ABD-010","DISTRICT":"Kachchh","BLOCK":"Abdasa"},"geometry":{"type":"Point","coordinates":[68.6018807,23.3874938]}},{"type":"Feature","properties":{"GROUP.ID":"G18461111","LOCALITY":"Baiyava, Gujarat, IN","LATITUDE":23.7516412,"LONGITUDE":68.7368024,"OBSERVATION.DATE":"2026-09-26","OBSERVER.ID":"obsr665310","DURATION.MINUTES":45.0,"SAMPLING.EVENT.IDENTIFIER":"S396459146","species_list":"Bank Myna; Baya Weaver; Black-winged Stilt; Black Drongo; Brahminy Starling; Common Hoopoe; Common Myna; Common Sandpiper; Desert Wheatear; Eastern Orphean Warbler; Eastern Red-rumped Swallow; Eurasian Collared-Dove; European Roller; Green Sandpiper; Indian Peafowl; Indian Spot-billed Duck; Laughing Dove; Lesser Whistling-Duck; Long-tailed Shrike; Red-vented Bulbul; Red-wattled Lapwing; Streak-throated Swallow; White-eared Bulbul","n_species":23,"focal_species_seen":"European Roller","focal_species_slugs":"european-roller","has_focal":true,"GRID_CODE":"GJ-KU-LAK-011","DISTRICT":"Kachchh","BLOCK":"Lakhpat"},"geometry":{"type":"Point","coordinates":[68.7368024,23.7516412]}},{"type":"Feature","properties":{"GROUP.ID":"G18461284","LOCALITY":"T5G4","LATITUDE":23.058485,"LONGITUDE":69.777977,"OBSERVATION.DATE":"2026-09-26","OBSERVER.ID":"obsr3568724","DURATION.MINUTES":58.0,"SAMPLING.EVENT.IDENTIFIER":"S396487026","species_list":"Black Drongo; Common Babbler; House Sparrow; Indian Silverbill; Laughing Dove; Little Swift; Plain Prinia; Red-backed Shrike; Red-vented Bulbul; Red-wattled Lapwing; Shikra; White-eared Bulbul; White-throated Kingfisher","n_species":13,"focal_species_seen":"Red-backed Shrike","focal_species_slugs":"red-backed-shrike","has_focal":true,"GRID_CODE":"GJ-KU-MUN-002","DISTRICT":"Kachchh","BLOCK":"Mundra"},"geometry":{"type":"Point","coordinates":[69.777977,23.058485]}},{"type":"Feature","properties":{"GROUP.ID":"G18461735","LOCALITY":"T41 G4","LATITUDE":23.5966811,"LONGITUDE":69.1208509,"OBSERVATION.DATE":"2026-09-26","OBSERVER.ID":"obsr6352680","DURATION.MINUTES":54.0,"SAMPLING.EVENT.IDENTIFIER":"S396512537","species_list":"Common Babbler; Common Hoopoe; Common Kingfisher; Dusky Crag-Martin; Eurasian Collared-Dove; Gray Francolin; Green Sandpiper; House Sparrow; Indian Silverbill; Laughing Dove; Lesser Whitethroat; Little Egret; Little Ringed Plover; Little Tern; Purple Sunbird; Red-vented Bulbul; Red-wattled Lapwing; River Tern; Variable Wheatear; White-eared Bulbul; Wire-tailed Swallow; Yellow-throated Sparrow","n_species":22,"focal_species_seen":"","focal_species_slugs":"","has_focal":false,"GRID_CODE":"GJ-KU-NAK-005","DISTRICT":"Kachchh","BLOCK":"Nakhatrana"},"geometry":{"type":"Point","coordinates":[69.1208509,23.5966811]}},{"type":"Feature","properties":{"GROUP.ID":"G18461783","LOCALITY":"T41 G2","LATITUDE":23.6345314,"LONGITUDE":69.0634564,"OBSERVATION.DATE":"2026-09-26","OBSERVER.ID":"obsr6352680","DURATION.MINUTES":61.0,"SAMPLING.EVENT.IDENTIFIER":"S396514800","species_list":"Ashy-crowned Sparrow-Lark; Asian Green Bee-eater; Baya Weaver; Black Drongo; Common Babbler; Common Tailorbird; Dusky Crag-Martin; Eurasian Collared-Dove; Eurasian Spoonbill; European Roller; Gray Francolin; Gray Heron; Indian Pond-Heron; Indian Robin; Laughing Dove; Little Cormorant; Little Egret; Little Swift; Purple Sunbird; Red-vented Bulbul; Red-wattled Lapwing; Rufous-fronted Prinia; Variable Wheatear; White-browed Wagtail; White-eared Bulbul; White-throated Kingfisher","n_species":26,"focal_species_seen":"European Roller","focal_species_slugs":"european-roller","has_focal":true,"GRID_CODE":"GJ-KU-LAK-042","DISTRICT":"Kachchh","BLOCK":"Lakhpat"},"geometry":{"type":"Point","coordinates":[69.0634564,23.6345314]}},{"type":"Feature","properties":{"GROUP.ID":"G18470173","LOCALITY":"T10G6","LATITUDE":23.0113316,"LONGITUDE":70.0244659,"OBSERVATION.DATE":"2026-09-26","OBSERVER.ID":"obsr2822364","DURATION.MINUTES":58.0,"SAMPLING.EVENT.IDENTIFIER":"S396515422","species_list":"Ashy-crowned Sparrow-Lark; Asian Green Bee-eater; Barn Swallow; Baya Weaver; Black-winged Stilt; Blue-cheeked Bee-eater; Common Babbler; Common Hoopoe; Common Kingfisher; Common Sandpiper; Dusky Crag-Martin; Eastern Red-rumped Swallow; Eurasian Collared-Dove; Eurasian Coot; Eurasian Moorhen; Eurasian Spoonbill; Gray-breasted Prinia; Gray Francolin; Green-winged Teal; Green Sandpiper; Indian Cormorant; Indian Pond-Heron; Indian Robin; Indian Spot-billed Duck; Isabelline Shrike; Laughing Dove; Lesser Whitethroat; Little Cormorant; Little Grebe; Little Ringed Plover; Little Stint; Long-tailed Shrike; Marsh Sandpiper; Pied Kingfisher; Plain Prinia; Purple Sunbird; Red-vented Bulbul; River Tern; Rosy Starling; Rufous-tailed Scrub-Robin; Whiskered Tern; White-eared Bulbul; White-throated Kingfisher; Wood Sandpiper; Yellow-wattled Lapwing; Zitting Cisticola","n_species":46,"focal_species_seen":"Blue-cheeked Bee-eater; Rufous-tailed Scrub-Robin","focal_species_slugs":"blue-cheeked-bee-eater;rufous-tailed-scrub-robin","has_focal":true,"GRID_CODE":"GJ-KU-GAN-004","DISTRICT":"Kachchh","BLOCK":"Gandhidham"},"geometry":{"type":"Point","coordinates":[70.0244659,23.0113316]}},{"type":"Feature","properties":{"GROUP.ID":"G18470169","LOCALITY":"T10G5","LATITUDE":23.1342985,"LONGITUDE":69.9050468,"OBSERVATION.DATE":"2026-09-26","OBSERVER.ID":"obsr2822364","DURATION.MINUTES":61.0,"SAMPLING.EVENT.IDENTIFIER":"S396515787","species_list":"Asian Green Bee-eater; Black Drongo; Blue-cheeked Bee-eater; Common Babbler; Common Woodshrike; Eastern Cattle-Egret; Eurasian Collared-Dove; European Roller; Gray Francolin; Gray Heron; House Crow; Indian Bushlark; Indian Pond-Heron; Indian Robin; Laughing Dove; Lesser Whistling-Duck; Lesser Whitethroat; Medium Egret; Painted Stork; Plain Prinia; Purple Sunbird; Red-vented Bulbul; Red-wattled Lapwing; Rosy Starling; Spotted Flycatcher; Western Marsh Harrier; Western Yellow Wagtail; White-eared Bulbul; White-tailed Iora; White-throated Kingfisher; Wire-tailed Swallow; Yellow-eyed Babbler","n_species":32,"focal_species_seen":"Blue-cheeked Bee-eater; European Roller; Spotted Flycatcher","focal_species_slugs":"blue-cheeked-bee-eater;european-roller;spotted-flycatcher","has_focal":true,"GRID_CODE":"GJ-KU-ANJ-021","DISTRICT":"Kachchh","BLOCK":"Anjar"},"geometry":{"type":"Point","coordinates":[69.9050468,23.1342985]}},{"type":"Feature","properties":{"GROUP.ID":"G18468831","LOCALITY":"T50G4","LATITUDE":23.6201318,"LONGITUDE":68.5408684,"OBSERVATION.DATE":"2026-09-26","OBSERVER.ID":"obsr494050","DURATION.MINUTES":51.0,"SAMPLING.EVENT.IDENTIFIER":"S396528056","species_list":"Ashy-crowned Sparrow-Lark; Asian Green Bee-eater; Bay-backed Shrike; Black-winged Kite; Black Drongo; Common Babbler; Common Hoopoe; Eastern Red-rumped Swallow; Eurasian Collared-Dove; European Roller; Gray Francolin; Great Egret; Green Sandpiper; House Sparrow; Indian Bushlark; Indian Courser; Indian Peafowl; Indian Robin; Indian Silverbill; Isabelline Shrike; Laughing Dove; Purple Sunbird; Red-backed Shrike; Red-vented Bulbul; Rufous-fronted Prinia; Siberian Stonechat; White-tailed Iora; Yellow-eyed Babbler","n_species":28,"focal_species_seen":"European Roller; Red-backed Shrike","focal_species_slugs":"european-roller;red-backed-shrike","has_focal":true,"GRID_CODE":"GJ-KU-LAK-031","DISTRICT":"Kachchh","BLOCK":"Lakhpat"},"geometry":{"type":"Point","coordinates":[68.5408684,23.6201318]}},{"type":"Feature","properties":{"GROUP.ID":"G18470336","LOCALITY":"T13-G3","LATITUDE":23.1923936,"LONGITUDE":69.3629541,"OBSERVATION.DATE":"2026-09-26","OBSERVER.ID":"obsr604291","DURATION.MINUTES":60.0,"SAMPLING.EVENT.IDENTIFIER":"S396530138","species_list":"Asian Green Bee-eater; Bay-backed Shrike; Baya Weaver; Black-headed Ibis; Black Drongo; Common Babbler; Common Tailorbird; Common Woodshrike; Eastern Cattle-Egret; European Roller; Gray Francolin; Greater Coucal; House Crow; Indian Peafowl; Indian Robin; Indian Silverbill; Jungle Prinia; Laughing Dove; Lesser Whistling-Duck; Oriental Honey-buzzard; Pied Kingfisher; Purple Sunbird; Red-vented Bulbul; Red-wattled Lapwing; Rose-ringed Parakeet; Spotted Flycatcher; Western Yellow Wagtail; White-breasted Waterhen; White-eared Bulbul; White-tailed Iora; Wire-tailed Swallow","n_species":31,"focal_species_seen":"European Roller; Spotted Flycatcher","focal_species_slugs":"european-roller;spotted-flycatcher","has_focal":true,"GRID_CODE":"GJ-KU-BHU-141","DISTRICT":"Kachchh","BLOCK":"Bhuj"},"geometry":{"type":"Point","coordinates":[69.3629541,23.1923936]}},{"type":"Feature","properties":{"GROUP.ID":"G18468625","LOCALITY":"Nadapa Road, Nadapa, Gujarat, IN (23.327, 69.865)","LATITUDE":23.32717,"LONGITUDE":69.8654468,"OBSERVATION.DATE":"2026-09-26","OBSERVER.ID":"obsr6495382","DURATION.MINUTES":57.0,"SAMPLING.EVENT.IDENTIFIER":"S396533409","species_list":"Eurasian Nightjar; Indian Nightjar; Indian Robin; Painted Sandgrouse; Purple Sunbird; Red-vented Bulbul; Spotted Flycatcher; Spotted Owlet","n_species":8,"focal_species_seen":"Spotted Flycatcher","focal_species_slugs":"spotted-flycatcher","has_focal":true,"GRID_CODE":"GJ-KU-BHU-115","DISTRICT":"Kachchh","BLOCK":"Bhuj"},"geometry":{"type":"Point","coordinates":[69.8654468,23.32717]}},{"type":"Feature","properties":{"GROUP.ID":"G18462255","LOCALITY":"Chapredi","LATITUDE":23.326872,"LONGITUDE":69.86731,"OBSERVATION.DATE":"2026-09-26","OBSERVER.ID":"obsr1522701","DURATION.MINUTES":81.0,"SAMPLING.EVENT.IDENTIFIER":"S396534800","species_list":"Bay-backed Shrike; Brahminy Starling; Common Babbler; European Roller; Greater Coucal; Greater Whitethroat; Indian Robin; Lesser Whitethroat; Painted Sandgrouse; Purple Sunbird; Red-vented Bulbul; Small Minivet; Spotted Flycatcher; Spotted Owlet; White-eared Bulbul; White-throated Kingfisher","n_species":16,"focal_species_seen":"European Roller; Greater Whitethroat; Spotted Flycatcher","focal_species_slugs":"european-roller;greater-whitethroat;spotted-flycatcher","has_focal":true,"GRID_CODE":"GJ-KU-BHU-115","DISTRICT":"Kachchh","BLOCK":"Bhuj"},"geometry":{"type":"Point","coordinates":[69.86731,23.326872]}},{"type":"Feature","properties":{"GROUP.ID":"G18465824","LOCALITY":"T30G2","LATITUDE":24.0148269,"LONGITUDE":69.6890188,"OBSERVATION.DATE":"2026-09-26","OBSERVER.ID":"obsr701947","DURATION.MINUTES":56.0,"SAMPLING.EVENT.IDENTIFIER":"S396622882","species_list":"Ashy-crowned Sparrow-Lark; Asian Green Bee-eater; Barn Swallow; Bay-backed Shrike; Black Drongo; Common Babbler; Common Greenshank; Eurasian Curlew; European Roller; Gray Francolin; Gull-billed Tern; House Crow; Indian Silverbill; Kentish Plover; Lesser Whitethroat; Little Egret; Purple Sunbird; Siberian Stonechat; Whiskered Tern; White-eared Bulbul","n_species":20,"focal_species_seen":"European Roller","focal_species_slugs":"european-roller","has_focal":true,"GRID_CODE":"GJ-KU-RAN-270","DISTRICT":"Kachchh","BLOCK":"Rann of Kachchh"},"geometry":{"type":"Point","coordinates":[69.6890188,24.0148269]}},{"type":"Feature","properties":{"GROUP.ID":"G18465818","LOCALITY":"T30G1","LATITUDE":24.0504869,"LONGITUDE":69.5879255,"OBSERVATION.DATE":"2026-09-26","OBSERVER.ID":"obsr701947","DURATION.MINUTES":38.0,"SAMPLING.EVENT.IDENTIFIER":"S396625535","species_list":"Common Babbler; Common Redshank; Eurasian Collared-Dove; Eurasian Curlew; European Roller; Gray-necked Bunting; Kentish Plover; Little Ringed Plover; Purple Sunbird","n_species":9,"focal_species_seen":"European Roller","focal_species_slugs":"european-roller","has_focal":true,"GRID_CODE":"GJ-KU-RAN-268","DISTRICT":"Kachchh","BLOCK":"Rann of Kachchh"},"geometry":{"type":"Point","coordinates":[69.5879255,24.0504869]}},{"type":"Feature","properties":{"GROUP.ID":"G18467324","LOCALITY":"T1G3","LATITUDE":23.2608411,"LONGITUDE":69.6283262,"OBSERVATION.DATE":"2026-09-26","OBSERVER.ID":"obsr3055826","DURATION.MINUTES":33.0,"SAMPLING.EVENT.IDENTIFIER":"S396633111","species_list":"Asian Green Bee-eater; Barn Swallow; Baya Weaver; Black-winged Stilt; Common Babbler; Common Myna; Dusky Crag-Martin; Eastern Red-rumped Swallow; Eurasian Collared-Dove; European Roller; Gray-headed Swamphen; Gray Francolin; Indian Cormorant; Indian Robin; Laughing Dove; Little Cormorant; Little Egret; Little Swift; Paddyfield Pipit; Purple Sunbird; Red-vented Bulbul; Red-wattled Lapwing; Red Collared-Dove; Rose-ringed Parakeet; Rosy Starling; Spotted Flycatcher; Western Marsh Harrier; White-eared Bulbul; White-throated Kingfisher; Wire-tailed Swallow; Yellow-wattled Lapwing","n_species":31,"focal_species_seen":"European Roller; Spotted Flycatcher","focal_species_slugs":"european-roller;spotted-flycatcher","has_focal":true,"GRID_CODE":"GJ-KU-BHU-122","DISTRICT":"Kachchh","BLOCK":"Bhuj"},"geometry":{"type":"Point","coordinates":[69.6283262,23.2608411]}},{"type":"Feature","properties":{"GROUP.ID":"G18467322","LOCALITY":"T1G4","LATITUDE":23.3576149,"LONGITUDE":69.6946501,"OBSERVATION.DATE":"2026-09-26","OBSERVER.ID":"obsr3055826","DURATION.MINUTES":56.0,"SAMPLING.EVENT.IDENTIFIER":"S396637636","species_list":"Ashy-crowned Sparrow-Lark; Asian Green Bee-eater; Bay-backed Shrike; Baya Weaver; Black-headed Ibis; Black-winged Stilt; Black Drongo; Common Kingfisher; Common Sandpiper; Crested Lark; Dusky Crag-Martin; Eurasian Collared-Dove; European Roller; Gray-headed Swamphen; Gray Francolin; Great Egret; Greater Whitethroat; House Sparrow; Indian Pond-Heron; Indian Robin; Indian Silverbill; Isabelline Shrike; Laughing Dove; Lesser Whistling-Duck; Lesser Whitethroat; Little Egret; Little Swift; Oriental Darter; Plain Prinia; Red-vented Bulbul; Red-wattled Lapwing; Red Collared-Dove; River Tern; Rosy Starling; Rufous-tailed Lark; Spotted Flycatcher; Whiskered Tern; White-breasted Waterhen; White-eared Bulbul; White-throated Kingfisher; Yellow-throated Sparrow; Yellow-wattled Lapwing","n_species":42,"focal_species_seen":"European Roller; Greater Whitethroat; Spotted Flycatcher","focal_species_slugs":"european-roller;greater-whitethroat;spotted-flycatcher","has_focal":true,"GRID_CODE":"GJ-KU-BHU-111","DISTRICT":"Kachchh","BLOCK":"Bhuj"},"geometry":{"type":"Point","coordinates":[69.6946501,23.3576149]}},{"type":"Feature","properties":{"GROUP.ID":"G18478012","LOCALITY":"T11G5","LATITUDE":23.244892,"LONGITUDE":70.190818,"OBSERVATION.DATE":"2026-09-27","OBSERVER.ID":"obsr8001542","DURATION.MINUTES":56.0,"SAMPLING.EVENT.IDENTIFIER":"S396643941","species_list":"Asian Green Bee-eater; Asian Koel; Baya Weaver; Black Drongo; Black Kite; Blue-cheeked Bee-eater; Blyth's Reed Warbler; Brahminy Starling; Common Babbler; Common Kingfisher; Common Myna; Common Sandpiper; Common Tailorbird; Dusky Crag-Martin; Eastern Cattle-Egret; Eastern Red-rumped Swallow; Eurasian Collared-Dove; European Roller; Glossy Ibis; Gray-breasted Prinia; Gray Francolin; Gray Heron; Great Cormorant; Great Egret; Greater Whitethroat; Green Sandpiper; House Crow; House Sparrow; Indian Cormorant; Indian Peafowl; Indian Pond-Heron; Indian Robin; Indian Silverbill; Indian Spot-billed Duck; Isabelline Shrike; Jungle Prinia; Laughing Dove; Lesser Whistling-Duck; Little Cormorant; Little Egret; Long-tailed Shrike; Pied Bushchat; Plain Prinia; Purple Sunbird; Red-vented Bulbul; Red-wattled Lapwing; River Tern; Rose-ringed Parakeet; Rosy Starling; Siberian Stonechat; Streak-throated Swallow; Streaked Weaver; White-breasted Waterhen; White-browed Wagtail; White-eared Bulbul; White-throated Kingfisher; Wire-tailed Swallow; Wood Sandpiper; Yellow-throated Sparrow","n_species":59,"focal_species_seen":"Blue-cheeked Bee-eater; European Roller; Greater Whitethroat","focal_species_slugs":"blue-cheeked-bee-eater;european-roller;greater-whitethroat","has_focal":true,"GRID_CODE":"GJ-KU-ANJ-013","DISTRICT":"Kachchh","BLOCK":"Anjar"},"geometry":{"type":"Point","coordinates":[70.190818,23.244892]}},{"type":"Feature","properties":{"GROUP.ID":"G18467276","LOCALITY":"Team 3 G 165 Bhuj, Kachchh IN-Gujarat 23.06953, 69.73884","LATITUDE":23.069526,"LONGITUDE":69.738841,"OBSERVATION.DATE":"2026-09-27","OBSERVER.ID":"obsr2145220","DURATION.MINUTES":65.0,"SAMPLING.EVENT.IDENTIFIER":"S396646292","species_list":"Asian Green Bee-eater; Bay-backed Shrike; Baya Weaver; Black Drongo; Blue-cheeked Bee-eater; Common Tailorbird; Eurasian Collared-Dove; European Roller; Gray Francolin; Indian Peafowl; Indian Robin; Indian Roller; Indian Silverbill; Jungle Prinia; Laughing Dove; Oriental Darter; Purple Sunbird; Red-vented Bulbul; Small Minivet; Spotted Flycatcher; Western Yellow Wagtail; White-eared Bulbul","n_species":22,"focal_species_seen":"Blue-cheeked Bee-eater; European Roller; Spotted Flycatcher","focal_species_slugs":"blue-cheeked-bee-eater;european-roller;spotted-flycatcher","has_focal":true,"GRID_CODE":"GJ-KU-BHU-165","DISTRICT":"Kachchh","BLOCK":"Bhuj"},"geometry":{"type":"Point","coordinates":[69.738841,23.069526]}},{"type":"Feature","properties":{"GROUP.ID":"G18468121","LOCALITY":"T2-PMC26.","LATITUDE":23.2362287,"LONGITUDE":69.8811663,"OBSERVATION.DATE":"2026-09-27","OBSERVER.ID":"obsr2895441","DURATION.MINUTES":36.0,"SAMPLING.EVENT.IDENTIFIER":"S396646629","species_list":"Ashy-crowned Sparrow-Lark; Asian Green Bee-eater; Asian Koel; Baya Weaver; Black-tailed Godwit; Black-winged Kite; Common Babbler; Common Sandpiper; Eurasian Collared-Dove; Eurasian Coot; European Roller; Gray-headed Swamphen; Gray Francolin; Great Cormorant; House Sparrow; Indian Pond-Heron; Indian Robin; Indian Silverbill; Indian Spot-billed Duck; Knob-billed Duck; Laughing Dove; Lesser Whistling-Duck; Little Cormorant; Little Grebe; Little Swift; Paddyfield Pipit; Purple Sunbird; Red-backed Shrike; Red-naped Ibis; Red-vented Bulbul; Red-wattled Lapwing; Red Collared-Dove; River Tern; Shikra; Variable Wheatear; White-eared Bulbul; White-throated Kingfisher","n_species":37,"focal_species_seen":"European Roller; Red-backed Shrike","focal_species_slugs":"european-roller;red-backed-shrike","has_focal":true,"GRID_CODE":"GJ-KU-BHU-139","DISTRICT":"Kachchh","BLOCK":"Bhuj"},"geometry":{"type":"Point","coordinates":[69.8811663,23.2362287]}},{"type":"Feature","properties":{"GROUP.ID":"S396649258","LOCALITY":"T25G3","LATITUDE":23.2450361,"LONGITUDE":70.2786281,"OBSERVATION.DATE":"2026-09-27","OBSERVER.ID":"obsr640387","DURATION.MINUTES":64.0,"SAMPLING.EVENT.IDENTIFIER":"S396649258","species_list":"Asian Green Bee-eater; Bay-backed Shrike; Black-winged Stilt; Brahminy Starling; Common Babbler; Common Sandpiper; Common Tailorbird; Eurasian Collared-Dove; Eurasian Wryneck; European Roller; Glossy Ibis; Gray Francolin; Green Sandpiper; House Crow; House Sparrow; Indian Courser; Indian Pond-Heron; Indian Robin; Indian Roller; Indian Silverbill; Laughing Dove; Little Cormorant; Little Ringed Plover; Long-tailed Shrike; Paddyfield Pipit; Pied Cuckoo; Plain Prinia; Purple Sunbird; Red-vented Bulbul; Red-wattled Lapwing; Rosy Starling; Rufous-fronted Prinia; Rufous-tailed Scrub-Robin; Shikra; Siberian Stonechat; Spotted Flycatcher; White-eared Bulbul; White-throated Kingfisher; Wood Sandpiper; Yellow-wattled Lapwing","n_species":40,"focal_species_seen":"European Roller; Rufous-tailed Scrub-Robin; Spotted Flycatcher","focal_species_slugs":"european-roller;rufous-tailed-scrub-robin;spotted-flycatcher","has_focal":true,"GRID_CODE":"GJ-KU-BHA-063","DISTRICT":"Kachchh","BLOCK":"Bhachau"},"geometry":{"type":"Point","coordinates":[70.2786281,23.2450361]}},{"type":"Feature","properties":{"GROUP.ID":"G18467871","LOCALITY":"T49G2 - PMC26","LATITUDE":23.4445268,"LONGITUDE":68.616919,"OBSERVATION.DATE":"2026-09-27","OBSERVER.ID":"obsr3392004","DURATION.MINUTES":57.0,"SAMPLING.EVENT.IDENTIFIER":"S396650090","species_list":"Ashy-crowned Sparrow-Lark; Asian Green Bee-eater; Asian Koel; Bay-backed Shrike; Black Drongo; Caspian Tern; Common Babbler; Common Kingfisher; Common Sandpiper; Eastern Cattle-Egret; Eastern Red-rumped Swallow; Eurasian Collared-Dove; European Roller; Gray-breasted Prinia; Gray Francolin; Great Thick-knee; Indian Pond-Heron; Indian Robin; Indian Silverbill; Laughing Dove; Little Egret; Long-tailed Shrike; Paddyfield Pipit; Pied Kingfisher; Purple Sunbird; Red-vented Bulbul; Red-wattled Lapwing; River Tern; Rufous-fronted Prinia; Spotted Flycatcher; White-tailed Iora; White-throated Kingfisher; Wire-tailed Swallow; Yellow-crowned Woodpecker; Yellow-wattled Lapwing","n_species":35,"focal_species_seen":"European Roller; Spotted Flycatcher","focal_species_slugs":"european-roller;spotted-flycatcher","has_focal":true,"GRID_CODE":"GJ-KU-LAK-074","DISTRICT":"Kachchh","BLOCK":"Lakhpat"},"geometry":{"type":"Point","coordinates":[68.616919,23.4445268]}},{"type":"Feature","properties":{"GROUP.ID":"G18467338","LOCALITY":"T11G1","LATITUDE":23.155921,"LONGITUDE":70.078175,"OBSERVATION.DATE":"2026-09-26","OBSERVER.ID":"obsr8001542","DURATION.MINUTES":46.0,"SAMPLING.EVENT.IDENTIFIER":"S396650105","species_list":"Asian Green Bee-eater; Barn Swallow; Barred Buttonquail; Baya Weaver; Black Drongo; Blue-cheeked Bee-eater; Blyth's Reed Warbler; Brahminy Starling; Common Babbler; Common Hoopoe; Common Kingfisher; Common Myna; Common Sandpiper; Common Woodshrike; Dusky Crag-Martin; Eastern Cattle-Egret; Eurasian Collared-Dove; Eurasian Spoonbill; Gray-headed Swamphen; Gray Francolin; Gray Heron; Great Cormorant; Great Crested Grebe; Great Egret; Green Sandpiper; House Crow; House Sparrow; Indian Cormorant; Indian Peafowl; Indian Pond-Heron; Indian Robin; Indian Silverbill; Indian Spot-billed Duck; Laughing Dove; Little Cormorant; Little Egret; Little Swift; Long-billed Pipit; Long-tailed Shrike; Paddyfield Pipit; Pied Kingfisher; Purple Sunbird; Red-tailed Shrike; Red-vented Bulbul; Red-wattled Lapwing; River Tern; Rose-ringed Parakeet; Siberian Stonechat; Tawny Pipit; Tree Pipit; Western Marsh Harrier; Western Yellow Wagtail; Whiskered Tern; White-browed Wagtail; White-eared Bulbul; White-throated Kingfisher; Wire-tailed Swallow","n_species":57,"focal_species_seen":"Blue-cheeked Bee-eater; Red-tailed Shrike","focal_species_slugs":"blue-cheeked-bee-eater;red-tailed-shrike","has_focal":true,"GRID_CODE":"GJ-KU-ANJ-025","DISTRICT":"Kachchh","BLOCK":"Anjar"},"geometry":{"type":"Point","coordinates":[70.078175,23.155921]}},{"type":"Feature","properties":{"GROUP.ID":"G18467385","LOCALITY":"T36G04","LATITUDE":23.0668156,"LONGITUDE":69.1261645,"OBSERVATION.DATE":"2026-09-27","OBSERVER.ID":"obsr3339457","DURATION.MINUTES":53.0,"SAMPLING.EVENT.IDENTIFIER":"S396650789","species_list":"Ashy-crowned Sparrow-Lark; Asian Green Bee-eater; Barn Swallow; Bay-backed Shrike; Black-winged Stilt; Black Drongo; Clamorous Reed Warbler; Common Babbler; Common Greenshank; Common Hoopoe; Common Sandpiper; Common Tailorbird; Dusky Crag-Martin; Eastern Cattle-Egret; Eurasian Collared-Dove; Eurasian Spoonbill; Eurasian Wryneck; European Roller; Glossy Ibis; Gray-breasted Prinia; Gray-necked Bunting; Gray Francolin; Gray Heron; Great Egret; Greater Coucal; Green Sandpiper; Green Warbler; House Sparrow; Indian Peafowl; Indian Pond-Heron; Indian Robin; Indian Silverbill; Jungle Prinia; Laughing Dove; Lesser Whitethroat; Little Cormorant; Little Egret; Little Ringed Plover; Little Swift; Long-billed Pipit; Long-tailed Shrike; Medium Egret; Purple Heron; Purple Sunbird; Red-vented Bulbul; Red-wattled Lapwing; Red Collared-Dove; River Tern; Rosy Starling; Rufous-fronted Prinia; Sykes's Warbler; Tawny Lark; Tawny Pipit; Variable Wheatear; Western Reef-Heron; Western Yellow Wagtail; Whiskered Tern; White-breasted Waterhen; White-browed Wagtail; White-eared Bulbul; White-tailed Iora; White-throated Kingfisher; Wire-tailed Swallow","n_species":63,"focal_species_seen":"European Roller","focal_species_slugs":"european-roller","has_focal":true,"GRID_CODE":"GJ-KU-ABD-085","DISTRICT":"Kachchh","BLOCK":"Abdasa"},"geometry":{"type":"Point","coordinates":[69.1261645,23.0668156]}},{"type":"Feature","properties":{"GROUP.ID":"G18467852","LOCALITY":"Unnamed Road, Kachchh, Gujarat, IN (23.038, 69.573)","LATITUDE":23.0375128,"LONGITUDE":69.5734248,"OBSERVATION.DATE":"2026-09-27","OBSERVER.ID":"obsr680651","DURATION.MINUTES":47.0,"SAMPLING.EVENT.IDENTIFIER":"S396650920","species_list":"Ashy-crowned Sparrow-Lark; Asian Green Bee-eater; Bay-backed Shrike; Brahminy Starling; Common Myna; Eurasian Collared-Dove; Eurasian Wryneck; Indian Courser; Indian Robin; Isabelline Shrike; Laughing Dove; Paddyfield Pipit; Red-backed Shrike; Red-wattled Lapwing; Rosy Starling; Tawny Pipit; Variable Wheatear; Yellow-wattled Lapwing","n_species":18,"focal_species_seen":"Red-backed Shrike","focal_species_slugs":"red-backed-shrike","has_focal":true,"GRID_CODE":"GJ-KU-BHU-168","DISTRICT":"Kachchh","BLOCK":"Bhuj"},"geometry":{"type":"Point","coordinates":[69.5734248,23.0375128]}},{"type":"Feature","properties":{"GROUP.ID":"G18471701","LOCALITY":"T4- PMC 2026 G4","LATITUDE":22.8244617,"LONGITUDE":69.3393967,"OBSERVATION.DATE":"2026-09-27","OBSERVER.ID":"obsr1205825","DURATION.MINUTES":69.0,"SAMPLING.EVENT.IDENTIFIER":"S396650974","species_list":"Gull-billed Tern; Lesser Black-backed Gull; Little Stint; River Tern; Sanderling; Tibetan Sand-Plover; Western Reef-Heron","n_species":7,"focal_species_seen":"","focal_species_slugs":"","has_focal":false,"GRID_CODE":"GJ-KU-MAN-048","DISTRICT":"Kachchh","BLOCK":"Mandvi"},"geometry":{"type":"Point","coordinates":[69.3393967,22.8244617]}},{"type":"Feature","properties":{"GROUP.ID":"G18468494","LOCALITY":"T18G4","LATITUDE":23.762681099999999,"LONGITUDE":70.6698755,"OBSERVATION.DATE":"2026-09-27","OBSERVER.ID":"obsr807380","DURATION.MINUTES":60.0,"SAMPLING.EVENT.IDENTIFIER":"S396651231","species_list":"Asian Green Bee-eater; Baya Weaver; Black-headed Ibis; Black-winged Stilt; Blyth's Reed Warbler; Common Babbler; Common Greenshank; Common Hoopoe; Common Sandpiper; Crested Lark; Delicate Prinia; Eastern Cattle-Egret; Eurasian Collared-Dove; Eurasian Spoonbill; Gray Francolin; Gray Heron; Great Cormorant; Great Egret; Great Thick-knee; Greater Flamingo; House Sparrow; Indian Cormorant; Indian Pond-Heron; Indian Silverbill; Indian Spot-billed Duck; Laughing Dove; Lesser Whistling-Duck; Lesser Whitethroat; Little Cormorant; Little Egret; Medium Egret; Northern Shoveler; Painted Stork; Pied Kingfisher; Plain Prinia; Purple Heron; Red-vented Bulbul; Red-wattled Lapwing; River Tern; Streak-throated Swallow; Western Marsh Harrier; Whiskered Tern; White-eared Bulbul; Wire-tailed Swallow","n_species":44,"focal_species_seen":"","focal_species_slugs":"","has_focal":false,"GRID_CODE":"GJ-KU-RAP-016","DISTRICT":"Kachchh","BLOCK":"Rapar"},"geometry":{"type":"Point","coordinates":[70.6698755,23.762681099999999]}},{"type":"Feature","properties":{"GROUP.ID":"S396652606","LOCALITY":"T20-G3-PMC2026","LATITUDE":23.509126,"LONGITUDE":71.0127133,"OBSERVATION.DATE":"2026-09-27","OBSERVER.ID":"obsr4592234","DURATION.MINUTES":45.0,"SAMPLING.EVENT.IDENTIFIER":"S396652606","species_list":"Ashy-crowned Sparrow-Lark; Asian Green Bee-eater; Barn Swallow; Bay-backed Shrike; Black-winged Kite; Common Babbler; Common Hoopoe; Crested Lark; Eastern Cattle-Egret; Eurasian Collared-Dove; Eurasian Spoonbill; European Roller; Glossy Ibis; Gray Francolin; Greater Short-toed Lark; Green Sandpiper; House Sparrow; Indian Robin; Indian Silverbill; Indian Spot-billed Duck; Isabelline Shrike; Laughing Dove; Little Egret; Plain Prinia; Red-vented Bulbul; Red-wattled Lapwing; River Tern; Rufous-tailed Lark; Siberian Stonechat; Western Yellow Wagtail; White-eared Bulbul; White-throated Kingfisher","n_species":32,"focal_species_seen":"European Roller","focal_species_slugs":"european-roller","has_focal":true,"GRID_CODE":"GJ-KU-RAP-082","DISTRICT":"Kachchh","BLOCK":"Rapar"},"geometry":{"type":"Point","coordinates":[71.0127133,23.509126]}},{"type":"Feature","properties":{"GROUP.ID":"G18468825","LOCALITY":"T50G3","LATITUDE":23.5933128,"LONGITUDE":68.5786403,"OBSERVATION.DATE":"2026-09-27","OBSERVER.ID":"obsr494050","DURATION.MINUTES":38.0,"SAMPLING.EVENT.IDENTIFIER":"S396655636","species_list":"Asian Green Bee-eater; Black Drongo; Blue-cheeked Bee-eater; Chestnut-bellied Sandgrouse; Common Babbler; Common Hoopoe; Common Woodshrike; Eastern Orphean Warbler; Glossy Ibis; Gray Francolin; Greater Whitethroat; Green Sandpiper; Indian Bushlark; Indian Spot-billed Duck; Isabelline Wheatear; Little Cormorant; Plain Prinia; Purple Sunbird; Red-vented Bulbul; River Tern; Rufous-fronted Prinia; Siberian Stonechat; Tawny Pipit; White-tailed Iora; Wire-tailed Swallow","n_species":25,"focal_species_seen":"Blue-cheeked Bee-eater; Greater Whitethroat","focal_species_slugs":"blue-cheeked-bee-eater;greater-whitethroat","has_focal":true,"GRID_CODE":"GJ-KU-LAK-046","DISTRICT":"Kachchh","BLOCK":"Lakhpat"},"geometry":{"type":"Point","coordinates":[68.5786403,23.5933128]}},{"type":"Feature","properties":{"GROUP.ID":"G18468824","LOCALITY":"Naliya-Narayan Sarovar Road, Hamankhudi, Gujarat, IN (23.591, 68.583)","LATITUDE":23.5907777,"LONGITUDE":68.5830944,"OBSERVATION.DATE":"2026-09-27","OBSERVER.ID":"obsr494050","DURATION.MINUTES":31.0,"SAMPLING.EVENT.IDENTIFIER":"S396655839","species_list":"Asian Green Bee-eater; Common Hoopoe; Common Woodshrike; Eurasian Kestrel; Gray Wagtail; Great Gray Shrike; Greater Whitethroat; Green Sandpiper; Indian Robin; Indian Spot-billed Duck; Isabelline Wheatear; Jungle Prinia; Purple Sunbird; Red-vented Bulbul; Rufous-fronted Prinia; Tawny Pipit; White-tailed Iora; White-throated Kingfisher; Wire-tailed Swallow","n_species":19,"focal_species_seen":"Greater Whitethroat","focal_species_slugs":"greater-whitethroat","has_focal":true,"GRID_CODE":"GJ-KU-LAK-046","DISTRICT":"Kachchh","BLOCK":"Lakhpat"},"geometry":{"type":"Point","coordinates":[68.5830944,23.5907777]}},{"type":"Feature","properties":{"GROUP.ID":"G18468118","LOCALITY":"T2-5PMC26.","LATITUDE":23.2885032,"LONGITUDE":69.9327566,"OBSERVATION.DATE":"2026-09-27","OBSERVER.ID":"obsr2895441","DURATION.MINUTES":37.0,"SAMPLING.EVENT.IDENTIFIER":"S396656081","species_list":"Asian Green Bee-eater; Bank Myna; Black-winged Kite; Eastern Cattle-Egret; Eurasian Collared-Dove; Eurasian Hobby; European Roller; Gray Francolin; House Crow; House Sparrow; Indian Pond-Heron; Indian Silverbill; Laughing Dove; Paddyfield Pipit; Plain Prinia; Purple Sunbird; Red-naped Ibis; Red-vented Bulbul; Red-wattled Lapwing; Rose-ringed Parakeet; Rosy Starling; Rufous-tailed Lark; Siberian Stonechat; Variable Wheatear; White-eared Bulbul; Wire-tailed Swallow; Zitting Cisticola","n_species":27,"focal_species_seen":"European Roller","focal_species_slugs":"european-roller","has_focal":true,"GRID_CODE":"GJ-KU-BHU-128","DISTRICT":"Kachchh","BLOCK":"Bhuj"},"geometry":{"type":"Point","coordinates":[69.9327566,23.2885032]}},{"type":"Feature","properties":{"GROUP.ID":"G18467851","LOCALITY":"T4G1","LATITUDE":23.0378547,"LONGITUDE":69.5734118,"OBSERVATION.DATE":"2026-09-27","OBSERVER.ID":"obsr680651","DURATION.MINUTES":72.0,"SAMPLING.EVENT.IDENTIFIER":"S396657521","species_list":"Ashy-crowned Sparrow-Lark; Asian Green Bee-eater; Bay-backed Shrike; Baya Weaver; Black Drongo; Common Myna; Common Woodshrike; Crested Lark; Eastern Cattle-Egret; Eurasian Collared-Dove; European Roller; Gray-necked Bunting; Gray Francolin; Greater Whitethroat; Indian Bushlark; Indian Robin; Laughing Dove; Paddyfield Pipit; Purple Sunbird; Red-backed Shrike; Red-vented Bulbul; Red-wattled Lapwing; Siberian Stonechat; Small Minivet; Tawny Pipit; White-tailed Iora; Wire-tailed Swallow; Yellow-wattled Lapwing","n_species":28,"focal_species_seen":"European Roller; Greater Whitethroat; Red-backed Shrike","focal_species_slugs":"european-roller;greater-whitethroat;red-backed-shrike","has_focal":true,"GRID_CODE":"GJ-KU-BHU-168","DISTRICT":"Kachchh","BLOCK":"Bhuj"},"geometry":{"type":"Point","coordinates":[69.5734118,23.0378547]}},{"type":"Feature","properties":{"GROUP.ID":"G18467850","LOCALITY":"Chher Nani, Gujarat","LATITUDE":23.7813768,"LONGITUDE":68.6834527,"OBSERVATION.DATE":"2026-09-27","OBSERVER.ID":"obsr665310","DURATION.MINUTES":87.0,"SAMPLING.EVENT.IDENTIFIER":"S396659643","species_list":"Black-winged Kite; Brown Rock Chat; Common Greenshank; Common Hoopoe; Common Sandpiper; Common Tailorbird; Eastern Orphean Warbler; Eurasian Collared-Dove; Gray-breasted Prinia; Gray Francolin; Gray Wagtail; Green Sandpiper; Indian Peafowl; Indian Robin; Indian Silverbill; Laughing Dove; Montagu's Harrier; Plain Prinia; Purple Sunbird; Red-vented Bulbul; Red-wattled Lapwing; Red Collared-Dove; Rosy Starling; Western Marsh Harrier","n_species":24,"focal_species_seen":"","focal_species_slugs":"","has_focal":false,"GRID_CODE":"GJ-KU-LAK-003","DISTRICT":"Kachchh","BLOCK":"Lakhpat"},"geometry":{"type":"Point","coordinates":[68.6834527,23.7813768]}},{"type":"Feature","properties":{"GROUP.ID":"G18468518","LOCALITY":"T9G3","LATITUDE":22.8716537,"LONGITUDE":69.2937286,"OBSERVATION.DATE":"2026-09-27","OBSERVER.ID":"obsr664433","DURATION.MINUTES":60.0,"SAMPLING.EVENT.IDENTIFIER":"S396665081","species_list":"Asian Green Bee-eater; Black Drongo; Common Sandpiper; Common Tailorbird; Gray-breasted Prinia; House Sparrow; Little Cormorant; Little Swift; Painted Stork; Plain Prinia; Purple Sunbird; Red-vented Bulbul; Shikra; Streak-throated Swallow; White-eared Bulbul; Wire-tailed Swallow","n_species":16,"focal_species_seen":"","focal_species_slugs":"","has_focal":false,"GRID_CODE":"GJ-KU-MAN-040","DISTRICT":"Kachchh","BLOCK":"Mandvi"},"geometry":{"type":"Point","coordinates":[69.2937286,22.8716537]}},{"type":"Feature","properties":{"GROUP.ID":"G18467953","LOCALITY":"T49G4 - PMC26","LATITUDE":23.5093945,"LONGITUDE":68.6564484,"OBSERVATION.DATE":"2026-09-27","OBSERVER.ID":"obsr6736333","DURATION.MINUTES":36.0,"SAMPLING.EVENT.IDENTIFIER":"S396665572","species_list":"Ashy-crowned Sparrow-Lark; Bay-backed Shrike; Black Drongo; Common Babbler; Common Hoopoe; Eastern Cattle-Egret; Eastern Red-rumped Swallow; European Roller; Gray Francolin; House Sparrow; Indian Courser; Isabelline Shrike; Laughing Dove; Long-tailed Shrike; Paddyfield Pipit; Red-naped Ibis; Rosy Starling; Rufous-tailed Scrub-Robin; Sand Lark; Variable Wheatear; White-throated Kingfisher; Wire-tailed Swallow; Yellow-wattled Lapwing","n_species":23,"focal_species_seen":"European Roller; Rufous-tailed Scrub-Robin","focal_species_slugs":"european-roller;rufous-tailed-scrub-robin","has_focal":true,"GRID_CODE":"GJ-KU-LAK-067","DISTRICT":"Kachchh","BLOCK":"Lakhpat"},"geometry":{"type":"Point","coordinates":[68.6564484,23.5093945]}},{"type":"Feature","properties":{"GROUP.ID":"G18468358","LOCALITY":"T5G2","LATITUDE":22.863184,"LONGITUDE":69.822751,"OBSERVATION.DATE":"2026-09-27","OBSERVER.ID":"obsr3568724","DURATION.MINUTES":76.0,"SAMPLING.EVENT.IDENTIFIER":"S396671796","species_list":"Asian Green Bee-eater; Black-winged Stilt; Common Babbler; Common Kingfisher; Crested Lark; Eurasian Spoonbill; Glossy Ibis; Gray Francolin; Great Thick-knee; House Crow; Indian Pond-Heron; Indian Spot-billed Duck; Laughing Dove; Little Cormorant; Little Egret; Little Swift; Medium Egret; Red-vented Bulbul; Whiskered Tern; White-eared Bulbul; White-throated Kingfisher; Wire-tailed Swallow","n_species":22,"focal_species_seen":"","focal_species_slugs":"","has_focal":false,"GRID_CODE":"GJ-KU-MUN-023","DISTRICT":"Kachchh","BLOCK":"Mundra"},"geometry":{"type":"Point","coordinates":[69.822751,22.863184]}},{"type":"Feature","properties":{"GROUP.ID":"G18468522","LOCALITY":"T12G5","LATITUDE":23.2849383,"LONGITUDE":70.1424419,"OBSERVATION.DATE":"2026-09-27","OBSERVER.ID":"obsr1301322","DURATION.MINUTES":33.0,"SAMPLING.EVENT.IDENTIFIER":"S396686229","species_list":"Ashy-crowned Sparrow-Lark; Asian Green Bee-eater; Common Babbler; Common Hoopoe; Gray-breasted Prinia; Gray-necked Bunting; House Sparrow; Indian Bushlark; Indian Robin; Indian Silverbill; Laughing Dove; Little Cormorant; Paddyfield Pipit; Pied Bushchat; Red-tailed Shrike; Red-wattled Lapwing; Rose-ringed Parakeet; Rufous-fronted Prinia; Shikra; Variable Wheatear; Western Marsh Harrier; Yellow-throated Sparrow","n_species":22,"focal_species_seen":"Red-tailed Shrike","focal_species_slugs":"red-tailed-shrike","has_focal":true,"GRID_CODE":"GJ-KU-ANJ-008","DISTRICT":"Kachchh","BLOCK":"Anjar"},"geometry":{"type":"Point","coordinates":[70.1424419,23.2849383]}},{"type":"Feature","properties":{"GROUP.ID":"G18468427","LOCALITY":"T34G2","LATITUDE":23.4070875,"LONGITUDE":69.1905791,"OBSERVATION.DATE":"2026-09-26","OBSERVER.ID":"obsr1497019","DURATION.MINUTES":46.0,"SAMPLING.EVENT.IDENTIFIER":"S396691197","species_list":"Asian Green Bee-eater; Barn Swallow; Bay-backed Shrike; Baya Weaver; Blyth's Reed Warbler; Common Babbler; Common Tailorbird; Eastern Red-rumped Swallow; Eurasian Collared-Dove; European Roller; Gray Francolin; House Sparrow; Indian Robin; Laughing Dove; Lesser Whitethroat; Long-tailed Shrike; Paddyfield Pipit; Plain Prinia; Red-vented Bulbul; Rose-ringed Parakeet; Rufous-fronted Prinia; Siberian Stonechat; Spotted Flycatcher; Tawny Pipit; Western Yellow Wagtail; White-tailed Iora; Yellow-crowned Woodpecker","n_species":27,"focal_species_seen":"European Roller; Spotted Flycatcher","focal_species_slugs":"european-roller;spotted-flycatcher","has_focal":true,"GRID_CODE":"GJ-KU-NAK-043","DISTRICT":"Kachchh","BLOCK":"Nakhatrana"},"geometry":{"type":"Point","coordinates":[69.1905791,23.4070875]}},{"type":"Feature","properties":{"GROUP.ID":"G18468437","LOCALITY":"T34G5","LATITUDE":23.2618059,"LONGITUDE":69.2661434,"OBSERVATION.DATE":"2026-09-26","OBSERVER.ID":"obsr1497019","DURATION.MINUTES":43.0,"SAMPLING.EVENT.IDENTIFIER":"S396692400","species_list":"Ashy-crowned Sparrow-Lark; Bay-backed Shrike; Common Babbler; Common Tailorbird; Eurasian Wryneck; Gray-necked Bunting; Gray Francolin; Indian Robin; Jungle Prinia; Laughing Dove; Purple Sunbird; Red-vented Bulbul; Small Minivet; Spotted Flycatcher; White-tailed Iora; White-throated Kingfisher; Wire-tailed Swallow","n_species":17,"focal_species_seen":"Spotted Flycatcher","focal_species_slugs":"spotted-flycatcher","has_focal":true,"GRID_CODE":"GJ-KU-NAK-057","DISTRICT":"Kachchh","BLOCK":"Nakhatrana"},"geometry":{"type":"Point","coordinates":[69.2661434,23.2618059]}},{"type":"Feature","properties":{"GROUP.ID":"G18468439","LOCALITY":"T34G4","LATITUDE":23.2887994,"LONGITUDE":69.1714228,"OBSERVATION.DATE":"2026-09-27","OBSERVER.ID":"obsr1497019","DURATION.MINUTES":48.0,"SAMPLING.EVENT.IDENTIFIER":"S396692889","species_list":"Asian Green Bee-eater; Bay-backed Shrike; Brahminy Starling; Common Babbler; Common Woodshrike; Eastern Cattle-Egret; Eurasian Collared-Dove; European Roller; Gray Francolin; Indian Peafowl; Indian Robin; Indian Silverbill; Laughing Dove; Lesser Whitethroat; Little Swift; Medium Egret; Purple Sunbird; Red-vented Bulbul; Rufous-fronted Prinia; Rufous-tailed Scrub-Robin; Spotted Flycatcher; White-tailed Iora; Wire-tailed Swallow; Yellow-throated Sparrow","n_species":24,"focal_species_seen":"European Roller; Rufous-tailed Scrub-Robin; Spotted Flycatcher","focal_species_slugs":"european-roller;rufous-tailed-scrub-robin;spotted-flycatcher","has_focal":true,"GRID_CODE":"GJ-KU-ABD-043","DISTRICT":"Kachchh","BLOCK":"Abdasa"},"geometry":{"type":"Point","coordinates":[69.1714228,23.2887994]}},{"type":"Feature","properties":{"GROUP.ID":"G18468442","LOCALITY":"T34G3","LATITUDE":23.2212403,"LONGITUDE":69.2090409,"OBSERVATION.DATE":"2026-09-27","OBSERVER.ID":"obsr1497019","DURATION.MINUTES":59.0,"SAMPLING.EVENT.IDENTIFIER":"S396693560","species_list":"Ashy-crowned Sparrow-Lark; Bay-backed Shrike; Black Drongo; Common Babbler; Eastern Cattle-Egret; Eastern Orphean Warbler; Gray-necked Bunting; Gray Francolin; Gray Heron; Gull-billed Tern; Indian Robin; Indian Roller; Indian Silverbill; Indian Thick-knee; Jungle Prinia; Laughing Dove; Lesser Whitethroat; Purple Sunbird; Red-backed Shrike; Red-vented Bulbul; River Tern; Rufous-fronted Prinia; Siberian Stonechat; Spotted Flycatcher; Sykes's Warbler; Whiskered Tern; White-tailed Iora; Wire-tailed Swallow; Yellow-crowned Woodpecker","n_species":29,"focal_species_seen":"Red-backed Shrike; Spotted Flycatcher","focal_species_slugs":"red-backed-shrike;spotted-flycatcher","has_focal":true,"GRID_CODE":"GJ-KU-NAK-060","DISTRICT":"Kachchh","BLOCK":"Nakhatrana"},"geometry":{"type":"Point","coordinates":[69.2090409,23.2212403]}},{"type":"Feature","properties":{"GROUP.ID":"G18468464","LOCALITY":"T8G4","LATITUDE":23.4887391,"LONGITUDE":69.9717996,"OBSERVATION.DATE":"2026-09-26","OBSERVER.ID":"obsr834427","DURATION.MINUTES":51.0,"SAMPLING.EVENT.IDENTIFIER":"S396696124","species_list":"Ashy-crowned Sparrow-Lark; Barn Swallow; Black Drongo; Blue-cheeked Bee-eater; Bonelli's Eagle; Common Babbler; Common Quail; Common Sandpiper; Crested Lark; Delicate Prinia; Eastern Cattle-Egret; European Roller; Gray Francolin; Indian Courser; Indian Spot-billed Duck; Isabelline Shrike; Isabelline Wheatear; Laggar Falcon; Laughing Dove; Lesser Whitethroat; Marsh Sandpiper; Paddyfield Pipit; Purple Sunbird; Red-backed Shrike; Red-naped Ibis; Red-wattled Lapwing; Rufous-tailed Scrub-Robin; Short-toed Snake-Eagle; Siberian Stonechat; Sykes's Warbler; Tree Pipit; Variable Wheatear; Western Marsh Harrier; White-eared Bulbul; White-throated Kingfisher","n_species":35,"focal_species_seen":"Blue-cheeked Bee-eater; European Roller; Red-backed Shrike; Rufous-tailed Scrub-Robin","focal_species_slugs":"blue-cheeked-bee-eater;european-roller;red-backed-shrike;rufous-tailed-scrub-robin","has_focal":true,"GRID_CODE":"GJ-KU-RAN-591","DISTRICT":"Kachchh","BLOCK":"Rann of Kachchh"},"geometry":{"type":"Point","coordinates":[69.9717996,23.4887391]}},{"type":"Feature","properties":{"GROUP.ID":"G18468474","LOCALITY":"T8G2","LATITUDE":23.3709387,"LONGITUDE":69.9894474,"OBSERVATION.DATE":"2026-09-27","OBSERVER.ID":"obsr834427","DURATION.MINUTES":60.0,"SAMPLING.EVENT.IDENTIFIER":"S396696882","species_list":"Ashy-crowned Sparrow-Lark; Asian Green Bee-eater; Asian Koel; Barn Swallow; Black-winged Kite; Blue-cheeked Bee-eater; Brahminy Starling; Common Babbler; Common Tailorbird; Eurasian Collared-Dove; Eurasian Kestrel; Eurasian Sparrowhawk; European Roller; Gray-breasted Prinia; Gray Francolin; Greater Short-toed Lark; Greater Whitethroat; Green Sandpiper; House Crow; Indian Golden Oriole; Indian Peafowl; Indian Robin; Isabelline Shrike; Jungle Prinia; Laughing Dove; Lesser Whitethroat; Little Swift; Long-legged Buzzard; Long-tailed Shrike; Oriental Honey-buzzard; Paddyfield Pipit; Purple Sunbird; Red-wattled Lapwing; Rose-ringed Parakeet; Shikra; Short-toed Snake-Eagle; Spotted Flycatcher; Striolated Bunting; Sykes's Warbler; Variable Wheatear; White-eared Bulbul; White-tailed Iora; White-throated Kingfisher; Yellow-eyed Babbler","n_species":44,"focal_species_seen":"Blue-cheeked Bee-eater; European Roller; Greater Whitethroat; Spotted Flycatcher","focal_species_slugs":"blue-cheeked-bee-eater;european-roller;greater-whitethroat;spotted-flycatcher","has_focal":true,"GRID_CODE":"GJ-KU-BHU-104","DISTRICT":"Kachchh","BLOCK":"Bhuj"},"geometry":{"type":"Point","coordinates":[69.9894474,23.3709387]}},{"type":"Feature","properties":{"GROUP.ID":"G18468475","LOCALITY":"T8G1","LATITUDE":23.3644733,"LONGITUDE":69.8910686,"OBSERVATION.DATE":"2026-09-27","OBSERVER.ID":"obsr834427","DURATION.MINUTES":60.0,"SAMPLING.EVENT.IDENTIFIER":"S396696972","species_list":"Ashy-crowned Sparrow-Lark; Asian Green Bee-eater; Barn Swallow; Black Drongo; Blue-cheeked Bee-eater; Common Babbler; Common Tailorbird; Crested Lark; Eastern Red-rumped Swallow; Eurasian Collared-Dove; European Roller; Glossy Ibis; Gray-breasted Prinia; Gray Francolin; Great Egret; Greater Coucal; Greater Short-toed Lark; Green Sandpiper; Indian Pond-Heron; Indian Robin; Indian Silverbill; Jungle Prinia; Laughing Dove; Lesser Whitethroat; Little Cormorant; Little Egret; Paddyfield Pipit; Pied Bushchat; Red-tailed Shrike; Red-vented Bulbul; Red-wattled Lapwing; River Tern; Rose-ringed Parakeet; Rufous-fronted Prinia; Sirkeer Malkoha; Spotted Flycatcher; Sykes's Warbler; Variable Wheatear; Whiskered Tern; White-eared Bulbul; White-tailed Iora; White-throated Kingfisher","n_species":42,"focal_species_seen":"Blue-cheeked Bee-eater; European Roller; Red-tailed Shrike; Spotted Flycatcher","focal_species_slugs":"blue-cheeked-bee-eater;european-roller;red-tailed-shrike;spotted-flycatcher","has_focal":true,"GRID_CODE":"GJ-KU-BHU-102","DISTRICT":"Kachchh","BLOCK":"Bhuj"},"geometry":{"type":"Point","coordinates":[69.8910686,23.3644733]}},{"type":"Feature","properties":{"GROUP.ID":"G18468619","LOCALITY":"T30G4","LATITUDE":24.1060693,"LONGITUDE":69.7004139,"OBSERVATION.DATE":"2026-09-27","OBSERVER.ID":"obsr701947","DURATION.MINUTES":30.0,"SAMPLING.EVENT.IDENTIFIER":"S396698534","species_list":"Black Drongo; Blue-cheeked Bee-eater; Common Babbler; Eurasian Kestrel; European Roller; Gray Francolin; Great Gray Shrike; Laughing Dove; Long-billed Pipit; Montagu's Harrier; Purple Sunbird; Rufous-tailed Scrub-Robin; Whiskered Tern","n_species":13,"focal_species_seen":"Blue-cheeked Bee-eater; European Roller; Rufous-tailed Scrub-Robin","focal_species_slugs":"blue-cheeked-bee-eater;european-roller;rufous-tailed-scrub-robin","has_focal":true,"GRID_CODE":"GJ-KU-RAN-219","DISTRICT":"Kachchh","BLOCK":"Rann of Kachchh"},"geometry":{"type":"Point","coordinates":[69.7004139,24.1060693]}},{"type":"Feature","properties":{"GROUP.ID":"G18468618","LOCALITY":"T30G3","LATITUDE":24.1466216,"LONGITUDE":69.5717173,"OBSERVATION.DATE":"2026-09-27","OBSERVER.ID":"obsr701947","DURATION.MINUTES":46.0,"SAMPLING.EVENT.IDENTIFIER":"S396699086","species_list":"Blue-cheeked Bee-eater; Common Babbler; Eurasian Curlew; Greater Short-toed Lark; Kentish Plover; Little Ringed Plover; Little Stint; Marsh Sandpiper; Montagu's Harrier; Purple Sunbird; Temminck's Stint; Tibetan Sand-Plover; Western Marsh Harrier; Western Yellow Wagtail","n_species":14,"focal_species_seen":"Blue-cheeked Bee-eater","focal_species_slugs":"blue-cheeked-bee-eater","has_focal":true,"GRID_CODE":"GJ-KU-RAN-167","DISTRICT":"Kachchh","BLOCK":"Rann of Kachchh"},"geometry":{"type":"Point","coordinates":[69.5717173,24.1466216]}},{"type":"Feature","properties":{"GROUP.ID":"G18469359","LOCALITY":"Lifri, Gujarat, IN (23.503, 68.986)","LATITUDE":23.5029542,"LONGITUDE":68.9863282,"OBSERVATION.DATE":"2026-09-26","OBSERVER.ID":"obsr3483163","DURATION.MINUTES":58.0,"SAMPLING.EVENT.IDENTIFIER":"S396700066","species_list":"Asian Koel; Bay-backed Shrike; Baya Weaver; Black Drongo; Blyth's Reed Warbler; Common Babbler; Eastern Red-rumped Swallow; Eurasian Collared-Dove; Gray Francolin; Gray Wagtail; House Sparrow; Indian Peafowl; Indian Pond-Heron; Indian Robin; Indian Spot-billed Duck; Laughing Dove; Little Grebe; Purple Sunbird; Red-vented Bulbul; Red-wattled Lapwing; Small Minivet; White-throated Kingfisher; Wire-tailed Swallow; Yellow-throated Sparrow","n_species":24,"focal_species_seen":"","focal_species_slugs":"","has_focal":false,"GRID_CODE":"GJ-KU-NAK-016","DISTRICT":"Kachchh","BLOCK":"Nakhatrana"},"geometry":{"type":"Point","coordinates":[68.9863282,23.5029542]}},{"type":"Feature","properties":{"GROUP.ID":"G18469358","LOCALITY":"Lifri, Gujarat, IN (23.496, 68.987)","LATITUDE":23.4958324,"LONGITUDE":68.9873577,"OBSERVATION.DATE":"2026-09-26","OBSERVER.ID":"obsr3483163","DURATION.MINUTES":34.0,"SAMPLING.EVENT.IDENTIFIER":"S396700286","species_list":"Bay-backed Shrike; Common Woodshrike; Eastern Cattle-Egret; Eurasian Collared-Dove; Gray Francolin; Indian Peafowl; Little Egret; Red-backed Shrike; White-tailed Iora","n_species":9,"focal_species_seen":"Red-backed Shrike","focal_species_slugs":"red-backed-shrike","has_focal":true,"GRID_CODE":"GJ-KU-NAK-016","DISTRICT":"Kachchh","BLOCK":"Nakhatrana"},"geometry":{"type":"Point","coordinates":[68.9873577,23.4958324]}},{"type":"Feature","properties":{"GROUP.ID":"G18468566","LOCALITY":"T37G1, Gujarat, IN (23.056, 68.887)","LATITUDE":23.0561573,"LONGITUDE":68.8867959,"OBSERVATION.DATE":"2026-09-26","OBSERVER.ID":"obsr2323937","DURATION.MINUTES":46.0,"SAMPLING.EVENT.IDENTIFIER":"S396704604","species_list":"Asian Green Bee-eater; Barred Buttonquail; Baya Weaver; Black Drongo; Common Hoopoe; Common Kingfisher; Common Myna; Common Tailorbird; Eastern Cattle-Egret; Eastern Orphean Warbler; Eastern Red-rumped Swallow; European Roller; Greater Coucal; Greater Whitethroat; Green Sandpiper; Indian Peafowl; Indian Robin; Indian Roller; Indian Thick-knee; Lesser Whitethroat; Little Egret; Paddyfield Pipit; Pied Bushchat; Pied Cuckoo; Plain Prinia; Purple Sunbird; Red-wattled Lapwing; Rose-ringed Parakeet; Rufous-fronted Prinia; Siberian Stonechat; Tawny Pipit; Variable Wheatear; White-eared Bulbul; Wire-tailed Swallow; Zitting Cisticola","n_species":35,"focal_species_seen":"European Roller; Greater Whitethroat","focal_species_slugs":"european-roller;greater-whitethroat","has_focal":true,"GRID_CODE":"GJ-KU-ABD-087","DISTRICT":"Kachchh","BLOCK":"Abdasa"},"geometry":{"type":"Point","coordinates":[68.8867959,23.0561573]}},{"type":"Feature","properties":{"GROUP.ID":"G18468567","LOCALITY":"T37G2, Gujarat, IN (23.083, 68.819)","LATITUDE":23.0825776,"LONGITUDE":68.8188242,"OBSERVATION.DATE":"2026-09-26","OBSERVER.ID":"obsr2323937","DURATION.MINUTES":34.0,"SAMPLING.EVENT.IDENTIFIER":"S396704696","species_list":"Ashy-crowned Sparrow-Lark; Eastern Cattle-Egret; European Roller; Green Sandpiper; Pied Kingfisher; Red-backed Shrike; Red-naped Ibis; Red-wattled Lapwing; Rufous-fronted Prinia; Rufous-tailed Scrub-Robin","n_species":10,"focal_species_seen":"European Roller; Red-backed Shrike; Rufous-tailed Scrub-Robin","focal_species_slugs":"european-roller;red-backed-shrike;rufous-tailed-scrub-robin","has_focal":true,"GRID_CODE":"GJ-KU-ABD-079","DISTRICT":"Kachchh","BLOCK":"Abdasa"},"geometry":{"type":"Point","coordinates":[68.8188242,23.0825776]}},{"type":"Feature","properties":{"GROUP.ID":"G18468571","LOCALITY":"T37G3, Gujarat, IN (23.133, 68.896)","LATITUDE":23.1333777,"LONGITUDE":68.8960585,"OBSERVATION.DATE":"2026-09-26","OBSERVER.ID":"obsr2323937","DURATION.MINUTES":42.0,"SAMPLING.EVENT.IDENTIFIER":"S396704821","species_list":"Asian Green Bee-eater; Barred Buttonquail; Bay-backed Shrike; Black Drongo; Common Babbler; Common Hoopoe; Eurasian Collared-Dove; European Roller; Greater Coucal; Green Sandpiper; Green Warbler; Indian Golden Oriole; Indian Peafowl; Indian Robin; Indian Roller; Laughing Dove; Long-tailed Shrike; Pied Bushchat; Pied Cuckoo; Plain Prinia; Purple Sunbird; Red-naped Ibis; Red-tailed Shrike; Rosy Starling; Rufous-fronted Prinia; Siberian Stonechat; Spotted Flycatcher","n_species":27,"focal_species_seen":"European Roller; Red-tailed Shrike; Spotted Flycatcher","focal_species_slugs":"european-roller;red-tailed-shrike;spotted-flycatcher","has_focal":true,"GRID_CODE":"GJ-KU-ABD-072","DISTRICT":"Kachchh","BLOCK":"Abdasa"},"geometry":{"type":"Point","coordinates":[68.8960585,23.1333777]}},{"type":"Feature","properties":{"GROUP.ID":"G18468570","LOCALITY":"T37G4 Gujarat, IN (23.161, 68.912)","LATITUDE":23.1610449,"LONGITUDE":68.9119724,"OBSERVATION.DATE":"2026-09-26","OBSERVER.ID":"obsr2323937","DURATION.MINUTES":37.0,"SAMPLING.EVENT.IDENTIFIER":"S396704903","species_list":"Asian Green Bee-eater; Baya Weaver; Black Drongo; Common Babbler; Eurasian Collared-Dove; Gray-breasted Prinia; Green Warbler; Plain Prinia; Purple Sunbird; Red-vented Bulbul; Red-wattled Lapwing; Rock Bush-Quail; Rose-ringed Parakeet; Rosy Starling; Spotted Flycatcher; Western Yellow Wagtail; White-throated Kingfisher","n_species":17,"focal_species_seen":"Spotted Flycatcher","focal_species_slugs":"spotted-flycatcher","has_focal":true,"GRID_CODE":"GJ-KU-ABD-062","DISTRICT":"Kachchh","BLOCK":"Abdasa"},"geometry":{"type":"Point","coordinates":[68.9119724,23.1610449]}},{"type":"Feature","properties":{"GROUP.ID":"G18468601","LOCALITY":"T48G3","LATITUDE":23.379726,"LONGITUDE":68.731851,"OBSERVATION.DATE":"2026-09-26","OBSERVER.ID":"obsr2395706","DURATION.MINUTES":43.0,"SAMPLING.EVENT.IDENTIFIER":"S396706562","species_list":"Ashy-crowned Sparrow-Lark; Asian Green Bee-eater; Bay-backed Shrike; Black-winged Stilt; Black Drongo; Common Babbler; Common Tailorbird; Eastern Red-rumped Swallow; Eurasian Collared-Dove; European Roller; Glossy Ibis; Gray Francolin; Great Egret; Indian Bushlark; Indian Peafowl; Indian Robin; Laughing Dove; Little Cormorant; Little Swift; Purple Sunbird; Red-naped Ibis; Red-vented Bulbul; Red-wattled Lapwing; Rose-ringed Parakeet; Rufous-fronted Prinia; Siberian Stonechat; Tawny Pipit; White-eared Bulbul; White-tailed Iora; Yellow-crowned Woodpecker; Yellow-throated Sparrow","n_species":31,"focal_species_seen":"European Roller","focal_species_slugs":"european-roller","has_focal":true,"GRID_CODE":"GJ-KU-ABD-013","DISTRICT":"Kachchh","BLOCK":"Abdasa"},"geometry":{"type":"Point","coordinates":[68.731851,23.379726]}},{"type":"Feature","properties":{"GROUP.ID":"G18468600","LOCALITY":"Ukir Sukhpar Sayand Road, Kachchh IN-Gujarat 23.38291, 68.73359","LATITUDE":23.382909,"LONGITUDE":68.733594,"OBSERVATION.DATE":"2026-09-26","OBSERVER.ID":"obsr2395706","DURATION.MINUTES":30.0,"SAMPLING.EVENT.IDENTIFIER":"S396706712","species_list":"Black Drongo; Chestnut-bellied Sandgrouse; Common Babbler; Common Tailorbird; Eurasian Collared-Dove; European Roller; Gray Francolin; Indian Thick-knee; Red-vented Bulbul; Red-wattled Lapwing; Spotted Owlet; Yellow-wattled Lapwing","n_species":12,"focal_species_seen":"European Roller","focal_species_slugs":"european-roller","has_focal":true,"GRID_CODE":"GJ-KU-ABD-013","DISTRICT":"Kachchh","BLOCK":"Abdasa"},"geometry":{"type":"Point","coordinates":[68.733594,23.382909]}},{"type":"Feature","properties":{"GROUP.ID":"G18468607","LOCALITY":"Abdasa, Kachchh IN-Gujarat 23.29428, 68.92660","LATITUDE":23.294276,"LONGITUDE":68.926601,"OBSERVATION.DATE":"2026-09-27","OBSERVER.ID":"obsr2395706","DURATION.MINUTES":36.0,"SAMPLING.EVENT.IDENTIFIER":"S396706866","species_list":"Asian Green Bee-eater; Common Babbler; Eastern Cattle-Egret; Eurasian Collared-Dove; Gray-headed Swamphen; Gray Heron; Great Egret; Indian Peafowl; Laughing Dove; Little Egret; Paddyfield Pipit; Painted Stork; Pied Kingfisher; Purple Sunbird; Red-wattled Lapwing; Streak-throated Swallow; White-browed Wagtail; White-tailed Iora; Wire-tailed Swallow; Yellow-throated Sparrow","n_species":20,"focal_species_seen":"","focal_species_slugs":"","has_focal":false,"GRID_CODE":"GJ-KU-ABD-038","DISTRICT":"Kachchh","BLOCK":"Abdasa"},"geometry":{"type":"Point","coordinates":[68.926601,23.294276]}},{"type":"Feature","properties":{"GROUP.ID":"G18468954","LOCALITY":"T9G1","LATITUDE":22.8386867,"LONGITUDE":69.2186699,"OBSERVATION.DATE":"2026-09-27","OBSERVER.ID":"obsr664433","DURATION.MINUTES":60.0,"SAMPLING.EVENT.IDENTIFIER":"S396707611","species_list":"Black Drongo; Eurasian Collared-Dove; Eurasian Whimbrel; Gray Francolin; Great Thick-knee; Indian Silverbill; Kentish Plover; Purple Sunbird; Red-vented Bulbul; Tibetan Sand-Plover; Western Reef-Heron; White-eared Bulbul","n_species":12,"focal_species_seen":"","focal_species_slugs":"","has_focal":false,"GRID_CODE":"GJ-KU-MAN-046","DISTRICT":"Kachchh","BLOCK":"Mandvi"},"geometry":{"type":"Point","coordinates":[69.2186699,22.8386867]}},{"type":"Feature","properties":{"GROUP.ID":"G18468602","LOCALITY":"T48G1","LATITUDE":23.326293,"LONGITUDE":68.796144,"OBSERVATION.DATE":"2026-09-26","OBSERVER.ID":"obsr2395706","DURATION.MINUTES":40.0,"SAMPLING.EVENT.IDENTIFIER":"S396709671","species_list":"Asian Green Bee-eater; Black-winged Stilt; Common Snipe; Crested Lark; Eurasian Collared-Dove; Garganey; Glossy Ibis; Gray Francolin; Green Sandpiper; House Sparrow; Indian Robin; Indian Silverbill; Laughing Dove; Purple Sunbird; Red-naped Ibis; Red-vented Bulbul; Red-wattled Lapwing; Rose-ringed Parakeet; Rosy Starling; Rufous-fronted Prinia; Streak-throated Swallow; White-eared Bulbul; Wire-tailed Swallow; Yellow-wattled Lapwing","n_species":24,"focal_species_seen":"","focal_species_slugs":"","has_focal":false,"GRID_CODE":"GJ-KU-ABD-023","DISTRICT":"Kachchh","BLOCK":"Abdasa"},"geometry":{"type":"Point","coordinates":[68.796144,23.326293]}},{"type":"Feature","properties":{"GROUP.ID":"G18468628","LOCALITY":"T48G2","LATITUDE":23.311507,"LONGITUDE":68.903252,"OBSERVATION.DATE":"2026-09-26","OBSERVER.ID":"obsr2395706","DURATION.MINUTES":36.0,"SAMPLING.EVENT.IDENTIFIER":"S396710380","species_list":"Asian Green Bee-eater; Bank Myna; Barn Swallow; Bay-backed Shrike; Black-winged Stilt; Black Drongo; Brahminy Starling; Brown Rock Chat; Common Babbler; Common Hoopoe; Common Kingfisher; Common Tailorbird; Common Woodshrike; Dusky Crag-Martin; Eastern Cattle-Egret; Eastern Red-rumped Swallow; Eurasian Collared-Dove; European Roller; Green Sandpiper; House Sparrow; Indian Peafowl; Indian Pond-Heron; Indian Robin; Laughing Dove; Little Cormorant; Little Swift; Paddyfield Pipit; Purple Sunbird; Red-vented Bulbul; Red-wattled Lapwing; Rose-ringed Parakeet; Rosy Starling; Western Yellow Wagtail; White-eared Bulbul; Yellow-wattled Lapwing","n_species":35,"focal_species_seen":"European Roller","focal_species_slugs":"european-roller","has_focal":true,"GRID_CODE":"GJ-KU-ABD-025","DISTRICT":"Kachchh","BLOCK":"Abdasa"},"geometry":{"type":"Point","coordinates":[68.903252,23.311507]}},{"type":"Feature","properties":{"GROUP.ID":"G18469345","LOCALITY":"Jakhau","LATITUDE":23.2277805,"LONGITUDE":68.613224,"OBSERVATION.DATE":"2026-09-27","OBSERVER.ID":"obsr3483163","DURATION.MINUTES":63.0,"SAMPLING.EVENT.IDENTIFIER":"S396710482","species_list":"Black-tailed Godwit; Black-winged Stilt; Clamorous Reed Warbler; Common Redshank; Eastern Cattle-Egret; Eurasian Curlew; Eurasian Whimbrel; Glossy Ibis; Great Egret; Greater Flamingo; House Crow; House Sparrow; Indian Pond-Heron; Lesser Black-backed Gull; Lesser Flamingo; Little Ringed Plover; Little Stint; Red-wattled Lapwing; Ruddy Turnstone; Western Reef-Heron; White-throated Kingfisher; Wire-tailed Swallow","n_species":22,"focal_species_seen":"","focal_species_slugs":"","has_focal":false,"GRID_CODE":"GJ-KU-ABD-044","DISTRICT":"Kachchh","BLOCK":"Abdasa"},"geometry":{"type":"Point","coordinates":[68.613224,23.2277805]}},{"type":"Feature","properties":{"GROUP.ID":"G18468724","LOCALITY":"T48G4","LATITUDE":23.344065,"LONGITUDE":68.69287,"OBSERVATION.DATE":"2026-09-26","OBSERVER.ID":"obsr2395706","DURATION.MINUTES":42.0,"SAMPLING.EVENT.IDENTIFIER":"S396712156","species_list":"Asian Green Bee-eater; Black-winged Stilt; Black Drongo; Blue-cheeked Bee-eater; Crested Lark; Dunlin; Eurasian Collared-Dove; Gray Francolin; Indian Peafowl; Indian Spot-billed Duck; Little Ringed Plover; Little Stint; Little Swift; Oriental Darter; Red-vented Bulbul; Red-wattled Lapwing; Whiskered Tern; White-eared Bulbul; White-throated Kingfisher","n_species":19,"focal_species_seen":"Blue-cheeked Bee-eater","focal_species_slugs":"blue-cheeked-bee-eater","has_focal":true,"GRID_CODE":"GJ-KU-ABD-021","DISTRICT":"Kachchh","BLOCK":"Abdasa"},"geometry":{"type":"Point","coordinates":[68.69287,23.344065]}},{"type":"Feature","properties":{"GROUP.ID":"G18468953","LOCALITY":"T9G2","LATITUDE":22.8943711,"LONGITUDE":69.1141335,"OBSERVATION.DATE":"2026-09-26","OBSERVER.ID":"obsr664433","DURATION.MINUTES":32.0,"SAMPLING.EVENT.IDENTIFIER":"S396712411","species_list":"Black-necked Stork; Common Greenshank; Gray Francolin; Gray Heron; Great Thick-knee; Pied Kingfisher; Purple Sunbird","n_species":7,"focal_species_seen":"","focal_species_slugs":"","has_focal":false,"GRID_CODE":"GJ-KU-MAN-037","DISTRICT":"Kachchh","BLOCK":"Mandvi"},"geometry":{"type":"Point","coordinates":[69.1141335,22.8943711]}},{"type":"Feature","properties":{"GROUP.ID":"G18468650","LOCALITY":"T31_G3","LATITUDE":23.742315,"LONGITUDE":69.480855,"OBSERVATION.DATE":"2026-09-27","OBSERVER.ID":"obsr1065391","DURATION.MINUTES":69.0,"SAMPLING.EVENT.IDENTIFIER":"S396712851","species_list":"Ashy-crowned Sparrow-Lark; Asian Green Bee-eater; Blue-cheeked Bee-eater; Common Babbler; Common Tailorbird; Eurasian Collared-Dove; Eurasian Curlew; European Roller; Gray Francolin; Green Sandpiper; House Crow; Indian Robin; Indian Silverbill; Laughing Dove; Paddyfield Pipit; Pallid Harrier; Purple Sunbird; Streak-throated Swallow; Sykes's Warbler; Tawny Pipit; Tree Pipit; White-eared Bulbul; Yellow-throated Sparrow","n_species":23,"focal_species_seen":"Blue-cheeked Bee-eater; European Roller","focal_species_slugs":"blue-cheeked-bee-eater;european-roller","has_focal":true,"GRID_CODE":"GJ-KU-BHU-030","DISTRICT":"Kachchh","BLOCK":"Bhuj"},"geometry":{"type":"Point","coordinates":[69.480855,23.742315]}},{"type":"Feature","properties":{"GROUP.ID":"G18468952","LOCALITY":"T9G5","LATITUDE":22.9541378,"LONGITUDE":69.1697898,"OBSERVATION.DATE":"2026-09-26","OBSERVER.ID":"obsr664433","DURATION.MINUTES":60.0,"SAMPLING.EVENT.IDENTIFIER":"S396714992","species_list":"Asian Green Bee-eater; Bay-backed Shrike; Baya Weaver; Black Drongo; Common Babbler; Common Tailorbird; Eastern Cattle-Egret; Eastern Red-rumped Swallow; Eurasian Collared-Dove; European Roller; Gray Francolin; Great Egret; Greater Coucal; Indian Robin; Laughing Dove; Little Cormorant; Purple Sunbird; Red-naped Ibis; Red-vented Bulbul; Red-wattled Lapwing; Rufous-fronted Prinia; Short-toed Snake-Eagle; Streak-throated Swallow; White-throated Kingfisher; Yellow-wattled Lapwing","n_species":25,"focal_species_seen":"European Roller","focal_species_slugs":"european-roller","has_focal":true,"GRID_CODE":"GJ-KU-MAN-029","DISTRICT":"Kachchh","BLOCK":"Mandvi"},"geometry":{"type":"Point","coordinates":[69.1697898,22.9541378]}},{"type":"Feature","properties":{"GROUP.ID":"G18468951","LOCALITY":"T9G4","LATITUDE":22.9888673,"LONGITUDE":69.1398309,"OBSERVATION.DATE":"2026-09-26","OBSERVER.ID":"obsr664433","DURATION.MINUTES":60.0,"SAMPLING.EVENT.IDENTIFIER":"S396716376","species_list":"Bay-backed Shrike; Baya Weaver; Black Drongo; Brahminy Starling; Common Babbler; Eastern Cattle-Egret; Eastern Red-rumped Swallow; Eurasian Collared-Dove; European Roller; Gray Francolin; House Sparrow; Indian Bushlark; Indian Robin; Indian Silverbill; Laughing Dove; Plain Prinia; Red-vented Bulbul; Red Collared-Dove; Rosy Starling; Rufous-fronted Prinia; Tawny Lark; Zitting Cisticola","n_species":22,"focal_species_seen":"European Roller","focal_species_slugs":"european-roller","has_focal":true,"GRID_CODE":"GJ-KU-MAN-018","DISTRICT":"Kachchh","BLOCK":"Mandvi"},"geometry":{"type":"Point","coordinates":[69.1398309,22.9888673]}},{"type":"Feature","properties":{"GROUP.ID":"G18468893","LOCALITY":"T7G5","LATITUDE":23.5248456,"LONGITUDE":69.8092712,"OBSERVATION.DATE":"2026-09-27","OBSERVER.ID":"obsr1443405","DURATION.MINUTES":47.0,"SAMPLING.EVENT.IDENTIFIER":"S396722332","species_list":"Ashy-crowned Sparrow-Lark; Asian Green Bee-eater; Blue-cheeked Bee-eater; Common Babbler; Crested Lark; Delicate Prinia; Eastern Cattle-Egret; Eurasian Collared-Dove; European Roller; Gray-breasted Prinia; Gray Francolin; Greater Short-toed Lark; House Crow; Indian Silverbill; Isabelline Shrike; Laughing Dove; Lesser Whitethroat; Little Stint; Medium Egret; Plain Prinia; Purple Sunbird; Red-backed Shrike; Red-tailed Shrike; Red-vented Bulbul; Red-wattled Lapwing; White-eared Bulbul","n_species":26,"focal_species_seen":"Blue-cheeked Bee-eater; European Roller; Red-backed Shrike; Red-tailed Shrike","focal_species_slugs":"blue-cheeked-bee-eater;european-roller;red-backed-shrike;red-tailed-shrike","has_focal":true,"GRID_CODE":"GJ-KU-BHU-076","DISTRICT":"Kachchh","BLOCK":"Bhuj"},"geometry":{"type":"Point","coordinates":[69.8092712,23.5248456]}},{"type":"Feature","properties":{"GROUP.ID":"G18468955","LOCALITY":"T41 G1","LATITUDE":23.5197794,"LONGITUDE":69.0758589,"OBSERVATION.DATE":"2026-09-27","OBSERVER.ID":"obsr6352680","DURATION.MINUTES":72.0,"SAMPLING.EVENT.IDENTIFIER":"S396730651","species_list":"Asian Green Bee-eater; Baya Weaver; Common Sandpiper; Eastern Cattle-Egret; Eurasian Collared-Dove; European Roller; Greater Whitethroat; Indian Robin; Indian Silverbill; Laughing Dove; Purple Sunbird; Red-wattled Lapwing; Rosy Starling; White-throated Kingfisher; Wire-tailed Swallow","n_species":15,"focal_species_seen":"European Roller; Greater Whitethroat","focal_species_slugs":"european-roller;greater-whitethroat","has_focal":true,"GRID_CODE":"GJ-KU-NAK-010","DISTRICT":"Kachchh","BLOCK":"Nakhatrana"},"geometry":{"type":"Point","coordinates":[69.0758589,23.5197794]}},{"type":"Feature","properties":{"GROUP.ID":"G18468964","LOCALITY":"T41 G3","LATITUDE":23.563834,"LONGITUDE":69.0219347,"OBSERVATION.DATE":"2026-09-27","OBSERVER.ID":"obsr6352680","DURATION.MINUTES":63.0,"SAMPLING.EVENT.IDENTIFIER":"S396731068","species_list":"Ashy-crowned Sparrow-Lark; Asian Green Bee-eater; Bay-backed Shrike; Baya Weaver; Common Babbler; Eastern Cattle-Egret; European Roller; Glossy Ibis; Gray Francolin; Indian Pond-Heron; Indian Robin; Indian Silverbill; Indian Thick-knee; Laughing Dove; Lesser Whitethroat; Pied Bushchat; Red-vented Bulbul; Red-wattled Lapwing; Siberian Stonechat; Spotted Flycatcher; Tawny Pipit; Variable Wheatear; White-tailed Iora; Wire-tailed Swallow; Zitting Cisticola","n_species":25,"focal_species_seen":"European Roller; Spotted Flycatcher","focal_species_slugs":"european-roller;spotted-flycatcher","has_focal":true,"GRID_CODE":"GJ-KU-NAK-003","DISTRICT":"Kachchh","BLOCK":"Nakhatrana"},"geometry":{"type":"Point","coordinates":[69.0219347,23.563834]}},{"type":"Feature","properties":{"GROUP.ID":"G18469067","LOCALITY":"Kasvati Dam","LATITUDE":23.3838785,"LONGITUDE":69.900738,"OBSERVATION.DATE":"2026-09-27","OBSERVER.ID":"obsr453899","DURATION.MINUTES":47.0,"SAMPLING.EVENT.IDENTIFIER":"S396733031","species_list":"Asian Green Bee-eater; Barn Swallow; Black-headed Ibis; Black-winged Stilt; Black Drongo; Blue-cheeked Bee-eater; Common Kingfisher; Eastern Cattle-Egret; Eastern Red-rumped Swallow; Eurasian Collared-Dove; Eurasian Spoonbill; Gray Francolin; Gray Heron; Great Egret; House Crow; Indian Pond-Heron; Indian Spot-billed Duck; Laughing Dove; Little Cormorant; Little Egret; Little Grebe; Little Swift; Painted Stork; Pied Kingfisher; Red-naped Ibis; Red-wattled Lapwing; River Tern; Western Reef-Heron; Whiskered Tern; White-eared Bulbul; White-throated Kingfisher; Wire-tailed Swallow","n_species":32,"focal_species_seen":"Blue-cheeked Bee-eater","focal_species_slugs":"blue-cheeked-bee-eater","has_focal":true,"GRID_CODE":"GJ-KU-BHU-102","DISTRICT":"Kachchh","BLOCK":"Bhuj"},"geometry":{"type":"Point","coordinates":[69.900738,23.3838785]}},{"type":"Feature","properties":{"GROUP.ID":"G18470167","LOCALITY":"T10G2","LATITUDE":22.9566294,"LONGITUDE":69.9075054,"OBSERVATION.DATE":"2026-09-27","OBSERVER.ID":"obsr2822364","DURATION.MINUTES":44.0,"SAMPLING.EVENT.IDENTIFIER":"S396736933","species_list":"Ashy-crowned Sparrow-Lark; Baya Weaver; Black-winged Stilt; Blue-cheeked Bee-eater; Brahminy Starling; Common Babbler; Common Kingfisher; Common Tailorbird; Glossy Ibis; Gray-breasted Prinia; Gray-necked Bunting; Gray Heron; Great Cormorant; Great Crested Grebe; Greater Coucal; Greater Whitethroat; Indian Cormorant; Indian Peafowl; Indian Robin; Knob-billed Duck; Lesser Whitethroat; Long-tailed Shrike; Oriental Darter; Pied Kingfisher; Purple Sunbird; Red-wattled Lapwing; River Tern; Siberian Stonechat; Sirkeer Malkoha; Spotted Flycatcher; Western Marsh Harrier; Whiskered Tern; White-throated Kingfisher","n_species":33,"focal_species_seen":"Blue-cheeked Bee-eater; Greater Whitethroat; Spotted Flycatcher","focal_species_slugs":"blue-cheeked-bee-eater;greater-whitethroat;spotted-flycatcher","has_focal":true,"GRID_CODE":"GJ-KU-MUN-016","DISTRICT":"Kachchh","BLOCK":"Mundra"},"geometry":{"type":"Point","coordinates":[69.9075054,22.9566294]}},{"type":"Feature","properties":{"GROUP.ID":"G18469354","LOCALITY":"Khirsara, Gujarat, IN (23.444, 69.053)","LATITUDE":23.444477,"LONGITUDE":69.0525146,"OBSERVATION.DATE":"2026-09-26","OBSERVER.ID":"obsr3483163","DURATION.MINUTES":31.0,"SAMPLING.EVENT.IDENTIFIER":"S396744512","species_list":"Ashy-crowned Sparrow-Lark; Bank Myna; Black Drongo; Brahminy Starling; Gray-breasted Prinia; Gray Francolin; House Sparrow; Indian Robin; Indian Roller; Red-naped Ibis; Red-wattled Lapwing; Rosy Starling; Siberian Stonechat; Variable Wheatear; White-eared Bulbul; Wire-tailed Swallow","n_species":16,"focal_species_seen":"","focal_species_slugs":"","has_focal":false,"GRID_CODE":"GJ-KU-NAK-029","DISTRICT":"Kachchh","BLOCK":"Nakhatrana"},"geometry":{"type":"Point","coordinates":[69.0525146,23.444477]}},{"type":"Feature","properties":{"GROUP.ID":"G18469346","LOCALITY":"Lakhania, Gujarat, IN (23.329, 68.965)","LATITUDE":23.3292264,"LONGITUDE":68.9650886,"OBSERVATION.DATE":"2026-09-26","OBSERVER.ID":"obsr3483163","DURATION.MINUTES":34.0,"SAMPLING.EVENT.IDENTIFIER":"S396745064","species_list":"Ashy-crowned Sparrow-Lark; Asian Green Bee-eater; Bay-backed Shrike; Black-winged Stilt; Common Kingfisher; Common Sandpiper; Common Snipe; Eastern Cattle-Egret; Gray Francolin; Green Sandpiper; Laughing Dove; Little Cormorant; Little Egret; Little Ringed Plover; Long-tailed Shrike; Paddyfield Pipit; Pied Kingfisher; Red-vented Bulbul; Red-wattled Lapwing; Siberian Stonechat; Tawny Pipit; White-eared Bulbul; White-tailed Iora; White-throated Kingfisher; Wood Sandpiper","n_species":25,"focal_species_seen":"","focal_species_slugs":"","has_focal":false,"GRID_CODE":"GJ-KU-ABD-027","DISTRICT":"Kachchh","BLOCK":"Abdasa"},"geometry":{"type":"Point","coordinates":[68.9650886,23.3292264]}},{"type":"Feature","properties":{"GROUP.ID":"G18470696","LOCALITY":"T35G2 Jatavira - Fuley Road, Kachchh, Gujarat, IN (23.479, 69.255)","LATITUDE":23.4787333,"LONGITUDE":69.2550425,"OBSERVATION.DATE":"2026-09-26","OBSERVER.ID":"obsr2072761","DURATION.MINUTES":60.0,"SAMPLING.EVENT.IDENTIFIER":"S396745419","species_list":"Asian Green Bee-eater; Bay-backed Shrike; Blue-cheeked Bee-eater; Brown Rock Chat; Common Babbler; Eastern Cattle-Egret; Eurasian Spoonbill; Green Sandpiper; Indian Silverbill; Isabelline Shrike; Laughing Dove; Lesser Whitethroat; Paddyfield Pipit; Red-wattled Lapwing; Siberian Stonechat; Temminck's Stint; Tibetan Sand-Plover; Variable Wheatear; Western Marsh Harrier; White-eared Bulbul","n_species":20,"focal_species_seen":"Blue-cheeked Bee-eater","focal_species_slugs":"blue-cheeked-bee-eater","has_focal":true,"GRID_CODE":"GJ-KU-NAK-021","DISTRICT":"Kachchh","BLOCK":"Nakhatrana"},"geometry":{"type":"Point","coordinates":[69.2550425,23.4787333]}},{"type":"Feature","properties":{"GROUP.ID":"G18470695","LOCALITY":"T35G3 Bhukhi Riverbed Near Nakhatrana, Gujarat, IN (23.406, 69.337)","LATITUDE":23.4061446,"LONGITUDE":69.3366034,"OBSERVATION.DATE":"2026-09-26","OBSERVER.ID":"obsr2072761","DURATION.MINUTES":58.0,"SAMPLING.EVENT.IDENTIFIER":"S396745461","species_list":"Asian Green Bee-eater; Black-winged Stilt; Common Hoopoe; Common Sandpiper; Common Snipe; Eastern Cattle-Egret; Eurasian Collared-Dove; European Roller; Glossy Ibis; Gray Heron; Green Sandpiper; House Crow; House Sparrow; Indian Pond-Heron; Indian Spot-billed Duck; Isabelline Shrike; Laughing Dove; Little Cormorant; Little Egret; Little Ringed Plover; Medium Egret; Oriental Darter; Pied Kingfisher; Purple Heron; Red-backed Shrike; Red-naped Ibis; Red-wattled Lapwing; River Tern; Rosy Starling; Shikra; Spotted Flycatcher; Variable Wheatear; Whiskered Tern; White-browed Wagtail; White-eared Bulbul; White Wagtail; Wood Sandpiper; Yellow-throated Sparrow","n_species":38,"focal_species_seen":"European Roller; Red-backed Shrike; Spotted Flycatcher","focal_species_slugs":"european-roller;red-backed-shrike;spotted-flycatcher","has_focal":true,"GRID_CODE":"GJ-KU-NAK-046","DISTRICT":"Kachchh","BLOCK":"Nakhatrana"},"geometry":{"type":"Point","coordinates":[69.3366034,23.4061446]}},{"type":"Feature","properties":{"GROUP.ID":"G18470694","LOCALITY":"T35G4 Bharapar, Gujarat, IN (23.411, 69.277)","LATITUDE":23.4109717,"LONGITUDE":69.2770921,"OBSERVATION.DATE":"2026-09-26","OBSERVER.ID":"obsr2072761","DURATION.MINUTES":46.0,"SAMPLING.EVENT.IDENTIFIER":"S396745534","species_list":"Asian Green Bee-eater; Baya Weaver; Black Drongo; Blue-cheeked Bee-eater; Common Babbler; European Roller; Gray Francolin; House Sparrow; Indian Nightjar; Indian Peafowl; Indian Roller; Laughing Dove; Lesser Whitethroat; Little Swift; Red-vented Bulbul; Spotted Owlet; White-eared Bulbul; White-throated Kingfisher; Yellow-eyed Babbler; Yellow-throated Sparrow","n_species":20,"focal_species_seen":"Blue-cheeked Bee-eater; European Roller","focal_species_slugs":"blue-cheeked-bee-eater;european-roller","has_focal":true,"GRID_CODE":"GJ-KU-NAK-034","DISTRICT":"Kachchh","BLOCK":"Nakhatrana"},"geometry":{"type":"Point","coordinates":[69.2770921,23.4109717]}},{"type":"Feature","properties":{"GROUP.ID":"G18469353","LOCALITY":"Netra - Khirasara Road, Rampar, Gujarat, IN (23.444, 69.057)","LATITUDE":23.4435865,"LONGITUDE":69.0567843,"OBSERVATION.DATE":"2026-09-26","OBSERVER.ID":"obsr3483163","DURATION.MINUTES":35.0,"SAMPLING.EVENT.IDENTIFIER":"S396748010","species_list":"Asian Green Bee-eater; Baya Weaver; Black-headed Ibis; Black Drongo; Caspian Tern; Common Babbler; Common Hoopoe; Common Myna; Eastern Cattle-Egret; Eastern Red-rumped Swallow; Eurasian Collared-Dove; European Roller; Gray-breasted Prinia; Isabelline Shrike; Laughing Dove; Red-vented Bulbul; Rosy Starling; Shikra; Tawny Pipit; Wire-tailed Swallow","n_species":20,"focal_species_seen":"European Roller","focal_species_slugs":"european-roller","has_focal":true,"GRID_CODE":"GJ-KU-NAK-030","DISTRICT":"Kachchh","BLOCK":"Nakhatrana"},"geometry":{"type":"Point","coordinates":[69.0567843,23.4435865]}},{"type":"Feature","properties":{"GROUP.ID":"G18469349","LOCALITY":"Unnamed Road, Kachchh, Gujarat, IN (23.385, 69.027)","LATITUDE":23.3849166,"LONGITUDE":69.0274644,"OBSERVATION.DATE":"2026-09-26","OBSERVER.ID":"obsr3483163","DURATION.MINUTES":44.0,"SAMPLING.EVENT.IDENTIFIER":"S396748597","species_list":"Bank Swallow; Barn Swallow; Bay-backed Shrike; Common Babbler; Common Woodshrike; Eastern Red-rumped Swallow; Gray Francolin; Jungle Prinia; Laughing Dove; Little Cormorant; Little Grebe; Red-wattled Lapwing; Rock Bush-Quail; Spotted Flycatcher; Spotted Owlet; White-eared Bulbul","n_species":16,"focal_species_seen":"Spotted Flycatcher","focal_species_slugs":"spotted-flycatcher","has_focal":true,"GRID_CODE":"GJ-KU-ABD-019","DISTRICT":"Kachchh","BLOCK":"Abdasa"},"geometry":{"type":"Point","coordinates":[69.0274644,23.3849166]}},{"type":"Feature","properties":{"GROUP.ID":"G18469451","LOCALITY":"Nakhatrana, Kachchh IN-Gujarat (23.2008,69.2682)","LATITUDE":23.200844,"LONGITUDE":69.268194,"OBSERVATION.DATE":"2026-09-27","OBSERVER.ID":"obsr2395706","DURATION.MINUTES":41.0,"SAMPLING.EVENT.IDENTIFIER":"S396753517","species_list":"Dusky Crag-Martin; Eastern Red-rumped Swallow; European Roller; Gray Francolin; Indian Peafowl; Isabelline Shrike; Laughing Dove; Oriental Honey-buzzard; Purple Sunbird; Red-vented Bulbul; Red Collared-Dove; Rose-ringed Parakeet; Streak-throated Swallow; White-eared Bulbul; White-tailed Iora","n_species":15,"focal_species_seen":"European Roller","focal_species_slugs":"european-roller","has_focal":true,"GRID_CODE":"GJ-KU-NAK-064","DISTRICT":"Kachchh","BLOCK":"Nakhatrana"},"geometry":{"type":"Point","coordinates":[69.268194,23.200844]}},{"type":"Feature","properties":{"GROUP.ID":"G18470171","LOCALITY":"T10G1","LATITUDE":22.9508383,"LONGITUDE":69.984803,"OBSERVATION.DATE":"2026-09-26","OBSERVER.ID":"obsr2822364","DURATION.MINUTES":67.0,"SAMPLING.EVENT.IDENTIFIER":"S396769904","species_list":"Asian Green Bee-eater; Bay-backed Shrike; Chestnut-bellied Sandgrouse; Common Babbler; Common Sandpiper; Glossy Ibis; Gray-breasted Prinia; Great Cormorant; Greater Whitethroat; Indian Spot-billed Duck; Pied Cuckoo; Pied Kingfisher; Purple Sunbird; Red-backed Shrike; Red-tailed Shrike; Red-vented Bulbul; Rosy Starling; Ruff; Rufous-fronted Prinia; Siberian Stonechat; White-eared Bulbul","n_species":21,"focal_species_seen":"Greater Whitethroat; Red-backed Shrike; Red-tailed Shrike","focal_species_slugs":"greater-whitethroat;red-backed-shrike;red-tailed-shrike","has_focal":true,"GRID_CODE":"GJ-KU-ANJ-043","DISTRICT":"Kachchh","BLOCK":"Anjar"},"geometry":{"type":"Point","coordinates":[69.984803,22.9508383]}},{"type":"Feature","properties":{"GROUP.ID":"G18476400","LOCALITY":"T32G2","LATITUDE":23.7113528,"LONGITUDE":69.1928681,"OBSERVATION.DATE":"2026-09-27","OBSERVER.ID":"obsr2986726","DURATION.MINUTES":40.0,"SAMPLING.EVENT.IDENTIFIER":"S396774792","species_list":"Black-crowned Night Heron; Black-winged Stilt; Common Babbler; Common Sandpiper; Eurasian Spoonbill; Gray Francolin; House Sparrow; Indian Thick-knee; Painted Stork; Red-wattled Lapwing; Western Marsh Harrier; White-eared Bulbul; Yellow-throated Sparrow","n_species":13,"focal_species_seen":"","focal_species_slugs":"","has_focal":false,"GRID_CODE":"GJ-KU-BHU-024","DISTRICT":"Kachchh","BLOCK":"Bhuj"},"geometry":{"type":"Point","coordinates":[69.1928681,23.7113528]}},{"type":"Feature","properties":{"GROUP.ID":"G18476392","LOCALITY":"T32G1","LATITUDE":23.6933602,"LONGITUDE":69.2065193,"OBSERVATION.DATE":"2026-09-26","OBSERVER.ID":"obsr2986726","DURATION.MINUTES":50.0,"SAMPLING.EVENT.IDENTIFIER":"S396779118","species_list":"Barn Swallow; House Sparrow; Little Egret; White-eared Bulbul; Wire-tailed Swallow; Yellow-throated Sparrow","n_species":6,"focal_species_seen":"","focal_species_slugs":"","has_focal":false,"GRID_CODE":"GJ-KU-BHU-040","DISTRICT":"Kachchh","BLOCK":"Bhuj"},"geometry":{"type":"Point","coordinates":[69.2065193,23.6933602]}},{"type":"Feature","properties":{"GROUP.ID":"G18476388","LOCALITY":"T32G1","LATITUDE":23.6933602,"LONGITUDE":69.2065193,"OBSERVATION.DATE":"2026-09-26","OBSERVER.ID":"obsr2986726","DURATION.MINUTES":30.0,"SAMPLING.EVENT.IDENTIFIER":"S396780147","species_list":"Crested Lark; Gray Francolin; Paddyfield Pipit; Western Marsh Harrier; White-throated Kingfisher","n_species":5,"focal_species_seen":"","focal_species_slugs":"","has_focal":false,"GRID_CODE":"GJ-KU-BHU-040","DISTRICT":"Kachchh","BLOCK":"Bhuj"},"geometry":{"type":"Point","coordinates":[69.2065193,23.6933602]}},{"type":"Feature","properties":{"GROUP.ID":"G18469774","LOCALITY":"T7G1","LATITUDE":23.3894922,"LONGITUDE":69.7800067,"OBSERVATION.DATE":"2026-09-27","OBSERVER.ID":"obsr834427","DURATION.MINUTES":50.0,"SAMPLING.EVENT.IDENTIFIER":"S396786547","species_list":"Ashy-crowned Sparrow-Lark; Asian Green Bee-eater; Asian Koel; Barn Swallow; Black-winged Kite; Black-winged Stilt; Black Drongo; Blue-cheeked Bee-eater; Common Babbler; Common Hoopoe; Common Myna; Common Sandpiper; Common Tailorbird; Dusky Crag-Martin; Eastern Cattle-Egret; Eurasian Collared-Dove; European Roller; Gray-breasted Prinia; Gray Francolin; Great Egret; Greater Coucal; Green Sandpiper; House Crow; Indian Peafowl; Indian Robin; Indian Silverbill; Isabelline Shrike; Jungle Prinia; Laughing Dove; Little Grebe; Little Swift; Purple Sunbird; Red-naped Ibis; Red-vented Bulbul; Red-wattled Lapwing; Rose-ringed Parakeet; Rosy Starling; Rufous-tailed Lark; Siberian Stonechat; Small Minivet; Spotted Flycatcher; Sykes's Warbler; Whiskered Tern; White-eared Bulbul; White-tailed Iora; White-throated Kingfisher; Yellow-eyed Babbler; Yellow-throated Sparrow","n_species":48,"focal_species_seen":"Blue-cheeked Bee-eater; European Roller; Spotted Flycatcher","focal_species_slugs":"blue-cheeked-bee-eater;european-roller;spotted-flycatcher","has_focal":true,"GRID_CODE":"GJ-KU-BHU-100","DISTRICT":"Kachchh","BLOCK":"Bhuj"},"geometry":{"type":"Point","coordinates":[69.7800067,23.3894922]}},{"type":"Feature","properties":{"GROUP.ID":"S396788225","LOCALITY":"Unnamed Road, Dinara, Gujarat, IN (23.886, 69.766)","LATITUDE":23.8855554,"LONGITUDE":69.7664984,"OBSERVATION.DATE":"2026-09-26","OBSERVER.ID":"obsr6655752","DURATION.MINUTES":60.0,"SAMPLING.EVENT.IDENTIFIER":"S396788225","species_list":"Asian Green Bee-eater; Black Drongo; Common Hoopoe; Common Tailorbird; Eurasian Collared-Dove; Gray Francolin; House Sparrow; Indian Robin; Indian Silverbill; Laughing Dove; Lesser Whitethroat; Plain Prinia; Purple Sunbird; Red-naped Ibis; Red-vented Bulbul; Red-wattled Lapwing; White-throated Kingfisher","n_species":17,"focal_species_seen":"","focal_species_slugs":"","has_focal":false,"GRID_CODE":"GJ-KU-BHU-006","DISTRICT":"Kachchh","BLOCK":"Bhuj"},"geometry":{"type":"Point","coordinates":[69.7664984,23.8855554]}},{"type":"Feature","properties":{"GROUP.ID":"S396789217","LOCALITY":"Dholavira Road, Kachchh, Gujarat, IN (23.829, 70.109)","LATITUDE":23.829132,"LONGITUDE":70.1091056,"OBSERVATION.DATE":"2026-09-27","OBSERVER.ID":"obsr6655752","DURATION.MINUTES":42.0,"SAMPLING.EVENT.IDENTIFIER":"S396789217","species_list":"Asian Green Bee-eater; Barn Swallow; House Sparrow; Indian Silverbill; Red-wattled Lapwing","n_species":5,"focal_species_seen":"","focal_species_slugs":"","has_focal":false,"GRID_CODE":"GJ-KU-RAN-479","DISTRICT":"Kachchh","BLOCK":"Rann of Kachchh"},"geometry":{"type":"Point","coordinates":[70.1091056,23.829132]}},{"type":"Feature","properties":{"GROUP.ID":"G18470691","LOCALITY":"Nakhatrana, Kachchh IN-Gujarat 23.52137, 69.29524","LATITUDE":23.521366,"LONGITUDE":69.295238,"OBSERVATION.DATE":"2026-09-26","OBSERVER.ID":"obsr870757","DURATION.MINUTES":44.0,"SAMPLING.EVENT.IDENTIFIER":"S396796402","species_list":"Ashy-crowned Sparrow-Lark; Barn Swallow; Common Sandpiper; Dusky Crag-Martin; Indian Robin; Laughing Dove; Purple Sunbird; Streak-throated Swallow; Whiskered Tern; White-eared Bulbul; Wire-tailed Swallow","n_species":11,"focal_species_seen":"","focal_species_slugs":"","has_focal":false,"GRID_CODE":"GJ-KU-NAK-014","DISTRICT":"Kachchh","BLOCK":"Nakhatrana"},"geometry":{"type":"Point","coordinates":[69.295238,23.521366]}},{"type":"Feature","properties":{"GROUP.ID":"G18470800","LOCALITY":"T40G4","LATITUDE":23.614629,"LONGITUDE":69.269342,"OBSERVATION.DATE":"2026-09-26","OBSERVER.ID":"obsr1662974","DURATION.MINUTES":44.0,"SAMPLING.EVENT.IDENTIFIER":"S396849984","species_list":"Asian Green Bee-eater; Blue-cheeked Bee-eater; Caspian Tern; Common Babbler; Eastern Cattle-Egret; Eurasian Collared-Dove; Eurasian Wryneck; Glossy Ibis; Gray Francolin; Greater Short-toed Lark; House Crow; Isabelline Shrike; Laughing Dove; Lesser Whitethroat; Little Ringed Plover; Red-wattled Lapwing; Rufous-tailed Scrub-Robin; Siberian Stonechat; Tawny Pipit; Temminck's Stint; Variable Wheatear; Western Marsh Harrier; White-eared Bulbul; Yellow-throated Sparrow; Zitting Cisticola","n_species":25,"focal_species_seen":"Blue-cheeked Bee-eater; Rufous-tailed Scrub-Robin","focal_species_slugs":"blue-cheeked-bee-eater;rufous-tailed-scrub-robin","has_focal":true,"GRID_CODE":"GJ-KU-BHU-055","DISTRICT":"Kachchh","BLOCK":"Bhuj"},"geometry":{"type":"Point","coordinates":[69.269342,23.614629]}},{"type":"Feature","properties":{"GROUP.ID":"G18470803","LOCALITY":"T40G1","LATITUDE":23.551819,"LONGITUDE":69.186114,"OBSERVATION.DATE":"2026-09-26","OBSERVER.ID":"obsr1662974","DURATION.MINUTES":34.0,"SAMPLING.EVENT.IDENTIFIER":"S396850271","species_list":"Asian Green Bee-eater; Eastern Red-rumped Swallow; European Roller; Gray-necked Bunting; Gray Francolin; House Crow; Plain Prinia; Purple Sunbird; Red-wattled Lapwing; Rosy Starling; Rufous-tailed Lark; Spotted Flycatcher; White-eared Bulbul","n_species":13,"focal_species_seen":"European Roller; Spotted Flycatcher","focal_species_slugs":"european-roller;spotted-flycatcher","has_focal":true,"GRID_CODE":"GJ-KU-NAK-012","DISTRICT":"Kachchh","BLOCK":"Nakhatrana"},"geometry":{"type":"Point","coordinates":[69.186114,23.551819]}},{"type":"Feature","properties":{"GROUP.ID":"G18473517","LOCALITY":"Rudramata Dam","LATITUDE":23.3741946,"LONGITUDE":69.7122431,"OBSERVATION.DATE":"2026-09-27","OBSERVER.ID":"obsr701947","DURATION.MINUTES":50.0,"SAMPLING.EVENT.IDENTIFIER":"S396924032","species_list":"Asian Green Bee-eater; Black-winged Stilt; Blue-cheeked Bee-eater; Common Kingfisher; Common Sandpiper; Common Tailorbird; Dusky Crag-Martin; Eastern Cattle-Egret; Eastern Red-rumped Swallow; Eurasian Collared-Dove; European Roller; Glossy Ibis; Gray Francolin; Gray Heron; Great Cormorant; Indian Cormorant; Indian Pond-Heron; Indian Robin; Little Cormorant; Little Egret; Oriental Darter; Purple Sunbird; Red-vented Bulbul; Red-wattled Lapwing; River Tern; Streak-throated Swallow; Western Marsh Harrier; Whiskered Tern; Wire-tailed Swallow","n_species":29,"focal_species_seen":"Blue-cheeked Bee-eater; European Roller","focal_species_slugs":"blue-cheeked-bee-eater;european-roller","has_focal":true,"GRID_CODE":"GJ-KU-BHU-099","DISTRICT":"Kachchh","BLOCK":"Bhuj"},"geometry":{"type":"Point","coordinates":[69.7122431,23.3741946]}},{"type":"Feature","properties":{"GROUP.ID":"G18476485","LOCALITY":"Gorewali, Gujarat, IN (23.785, 69.509)","LATITUDE":23.7851098,"LONGITUDE":69.5088519,"OBSERVATION.DATE":"2026-09-27","OBSERVER.ID":"obsr494050","DURATION.MINUTES":41.0,"SAMPLING.EVENT.IDENTIFIER":"S396961413","species_list":"Red-wattled Lapwing; Spotted Owlet","n_species":2,"focal_species_seen":"","focal_species_slugs":"","has_focal":false,"GRID_CODE":"GJ-KU-BHU-019","DISTRICT":"Kachchh","BLOCK":"Bhuj"},"geometry":{"type":"Point","coordinates":[69.5088519,23.7851098]}},{"type":"Feature","properties":{"GROUP.ID":"G18477240","LOCALITY":"T13-G5","LATITUDE":23.270075,"LONGITUDE":69.3779367,"OBSERVATION.DATE":"2026-09-27","OBSERVER.ID":"obsr604291","DURATION.MINUTES":71.0,"SAMPLING.EVENT.IDENTIFIER":"S397053992","species_list":"Ashy-crowned Sparrow-Lark; Asian Green Bee-eater; Asian Koel; Bank Myna; Barn Swallow; Bay-backed Shrike; Baya Weaver; Black Drongo; Common Babbler; Common Hoopoe; Common Woodshrike; Eastern Cattle-Egret; Eurasian Collared-Dove; European Roller; Gray-necked Bunting; Gray Francolin; House Sparrow; Indian Bushlark; Indian Robin; Indian Silverbill; Laughing Dove; Lesser Whitethroat; Purple Sunbird; Red-vented Bulbul; Red-wattled Lapwing; Red Collared-Dove; Rose-ringed Parakeet; Rufous-fronted Prinia; Shikra; Striolated Bunting; Variable Wheatear; White-eared Bulbul; White-tailed Iora; Yellow-crowned Woodpecker","n_species":34,"focal_species_seen":"European Roller","focal_species_slugs":"european-roller","has_focal":true,"GRID_CODE":"GJ-KU-NAK-059","DISTRICT":"Kachchh","BLOCK":"Nakhatrana"},"geometry":{"type":"Point","coordinates":[69.3779367,23.270075]}},{"type":"Feature","properties":{"GROUP.ID":"G18483674","LOCALITY":"Fot Mahadev Scrub Forest","LATITUDE":23.2443165,"LONGITUDE":69.2014706,"OBSERVATION.DATE":"2026-09-27","OBSERVER.ID":"obsr604291","DURATION.MINUTES":30.0,"SAMPLING.EVENT.IDENTIFIER":"S397131157","species_list":"Ashy-crowned Sparrow-Lark; Asian Green Bee-eater; Eurasian Collared-Dove; European Roller; House Sparrow; Laughing Dove; Oriental Darter; Streaked Weaver","n_species":8,"focal_species_seen":"European Roller","focal_species_slugs":"european-roller","has_focal":true,"GRID_CODE":"GJ-KU-ABD-055","DISTRICT":"Kachchh","BLOCK":"Abdasa"},"geometry":{"type":"Point","coordinates":[69.2014706,23.2443165]}},{"type":"Feature","properties":{"GROUP.ID":"G18483673","LOCALITY":"Roha Fort Forest","LATITUDE":23.200143,"LONGITUDE":69.268318,"OBSERVATION.DATE":"2026-09-27","OBSERVER.ID":"obsr604291","DURATION.MINUTES":79.0,"SAMPLING.EVENT.IDENTIFIER":"S397262181","species_list":"Brown Rock Chat; Eurasian Kestrel; European Roller; Gray-breasted Prinia; House Sparrow; Indian Peafowl; Laughing Dove; Oriental Honey-buzzard; Purple Sunbird; Red-vented Bulbul; Spotted Flycatcher; White-tailed Iora","n_species":12,"focal_species_seen":"European Roller; Spotted Flycatcher","focal_species_slugs":"european-roller;spotted-flycatcher","has_focal":true,"GRID_CODE":"GJ-KU-NAK-064","DISTRICT":"Kachchh","BLOCK":"Nakhatrana"},"geometry":{"type":"Point","coordinates":[69.268318,23.200143]}},{"type":"Feature","properties":{"GROUP.ID":"S397633465","LOCALITY":"T20-G2","LATITUDE":23.5101295,"LONGITUDE":70.8594547,"OBSERVATION.DATE":"2026-09-26","OBSERVER.ID":"obsr4592234","DURATION.MINUTES":51.0,"SAMPLING.EVENT.IDENTIFIER":"S397633465","species_list":"Ashy-crowned Sparrow-Lark; Asian Green Bee-eater; Bay-backed Shrike; Booted Eagle; Chestnut-bellied Sandgrouse; Common Babbler; Common Hoopoe; Eastern Cattle-Egret; European Roller; Gray Francolin; House Sparrow; Indian Peafowl; Oriental Honey-buzzard; Spotted Flycatcher; Variable Wheatear; White-eared Bulbul; White-throated Kingfisher","n_species":17,"focal_species_seen":"European Roller; Spotted Flycatcher","focal_species_slugs":"european-roller;spotted-flycatcher","has_focal":true,"GRID_CODE":"GJ-KU-RAP-079","DISTRICT":"Kachchh","BLOCK":"Rapar"},"geometry":{"type":"Point","coordinates":[70.8594547,23.5101295]}},{"type":"Feature","properties":{"GROUP.ID":"S397640410","LOCALITY":"T13-G1","LATITUDE":23.34341,"LONGITUDE":69.49313,"OBSERVATION.DATE":"2026-09-26","OBSERVER.ID":"obsr604291","DURATION.MINUTES":64.0,"SAMPLING.EVENT.IDENTIFIER":"S397640410","species_list":"Asian Green Bee-eater; Barred Buttonquail; Bay-backed Shrike; Common Babbler; Common Tailorbird; Common Woodshrike; Eastern Orphean Warbler; Eurasian Collared-Dove; Gray-necked Bunting; Gray Francolin; Indian Robin; Indian Silverbill; Laughing Dove; Lesser Whitethroat; Purple Sunbird; Red-vented Bulbul; Sirkeer Malkoha; Spotted Flycatcher; Striolated Bunting; White-eared Bulbul; White-tailed Iora; White-throated Kingfisher","n_species":22,"focal_species_seen":"Spotted Flycatcher","focal_species_slugs":"spotted-flycatcher","has_focal":true,"GRID_CODE":"GJ-KU-BHU-107","DISTRICT":"Kachchh","BLOCK":"Bhuj"},"geometry":{"type":"Point","coordinates":[69.49313,23.34341]}},{"type":"Feature","properties":{"GROUP.ID":"S397641093","LOCALITY":"T13-G4","LATITUDE":23.24524,"LONGITUDE":69.43802,"OBSERVATION.DATE":"2026-09-26","OBSERVER.ID":"obsr604291","DURATION.MINUTES":68.0,"SAMPLING.EVENT.IDENTIFIER":"S397641093","species_list":"Asian Green Bee-eater; Bay-backed Shrike; Baya Weaver; Black Drongo; Booted Eagle; Common Babbler; Common Woodshrike; Eastern Red-rumped Swallow; Gray-breasted Prinia; Green Warbler; Indian Robin; Indian Silverbill; Laughing Dove; Lesser Whitethroat; Purple Sunbird; Red-vented Bulbul; Small Minivet; Spotted Flycatcher; Sykes's Warbler; Variable Wheatear; White-bellied Minivet; White-eared Bulbul; White-tailed Iora; Wire-tailed Swallow","n_species":24,"focal_species_seen":"Spotted Flycatcher","focal_species_slugs":"spotted-flycatcher","has_focal":true,"GRID_CODE":"GJ-KU-BHU-130","DISTRICT":"Kachchh","BLOCK":"Bhuj"},"geometry":{"type":"Point","coordinates":[69.43802,23.24524]}},{"type":"Feature","properties":{"GROUP.ID":"G18490476","LOCALITY":"T21G4","LATITUDE":23.5964019,"LONGITUDE":70.7224012,"OBSERVATION.DATE":"2026-09-26","OBSERVER.ID":"obsr2918435","DURATION.MINUTES":37.0,"SAMPLING.EVENT.IDENTIFIER":"S397756864","species_list":"Ashy-crowned Sparrow-Lark; Asian Koel; Black Francolin; Common Babbler; Eurasian Collared-Dove; European Roller; Greater Coucal; Greater Whitethroat; Gull-billed Tern; House Sparrow; Indian Bushlark; Indian Peafowl; Indian Spot-billed Duck; Laughing Dove; Lesser Whitethroat; Little Stint; Little Swift; Long-tailed Shrike; Pied Cuckoo; Red-tailed Shrike; Red-vented Bulbul; Red Collared-Dove; Rufous-tailed Lark; Siberian Stonechat; Spotted Flycatcher; Zitting Cisticola","n_species":26,"focal_species_seen":"European Roller; Greater Whitethroat; Red-tailed Shrike; Spotted Flycatcher","focal_species_slugs":"european-roller;greater-whitethroat;red-tailed-shrike;spotted-flycatcher","has_focal":true,"GRID_CODE":"GJ-KU-RAP-053","DISTRICT":"Kachchh","BLOCK":"Rapar"},"geometry":{"type":"Point","coordinates":[70.7224012,23.5964019]}},{"type":"Feature","properties":{"GROUP.ID":"G18490708","LOCALITY":"T21G2","LATITUDE":23.5225334,"LONGITUDE":70.6787855,"OBSERVATION.DATE":"2026-09-26","OBSERVER.ID":"obsr2918435","DURATION.MINUTES":47.0,"SAMPLING.EVENT.IDENTIFIER":"S397759324","species_list":"Black Francolin; Blue-cheeked Bee-eater; Chestnut-bellied Sandgrouse; Common Babbler; Common Hoopoe; Dusky Crag-Martin; Eurasian Collared-Dove; Eurasian Sparrowhawk; European Roller; Gray-necked Bunting; Great Gray Shrike; Greater Coucal; Indian Cormorant; Isabelline Wheatear; Laughing Dove; Lesser Whitethroat; Montagu's Harrier; Oriental Darter; Painted Sandgrouse; Pied Cuckoo; Red-backed Shrike; Red-vented Bulbul; Red-wattled Lapwing; Red Collared-Dove; Rosy Starling; Striolated Bunting; Variable Wheatear; White-eared Bulbul; White-throated Kingfisher; Zitting Cisticola","n_species":30,"focal_species_seen":"Blue-cheeked Bee-eater; European Roller; Red-backed Shrike","focal_species_slugs":"blue-cheeked-bee-eater;european-roller;red-backed-shrike","has_focal":true,"GRID_CODE":"GJ-KU-RAP-064","DISTRICT":"Kachchh","BLOCK":"Rapar"},"geometry":{"type":"Point","coordinates":[70.6787855,23.5225334]}}]}
