{"type":"FeatureCollection","features":[{"type":"Feature","properties":{"GROUP.ID":"G10879455","LOCALITY":"PMC2023_T25G3","LATITUDE":23.83783,"LONGITUDE":70.2715817,"OBSERVATION.DATE":"2023-09-23","OBSERVER.ID":"obsr604291","DURATION.MINUTES":68.0,"SAMPLING.EVENT.IDENTIFIER":"S150526484","species_list":"Ashy-crowned Sparrow-Lark; Asian Green Bee-eater; Asian Koel; Baya Weaver; Black Redstart; Brahminy Starling; Common Babbler; Common Tailorbird; Eastern Cattle-Egret; Eastern Red-rumped Swallow; Eurasian Collared-Dove; Eurasian Wryneck; European Roller; Gray-breasted Prinia; Gray Francolin; Greater Flamingo; House Sparrow; Indian Robin; Laughing Dove; Lesser Whitethroat; Little Egret; Long-tailed Shrike; Plain Prinia; Purple Sunbird; Red-vented Bulbul; Red-wattled Lapwing; Rosy Starling; White-eared Bulbul; Yellow-throated Sparrow","n_species":29,"focal_species_seen":"European Roller","focal_species_slugs":"european-roller","has_focal":true,"GRID_CODE":"GJ-KU-BHA-009","DISTRICT":"Kachchh","BLOCK":"Bhachau"},"geometry":{"type":"Point","coordinates":[70.2715817,23.83783]}},{"type":"Feature","properties":{"GROUP.ID":"G10877919","LOCALITY":"T29G5","LATITUDE":23.4228854,"LONGITUDE":70.6725939,"OBSERVATION.DATE":"2023-09-23","OBSERVER.ID":"obsr914590","DURATION.MINUTES":49.0,"SAMPLING.EVENT.IDENTIFIER":"S150526602","species_list":"Ashy-crowned Sparrow-Lark; Asian Green Bee-eater; Asian Koel; Baya Weaver; Common Babbler; Common Hoopoe; Common Tailorbird; European Roller; Gray Francolin; Greater Coucal; House Crow; House Sparrow; Indian Peafowl; Indian Robin; Indian Silverbill; Jungle Prinia; Laughing Dove; Little Egret; Purple Sunbird; Red-vented Bulbul; Red-wattled Lapwing; Rose-ringed Parakeet; Shikra; Spotted Flycatcher; White-eared Bulbul; White-throated Kingfisher","n_species":26,"focal_species_seen":"European Roller; Spotted Flycatcher","focal_species_slugs":"european-roller;spotted-flycatcher","has_focal":true,"GRID_CODE":"GJ-KU-RAP-085","DISTRICT":"Kachchh","BLOCK":"Rapar"},"geometry":{"type":"Point","coordinates":[70.6725939,23.4228854]}},{"type":"Feature","properties":{"GROUP.ID":"G10883419","LOCALITY":"PMC2023_T27G6","LATITUDE":23.6285809,"LONGITUDE":70.9697944,"OBSERVATION.DATE":"2023-09-23","OBSERVER.ID":"obsr1494586","DURATION.MINUTES":64.0,"SAMPLING.EVENT.IDENTIFIER":"S150526863","species_list":"Ashy-crowned Sparrow-Lark; Asian Green Bee-eater; Barn Swallow; Bay-backed Shrike; Common Babbler; Eastern Cattle-Egret; European Roller; Glossy Ibis; Gray Francolin; Indian Peafowl; Isabelline Wheatear; Laughing Dove; Little Cormorant; Pied Cuckoo; Plain Prinia; Red-wattled Lapwing; White-eared Bulbul","n_species":17,"focal_species_seen":"European Roller","focal_species_slugs":"european-roller","has_focal":true,"GRID_CODE":"GJ-KU-RAP-047","DISTRICT":"Kachchh","BLOCK":"Rapar"},"geometry":{"type":"Point","coordinates":[70.9697944,23.6285809]}},{"type":"Feature","properties":{"GROUP.ID":"G10878242","LOCALITY":"PMC2023_T15G4","LATITUDE":23.1356878,"LONGITUDE":69.4733194,"OBSERVATION.DATE":"2023-09-23","OBSERVER.ID":"obsr2335329","DURATION.MINUTES":57.0,"SAMPLING.EVENT.IDENTIFIER":"S150527029","species_list":"Asian Green Bee-eater; Baya Weaver; Black Drongo; Common Cuckoo; Common Kingfisher; Common Sandpiper; Common Tailorbird; Common Woodshrike; Eastern Orphean Warbler; Eurasian Collared-Dove; European Roller; Gray-breasted Prinia; Gray-necked Bunting; Gray Francolin; Greater Coucal; Greater Whitethroat; Indian Bushlark; Indian Peafowl; Indian Robin; Indian Silverbill; Jungle Prinia; Laughing Dove; Lesser Whistling-Duck; Lesser Whitethroat; Little Cormorant; Oriental Darter; Plain Prinia; Purple Sunbird; Red-tailed Shrike; Red-vented Bulbul; Red-wattled Lapwing; River Tern; Rufous-fronted Prinia; Shikra; Spotted Flycatcher; Sykes's Warbler; White-eared Bulbul; White-throated Kingfisher; Wire-tailed Swallow","n_species":39,"focal_species_seen":"Common Cuckoo; European Roller; Greater Whitethroat; Red-tailed Shrike; Spotted Flycatcher","focal_species_slugs":"common-cuckoo;european-roller;greater-whitethroat;red-tailed-shrike;spotted-flycatcher","has_focal":true,"GRID_CODE":"GJ-KU-BHU-152","DISTRICT":"Kachchh","BLOCK":"Bhuj"},"geometry":{"type":"Point","coordinates":[69.4733194,23.1356878]}},{"type":"Feature","properties":{"GROUP.ID":"G10878090","LOCALITY":"PMC2023_T31_G1","LATITUDE":23.1106981,"LONGITUDE":70.2012683,"OBSERVATION.DATE":"2023-09-23","OBSERVER.ID":"obsr1155883","DURATION.MINUTES":54.0,"SAMPLING.EVENT.IDENTIFIER":"S150527058","species_list":"Ashy-crowned Sparrow-Lark; Asian Green Bee-eater; Black-headed Ibis; Black-winged Stilt; Common Hoopoe; Crested Lark; Eurasian Sparrowhawk; Eurasian Spoonbill; Gray-breasted Prinia; Great Egret; Green Sandpiper; Kentish Plover; Little Cormorant; Little Grebe; Little Stint; Long-tailed Shrike; Marsh Sandpiper; Northern Shoveler; Painted Stork; Pied Kingfisher; Purple Heron; Purple Sunbird; Western Reef-Heron","n_species":23,"focal_species_seen":"","focal_species_slugs":"","has_focal":false,"GRID_CODE":"GJ-KU-GAN-001","DISTRICT":"Kachchh","BLOCK":"Gandhidham"},"geometry":{"type":"Point","coordinates":[70.2012683,23.1106981]}},{"type":"Feature","properties":{"GROUP.ID":"G11248124","LOCALITY":"PMC2023_T28G6","LATITUDE":23.7120267,"LONGITUDE":70.849725,"OBSERVATION.DATE":"2023-09-23","OBSERVER.ID":"obsr908812","DURATION.MINUTES":67.0,"SAMPLING.EVENT.IDENTIFIER":"S150527108","species_list":"Ashy-crowned Sparrow-Lark; Asian Green Bee-eater; Baya Weaver; Blue-cheeked Bee-eater; Brahminy Starling; Common Kingfisher; Eurasian Collared-Dove; House Sparrow; Indian Robin; Indian Silverbill; Laughing Dove; Little Grebe; Pied Bushchat; Purple Sunbird; Red Collared-Dove; Rosy Starling; White-eared Bulbul; White-throated Kingfisher; Wire-tailed Swallow","n_species":19,"focal_species_seen":"Blue-cheeked Bee-eater","focal_species_slugs":"blue-cheeked-bee-eater","has_focal":true,"GRID_CODE":"GJ-KU-RAN-542","DISTRICT":"Kachchh","BLOCK":"Rann of Kachchh"},"geometry":{"type":"Point","coordinates":[70.849725,23.7120267]}},{"type":"Feature","properties":{"GROUP.ID":"G10889810","LOCALITY":"PMC2023_T21G2","LATITUDE":24.009777,"LONGITUDE":69.687476,"OBSERVATION.DATE":"2023-09-23","OBSERVER.ID":"obsr826272","DURATION.MINUTES":53.0,"SAMPLING.EVENT.IDENTIFIER":"S150527137","species_list":"Asian Green Bee-eater; Black Drongo; Common Babbler; Eurasian Collared-Dove; Eurasian Spoonbill; European Roller; Gray-necked Bunting; Gray Francolin; Gray Heron; Purple Sunbird; Red-backed Shrike; Red-tailed Shrike; River Tern; Siberian Stonechat; Variable Wheatear; Whiskered Tern; White-eared Bulbul; White-throated Kingfisher","n_species":18,"focal_species_seen":"European Roller; Red-backed Shrike; Red-tailed Shrike","focal_species_slugs":"european-roller;red-backed-shrike;red-tailed-shrike","has_focal":true,"GRID_CODE":"GJ-KU-RAN-323","DISTRICT":"Kachchh","BLOCK":"Rann of Kachchh"},"geometry":{"type":"Point","coordinates":[69.687476,24.009777]}},{"type":"Feature","properties":{"GROUP.ID":"G10886449","LOCALITY":"PMC2023-T3G7","LATITUDE":23.626599,"LONGITUDE":68.539818,"OBSERVATION.DATE":"2023-09-23","OBSERVER.ID":"obsr1777443","DURATION.MINUTES":46.0,"SAMPLING.EVENT.IDENTIFIER":"S150527344","species_list":"Ashy-crowned Sparrow-Lark; Asian Koel; Barred Buttonquail; Bay-backed Shrike; Baya Weaver; Black-winged Stilt; Black Drongo; Black Francolin; Common Babbler; Common Hoopoe; Eastern Red-rumped Swallow; Eurasian Spoonbill; Eurasian Wryneck; European Roller; Great Egret; Greater Flamingo; Greater Whitethroat; House Sparrow; Indian Bushlark; Indian Peafowl; Indian Robin; Jungle Prinia; Red-vented Bulbul; Rosy Starling; Rufous-fronted Prinia; Shikra; Siberian Stonechat; Yellow-crowned Woodpecker; Yellow-throated Sparrow; Zitting Cisticola","n_species":30,"focal_species_seen":"European Roller; Greater Whitethroat","focal_species_slugs":"european-roller;greater-whitethroat","has_focal":true,"GRID_CODE":"GJ-KU-LAK-031","DISTRICT":"Kachchh","BLOCK":"Lakhpat"},"geometry":{"type":"Point","coordinates":[68.539818,23.626599]}},{"type":"Feature","properties":{"GROUP.ID":"G10891937","LOCALITY":"PMC_Team23Grid7","LATITUDE":23.718111,"LONGITUDE":69.784117,"OBSERVATION.DATE":"2023-09-23","OBSERVER.ID":"obsr1391386","DURATION.MINUTES":26.0,"SAMPLING.EVENT.IDENTIFIER":"S150527475","species_list":"Ashy-crowned Sparrow-Lark; Asian Green Bee-eater; Bay-backed Shrike; Black Drongo; Blue-cheeked Bee-eater; Common Babbler; Common Hoopoe; Eurasian Collared-Dove; Eurasian Curlew; Great Egret; Greater Short-toed Lark; Gull-billed Tern; Isabelline Shrike; Isabelline Wheatear; Long-billed Pipit; Paddyfield Pipit; Pallid Harrier; Purple Sunbird; Red-backed Shrike; Red-wattled Lapwing; Sand Lark; Spotted Flycatcher; Variable Wheatear; White-eared Bulbul; White-throated Kingfisher","n_species":25,"focal_species_seen":"Blue-cheeked Bee-eater; Red-backed Shrike; Spotted Flycatcher","focal_species_slugs":"blue-cheeked-bee-eater;red-backed-shrike;spotted-flycatcher","has_focal":true,"GRID_CODE":"GJ-KU-BHU-036","DISTRICT":"Kachchh","BLOCK":"Bhuj"},"geometry":{"type":"Point","coordinates":[69.784117,23.718111]}},{"type":"Feature","properties":{"GROUP.ID":"G10880671","LOCALITY":"PMC_23 T5G6","LATITUDE":23.582214,"LONGITUDE":68.870467,"OBSERVATION.DATE":"2023-09-23","OBSERVER.ID":"obsr1662974","DURATION.MINUTES":63.0,"SAMPLING.EVENT.IDENTIFIER":"S150527680","species_list":"Ashy-crowned Sparrow-Lark; Asian Green Bee-eater; Bay-backed Shrike; Black Drongo; Common Babbler; Common Hoopoe; Eastern Cattle-Egret; Eastern Red-rumped Swallow; Eurasian Collared-Dove; European Roller; Gray Francolin; Indian Bushlark; Indian Robin; Indian Silverbill; Indian Spot-billed Duck; Laughing Dove; Lesser Whitethroat; Long-billed Pipit; Paddyfield Pipit; Plain Prinia; Purple Sunbird; Red-vented Bulbul; Red-wattled Lapwing; Rufous-fronted Prinia; Spotted Flycatcher; Sykes's Warbler; Tawny Lark; Tawny Pipit; White-eared Bulbul; Wire-tailed Swallow; Wood Sandpiper; Yellow-throated Sparrow","n_species":32,"focal_species_seen":"European Roller; Spotted Flycatcher","focal_species_slugs":"european-roller;spotted-flycatcher","has_focal":true,"GRID_CODE":"GJ-KU-LAK-052","DISTRICT":"Kachchh","BLOCK":"Lakhpat"},"geometry":{"type":"Point","coordinates":[68.870467,23.582214]}},{"type":"Feature","properties":{"GROUP.ID":"G10878018","LOCALITY":"T19-G1","LATITUDE":22.9532105,"LONGITUDE":69.6734557,"OBSERVATION.DATE":"2023-09-23","OBSERVER.ID":"obsr612947","DURATION.MINUTES":95.0,"SAMPLING.EVENT.IDENTIFIER":"S150527912","species_list":"Asian Green Bee-eater; Asian Koel; Barn Swallow; Barred Buttonquail; Bay-backed Shrike; Baya Weaver; Black-winged Stilt; Black Drongo; Brahminy Starling; Common Babbler; Common Hoopoe; Common Kingfisher; Common Myna; Common Sandpiper; Common Tailorbird; Eastern Cattle-Egret; Eastern Red-rumped Swallow; Eurasian Collared-Dove; European Roller; Gray Francolin; Great Egret; Greater Coucal; Green Sandpiper; House Sparrow; Indian Bushlark; Indian Robin; Indian Silverbill; Jungle Prinia; Laughing Dove; Little Cormorant; Plain Prinia; Purple Sunbird; Red-vented Bulbul; Red-wattled Lapwing; Red Collared-Dove; River Tern; Rosy Starling; Rufous-fronted Prinia; Spotted Flycatcher; Temminck's Stint; Western Yellow Wagtail; White-browed Wagtail; White-eared Bulbul; White-throated Kingfisher; Wire-tailed Swallow; Wood Sandpiper; Yellow-crowned Woodpecker","n_species":47,"focal_species_seen":"European Roller; Spotted Flycatcher","focal_species_slugs":"european-roller;spotted-flycatcher","has_focal":true,"GRID_CODE":"GJ-KU-MUN-011","DISTRICT":"Kachchh","BLOCK":"Mundra"},"geometry":{"type":"Point","coordinates":[69.6734557,22.9532105]}},{"type":"Feature","properties":{"GROUP.ID":"G10879679","LOCALITY":"T32G6","LATITUDE":23.5363621,"LONGITUDE":70.4683156,"OBSERVATION.DATE":"2023-09-23","OBSERVER.ID":"obsr413366","DURATION.MINUTES":70.0,"SAMPLING.EVENT.IDENTIFIER":"S150527956","species_list":"Ashy-crowned Sparrow-Lark; Asian Green Bee-eater; Blue-cheeked Bee-eater; Chestnut-bellied Sandgrouse; Gray-necked Bunting; Greater Short-toed Lark; Purple Sunbird; Red-backed Shrike; Red-wattled Lapwing; River Tern; Spotted Flycatcher; Variable Wheatear; Yellow-wattled Lapwing","n_species":13,"focal_species_seen":"Blue-cheeked Bee-eater; Red-backed Shrike; Spotted Flycatcher","focal_species_slugs":"blue-cheeked-bee-eater;red-backed-shrike;spotted-flycatcher","has_focal":true,"GRID_CODE":"GJ-KU-RAP-060","DISTRICT":"Kachchh","BLOCK":"Rapar"},"geometry":{"type":"Point","coordinates":[70.4683156,23.5363621]}},{"type":"Feature","properties":{"GROUP.ID":"G10879669","LOCALITY":"PMC_23 T32G5","LATITUDE":23.5060171,"LONGITUDE":70.5055766,"OBSERVATION.DATE":"2023-09-23","OBSERVER.ID":"obsr413366","DURATION.MINUTES":26.0,"SAMPLING.EVENT.IDENTIFIER":"S150529158","species_list":"Ashy-crowned Sparrow-Lark; Asian Green Bee-eater; Bay-backed Shrike; Baya Weaver; Black-winged Kite; Blue Rock-Thrush; Chestnut-bellied Sandgrouse; Common Babbler; Common Cuckoo; Common Hoopoe; Common Myna; Common Tailorbird; Dusky Crag-Martin; Eastern Cattle-Egret; Eurasian Collared-Dove; Eurasian Wryneck; European Roller; Gray-breasted Prinia; Gray-necked Bunting; Gray Francolin; House Sparrow; Indian Peafowl; Indian Robin; Indian Silverbill; Laughing Dove; Little Cormorant; Little Grebe; Long-tailed Shrike; Paddyfield Pipit; Red-vented Bulbul; Red-wattled Lapwing; Red Collared-Dove; Rose-ringed Parakeet; Rosy Starling; Spotted Flycatcher; Variable Wheatear; White-eared Bulbul; Wire-tailed Swallow; Yellow-throated Sparrow","n_species":39,"focal_species_seen":"Common Cuckoo; European Roller; Spotted Flycatcher","focal_species_slugs":"common-cuckoo;european-roller;spotted-flycatcher","has_focal":true,"GRID_CODE":"GJ-KU-BHA-021","DISTRICT":"Kachchh","BLOCK":"Bhachau"},"geometry":{"type":"Point","coordinates":[70.5055766,23.5060171]}},{"type":"Feature","properties":{"GROUP.ID":"G10890982","LOCALITY":"PMC2023_T7G7","LATITUDE":23.7754975,"LONGITUDE":69.4480527,"OBSERVATION.DATE":"2023-09-23","OBSERVER.ID":"obsr696747","DURATION.MINUTES":21.0,"SAMPLING.EVENT.IDENTIFIER":"S150529286","species_list":"Blue-cheeked Bee-eater","n_species":1,"focal_species_seen":"Blue-cheeked Bee-eater","focal_species_slugs":"blue-cheeked-bee-eater","has_focal":true,"GRID_CODE":"GJ-KU-BHU-017","DISTRICT":"Kachchh","BLOCK":"Bhuj"},"geometry":{"type":"Point","coordinates":[69.4480527,23.7754975]}},{"type":"Feature","properties":{"GROUP.ID":"G10878133","LOCALITY":"T29G7","LATITUDE":23.4882205,"LONGITUDE":70.7908201,"OBSERVATION.DATE":"2023-09-23","OBSERVER.ID":"obsr914590","DURATION.MINUTES":52.0,"SAMPLING.EVENT.IDENTIFIER":"S150529538","species_list":"Asian Green Bee-eater; Chestnut-bellied Sandgrouse; Common Babbler; Common Sandpiper; Eastern Red-rumped Swallow; Eurasian Collared-Dove; Gray Francolin; Green Sandpiper; House Sparrow; Indian Peafowl; Indian Robin; Laughing Dove; Plain Prinia; Purple Sunbird; Red-vented Bulbul; Red-wattled Lapwing; River Tern; Rose-ringed Parakeet; Rufous-tailed Lark; Rufous-tailed Scrub-Robin; Spotted Flycatcher; Streak-throated Swallow; Tree Pipit; White-tailed Iora; White-throated Kingfisher","n_species":25,"focal_species_seen":"Rufous-tailed Scrub-Robin; Spotted Flycatcher","focal_species_slugs":"rufous-tailed-scrub-robin;spotted-flycatcher","has_focal":true,"GRID_CODE":"GJ-KU-RAP-077","DISTRICT":"Kachchh","BLOCK":"Rapar"},"geometry":{"type":"Point","coordinates":[70.7908201,23.4882205]}},{"type":"Feature","properties":{"GROUP.ID":"G10883415","LOCALITY":"PMC2023_T27G5","LATITUDE":23.5907285,"LONGITUDE":71.0148924,"OBSERVATION.DATE":"2023-09-23","OBSERVER.ID":"obsr1494586","DURATION.MINUTES":79.0,"SAMPLING.EVENT.IDENTIFIER":"S150529963","species_list":"Ashy-crowned Sparrow-Lark; Asian Green Bee-eater; Barn Swallow; Black-winged Stilt; Common Babbler; Eastern Cattle-Egret; Eurasian Coot; Eurasian Kestrel; European Roller; Indian Silverbill; Kentish Plover; Little Grebe; Northern Shoveler; Purple Sunbird; Red-naped Ibis; Temminck's Stint; White-breasted Waterhen; Yellow-throated Sparrow; Yellow-wattled Lapwing","n_species":19,"focal_species_seen":"European Roller","focal_species_slugs":"european-roller","has_focal":true,"GRID_CODE":"GJ-KU-LIT-014","DISTRICT":"Kachchh","BLOCK":"Little Rann"},"geometry":{"type":"Point","coordinates":[71.0148924,23.5907285]}},{"type":"Feature","properties":{"GROUP.ID":"G10886452","LOCALITY":"PMC2023-T3G4","LATITUDE":23.544852,"LONGITUDE":68.522823,"OBSERVATION.DATE":"2023-09-23","OBSERVER.ID":"obsr1777443","DURATION.MINUTES":35.0,"SAMPLING.EVENT.IDENTIFIER":"S150530098","species_list":"Asian Green Bee-eater; Black-winged Kite; Common Babbler; Common Tailorbird; Eastern Cattle-Egret; Eurasian Collared-Dove; European Roller; Gray Francolin; Greater Coucal; Gull-billed Tern; House Crow; House Sparrow; Indian Silverbill; Laughing Dove; Little Swift; Plain Prinia; Purple Sunbird; Red-vented Bulbul; Red-wattled Lapwing; Red Collared-Dove; Rosy Starling; Rufous-fronted Prinia; Spotted Owlet; White-eyed Buzzard","n_species":24,"focal_species_seen":"European Roller","focal_species_slugs":"european-roller","has_focal":true,"GRID_CODE":"GJ-KU-LAK-055","DISTRICT":"Kachchh","BLOCK":"Lakhpat"},"geometry":{"type":"Point","coordinates":[68.522823,23.544852]}},{"type":"Feature","properties":{"GROUP.ID":"G10878159","LOCALITY":"T19_G2","LATITUDE":22.9838154,"LONGITUDE":69.7209328,"OBSERVATION.DATE":"2023-09-23","OBSERVER.ID":"obsr612947","DURATION.MINUTES":50.0,"SAMPLING.EVENT.IDENTIFIER":"S150530158","species_list":"Ashy-crowned Sparrow-Lark; Baya Weaver; Common Babbler; Eurasian Collared-Dove; Greater Sand-Plover; Indian Silverbill; Laughing Dove; Red-wattled Lapwing; Wire-tailed Swallow","n_species":9,"focal_species_seen":"","focal_species_slugs":"","has_focal":false,"GRID_CODE":"GJ-KU-MUN-007","DISTRICT":"Kachchh","BLOCK":"Mundra"},"geometry":{"type":"Point","coordinates":[69.7209328,22.9838154]}},{"type":"Feature","properties":{"GROUP.ID":"G11248118","LOCALITY":"Pmc2023_Team24_grid4","LATITUDE":23.4185248,"LONGITUDE":69.9050381,"OBSERVATION.DATE":"2023-09-23","OBSERVER.ID":"obsr1206687","DURATION.MINUTES":62.0,"SAMPLING.EVENT.IDENTIFIER":"S150530222","species_list":"Ashy-crowned Sparrow-Lark; Asian Green Bee-eater; Booted Eagle; Common Babbler; Common Hoopoe; Eurasian Collared-Dove; Gray Francolin; Indian Roller; Indian Silverbill; Jungle Prinia; Lesser Whitethroat; Montagu's Harrier; Red-vented Bulbul; White-eared Bulbul","n_species":14,"focal_species_seen":"","focal_species_slugs":"","has_focal":false,"GRID_CODE":"GJ-KU-BHU-089","DISTRICT":"Kachchh","BLOCK":"Bhuj"},"geometry":{"type":"Point","coordinates":[69.9050381,23.4185248]}},{"type":"Feature","properties":{"GROUP.ID":"G10891941","LOCALITY":"PMC_Team23Grid6","LATITUDE":23.651785,"LONGITUDE":69.771159,"OBSERVATION.DATE":"2023-09-23","OBSERVER.ID":"obsr1391386","DURATION.MINUTES":35.0,"SAMPLING.EVENT.IDENTIFIER":"S150530297","species_list":"Asian Green Bee-eater; Bay-backed Shrike; Black Drongo; Blue-cheeked Bee-eater; Brahminy Starling; Chestnut-bellied Sandgrouse; Common Babbler; Common Tailorbird; European Roller; Great Gray Shrike; Indian Thick-knee; Lesser Whitethroat; Long-billed Pipit; Pallid Harrier; Purple Sunbird; Rosy Starling; Rufous-tailed Lark; White-eared Bulbul; White-tailed Iora","n_species":19,"focal_species_seen":"Blue-cheeked Bee-eater; European Roller","focal_species_slugs":"blue-cheeked-bee-eater;european-roller","has_focal":true,"GRID_CODE":"GJ-KU-BHU-065","DISTRICT":"Kachchh","BLOCK":"Bhuj"},"geometry":{"type":"Point","coordinates":[69.771159,23.651785]}},{"type":"Feature","properties":{"GROUP.ID":"G11248123","LOCALITY":"PMC2023_T28G4","LATITUDE":23.6121817,"LONGITUDE":70.7311933,"OBSERVATION.DATE":"2023-09-23","OBSERVER.ID":"obsr908812","DURATION.MINUTES":45.0,"SAMPLING.EVENT.IDENTIFIER":"S150530356","species_list":"Asian Green Bee-eater; Bay-backed Shrike; Baya Weaver; Chestnut-bellied Sandgrouse; Eurasian Collared-Dove; Greater Coucal; Indian Silverbill; Long-tailed Shrike; Purple Heron; Purple Sunbird; Red-vented Bulbul; Red-wattled Lapwing; Red Collared-Dove","n_species":13,"focal_species_seen":"","focal_species_slugs":"","has_focal":false,"GRID_CODE":"GJ-KU-RAP-042","DISTRICT":"Kachchh","BLOCK":"Rapar"},"geometry":{"type":"Point","coordinates":[70.7311933,23.6121817]}},{"type":"Feature","properties":{"GROUP.ID":"G10894987","LOCALITY":"PMC2023_T10G1","LATITUDE":23.2853383,"LONGITUDE":69.0810985,"OBSERVATION.DATE":"2023-09-23","OBSERVER.ID":"obsr870545","DURATION.MINUTES":67.0,"SAMPLING.EVENT.IDENTIFIER":"S150530464","species_list":"Asian Green Bee-eater; Baya Weaver; Chestnut-bellied Sandgrouse; Common Babbler; Common Kingfisher; Common Sandpiper; Common Tailorbird; Gray Francolin; Great Egret; House Sparrow; Indian Silverbill; Laughing Dove; Lesser Whistling-Duck; Little Grebe; Long-tailed Shrike; Plain Prinia; Red-vented Bulbul; Red Collared-Dove; Spotted Flycatcher; White-throated Kingfisher; Wire-tailed Swallow; Yellow-crowned Woodpecker","n_species":22,"focal_species_seen":"Spotted Flycatcher","focal_species_slugs":"spotted-flycatcher","has_focal":true,"GRID_CODE":"GJ-KU-ABD-041","DISTRICT":"Kachchh","BLOCK":"Abdasa"},"geometry":{"type":"Point","coordinates":[69.0810985,23.2853383]}},{"type":"Feature","properties":{"GROUP.ID":"G10879670","LOCALITY":"PMC_23 T32G3","LATITUDE":23.4259116,"LONGITUDE":70.4561331,"OBSERVATION.DATE":"2023-09-23","OBSERVER.ID":"obsr413366","DURATION.MINUTES":90.0,"SAMPLING.EVENT.IDENTIFIER":"S150530533","species_list":"Ashy-crowned Sparrow-Lark; Asian Green Bee-eater; Bay-backed Shrike; Baya Weaver; Black-winged Kite; Black Drongo; Common Cuckoo; Common Hoopoe; Eastern Red-rumped Swallow; European Roller; House Sparrow; Laughing Dove; Long-tailed Shrike; Pied Cuckoo; Purple Sunbird; Red-vented Bulbul; Red-wattled Lapwing; Red Collared-Dove; Spotted Flycatcher; White-throated Kingfisher; Wire-tailed Swallow","n_species":21,"focal_species_seen":"Common Cuckoo; European Roller; Spotted Flycatcher","focal_species_slugs":"common-cuckoo;european-roller;spotted-flycatcher","has_focal":true,"GRID_CODE":"GJ-KU-BHA-027","DISTRICT":"Kachchh","BLOCK":"Bhachau"},"geometry":{"type":"Point","coordinates":[70.4561331,23.4259116]}},{"type":"Feature","properties":{"GROUP.ID":"G10878244","LOCALITY":"PMC2023_T15G3","LATITUDE":23.0798267,"LONGITUDE":69.5337494,"OBSERVATION.DATE":"2023-09-23","OBSERVER.ID":"obsr2335329","DURATION.MINUTES":31.0,"SAMPLING.EVENT.IDENTIFIER":"S150531092","species_list":"Ashy-crowned Sparrow-Lark; Asian Green Bee-eater; Barred Buttonquail; Bay-backed Shrike; Eastern Cattle-Egret; Gray-necked Bunting; Indian Robin; Indian Thick-knee; Little Swift; Long-tailed Shrike; Plain Prinia; Red-vented Bulbul; Red-wattled Lapwing; Spotted Owlet; White-tailed Iora; Wire-tailed Swallow","n_species":16,"focal_species_seen":"","focal_species_slugs":"","has_focal":false,"GRID_CODE":"GJ-KU-BHU-161","DISTRICT":"Kachchh","BLOCK":"Bhuj"},"geometry":{"type":"Point","coordinates":[69.5337494,23.0798267]}},{"type":"Feature","properties":{"GROUP.ID":"G10878602","LOCALITY":"PMC2023_T31_G3","LATITUDE":23.2200283,"LONGITUDE":70.1844417,"OBSERVATION.DATE":"2023-09-23","OBSERVER.ID":"obsr1155883","DURATION.MINUTES":33.0,"SAMPLING.EVENT.IDENTIFIER":"S150531137","species_list":"Common Babbler; Eastern Red-rumped Swallow; House Sparrow; Indian Bushlark; Paddyfield Pipit; Rufous-tailed Lark; Siberian Stonechat; Tawny Lark; Variable Wheatear","n_species":9,"focal_species_seen":"","focal_species_slugs":"","has_focal":false,"GRID_CODE":"GJ-KU-ANJ-013","DISTRICT":"Kachchh","BLOCK":"Anjar"},"geometry":{"type":"Point","coordinates":[70.1844417,23.2200283]}},{"type":"Feature","properties":{"GROUP.ID":"G10880672","LOCALITY":"PMC_23 T5G3","LATITUDE":23.484191,"LONGITUDE":68.86269,"OBSERVATION.DATE":"2023-09-23","OBSERVER.ID":"obsr1662974","DURATION.MINUTES":15.0,"SAMPLING.EVENT.IDENTIFIER":"S150531265","species_list":"Bay-backed Shrike; Baya Weaver; Black Francolin; Common Babbler; Eurasian Wryneck; Gray Francolin; House Sparrow; Indian Robin; Laughing Dove; Pied Cuckoo; Purple Sunbird; Red-vented Bulbul; Red-wattled Lapwing; Rufous-fronted Prinia; Rufous-tailed Lark; Spotted Flycatcher; White-eared Bulbul; White-tailed Iora","n_species":18,"focal_species_seen":"Spotted Flycatcher","focal_species_slugs":"spotted-flycatcher","has_focal":true,"GRID_CODE":"GJ-KU-LAK-070","DISTRICT":"Kachchh","BLOCK":"Lakhpat"},"geometry":{"type":"Point","coordinates":[68.86269,23.484191]}},{"type":"Feature","properties":{"GROUP.ID":"G10878281","LOCALITY":"PMC2023_T2G2","LATITUDE":23.6940181,"LONGITUDE":68.6675916,"OBSERVATION.DATE":"2023-09-23","OBSERVER.ID":"obsr1173605","DURATION.MINUTES":52.0,"SAMPLING.EVENT.IDENTIFIER":"S150531571","species_list":"Ashy-crowned Sparrow-Lark; Asian Green Bee-eater; Black Francolin; Blyth's Reed Warbler; Booted Eagle; Common Babbler; Common Hoopoe; Eastern Cattle-Egret; Eurasian Collared-Dove; European Roller; Glossy Ibis; Gray-breasted Prinia; Gray Francolin; Green Sandpiper; Indian Courser; Indian Robin; Indian Silverbill; Laughing Dove; Paddyfield Pipit; Painted Stork; Red-vented Bulbul; Red-wattled Lapwing; Rosy Starling; Rufous-fronted Prinia; Spotted Flycatcher; White-tailed Iora","n_species":26,"focal_species_seen":"European Roller; Spotted Flycatcher","focal_species_slugs":"european-roller;spotted-flycatcher","has_focal":true,"GRID_CODE":"GJ-KU-LAK-020","DISTRICT":"Kachchh","BLOCK":"Lakhpat"},"geometry":{"type":"Point","coordinates":[68.6675916,23.6940181]}},{"type":"Feature","properties":{"GROUP.ID":"G10879245","LOCALITY":"PMC2023_T8G6","LATITUDE":23.630815,"LONGITUDE":69.1694933,"OBSERVATION.DATE":"2023-09-23","OBSERVER.ID":"obsr1588246","DURATION.MINUTES":42.0,"SAMPLING.EVENT.IDENTIFIER":"S150531768","species_list":"Ashy-crowned Sparrow-Lark; Asian Green Bee-eater; Brown Rock Chat; Common Sandpiper; Crested Lark; Eastern Red-rumped Swallow; Eurasian Kestrel; Eurasian Spoonbill; Gray Francolin; Great Egret; Isabelline Shrike; Laughing Dove; Little Egret; Little Swift; Painted Stork; River Tern; Rufous-tailed Lark; Temminck's Stint; Variable Wheatear; Western Marsh Harrier; Western Yellow Wagtail; Yellow-wattled Lapwing","n_species":22,"focal_species_seen":"","focal_species_slugs":"","has_focal":false,"GRID_CODE":"GJ-KU-BHU-053","DISTRICT":"Kachchh","BLOCK":"Bhuj"},"geometry":{"type":"Point","coordinates":[69.1694933,23.630815]}},{"type":"Feature","properties":{"GROUP.ID":"G11190401","LOCALITY":"PMC2023_T8G7","LATITUDE":23.61359,"LONGITUDE":69.25623,"OBSERVATION.DATE":"2023-09-23","OBSERVER.ID":"obsr1588246","DURATION.MINUTES":72.0,"SAMPLING.EVENT.IDENTIFIER":"S150531803","species_list":"Asian Green Bee-eater; Black-crowned Night Heron; Black-headed Ibis; Black-tailed Godwit; Black-winged Stilt; Common Babbler; Common Greenshank; Common Redshank; Crested Lark; Delicate Prinia; Eastern Cattle-Egret; Eastern Red-rumped Swallow; Eurasian Collared-Dove; Eurasian Spoonbill; European Roller; Glossy Ibis; Gray Francolin; Gray Heron; House Crow; House Sparrow; Indian Cormorant; Indian Pond-Heron; Indian Silverbill; Indian Spot-billed Duck; Isabelline Shrike; Knob-billed Duck; Laughing Dove; Little Cormorant; Little Egret; Little Ringed Plover; Little Tern; Montagu's Harrier; Painted Stork; Purple Sunbird; Red-wattled Lapwing; River Tern; Siberian Stonechat; Striolated Bunting; Western Yellow Wagtail; White-eared Bulbul; White-throated Kingfisher; Wire-tailed Swallow; Wood Sandpiper","n_species":43,"focal_species_seen":"European Roller","focal_species_slugs":"european-roller","has_focal":true,"GRID_CODE":"GJ-KU-BHU-055","DISTRICT":"Kachchh","BLOCK":"Bhuj"},"geometry":{"type":"Point","coordinates":[69.25623,23.61359]}},{"type":"Feature","properties":{"GROUP.ID":"G10878343","LOCALITY":"T19_G3","LATITUDE":23.0093189,"LONGITUDE":69.7725046,"OBSERVATION.DATE":"2023-09-23","OBSERVER.ID":"obsr612947","DURATION.MINUTES":46.0,"SAMPLING.EVENT.IDENTIFIER":"S150532045","species_list":"Ashy-crowned Sparrow-Lark; Asian Green Bee-eater; Baya Weaver; Chestnut-bellied Sandgrouse; Common Babbler; Common Hoopoe; Common Tailorbird; Eastern Cattle-Egret; Eastern Red-rumped Swallow; Eurasian Collared-Dove; European Roller; Gray-necked Bunting; Gray Francolin; House Sparrow; Indian Bushlark; Indian Robin; Indian Silverbill; Isabelline Wheatear; Laughing Dove; Plain Prinia; Purple Sunbird; Red-vented Bulbul; Red Collared-Dove; River Tern; Rufous-fronted Prinia; Small Minivet; White-eared Bulbul; White-tailed Iora; Wire-tailed Swallow","n_species":29,"focal_species_seen":"European Roller","focal_species_slugs":"european-roller","has_focal":true,"GRID_CODE":"GJ-KU-MUN-008","DISTRICT":"Kachchh","BLOCK":"Mundra"},"geometry":{"type":"Point","coordinates":[69.7725046,23.0093189]}},{"type":"Feature","properties":{"GROUP.ID":"G11248117","LOCALITY":"Pmc2023_Team24_Grid3","LATITUDE":23.4047275,"LONGITUDE":69.9687338,"OBSERVATION.DATE":"2023-09-23","OBSERVER.ID":"obsr1206687","DURATION.MINUTES":61.0,"SAMPLING.EVENT.IDENTIFIER":"S150532122","species_list":"Asian Green Bee-eater; Eurasian Coot; House Sparrow; Red Collared-Dove; Shikra; White-eared Bulbul; Yellow-throated Sparrow","n_species":7,"focal_species_seen":"","focal_species_slugs":"","has_focal":false,"GRID_CODE":"GJ-KU-BHU-104","DISTRICT":"Kachchh","BLOCK":"Bhuj"},"geometry":{"type":"Point","coordinates":[69.9687338,23.4047275]}},{"type":"Feature","properties":{"GROUP.ID":"G10880468","LOCALITY":"PMC2023_T12G2","LATITUDE":23.1738067,"LONGITUDE":69.0684167,"OBSERVATION.DATE":"2023-09-23","OBSERVER.ID":"obsr2061595","DURATION.MINUTES":81.0,"SAMPLING.EVENT.IDENTIFIER":"S150532325","species_list":"Asian Green Bee-eater; Barn Swallow; Barred Buttonquail; Bay-backed Shrike; Baya Weaver; Black-winged Kite; Black Drongo; Black Francolin; Common Babbler; Common Hoopoe; Common Tailorbird; Delicate Prinia; Eastern Cattle-Egret; Gray Francolin; Greater Coucal; Greater Whitethroat; House Crow; House Sparrow; Indian Bushlark; Indian Pond-Heron; Indian Robin; Indian Silverbill; Jungle Prinia; Laughing Dove; Little Swift; Paddyfield Pipit; Purple Sunbird; Rain Quail; Red-backed Shrike; Red-naped Ibis; Red-vented Bulbul; Red-wattled Lapwing; Rufous-fronted Prinia; Spotted Flycatcher; Tawny Pipit; White-eared Bulbul; White-throated Kingfisher; Wire-tailed Swallow; Zitting Cisticola","n_species":39,"focal_species_seen":"Greater Whitethroat; Red-backed Shrike; Spotted Flycatcher","focal_species_slugs":"greater-whitethroat;red-backed-shrike;spotted-flycatcher","has_focal":true,"GRID_CODE":"GJ-KU-ABD-065","DISTRICT":"Kachchh","BLOCK":"Abdasa"},"geometry":{"type":"Point","coordinates":[69.0684167,23.1738067]}},{"type":"Feature","properties":{"GROUP.ID":"G10880467","LOCALITY":"PMC2023_T12G4","LATITUDE":23.2299317,"LONGITUDE":69.1402258,"OBSERVATION.DATE":"2023-09-23","OBSERVER.ID":"obsr2061595","DURATION.MINUTES":61.0,"SAMPLING.EVENT.IDENTIFIER":"S150532385","species_list":"Ashy-crowned Sparrow-Lark; Asian Green Bee-eater; Barn Swallow; Bay-backed Shrike; Baya Weaver; Black Drongo; Common Babbler; Common Tailorbird; Eastern Orphean Warbler; Eurasian Collared-Dove; Gray-breasted Prinia; Gray Francolin; Great Gray Shrike; Greater Whitethroat; House Sparrow; Indian Bushlark; Indian Robin; Indian Silverbill; Isabelline Shrike; Laughing Dove; Lesser Whitethroat; Red-vented Bulbul; Red Collared-Dove; Rosy Starling; Rufous-fronted Prinia; Sirkeer Malkoha; Spotted Flycatcher; Variable Wheatear; White-eared Bulbul; Yellow-throated Sparrow","n_species":30,"focal_species_seen":"Greater Whitethroat; Spotted Flycatcher","focal_species_slugs":"greater-whitethroat;spotted-flycatcher","has_focal":true,"GRID_CODE":"GJ-KU-ABD-054","DISTRICT":"Kachchh","BLOCK":"Abdasa"},"geometry":{"type":"Point","coordinates":[69.1402258,23.2299317]}},{"type":"Feature","properties":{"GROUP.ID":"G10878307","LOCALITY":"T29G6","LATITUDE":23.4164213,"LONGITUDE":70.8238162,"OBSERVATION.DATE":"2023-09-23","OBSERVER.ID":"obsr914590","DURATION.MINUTES":23.0,"SAMPLING.EVENT.IDENTIFIER":"S150532900","species_list":"Ashy-crowned Sparrow-Lark; Asian Green Bee-eater; Chestnut-bellied Sandgrouse; Common Babbler; Gray Francolin; House Sparrow; Indian Peafowl; Isabelline Wheatear; Laughing Dove; Red-wattled Lapwing; Rufous-tailed Lark; Shikra; Variable Wheatear; White-eared Bulbul; Yellow-wattled Lapwing","n_species":15,"focal_species_seen":"","focal_species_slugs":"","has_focal":false,"GRID_CODE":"GJ-KU-RAP-088","DISTRICT":"Kachchh","BLOCK":"Rapar"},"geometry":{"type":"Point","coordinates":[70.8238162,23.4164213]}},{"type":"Feature","properties":{"GROUP.ID":"G10878340","LOCALITY":"PMC2023_T9G6","LATITUDE":23.2047074,"LONGITUDE":68.8555267,"OBSERVATION.DATE":"2023-09-23","OBSERVER.ID":"obsr494050","DURATION.MINUTES":38.0,"SAMPLING.EVENT.IDENTIFIER":"S150533197","species_list":"Ashy-crowned Sparrow-Lark; Barn Swallow; Bay-backed Shrike; Black Drongo; Black Francolin; Common Babbler; Eastern Cattle-Egret; Eurasian Collared-Dove; Eurasian Kestrel; Great Egret; Great Gray Shrike; Indian Bushlark; Indian Silverbill; Indian Spot-billed Duck; Laughing Dove; Little Cormorant; Little Swift; Pallid Harrier; Plain Prinia; Rain Quail; Red-vented Bulbul; Red-wattled Lapwing; Rosy Starling; Rufous-fronted Prinia; Tawny Pipit; Tree Pipit; Western Marsh Harrier; Wire-tailed Swallow","n_species":28,"focal_species_seen":"","focal_species_slugs":"","has_focal":false,"GRID_CODE":"GJ-KU-ABD-060","DISTRICT":"Kachchh","BLOCK":"Abdasa"},"geometry":{"type":"Point","coordinates":[68.8555267,23.2047074]}},{"type":"Feature","properties":{"GROUP.ID":"G10878365","LOCALITY":"PMC2023_T9G5","LATITUDE":23.1642959,"LONGITUDE":68.9085295,"OBSERVATION.DATE":"2023-09-23","OBSERVER.ID":"obsr494050","DURATION.MINUTES":36.0,"SAMPLING.EVENT.IDENTIFIER":"S150533507","species_list":"Ashy-crowned Sparrow-Lark; Asian Green Bee-eater; Barn Swallow; Bay-backed Shrike; Black Drongo; Blyth's Reed Warbler; Brahminy Starling; Common Babbler; Common Kingfisher; Common Tailorbird; Common Woodshrike; Eastern Cattle-Egret; Eastern Red-rumped Swallow; Eurasian Collared-Dove; European Roller; Gray-breasted Prinia; Gray Francolin; Greater Whitethroat; Green Sandpiper; House Sparrow; Indian Pond-Heron; Indian Robin; Indian Silverbill; Laughing Dove; Little Cormorant; Little Egret; Little Heron; Painted Stork; Pied Cuckoo; Pied Kingfisher; Plain Prinia; Purple Sunbird; Red-naped Ibis; Red-vented Bulbul; Red-wattled Lapwing; Rosy Starling; Rufous-fronted Prinia; White-tailed Iora; White-throated Kingfisher; Wire-tailed Swallow","n_species":40,"focal_species_seen":"European Roller; Greater Whitethroat","focal_species_slugs":"european-roller;greater-whitethroat","has_focal":true,"GRID_CODE":"GJ-KU-ABD-062","DISTRICT":"Kachchh","BLOCK":"Abdasa"},"geometry":{"type":"Point","coordinates":[68.9085295,23.1642959]}},{"type":"Feature","properties":{"GROUP.ID":"G10878366","LOCALITY":"PMC2023_T9G4","LATITUDE":23.1602617,"LONGITUDE":68.9035723,"OBSERVATION.DATE":"2023-09-23","OBSERVER.ID":"obsr494050","DURATION.MINUTES":36.0,"SAMPLING.EVENT.IDENTIFIER":"S150533517","species_list":"Asian Green Bee-eater; Baya Weaver; Black-winged Kite; Black Drongo; Black Francolin; Blyth's Reed Warbler; Citrine Wagtail; Common Babbler; Common Cuckoo; Common Tailorbird; Common Woodshrike; Eastern Red-rumped Swallow; Eurasian Collared-Dove; European Roller; Gray-breasted Prinia; Gray Francolin; Greater Coucal; Greater Whitethroat; Green Sandpiper; Indian Robin; Indian Silverbill; Laughing Dove; Little Swift; Long-tailed Shrike; Oriental Darter; Purple Sunbird; Red-backed Shrike; Red-vented Bulbul; Red-wattled Lapwing; Rosy Starling; Shikra; Siberian Stonechat; Spotted Flycatcher; Tree Pipit; White-eared Bulbul; Wire-tailed Swallow; Zitting Cisticola","n_species":37,"focal_species_seen":"Common Cuckoo; European Roller; Greater Whitethroat; Red-backed Shrike; Spotted Flycatcher","focal_species_slugs":"common-cuckoo;european-roller;greater-whitethroat;red-backed-shrike;spotted-flycatcher","has_focal":true,"GRID_CODE":"GJ-KU-ABD-072","DISTRICT":"Kachchh","BLOCK":"Abdasa"},"geometry":{"type":"Point","coordinates":[68.9035723,23.1602617]}},{"type":"Feature","properties":{"GROUP.ID":"G10878605","LOCALITY":"PMC2023_T31_G2","LATITUDE":23.2212283,"LONGITUDE":70.1030933,"OBSERVATION.DATE":"2023-09-23","OBSERVER.ID":"obsr1155883","DURATION.MINUTES":45.0,"SAMPLING.EVENT.IDENTIFIER":"S150533571","species_list":"Asian Green Bee-eater; European Roller; Gray Francolin; Laughing Dove; Lesser Whitethroat; Plain Prinia; Purple Sunbird; Red-vented Bulbul; Rufous-fronted Prinia","n_species":9,"focal_species_seen":"European Roller","focal_species_slugs":"european-roller","has_focal":true,"GRID_CODE":"GJ-KU-ANJ-011","DISTRICT":"Kachchh","BLOCK":"Anjar"},"geometry":{"type":"Point","coordinates":[70.1030933,23.2212283]}},{"type":"Feature","properties":{"GROUP.ID":"G10910222","LOCALITY":"PMC2023_T17G4","LATITUDE":23.53964,"LONGITUDE":69.388984,"OBSERVATION.DATE":"2023-09-23","OBSERVER.ID":"obsr1522701","DURATION.MINUTES":57.0,"SAMPLING.EVENT.IDENTIFIER":"S150534307","species_list":"Ashy-crowned Sparrow-Lark; Asian Green Bee-eater; Black-winged Stilt; Common Babbler; Eurasian Collared-Dove; Garganey; Glossy Ibis; Great Crested Grebe; Indian Robin; Indian Spot-billed Duck; Isabelline Shrike; Laughing Dove; Little Cormorant; Little Grebe; Montagu's Harrier; Paddyfield Pipit; Red-tailed Shrike; Red-vented Bulbul; Red-wattled Lapwing; Rosy Starling; Spotted Flycatcher; Western Marsh Harrier; Whiskered Tern; White-eared Bulbul","n_species":24,"focal_species_seen":"Red-tailed Shrike; Spotted Flycatcher","focal_species_slugs":"red-tailed-shrike;spotted-flycatcher","has_focal":true,"GRID_CODE":"GJ-KU-LIT-023","DISTRICT":"Kachchh","BLOCK":"Little Rann"},"geometry":{"type":"Point","coordinates":[69.388984,23.53964]}},{"type":"Feature","properties":{"GROUP.ID":"G10878603","LOCALITY":"PMC2023_T31_G4","LATITUDE":23.304486700000003,"LONGITUDE":70.109625,"OBSERVATION.DATE":"2023-09-23","OBSERVER.ID":"obsr1155883","DURATION.MINUTES":30.0,"SAMPLING.EVENT.IDENTIFIER":"S150535031","species_list":"Ashy-crowned Sparrow-Lark; Asian Green Bee-eater; Baya Weaver; Common Babbler; House Sparrow; Indian Pond-Heron; Indian Silverbill; Laughing Dove; Paddyfield Pipit; Purple Sunbird; Red-vented Bulbul; Rufous-tailed Lark; Siberian Stonechat; Wire-tailed Swallow","n_species":14,"focal_species_seen":"","focal_species_slugs":"","has_focal":false,"GRID_CODE":"GJ-KU-ANJ-008","DISTRICT":"Kachchh","BLOCK":"Anjar"},"geometry":{"type":"Point","coordinates":[70.109625,23.304486700000003]}},{"type":"Feature","properties":{"GROUP.ID":"G10879640","LOCALITY":"PMC_23 T32G2","LATITUDE":23.4259779,"LONGITUDE":70.3233412,"OBSERVATION.DATE":"2023-09-23","OBSERVER.ID":"obsr413366","DURATION.MINUTES":90.0,"SAMPLING.EVENT.IDENTIFIER":"S150535443","species_list":"Ashy-crowned Sparrow-Lark; Asian Green Bee-eater; Asian Koel; Barn Swallow; Bay-backed Shrike; Black-winged Kite; Black Drongo; Chestnut-bellied Sandgrouse; Common Hoopoe; Eastern Cattle-Egret; Eurasian Collared-Dove; Eurasian Wryneck; European Roller; Gray Francolin; Indian Bushlark; Indian Robin; Laughing Dove; Pied Cuckoo; Plain Prinia; Red-wattled Lapwing; Red Collared-Dove; Rufous-tailed Lark; Siberian Stonechat; White-throated Kingfisher","n_species":24,"focal_species_seen":"European Roller","focal_species_slugs":"european-roller","has_focal":true,"GRID_CODE":"GJ-KU-BHA-024","DISTRICT":"Kachchh","BLOCK":"Bhachau"},"geometry":{"type":"Point","coordinates":[70.3233412,23.4259779]}},{"type":"Feature","properties":{"GROUP.ID":"G10879338","LOCALITY":"PMC2023_T20G1","LATITUDE":22.9029017,"LONGITUDE":69.8407438,"OBSERVATION.DATE":"2023-09-23","OBSERVER.ID":"obsr1326084","DURATION.MINUTES":61.0,"SAMPLING.EVENT.IDENTIFIER":"S150535457","species_list":"Asian Green Bee-eater; Bay-backed Shrike; Black-winged Kite; Common Babbler; Common Myna; Common Tailorbird; Eastern Cattle-Egret; Eurasian Collared-Dove; European Roller; Gray Francolin; House Crow; Indian Robin; Indian Silverbill; Indian Thick-knee; Isabelline Shrike; Laughing Dove; Paddyfield Pipit; Painted Stork; Pied Cuckoo; Red-vented Bulbul; Red-wattled Lapwing; Red Collared-Dove; Rufous-fronted Prinia; Siberian Stonechat; Spotted Flycatcher; Spotted Owlet; Streak-throated Swallow; White-eared Bulbul; White-throated Kingfisher; Wire-tailed Swallow","n_species":30,"focal_species_seen":"European Roller; Spotted Flycatcher","focal_species_slugs":"european-roller;spotted-flycatcher","has_focal":true,"GRID_CODE":"GJ-KU-MUN-023","DISTRICT":"Kachchh","BLOCK":"Mundra"},"geometry":{"type":"Point","coordinates":[69.8407438,22.9029017]}},{"type":"Feature","properties":{"GROUP.ID":"G10878490","LOCALITY":"PMC2023_T14G1","LATITUDE":22.9833438,"LONGITUDE":69.270347,"OBSERVATION.DATE":"2023-09-23","OBSERVER.ID":"obsr2816832","DURATION.MINUTES":48.0,"SAMPLING.EVENT.IDENTIFIER":"S150535465","species_list":"Asian Green Bee-eater; Asian Koel; Asian Openbill; Bay-backed Shrike; Baya Weaver; Black-crowned Night Heron; Black-winged Stilt; Black Drongo; Common Kingfisher; Common Sandpiper; Common Tailorbird; Eastern Cattle-Egret; Eastern Red-rumped Swallow; Eurasian Collared-Dove; Eurasian Moorhen; Glossy Ibis; Gray Francolin; Gray Wagtail; Greater Coucal; Green Warbler; House Sparrow; Laughing Dove; Little Cormorant; Little Egret; Little Swift; Medium Egret; Oriental Darter; Plain Prinia; Purple Sunbird; Red-naped Ibis; Red-vented Bulbul; Red-wattled Lapwing; Rosy Starling; Spotted Flycatcher; White-breasted Waterhen; White-tailed Iora; White-throated Kingfisher; Wire-tailed Swallow","n_species":38,"focal_species_seen":"Spotted Flycatcher","focal_species_slugs":"spotted-flycatcher","has_focal":true,"GRID_CODE":"GJ-KU-MAN-021","DISTRICT":"Kachchh","BLOCK":"Mandvi"},"geometry":{"type":"Point","coordinates":[69.270347,22.9833438]}},{"type":"Feature","properties":{"GROUP.ID":"G10879337","LOCALITY":"PMC2023_T20G3","LATITUDE":22.988194,"LONGITUDE":69.9502183,"OBSERVATION.DATE":"2023-09-23","OBSERVER.ID":"obsr1326084","DURATION.MINUTES":25.0,"SAMPLING.EVENT.IDENTIFIER":"S150535649","species_list":"Ashy-crowned Sparrow-Lark; Asian Green Bee-eater; Common Myna; Eastern Cattle-Egret; Eastern Red-rumped Swallow; European Roller; House Sparrow; Indian Bushlark; Laughing Dove; Little Ringed Plover; Plain Prinia; Red-wattled Lapwing; Rosy Starling; Rufous-tailed Lark; Streaked Weaver; Yellow-throated Sparrow","n_species":16,"focal_species_seen":"European Roller","focal_species_slugs":"european-roller","has_focal":true,"GRID_CODE":"GJ-KU-ANJ-039","DISTRICT":"Kachchh","BLOCK":"Anjar"},"geometry":{"type":"Point","coordinates":[69.9502183,22.988194]}},{"type":"Feature","properties":{"GROUP.ID":"G10879336","LOCALITY":"PMC2023_T20G2","LATITUDE":22.9324066,"LONGITUDE":69.9892786,"OBSERVATION.DATE":"2023-09-23","OBSERVER.ID":"obsr1326084","DURATION.MINUTES":61.0,"SAMPLING.EVENT.IDENTIFIER":"S150535680","species_list":"Black Drongo; Blue-cheeked Bee-eater; Common Babbler; Common Myna; Common Sandpiper; Eurasian Moorhen; Glossy Ibis; Great Crested Grebe; Great Egret; House Crow; House Sparrow; Indian Pond-Heron; Indian Robin; Indian Spot-billed Duck; Little Cormorant; Little Grebe; Little Stint; Painted Stork; Red-naped Ibis; Red-wattled Lapwing; River Tern; Rosy Starling; Tibetan Sand-Plover; Whiskered Tern; White-throated Kingfisher; Wire-tailed Swallow; Wood Sandpiper","n_species":27,"focal_species_seen":"Blue-cheeked Bee-eater","focal_species_slugs":"blue-cheeked-bee-eater","has_focal":true,"GRID_CODE":"GJ-KU-ANJ-043","DISTRICT":"Kachchh","BLOCK":"Anjar"},"geometry":{"type":"Point","coordinates":[69.9892786,22.9324066]}},{"type":"Feature","properties":{"GROUP.ID":"G10878491","LOCALITY":"PMC2023_T14G4","LATITUDE":23.0415494,"LONGITUDE":69.343718,"OBSERVATION.DATE":"2023-09-23","OBSERVER.ID":"obsr1173703","DURATION.MINUTES":58.0,"SAMPLING.EVENT.IDENTIFIER":"S150535956","species_list":"Ashy-crowned Sparrow-Lark; Asian Green Bee-eater; Bay-backed Shrike; Brahminy Starling; Common Hoopoe; Common Kingfisher; Eastern Cattle-Egret; Eastern Red-rumped Swallow; Eurasian Collared-Dove; European Roller; Gray Francolin; Greater Coucal; House Sparrow; Indian Bushlark; Indian Peafowl; Indian Pond-Heron; Indian Robin; Indian Thick-knee; Jungle Prinia; Laughing Dove; Little Cormorant; Little Egret; Little Swift; Long-tailed Shrike; Plain Prinia; Purple Sunbird; Red-vented Bulbul; Red-wattled Lapwing; Red Collared-Dove; Rose-ringed Parakeet; Rufous-fronted Prinia; Spotted Owlet; White-eared Bulbul; White-tailed Iora; White-throated Kingfisher; Wire-tailed Swallow","n_species":36,"focal_species_seen":"European Roller","focal_species_slugs":"european-roller","has_focal":true,"GRID_CODE":"GJ-KU-MAN-013","DISTRICT":"Kachchh","BLOCK":"Mandvi"},"geometry":{"type":"Point","coordinates":[69.343718,23.0415494]}},{"type":"Feature","properties":{"GROUP.ID":"G10878507","LOCALITY":"PMC2023_T30G6","LATITUDE":23.3982279,"LONGITUDE":70.5049267,"OBSERVATION.DATE":"2023-09-23","OBSERVER.ID":"obsr3561725","DURATION.MINUTES":45.0,"SAMPLING.EVENT.IDENTIFIER":"S150536431","species_list":"Ashy-crowned Sparrow-Lark; Asian Green Bee-eater; Asian Koel; Barn Swallow; Bay-backed Shrike; Booted Eagle; Common Babbler; Common Tailorbird; Eastern Cattle-Egret; Eastern Red-rumped Swallow; Eurasian Collared-Dove; Gray-breasted Prinia; Gray Francolin; House Sparrow; Indian Silverbill; Jungle Prinia; Laughing Dove; Oriental Honey-buzzard; Plain Prinia; Purple Sunbird; Red-naped Ibis; Red-vented Bulbul; Rosy Starling; Rufous-fronted Prinia; White-tailed Iora","n_species":25,"focal_species_seen":"","focal_species_slugs":"","has_focal":false,"GRID_CODE":"GJ-KU-BHA-036","DISTRICT":"Kachchh","BLOCK":"Bhachau"},"geometry":{"type":"Point","coordinates":[70.5049267,23.3982279]}},{"type":"Feature","properties":{"GROUP.ID":"G10880016","LOCALITY":"PMC2023_T10G3","LATITUDE":23.3273913,"LONGITUDE":68.9662127,"OBSERVATION.DATE":"2023-09-23","OBSERVER.ID":"obsr870545","DURATION.MINUTES":10.0,"SAMPLING.EVENT.IDENTIFIER":"S150536502","species_list":"Asian Green Bee-eater; Bay-backed Shrike; Baya Weaver; Black-winged Kite; Black Drongo; Brahminy Starling; Common Babbler; Common Hoopoe; Common Sandpiper; Common Tailorbird; Common Woodshrike; Eastern Red-rumped Swallow; Eurasian Coot; European Roller; Gray Heron; Great Crested Grebe; Great Egret; Green Sandpiper; House Sparrow; Indian Bushlark; Indian Pond-Heron; Indian Robin; Indian Roller; Indian Silverbill; Laughing Dove; Little Egret; Little Grebe; Long-tailed Shrike; Plain Prinia; Purple Sunbird; Red-vented Bulbul; Red-wattled Lapwing; Red Collared-Dove; Rosy Starling; Rufous-fronted Prinia; White-eared Bulbul; Wire-tailed Swallow","n_species":37,"focal_species_seen":"European Roller","focal_species_slugs":"european-roller","has_focal":true,"GRID_CODE":"GJ-KU-ABD-027","DISTRICT":"Kachchh","BLOCK":"Abdasa"},"geometry":{"type":"Point","coordinates":[68.9662127,23.3273913]}},{"type":"Feature","properties":{"GROUP.ID":"G10878489","LOCALITY":"PMC2023_T14G3","LATITUDE":22.9009943,"LONGITUDE":69.4128385,"OBSERVATION.DATE":"2023-09-23","OBSERVER.ID":"obsr1173703","DURATION.MINUTES":31.0,"SAMPLING.EVENT.IDENTIFIER":"S150536596","species_list":"Ashy-crowned Sparrow-Lark; Asian Green Bee-eater; Baya Weaver; Black-winged Kite; Black Drongo; Common Babbler; Common Hoopoe; Common Sandpiper; Common Tailorbird; Eastern Cattle-Egret; Eastern Red-rumped Swallow; European Roller; Gray-breasted Prinia; Gray Francolin; Indian Bushlark; Indian Robin; Jungle Prinia; Laughing Dove; Oriental Honey-buzzard; Plain Prinia; Purple Sunbird; Red-vented Bulbul; Red-wattled Lapwing; Rosy Starling; Rufous-fronted Prinia; Spotted Flycatcher; White-browed Wagtail; Wire-tailed Swallow","n_species":28,"focal_species_seen":"European Roller; Spotted Flycatcher","focal_species_slugs":"european-roller;spotted-flycatcher","has_focal":true,"GRID_CODE":"GJ-KU-MAN-043","DISTRICT":"Kachchh","BLOCK":"Mandvi"},"geometry":{"type":"Point","coordinates":[69.4128385,22.9009943]}},{"type":"Feature","properties":{"GROUP.ID":"G10878534","LOCALITY":"PMC2023_T30G7","LATITUDE":23.4140267,"LONGITUDE":70.5558699,"OBSERVATION.DATE":"2023-09-23","OBSERVER.ID":"obsr3561725","DURATION.MINUTES":45.0,"SAMPLING.EVENT.IDENTIFIER":"S150536738","species_list":"Ashy-crowned Sparrow-Lark; Asian Green Bee-eater; Barn Swallow; Barred Buttonquail; Baya Weaver; Common Babbler; Common Cuckoo; Common Hoopoe; Eastern Cattle-Egret; Eurasian Collared-Dove; Eurasian Spoonbill; European Roller; Glossy Ibis; Gray-breasted Prinia; Gray Francolin; Indian Robin; Indian Silverbill; Jungle Prinia; Laughing Dove; Little Cormorant; Paddyfield Pipit; Pied Cuckoo; Plain Prinia; Purple Sunbird; Red-vented Bulbul; Red-wattled Lapwing; Red Collared-Dove; Rose-ringed Parakeet; Rosy Starling; Tree Pipit; Variable Wheatear; White-eared Bulbul; White-tailed Iora; White-throated Kingfisher; Yellow-eyed Babbler; Yellow-throated Sparrow","n_species":36,"focal_species_seen":"Common Cuckoo; European Roller","focal_species_slugs":"common-cuckoo;european-roller","has_focal":true,"GRID_CODE":"GJ-KU-BHA-028","DISTRICT":"Kachchh","BLOCK":"Bhachau"},"geometry":{"type":"Point","coordinates":[70.5558699,23.4140267]}},{"type":"Feature","properties":{"GROUP.ID":"G10879637","LOCALITY":"PMC_23 T32G1","LATITUDE":23.3725445,"LONGITUDE":70.305144,"OBSERVATION.DATE":"2023-09-23","OBSERVER.ID":"obsr413366","DURATION.MINUTES":70.0,"SAMPLING.EVENT.IDENTIFIER":"S150537073","species_list":"Ashy-crowned Sparrow-Lark; Asian Green Bee-eater; Barn Swallow; Bay-backed Shrike; Baya Weaver; Black-tailed Godwit; Black-winged Kite; Black-winged Stilt; Black Drongo; Chestnut-bellied Sandgrouse; Common Babbler; Common Cuckoo; Common Greenshank; Crested Lark; Eurasian Collared-Dove; European Roller; Gray-breasted Prinia; Gray Francolin; Gray Heron; Indian Bushlark; Indian Pond-Heron; Indian Robin; Indian Silverbill; Jungle Prinia; Laughing Dove; Little Cormorant; Little Egret; Little Grebe; Montagu's Harrier; Paddyfield Pipit; Pied Cuckoo; Purple Sunbird; Red-tailed Shrike; Red-vented Bulbul; Red-wattled Lapwing; Red Collared-Dove; Rosy Starling; Rufous-tailed Lark; Siberian Stonechat; White-eared Bulbul; White-throated Kingfisher; Wire-tailed Swallow; Yellow-wattled Lapwing","n_species":43,"focal_species_seen":"Common Cuckoo; European Roller; Red-tailed Shrike","focal_species_slugs":"common-cuckoo;european-roller;red-tailed-shrike","has_focal":true,"GRID_CODE":"GJ-KU-BHA-032","DISTRICT":"Kachchh","BLOCK":"Bhachau"},"geometry":{"type":"Point","coordinates":[70.305144,23.3725445]}},{"type":"Feature","properties":{"GROUP.ID":"G10878604","LOCALITY":"PMC2023_T31_G6","LATITUDE":23.3294651,"LONGITUDE":70.1612214,"OBSERVATION.DATE":"2023-09-23","OBSERVER.ID":"obsr1155883","DURATION.MINUTES":23.0,"SAMPLING.EVENT.IDENTIFIER":"S150537876","species_list":"Asian Green Bee-eater; Asian Koel; Black-winged Stilt; Common Babbler; Common Sandpiper; Dusky Crag-Martin; Eastern Cattle-Egret; Eastern Red-rumped Swallow; Eurasian Collared-Dove; European Roller; Gray-breasted Prinia; Greater Coucal; Green Sandpiper; House Sparrow; Indian Robin; Indian Silverbill; Laughing Dove; Plain Prinia; Red-vented Bulbul; Red-wattled Lapwing; Rufous-fronted Prinia; Spotted Flycatcher; White-throated Kingfisher; Wire-tailed Swallow","n_species":24,"focal_species_seen":"European Roller; Spotted Flycatcher","focal_species_slugs":"european-roller;spotted-flycatcher","has_focal":true,"GRID_CODE":"GJ-KU-ANJ-005","DISTRICT":"Kachchh","BLOCK":"Anjar"},"geometry":{"type":"Point","coordinates":[70.1612214,23.3294651]}},{"type":"Feature","properties":{"GROUP.ID":"G10883411","LOCALITY":"PMC2023_T27G2","LATITUDE":23.466757,"LONGITUDE":71.041002,"OBSERVATION.DATE":"2023-09-23","OBSERVER.ID":"obsr1494586","DURATION.MINUTES":54.0,"SAMPLING.EVENT.IDENTIFIER":"S150538952","species_list":"Asian Green Bee-eater; Asian Koel; Barn Swallow; Chestnut-bellied Sandgrouse; Dusky Crag-Martin; Eurasian Collared-Dove; Gray Francolin; House Crow; House Sparrow; Indian Peafowl; Indian Pond-Heron; Indian Robin; Indian Spot-billed Duck; Laughing Dove; Little Egret; Little Grebe; Medium Egret; Red-naped Ibis; Red-vented Bulbul; River Tern; Rose-ringed Parakeet; Ruff; Rufous-tailed Lark; Spotted Flycatcher; Whiskered Tern; White-breasted Waterhen; White-eared Bulbul","n_species":27,"focal_species_seen":"Spotted Flycatcher","focal_species_slugs":"spotted-flycatcher","has_focal":true,"GRID_CODE":"GJ-KU-RAP-082","DISTRICT":"Kachchh","BLOCK":"Rapar"},"geometry":{"type":"Point","coordinates":[71.041002,23.466757]}},{"type":"Feature","properties":{"GROUP.ID":"G10879627","LOCALITY":"PMC_23 T32G4","LATITUDE":23.4843413,"LONGITUDE":70.3558065,"OBSERVATION.DATE":"2023-09-23","OBSERVER.ID":"obsr413366","DURATION.MINUTES":120.0,"SAMPLING.EVENT.IDENTIFIER":"S150539099","species_list":"Ashy-crowned Sparrow-Lark; Asian Green Bee-eater; Asian Koel; Bay-backed Shrike; Baya Weaver; Black-tailed Godwit; Black-winged Kite; Black Drongo; Chestnut-bellied Sandgrouse; Common Babbler; Common Hoopoe; Eastern Red-rumped Swallow; Eurasian Collared-Dove; Eurasian Wryneck; European Roller; Gray-breasted Prinia; Gray Francolin; House Sparrow; Indian Pond-Heron; Indian Robin; Indian Silverbill; Isabelline Shrike; Laughing Dove; Long-tailed Shrike; Pied Cuckoo; Purple Sunbird; Red-vented Bulbul; Red-wattled Lapwing; Red Collared-Dove; Rosy Starling; Siberian Stonechat; Spotted Flycatcher; White-breasted Waterhen; White-eared Bulbul; White-throated Kingfisher; Wire-tailed Swallow; Yellow-wattled Lapwing","n_species":37,"focal_species_seen":"European Roller; Spotted Flycatcher","focal_species_slugs":"european-roller;spotted-flycatcher","has_focal":true,"GRID_CODE":"GJ-KU-BHA-018","DISTRICT":"Kachchh","BLOCK":"Bhachau"},"geometry":{"type":"Point","coordinates":[70.3558065,23.4843413]}},{"type":"Feature","properties":{"GROUP.ID":"G10886451","LOCALITY":"PMC2023-T3G5","LATITUDE":23.567863,"LONGITUDE":68.504553,"OBSERVATION.DATE":"2023-09-23","OBSERVER.ID":"obsr1777443","DURATION.MINUTES":41.0,"SAMPLING.EVENT.IDENTIFIER":"S150539103","species_list":"Ashy-crowned Sparrow-Lark; Black-winged Kite; Black-winged Stilt; Common Babbler; Eastern Cattle-Egret; Eastern Red-rumped Swallow; Eurasian Collared-Dove; European Roller; Gray Francolin; Indian Silverbill; Indian Spot-billed Duck; Laughing Dove; Little Egret; Little Swift; Paddyfield Pipit; Red-backed Shrike; Red-wattled Lapwing; Rosy Starling; Rufous-fronted Prinia; Tawny Lark; Variable Wheatear; Wire-tailed Swallow","n_species":22,"focal_species_seen":"European Roller; Red-backed Shrike","focal_species_slugs":"european-roller;red-backed-shrike","has_focal":true,"GRID_CODE":"GJ-KU-LAK-044","DISTRICT":"Kachchh","BLOCK":"Lakhpat"},"geometry":{"type":"Point","coordinates":[68.504553,23.567863]}},{"type":"Feature","properties":{"GROUP.ID":"G11248116","LOCALITY":"Pmc2023_Team24_Grid2","LATITUDE":23.3857365,"LONGITUDE":69.9014924,"OBSERVATION.DATE":"2023-09-23","OBSERVER.ID":"obsr1206687","DURATION.MINUTES":59.0,"SAMPLING.EVENT.IDENTIFIER":"S150539557","species_list":"Ashy-crowned Sparrow-Lark; Asian Green Bee-eater; Barn Swallow; Bay-backed Shrike; Blue-cheeked Bee-eater; Common Babbler; Eurasian Collared-Dove; Gray Francolin; Green Sandpiper; Indian Pond-Heron; Indian Robin; Indian Silverbill; Jungle Prinia; Laughing Dove; Purple Sunbird; Red-backed Shrike; Red-wattled Lapwing; River Tern; Rosy Starling; Spotted Flycatcher; Variable Wheatear; White-eared Bulbul; White-throated Kingfisher","n_species":23,"focal_species_seen":"Blue-cheeked Bee-eater; Red-backed Shrike; Spotted Flycatcher","focal_species_slugs":"blue-cheeked-bee-eater;red-backed-shrike;spotted-flycatcher","has_focal":true,"GRID_CODE":"GJ-KU-BHU-102","DISTRICT":"Kachchh","BLOCK":"Bhuj"},"geometry":{"type":"Point","coordinates":[69.9014924,23.3857365]}},{"type":"Feature","properties":{"GROUP.ID":"G10884192","LOCALITY":"PMC2023_T8G5","LATITUDE":23.5615,"LONGITUDE":69.2422667,"OBSERVATION.DATE":"2023-09-23","OBSERVER.ID":"obsr1588246","DURATION.MINUTES":37.0,"SAMPLING.EVENT.IDENTIFIER":"S150539921","species_list":"Asian Green Bee-eater; Common Babbler; Common Tailorbird; Dusky Crag-Martin; Eastern Red-rumped Swallow; Eurasian Collared-Dove; European Roller; Gray Francolin; House Crow; Indian Robin; Indian Silverbill; Laughing Dove; Little Cormorant; Little Grebe; Purple Sunbird; Red-wattled Lapwing; Rosy Starling; White-eared Bulbul","n_species":18,"focal_species_seen":"European Roller","focal_species_slugs":"european-roller","has_focal":true,"GRID_CODE":"GJ-KU-NAK-007","DISTRICT":"Kachchh","BLOCK":"Nakhatrana"},"geometry":{"type":"Point","coordinates":[69.2422667,23.5615]}},{"type":"Feature","properties":{"GROUP.ID":"G10879086","LOCALITY":"PMC2023_T15G2","LATITUDE":23.0172176,"LONGITUDE":69.5721891,"OBSERVATION.DATE":"2023-09-23","OBSERVER.ID":"obsr2335329","DURATION.MINUTES":31.0,"SAMPLING.EVENT.IDENTIFIER":"S150539994","species_list":"Ashy-crowned Sparrow-Lark; Asian Green Bee-eater; Bay-backed Shrike; Black Drongo; Common Babbler; Eastern Cattle-Egret; Eurasian Collared-Dove; European Roller; Gray Francolin; Great Thick-knee; Indian Robin; Indian Silverbill; Laughing Dove; Lesser Whistling-Duck; Little Cormorant; Little Egret; Plain Prinia; Purple Sunbird; Red-vented Bulbul; Red-wattled Lapwing; River Tern; Rosy Starling; Rufous-fronted Prinia; Small Minivet; Tawny Lark; White-browed Wagtail; White-eared Bulbul","n_species":27,"focal_species_seen":"European Roller","focal_species_slugs":"european-roller","has_focal":true,"GRID_CODE":"GJ-KU-BHU-168","DISTRICT":"Kachchh","BLOCK":"Bhuj"},"geometry":{"type":"Point","coordinates":[69.5721891,23.0172176]}},{"type":"Feature","properties":{"GROUP.ID":"G10878727","LOCALITY":"T29G4","LATITUDE":23.4196317,"LONGITUDE":70.86532,"OBSERVATION.DATE":"2023-09-23","OBSERVER.ID":"obsr914590","DURATION.MINUTES":43.0,"SAMPLING.EVENT.IDENTIFIER":"S150540018","species_list":"Ashy-crowned Sparrow-Lark; Asian Green Bee-eater; Common Babbler; Eastern Cattle-Egret; Eurasian Collared-Dove; House Sparrow; Indian Silverbill; Laughing Dove; Purple Sunbird; Red-wattled Lapwing; River Tern; White-eared Bulbul","n_species":12,"focal_species_seen":"","focal_species_slugs":"","has_focal":false,"GRID_CODE":"GJ-KU-RAP-089","DISTRICT":"Kachchh","BLOCK":"Rapar"},"geometry":{"type":"Point","coordinates":[70.86532,23.4196317]}},{"type":"Feature","properties":{"GROUP.ID":"G10878756","LOCALITY":"PMC2023_T1G6","LATITUDE":23.7399193,"LONGITUDE":68.9347723,"OBSERVATION.DATE":"2023-09-23","OBSERVER.ID":"obsr1241180","DURATION.MINUTES":42.0,"SAMPLING.EVENT.IDENTIFIER":"S150540635","species_list":"Asian Green Bee-eater; Bay-backed Shrike; Baya Weaver; Black Drongo; Black Redstart; Common Babbler; Common Hoopoe; Common Tailorbird; Eastern Red-rumped Swallow; Eurasian Collared-Dove; Eurasian Wryneck; European Roller; Gray Francolin; Green Sandpiper; Indian Robin; Laughing Dove; Long-tailed Shrike; Medium Egret; Painted Sandgrouse; Purple Sunbird; Rose-ringed Parakeet; Small Minivet; Spotted Flycatcher; Sykes's Warbler; White-breasted Waterhen; White-eared Bulbul; White-naped Tit; White-throated Kingfisher; Wire-tailed Swallow","n_species":29,"focal_species_seen":"European Roller; Spotted Flycatcher","focal_species_slugs":"european-roller;spotted-flycatcher","has_focal":true,"GRID_CODE":"GJ-KU-LAK-015","DISTRICT":"Kachchh","BLOCK":"Lakhpat"},"geometry":{"type":"Point","coordinates":[68.9347723,23.7399193]}},{"type":"Feature","properties":{"GROUP.ID":"G10890981","LOCALITY":"PMC2023_T7G4","LATITUDE":23.7371835,"LONGITUDE":69.2839091,"OBSERVATION.DATE":"2023-09-23","OBSERVER.ID":"obsr696747","DURATION.MINUTES":23.0,"SAMPLING.EVENT.IDENTIFIER":"S150541164","species_list":"Blue-cheeked Bee-eater","n_species":1,"focal_species_seen":"Blue-cheeked Bee-eater","focal_species_slugs":"blue-cheeked-bee-eater","has_focal":true,"GRID_CODE":"GJ-KU-BHU-026","DISTRICT":"Kachchh","BLOCK":"Bhuj"},"geometry":{"type":"Point","coordinates":[69.2839091,23.7371835]}},{"type":"Feature","properties":{"GROUP.ID":"G10878797","LOCALITY":"PMC2023_T1_G7","LATITUDE":23.7669733,"LONGITUDE":68.8765579,"OBSERVATION.DATE":"2023-09-23","OBSERVER.ID":"obsr1241180","DURATION.MINUTES":48.0,"SAMPLING.EVENT.IDENTIFIER":"S150541253","species_list":"Asian Green Bee-eater; Asian Koel; Bay-backed Shrike; Black Drongo; Black Francolin; Chestnut-bellied Sandgrouse; Common Hoopoe; Common Kingfisher; Eastern Cattle-Egret; Eurasian Collared-Dove; Eurasian Curlew; European Roller; Gray-breasted Prinia; Gray-necked Bunting; Gray Francolin; Indian Peafowl; Indian Pond-Heron; Laughing Dove; Little Egret; Long-tailed Shrike; Medium Egret; Oriental Darter; Oriental Honey-buzzard; Painted Stork; Pied Cuckoo; Pied Kingfisher; Plain Prinia; Red-naped Ibis; Red-wattled Lapwing; Rufous-fronted Prinia; White-throated Kingfisher","n_species":31,"focal_species_seen":"European Roller","focal_species_slugs":"european-roller","has_focal":true,"GRID_CODE":"GJ-KU-LAK-007","DISTRICT":"Kachchh","BLOCK":"Lakhpat"},"geometry":{"type":"Point","coordinates":[68.8765579,23.7669733]}},{"type":"Feature","properties":{"GROUP.ID":"G10880017","LOCALITY":"PMC2023_T10G2","LATITUDE":23.2853383,"LONGITUDE":69.1810985,"OBSERVATION.DATE":"2023-09-23","OBSERVER.ID":"obsr870545","DURATION.MINUTES":7.0,"SAMPLING.EVENT.IDENTIFIER":"S150543375","species_list":"Ashy-crowned Sparrow-Lark; Asian Green Bee-eater; Asian Koel; Bay-backed Shrike; Black-winged Kite; Black-winged Stilt; Black Drongo; Brahminy Starling; Chestnut-bellied Sandgrouse; Common Hoopoe; Eastern Cattle-Egret; Eurasian Collared-Dove; Eurasian Spoonbill; European Roller; Gray-necked Bunting; Gray Francolin; Gray Heron; Great Egret; Green Sandpiper; Indian Peafowl; Indian Pond-Heron; Indian Roller; Laughing Dove; Little Egret; Little Grebe; Pied Kingfisher; Red-naped Ibis; Red-vented Bulbul; Red-wattled Lapwing; Red Collared-Dove; Siberian Stonechat; Western Reef-Heron; White-eared Bulbul; White-throated Kingfisher; Wire-tailed Swallow; Wood Sandpiper; Yellow-crowned Woodpecker","n_species":37,"focal_species_seen":"European Roller","focal_species_slugs":"european-roller","has_focal":true,"GRID_CODE":"GJ-KU-ABD-043","DISTRICT":"Kachchh","BLOCK":"Abdasa"},"geometry":{"type":"Point","coordinates":[69.1810985,23.2853383]}},{"type":"Feature","properties":{"GROUP.ID":"G10879388","LOCALITY":"PMC2023_T31_G7","LATITUDE":23.364705,"LONGITUDE":70.120765,"OBSERVATION.DATE":"2023-09-23","OBSERVER.ID":"obsr1155883","DURATION.MINUTES":38.0,"SAMPLING.EVENT.IDENTIFIER":"S150543472","species_list":"Ashy-crowned Sparrow-Lark; Asian Green Bee-eater; Barn Swallow; Bay-backed Shrike; Black-headed Ibis; Chestnut-bellied Sandgrouse; Common Kingfisher; Common Sandpiper; Dusky Crag-Martin; Eastern Red-rumped Swallow; Eurasian Collared-Dove; Eurasian Coot; European Roller; Lesser Whistling-Duck; Little Egret; Little Grebe; Long-billed Pipit; Paddyfield Pipit; Plain Prinia; Red-wattled Lapwing; Red Collared-Dove; Shikra; Siberian Stonechat; Tree Pipit; White-breasted Waterhen","n_species":25,"focal_species_seen":"European Roller","focal_species_slugs":"european-roller","has_focal":true,"GRID_CODE":"GJ-KU-ANJ-001","DISTRICT":"Kachchh","BLOCK":"Anjar"},"geometry":{"type":"Point","coordinates":[70.120765,23.364705]}},{"type":"Feature","properties":{"GROUP.ID":"G10890983","LOCALITY":"PMC2023_T7G6","LATITUDE":23.7627537,"LONGITUDE":69.3256977,"OBSERVATION.DATE":"2023-09-23","OBSERVER.ID":"obsr696747","DURATION.MINUTES":24.0,"SAMPLING.EVENT.IDENTIFIER":"S150545583","species_list":"Rufous-tailed Scrub-Robin","n_species":1,"focal_species_seen":"Rufous-tailed Scrub-Robin","focal_species_slugs":"rufous-tailed-scrub-robin","has_focal":true,"GRID_CODE":"GJ-KU-RAN-501","DISTRICT":"Kachchh","BLOCK":"Rann of Kachchh"},"geometry":{"type":"Point","coordinates":[69.3256977,23.7627537]}},{"type":"Feature","properties":{"GROUP.ID":"G10879087","LOCALITY":"PMC2023_T15G1","LATITUDE":22.9711178,"LONGITUDE":69.5342665,"OBSERVATION.DATE":"2023-09-23","OBSERVER.ID":"obsr2335329","DURATION.MINUTES":42.0,"SAMPLING.EVENT.IDENTIFIER":"S150546015","species_list":"Ashy-crowned Sparrow-Lark; Asian Green Bee-eater; Bay-backed Shrike; Baya Weaver; Black Drongo; Common Babbler; Common Hoopoe; Common Kingfisher; Common Woodshrike; Eastern Cattle-Egret; Eurasian Collared-Dove; Gray-breasted Prinia; Gray Francolin; Great Egret; House Sparrow; Indian Bushlark; Indian Robin; Indian Roller; Indian Thick-knee; Laughing Dove; Lesser Whistling-Duck; Little Cormorant; Pied Kingfisher; Purple Sunbird; Red-vented Bulbul; Red-wattled Lapwing; Red Collared-Dove; Rosy Starling; Spotted Flycatcher; White-eared Bulbul; White-throated Kingfisher","n_species":31,"focal_species_seen":"Spotted Flycatcher","focal_species_slugs":"spotted-flycatcher","has_focal":true,"GRID_CODE":"GJ-KU-MUN-003","DISTRICT":"Kachchh","BLOCK":"Mundra"},"geometry":{"type":"Point","coordinates":[69.5342665,22.9711178]}},{"type":"Feature","properties":{"GROUP.ID":"G10886453","LOCALITY":"PMS2023-T3G3","LATITUDE":23.481628,"LONGITUDE":68.582832,"OBSERVATION.DATE":"2023-09-23","OBSERVER.ID":"obsr1777443","DURATION.MINUTES":24.0,"SAMPLING.EVENT.IDENTIFIER":"S150546640","species_list":"Ashy-crowned Sparrow-Lark; Asian Green Bee-eater; Black-winged Kite; Black Drongo; Black Francolin; Common Babbler; Common Cuckoo; Common Myna; Eastern Cattle-Egret; Eurasian Collared-Dove; European Roller; Gray Francolin; Greater Whitethroat; House Crow; Indian Bushlark; Indian Robin; Jungle Prinia; Laughing Dove; Lesser Whitethroat; Oriental Darter; Plain Prinia; Purple Sunbird; Red-vented Bulbul; Rosy Starling; Rufous-fronted Prinia","n_species":25,"focal_species_seen":"Common Cuckoo; European Roller; Greater Whitethroat","focal_species_slugs":"common-cuckoo;european-roller;greater-whitethroat","has_focal":true,"GRID_CODE":"GJ-KU-ABD-001","DISTRICT":"Kachchh","BLOCK":"Abdasa"},"geometry":{"type":"Point","coordinates":[68.582832,23.481628]}},{"type":"Feature","properties":{"GROUP.ID":"G10880464","LOCALITY":"PMC2023_T12G6","LATITUDE":23.2943517,"LONGITUDE":69.2721633,"OBSERVATION.DATE":"2023-09-23","OBSERVER.ID":"obsr2061595","DURATION.MINUTES":43.0,"SAMPLING.EVENT.IDENTIFIER":"S150550510","species_list":"Asian Green Bee-eater; Bay-backed Shrike; Baya Weaver; Black Drongo; Common Babbler; Common Hoopoe; Eastern Orphean Warbler; Eastern Red-rumped Swallow; Gray-breasted Prinia; Gray Francolin; Indian Peafowl; Indian Silverbill; Lesser Whitethroat; Purple Sunbird; Red-vented Bulbul; Red-wattled Lapwing; Rufous-fronted Prinia; Small Minivet; Spotted Flycatcher; White-eared Bulbul; Wire-tailed Swallow; Yellow-throated Sparrow","n_species":22,"focal_species_seen":"Spotted Flycatcher","focal_species_slugs":"spotted-flycatcher","has_focal":true,"GRID_CODE":"GJ-KU-NAK-057","DISTRICT":"Kachchh","BLOCK":"Nakhatrana"},"geometry":{"type":"Point","coordinates":[69.2721633,23.2943517]}},{"type":"Feature","properties":{"GROUP.ID":"G10880463","LOCALITY":"PMC2023_T12G7","LATITUDE":23.2466266,"LONGITUDE":69.3941331,"OBSERVATION.DATE":"2023-09-23","OBSERVER.ID":"obsr2061595","DURATION.MINUTES":43.0,"SAMPLING.EVENT.IDENTIFIER":"S150551133","species_list":"Asian Green Bee-eater; Barn Swallow; Bay-backed Shrike; Black-winged Kite; Black-winged Stilt; Common Babbler; Eastern Cattle-Egret; Eastern Red-rumped Swallow; Eurasian Sparrowhawk; European Roller; Glossy Ibis; Gray-breasted Prinia; Indian Robin; Indian Silverbill; Lesser Whistling-Duck; Lesser Whitethroat; Little Cormorant; Little Egret; Little Swift; Oriental Darter; Purple Sunbird; Red-vented Bulbul; Red-wattled Lapwing; River Tern; Rosy Starling; Rufous-fronted Prinia; Shikra; White-eared Bulbul; White-throated Kingfisher; Yellow-wattled Lapwing","n_species":30,"focal_species_seen":"European Roller","focal_species_slugs":"european-roller","has_focal":true,"GRID_CODE":"GJ-KU-NAK-063","DISTRICT":"Kachchh","BLOCK":"Nakhatrana"},"geometry":{"type":"Point","coordinates":[69.3941331,23.2466266]}},{"type":"Feature","properties":{"GROUP.ID":"G10879172","LOCALITY":"PMC2023_T9G3","LATITUDE":23.1376983,"LONGITUDE":68.7831005,"OBSERVATION.DATE":"2023-09-23","OBSERVER.ID":"obsr494050","DURATION.MINUTES":45.0,"SAMPLING.EVENT.IDENTIFIER":"S150551207","species_list":"Asian Green Bee-eater; Bank Myna; Barn Swallow; Bay-backed Shrike; Black-winged Stilt; Common Babbler; Common Sandpiper; Common Tailorbird; Eastern Cattle-Egret; Eastern Red-rumped Swallow; Eurasian Collared-Dove; European Roller; Gray Francolin; Gull-billed Tern; House Sparrow; Indian Pond-Heron; Indian Robin; Indian Silverbill; Laughing Dove; Little Egret; Little Stint; Little Tern; Painted Stork; Pied Cuckoo; Pied Kingfisher; Plain Prinia; Purple Sunbird; Red-wattled Lapwing; River Tern; Rosy Starling; Rufous-fronted Prinia; Spotted Flycatcher; Western Yellow Wagtail; Whiskered Tern; White-eared Bulbul; White-tailed Iora; White-throated Kingfisher; White-winged Tern; Wire-tailed Swallow","n_species":39,"focal_species_seen":"European Roller; Spotted Flycatcher","focal_species_slugs":"european-roller;spotted-flycatcher","has_focal":true,"GRID_CODE":"GJ-KU-ABD-070","DISTRICT":"Kachchh","BLOCK":"Abdasa"},"geometry":{"type":"Point","coordinates":[68.7831005,23.1376983]}},{"type":"Feature","properties":{"GROUP.ID":"G10879173","LOCALITY":"PMC2023_T9G2","LATITUDE":23.083783,"LONGITUDE":68.8083838,"OBSERVATION.DATE":"2023-09-23","OBSERVER.ID":"obsr494050","DURATION.MINUTES":38.0,"SAMPLING.EVENT.IDENTIFIER":"S150551220","species_list":"Asian Green Bee-eater; Asian Koel; Bay-backed Shrike; Baya Weaver; Black-winged Stilt; Black Drongo; Common Babbler; Common Myna; Common Sandpiper; Eastern Cattle-Egret; European Roller; Gray Francolin; Gray Heron; Great Egret; Green Sandpiper; Green Warbler; Indian Peafowl; Indian Pond-Heron; Indian Spot-billed Duck; Laughing Dove; Little Cormorant; Little Swift; Painted Stork; Pied Kingfisher; Plain Prinia; Purple Sunbird; Red-vented Bulbul; Red-wattled Lapwing; Red Collared-Dove; River Tern; Rosy Starling; Shikra; Spotted Flycatcher; Western Reef-Heron; Whiskered Tern; White-eared Bulbul; White-tailed Iora; White-throated Kingfisher; Wire-tailed Swallow","n_species":39,"focal_species_seen":"European Roller; Spotted Flycatcher","focal_species_slugs":"european-roller;spotted-flycatcher","has_focal":true,"GRID_CODE":"GJ-KU-ABD-079","DISTRICT":"Kachchh","BLOCK":"Abdasa"},"geometry":{"type":"Point","coordinates":[68.8083838,23.083783]}},{"type":"Feature","properties":{"GROUP.ID":"G10879454","LOCALITY":"PMC2023_T25G1","LATITUDE":23.8341756,"LONGITUDE":70.3733687,"OBSERVATION.DATE":"2023-09-23","OBSERVER.ID":"obsr604291","DURATION.MINUTES":70.0,"SAMPLING.EVENT.IDENTIFIER":"S150552505","species_list":"Ashy-crowned Sparrow-Lark; Asian Green Bee-eater; Barn Swallow; Baya Weaver; Black-headed Bunting; Black-winged Stilt; Chestnut-bellied Sandgrouse; Common Babbler; Common Hoopoe; Eastern Red-rumped Swallow; Eurasian Collared-Dove; European Roller; Greater Flamingo; Green-winged Teal; House Sparrow; Laughing Dove; Plain Prinia; Red Collared-Dove; Rosy Starling; Rufous-tailed Lark; Western Marsh Harrier; Whiskered Tern; Yellow-throated Sparrow; Zitting Cisticola","n_species":24,"focal_species_seen":"European Roller","focal_species_slugs":"european-roller","has_focal":true,"GRID_CODE":"GJ-KU-BHA-011","DISTRICT":"Kachchh","BLOCK":"Bhachau"},"geometry":{"type":"Point","coordinates":[70.3733687,23.8341756]}},{"type":"Feature","properties":{"GROUP.ID":"G10879453","LOCALITY":"PMC2023_T25G4","LATITUDE":23.8377057,"LONGITUDE":70.375084,"OBSERVATION.DATE":"2023-09-23","OBSERVER.ID":"obsr604291","DURATION.MINUTES":40.0,"SAMPLING.EVENT.IDENTIFIER":"S150552927","species_list":"Ashy-crowned Sparrow-Lark; Asian Green Bee-eater; Baya Weaver; Black Drongo; Common Babbler; Eurasian Collared-Dove; Eurasian Wryneck; European Roller; Gray Francolin; Indian Robin; Indian Silverbill; Indian Spot-billed Duck; Laughing Dove; Little Egret; Little Grebe; Medium Egret; Purple Sunbird; Red-vented Bulbul; Red-wattled Lapwing; Red Collared-Dove; Spotted Flycatcher; Western Marsh Harrier; White-eared Bulbul; White-throated Kingfisher; Yellow-throated Sparrow","n_species":25,"focal_species_seen":"European Roller; Spotted Flycatcher","focal_species_slugs":"european-roller;spotted-flycatcher","has_focal":true,"GRID_CODE":"GJ-KU-BHA-011","DISTRICT":"Kachchh","BLOCK":"Bhachau"},"geometry":{"type":"Point","coordinates":[70.375084,23.8377057]}},{"type":"Feature","properties":{"GROUP.ID":"G11190399","LOCALITY":"PMC2023_T8G3","LATITUDE":23.5423633,"LONGITUDE":69.2726883,"OBSERVATION.DATE":"2023-09-23","OBSERVER.ID":"obsr1588246","DURATION.MINUTES":36.0,"SAMPLING.EVENT.IDENTIFIER":"S150553229","species_list":"Asian Green Bee-eater; Baya Weaver; Black Drongo; Common Babbler; Common Sandpiper; Common Tailorbird; Dusky Crag-Martin; Eastern Red-rumped Swallow; Eurasian Collared-Dove; Eurasian Spoonbill; European Roller; Gray Francolin; House Crow; House Sparrow; Indian Robin; Indian Silverbill; Isabelline Shrike; Pied Kingfisher; Plain Prinia; Purple Sunbird; Red-vented Bulbul; Red-wattled Lapwing; River Tern; Rosy Starling; White-breasted Waterhen; White-browed Wagtail; White-eared Bulbul; White-throated Kingfisher; Wire-tailed Swallow","n_species":29,"focal_species_seen":"European Roller","focal_species_slugs":"european-roller","has_focal":true,"GRID_CODE":"GJ-KU-NAK-014","DISTRICT":"Kachchh","BLOCK":"Nakhatrana"},"geometry":{"type":"Point","coordinates":[69.2726883,23.5423633]}},{"type":"Feature","properties":{"GROUP.ID":"G10879452","LOCALITY":"PMC2023_T25G6","LATITUDE":23.8761195,"LONGITUDE":70.3432634,"OBSERVATION.DATE":"2023-09-23","OBSERVER.ID":"obsr604291","DURATION.MINUTES":36.0,"SAMPLING.EVENT.IDENTIFIER":"S150553559","species_list":"Ashy-crowned Sparrow-Lark; Asian Green Bee-eater; Bay-backed Shrike; Common Babbler; Common Tailorbird; Eastern Cattle-Egret; Eurasian Collared-Dove; Eurasian Wryneck; Gray Francolin; Greater Coucal; House Sparrow; Indian Robin; Indian Silverbill; Laughing Dove; Lesser Whitethroat; Purple Sunbird; Red-vented Bulbul; Red-wattled Lapwing; Rose-ringed Parakeet; White-eared Bulbul; Wire-tailed Swallow","n_species":21,"focal_species_seen":"","focal_species_slugs":"","has_focal":false,"GRID_CODE":"GJ-KU-BHA-005","DISTRICT":"Kachchh","BLOCK":"Bhachau"},"geometry":{"type":"Point","coordinates":[70.3432634,23.8761195]}},{"type":"Feature","properties":{"GROUP.ID":"G10879335","LOCALITY":"PMC2023_T20G4","LATITUDE":23.0402213,"LONGITUDE":70.0450165,"OBSERVATION.DATE":"2023-09-23","OBSERVER.ID":"obsr1326084","DURATION.MINUTES":57.0,"SAMPLING.EVENT.IDENTIFIER":"S150554005","species_list":"Ashy-crowned Sparrow-Lark; Asian Green Bee-eater; Black-winged Stilt; Blue-cheeked Bee-eater; Common Babbler; Crested Lark; Eurasian Collared-Dove; Gray-breasted Prinia; Gray Heron; Indian Bushlark; Indian Pond-Heron; Indian Robin; Laughing Dove; Little Cormorant; Little Egret; Little Grebe; Little Ringed Plover; Paddyfield Pipit; Pied Kingfisher; Red-wattled Lapwing; River Tern; Rufous-tailed Lark; Whiskered Tern; Wire-tailed Swallow","n_species":24,"focal_species_seen":"Blue-cheeked Bee-eater","focal_species_slugs":"blue-cheeked-bee-eater","has_focal":true,"GRID_CODE":"GJ-KU-GAN-004","DISTRICT":"Kachchh","BLOCK":"Gandhidham"},"geometry":{"type":"Point","coordinates":[70.0450165,23.0402213]}},{"type":"Feature","properties":{"GROUP.ID":"G10880676","LOCALITY":"PMC_23 T5G1","LATITUDE":23.432895,"LONGITUDE":68.854121,"OBSERVATION.DATE":"2023-09-23","OBSERVER.ID":"obsr1662974","DURATION.MINUTES":35.0,"SAMPLING.EVENT.IDENTIFIER":"S150554556","species_list":"Ashy-crowned Sparrow-Lark; Asian Green Bee-eater; Bay-backed Shrike; Black-headed Bunting; Black Drongo; Black Francolin; Common Babbler; Eastern Red-rumped Swallow; Eurasian Collared-Dove; European Roller; House Crow; Indian Bushlark; Indian Robin; Indian Silverbill; Laughing Dove; Long-tailed Shrike; Red-vented Bulbul; Red Collared-Dove; Spotted Flycatcher; White-eared Bulbul","n_species":20,"focal_species_seen":"European Roller; Spotted Flycatcher","focal_species_slugs":"european-roller;spotted-flycatcher","has_focal":true,"GRID_CODE":"GJ-KU-ABD-008","DISTRICT":"Kachchh","BLOCK":"Abdasa"},"geometry":{"type":"Point","coordinates":[68.854121,23.432895]}},{"type":"Feature","properties":{"GROUP.ID":"G10880675","LOCALITY":"PMC_23 T5G2","LATITUDE":23.423372,"LONGITUDE":68.929426,"OBSERVATION.DATE":"2023-09-23","OBSERVER.ID":"obsr1662974","DURATION.MINUTES":25.0,"SAMPLING.EVENT.IDENTIFIER":"S150556411","species_list":"Asian Green Bee-eater; Bay-backed Shrike; Baya Weaver; Black Francolin; Common Babbler; Gray Francolin; Laughing Dove; Purple Sunbird; Rosy Starling; Wire-tailed Swallow","n_species":10,"focal_species_seen":"","focal_species_slugs":"","has_focal":false,"GRID_CODE":"GJ-KU-LAK-075","DISTRICT":"Kachchh","BLOCK":"Lakhpat"},"geometry":{"type":"Point","coordinates":[68.929426,23.423372]}},{"type":"Feature","properties":{"GROUP.ID":"G10884446","LOCALITY":"PMC2023_T6G4","LATITUDE":23.3440067,"LONGITUDE":68.6910138,"OBSERVATION.DATE":"2023-09-23","OBSERVER.ID":"obsr701947","DURATION.MINUTES":58.0,"SAMPLING.EVENT.IDENTIFIER":"S150565996","species_list":"Asian Green Bee-eater; Asian Koel; Barn Swallow; Bay-backed Shrike; Black-tailed Godwit; Common Babbler; Common Greenshank; Common Tailorbird; Curlew Sandpiper; Dunlin; Eastern Cattle-Egret; Eastern Orphean Warbler; Eurasian Collared-Dove; Eurasian Spoonbill; Gray-breasted Prinia; Greater Whitethroat; Gull-billed Tern; House Crow; House Sparrow; Indian Robin; Indian Silverbill; Laughing Dove; Little Cormorant; Little Heron; Little Ringed Plover; Little Stint; Painted Stork; Pied Cuckoo; Purple Sunbird; Red-vented Bulbul; Red-wattled Lapwing; River Tern; Rose-ringed Parakeet; Rosy Starling; Sand Lark; Streak-throated Swallow; Western Reef-Heron; White-eared Bulbul; Wire-tailed Swallow; Wood Sandpiper","n_species":40,"focal_species_seen":"Greater Whitethroat","focal_species_slugs":"greater-whitethroat","has_focal":true,"GRID_CODE":"GJ-KU-ABD-021","DISTRICT":"Kachchh","BLOCK":"Abdasa"},"geometry":{"type":"Point","coordinates":[68.6910138,23.3440067]}},{"type":"Feature","properties":{"GROUP.ID":"G10879999","LOCALITY":"PMC2023_T16G2","LATITUDE":23.362214,"LONGITUDE":69.322907,"OBSERVATION.DATE":"2023-09-23","OBSERVER.ID":"obsr226203","DURATION.MINUTES":48.0,"SAMPLING.EVENT.IDENTIFIER":"S150566302","species_list":"Asian Green Bee-eater; Bay-backed Shrike; Black Drongo; Common Babbler; Common Tailorbird; Common Woodshrike; Eastern Red-rumped Swallow; Eurasian Collared-Dove; Eurasian Wryneck; European Roller; Gray-breasted Prinia; Gray Francolin; House Sparrow; Indian Bushlark; Indian Robin; Indian Silverbill; Laughing Dove; Plain Prinia; Purple Sunbird; Red-vented Bulbul; Red-wattled Lapwing; Rufous-fronted Prinia; Small Minivet; White-eared Bulbul; White-tailed Iora; Yellow-crowned Woodpecker","n_species":26,"focal_species_seen":"European Roller","focal_species_slugs":"european-roller","has_focal":true,"GRID_CODE":"GJ-KU-NAK-046","DISTRICT":"Kachchh","BLOCK":"Nakhatrana"},"geometry":{"type":"Point","coordinates":[69.322907,23.362214]}},{"type":"Feature","properties":{"GROUP.ID":"G10884445","LOCALITY":"PMC2023_T6G7","LATITUDE":23.3686088,"LONGITUDE":68.7179429,"OBSERVATION.DATE":"2023-09-23","OBSERVER.ID":"obsr701947","DURATION.MINUTES":47.0,"SAMPLING.EVENT.IDENTIFIER":"S150566356","species_list":"Barred Buttonquail; Baya Weaver; Black-crowned Night Heron; Black-headed Ibis; Black-winged Stilt; Common Babbler; Common Tailorbird; Eurasian Collared-Dove; Glossy Ibis; Gray-breasted Prinia; Gray Francolin; Indian Silverbill; Laughing Dove; Painted Stork; Plain Prinia; Purple Sunbird; Red-vented Bulbul; Red-wattled Lapwing; Red Collared-Dove; White-eyed Buzzard; White-tailed Iora; Yellow-eyed Babbler; Zitting Cisticola","n_species":23,"focal_species_seen":"","focal_species_slugs":"","has_focal":false,"GRID_CODE":"GJ-KU-ABD-013","DISTRICT":"Kachchh","BLOCK":"Abdasa"},"geometry":{"type":"Point","coordinates":[68.7179429,23.3686088]}},{"type":"Feature","properties":{"GROUP.ID":"G10884444","LOCALITY":"PMC2023_T6G5","LATITUDE":23.3516907,"LONGITUDE":68.771298,"OBSERVATION.DATE":"2023-09-23","OBSERVER.ID":"obsr701947","DURATION.MINUTES":36.0,"SAMPLING.EVENT.IDENTIFIER":"S150566712","species_list":"Asian Green Bee-eater; Bank Myna; Black-headed Gull; Brahminy Starling; Eurasian Collared-Dove; Gray Francolin; House Crow; Indian Peafowl; Indian Robin; Laughing Dove; Little Cormorant; Plain Prinia; Purple Sunbird; Red-vented Bulbul; Rosy Starling; Streak-throated Swallow; White-breasted Waterhen; White-eared Bulbul; White-throated Kingfisher","n_species":19,"focal_species_seen":"","focal_species_slugs":"","has_focal":false,"GRID_CODE":"GJ-KU-ABD-023","DISTRICT":"Kachchh","BLOCK":"Abdasa"},"geometry":{"type":"Point","coordinates":[68.771298,23.3516907]}},{"type":"Feature","properties":{"GROUP.ID":"G10880004","LOCALITY":"PMC2023_T16G4","LATITUDE":23.416853,"LONGITUDE":69.305718,"OBSERVATION.DATE":"2023-09-23","OBSERVER.ID":"obsr226203","DURATION.MINUTES":42.0,"SAMPLING.EVENT.IDENTIFIER":"S150566796","species_list":"Ashy-crowned Sparrow-Lark; Asian Green Bee-eater; Baya Weaver; Black Francolin; Common Babbler; Common Cuckoo; Common Sandpiper; Eastern Cattle-Egret; Eurasian Collared-Dove; Eurasian Spoonbill; European Roller; Gray-breasted Prinia; Gray Francolin; House Sparrow; Indian Robin; Indian Silverbill; Laughing Dove; Long-tailed Shrike; Purple Sunbird; Red-vented Bulbul; Red-wattled Lapwing; Rosy Starling; Shikra; Spotted Flycatcher; White-eared Bulbul; White-tailed Iora; Wire-tailed Swallow","n_species":27,"focal_species_seen":"Common Cuckoo; European Roller; Spotted Flycatcher","focal_species_slugs":"common-cuckoo;european-roller;spotted-flycatcher","has_focal":true,"GRID_CODE":"GJ-KU-NAK-034","DISTRICT":"Kachchh","BLOCK":"Nakhatrana"},"geometry":{"type":"Point","coordinates":[69.305718,23.416853]}},{"type":"Feature","properties":{"GROUP.ID":"G10884443","LOCALITY":"PMC2023_T6G2","LATITUDE":23.2281751,"LONGITUDE":68.6202121,"OBSERVATION.DATE":"2023-09-23","OBSERVER.ID":"obsr701947","DURATION.MINUTES":45.0,"SAMPLING.EVENT.IDENTIFIER":"S150567309","species_list":"Asian Green Bee-eater; Common Kingfisher; Common Redshank; Common Sandpiper; Eastern Red-rumped Swallow; Eurasian Curlew; Eurasian Whimbrel; Gray Heron; Greater Flamingo; Green Sandpiper; Gull-billed Tern; House Crow; House Sparrow; Indian Pond-Heron; Little Heron; Little Ringed Plover; Little Stint; Marsh Sandpiper; Pied Avocet; Red-wattled Lapwing; Rose-ringed Parakeet; Ruddy Turnstone; Tibetan Sand-Plover; Western Reef-Heron; Western Yellow Wagtail","n_species":25,"focal_species_seen":"","focal_species_slugs":"","has_focal":false,"GRID_CODE":"GJ-KU-ABD-044","DISTRICT":"Kachchh","BLOCK":"Abdasa"},"geometry":{"type":"Point","coordinates":[68.6202121,23.2281751]}},{"type":"Feature","properties":{"GROUP.ID":"G10879997","LOCALITY":"PMC2023_T16G7","LATITUDE":23.46216,"LONGITUDE":69.335189,"OBSERVATION.DATE":"2023-09-23","OBSERVER.ID":"obsr226203","DURATION.MINUTES":43.0,"SAMPLING.EVENT.IDENTIFIER":"S150568160","species_list":"Common Babbler; Common Woodshrike; Eastern Red-rumped Swallow; Gray-breasted Prinia; Gray Francolin; Laughing Dove; Lesser Whitethroat; Little Swift; Purple Sunbird; Red-vented Bulbul; Small Minivet; Spotted Flycatcher; White-bellied Minivet; White-eared Bulbul; White-tailed Iora","n_species":15,"focal_species_seen":"Spotted Flycatcher","focal_species_slugs":"spotted-flycatcher","has_focal":true,"GRID_CODE":"GJ-KU-NAK-023","DISTRICT":"Kachchh","BLOCK":"Nakhatrana"},"geometry":{"type":"Point","coordinates":[69.335189,23.46216]}},{"type":"Feature","properties":{"GROUP.ID":"G10880028","LOCALITY":"PMC2023_T16G5","LATITUDE":23.417502,"LONGITUDE":69.365525,"OBSERVATION.DATE":"2023-09-23","OBSERVER.ID":"obsr226203","DURATION.MINUTES":42.0,"SAMPLING.EVENT.IDENTIFIER":"S150568490","species_list":"Ashy-crowned Sparrow-Lark; Asian Green Bee-eater; Common Babbler; Common Hoopoe; Common Tailorbird; Eastern Cattle-Egret; Eurasian Wryneck; European Roller; Gray Francolin; Indian Peafowl; Indian Robin; Purple Sunbird; Red-vented Bulbul; Red-wattled Lapwing; Small Minivet; Spotted Flycatcher; Variable Wheatear; White-eared Bulbul; White-tailed Iora","n_species":19,"focal_species_seen":"European Roller; Spotted Flycatcher","focal_species_slugs":"european-roller;spotted-flycatcher","has_focal":true,"GRID_CODE":"GJ-KU-NAK-036","DISTRICT":"Kachchh","BLOCK":"Nakhatrana"},"geometry":{"type":"Point","coordinates":[69.365525,23.417502]}},{"type":"Feature","properties":{"GROUP.ID":"G10880018","LOCALITY":"PMC2023_T10G6","LATITUDE":23.3722946,"LONGITUDE":69.1779456,"OBSERVATION.DATE":"2023-09-23","OBSERVER.ID":"obsr1278723","DURATION.MINUTES":57.0,"SAMPLING.EVENT.IDENTIFIER":"S150568571","species_list":"Bay-backed Shrike; Black Drongo; Blue-cheeked Bee-eater; Chestnut-bellied Sandgrouse; Common Babbler; Great White Pelican; House Sparrow; Indian Robin; Indian Roller; Indian Silverbill; Laughing Dove; Little Egret; Purple Sunbird; Red-vented Bulbul; Red-wattled Lapwing; Rosy Starling; White-naped Tit","n_species":17,"focal_species_seen":"Blue-cheeked Bee-eater","focal_species_slugs":"blue-cheeked-bee-eater","has_focal":true,"GRID_CODE":"GJ-KU-NAK-043","DISTRICT":"Kachchh","BLOCK":"Nakhatrana"},"geometry":{"type":"Point","coordinates":[69.1779456,23.3722946]}},{"type":"Feature","properties":{"GROUP.ID":"G10880025","LOCALITY":"PMC2023_T16G3","LATITUDE":23.393496,"LONGITUDE":69.407665,"OBSERVATION.DATE":"2023-09-23","OBSERVER.ID":"obsr226203","DURATION.MINUTES":46.0,"SAMPLING.EVENT.IDENTIFIER":"S150568624","species_list":"Asian Green Bee-eater; Common Cuckoo; Common Tailorbird; Eastern Red-rumped Swallow; Eurasian Sparrowhawk; Eurasian Wryneck; European Roller; Gray-breasted Prinia; Gray Francolin; Greater Whitethroat; Indian Robin; Indian Silverbill; Jungle Prinia; Laughing Dove; Purple Sunbird; Red-vented Bulbul; Rose-ringed Parakeet; Small Minivet; White-eared Bulbul; White-tailed Iora","n_species":20,"focal_species_seen":"Common Cuckoo; European Roller; Greater Whitethroat","focal_species_slugs":"common-cuckoo;european-roller;greater-whitethroat","has_focal":true,"GRID_CODE":"GJ-KU-NAK-048","DISTRICT":"Kachchh","BLOCK":"Nakhatrana"},"geometry":{"type":"Point","coordinates":[69.407665,23.393496]}},{"type":"Feature","properties":{"GROUP.ID":"G10880188","LOCALITY":"Passage Migrant Count - 2023 T13G8","LATITUDE":22.9105224,"LONGITUDE":69.2020423,"OBSERVATION.DATE":"2023-09-23","OBSERVER.ID":"obsr2176608","DURATION.MINUTES":60.0,"SAMPLING.EVENT.IDENTIFIER":"S150571331","species_list":"Ashy-crowned Sparrow-Lark; Asian Green Bee-eater; Barred Buttonquail; Bay-backed Shrike; Baya Weaver; Black-winged Stilt; Black Drongo; Blyth's Reed Warbler; Chestnut-bellied Sandgrouse; Common Babbler; Common Hoopoe; Common Tailorbird; Delicate Prinia; Eastern Cattle-Egret; Eastern Red-rumped Swallow; Eurasian Collared-Dove; Eurasian Wryneck; European Roller; Gray-breasted Prinia; Gray-headed Swamphen; Gray Francolin; Indian Bushlark; Indian Pond-Heron; Indian Robin; Indian Silverbill; Laughing Dove; Lesser Whistling-Duck; Lesser Whitethroat; Little Cormorant; Little Egret; Long-tailed Shrike; Oriental Darter; Paddyfield Pipit; Pied Cuckoo; Plain Prinia; Purple Sunbird; Rain Quail; Red-naped Ibis; Red-vented Bulbul; Red-wattled Lapwing; Rosy Starling; Rufous-fronted Prinia; Siberian Stonechat; Streak-throated Swallow; Sykes's Warbler; Western Yellow Wagtail; White-tailed Iora; White-throated Kingfisher; Wood Sandpiper; Yellow-wattled Lapwing; Zitting Cisticola","n_species":51,"focal_species_seen":"European Roller","focal_species_slugs":"european-roller","has_focal":true,"GRID_CODE":"GJ-KU-MAN-029","DISTRICT":"Kachchh","BLOCK":"Mandvi"},"geometry":{"type":"Point","coordinates":[69.2020423,22.9105224]}},{"type":"Feature","properties":{"GROUP.ID":"G10880284","LOCALITY":"Passage Migrant Bird Count - 2023 T13G3","LATITUDE":22.8463471,"LONGITUDE":69.3094444,"OBSERVATION.DATE":"2023-09-23","OBSERVER.ID":"obsr2176608","DURATION.MINUTES":48.0,"SAMPLING.EVENT.IDENTIFIER":"S150571885","species_list":"Ashy-crowned Sparrow-Lark; Bay-backed Shrike; Black Drongo; Chestnut-bellied Sandgrouse; Collared Pratincole; Common Babbler; Common Hoopoe; Eastern Cattle-Egret; Eurasian Collared-Dove; Eurasian Spoonbill; Eurasian Wryneck; European Roller; Gray Francolin; Greater Short-toed Lark; Green Sandpiper; Gull-billed Tern; House Crow; Indian Pond-Heron; Indian Robin; Indian Silverbill; Laughing Dove; Little Swift; Long-tailed Shrike; Oriental Honey-buzzard; Paddyfield Pipit; Painted Stork; Pied Cuckoo; Purple Sunbird; Red-backed Shrike; Red-naped Ibis; Red-wattled Lapwing; Red Collared-Dove; River Tern; Rosy Starling; Rufous-tailed Scrub-Robin; Sykes's Warbler; Western Marsh Harrier; White-eared Bulbul; White-throated Kingfisher","n_species":39,"focal_species_seen":"European Roller; Red-backed Shrike; Rufous-tailed Scrub-Robin","focal_species_slugs":"european-roller;red-backed-shrike;rufous-tailed-scrub-robin","has_focal":true,"GRID_CODE":"GJ-KU-MAN-048","DISTRICT":"Kachchh","BLOCK":"Mandvi"},"geometry":{"type":"Point","coordinates":[69.3094444,22.8463471]}},{"type":"Feature","properties":{"GROUP.ID":"G10880416","LOCALITY":"PMC2023_T14G2","LATITUDE":22.9700172,"LONGITUDE":69.4258366,"OBSERVATION.DATE":"2023-09-23","OBSERVER.ID":"obsr1173703","DURATION.MINUTES":29.0,"SAMPLING.EVENT.IDENTIFIER":"S150572873","species_list":"Asian Green Bee-eater; Baya Weaver; Black-winged Kite; Black Drongo; Common Babbler; Common Tailorbird; Eastern Red-rumped Swallow; Eurasian Collared-Dove; Gray-breasted Prinia; Gray Francolin; House Sparrow; Indian Pond-Heron; Indian Robin; Laughing Dove; Little Swift; Red-vented Bulbul; Red-wattled Lapwing; River Tern; White-eared Bulbul; Wire-tailed Swallow","n_species":20,"focal_species_seen":"","focal_species_slugs":"","has_focal":false,"GRID_CODE":"GJ-KU-MAN-024","DISTRICT":"Kachchh","BLOCK":"Mandvi"},"geometry":{"type":"Point","coordinates":[69.4258366,22.9700172]}},{"type":"Feature","properties":{"GROUP.ID":"G10880414","LOCALITY":"PMC2023_T14G5","LATITUDE":23.0976752,"LONGITUDE":69.4103987,"OBSERVATION.DATE":"2023-09-23","OBSERVER.ID":"obsr1173703","DURATION.MINUTES":47.0,"SAMPLING.EVENT.IDENTIFIER":"S150573340","species_list":"Asian Green Bee-eater; Barred Buttonquail; Baya Weaver; Common Tailorbird; Gray-breasted Prinia; Gray Francolin; Greater Coucal; Indian Golden Oriole; Indian Pond-Heron; Indian Robin; Indian Roller; Laughing Dove; Plain Prinia; Purple Sunbird; Red-naped Ibis; Red-vented Bulbul; Red-wattled Lapwing; Rose-ringed Parakeet; Spotted Flycatcher; Spotted Owlet; Tree Pipit; White-tailed Iora; White-throated Kingfisher; Wire-tailed Swallow","n_species":24,"focal_species_seen":"Spotted Flycatcher","focal_species_slugs":"spotted-flycatcher","has_focal":true,"GRID_CODE":"GJ-KU-MAN-008","DISTRICT":"Kachchh","BLOCK":"Mandvi"},"geometry":{"type":"Point","coordinates":[69.4103987,23.0976752]}},{"type":"Feature","properties":{"GROUP.ID":"G10911571","LOCALITY":"PMC2023_T18G7","LATITUDE":23.3954516,"LONGITUDE":69.6327267,"OBSERVATION.DATE":"2023-09-23","OBSERVER.ID":"obsr2918706","DURATION.MINUTES":34.0,"SAMPLING.EVENT.IDENTIFIER":"S150574495","species_list":"Ashy-crowned Sparrow-Lark; Common Tailorbird; European Roller; Gray Francolin; House Sparrow; Indian Silverbill; Laughing Dove; Red-backed Shrike; Red-vented Bulbul; Red-wattled Lapwing; White-eared Bulbul; White-throated Kingfisher","n_species":12,"focal_species_seen":"European Roller; Red-backed Shrike","focal_species_slugs":"european-roller;red-backed-shrike","has_focal":true,"GRID_CODE":"GJ-KU-BHU-097","DISTRICT":"Kachchh","BLOCK":"Bhuj"},"geometry":{"type":"Point","coordinates":[69.6327267,23.3954516]}},{"type":"Feature","properties":{"GROUP.ID":"G10880548","LOCALITY":"PMC2023_T18G6","LATITUDE":23.3566761,"LONGITUDE":69.6933788,"OBSERVATION.DATE":"2023-09-23","OBSERVER.ID":"obsr2918706","DURATION.MINUTES":45.0,"SAMPLING.EVENT.IDENTIFIER":"S150575956","species_list":"Ashy-crowned Sparrow-Lark; Asian Green Bee-eater; Black-winged Stilt; Eastern Red-rumped Swallow; Gray Francolin; Indian Nightjar; Indian Pond-Heron; Indian Robin; Indian Silverbill; Laughing Dove; Little Cormorant; Medium Egret; Oriental Darter; Purple Heron; Red-wattled Lapwing; White-throated Kingfisher","n_species":16,"focal_species_seen":"","focal_species_slugs":"","has_focal":false,"GRID_CODE":"GJ-KU-BHU-111","DISTRICT":"Kachchh","BLOCK":"Bhuj"},"geometry":{"type":"Point","coordinates":[69.6933788,23.3566761]}},{"type":"Feature","properties":{"GROUP.ID":"G10880557","LOCALITY":"PMC2023_T18G3(23.281, 69.547)","LATITUDE":23.281,"LONGITUDE":69.547,"OBSERVATION.DATE":"2023-09-23","OBSERVER.ID":"obsr2918706","DURATION.MINUTES":50.0,"SAMPLING.EVENT.IDENTIFIER":"S150576270","species_list":"Ashy-crowned Sparrow-Lark; Asian Green Bee-eater; Baya Weaver; Black Drongo; Eastern Cattle-Egret; Eastern Red-rumped Swallow; European Roller; Gray Francolin; Great Egret; Indian Pond-Heron; Indian Robin; Indian Silverbill; Indian Spot-billed Duck; Isabelline Shrike; Laughing Dove; Little Cormorant; Medium Egret; Variable Wheatear; Wire-tailed Swallow","n_species":19,"focal_species_seen":"European Roller","focal_species_slugs":"european-roller","has_focal":true,"GRID_CODE":"GJ-KU-BHU-120","DISTRICT":"Kachchh","BLOCK":"Bhuj"},"geometry":{"type":"Point","coordinates":[69.547,23.281]}},{"type":"Feature","properties":{"GROUP.ID":"G10882639","LOCALITY":"PMC2023_T30G1","LATITUDE":23.1973793,"LONGITUDE":70.541248,"OBSERVATION.DATE":"2023-09-23","OBSERVER.ID":"obsr3561725","DURATION.MINUTES":51.0,"SAMPLING.EVENT.IDENTIFIER":"S150605491","species_list":"Ashy-crowned Sparrow-Lark; Asian Green Bee-eater; Dalmatian Pelican; Eurasian Collared-Dove; Eurasian Spoonbill; Gray Francolin; House Crow; Indian Robin; Laughing Dove; Plain Prinia; Purple Sunbird; Red-wattled Lapwing; Rosy Starling; Spotted Flycatcher; Tree Pipit; White-eared Bulbul","n_species":16,"focal_species_seen":"Spotted Flycatcher","focal_species_slugs":"spotted-flycatcher","has_focal":true,"GRID_CODE":"GJ-KU-BHA-073","DISTRICT":"Kachchh","BLOCK":"Bhachau"},"geometry":{"type":"Point","coordinates":[70.541248,23.1973793]}},{"type":"Feature","properties":{"GROUP.ID":"G10882646","LOCALITY":"PMC2023_T30G4","LATITUDE":23.2747733,"LONGITUDE":70.5754474,"OBSERVATION.DATE":"2023-09-23","OBSERVER.ID":"obsr3561725","DURATION.MINUTES":38.0,"SAMPLING.EVENT.IDENTIFIER":"S150605607","species_list":"Ashy-crowned Sparrow-Lark; Asian Green Bee-eater; Asian Koel; Baya Weaver; Black-winged Kite; Chestnut-bellied Sandgrouse; Common Babbler; Common Tailorbird; Dusky Crag-Martin; Eastern Cattle-Egret; Eastern Red-rumped Swallow; Eurasian Collared-Dove; Gray-breasted Prinia; Great Egret; House Sparrow; Indian Pond-Heron; Indian Robin; Laughing Dove; Little Cormorant; Painted Stork; Plain Prinia; Purple Sunbird; Red-vented Bulbul; Red-wattled Lapwing; River Tern; Rose-ringed Parakeet; Rufous-fronted Prinia; Yellow-throated Sparrow","n_species":28,"focal_species_seen":"","focal_species_slugs":"","has_focal":false,"GRID_CODE":"GJ-KU-BHA-058","DISTRICT":"Kachchh","BLOCK":"Bhachau"},"geometry":{"type":"Point","coordinates":[70.5754474,23.2747733]}},{"type":"Feature","properties":{"GROUP.ID":"G10889809","LOCALITY":"PMC2023_T21G4","LATITUDE":24.050956,"LONGITUDE":69.661585,"OBSERVATION.DATE":"2023-09-23","OBSERVER.ID":"obsr826272","DURATION.MINUTES":36.0,"SAMPLING.EVENT.IDENTIFIER":"S150606250","species_list":"Asian Green Bee-eater; Bay-backed Shrike; Blue-cheeked Bee-eater; Gray-necked Bunting; Gray Francolin; House Crow; Indian Bushlark; Red-wattled Lapwing; Siberian Stonechat; Variable Wheatear; White-throated Kingfisher","n_species":11,"focal_species_seen":"Blue-cheeked Bee-eater","focal_species_slugs":"blue-cheeked-bee-eater","has_focal":true,"GRID_CODE":"GJ-KU-RAN-270","DISTRICT":"Kachchh","BLOCK":"Rann of Kachchh"},"geometry":{"type":"Point","coordinates":[69.661585,24.050956]}},{"type":"Feature","properties":{"GROUP.ID":"G10889808","LOCALITY":"PMC2023_T21G3","LATITUDE":23.991174,"LONGITUDE":69.711389,"OBSERVATION.DATE":"2023-09-23","OBSERVER.ID":"obsr826272","DURATION.MINUTES":39.0,"SAMPLING.EVENT.IDENTIFIER":"S150606485","species_list":"Ashy-crowned Sparrow-Lark; Asian Green Bee-eater; Bay-backed Shrike; Black Drongo; Gray Francolin; Greater Whitethroat; Indian Thick-knee; Paddyfield Pipit; Pied Cuckoo; Red-vented Bulbul; White-eared Bulbul","n_species":11,"focal_species_seen":"Greater Whitethroat","focal_species_slugs":"greater-whitethroat","has_focal":true,"GRID_CODE":"GJ-KU-RAN-324","DISTRICT":"Kachchh","BLOCK":"Rann of Kachchh"},"geometry":{"type":"Point","coordinates":[69.711389,23.991174]}},{"type":"Feature","properties":{"GROUP.ID":"G10884078","LOCALITY":"PMC2023_T15G6","LATITUDE":23.17236,"LONGITUDE":69.5786685,"OBSERVATION.DATE":"2023-09-24","OBSERVER.ID":"obsr2335329","DURATION.MINUTES":39.0,"SAMPLING.EVENT.IDENTIFIER":"S150609033","species_list":"Ashy-crowned Sparrow-Lark; Asian Green Bee-eater; Baya Weaver; Black-winged Stilt; Common Babbler; Eastern Cattle-Egret; Eurasian Collared-Dove; European Roller; Great Gray Shrike; Greater Whitethroat; House Sparrow; Indian Pond-Heron; Indian Robin; Isabelline Shrike; Laughing Dove; Lesser Whistling-Duck; Little Egret; Little Grebe; Purple Sunbird; Red-vented Bulbul; Red-wattled Lapwing; Red Collared-Dove; Rosy Starling; Rufous-tailed Lark; Spotted Flycatcher; Variable Wheatear; White-breasted Waterhen; White-browed Wagtail; White-eared Bulbul; White-throated Kingfisher; Yellow-throated Sparrow","n_species":31,"focal_species_seen":"European Roller; Greater Whitethroat; Spotted Flycatcher","focal_species_slugs":"european-roller;greater-whitethroat;spotted-flycatcher","has_focal":true,"GRID_CODE":"GJ-KU-BHU-145","DISTRICT":"Kachchh","BLOCK":"Bhuj"},"geometry":{"type":"Point","coordinates":[69.5786685,23.17236]}},{"type":"Feature","properties":{"GROUP.ID":"G10883222","LOCALITY":"T29G2Unnamed Road, Kachchh, Gujarat, IN (23.35, 70.615)","LATITUDE":23.349959,"LONGITUDE":70.6146177,"OBSERVATION.DATE":"2023-09-24","OBSERVER.ID":"obsr914590","DURATION.MINUTES":59.0,"SAMPLING.EVENT.IDENTIFIER":"S150610161","species_list":"Ashy-crowned Sparrow-Lark; Barn Swallow; Bay-backed Shrike; Black Francolin; Blyth's Reed Warbler; Common Babbler; Eastern Cattle-Egret; Eurasian Collared-Dove; Eurasian Wryneck; Gray Francolin; Gray Heron; Great Gray Shrike; House Crow; Indian Bushlark; Indian Robin; Indian Silverbill; Jungle Prinia; Laughing Dove; Lesser Whitethroat; Purple Sunbird; Red-backed Shrike; Red-tailed Shrike; Red-vented Bulbul; Red-wattled Lapwing; Small Minivet; Streak-throated Swallow; Tawny Pipit; Variable Wheatear; White-eared Bulbul; Zitting Cisticola","n_species":30,"focal_species_seen":"Red-backed Shrike; Red-tailed Shrike","focal_species_slugs":"red-backed-shrike;red-tailed-shrike","has_focal":true,"GRID_CODE":"GJ-KU-BHA-048","DISTRICT":"Kachchh","BLOCK":"Bhachau"},"geometry":{"type":"Point","coordinates":[70.6146177,23.349959]}},{"type":"Feature","properties":{"GROUP.ID":"G10883408","LOCALITY":"PMC2023_T27G4","LATITUDE":23.5577487,"LONGITUDE":71.1117387,"OBSERVATION.DATE":"2023-09-24","OBSERVER.ID":"obsr1494586","DURATION.MINUTES":63.0,"SAMPLING.EVENT.IDENTIFIER":"S150610821","species_list":"Ashy-crowned Sparrow-Lark; Asian Green Bee-eater; Barn Swallow; Barred Buttonquail; Black Drongo; Blue-cheeked Bee-eater; Common Babbler; Common Hoopoe; Common Tailorbird; Eastern Cattle-Egret; Eurasian Collared-Dove; Eurasian Spoonbill; European Roller; Gray Francolin; Indian Peafowl; Indian Robin; Purple Sunbird; Rosy Starling; Shikra; White-eared Bulbul","n_species":20,"focal_species_seen":"Blue-cheeked Bee-eater; European Roller","focal_species_slugs":"blue-cheeked-bee-eater;european-roller","has_focal":true,"GRID_CODE":"GJ-KU-LIT-031","DISTRICT":"Kachchh","BLOCK":"Little Rann"},"geometry":{"type":"Point","coordinates":[71.1117387,23.5577487]}},{"type":"Feature","properties":{"GROUP.ID":"G11248115","LOCALITY":"Pmc_2023_Team24_Grid1","LATITUDE":23.2641794,"LONGITUDE":69.9160016,"OBSERVATION.DATE":"2023-09-24","OBSERVER.ID":"obsr1206687","DURATION.MINUTES":65.0,"SAMPLING.EVENT.IDENTIFIER":"S150611111","species_list":"Ashy-crowned Sparrow-Lark; Asian Green Bee-eater; Barn Swallow; Eastern Cattle-Egret; Eurasian Collared-Dove; Eurasian Spoonbill; House Sparrow; Indian Robin; Jungle Prinia; Little Cormorant; Purple Sunbird; Red-vented Bulbul; Red-wattled Lapwing; Variable Wheatear","n_species":14,"focal_species_seen":"","focal_species_slugs":"","has_focal":false,"GRID_CODE":"GJ-KU-BHU-128","DISTRICT":"Kachchh","BLOCK":"Bhuj"},"geometry":{"type":"Point","coordinates":[69.9160016,23.2641794]}},{"type":"Feature","properties":{"GROUP.ID":"G10883963","LOCALITY":"PMC_23 T5G4","LATITUDE":23.478646,"LONGITUDE":68.983133,"OBSERVATION.DATE":"2023-09-24","OBSERVER.ID":"obsr1662974","DURATION.MINUTES":40.0,"SAMPLING.EVENT.IDENTIFIER":"S150611826","species_list":"Asian Green Bee-eater; Barred Buttonquail; Bay-backed Shrike; Black-headed Bunting; Black Francolin; Brahminy Starling; Common Babbler; Common Woodshrike; Eastern Cattle-Egret; Eurasian Collared-Dove; Eurasian Wryneck; European Roller; Gray-necked Bunting; Gray Francolin; Indian Bushlark; Indian Peafowl; Indian Robin; Laughing Dove; Red-wattled Lapwing; Rose-ringed Parakeet; Rosy Starling; Rufous-fronted Prinia; White-browed Wagtail; White-tailed Iora; White-throated Kingfisher; Yellow-throated Sparrow; Zitting Cisticola","n_species":27,"focal_species_seen":"European Roller","focal_species_slugs":"european-roller","has_focal":true,"GRID_CODE":"GJ-KU-NAK-016","DISTRICT":"Kachchh","BLOCK":"Nakhatrana"},"geometry":{"type":"Point","coordinates":[68.983133,23.478646]}},{"type":"Feature","properties":{"GROUP.ID":"G10891907","LOCALITY":"PMC_23 T32G7","LATITUDE":23.5749574,"LONGITUDE":70.4111948,"OBSERVATION.DATE":"2023-09-24","OBSERVER.ID":"obsr413366","DURATION.MINUTES":82.0,"SAMPLING.EVENT.IDENTIFIER":"S150611947","species_list":"Ashy-crowned Sparrow-Lark; Asian Green Bee-eater; Asian Koel; Barred Buttonquail; Bay-backed Shrike; Baya Weaver; Black-winged Kite; Black Drongo; Blue-cheeked Bee-eater; Caspian Tern; Common Babbler; Common Myna; Common Sandpiper; Crested Lark; Delicate Prinia; Eastern Cattle-Egret; Eastern Red-rumped Swallow; Eurasian Collared-Dove; Eurasian Wryneck; European Roller; Glossy Ibis; Gray-breasted Prinia; Gray Francolin; Greater Coucal; House Sparrow; Indian Peafowl; Indian Pond-Heron; Indian Robin; Indian Silverbill; Laughing Dove; Lesser Whitethroat; Long-tailed Shrike; Paddyfield Pipit; Pied Cuckoo; Red-naped Ibis; Red-vented Bulbul; Red-wattled Lapwing; Red Collared-Dove; Rose-ringed Parakeet; Rufous-tailed Lark; Siberian Stonechat; Spotted Flycatcher; White-tailed Iora; White-throated Kingfisher; Wire-tailed Swallow; Yellow-throated Sparrow","n_species":46,"focal_species_seen":"Blue-cheeked Bee-eater; European Roller; Spotted Flycatcher","focal_species_slugs":"blue-cheeked-bee-eater;european-roller;spotted-flycatcher","has_focal":true,"GRID_CODE":"GJ-KU-BHA-014","DISTRICT":"Kachchh","BLOCK":"Bhachau"},"geometry":{"type":"Point","coordinates":[70.4111948,23.5749574]}},{"type":"Feature","properties":{"GROUP.ID":"G10889367","LOCALITY":"PMC2023_T31_G5","LATITUDE":23.3438667,"LONGITUDE":70.063,"OBSERVATION.DATE":"2023-09-24","OBSERVER.ID":"obsr1155883","DURATION.MINUTES":93.0,"SAMPLING.EVENT.IDENTIFIER":"S150612517","species_list":"Asian Green Bee-eater; Asian Koel; Black Francolin; Black Redstart; Common Hoopoe; Common Sandpiper; Common Tailorbird; Delicate Prinia; Eurasian Collared-Dove; Gray-breasted Prinia; Gray Francolin; Indian Robin; Isabelline Wheatear; Jungle Prinia; Laughing Dove; Lesser Whitethroat; Paddyfield Pipit; Pied Cuckoo; Plain Prinia; Purple Sunbird; Red-vented Bulbul; Red-wattled Lapwing; Red Collared-Dove; Rufous-fronted Prinia; Rufous-tailed Scrub-Robin; Siberian Stonechat; Tawny Pipit; Tree Pipit; White-eared Bulbul; Wire-tailed Swallow; Yellow-eyed Babbler; Yellow-wattled Lapwing","n_species":32,"focal_species_seen":"Rufous-tailed Scrub-Robin","focal_species_slugs":"rufous-tailed-scrub-robin","has_focal":true,"GRID_CODE":"GJ-KU-ANJ-003","DISTRICT":"Kachchh","BLOCK":"Anjar"},"geometry":{"type":"Point","coordinates":[70.063,23.3438667]}},{"type":"Feature","properties":{"GROUP.ID":"G10884077","LOCALITY":"PMC2023_T15G","LATITUDE":23.1382114,"LONGITUDE":69.6353876,"OBSERVATION.DATE":"2023-09-24","OBSERVER.ID":"obsr2335329","DURATION.MINUTES":45.0,"SAMPLING.EVENT.IDENTIFIER":"S150612605","species_list":"Asian Green Bee-eater; Bay-backed Shrike; Baya Weaver; Black Drongo; Brahminy Starling; Common Hoopoe; Common Kingfisher; Common Myna; Common Sandpiper; Eurasian Collared-Dove; Eurasian Moorhen; Eurasian Wryneck; Glossy Ibis; Gray Francolin; Greater Coucal; House Sparrow; Indian Pond-Heron; Indian Robin; Indian Silverbill; Little Egret; Little Grebe; Long-tailed Shrike; Oriental Honey-buzzard; Purple Sunbird; Red-vented Bulbul; Red-wattled Lapwing; Rose-ringed Parakeet; Variable Wheatear; White-throated Kingfisher; Yellow-throated Sparrow","n_species":30,"focal_species_seen":"","focal_species_slugs":"","has_focal":false,"GRID_CODE":"GJ-KU-BHU-155","DISTRICT":"Kachchh","BLOCK":"Bhuj"},"geometry":{"type":"Point","coordinates":[69.6353876,23.1382114]}},{"type":"Feature","properties":{"GROUP.ID":"G10889807","LOCALITY":"PMC2023_T21G5","LATITUDE":23.931711,"LONGITUDE":69.72985,"OBSERVATION.DATE":"2023-09-24","OBSERVER.ID":"obsr826272","DURATION.MINUTES":62.0,"SAMPLING.EVENT.IDENTIFIER":"S150612925","species_list":"Ashy-crowned Sparrow-Lark; Asian Green Bee-eater; Bay-backed Shrike; Black Drongo; Chestnut-bellied Sandgrouse; Common Babbler; Eastern Red-rumped Swallow; Eurasian Collared-Dove; Eurasian Coot; European Roller; Glossy Ibis; Great Gray Shrike; Gull-billed Tern; House Crow; House Sparrow; Indian Robin; Indian Silverbill; Indian Spot-billed Duck; Isabelline Shrike; Laughing Dove; Little Egret; Little Grebe; Long-tailed Shrike; Medium Egret; Paddyfield Pipit; Plain Prinia; Purple Sunbird; Red-vented Bulbul; Red-wattled Lapwing; River Tern; Rufous-tailed Lark; Siberian Stonechat; Variable Wheatear; Western Marsh Harrier; White-eared Bulbul","n_species":35,"focal_species_seen":"European Roller","focal_species_slugs":"european-roller","has_focal":true,"GRID_CODE":"GJ-KU-BHU-001","DISTRICT":"Kachchh","BLOCK":"Bhuj"},"geometry":{"type":"Point","coordinates":[69.72985,23.931711]}},{"type":"Feature","properties":{"GROUP.ID":"G10890985","LOCALITY":"PMC2023_T7G3","LATITUDE":23.7108958,"LONGITUDE":69.1929177,"OBSERVATION.DATE":"2023-09-24","OBSERVER.ID":"obsr696747","DURATION.MINUTES":37.0,"SAMPLING.EVENT.IDENTIFIER":"S150613235","species_list":"Blue-cheeked Bee-eater; European Roller; Red-backed Shrike; Rufous-tailed Scrub-Robin; Spotted Flycatcher","n_species":5,"focal_species_seen":"Blue-cheeked Bee-eater; European Roller; Red-backed Shrike; Rufous-tailed Scrub-Robin; Spotted Flycatcher","focal_species_slugs":"blue-cheeked-bee-eater;european-roller;red-backed-shrike;rufous-tailed-scrub-robin;spotted-flycatcher","has_focal":true,"GRID_CODE":"GJ-KU-BHU-024","DISTRICT":"Kachchh","BLOCK":"Bhuj"},"geometry":{"type":"Point","coordinates":[69.1929177,23.7108958]}},{"type":"Feature","properties":{"GROUP.ID":"G10883859","LOCALITY":"PMC2023_T12G3","LATITUDE":23.2100785,"LONGITUDE":69.1955601,"OBSERVATION.DATE":"2023-09-24","OBSERVER.ID":"obsr2061595","DURATION.MINUTES":48.0,"SAMPLING.EVENT.IDENTIFIER":"S150613525","species_list":"Asian Green Bee-eater; Bay-backed Shrike; Black Drongo; Common Babbler; Common Woodshrike; Eurasian Sparrowhawk; Gray-breasted Prinia; Greater Whitethroat; Green Sandpiper; Indian Bushlark; Indian Silverbill; Laughing Dove; Lesser Whitethroat; Purple Sunbird; Red-vented Bulbul; Rufous-fronted Prinia; White-eared Bulbul; White-tailed Iora; Wire-tailed Swallow","n_species":19,"focal_species_seen":"Greater Whitethroat","focal_species_slugs":"greater-whitethroat","has_focal":true,"GRID_CODE":"GJ-KU-ABD-067","DISTRICT":"Kachchh","BLOCK":"Abdasa"},"geometry":{"type":"Point","coordinates":[69.1955601,23.2100785]}},{"type":"Feature","properties":{"GROUP.ID":"G10883858","LOCALITY":"PMC2023_T12G5","LATITUDE":23.2446567,"LONGITUDE":69.2491133,"OBSERVATION.DATE":"2023-09-24","OBSERVER.ID":"obsr2061595","DURATION.MINUTES":73.0,"SAMPLING.EVENT.IDENTIFIER":"S150613578","species_list":"Asian Green Bee-eater; Barred Buttonquail; Bay-backed Shrike; Black Drongo; Common Babbler; Common Tailorbird; Eastern Cattle-Egret; Eastern Orphean Warbler; Eurasian Collared-Dove; European Roller; Gray-breasted Prinia; Gray Francolin; Greater Whitethroat; Green Sandpiper; Indian Peafowl; Indian Pond-Heron; Indian Silverbill; Lesser Whitethroat; Little Swift; Purple Sunbird; Red-vented Bulbul; Red-wattled Lapwing; Rufous-fronted Prinia; Rufous-tailed Lark; Spotted Flycatcher; Sykes's Warbler; White-eared Bulbul; White-naped Tit; White-tailed Iora; White-throated Kingfisher; Yellow-throated Sparrow","n_species":31,"focal_species_seen":"European Roller; Greater Whitethroat; Spotted Flycatcher","focal_species_slugs":"european-roller;greater-whitethroat;spotted-flycatcher","has_focal":true,"GRID_CODE":"GJ-KU-NAK-060","DISTRICT":"Kachchh","BLOCK":"Nakhatrana"},"geometry":{"type":"Point","coordinates":[69.2491133,23.2446567]}},{"type":"Feature","properties":{"GROUP.ID":"G10894027","LOCALITY":"PMC2023_T10G7","LATITUDE":23.4353383,"LONGITUDE":69.0810985,"OBSERVATION.DATE":"2023-09-24","OBSERVER.ID":"obsr870545","DURATION.MINUTES":37.0,"SAMPLING.EVENT.IDENTIFIER":"S150613631","species_list":"Ashy-crowned Sparrow-Lark; Asian Green Bee-eater; Barred Buttonquail; European Roller; Gray-necked Bunting; Indian Robin; Indian Roller; Indian Silverbill; Laughing Dove; Plain Prinia; Red-vented Bulbul; Red-wattled Lapwing; Sirkeer Malkoha; Small Minivet; Spotted Flycatcher; Wire-tailed Swallow; Yellow-wattled Lapwing","n_species":17,"focal_species_seen":"European Roller; Spotted Flycatcher","focal_species_slugs":"european-roller;spotted-flycatcher","has_focal":true,"GRID_CODE":"GJ-KU-NAK-030","DISTRICT":"Kachchh","BLOCK":"Nakhatrana"},"geometry":{"type":"Point","coordinates":[69.0810985,23.4353383]}},{"type":"Feature","properties":{"GROUP.ID":"G10884681","LOCALITY":"PMC2023_T2G4","LATITUDE":23.7105547,"LONGITUDE":68.6346222,"OBSERVATION.DATE":"2023-09-24","OBSERVER.ID":"obsr1173605","DURATION.MINUTES":29.0,"SAMPLING.EVENT.IDENTIFIER":"S150613798","species_list":"Ashy-crowned Sparrow-Lark; Asian Green Bee-eater; Black Francolin; Booted Eagle; Common Babbler; Common Hoopoe; Eurasian Collared-Dove; European Roller; Gray Francolin; Indian Bushlark; Indian Silverbill; Laughing Dove; Paddyfield Pipit; Purple Sunbird; Rosy Starling; Rufous-fronted Prinia; Variable Wheatear; White-eared Bulbul","n_species":18,"focal_species_seen":"European Roller","focal_species_slugs":"european-roller","has_focal":true,"GRID_CODE":"GJ-KU-LAK-009","DISTRICT":"Kachchh","BLOCK":"Lakhpat"},"geometry":{"type":"Point","coordinates":[68.6346222,23.7105547]}},{"type":"Feature","properties":{"GROUP.ID":"G10883732","LOCALITY":"T29G3 Unnamed Road, Thoriari, Gujarat, IN (23.342, 70.761)","LATITUDE":23.3416663,"LONGITUDE":70.7611148,"OBSERVATION.DATE":"2023-09-24","OBSERVER.ID":"obsr914590","DURATION.MINUTES":47.0,"SAMPLING.EVENT.IDENTIFIER":"S150614330","species_list":"Ashy-crowned Sparrow-Lark; Asian Green Bee-eater; Barn Swallow; Barred Buttonquail; Bay-backed Shrike; Baya Weaver; Black Drongo; Common Babbler; Eastern Cattle-Egret; Eurasian Collared-Dove; European Roller; House Crow; House Sparrow; Indian Peafowl; Laughing Dove; Montagu's Harrier; Paddyfield Pipit; Plain Prinia; Red-vented Bulbul; Red-wattled Lapwing; River Tern; Rufous-fronted Prinia; Tawny Pipit; White-throated Kingfisher","n_species":24,"focal_species_seen":"European Roller","focal_species_slugs":"european-roller","has_focal":true,"GRID_CODE":"GJ-KU-RAP-099","DISTRICT":"Kachchh","BLOCK":"Rapar"},"geometry":{"type":"Point","coordinates":[70.7611148,23.3416663]}},{"type":"Feature","properties":{"GROUP.ID":"G10886450","LOCALITY":"PMC2023-T3G6.","LATITUDE":23.576195,"LONGITUDE":68.581735,"OBSERVATION.DATE":"2023-09-24","OBSERVER.ID":"obsr1777443","DURATION.MINUTES":36.0,"SAMPLING.EVENT.IDENTIFIER":"S150614358","species_list":"Bay-backed Shrike; Black Francolin; Eastern Cattle-Egret; Gray-breasted Prinia; Gray Francolin; Great Gray Shrike; Indian Bushlark; Indian Silverbill; Laughing Dove; Montagu's Harrier; Purple Sunbird; Red-vented Bulbul; Rosy Starling; Shikra; Short-toed Snake-Eagle; Siberian Stonechat","n_species":16,"focal_species_seen":"","focal_species_slugs":"","has_focal":false,"GRID_CODE":"GJ-KU-LAK-046","DISTRICT":"Kachchh","BLOCK":"Lakhpat"},"geometry":{"type":"Point","coordinates":[68.581735,23.576195]}},{"type":"Feature","properties":{"GROUP.ID":"G10883962","LOCALITY":"PMC_23 T5G7","LATITUDE":23.564203,"LONGITUDE":69.010413,"OBSERVATION.DATE":"2023-09-24","OBSERVER.ID":"obsr1662974","DURATION.MINUTES":45.0,"SAMPLING.EVENT.IDENTIFIER":"S150614413","species_list":"Asian Green Bee-eater; Bay-backed Shrike; Black-winged Stilt; Black Drongo; Brahminy Starling; Common Babbler; Eastern Red-rumped Swallow; Eurasian Collared-Dove; European Roller; Greater Coucal; House Sparrow; Indian Bushlark; Indian Robin; Indian Silverbill; Laughing Dove; Little Cormorant; Pied Kingfisher; Purple Sunbird; Red-naped Ibis; Red-vented Bulbul; Striolated Bunting; Variable Wheatear; White-throated Kingfisher; Wire-tailed Swallow","n_species":24,"focal_species_seen":"European Roller","focal_species_slugs":"european-roller","has_focal":true,"GRID_CODE":"GJ-KU-NAK-003","DISTRICT":"Kachchh","BLOCK":"Nakhatrana"},"geometry":{"type":"Point","coordinates":[69.010413,23.564203]}},{"type":"Feature","properties":{"GROUP.ID":"G10883773","LOCALITY":"PMC2023_T9G7","LATITUDE":23.2311508,"LONGITUDE":68.9791786,"OBSERVATION.DATE":"2023-09-24","OBSERVER.ID":"obsr494050","DURATION.MINUTES":60.0,"SAMPLING.EVENT.IDENTIFIER":"S150614906","species_list":"Asian Desert Warbler; Asian Green Bee-eater; Bank Swallow; Barn Swallow; Barred Buttonquail; Bay-backed Shrike; Baya Weaver; Black Francolin; Common Babbler; Common Woodshrike; Dusky Crag-Martin; Eastern Cattle-Egret; Eastern Orphean Warbler; Eastern Red-rumped Swallow; Eurasian Collared-Dove; Eurasian Wryneck; European Roller; Gray Francolin; Great Gray Shrike; Greater Whitethroat; Indian Bushlark; Indian Robin; Indian Silverbill; Jungle Prinia; Laughing Dove; Lesser Whitethroat; Little Swift; Montagu's Harrier; Plain Prinia; Purple Sunbird; Rain Quail; Red-vented Bulbul; Red Collared-Dove; Rock Bush-Quail; Rosy Starling; Rufous-fronted Prinia; Siberian Stonechat; Singing Bushlark; Spotted Flycatcher; Sykes's Warbler; Tawny Pipit; Tree Pipit; White-tailed Iora; Wire-tailed Swallow; Yellow-crowned Woodpecker; Zitting Cisticola","n_species":46,"focal_species_seen":"European Roller; Greater Whitethroat; Spotted Flycatcher","focal_species_slugs":"european-roller;greater-whitethroat;spotted-flycatcher","has_focal":true,"GRID_CODE":"GJ-KU-ABD-051","DISTRICT":"Kachchh","BLOCK":"Abdasa"},"geometry":{"type":"Point","coordinates":[68.9791786,23.2311508]}},{"type":"Feature","properties":{"GROUP.ID":"G10883961","LOCALITY":"PMC_23 T5G5","LATITUDE":23.533055,"LONGITUDE":69.094207,"OBSERVATION.DATE":"2023-09-24","OBSERVER.ID":"obsr1662974","DURATION.MINUTES":30.0,"SAMPLING.EVENT.IDENTIFIER":"S150615280","species_list":"Ashy-crowned Sparrow-Lark; Asian Green Bee-eater; Black Drongo; Eastern Cattle-Egret; Eastern Red-rumped Swallow; Eurasian Collared-Dove; European Roller; Gray-breasted Prinia; Laughing Dove; Pied Kingfisher; Red-vented Bulbul; Red-wattled Lapwing; Rosy Starling; White-eared Bulbul; Wire-tailed Swallow","n_species":15,"focal_species_seen":"European Roller","focal_species_slugs":"european-roller","has_focal":true,"GRID_CODE":"GJ-KU-NAK-010","DISTRICT":"Kachchh","BLOCK":"Nakhatrana"},"geometry":{"type":"Point","coordinates":[69.094207,23.533055]}},{"type":"Feature","properties":{"GROUP.ID":"G10883846","LOCALITY":"PMC2023_T12G1","LATITUDE":23.1350833,"LONGITUDE":69.2408799,"OBSERVATION.DATE":"2023-09-24","OBSERVER.ID":"obsr2061595","DURATION.MINUTES":34.0,"SAMPLING.EVENT.IDENTIFIER":"S150615775","species_list":"Asian Green Bee-eater; Bay-backed Shrike; Black Drongo; Black Redstart; Common Cuckoo; European Roller; Greater Whitethroat; Indian Silverbill; Laughing Dove; Red-tailed Shrike; Red-vented Bulbul; Red-wattled Lapwing; Rufous-fronted Prinia; Spotted Flycatcher; White-eared Bulbul; Wire-tailed Swallow","n_species":16,"focal_species_seen":"Common Cuckoo; European Roller; Greater Whitethroat; Red-tailed Shrike; Spotted Flycatcher","focal_species_slugs":"common-cuckoo;european-roller;greater-whitethroat;red-tailed-shrike;spotted-flycatcher","has_focal":true,"GRID_CODE":"GJ-KU-NAK-067","DISTRICT":"Kachchh","BLOCK":"Nakhatrana"},"geometry":{"type":"Point","coordinates":[69.2408799,23.1350833]}},{"type":"Feature","properties":{"GROUP.ID":"G11190397","LOCALITY":"PMC2023_T8G4","LATITUDE":23.6078821,"LONGITUDE":69.1260121,"OBSERVATION.DATE":"2023-09-24","OBSERVER.ID":"obsr1588246","DURATION.MINUTES":32.0,"SAMPLING.EVENT.IDENTIFIER":"S150615791","species_list":"Asian Green Bee-eater; Barn Swallow; Common Kingfisher; Common Sandpiper; Common Tailorbird; European Roller; Gray Francolin; Great Egret; Indian Silverbill; Laughing Dove; Little Cormorant; Little Egret; Oriental Darter; Purple Sunbird; Red-vented Bulbul; Red-wattled Lapwing; River Tern; Rufous-fronted Prinia; Tree Pipit; White-eared Bulbul; White-tailed Iora","n_species":21,"focal_species_seen":"European Roller","focal_species_slugs":"european-roller","has_focal":true,"GRID_CODE":"GJ-KU-NAK-005","DISTRICT":"Kachchh","BLOCK":"Nakhatrana"},"geometry":{"type":"Point","coordinates":[69.1260121,23.6078821]}},{"type":"Feature","properties":{"GROUP.ID":"G11190395","LOCALITY":"PMC2023_T8G2","LATITUDE":23.5589483,"LONGITUDE":69.18575,"OBSERVATION.DATE":"2023-09-24","OBSERVER.ID":"obsr1588246","DURATION.MINUTES":20.0,"SAMPLING.EVENT.IDENTIFIER":"S150615818","species_list":"Ashy-crowned Sparrow-Lark; Asian Green Bee-eater; Common Babbler; Common Tailorbird; European Roller; Green Sandpiper; House Crow; Indian Peafowl; Plain Prinia; Purple Sunbird; Red-vented Bulbul; White-eared Bulbul; White-throated Kingfisher","n_species":13,"focal_species_seen":"European Roller","focal_species_slugs":"european-roller","has_focal":true,"GRID_CODE":"GJ-KU-NAK-012","DISTRICT":"Kachchh","BLOCK":"Nakhatrana"},"geometry":{"type":"Point","coordinates":[69.18575,23.5589483]}},{"type":"Feature","properties":{"GROUP.ID":"G10884076","LOCALITY":"PMC2023_T15G7","LATITUDE":23.1669122,"LONGITUDE":69.689398,"OBSERVATION.DATE":"2023-09-24","OBSERVER.ID":"obsr2335329","DURATION.MINUTES":33.0,"SAMPLING.EVENT.IDENTIFIER":"S150615927","species_list":"Ashy-crowned Sparrow-Lark; Common Babbler; Common Tailorbird; Eurasian Kestrel; European Roller; Gray-breasted Prinia; Gray-necked Bunting; Indian Robin; Indian Silverbill; Jungle Prinia; Laughing Dove; Little Egret; Oriental Honey-buzzard; Plain Prinia; Purple Sunbird; Red-vented Bulbul; Variable Wheatear; White-eared Bulbul","n_species":18,"focal_species_seen":"European Roller","focal_species_slugs":"european-roller","has_focal":true,"GRID_CODE":"GJ-KU-BHU-147","DISTRICT":"Kachchh","BLOCK":"Bhuj"},"geometry":{"type":"Point","coordinates":[69.689398,23.1669122]}},{"type":"Feature","properties":{"GROUP.ID":"G10883863","LOCALITY":"T19_G7","LATITUDE":23.1796109,"LONGITUDE":69.8514581,"OBSERVATION.DATE":"2023-09-24","OBSERVER.ID":"obsr612947","DURATION.MINUTES":65.0,"SAMPLING.EVENT.IDENTIFIER":"S150615986","species_list":"Ashy-crowned Sparrow-Lark; Asian Green Bee-eater; Asian Koel; Barn Swallow; Bay-backed Shrike; Baya Weaver; Black-winged Kite; Black-winged Stilt; Black Drongo; Black Redstart; Common Babbler; Common Hoopoe; Common Myna; Common Tailorbird; Dusky Crag-Martin; Eastern Cattle-Egret; Eurasian Collared-Dove; European Roller; Gray Francolin; Greater Coucal; House Crow; House Sparrow; Indian Bushlark; Indian Peafowl; Indian Pond-Heron; Indian Robin; Indian Silverbill; Lesser Whistling-Duck; Little Cormorant; Little Grebe; Long-tailed Shrike; Pied Cuckoo; Plain Prinia; Purple Sunbird; Red-vented Bulbul; Red-wattled Lapwing; Rose-ringed Parakeet; Rosy Starling; Shikra; Siberian Stonechat; Spotted Flycatcher; Variable Wheatear; White-eared Bulbul; White-throated Kingfisher; Wire-tailed Swallow","n_species":45,"focal_species_seen":"European Roller; Spotted Flycatcher","focal_species_slugs":"european-roller;spotted-flycatcher","has_focal":true,"GRID_CODE":"GJ-KU-BHU-150","DISTRICT":"Kachchh","BLOCK":"Bhuj"},"geometry":{"type":"Point","coordinates":[69.8514581,23.1796109]}},{"type":"Feature","properties":{"GROUP.ID":"G10894889","LOCALITY":"T19_G6","LATITUDE":23.1166461,"LONGITUDE":69.8568135,"OBSERVATION.DATE":"2023-09-24","OBSERVER.ID":"obsr612947","DURATION.MINUTES":12.0,"SAMPLING.EVENT.IDENTIFIER":"S150615993","species_list":"Ashy-crowned Sparrow-Lark; Asian Green Bee-eater; Barn Swallow; Bay-backed Shrike; Black-headed Bunting; Black Drongo; Common Babbler; Common Cuckoo; Common Hoopoe; Common Myna; Common Tailorbird; Eastern Cattle-Egret; Eurasian Collared-Dove; Eurasian Wryneck; European Roller; Gray-breasted Prinia; Gray Francolin; Greater Coucal; House Sparrow; Indian Bushlark; Indian Peafowl; Indian Robin; Indian Silverbill; Laughing Dove; Little Swift; Pied Cuckoo; Plain Prinia; Purple Sunbird; Red-vented Bulbul; Red-wattled Lapwing; Rose-ringed Parakeet; Rosy Starling; Siberian Stonechat; Small Minivet; Spotted Flycatcher; Variable Wheatear; White-eared Bulbul; White-throated Kingfisher; Yellow-eyed Babbler","n_species":39,"focal_species_seen":"Common Cuckoo; European Roller; Spotted Flycatcher","focal_species_slugs":"common-cuckoo;european-roller;spotted-flycatcher","has_focal":true,"GRID_CODE":"GJ-KU-ANJ-021","DISTRICT":"Kachchh","BLOCK":"Anjar"},"geometry":{"type":"Point","coordinates":[69.8568135,23.1166461]}},{"type":"Feature","properties":{"GROUP.ID":"G10894888","LOCALITY":"T19_G5","LATITUDE":23.093024,"LONGITUDE":69.8284434,"OBSERVATION.DATE":"2023-09-23","OBSERVER.ID":"obsr612947","DURATION.MINUTES":45.0,"SAMPLING.EVENT.IDENTIFIER":"S150615996","species_list":"Ashy-crowned Sparrow-Lark; Asian Green Bee-eater; Asian Koel; Bay-backed Shrike; Baya Weaver; Black Drongo; Blue-cheeked Bee-eater; Brahminy Starling; Common Babbler; Common Hoopoe; Common Tailorbird; Eastern Cattle-Egret; Eurasian Collared-Dove; Eurasian Kestrel; European Roller; Gray Francolin; House Crow; House Sparrow; Indian Nightjar; Indian Peafowl; Indian Pond-Heron; Indian Robin; Indian Silverbill; Jungle Prinia; Laughing Dove; Little Cormorant; Plain Prinia; Purple Sunbird; Red-naped Ibis; Red-wattled Lapwing; Red Collared-Dove; River Tern; Rosy Starling; Rufous-fronted Prinia; Spotted Flycatcher; Spotted Owlet; Wire-tailed Swallow","n_species":37,"focal_species_seen":"Blue-cheeked Bee-eater; European Roller; Spotted Flycatcher","focal_species_slugs":"blue-cheeked-bee-eater;european-roller;spotted-flycatcher","has_focal":true,"GRID_CODE":"GJ-KU-ANJ-027","DISTRICT":"Kachchh","BLOCK":"Anjar"},"geometry":{"type":"Point","coordinates":[69.8284434,23.093024]}},{"type":"Feature","properties":{"GROUP.ID":"G11248125","LOCALITY":"T19_G4","LATITUDE":23.0506399,"LONGITUDE":69.7431924,"OBSERVATION.DATE":"2023-09-23","OBSERVER.ID":"obsr612947","DURATION.MINUTES":80.0,"SAMPLING.EVENT.IDENTIFIER":"S150616001","species_list":"Ashy-crowned Sparrow-Lark; Asian Green Bee-eater; Asian Koel; Barn Swallow; Bay-backed Shrike; Baya Weaver; Black-winged Stilt; Black Drongo; Brahminy Starling; Common Babbler; Common Hoopoe; Common Myna; Common Tailorbird; Eastern Cattle-Egret; Eastern Orphean Warbler; Eurasian Collared-Dove; Eurasian Kestrel; European Roller; Gray Francolin; Greater Coucal; Greater Whitethroat; House Sparrow; Indian Bushlark; Indian Robin; Indian Silverbill; Jungle Prinia; Laughing Dove; Lesser Whitethroat; Little Cormorant; Pied Cuckoo; Plain Prinia; Purple Sunbird; Red-vented Bulbul; Red-wattled Lapwing; Red Collared-Dove; Rosy Starling; Rufous-fronted Prinia; Small Minivet; Spotted Flycatcher; White-tailed Iora; Wire-tailed Swallow","n_species":41,"focal_species_seen":"European Roller; Greater Whitethroat; Spotted Flycatcher","focal_species_slugs":"european-roller;greater-whitethroat;spotted-flycatcher","has_focal":true,"GRID_CODE":"GJ-KU-BHU-170","DISTRICT":"Kachchh","BLOCK":"Bhuj"},"geometry":{"type":"Point","coordinates":[69.7431924,23.0506399]}},{"type":"Feature","properties":{"GROUP.ID":"G10889806","LOCALITY":"PMC2023_T21G6","LATITUDE":23.929892,"LONGITUDE":69.812545,"OBSERVATION.DATE":"2023-09-24","OBSERVER.ID":"obsr826272","DURATION.MINUTES":65.0,"SAMPLING.EVENT.IDENTIFIER":"S150617058","species_list":"Asian Green Bee-eater; Black Drongo; Common Babbler; Common Sandpiper; Common Tailorbird; Green Sandpiper; House Sparrow; Indian Robin; Knob-billed Duck; Laughing Dove; Red-vented Bulbul; Spotted Flycatcher; White-eared Bulbul; White-throated Kingfisher","n_species":14,"focal_species_seen":"Spotted Flycatcher","focal_species_slugs":"spotted-flycatcher","has_focal":true,"GRID_CODE":"GJ-KU-BHU-003","DISTRICT":"Kachchh","BLOCK":"Bhuj"},"geometry":{"type":"Point","coordinates":[69.812545,23.929892]}},{"type":"Feature","properties":{"GROUP.ID":"G10884026","LOCALITY":"PMC2023_T22G1","LATITUDE":23.72384,"LONGITUDE":69.869385,"OBSERVATION.DATE":"2023-09-23","OBSERVER.ID":"obsr645135","DURATION.MINUTES":72.0,"SAMPLING.EVENT.IDENTIFIER":"S150617384","species_list":"Ashy-crowned Sparrow-Lark; Asian Green Bee-eater; Barn Swallow; Black-headed Ibis; Black-winged Kite; Brown Shrike; Common Babbler; Common Hoopoe; Crested Lark; Eastern Cattle-Egret; Eastern Red-rumped Swallow; European Roller; Gray Francolin; Greater Short-toed Lark; House Crow; House Sparrow; Isabelline Shrike; Little Egret; Montagu's Harrier; Pale Rockfinch; Red-backed Shrike; Red-tailed Shrike; Red-vented Bulbul; Red-wattled Lapwing; Rock Bush-Quail; Spotted Flycatcher; White-eared Bulbul; White-throated Kingfisher","n_species":28,"focal_species_seen":"European Roller; Red-backed Shrike; Red-tailed Shrike; Spotted Flycatcher","focal_species_slugs":"european-roller;red-backed-shrike;red-tailed-shrike;spotted-flycatcher","has_focal":true,"GRID_CODE":"GJ-KU-RAN-531","DISTRICT":"Kachchh","BLOCK":"Rann of Kachchh"},"geometry":{"type":"Point","coordinates":[69.869385,23.72384]}},{"type":"Feature","properties":{"GROUP.ID":"G10883946","LOCALITY":"T29G1 Unnamed Road, Manaba, Gujarat, IN (23.305, 70.753)","LATITUDE":23.305364,"LONGITUDE":70.7534414,"OBSERVATION.DATE":"2023-09-24","OBSERVER.ID":"obsr914590","DURATION.MINUTES":44.0,"SAMPLING.EVENT.IDENTIFIER":"S150617390","species_list":"Ashy-crowned Sparrow-Lark; Asian Green Bee-eater; Barn Swallow; Barred Buttonquail; Bay-backed Shrike; Black-headed Ibis; Common Babbler; Common Hoopoe; Common Sandpiper; Crested Lark; Eurasian Spoonbill; European Roller; Gray Francolin; Great Egret; Great Gray Shrike; House Sparrow; Indian Pond-Heron; Indian Silverbill; Laughing Dove; Little Cormorant; Medium Egret; Painted Stork; Pied Kingfisher; Purple Sunbird; Red-vented Bulbul; Red-wattled Lapwing; River Tern; Ruff; Siberian Stonechat; Variable Wheatear; Western Reef-Heron; Whiskered Tern; White-eared Bulbul; Yellow-throated Sparrow; Yellow-wattled Lapwing","n_species":35,"focal_species_seen":"European Roller","focal_species_slugs":"european-roller","has_focal":true,"GRID_CODE":"GJ-KU-BHA-061","DISTRICT":"Kachchh","BLOCK":"Bhachau"},"geometry":{"type":"Point","coordinates":[70.7534414,23.305364]}},{"type":"Feature","properties":{"GROUP.ID":"G10884025","LOCALITY":"PMC2023_T22G3","LATITUDE":23.765335,"LONGITUDE":69.831838,"OBSERVATION.DATE":"2023-09-23","OBSERVER.ID":"obsr645135","DURATION.MINUTES":81.0,"SAMPLING.EVENT.IDENTIFIER":"S150617450","species_list":"Ashy-crowned Sparrow-Lark; Asian Green Bee-eater; Baya Weaver; Blue-cheeked Bee-eater; Caspian Tern; Chestnut-bellied Sandgrouse; Common Babbler; Common Hoopoe; Delicate Prinia; Eastern Cattle-Egret; Eastern Red-rumped Swallow; Eurasian Collared-Dove; Eurasian Coot; European Roller; Gray-breasted Prinia; Gray-necked Bunting; Gray Francolin; Great Crested Grebe; Gull-billed Tern; House Sparrow; Indian Pond-Heron; Indian Robin; Indian Silverbill; Indian Spot-billed Duck; Isabelline Shrike; Laughing Dove; Lesser Whistling-Duck; Lesser Whitethroat; Little Cormorant; Little Egret; Little Grebe; Long-tailed Shrike; Northern Shoveler; Oriental Darter; Plain Prinia; Purple Sunbird; Red-vented Bulbul; Red-wattled Lapwing; River Tern; Rosy Starling; Siberian Stonechat; Whiskered Tern; White-throated Kingfisher; Wire-tailed Swallow","n_species":44,"focal_species_seen":"Blue-cheeked Bee-eater; European Roller","focal_species_slugs":"blue-cheeked-bee-eater;european-roller","has_focal":true,"GRID_CODE":"GJ-KU-BHU-022","DISTRICT":"Kachchh","BLOCK":"Bhuj"},"geometry":{"type":"Point","coordinates":[69.831838,23.765335]}},{"type":"Feature","properties":{"GROUP.ID":"G10884024","LOCALITY":"PMC2023_T22G6","LATITUDE":23.815236,"LONGITUDE":69.895926,"OBSERVATION.DATE":"2023-09-23","OBSERVER.ID":"obsr645135","DURATION.MINUTES":45.0,"SAMPLING.EVENT.IDENTIFIER":"S150617509","species_list":"Ashy-crowned Sparrow-Lark; Asian Green Bee-eater; Barred Buttonquail; Bay-backed Shrike; Black-winged Kite; Black Drongo; Brown Rock Chat; Common Babbler; Common Hoopoe; Common Tailorbird; Eastern Red-rumped Swallow; Eurasian Collared-Dove; European Roller; Gray Francolin; Great Gray Shrike; Green Sandpiper; Indian Robin; Indian Silverbill; Laughing Dove; Lesser Whitethroat; Little Grebe; Long-tailed Shrike; Painted Stork; Red-backed Shrike; Red-vented Bulbul; Red-wattled Lapwing; River Tern; Rufous-fronted Prinia; Rufous-tailed Scrub-Robin; Tawny Pipit; Western Marsh Harrier; Wire-tailed Swallow","n_species":32,"focal_species_seen":"European Roller; Red-backed Shrike; Rufous-tailed Scrub-Robin","focal_species_slugs":"european-roller;red-backed-shrike;rufous-tailed-scrub-robin","has_focal":true,"GRID_CODE":"GJ-KU-BHU-013","DISTRICT":"Kachchh","BLOCK":"Bhuj"},"geometry":{"type":"Point","coordinates":[69.895926,23.815236]}},{"type":"Feature","properties":{"GROUP.ID":"G10884023","LOCALITY":"PMC2023_T22G4","LATITUDE":23.807435,"LONGITUDE":69.921851,"OBSERVATION.DATE":"2023-09-23","OBSERVER.ID":"obsr645135","DURATION.MINUTES":46.0,"SAMPLING.EVENT.IDENTIFIER":"S150617554","species_list":"Asian Green Bee-eater; Black-winged Kite; Black Drongo; Common Babbler; Common Greenshank; Common Tailorbird; Eurasian Collared-Dove; Eurasian Wryneck; European Roller; House Crow; Indian Silverbill; Isabelline Shrike; Laughing Dove; Purple Sunbird; Red-vented Bulbul; Siberian Stonechat; Variable Wheatear; Western Marsh Harrier; White-eared Bulbul; White-eyed Buzzard","n_species":20,"focal_species_seen":"European Roller","focal_species_slugs":"european-roller","has_focal":true,"GRID_CODE":"GJ-KU-RAN-506","DISTRICT":"Kachchh","BLOCK":"Rann of Kachchh"},"geometry":{"type":"Point","coordinates":[69.921851,23.807435]}},{"type":"Feature","properties":{"GROUP.ID":"G10884022","LOCALITY":"PMC2023_T22G7","LATITUDE":23.848068,"LONGITUDE":69.774749,"OBSERVATION.DATE":"2023-09-24","OBSERVER.ID":"obsr645135","DURATION.MINUTES":63.0,"SAMPLING.EVENT.IDENTIFIER":"S150617599","species_list":"Ashy-crowned Sparrow-Lark; Asian Green Bee-eater; Black-winged Kite; Black Drongo; Blyth's Reed Warbler; Brahminy Starling; Chestnut-bellied Sandgrouse; Common Babbler; Common Hoopoe; Common Tailorbird; Eurasian Collared-Dove; Gray-necked Bunting; Gray Francolin; Greater Flamingo; House Sparrow; Indian Bushlark; Indian Robin; Indian Silverbill; Indian Thick-knee; Laughing Dove; Red-vented Bulbul; Rosy Starling; Rufous-fronted Prinia; Variable Wheatear; White-eared Bulbul; Yellow-throated Sparrow","n_species":26,"focal_species_seen":"","focal_species_slugs":"","has_focal":false,"GRID_CODE":"GJ-KU-BHU-011","DISTRICT":"Kachchh","BLOCK":"Bhuj"},"geometry":{"type":"Point","coordinates":[69.774749,23.848068]}},{"type":"Feature","properties":{"GROUP.ID":"G10894025","LOCALITY":"PMC2023_T10G5","LATITUDE":23.3928907,"LONGITUDE":69.0176699,"OBSERVATION.DATE":"2023-09-24","OBSERVER.ID":"obsr870545","DURATION.MINUTES":8.0,"SAMPLING.EVENT.IDENTIFIER":"S150617642","species_list":"Ashy-crowned Sparrow-Lark; Asian Green Bee-eater; Asian Koel; Brahminy Starling; Brown Rock Chat; Eurasian Collared-Dove; Gray-necked Bunting; Indian Bushlark; Indian Peafowl; Indian Robin; Indian Roller; Indian Silverbill; Indian Thick-knee; Laughing Dove; Pied Cuckoo; Plain Prinia; Red Collared-Dove; Rosy Starling; Rufous-fronted Prinia","n_species":19,"focal_species_seen":"","focal_species_slugs":"","has_focal":false,"GRID_CODE":"GJ-KU-ABD-019","DISTRICT":"Kachchh","BLOCK":"Abdasa"},"geometry":{"type":"Point","coordinates":[69.0176699,23.3928907]}},{"type":"Feature","properties":{"GROUP.ID":"G10884021","LOCALITY":"PMC2023_T22G5","LATITUDE":23.870569,"LONGITUDE":69.771136,"OBSERVATION.DATE":"2023-09-24","OBSERVER.ID":"obsr645135","DURATION.MINUTES":43.0,"SAMPLING.EVENT.IDENTIFIER":"S150617659","species_list":"Asian Green Bee-eater; Barn Swallow; Bay-backed Shrike; Baya Weaver; Chestnut-bellied Sandgrouse; Common Babbler; Eastern Cattle-Egret; Eastern Red-rumped Swallow; Eurasian Collared-Dove; European Roller; Gray-necked Bunting; Great Gray Shrike; House Crow; Indian Robin; Indian Silverbill; Laughing Dove; Little Egret; Purple Sunbird; Red-vented Bulbul; Rufous-fronted Prinia; Variable Wheatear","n_species":21,"focal_species_seen":"European Roller","focal_species_slugs":"european-roller","has_focal":true,"GRID_CODE":"GJ-KU-BHU-006","DISTRICT":"Kachchh","BLOCK":"Bhuj"},"geometry":{"type":"Point","coordinates":[69.771136,23.870569]}},{"type":"Feature","properties":{"GROUP.ID":"G10883970","LOCALITY":"PMC2023_T9G1","LATITUDE":23.0228398,"LONGITUDE":68.8881884,"OBSERVATION.DATE":"2023-09-24","OBSERVER.ID":"obsr494050","DURATION.MINUTES":38.0,"SAMPLING.EVENT.IDENTIFIER":"S150617925","species_list":"Ashy-crowned Sparrow-Lark; Asian Green Bee-eater; Black-headed Ibis; Black-tailed Godwit; Blyth's Reed Warbler; Caspian Tern; Common Babbler; Common Redshank; Common Tailorbird; Crested Lark; Delicate Prinia; Eastern Cattle-Egret; Eurasian Curlew; Eurasian Spoonbill; Gray Francolin; Great Egret; Gull-billed Tern; Indian Spot-billed Duck; Isabelline Shrike; Laughing Dove; Plain Prinia; Red-vented Bulbul; Red-wattled Lapwing; Sand Lark; Whiskered Tern; White-eared Bulbul; Wire-tailed Swallow; Yellow-wattled Lapwing; Zitting Cisticola","n_species":29,"focal_species_seen":"","focal_species_slugs":"","has_focal":false,"GRID_CODE":"GJ-KU-ABD-087","DISTRICT":"Kachchh","BLOCK":"Abdasa"},"geometry":{"type":"Point","coordinates":[68.8881884,23.0228398]}},{"type":"Feature","properties":{"GROUP.ID":"G10884626","LOCALITY":"PMC2023_T20G5","LATITUDE":23.0795195,"LONGITUDE":69.9927985,"OBSERVATION.DATE":"2023-09-24","OBSERVER.ID":"obsr1326084","DURATION.MINUTES":57.0,"SAMPLING.EVENT.IDENTIFIER":"S150618896","species_list":"Ashy-crowned Sparrow-Lark; Asian Green Bee-eater; Black Drongo; Common Babbler; Common Tailorbird; Crested Lark; Eastern Cattle-Egret; Gray Francolin; Indian Nightjar; Indian Peafowl; Indian Robin; Indian Silverbill; Laughing Dove; Little Cormorant; Purple Sunbird; Red-vented Bulbul; Red-wattled Lapwing; White-eared Bulbul; White-tailed Iora; White-throated Kingfisher; Wire-tailed Swallow","n_species":21,"focal_species_seen":"","focal_species_slugs":"","has_focal":false,"GRID_CODE":"GJ-KU-ANJ-030","DISTRICT":"Kachchh","BLOCK":"Anjar"},"geometry":{"type":"Point","coordinates":[69.9927985,23.0795195]}},{"type":"Feature","properties":{"GROUP.ID":"G10884625","LOCALITY":"PMC2023_T20G6","LATITUDE":23.1403282,"LONGITUDE":70.104702,"OBSERVATION.DATE":"2023-09-24","OBSERVER.ID":"obsr1326084","DURATION.MINUTES":76.0,"SAMPLING.EVENT.IDENTIFIER":"S150619073","species_list":"Asian Green Bee-eater; Common Babbler; Common Kingfisher; Common Myna; Eastern Cattle-Egret; Eurasian Collared-Dove; Eurasian Coot; Eurasian Moorhen; Great Cormorant; House Sparrow; Indian Peafowl; Indian Silverbill; Indian Spot-billed Duck; Laughing Dove; Little Cormorant; Little Egret; Little Grebe; Little Heron; Red-wattled Lapwing; River Tern; Western Marsh Harrier; Western Reef-Heron; Whiskered Tern; White-eared Bulbul; White-throated Kingfisher; Wire-tailed Swallow","n_species":26,"focal_species_seen":"","focal_species_slugs":"","has_focal":false,"GRID_CODE":"GJ-KU-ANJ-025","DISTRICT":"Kachchh","BLOCK":"Anjar"},"geometry":{"type":"Point","coordinates":[70.104702,23.1403282]}},{"type":"Feature","properties":{"GROUP.ID":"G10886454","LOCALITY":"PMS2023-T3G2","LATITUDE":23.399819,"LONGITUDE":68.581724,"OBSERVATION.DATE":"2023-09-24","OBSERVER.ID":"obsr1777443","DURATION.MINUTES":48.0,"SAMPLING.EVENT.IDENTIFIER":"S150619103","species_list":"Ashy-crowned Sparrow-Lark; Asian Green Bee-eater; Baya Weaver; Black-winged Stilt; Black Drongo; Common Babbler; Common Tailorbird; Eastern Red-rumped Swallow; Eurasian Collared-Dove; Eurasian Curlew; Eurasian Spoonbill; Eurasian Whimbrel; Gray-breasted Prinia; Gray Heron; Great Egret; Green Sandpiper; Gull-billed Tern; Indian Pond-Heron; Laughing Dove; Little Cormorant; Little Egret; Little Heron; Little Ringed Plover; Long-tailed Shrike; Red-vented Bulbul; Red-wattled Lapwing; River Tern; Western Marsh Harrier; Western Reef-Heron; Whiskered Tern; White-eared Bulbul","n_species":31,"focal_species_seen":"","focal_species_slugs":"","has_focal":false,"GRID_CODE":"GJ-KU-ABD-010","DISTRICT":"Kachchh","BLOCK":"Abdasa"},"geometry":{"type":"Point","coordinates":[68.581724,23.399819]}},{"type":"Feature","properties":{"GROUP.ID":"G10884624","LOCALITY":"PMC2023_T20G7","LATITUDE":23.1717539,"LONGITUDE":70.0251653,"OBSERVATION.DATE":"2023-09-24","OBSERVER.ID":"obsr1326084","DURATION.MINUTES":38.0,"SAMPLING.EVENT.IDENTIFIER":"S150619121","species_list":"Asian Green Bee-eater; Baya Weaver; Blue-cheeked Bee-eater; Brahminy Starling; Common Babbler; Common Cuckoo; Common Hoopoe; Common Kingfisher; Common Tailorbird; Eastern Cattle-Egret; Eurasian Collared-Dove; Eurasian Wryneck; Gray Heron; Green Sandpiper; Indian Pond-Heron; Indian Robin; Indian Silverbill; Laughing Dove; Little Egret; Pied Cuckoo; Plain Prinia; Red-vented Bulbul; Rufous-tailed Scrub-Robin; Small Minivet; Spotted Flycatcher; Streaked Weaver; Western Reef-Heron; White-eared Bulbul; Wire-tailed Swallow","n_species":29,"focal_species_seen":"Blue-cheeked Bee-eater; Common Cuckoo; Rufous-tailed Scrub-Robin; Spotted Flycatcher","focal_species_slugs":"blue-cheeked-bee-eater;common-cuckoo;rufous-tailed-scrub-robin;spotted-flycatcher","has_focal":true,"GRID_CODE":"GJ-KU-ANJ-017","DISTRICT":"Kachchh","BLOCK":"Anjar"},"geometry":{"type":"Point","coordinates":[70.0251653,23.1717539]}},{"type":"Feature","properties":{"GROUP.ID":"G10889805","LOCALITY":"PMC2023_T21G7","LATITUDE":23.978174,"LONGITUDE":69.763218,"OBSERVATION.DATE":"2023-09-24","OBSERVER.ID":"obsr826272","DURATION.MINUTES":48.0,"SAMPLING.EVENT.IDENTIFIER":"S150619349","species_list":"Asian Green Bee-eater; Blue-cheeked Bee-eater; Chestnut-bellied Sandgrouse; Common Babbler; Common Sandpiper; European Roller; Gray Francolin; Greater Flamingo; Indian Cormorant; Indian Spot-billed Duck; Isabelline Shrike; Medium Egret; Red-tailed Shrike; Red-wattled Lapwing; Variable Wheatear","n_species":15,"focal_species_seen":"Blue-cheeked Bee-eater; European Roller; Red-tailed Shrike","focal_species_slugs":"blue-cheeked-bee-eater;european-roller;red-tailed-shrike","has_focal":true,"GRID_CODE":"GJ-KU-RAN-325","DISTRICT":"Kachchh","BLOCK":"Rann of Kachchh"},"geometry":{"type":"Point","coordinates":[69.763218,23.978174]}},{"type":"Feature","properties":{"GROUP.ID":"G11190394","LOCALITY":"PMC2023_T8G1","LATITUDE":23.460375,"LONGITUDE":69.24716,"OBSERVATION.DATE":"2023-09-24","OBSERVER.ID":"obsr1588246","DURATION.MINUTES":30.0,"SAMPLING.EVENT.IDENTIFIER":"S150619773","species_list":"Asian Green Bee-eater; Barn Swallow; Black Francolin; Chestnut-bellied Sandgrouse; Common Babbler; Common Hoopoe; Common Sandpiper; Eastern Red-rumped Swallow; Eurasian Collared-Dove; European Roller; Gray-breasted Prinia; Gray Francolin; Green Sandpiper; House Sparrow; Indian Robin; Indian Silverbill; Jungle Prinia; Laughing Dove; Plain Prinia; Red-vented Bulbul; Small Minivet; Streak-throated Swallow; Variable Wheatear; White-eared Bulbul; White-throated Kingfisher; Yellow-eyed Babbler; Zitting Cisticola","n_species":27,"focal_species_seen":"European Roller","focal_species_slugs":"european-roller","has_focal":true,"GRID_CODE":"GJ-KU-NAK-021","DISTRICT":"Kachchh","BLOCK":"Nakhatrana"},"geometry":{"type":"Point","coordinates":[69.24716,23.460375]}},{"type":"Feature","properties":{"GROUP.ID":"G10884090","LOCALITY":"PMC2023_T16G1","LATITUDE":23.347378,"LONGITUDE":69.493113,"OBSERVATION.DATE":"2023-09-24","OBSERVER.ID":"obsr226203","DURATION.MINUTES":53.0,"SAMPLING.EVENT.IDENTIFIER":"S150619934","species_list":"Asian Green Bee-eater; Bay-backed Shrike; Baya Weaver; Black-winged Stilt; Blue-cheeked Bee-eater; Common Babbler; Common Hoopoe; Eastern Cattle-Egret; Eastern Red-rumped Swallow; European Roller; Gray-breasted Prinia; Green Sandpiper; Indian Robin; Laughing Dove; Lesser Whitethroat; Plain Prinia; Purple Sunbird; Red-vented Bulbul; Spotted Flycatcher; Striolated Bunting; White-bellied Minivet; White-eared Bulbul; White-tailed Iora","n_species":23,"focal_species_seen":"Blue-cheeked Bee-eater; European Roller; Spotted Flycatcher","focal_species_slugs":"blue-cheeked-bee-eater;european-roller;spotted-flycatcher","has_focal":true,"GRID_CODE":"GJ-KU-BHU-107","DISTRICT":"Kachchh","BLOCK":"Bhuj"},"geometry":{"type":"Point","coordinates":[69.493113,23.347378]}},{"type":"Feature","properties":{"GROUP.ID":"G10884097","LOCALITY":"PMC2023_T16G6","LATITUDE":23.453806,"LONGITUDE":69.470697,"OBSERVATION.DATE":"2023-09-24","OBSERVER.ID":"obsr226203","DURATION.MINUTES":57.0,"SAMPLING.EVENT.IDENTIFIER":"S150619992","species_list":"Ashy-crowned Sparrow-Lark; Asian Green Bee-eater; Black Redstart; Common Hoopoe; Common Tailorbird; Eurasian Wryneck; Gray-breasted Prinia; Gray-necked Bunting; Gray Francolin; Gray Heron; Green Sandpiper; House Sparrow; Indian Peafowl; Indian Roller; Laughing Dove; Lesser Whitethroat; Purple Sunbird; Red-vented Bulbul; River Tern; White-eared Bulbul; White-eyed Buzzard; White-throated Kingfisher; Yellow-throated Sparrow","n_species":23,"focal_species_seen":"","focal_species_slugs":"","has_focal":false,"GRID_CODE":"GJ-KU-NAK-038","DISTRICT":"Kachchh","BLOCK":"Nakhatrana"},"geometry":{"type":"Point","coordinates":[69.470697,23.453806]}},{"type":"Feature","properties":{"GROUP.ID":"G10886398","LOCALITY":"PMC2023-T3G1","LATITUDE":23.418609,"LONGITUDE":68.646968,"OBSERVATION.DATE":"2023-09-24","OBSERVER.ID":"obsr1777443","DURATION.MINUTES":42.0,"SAMPLING.EVENT.IDENTIFIER":"S150621130","species_list":"Asian Green Bee-eater; Barn Swallow; Common Tailorbird; Eurasian Collared-Dove; Gray-breasted Prinia; Greater Coucal; House Sparrow; Laughing Dove; Purple Sunbird; Red-vented Bulbul; Red-wattled Lapwing; Rosy Starling; White-eared Bulbul; White-tailed Iora; Yellow-crowned Woodpecker","n_species":15,"focal_species_seen":"","focal_species_slugs":"","has_focal":false,"GRID_CODE":"GJ-KU-LAK-074","DISTRICT":"Kachchh","BLOCK":"Lakhpat"},"geometry":{"type":"Point","coordinates":[68.646968,23.418609]}},{"type":"Feature","properties":{"GROUP.ID":"G10884434","LOCALITY":"PMC2023_T6G3","LATITUDE":23.2163781,"LONGITUDE":68.7917208,"OBSERVATION.DATE":"2023-09-24","OBSERVER.ID":"obsr701947","DURATION.MINUTES":35.0,"SAMPLING.EVENT.IDENTIFIER":"S150622725","species_list":"Asian Green Bee-eater; Bay-backed Shrike; Baya Weaver; Black Drongo; Common Babbler; Common Tailorbird; Eastern Cattle-Egret; Eurasian Collared-Dove; Eurasian Nightjar; Eurasian Spoonbill; Glossy Ibis; Gray-breasted Prinia; Great Egret; Greater Coucal; House Sparrow; Indian Robin; Laughing Dove; Lesser Whitethroat; Plain Prinia; Purple Sunbird; Red-vented Bulbul; Red-wattled Lapwing; Rosy Starling; White-eared Bulbul; White-throated Kingfisher; Zitting Cisticola","n_species":26,"focal_species_seen":"","focal_species_slugs":"","has_focal":false,"GRID_CODE":"GJ-KU-ABD-047","DISTRICT":"Kachchh","BLOCK":"Abdasa"},"geometry":{"type":"Point","coordinates":[68.7917208,23.2163781]}},{"type":"Feature","properties":{"GROUP.ID":"G10884433","LOCALITY":"PMC2023_T6G6","LATITUDE":23.3132056,"LONGITUDE":68.8689953,"OBSERVATION.DATE":"2023-09-24","OBSERVER.ID":"obsr701947","DURATION.MINUTES":54.0,"SAMPLING.EVENT.IDENTIFIER":"S150622781","species_list":"Asian Green Bee-eater; Asian Koel; Barn Swallow; Bay-backed Shrike; Common Babbler; Common Hoopoe; Common Kingfisher; Common Myna; Common Sandpiper; Eurasian Collared-Dove; Eurasian Coot; Eurasian Wryneck; Glossy Ibis; Gray-bellied Cuckoo; Gray-breasted Prinia; Gray-headed Swamphen; Gray Francolin; Great Crested Grebe; House Crow; Indian Pond-Heron; Indian Robin; Indian Silverbill; Indian Spot-billed Duck; Laughing Dove; Little Heron; Oriental Darter; Pheasant-tailed Jacana; Purple Sunbird; Red-wattled Lapwing; Variable Wheatear; White-eared Bulbul; Wire-tailed Swallow; Yellow-wattled Lapwing","n_species":33,"focal_species_seen":"","focal_species_slugs":"","has_focal":false,"GRID_CODE":"GJ-KU-ABD-025","DISTRICT":"Kachchh","BLOCK":"Abdasa"},"geometry":{"type":"Point","coordinates":[68.8689953,23.3132056]}},{"type":"Feature","properties":{"GROUP.ID":"G10894024","LOCALITY":"PMC2023_T10G4","LATITUDE":23.3433043,"LONGITUDE":69.2393113,"OBSERVATION.DATE":"2023-09-24","OBSERVER.ID":"obsr870545","DURATION.MINUTES":4.0,"SAMPLING.EVENT.IDENTIFIER":"S150623861","species_list":"Black-winged Kite; Black Drongo; Brown Rock Chat; Common Hoopoe; Common Tailorbird; Common Woodshrike; Eastern Cattle-Egret; Eurasian Spoonbill; European Roller; Gray Francolin; Gray Heron; Great Egret; Indian Peafowl; Indian Pond-Heron; Indian Robin; Indian Roller; Laughing Dove; Red-vented Bulbul; Red-wattled Lapwing; Rosy Starling; Rufous-fronted Prinia","n_species":21,"focal_species_seen":"European Roller","focal_species_slugs":"european-roller","has_focal":true,"GRID_CODE":"GJ-KU-NAK-051","DISTRICT":"Kachchh","BLOCK":"Nakhatrana"},"geometry":{"type":"Point","coordinates":[69.2393113,23.3433043]}},{"type":"Feature","properties":{"GROUP.ID":"G10910219","LOCALITY":"PMC2023_T17G3","LATITUDE":23.470181,"LONGITUDE":69.61789,"OBSERVATION.DATE":"2023-09-24","OBSERVER.ID":"obsr1522701","DURATION.MINUTES":26.0,"SAMPLING.EVENT.IDENTIFIER":"S150623919","species_list":"Asian Green Bee-eater; Barn Swallow; Desert Wheatear; Eurasian Collared-Dove; Greater Short-toed Lark; House Crow; Isabelline Shrike; Isabelline Wheatear; Montagu's Harrier; Red-naped Ibis; Red-wattled Lapwing; Tawny Pipit; Variable Wheatear; White-eared Bulbul; Wire-tailed Swallow","n_species":15,"focal_species_seen":"","focal_species_slugs":"","has_focal":false,"GRID_CODE":"GJ-KU-LIT-039","DISTRICT":"Kachchh","BLOCK":"Little Rann"},"geometry":{"type":"Point","coordinates":[69.61789,23.470181]}},{"type":"Feature","properties":{"GROUP.ID":"G10910218","LOCALITY":"PMC2023_T17G1","LATITUDE":23.437915,"LONGITUDE":69.580097,"OBSERVATION.DATE":"2023-09-24","OBSERVER.ID":"obsr1522701","DURATION.MINUTES":63.0,"SAMPLING.EVENT.IDENTIFIER":"S150624025","species_list":"Ashy-crowned Sparrow-Lark; Asian Green Bee-eater; Eastern Cattle-Egret; Eurasian Collared-Dove; European Roller; Greater Coucal; Greater Whitethroat; Laughing Dove; Oriental Honey-buzzard; Purple Sunbird; Variable Wheatear; White-tailed Iora","n_species":12,"focal_species_seen":"European Roller; Greater Whitethroat","focal_species_slugs":"european-roller;greater-whitethroat","has_focal":true,"GRID_CODE":"GJ-KU-NAK-040","DISTRICT":"Kachchh","BLOCK":"Nakhatrana"},"geometry":{"type":"Point","coordinates":[69.580097,23.437915]}},{"type":"Feature","properties":{"GROUP.ID":"G10910217","LOCALITY":"PMC2023_T17G2","LATITUDE":23.467502,"LONGITUDE":69.510857,"OBSERVATION.DATE":"2023-09-24","OBSERVER.ID":"obsr1522701","DURATION.MINUTES":25.0,"SAMPLING.EVENT.IDENTIFIER":"S150624135","species_list":"Ashy-crowned Sparrow-Lark; Asian Green Bee-eater; Black-winged Kite; Eastern Cattle-Egret; Gray Francolin; Lesser Whitethroat; Purple Sunbird; Red-vented Bulbul; Rufous-fronted Prinia; White-eared Bulbul","n_species":10,"focal_species_seen":"","focal_species_slugs":"","has_focal":false,"GRID_CODE":"GJ-KU-NAK-027","DISTRICT":"Kachchh","BLOCK":"Nakhatrana"},"geometry":{"type":"Point","coordinates":[69.510857,23.467502]}},{"type":"Feature","properties":{"GROUP.ID":"G10910213","LOCALITY":"PMC2023_T17G5","LATITUDE":23.588662,"LONGITUDE":69.417889,"OBSERVATION.DATE":"2023-09-23","OBSERVER.ID":"obsr1522701","DURATION.MINUTES":30.0,"SAMPLING.EVENT.IDENTIFIER":"S150624755","species_list":"Ashy-crowned Sparrow-Lark; Blue-cheeked Bee-eater; Common Babbler; Isabelline Shrike; Lesser Whitethroat; Red-tailed Shrike; Rosy Starling; Rufous-fronted Prinia; Rufous-tailed Scrub-Robin; Tawny Pipit; Western Yellow Wagtail; Whiskered Tern","n_species":12,"focal_species_seen":"Blue-cheeked Bee-eater; Red-tailed Shrike; Rufous-tailed Scrub-Robin","focal_species_slugs":"blue-cheeked-bee-eater;red-tailed-shrike;rufous-tailed-scrub-robin","has_focal":true,"GRID_CODE":"GJ-KU-LIT-010","DISTRICT":"Kachchh","BLOCK":"Little Rann"},"geometry":{"type":"Point","coordinates":[69.417889,23.588662]}},{"type":"Feature","properties":{"GROUP.ID":"G10910211","LOCALITY":"PMC2023_T17G7","LATITUDE":23.637365,"LONGITUDE":69.492518,"OBSERVATION.DATE":"2023-09-23","OBSERVER.ID":"obsr1522701","DURATION.MINUTES":38.0,"SAMPLING.EVENT.IDENTIFIER":"S150625304","species_list":"Asian Green Bee-eater; Bank Swallow; Barn Swallow; Black-headed Ibis; Black Drongo; Black Redstart; Blue-cheeked Bee-eater; Common Babbler; Common Sandpiper; Eastern Orphean Warbler; Eastern Red-rumped Swallow; European Roller; House Crow; Isabelline Shrike; Little Cormorant; Little Egret; Long-tailed Shrike; Montagu's Harrier; Pied Cuckoo; Plain Prinia; Purple Sunbird; Red-wattled Lapwing; Spotted Flycatcher; Western Marsh Harrier; Whiskered Tern; White-eared Bulbul; White-throated Kingfisher","n_species":27,"focal_species_seen":"Blue-cheeked Bee-eater; European Roller; Spotted Flycatcher","focal_species_slugs":"blue-cheeked-bee-eater;european-roller;spotted-flycatcher","has_focal":true,"GRID_CODE":"GJ-KU-BHU-059","DISTRICT":"Kachchh","BLOCK":"Bhuj"},"geometry":{"type":"Point","coordinates":[69.492518,23.637365]}},{"type":"Feature","properties":{"GROUP.ID":"G11248122","LOCALITY":"PMC2023_T28G2","LATITUDE":23.5328592,"LONGITUDE":70.6827713,"OBSERVATION.DATE":"2023-09-23","OBSERVER.ID":"obsr908812","DURATION.MINUTES":34.0,"SAMPLING.EVENT.IDENTIFIER":"S150625678","species_list":"Ashy-crowned Sparrow-Lark; Asian Green Bee-eater; Baya Weaver; Black-winged Kite; House Sparrow; Indian Silverbill; Red-vented Bulbul; Red-wattled Lapwing; Red Collared-Dove; Spotted Flycatcher","n_species":10,"focal_species_seen":"Spotted Flycatcher","focal_species_slugs":"spotted-flycatcher","has_focal":true,"GRID_CODE":"GJ-KU-RAP-064","DISTRICT":"Kachchh","BLOCK":"Rapar"},"geometry":{"type":"Point","coordinates":[70.6827713,23.5328592]}},{"type":"Feature","properties":{"GROUP.ID":"G11248121","LOCALITY":"PMC2023_T28G1","LATITUDE":23.4960646,"LONGITUDE":70.641527,"OBSERVATION.DATE":"2023-09-23","OBSERVER.ID":"obsr908812","DURATION.MINUTES":29.0,"SAMPLING.EVENT.IDENTIFIER":"S150625747","species_list":"Ashy-crowned Sparrow-Lark; Asian Green Bee-eater; Common Babbler; Dusky Crag-Martin; Eurasian Collared-Dove; House Sparrow; Indian Bushlark; Indian Robin; Red-vented Bulbul; White-eared Bulbul","n_species":10,"focal_species_seen":"","focal_species_slugs":"","has_focal":false,"GRID_CODE":"GJ-KU-RAP-074","DISTRICT":"Kachchh","BLOCK":"Rapar"},"geometry":{"type":"Point","coordinates":[70.641527,23.4960646]}},{"type":"Feature","properties":{"GROUP.ID":"G11248120","LOCALITY":"PMC2023_T28G5","LATITUDE":23.70198,"LONGITUDE":70.56044,"OBSERVATION.DATE":"2023-09-24","OBSERVER.ID":"obsr908812","DURATION.MINUTES":57.0,"SAMPLING.EVENT.IDENTIFIER":"S150625849","species_list":"Asian Green Bee-eater; Bay-backed Shrike; Brahminy Starling; Common Babbler; Common Hoopoe; Common Tailorbird; Eurasian Collared-Dove; Eurasian Wryneck; European Roller; Gray-breasted Prinia; Indian Robin; Indian Silverbill; Laughing Dove; Lesser Whitethroat; Purple Sunbird; Red-naped Ibis; Red-vented Bulbul; Red Collared-Dove; Rosy Starling; Variable Wheatear; White-eared Bulbul","n_species":21,"focal_species_seen":"European Roller","focal_species_slugs":"european-roller","has_focal":true,"GRID_CODE":"GJ-KU-RAP-029","DISTRICT":"Kachchh","BLOCK":"Rapar"},"geometry":{"type":"Point","coordinates":[70.56044,23.70198]}},{"type":"Feature","properties":{"GROUP.ID":"G11248119","LOCALITY":"PMC2023_T28G3","LATITUDE":23.5923281,"LONGITUDE":70.5689876,"OBSERVATION.DATE":"2023-09-24","OBSERVER.ID":"obsr908812","DURATION.MINUTES":33.0,"SAMPLING.EVENT.IDENTIFIER":"S150625898","species_list":"Asian Green Bee-eater; Common Babbler; Gray-breasted Prinia; Gray Francolin; Indian Silverbill; Laughing Dove; Pied Cuckoo; Purple Sunbird; Red-vented Bulbul; White-eared Bulbul","n_species":10,"focal_species_seen":"","focal_species_slugs":"","has_focal":false,"GRID_CODE":"GJ-KU-RAP-050","DISTRICT":"Kachchh","BLOCK":"Rapar"},"geometry":{"type":"Point","coordinates":[70.5689876,23.5923281]}},{"type":"Feature","properties":{"GROUP.ID":"G11190393","LOCALITY":"Kutchch--General Area (OBI)","LATITUDE":23.2428716,"LONGITUDE":69.6552078,"OBSERVATION.DATE":"2023-09-24","OBSERVER.ID":"obsr1588246","DURATION.MINUTES":null,"SAMPLING.EVENT.IDENTIFIER":"S150626428","species_list":"Red-naped Ibis","n_species":1,"focal_species_seen":"","focal_species_slugs":"","has_focal":false,"GRID_CODE":"GJ-KU-BHU-134","DISTRICT":"Kachchh","BLOCK":"Bhuj"},"geometry":{"type":"Point","coordinates":[69.6552078,23.2428716]}},{"type":"Feature","properties":{"GROUP.ID":"G10884690","LOCALITY":"PMC2023_T2G7","LATITUDE":23.7997961,"LONGITUDE":68.7882965,"OBSERVATION.DATE":"2023-09-24","OBSERVER.ID":"obsr1055226","DURATION.MINUTES":27.0,"SAMPLING.EVENT.IDENTIFIER":"S150626451","species_list":"Ashy-crowned Sparrow-Lark; Asian Green Bee-eater; Common Babbler; Eastern Cattle-Egret; Eurasian Kestrel; European Roller; Gray-necked Bunting; Gray Francolin; House Crow; Indian Bushlark; Jungle Prinia; Long-tailed Shrike; Paddyfield Pipit; Purple Sunbird; Red-vented Bulbul; Rufous-fronted Prinia; White-eared Bulbul","n_species":17,"focal_species_seen":"European Roller","focal_species_slugs":"european-roller","has_focal":true,"GRID_CODE":"GJ-KU-LAK-005","DISTRICT":"Kachchh","BLOCK":"Lakhpat"},"geometry":{"type":"Point","coordinates":[68.7882965,23.7997961]}},{"type":"Feature","properties":{"GROUP.ID":"G10884653","LOCALITY":"PMC2023_T26G6","LATITUDE":23.9307647,"LONGITUDE":70.6267687,"OBSERVATION.DATE":"2023-09-24","OBSERVER.ID":"obsr1430296","DURATION.MINUTES":26.0,"SAMPLING.EVENT.IDENTIFIER":"S150626473","species_list":"Asian Green Bee-eater; Baya Weaver; Blue-cheeked Bee-eater; Common Babbler; Eastern Cattle-Egret; Eurasian Collared-Dove; European Roller; Greater Flamingo; Indian Peafowl; Indian Pond-Heron; Indian Robin; Indian Silverbill; Isabelline Shrike; Laughing Dove; Lesser Flamingo; Purple Sunbird; Red-wattled Lapwing; Red Collared-Dove; Rufous-tailed Scrub-Robin; Variable Wheatear; White-eared Bulbul","n_species":21,"focal_species_seen":"Blue-cheeked Bee-eater; European Roller; Rufous-tailed Scrub-Robin","focal_species_slugs":"blue-cheeked-bee-eater;european-roller;rufous-tailed-scrub-robin","has_focal":true,"GRID_CODE":"GJ-KU-RAP-002","DISTRICT":"Kachchh","BLOCK":"Rapar"},"geometry":{"type":"Point","coordinates":[70.6267687,23.9307647]}},{"type":"Feature","properties":{"GROUP.ID":"G10884689","LOCALITY":"PMC2023_T2G5","LATITUDE":23.7394372,"LONGITUDE":68.750245,"OBSERVATION.DATE":"2023-09-24","OBSERVER.ID":"obsr1055226","DURATION.MINUTES":74.0,"SAMPLING.EVENT.IDENTIFIER":"S150626582","species_list":"Ashy-crowned Sparrow-Lark; Asian Green Bee-eater; Bay-backed Shrike; Black-winged Kite; Black Drongo; Brahminy Starling; Common Hoopoe; Common Sandpiper; Eastern Cattle-Egret; Eurasian Coot; European Roller; Gray-necked Bunting; Gray Francolin; Indian Peafowl; Laughing Dove; Little Grebe; Long-billed Pipit; Purple Sunbird; Red-vented Bulbul; Red-wattled Lapwing; Rosy Starling; Rufous-fronted Prinia; Variable Wheatear; White-eared Bulbul; White-throated Kingfisher; Wire-tailed Swallow","n_species":26,"focal_species_seen":"European Roller","focal_species_slugs":"european-roller","has_focal":true,"GRID_CODE":"GJ-KU-LAK-011","DISTRICT":"Kachchh","BLOCK":"Lakhpat"},"geometry":{"type":"Point","coordinates":[68.750245,23.7394372]}},{"type":"Feature","properties":{"GROUP.ID":"G10885780","LOCALITY":"PMC2023_T22G2","LATITUDE":23.7808801,"LONGITUDE":69.6616091,"OBSERVATION.DATE":"2023-09-24","OBSERVER.ID":"obsr391659","DURATION.MINUTES":54.0,"SAMPLING.EVENT.IDENTIFIER":"S150626806","species_list":"Black-winged Stilt; Caspian Tern; Common Sandpiper; Eurasian Spoonbill; Gray Heron; Great Egret; Green-winged Teal; Gull-billed Tern; Kentish Plover; Little Egret; Little Ringed Plover; Little Stint; Northern Pintail; Northern Shoveler; Pied Avocet; River Tern; Ruff; Slender-billed Gull; Temminck's Stint; Tibetan Sand-Plover; Western Reef-Heron; Whiskered Tern; Wire-tailed Swallow","n_species":23,"focal_species_seen":"","focal_species_slugs":"","has_focal":false,"GRID_CODE":"GJ-KU-RAN-505","DISTRICT":"Kachchh","BLOCK":"Rann of Kachchh"},"geometry":{"type":"Point","coordinates":[69.6616091,23.7808801]}},{"type":"Feature","properties":{"GROUP.ID":"G10884652","LOCALITY":"PMC2023_T26G1","LATITUDE":23.7602597,"LONGITUDE":70.6724927,"OBSERVATION.DATE":"2023-09-23","OBSERVER.ID":"obsr1430296","DURATION.MINUTES":60.0,"SAMPLING.EVENT.IDENTIFIER":"S150627120","species_list":"Ashy-crowned Sparrow-Lark; Asian Green Bee-eater; Barred Buttonquail; Bay-backed Shrike; Black-crowned Night Heron; Black-tailed Godwit; Caspian Tern; Common Babbler; Common Hoopoe; Eastern Cattle-Egret; Eurasian Collared-Dove; European Roller; Gray-throated Martin; Gray Francolin; Great Thick-knee; Greater Flamingo; Indian Bushlark; Indian Cormorant; Indian Peafowl; Indian Robin; Indian Silverbill; Laughing Dove; Lesser Whitethroat; Little Egret; Montagu's Harrier; Plain Prinia; Purple Sunbird; Red-vented Bulbul; River Tern; Western Marsh Harrier; White-throated Kingfisher; Yellow-throated Sparrow","n_species":32,"focal_species_seen":"European Roller","focal_species_slugs":"european-roller","has_focal":true,"GRID_CODE":"GJ-KU-RAP-024","DISTRICT":"Kachchh","BLOCK":"Rapar"},"geometry":{"type":"Point","coordinates":[70.6724927,23.7602597]}},{"type":"Feature","properties":{"GROUP.ID":"G10885643","LOCALITY":"PMC2023_T18G2","LATITUDE":23.2363312,"LONGITUDE":69.8810527,"OBSERVATION.DATE":"2023-09-24","OBSERVER.ID":"obsr2918706","DURATION.MINUTES":57.0,"SAMPLING.EVENT.IDENTIFIER":"S150627280","species_list":"Ashy-crowned Sparrow-Lark; Asian Green Bee-eater; Bay-backed Shrike; Baya Weaver; Black-winged Stilt; Common Babbler; Common Kingfisher; Desert Wheatear; Eurasian Collared-Dove; Eurasian Coot; European Roller; House Sparrow; Indian Pond-Heron; Indian Silverbill; Indian Spot-billed Duck; Laughing Dove; Little Cormorant; Little Grebe; Pied Kingfisher; Plain Prinia; Purple Sunbird; Red-vented Bulbul; Red-wattled Lapwing; River Tern; Rufous-tailed Lark; Streak-throated Swallow; White-eared Bulbul","n_species":27,"focal_species_seen":"European Roller","focal_species_slugs":"european-roller","has_focal":true,"GRID_CODE":"GJ-KU-BHU-139","DISTRICT":"Kachchh","BLOCK":"Bhuj"},"geometry":{"type":"Point","coordinates":[69.8810527,23.2363312]}},{"type":"Feature","properties":{"GROUP.ID":"G10885642","LOCALITY":"PMC2023_T18G1","LATITUDE":23.2319732,"LONGITUDE":69.7712857,"OBSERVATION.DATE":"2023-09-24","OBSERVER.ID":"obsr2918706","DURATION.MINUTES":34.0,"SAMPLING.EVENT.IDENTIFIER":"S150627315","species_list":"Ashy-crowned Sparrow-Lark; Asian Green Bee-eater; Asian Koel; Baya Weaver; Black-winged Kite; Black Drongo; Common Tailorbird; Eastern Cattle-Egret; Eastern Red-rumped Swallow; European Roller; Gray Francolin; Indian Robin; Indian Silverbill; Laughing Dove; Little Egret; Medium Egret; Plain Prinia; Purple Sunbird; Red-vented Bulbul; White-eared Bulbul; White-throated Kingfisher","n_species":21,"focal_species_seen":"European Roller","focal_species_slugs":"european-roller","has_focal":true,"GRID_CODE":"GJ-KU-BHU-137","DISTRICT":"Kachchh","BLOCK":"Bhuj"},"geometry":{"type":"Point","coordinates":[69.7712857,23.2319732]}},{"type":"Feature","properties":{"GROUP.ID":"G10884645","LOCALITY":"PMC2023_T26G5","LATITUDE":23.8770382,"LONGITUDE":70.76947,"OBSERVATION.DATE":"2023-09-23","OBSERVER.ID":"obsr1526687","DURATION.MINUTES":94.0,"SAMPLING.EVENT.IDENTIFIER":"S150627385","species_list":"Ashy-crowned Sparrow-Lark; Asian Green Bee-eater; Bay-backed Shrike; Black Drongo; Common Hoopoe; Common Tailorbird; Eurasian Collared-Dove; Eurasian Wryneck; European Roller; Gray-necked Bunting; Gray Francolin; Indian Peafowl; Indian Robin; Laughing Dove; Lesser Whitethroat; Little Grebe; Purple Sunbird; Red-vented Bulbul; Rufous-tailed Lark; Short-toed Snake-Eagle; Spotted Flycatcher; White-eared Bulbul; White-throated Kingfisher","n_species":23,"focal_species_seen":"European Roller; Spotted Flycatcher","focal_species_slugs":"european-roller;spotted-flycatcher","has_focal":true,"GRID_CODE":"GJ-KU-RAP-007","DISTRICT":"Kachchh","BLOCK":"Rapar"},"geometry":{"type":"Point","coordinates":[70.76947,23.8770382]}},{"type":"Feature","properties":{"GROUP.ID":"G10885640","LOCALITY":"PMC2023_T18G4","LATITUDE":23.2668807,"LONGITUDE":69.6365861,"OBSERVATION.DATE":"2023-09-24","OBSERVER.ID":"obsr2918706","DURATION.MINUTES":47.0,"SAMPLING.EVENT.IDENTIFIER":"S150627659","species_list":"Ashy-crowned Sparrow-Lark; Asian Green Bee-eater; Barred Buttonquail; Bay-backed Shrike; Common Babbler; Desert Wheatear; House Sparrow; Isabelline Shrike; Laughing Dove; Medium Egret; Paddyfield Pipit; Red-backed Shrike; Red-naped Ibis; Red-tailed Shrike; Red-vented Bulbul; Red-wattled Lapwing; Rosy Starling; Rufous-tailed Lark; White-eared Bulbul; Yellow-wattled Lapwing","n_species":20,"focal_species_seen":"Red-backed Shrike; Red-tailed Shrike","focal_species_slugs":"red-backed-shrike;red-tailed-shrike","has_focal":true,"GRID_CODE":"GJ-KU-BHU-122","DISTRICT":"Kachchh","BLOCK":"Bhuj"},"geometry":{"type":"Point","coordinates":[69.6365861,23.2668807]}},{"type":"Feature","properties":{"GROUP.ID":"G10884697","LOCALITY":"PMC2023_T26G3","LATITUDE":23.848511,"LONGITUDE":70.8261289,"OBSERVATION.DATE":"2023-09-23","OBSERVER.ID":"obsr1430296","DURATION.MINUTES":27.0,"SAMPLING.EVENT.IDENTIFIER":"S150628250","species_list":"Asian Green Bee-eater; Barn Swallow; Baya Weaver; Eurasian Collared-Dove; European Roller; Greater Flamingo; House Sparrow; Indian Peafowl; Laughing Dove; Little Cormorant; Northern Shoveler; Pied Kingfisher; Red Collared-Dove; Rosy Starling; Rufous-fronted Prinia; White-breasted Waterhen; White-eared Bulbul; Yellow-throated Sparrow","n_species":18,"focal_species_seen":"European Roller","focal_species_slugs":"european-roller","has_focal":true,"GRID_CODE":"GJ-KU-RAP-013","DISTRICT":"Kachchh","BLOCK":"Rapar"},"geometry":{"type":"Point","coordinates":[70.8261289,23.848511]}},{"type":"Feature","properties":{"GROUP.ID":"G10884777","LOCALITY":"PMC2023_T26G4","LATITUDE":23.8977516,"LONGITUDE":70.6920849,"OBSERVATION.DATE":"2023-09-24","OBSERVER.ID":"obsr1526687","DURATION.MINUTES":78.0,"SAMPLING.EVENT.IDENTIFIER":"S150628654","species_list":"Ashy-crowned Sparrow-Lark; Asian Green Bee-eater; Baya Weaver; Brahminy Starling; Common Hoopoe; Common Tailorbird; Eurasian Kestrel; European Roller; Gray Francolin; Indian Peafowl; Indian Robin; Laughing Dove; Lesser Whistling-Duck; Lesser Whitethroat; Pied Cuckoo; Purple Sunbird; Red-vented Bulbul; Red-wattled Lapwing; River Tern; Rufous-fronted Prinia; Rufous-tailed Lark; White-eared Bulbul","n_species":22,"focal_species_seen":"European Roller","focal_species_slugs":"european-roller","has_focal":true,"GRID_CODE":"GJ-KU-RAP-005","DISTRICT":"Kachchh","BLOCK":"Rapar"},"geometry":{"type":"Point","coordinates":[70.6920849,23.8977516]}},{"type":"Feature","properties":{"GROUP.ID":"G10889804","LOCALITY":"PMC2023_T21G1","LATITUDE":24.050938,"LONGITUDE":69.587442,"OBSERVATION.DATE":"2023-09-23","OBSERVER.ID":"obsr826272","DURATION.MINUTES":42.0,"SAMPLING.EVENT.IDENTIFIER":"S150629024","species_list":"Asian Green Bee-eater; Black Drongo; Common Babbler; Eurasian Kestrel; European Roller; Red-wattled Lapwing; White-eyed Buzzard","n_species":7,"focal_species_seen":"European Roller","focal_species_slugs":"european-roller","has_focal":true,"GRID_CODE":"GJ-KU-RAN-268","DISTRICT":"Kachchh","BLOCK":"Rann of Kachchh"},"geometry":{"type":"Point","coordinates":[69.587442,24.050938]}},{"type":"Feature","properties":{"GROUP.ID":"G10884832","LOCALITY":"PMC_23 T13G2","LATITUDE":22.8500167,"LONGITUDE":69.2262057,"OBSERVATION.DATE":"2023-09-23","OBSERVER.ID":"obsr2176608","DURATION.MINUTES":53.0,"SAMPLING.EVENT.IDENTIFIER":"S150630213","species_list":"Barn Swallow; Baya Weaver; Black Drongo; Common Babbler; Common Cuckoo; Common Hoopoe; Common Kingfisher; Common Myna; Common Sandpiper; Dusky Crag-Martin; Eurasian Spoonbill; European Roller; Gray Francolin; Greater Whitethroat; House Sparrow; Indian Cormorant; Indian Pond-Heron; Indian Robin; Indian Silverbill; Lesser Whitethroat; Little Cormorant; Long-tailed Shrike; Paddyfield Pipit; Pied Kingfisher; Plain Prinia; Purple Sunbird; Red-backed Shrike; Red-vented Bulbul; Red-wattled Lapwing; Red Collared-Dove; River Tern; Rosy Starling; Ruff; Rufous-fronted Prinia; Spotted Flycatcher; Streak-throated Swallow; Sykes's Warbler; Western Reef-Heron; Wire-tailed Swallow; Yellow-wattled Lapwing","n_species":40,"focal_species_seen":"Common Cuckoo; European Roller; Greater Whitethroat; Red-backed Shrike; Spotted Flycatcher","focal_species_slugs":"common-cuckoo;european-roller;greater-whitethroat;red-backed-shrike;spotted-flycatcher","has_focal":true,"GRID_CODE":"GJ-KU-MAN-046","DISTRICT":"Kachchh","BLOCK":"Mandvi"},"geometry":{"type":"Point","coordinates":[69.2262057,22.8500167]}},{"type":"Feature","properties":{"GROUP.ID":"G10884799","LOCALITY":"PMC2023_T26G2","LATITUDE":23.7721291,"LONGITUDE":70.8631766,"OBSERVATION.DATE":"2023-09-23","OBSERVER.ID":"obsr1430296","DURATION.MINUTES":28.0,"SAMPLING.EVENT.IDENTIFIER":"S150630311","species_list":"Barn Swallow; Black-tailed Godwit; Caspian Tern; Common Sandpiper; Eastern Cattle-Egret; Gray Heron; Laughing Dove; Little Cormorant; Little Tern; Painted Stork; Pied Avocet; Pied Kingfisher; River Tern; Rosy Starling; Western Marsh Harrier; Whiskered Tern","n_species":16,"focal_species_seen":"","focal_species_slugs":"","has_focal":false,"GRID_CODE":"GJ-KU-RAN-519","DISTRICT":"Kachchh","BLOCK":"Rann of Kachchh"},"geometry":{"type":"Point","coordinates":[70.8631766,23.7721291]}},{"type":"Feature","properties":{"GROUP.ID":"G10884778","LOCALITY":"PMC2023_T30G2","LATITUDE":23.2222789,"LONGITUDE":70.2627749,"OBSERVATION.DATE":"2023-09-24","OBSERVER.ID":"obsr3561725","DURATION.MINUTES":70.0,"SAMPLING.EVENT.IDENTIFIER":"S150630432","species_list":"Asian Green Bee-eater; Barn Swallow; Black-crowned Night Heron; Black-winged Stilt; Common Babbler; Common Cuckoo; Common Kingfisher; Common Tailorbird; Dusky Crag-Martin; Eastern Cattle-Egret; Eurasian Collared-Dove; Eurasian Coot; Eurasian Moorhen; European Roller; Gray Francolin; Great Egret; Green Sandpiper; Indian Pond-Heron; Indian Silverbill; Indian Spot-billed Duck; Laughing Dove; Little Cormorant; Little Egret; Little Stint; Little Swift; Medium Egret; Painted Stork; Pied Kingfisher; Plain Prinia; Purple Sunbird; Red-wattled Lapwing; River Tern; Rose-ringed Parakeet; Rosy Starling; Streaked Weaver; Sykes's Warbler; White-eared Bulbul; White-tailed Iora; White-throated Kingfisher; Wire-tailed Swallow","n_species":40,"focal_species_seen":"Common Cuckoo; European Roller","focal_species_slugs":"common-cuckoo;european-roller","has_focal":true,"GRID_CODE":"GJ-KU-BHA-063","DISTRICT":"Kachchh","BLOCK":"Bhachau"},"geometry":{"type":"Point","coordinates":[70.2627749,23.2222789]}},{"type":"Feature","properties":{"GROUP.ID":"G10884831","LOCALITY":"PMC_T13G5","LATITUDE":22.8387993,"LONGITUDE":69.5576758,"OBSERVATION.DATE":"2023-09-24","OBSERVER.ID":"obsr2176608","DURATION.MINUTES":49.0,"SAMPLING.EVENT.IDENTIFIER":"S150631068","species_list":"Asian Green Bee-eater; Bay-backed Shrike; Baya Weaver; Black Drongo; Brahminy Starling; Common Babbler; Common Myna; Eurasian Wryneck; Gray Francolin; Greater Whitethroat; House Sparrow; Indian Pond-Heron; Indian Robin; Indian Silverbill; Laughing Dove; Little Egret; Long-tailed Shrike; Paddyfield Pipit; Plain Prinia; Purple Sunbird; Rain Quail; Red-naped Ibis; Red-wattled Lapwing; Rosy Starling; Sykes's Warbler; Western Yellow Wagtail; White-eared Bulbul; White-tailed Iora","n_species":28,"focal_species_seen":"Greater Whitethroat","focal_species_slugs":"greater-whitethroat","has_focal":true,"GRID_CODE":"GJ-KU-MUN-026","DISTRICT":"Kachchh","BLOCK":"Mundra"},"geometry":{"type":"Point","coordinates":[69.5576758,22.8387993]}},{"type":"Feature","properties":{"GROUP.ID":"G10885050","LOCALITY":"PMC2023_T6G1","LATITUDE":23.1838282,"LONGITUDE":68.7503909,"OBSERVATION.DATE":"2023-09-24","OBSERVER.ID":"obsr701947","DURATION.MINUTES":56.0,"SAMPLING.EVENT.IDENTIFIER":"S150635479","species_list":"Black-winged Kite; Black Francolin; Gray-breasted Prinia; Gray Francolin; Great Gray Shrike; Greater Coucal; Indian Bushlark; Rain Quail; Red-tailed Shrike; Red-wattled Lapwing; Siberian Stonechat; Spotted Flycatcher; Zitting Cisticola","n_species":13,"focal_species_seen":"Red-tailed Shrike; Spotted Flycatcher","focal_species_slugs":"red-tailed-shrike;spotted-flycatcher","has_focal":true,"GRID_CODE":"GJ-KU-ABD-058","DISTRICT":"Kachchh","BLOCK":"Abdasa"},"geometry":{"type":"Point","coordinates":[68.7503909,23.1838282]}},{"type":"Feature","properties":{"GROUP.ID":"G10889172","LOCALITY":"PMC2023_T14G6","LATITUDE":23.1238853,"LONGITUDE":69.3267794,"OBSERVATION.DATE":"2023-09-24","OBSERVER.ID":"obsr1173703","DURATION.MINUTES":29.0,"SAMPLING.EVENT.IDENTIFIER":"S150636096","species_list":"Asian Green Bee-eater; Black-winged Kite; Black Drongo; Brahminy Starling; Common Babbler; Common Myna; Common Tailorbird; Eastern Cattle-Egret; Eastern Red-rumped Swallow; Eurasian Wryneck; Gray-breasted Prinia; Gray Francolin; Greater Coucal; Indian Golden Oriole; Indian Robin; Indian Roller; Laughing Dove; Plain Prinia; Purple Sunbird; Red-vented Bulbul; Red-wattled Lapwing; Small Minivet; Spotted Flycatcher; White-throated Kingfisher","n_species":24,"focal_species_seen":"Spotted Flycatcher","focal_species_slugs":"spotted-flycatcher","has_focal":true,"GRID_CODE":"GJ-KU-NAK-068","DISTRICT":"Kachchh","BLOCK":"Nakhatrana"},"geometry":{"type":"Point","coordinates":[69.3267794,23.1238853]}},{"type":"Feature","properties":{"GROUP.ID":"G10889171","LOCALITY":"PMC2023_T14_G7","LATITUDE":23.1991585,"LONGITUDE":69.3933116,"OBSERVATION.DATE":"2023-09-24","OBSERVER.ID":"obsr1173703","DURATION.MINUTES":45.0,"SAMPLING.EVENT.IDENTIFIER":"S150637280","species_list":"Asian Green Bee-eater; Barn Swallow; Baya Weaver; Black-winged Kite; Black Drongo; Common Babbler; Common Tailorbird; Eastern Cattle-Egret; Eastern Red-rumped Swallow; European Roller; Gray-breasted Prinia; Gray Francolin; Greater Coucal; House Sparrow; Indian Peafowl; Indian Robin; Jungle Prinia; Laughing Dove; Long-tailed Shrike; Plain Prinia; Purple Sunbird; Red-vented Bulbul; Red-wattled Lapwing; Small Minivet; Spotted Flycatcher; White-tailed Iora; Wire-tailed Swallow","n_species":27,"focal_species_seen":"European Roller; Spotted Flycatcher","focal_species_slugs":"european-roller;spotted-flycatcher","has_focal":true,"GRID_CODE":"GJ-KU-BHU-141","DISTRICT":"Kachchh","BLOCK":"Bhuj"},"geometry":{"type":"Point","coordinates":[69.3933116,23.1991585]}},{"type":"Feature","properties":{"GROUP.ID":"G10889170","LOCALITY":"PMC2023_T14G8","LATITUDE":23.229464,"LONGITUDE":69.4364143,"OBSERVATION.DATE":"2023-09-24","OBSERVER.ID":"obsr1173703","DURATION.MINUTES":34.0,"SAMPLING.EVENT.IDENTIFIER":"S150637533","species_list":"Asian Green Bee-eater; Bay-backed Shrike; Black Drongo; Blyth's Reed Warbler; Common Babbler; Common Hoopoe; Common Tailorbird; Common Woodshrike; Eastern Cattle-Egret; Eastern Orphean Warbler; Eastern Red-rumped Swallow; Eurasian Wryneck; European Roller; Gray-breasted Prinia; Gray Francolin; Greater Coucal; House Sparrow; Indian Robin; Indian Silverbill; Jungle Prinia; Laughing Dove; Long-tailed Shrike; Oriental Honey-buzzard; Plain Prinia; Purple Sunbird; Red-naped Ibis; Red-vented Bulbul; Red-wattled Lapwing; Spotted Flycatcher; Tree Pipit; White-bellied Minivet; White-eared Bulbul; White-tailed Iora","n_species":33,"focal_species_seen":"European Roller; Spotted Flycatcher","focal_species_slugs":"european-roller;spotted-flycatcher","has_focal":true,"GRID_CODE":"GJ-KU-BHU-130","DISTRICT":"Kachchh","BLOCK":"Bhuj"},"geometry":{"type":"Point","coordinates":[69.4364143,23.229464]}},{"type":"Feature","properties":{"GROUP.ID":"G10910210","LOCALITY":"PMC2023_T17G6","LATITUDE":23.607659,"LONGITUDE":69.506129,"OBSERVATION.DATE":"2023-09-23","OBSERVER.ID":"obsr1522701","DURATION.MINUTES":29.0,"SAMPLING.EVENT.IDENTIFIER":"S150662261","species_list":"Asian Green Bee-eater; Blue-cheeked Bee-eater; Green Sandpiper; Isabelline Shrike; Pied Cuckoo; Red-wattled Lapwing; Rufous-fronted Prinia; Tibetan Sand-Plover; Western Yellow Wagtail; Whiskered Tern; White-eared Bulbul","n_species":11,"focal_species_seen":"Blue-cheeked Bee-eater","focal_species_slugs":"blue-cheeked-bee-eater","has_focal":true,"GRID_CODE":"GJ-KU-LIT-012","DISTRICT":"Kachchh","BLOCK":"Little Rann"},"geometry":{"type":"Point","coordinates":[69.506129,23.607659]}},{"type":"Feature","properties":{"GROUP.ID":"G10887362","LOCALITY":"PMC2023_T30G3","LATITUDE":23.2938199,"LONGITUDE":70.3273209,"OBSERVATION.DATE":"2023-09-24","OBSERVER.ID":"obsr3561725","DURATION.MINUTES":30.0,"SAMPLING.EVENT.IDENTIFIER":"S150671823","species_list":"Barn Swallow; Eastern Cattle-Egret; Eastern Red-rumped Swallow; Little Swift; Red-wattled Lapwing; River Tern; Wire-tailed Swallow","n_species":7,"focal_species_seen":"","focal_species_slugs":"","has_focal":false,"GRID_CODE":"GJ-KU-BHA-053","DISTRICT":"Kachchh","BLOCK":"Bhachau"},"geometry":{"type":"Point","coordinates":[70.3273209,23.2938199]}},{"type":"Feature","properties":{"GROUP.ID":"G10891097","LOCALITY":"PMC2023_T7G2","LATITUDE":23.6679876,"LONGITUDE":69.6059481,"OBSERVATION.DATE":"2023-09-23","OBSERVER.ID":"obsr457663","DURATION.MINUTES":18.0,"SAMPLING.EVENT.IDENTIFIER":"S150708181","species_list":"Blue-cheeked Bee-eater; European Roller","n_species":2,"focal_species_seen":"Blue-cheeked Bee-eater; European Roller","focal_species_slugs":"blue-cheeked-bee-eater;european-roller","has_focal":true,"GRID_CODE":"GJ-KU-BHU-047","DISTRICT":"Kachchh","BLOCK":"Bhuj"},"geometry":{"type":"Point","coordinates":[69.6059481,23.6679876]}},{"type":"Feature","properties":{"GROUP.ID":"G10890533","LOCALITY":"PMC2023_T30G5","LATITUDE":23.3454316,"LONGITUDE":70.3930946,"OBSERVATION.DATE":"2023-09-24","OBSERVER.ID":"obsr3561725","DURATION.MINUTES":55.0,"SAMPLING.EVENT.IDENTIFIER":"S150710655","species_list":"Ashy-crowned Sparrow-Lark; Asian Green Bee-eater; Barn Swallow; Black-headed Ibis; Blue-cheeked Bee-eater; Collared Pratincole; Common Babbler; Common Tailorbird; Eastern Cattle-Egret; Eastern Red-rumped Swallow; Eurasian Collared-Dove; Eurasian Kestrel; Eurasian Spoonbill; Glossy Ibis; Gray-breasted Prinia; Gray Francolin; Great White Pelican; House Crow; House Sparrow; Indian Silverbill; Laughing Dove; Little Cormorant; Little Swift; Painted Stork; Plain Prinia; Red-tailed Shrike; Red-wattled Lapwing; River Tern; Rufous-tailed Lark; Short-toed Snake-Eagle; Streak-throated Swallow; Tree Pipit; Western Yellow Wagtail; White-eared Bulbul; Wire-tailed Swallow; Zitting Cisticola","n_species":36,"focal_species_seen":"Blue-cheeked Bee-eater; Red-tailed Shrike","focal_species_slugs":"blue-cheeked-bee-eater;red-tailed-shrike","has_focal":true,"GRID_CODE":"GJ-KU-BHA-043","DISTRICT":"Kachchh","BLOCK":"Bhachau"},"geometry":{"type":"Point","coordinates":[70.3930946,23.3454316]}},{"type":"Feature","properties":{"GROUP.ID":"G10890591","LOCALITY":"PMC2023_T30G8","LATITUDE":23.2438613,"LONGITUDE":70.4770352,"OBSERVATION.DATE":"2023-09-24","OBSERVER.ID":"obsr3561725","DURATION.MINUTES":43.0,"SAMPLING.EVENT.IDENTIFIER":"S150711678","species_list":"Asian Green Bee-eater; Barn Swallow; Barred Buttonquail; Common Babbler; Common Hoopoe; Eastern Cattle-Egret; Eurasian Collared-Dove; Eurasian Spoonbill; Eurasian Wryneck; European Roller; Gray-breasted Prinia; Gray Francolin; Great Egret; Greater Coucal; House Sparrow; Indian Peafowl; Indian Silverbill; Laughing Dove; Pied Bushchat; Plain Prinia; Purple Sunbird; Red-vented Bulbul; Shikra; Streak-throated Swallow; Variable Wheatear; Western Marsh Harrier; White-eared Bulbul; White-throated Kingfisher","n_species":28,"focal_species_seen":"European Roller","focal_species_slugs":"european-roller","has_focal":true,"GRID_CODE":"GJ-KU-BHA-067","DISTRICT":"Kachchh","BLOCK":"Bhachau"},"geometry":{"type":"Point","coordinates":[70.4770352,23.2438613]}},{"type":"Feature","properties":{"GROUP.ID":"G10891105","LOCALITY":"PMC2023_T25G5","LATITUDE":23.8944533,"LONGITUDE":70.2159517,"OBSERVATION.DATE":"2023-09-24","OBSERVER.ID":"obsr604291","DURATION.MINUTES":68.0,"SAMPLING.EVENT.IDENTIFIER":"S150713267","species_list":"Asian Green Bee-eater; Asian Koel; Baya Weaver; Black-winged Stilt; Common Babbler; Common Greenshank; Common Hoopoe; Common Sandpiper; Common Tailorbird; Eastern Red-rumped Swallow; Eurasian Collared-Dove; Eurasian Moorhen; Eurasian Spoonbill; Eurasian Wryneck; European Roller; Glossy Ibis; Gray-breasted Prinia; Greater Flamingo; Indian Bushlark; Indian Robin; Indian Silverbill; Indian Spot-billed Duck; Laughing Dove; Lesser Whitethroat; Little Cormorant; Little Grebe; Pied Cuckoo; Purple Sunbird; Red-vented Bulbul; Red-wattled Lapwing; Rosy Starling; Rufous-fronted Prinia; Tawny Pipit; Variable Wheatear; White-eared Bulbul; White-eyed Buzzard; Yellow-throated Sparrow","n_species":37,"focal_species_seen":"European Roller","focal_species_slugs":"european-roller","has_focal":true,"GRID_CODE":"GJ-KU-BHA-003","DISTRICT":"Kachchh","BLOCK":"Bhachau"},"geometry":{"type":"Point","coordinates":[70.2159517,23.8944533]}},{"type":"Feature","properties":{"GROUP.ID":"G10891104","LOCALITY":"PMC2023_T25G7","LATITUDE":23.9227617,"LONGITUDE":70.1802333,"OBSERVATION.DATE":"2023-09-24","OBSERVER.ID":"obsr604291","DURATION.MINUTES":57.0,"SAMPLING.EVENT.IDENTIFIER":"S150713384","species_list":"Ashy-crowned Sparrow-Lark; Asian Koel; Bay-backed Shrike; Baya Weaver; Blue-cheeked Bee-eater; Chestnut-bellied Sandgrouse; Common Hoopoe; Common Tailorbird; Crested Lark; Eastern Red-rumped Swallow; Eurasian Collared-Dove; Eurasian Wryneck; European Roller; Great Gray Shrike; Greater Whitethroat; Green Sandpiper; Gull-billed Tern; House Sparrow; Indian Peafowl; Indian Robin; Indian Silverbill; Laughing Dove; Lesser Whitethroat; Little Cormorant; Purple Sunbird; Red-vented Bulbul; Red Collared-Dove; Striolated Bunting; Variable Wheatear; Western Reef-Heron; White-eared Bulbul; Wire-tailed Swallow; Yellow-throated Sparrow","n_species":33,"focal_species_seen":"Blue-cheeked Bee-eater; European Roller; Greater Whitethroat","focal_species_slugs":"blue-cheeked-bee-eater;european-roller;greater-whitethroat","has_focal":true,"GRID_CODE":"GJ-KU-BHA-001","DISTRICT":"Kachchh","BLOCK":"Bhachau"},"geometry":{"type":"Point","coordinates":[70.1802333,23.9227617]}},{"type":"Feature","properties":{"GROUP.ID":"G10892122","LOCALITY":"PMC2023_T25G8","LATITUDE":23.8999226,"LONGITUDE":70.2056987,"OBSERVATION.DATE":"2023-09-24","OBSERVER.ID":"obsr604291","DURATION.MINUTES":39.0,"SAMPLING.EVENT.IDENTIFIER":"S150713552","species_list":"Ashy-crowned Sparrow-Lark; Asian Green Bee-eater; Barn Swallow; Bay-backed Shrike; Eurasian Collared-Dove; Eurasian Wryneck; European Roller; Gray-necked Bunting; Greater Short-toed Lark; House Sparrow; Indian Bushlark; Isabelline Shrike; Laughing Dove; Pied Bushchat; Red-vented Bulbul; Red Collared-Dove; Rufous-tailed Lark; Variable Wheatear; White-eared Bulbul; White-eyed Buzzard; Yellow-throated Sparrow","n_species":21,"focal_species_seen":"European Roller","focal_species_slugs":"european-roller","has_focal":true,"GRID_CODE":"GJ-KU-BHA-002","DISTRICT":"Kachchh","BLOCK":"Bhachau"},"geometry":{"type":"Point","coordinates":[70.2056987,23.8999226]}},{"type":"Feature","properties":{"GROUP.ID":"G10891103","LOCALITY":"PMC2023_T25G2","LATITUDE":23.8292733,"LONGITUDE":70.1097883,"OBSERVATION.DATE":"2023-09-24","OBSERVER.ID":"obsr604291","DURATION.MINUTES":34.0,"SAMPLING.EVENT.IDENTIFIER":"S150714331","species_list":"Asian Green Bee-eater; Barn Swallow; Black-winged Kite; Blue-cheeked Bee-eater; Common Babbler; Eurasian Collared-Dove; Eurasian Kestrel; Greater Flamingo; Indian Silverbill; Isabelline Shrike; Laughing Dove; Red-vented Bulbul; Red Collared-Dove; Siberian Stonechat; Variable Wheatear; White-eared Bulbul","n_species":16,"focal_species_seen":"Blue-cheeked Bee-eater","focal_species_slugs":"blue-cheeked-bee-eater","has_focal":true,"GRID_CODE":"GJ-KU-RAN-479","DISTRICT":"Kachchh","BLOCK":"Rann of Kachchh"},"geometry":{"type":"Point","coordinates":[70.1097883,23.8292733]}},{"type":"Feature","properties":{"GROUP.ID":"G10890904","LOCALITY":"PMC2023_T1G5","LATITUDE":23.6919436,"LONGITUDE":69.016344,"OBSERVATION.DATE":"2023-09-24","OBSERVER.ID":"obsr1241180","DURATION.MINUTES":67.0,"SAMPLING.EVENT.IDENTIFIER":"S150716571","species_list":"Ashy-crowned Sparrow-Lark; Asian Green Bee-eater; Barred Buttonquail; Bay-backed Shrike; Black Redstart; Brahminy Starling; Common Babbler; Common Tailorbird; Common Woodshrike; Eastern Red-rumped Swallow; Eurasian Collared-Dove; Eurasian Kestrel; Eurasian Wryneck; European Roller; Gray-breasted Prinia; Gray-necked Bunting; Gray Francolin; Great Gray Shrike; Greater Coucal; Indian Bushlark; Indian Cormorant; Indian Robin; Indian Silverbill; Jungle Prinia; Laughing Dove; Lesser Whitethroat; Medium Egret; Pied Bushchat; Pied Cuckoo; Plain Prinia; Purple Sunbird; Red-vented Bulbul; Red-wattled Lapwing; Rufous-fronted Prinia; Rufous-tailed Scrub-Robin; Sirkeer Malkoha; Small Minivet; Streak-throated Swallow; Striolated Bunting; Variable Wheatear; White-eared Bulbul; Wire-tailed Swallow; Yellow-throated Sparrow","n_species":43,"focal_species_seen":"European Roller; Rufous-tailed Scrub-Robin","focal_species_slugs":"european-roller;rufous-tailed-scrub-robin","has_focal":true,"GRID_CODE":"GJ-KU-LAK-027","DISTRICT":"Kachchh","BLOCK":"Lakhpat"},"geometry":{"type":"Point","coordinates":[69.016344,23.6919436]}},{"type":"Feature","properties":{"GROUP.ID":"G10890962","LOCALITY":"PMC2023_T1G3","LATITUDE":23.680308,"LONGITUDE":68.8645376,"OBSERVATION.DATE":"2023-09-23","OBSERVER.ID":"obsr1241180","DURATION.MINUTES":62.0,"SAMPLING.EVENT.IDENTIFIER":"S150717326","species_list":"Ashy-crowned Sparrow-Lark; Asian Green Bee-eater; Asian Koel; Barred Buttonquail; Bay-backed Shrike; Baya Weaver; Black-winged Kite; Black-winged Stilt; Black Drongo; Black Redstart; Brahminy Starling; Chestnut-bellied Sandgrouse; Common Babbler; Common Hoopoe; Common Kingfisher; Common Tailorbird; Eastern Cattle-Egret; Eurasian Curlew; Eurasian Wryneck; European Roller; Gray-breasted Prinia; Gray-necked Bunting; Gray Francolin; Great Gray Shrike; Green Sandpiper; House Sparrow; Indian Pond-Heron; Indian Robin; Indian Silverbill; Indian Spot-billed Duck; Isabelline Shrike; Jungle Prinia; Laughing Dove; Lesser Whistling-Duck; Lesser Whitethroat; Little Cormorant; Little Grebe; Long-tailed Shrike; Oriental Darter; Pied Cuckoo; Purple Sunbird; Red-vented Bulbul; Red-wattled Lapwing; River Tern; Rosy Starling; Rufous-fronted Prinia; Short-toed Snake-Eagle; Siberian Stonechat; Small Minivet; Spotted Flycatcher; Sykes's Warbler; Variable Wheatear; White-tailed Iora; White-throated Kingfisher; Wire-tailed Swallow; Yellow-crowned Woodpecker; Yellow-throated Sparrow","n_species":57,"focal_species_seen":"European Roller; Spotted Flycatcher","focal_species_slugs":"european-roller;spotted-flycatcher","has_focal":true,"GRID_CODE":"GJ-KU-LAK-024","DISTRICT":"Kachchh","BLOCK":"Lakhpat"},"geometry":{"type":"Point","coordinates":[68.8645376,23.680308]}},{"type":"Feature","properties":{"GROUP.ID":"G10891066","LOCALITY":"PMC2023_T1G1","LATITUDE":23.6218926,"LONGITUDE":68.9456885,"OBSERVATION.DATE":"2023-09-23","OBSERVER.ID":"obsr1241180","DURATION.MINUTES":40.0,"SAMPLING.EVENT.IDENTIFIER":"S150718107","species_list":"Ashy-crowned Sparrow-Lark; Asian Green Bee-eater; Asian Koel; Barred Buttonquail; Bay-backed Shrike; Black Drongo; Common Babbler; Common Hoopoe; Common Woodshrike; Eurasian Collared-Dove; European Roller; Gray-breasted Prinia; Gray Francolin; Indian Bushlark; Indian Silverbill; Jungle Prinia; Laughing Dove; Painted Sandgrouse; Pied Cuckoo; Purple Sunbird; Red-vented Bulbul; Rose-ringed Parakeet; Rosy Starling; Siberian Stonechat; Spotted Flycatcher; Sykes's Warbler; White-eared Bulbul","n_species":27,"focal_species_seen":"European Roller; Spotted Flycatcher","focal_species_slugs":"european-roller;spotted-flycatcher","has_focal":true,"GRID_CODE":"GJ-KU-LAK-039","DISTRICT":"Kachchh","BLOCK":"Lakhpat"},"geometry":{"type":"Point","coordinates":[68.9456885,23.6218926]}},{"type":"Feature","properties":{"GROUP.ID":"G10891036","LOCALITY":"PMC2023_T1G4","LATITUDE":23.68885,"LONGITUDE":68.9684089,"OBSERVATION.DATE":"2023-09-24","OBSERVER.ID":"obsr1241180","DURATION.MINUTES":78.0,"SAMPLING.EVENT.IDENTIFIER":"S150718737","species_list":"Ashy-crowned Sparrow-Lark; Asian Green Bee-eater; Bay-backed Shrike; Baya Weaver; Black-winged Kite; Black-winged Stilt; Black Drongo; Common Babbler; Common Cuckoo; Common Hoopoe; Common Kingfisher; Common Tailorbird; Eastern Cattle-Egret; Eastern Red-rumped Swallow; Eurasian Collared-Dove; European Roller; Gray-breasted Prinia; Gray Francolin; Greater Whitethroat; Green Sandpiper; House Sparrow; Indian Bushlark; Indian Peafowl; Indian Pond-Heron; Indian Robin; Indian Silverbill; Laughing Dove; Lesser Whistling-Duck; Little Cormorant; Little Grebe; Long-tailed Shrike; Pied Kingfisher; Purple Sunbird; Red-backed Shrike; Red-wattled Lapwing; Rose-ringed Parakeet; Rosy Starling; Rufous-fronted Prinia; Sykes's Warbler; White-throated Kingfisher","n_species":40,"focal_species_seen":"Common Cuckoo; European Roller; Greater Whitethroat; Red-backed Shrike","focal_species_slugs":"common-cuckoo;european-roller;greater-whitethroat;red-backed-shrike","has_focal":true,"GRID_CODE":"GJ-KU-LAK-026","DISTRICT":"Kachchh","BLOCK":"Lakhpat"},"geometry":{"type":"Point","coordinates":[68.9684089,23.68885]}},{"type":"Feature","properties":{"GROUP.ID":"G10891059","LOCALITY":"PMC2023_T1G2","LATITUDE":23.6495435,"LONGITUDE":69.0736101,"OBSERVATION.DATE":"2023-09-24","OBSERVER.ID":"obsr1241180","DURATION.MINUTES":61.0,"SAMPLING.EVENT.IDENTIFIER":"S150719496","species_list":"Ashy-crowned Sparrow-Lark; Asian Green Bee-eater; Bay-backed Shrike; Black-winged Kite; Black Drongo; Brahminy Starling; Brown Rock Chat; Common Babbler; Common Hoopoe; Common Tailorbird; Common Woodshrike; Eastern Red-rumped Swallow; Eurasian Collared-Dove; Eurasian Kestrel; Eurasian Wryneck; European Roller; Gray-breasted Prinia; Gray-necked Bunting; Gray Francolin; Greater Whitethroat; House Sparrow; Indian Bushlark; Indian Silverbill; Laughing Dove; Lesser Whitethroat; Pied Cuckoo; Red-backed Shrike; Red-tailed Shrike; Red-vented Bulbul; Rufous-fronted Prinia; Rufous-tailed Scrub-Robin; Shikra; Small Minivet; Spotted Flycatcher; White-tailed Iora; Yellow-crowned Woodpecker; Yellow-throated Sparrow","n_species":37,"focal_species_seen":"European Roller; Greater Whitethroat; Red-backed Shrike; Red-tailed Shrike; Rufous-tailed Scrub-Robin; Spotted Flycatcher","focal_species_slugs":"european-roller;greater-whitethroat;red-backed-shrike;red-tailed-shrike;rufous-tailed-scrub-robin;spotted-flycatcher","has_focal":true,"GRID_CODE":"GJ-KU-LAK-042","DISTRICT":"Kachchh","BLOCK":"Lakhpat"},"geometry":{"type":"Point","coordinates":[69.0736101,23.6495435]}},{"type":"Feature","properties":{"GROUP.ID":"G10890991","LOCALITY":"PMC2023_T7G5","LATITUDE":23.7532924,"LONGITUDE":69.4926333,"OBSERVATION.DATE":"2023-09-23","OBSERVER.ID":"obsr696747","DURATION.MINUTES":52.0,"SAMPLING.EVENT.IDENTIFIER":"S150720382","species_list":"European Roller; Red-tailed Shrike; Spotted Flycatcher","n_species":3,"focal_species_seen":"European Roller; Red-tailed Shrike; Spotted Flycatcher","focal_species_slugs":"european-roller;red-tailed-shrike;spotted-flycatcher","has_focal":true,"GRID_CODE":"GJ-KU-BHU-030","DISTRICT":"Kachchh","BLOCK":"Bhuj"},"geometry":{"type":"Point","coordinates":[69.4926333,23.7532924]}},{"type":"Feature","properties":{"GROUP.ID":"G10891940","LOCALITY":"PMC_Team23Grid5","LATITUDE":23.560197,"LONGITUDE":69.813607,"OBSERVATION.DATE":"2023-09-23","OBSERVER.ID":"obsr1391386","DURATION.MINUTES":24.0,"SAMPLING.EVENT.IDENTIFIER":"S150731532","species_list":"Asian Green Bee-eater; Bay-backed Shrike; Blue-cheeked Bee-eater; Common Tailorbird; Crested Lark; Desert Wheatear; European Roller; Gray-breasted Prinia; Gray Francolin; Isabelline Shrike; Long-billed Pipit; Purple Sunbird; Red-backed Shrike; River Tern; Rufous-tailed Lark; Variable Wheatear","n_species":16,"focal_species_seen":"Blue-cheeked Bee-eater; European Roller; Red-backed Shrike","focal_species_slugs":"blue-cheeked-bee-eater;european-roller;red-backed-shrike","has_focal":true,"GRID_CODE":"GJ-KU-BHU-076","DISTRICT":"Kachchh","BLOCK":"Bhuj"},"geometry":{"type":"Point","coordinates":[69.813607,23.560197]}},{"type":"Feature","properties":{"GROUP.ID":"G10894955","LOCALITY":"PMC_Team23_Grid_1","LATITUDE":23.385598,"LONGITUDE":69.782538,"OBSERVATION.DATE":"2023-09-23","OBSERVER.ID":"obsr1391386","DURATION.MINUTES":32.0,"SAMPLING.EVENT.IDENTIFIER":"S150732754","species_list":"Asian Green Bee-eater; Barn Swallow; Common Babbler; Eastern Orphean Warbler; Gray-necked Bunting; Gray Francolin; House Sparrow; Indian Robin; Laughing Dove; Lesser Whitethroat; Plain Prinia; Purple Sunbird; Red-vented Bulbul; Red-wattled Lapwing; Rosy Starling; Rufous-tailed Lark; Rufous-tailed Scrub-Robin; White-eared Bulbul","n_species":18,"focal_species_seen":"Rufous-tailed Scrub-Robin","focal_species_slugs":"rufous-tailed-scrub-robin","has_focal":true,"GRID_CODE":"GJ-KU-BHU-100","DISTRICT":"Kachchh","BLOCK":"Bhuj"},"geometry":{"type":"Point","coordinates":[69.782538,23.385598]}},{"type":"Feature","properties":{"GROUP.ID":"G10891945","LOCALITY":"PMC_Team23_Grid3","LATITUDE":23.411164,"LONGITUDE":69.841364,"OBSERVATION.DATE":"2023-09-24","OBSERVER.ID":"obsr1391386","DURATION.MINUTES":39.0,"SAMPLING.EVENT.IDENTIFIER":"S150732875","species_list":"Ashy-crowned Sparrow-Lark; Asian Green Bee-eater; Chestnut-bellied Sandgrouse; Common Babbler; Common Hoopoe; Eastern Cattle-Egret; Eastern Orphean Warbler; Eastern Red-rumped Swallow; Eurasian Collared-Dove; Eurasian Wryneck; European Roller; Gray-necked Bunting; Greater Short-toed Lark; Green Sandpiper; House Crow; Jungle Prinia; Laughing Dove; Lesser Whitethroat; Montagu's Harrier; Pied Cuckoo; Purple Sunbird; Rain Quail; Red-tailed Shrike; Red-vented Bulbul; Red-wattled Lapwing; Rosy Starling; Siberian Stonechat; Western Marsh Harrier; White-eared Bulbul","n_species":29,"focal_species_seen":"European Roller; Red-tailed Shrike","focal_species_slugs":"european-roller;red-tailed-shrike","has_focal":true,"GRID_CODE":"GJ-KU-BHU-088","DISTRICT":"Kachchh","BLOCK":"Bhuj"},"geometry":{"type":"Point","coordinates":[69.841364,23.411164]}},{"type":"Feature","properties":{"GROUP.ID":"G10891942","LOCALITY":"PMC_Team23_Grid2","LATITUDE":23.419098,"LONGITUDE":69.735125,"OBSERVATION.DATE":"2023-09-23","OBSERVER.ID":"obsr1391386","DURATION.MINUTES":32.0,"SAMPLING.EVENT.IDENTIFIER":"S150737442","species_list":"Black-winged Kite; Eurasian Collared-Dove; European Roller; Gray Francolin; Red-wattled Lapwing","n_species":5,"focal_species_seen":"European Roller","focal_species_slugs":"european-roller","has_focal":true,"GRID_CODE":"GJ-KU-BHU-086","DISTRICT":"Kachchh","BLOCK":"Bhuj"},"geometry":{"type":"Point","coordinates":[69.735125,23.419098]}},{"type":"Feature","properties":{"GROUP.ID":"G10895073","LOCALITY":"PMC2023_T18G5","LATITUDE":23.2398289,"LONGITUDE":69.7102097,"OBSERVATION.DATE":"2023-09-24","OBSERVER.ID":"obsr2918706","DURATION.MINUTES":46.0,"SAMPLING.EVENT.IDENTIFIER":"S150781070","species_list":"Bay-backed Shrike; Common Woodshrike; Eastern Cattle-Egret; Eastern Red-rumped Swallow; European Roller; Gray Francolin; Indian Robin; Indian Silverbill; Isabelline Shrike; Laughing Dove; Little Swift; Red-wattled Lapwing; Spotted Flycatcher; White-eared Bulbul","n_species":14,"focal_species_seen":"European Roller; Spotted Flycatcher","focal_species_slugs":"european-roller;spotted-flycatcher","has_focal":true,"GRID_CODE":"GJ-KU-BHU-136","DISTRICT":"Kachchh","BLOCK":"Bhuj"},"geometry":{"type":"Point","coordinates":[69.7102097,23.2398289]}},{"type":"Feature","properties":{"GROUP.ID":"G10895325","LOCALITY":"PMC_23 T13G6","LATITUDE":22.8636868,"LONGITUDE":69.2815822,"OBSERVATION.DATE":"2023-09-23","OBSERVER.ID":"obsr1497019","DURATION.MINUTES":48.0,"SAMPLING.EVENT.IDENTIFIER":"S150782064","species_list":"Asian Green Bee-eater; Asian Koel; Black-winged Stilt; Black Drongo; Blyth's Reed Warbler; Common Hoopoe; Common Myna; Common Tailorbird; Dusky Crag-Martin; Eastern Cattle-Egret; Eurasian Collared-Dove; Eurasian Spoonbill; Eurasian Wryneck; Gray-breasted Prinia; Gray Francolin; Greater Coucal; Green Sandpiper; Green Warbler; House Sparrow; Indian Pond-Heron; Laughing Dove; Lesser Whitethroat; Little Cormorant; Little Swift; Long-tailed Shrike; Oriental Darter; Painted Stork; Pied Cuckoo; Plain Prinia; Purple Sunbird; Red-naped Ibis; Red-vented Bulbul; Red-wattled Lapwing; Red Collared-Dove; Rose-ringed Parakeet; Rosy Starling; Rufous-fronted Prinia; Sykes's Warbler; White-eared Bulbul; White-tailed Iora; White-throated Kingfisher; Wire-tailed Swallow","n_species":42,"focal_species_seen":"","focal_species_slugs":"","has_focal":false,"GRID_CODE":"GJ-KU-MAN-040","DISTRICT":"Kachchh","BLOCK":"Mandvi"},"geometry":{"type":"Point","coordinates":[69.2815822,22.8636868]}},{"type":"Feature","properties":{"GROUP.ID":"G10895328","LOCALITY":"PMC23_T13G4","LATITUDE":22.8286226,"LONGITUDE":69.497657,"OBSERVATION.DATE":"2023-09-24","OBSERVER.ID":"obsr1497019","DURATION.MINUTES":58.0,"SAMPLING.EVENT.IDENTIFIER":"S150782138","species_list":"Ashy-crowned Sparrow-Lark; Asian Green Bee-eater; Bay-backed Shrike; Baya Weaver; Black Drongo; Common Babbler; Common Hoopoe; Common Tailorbird; Eastern Cattle-Egret; Eurasian Collared-Dove; Eurasian Kestrel; Eurasian Spoonbill; European Roller; Gray Francolin; Greater Coucal; Green Sandpiper; House Sparrow; Indian Peafowl; Indian Pond-Heron; Indian Robin; Indian Silverbill; Laughing Dove; Lesser Whitethroat; Little Swift; Long-tailed Shrike; Oriental Honey-buzzard; Paddyfield Pipit; Painted Stork; Pied Cuckoo; Plain Prinia; Purple Sunbird; Red-vented Bulbul; Rose-ringed Parakeet; Rosy Starling; Rufous-fronted Prinia; Sykes's Warbler; Western Yellow Wagtail; White-eared Bulbul; Wire-tailed Swallow; Yellow-wattled Lapwing","n_species":40,"focal_species_seen":"European Roller","focal_species_slugs":"european-roller","has_focal":true,"GRID_CODE":"GJ-KU-MAN-051","DISTRICT":"Kachchh","BLOCK":"Mandvi"},"geometry":{"type":"Point","coordinates":[69.497657,22.8286226]}},{"type":"Feature","properties":{"GROUP.ID":"G11248114","LOCALITY":"PMC2023_T13G1","LATITUDE":22.8037957,"LONGITUDE":69.4152401,"OBSERVATION.DATE":"2023-09-24","OBSERVER.ID":"obsr1497019","DURATION.MINUTES":60.0,"SAMPLING.EVENT.IDENTIFIER":"S150782176","species_list":"Ashy-crowned Sparrow-Lark; Asian Green Bee-eater; Bay-backed Shrike; Baya Weaver; Black Drongo; Chestnut-bellied Sandgrouse; Common Cuckoo; Common Hoopoe; Common Tailorbird; Common Woodshrike; Eastern Cattle-Egret; Eurasian Collared-Dove; Eurasian Kestrel; Greater Coucal; Gull-billed Tern; Indian Robin; Laughing Dove; Lesser Black-backed Gull; Little Cormorant; Little Swift; Long-tailed Shrike; Oriental Honey-buzzard; Painted Stork; Pied Cuckoo; Purple Sunbird; Red-backed Shrike; Red-naped Ibis; Red-tailed Shrike; Red-wattled Lapwing; Red Collared-Dove; Rufous-fronted Prinia; Spotted Flycatcher; Tawny Pipit; Western Reef-Heron; White-eared Bulbul; White-throated Kingfisher; Wire-tailed Swallow; Zitting Cisticola","n_species":38,"focal_species_seen":"Common Cuckoo; Red-backed Shrike; Red-tailed Shrike; Spotted Flycatcher","focal_species_slugs":"common-cuckoo;red-backed-shrike;red-tailed-shrike;spotted-flycatcher","has_focal":true,"GRID_CODE":"GJ-KU-MAN-052","DISTRICT":"Kachchh","BLOCK":"Mandvi"},"geometry":{"type":"Point","coordinates":[69.4152401,22.8037957]}},{"type":"Feature","properties":{"GROUP.ID":"G10895327","LOCALITY":"PMC23_T13G7","LATITUDE":22.8822454,"LONGITUDE":69.3977564,"OBSERVATION.DATE":"2023-09-24","OBSERVER.ID":"obsr1497019","DURATION.MINUTES":60.0,"SAMPLING.EVENT.IDENTIFIER":"S150783990","species_list":"Ashy-crowned Sparrow-Lark; Asian Green Bee-eater; Bay-backed Shrike; Baya Weaver; Black-winged Kite; Black Drongo; Blyth's Reed Warbler; Common Babbler; Common Myna; Common Tailorbird; Dusky Crag-Martin; Eastern Cattle-Egret; Eurasian Wryneck; European Roller; Greater Coucal; Indian Robin; Indian Silverbill; Lesser Whitethroat; Long-tailed Shrike; Painted Stork; Plain Prinia; Red-naped Ibis; Red-vented Bulbul; Red-wattled Lapwing; Rose-ringed Parakeet; Rosy Starling; Rufous-fronted Prinia; Sykes's Warbler; Western Yellow Wagtail; White-eared Bulbul; White-throated Kingfisher; Wire-tailed Swallow","n_species":32,"focal_species_seen":"European Roller","focal_species_slugs":"european-roller","has_focal":true,"GRID_CODE":"GJ-KU-MAN-042","DISTRICT":"Kachchh","BLOCK":"Mandvi"},"geometry":{"type":"Point","coordinates":[69.3977564,22.8822454]}},{"type":"Feature","properties":{"GROUP.ID":"G10908069","LOCALITY":"PMC2023_T11G4","LATITUDE":22.985322,"LONGITUDE":69.131794,"OBSERVATION.DATE":"2023-09-23","OBSERVER.ID":"obsr1240749","DURATION.MINUTES":71.0,"SAMPLING.EVENT.IDENTIFIER":"S150977146","species_list":"Bank Myna; Barn Swallow; Bay-backed Shrike; Baya Weaver; Black Drongo; Black Redstart; Blue Rock-Thrush; Chestnut-bellied Sandgrouse; Common Babbler; Common Hoopoe; Crested Lark; Dusky Crag-Martin; Eastern Cattle-Egret; Eastern Red-rumped Swallow; Eurasian Collared-Dove; Eurasian Wryneck; European Roller; Gray-breasted Prinia; Gray-necked Bunting; Gray Francolin; Great Egret; Great Gray Shrike; Greater Coucal; Greater Whitethroat; House Sparrow; Indian Bushlark; Indian Robin; Isabelline Shrike; Jungle Prinia; Laughing Dove; Little Egret; Little Swift; Long-tailed Shrike; Paddyfield Pipit; Plain Prinia; Purple Sunbird; Red-backed Shrike; Red-vented Bulbul; Red-wattled Lapwing; Red Collared-Dove; Rosy Starling; Siberian Stonechat; Streaked Weaver; Variable Wheatear; White-eared Bulbul; White-throated Kingfisher; Wire-tailed Swallow; Yellow-wattled Lapwing","n_species":48,"focal_species_seen":"European Roller; Greater Whitethroat; Red-backed Shrike","focal_species_slugs":"european-roller;greater-whitethroat;red-backed-shrike","has_focal":true,"GRID_CODE":"GJ-KU-MAN-018","DISTRICT":"Kachchh","BLOCK":"Mandvi"},"geometry":{"type":"Point","coordinates":[69.131794,22.985322]}},{"type":"Feature","properties":{"GROUP.ID":"G10908070","LOCALITY":"PMC2023_T11G6","LATITUDE":23.092669,"LONGITUDE":69.01485,"OBSERVATION.DATE":"2023-09-23","OBSERVER.ID":"obsr1240749","DURATION.MINUTES":44.0,"SAMPLING.EVENT.IDENTIFIER":"S150978063","species_list":"Ashy-crowned Sparrow-Lark; Asian Green Bee-eater; Barn Swallow; Bay-backed Shrike; Baya Weaver; Black Drongo; Common Babbler; Common Cuckoo; Common Hoopoe; Common Sandpiper; Common Tailorbird; Eastern Cattle-Egret; Eastern Orphean Warbler; Eurasian Collared-Dove; Eurasian Wryneck; European Roller; Gray-breasted Prinia; Great Gray Shrike; Greater Whitethroat; House Crow; House Sparrow; Indian Bushlark; Indian Pond-Heron; Indian Silverbill; Isabelline Shrike; Jungle Prinia; Laughing Dove; Lesser Whitethroat; Little Egret; Little Heron; Little Swift; Long-tailed Shrike; Paddyfield Pipit; Pied Cuckoo; Plain Prinia; Purple Sunbird; Red-vented Bulbul; Red-wattled Lapwing; Red Collared-Dove; Rosy Starling; Rufous-tailed Scrub-Robin; Short-toed Snake-Eagle; Spotted Flycatcher; Spotted Owlet; Sykes's Warbler; Tawny Pipit; Variable Wheatear; White-eared Bulbul; White-tailed Iora; White-throated Kingfisher; Wire-tailed Swallow; Yellow-wattled Lapwing","n_species":52,"focal_species_seen":"Common Cuckoo; European Roller; Greater Whitethroat; Rufous-tailed Scrub-Robin; Spotted Flycatcher","focal_species_slugs":"common-cuckoo;european-roller;greater-whitethroat;rufous-tailed-scrub-robin;spotted-flycatcher","has_focal":true,"GRID_CODE":"GJ-KU-ABD-083","DISTRICT":"Kachchh","BLOCK":"Abdasa"},"geometry":{"type":"Point","coordinates":[69.01485,23.092669]}},{"type":"Feature","properties":{"GROUP.ID":"G10908071","LOCALITY":"PMC2023_T11G3","LATITUDE":23.003194,"LONGITUDE":69.000734,"OBSERVATION.DATE":"2023-09-23","OBSERVER.ID":"obsr1240749","DURATION.MINUTES":77.0,"SAMPLING.EVENT.IDENTIFIER":"S150978123","species_list":"Asian Green Bee-eater; Bay-backed Shrike; Black-winged Kite; Black Drongo; Common Babbler; Common Hoopoe; Eastern Cattle-Egret; Eurasian Collared-Dove; European Roller; Gray-breasted Prinia; Gray Francolin; Indian Robin; Indian Silverbill; Jungle Prinia; Laughing Dove; Little Egret; Long-tailed Shrike; Plain Prinia; Purple Sunbird; Red-vented Bulbul; Red-wattled Lapwing; Red Collared-Dove; Rosy Starling; Siberian Stonechat; Spotted Flycatcher; White-eared Bulbul; White-throated Kingfisher; Wire-tailed Swallow; Yellow-wattled Lapwing","n_species":29,"focal_species_seen":"European Roller; Spotted Flycatcher","focal_species_slugs":"european-roller;spotted-flycatcher","has_focal":true,"GRID_CODE":"GJ-KU-ABD-093","DISTRICT":"Kachchh","BLOCK":"Abdasa"},"geometry":{"type":"Point","coordinates":[69.000734,23.003194]}},{"type":"Feature","properties":{"GROUP.ID":"G10908073","LOCALITY":"PMC2023_T11G2","LATITUDE":22.945503,"LONGITUDE":69.101797,"OBSERVATION.DATE":"2023-09-23","OBSERVER.ID":"obsr1240749","DURATION.MINUTES":58.0,"SAMPLING.EVENT.IDENTIFIER":"S150978322","species_list":"Ashy-crowned Sparrow-Lark; Bay-backed Shrike; Baya Weaver; Black-winged Kite; Common Babbler; Common Hoopoe; Common Sandpiper; Crested Lark; Eastern Cattle-Egret; Eastern Red-rumped Swallow; Eurasian Wryneck; European Roller; Gray-breasted Prinia; Gray Francolin; Greater Coucal; Indian Bushlark; Indian Courser; Indian Pond-Heron; Indian Robin; Jungle Prinia; Little Egret; Little Swift; Long-tailed Shrike; Paddyfield Pipit; Painted Stork; Pied Bushchat; Plain Prinia; Red-backed Shrike; Red-vented Bulbul; Red-wattled Lapwing; Rufous-tailed Scrub-Robin; Siberian Stonechat; Spotted Flycatcher; Streaked Weaver; Sykes's Warbler; Tawny Pipit; Variable Wheatear; White-eared Bulbul; White-throated Kingfisher; Yellow-wattled Lapwing","n_species":40,"focal_species_seen":"European Roller; Red-backed Shrike; Rufous-tailed Scrub-Robin; Spotted Flycatcher","focal_species_slugs":"european-roller;red-backed-shrike;rufous-tailed-scrub-robin;spotted-flycatcher","has_focal":true,"GRID_CODE":"GJ-KU-MAN-027","DISTRICT":"Kachchh","BLOCK":"Mandvi"},"geometry":{"type":"Point","coordinates":[69.101797,22.945503]}},{"type":"Feature","properties":{"GROUP.ID":"G10908072","LOCALITY":"PMC2023_T11G1","LATITUDE":22.900243,"LONGITUDE":69.15314,"OBSERVATION.DATE":"2023-09-23","OBSERVER.ID":"obsr1240749","DURATION.MINUTES":41.0,"SAMPLING.EVENT.IDENTIFIER":"S150978525","species_list":"Ashy-crowned Sparrow-Lark; Asian Green Bee-eater; Bay-backed Shrike; Baya Weaver; Black-winged Kite; Black Drongo; Common Babbler; Common Myna; Common Tailorbird; Crested Lark; Eastern Cattle-Egret; Eurasian Collared-Dove; European Roller; Gray-breasted Prinia; Great Gray Shrike; Greater Coucal; House Crow; House Sparrow; Indian Bushlark; Indian Pond-Heron; Indian Robin; Jungle Prinia; Laughing Dove; Little Egret; Little Swift; Long-tailed Shrike; Oriental Honey-buzzard; Painted Stork; Plain Prinia; Purple Sunbird; Red-vented Bulbul; Red Collared-Dove; Rosy Starling; Siberian Stonechat; Spotted Flycatcher; White-eared Bulbul","n_species":36,"focal_species_seen":"European Roller; Spotted Flycatcher","focal_species_slugs":"european-roller;spotted-flycatcher","has_focal":true,"GRID_CODE":"GJ-KU-MAN-037","DISTRICT":"Kachchh","BLOCK":"Mandvi"},"geometry":{"type":"Point","coordinates":[69.15314,22.900243]}},{"type":"Feature","properties":{"GROUP.ID":"G10917745","LOCALITY":"PMC2023_T11G7","LATITUDE":23.075212,"LONGITUDE":69.156143,"OBSERVATION.DATE":"2023-09-24","OBSERVER.ID":"obsr1240749","DURATION.MINUTES":72.0,"SAMPLING.EVENT.IDENTIFIER":"S151184153","species_list":"Ashy-crowned Sparrow-Lark; Barred Buttonquail; Bay-backed Shrike; Baya Weaver; Black-crowned Night Heron; Black Drongo; Common Hoopoe; Common Myna; Common Tailorbird; Common Woodshrike; Eastern Cattle-Egret; Eastern Orphean Warbler; Eurasian Collared-Dove; Eurasian Wryneck; European Roller; Gray-breasted Prinia; Gray Francolin; Great Gray Shrike; Greater Coucal; Indian Bushlark; Indian Courser; Indian Peafowl; Indian Robin; Jungle Prinia; Laughing Dove; Lesser Whistling-Duck; Lesser Whitethroat; Long-tailed Shrike; Pied Cuckoo; Pied Kingfisher; Plain Prinia; Purple Sunbird; Red-backed Shrike; Red Collared-Dove; Rufous-tailed Scrub-Robin; Siberian Stonechat; Spotted Flycatcher; Streaked Weaver; Tawny Pipit; Variable Wheatear; White-throated Kingfisher; Yellow-crowned Woodpecker","n_species":42,"focal_species_seen":"European Roller; Red-backed Shrike; Rufous-tailed Scrub-Robin; Spotted Flycatcher","focal_species_slugs":"european-roller;red-backed-shrike;rufous-tailed-scrub-robin;spotted-flycatcher","has_focal":true,"GRID_CODE":"GJ-KU-MAN-003","DISTRICT":"Kachchh","BLOCK":"Mandvi"},"geometry":{"type":"Point","coordinates":[69.156143,23.075212]}},{"type":"Feature","properties":{"GROUP.ID":"G10917746","LOCALITY":"PMC2023_T11G5","LATITUDE":23.024579,"LONGITUDE":69.068195,"OBSERVATION.DATE":"2023-09-24","OBSERVER.ID":"obsr1240749","DURATION.MINUTES":68.0,"SAMPLING.EVENT.IDENTIFIER":"S151184849","species_list":"Ashy-crowned Sparrow-Lark; Asian Koel; Bay-backed Shrike; Baya Weaver; Black-winged Kite; Black Drongo; Black Francolin; Booted Eagle; Common Hoopoe; Eastern Cattle-Egret; European Roller; Gray Francolin; Great Gray Shrike; Greater Coucal; Indian Bushlark; Indian Peafowl; Indian Robin; Indian Roller; Isabelline Shrike; Little Grebe; Long-tailed Shrike; Paddyfield Pipit; Painted Stork; Pied Cuckoo; Red-vented Bulbul; Red-wattled Lapwing; Rosy Starling; Tawny Pipit; Variable Wheatear; White-eared Bulbul; White-throated Kingfisher","n_species":31,"focal_species_seen":"European Roller","focal_species_slugs":"european-roller","has_focal":true,"GRID_CODE":"GJ-KU-MAN-009","DISTRICT":"Kachchh","BLOCK":"Mandvi"},"geometry":{"type":"Point","coordinates":[69.068195,23.024579]}},{"type":"Feature","properties":{"GROUP.ID":"G11248113","LOCALITY":"Kachchh, Gujarat, IN (22.865, 69.283)","LATITUDE":22.8650722,"LONGITUDE":69.2829499,"OBSERVATION.DATE":"2023-09-23","OBSERVER.ID":"obsr2176608","DURATION.MINUTES":22.0,"SAMPLING.EVENT.IDENTIFIER":"S153989031","species_list":"Asian Koel; Common Myna; Common Tailorbird; Dusky Crag-Martin; Gray-breasted Prinia; Plain Prinia; Purple Sunbird; Red-vented Bulbul; Rose-ringed Parakeet; Rosy Starling; White-eared Bulbul; White-throated Kingfisher","n_species":12,"focal_species_seen":"","focal_species_slugs":"","has_focal":false,"GRID_CODE":"GJ-KU-MAN-040","DISTRICT":"Kachchh","BLOCK":"Mandvi"},"geometry":{"type":"Point","coordinates":[69.2829499,22.8650722]}},{"type":"Feature","properties":{"GROUP.ID":"G12984460","LOCALITY":"Vighakot Fort","LATITUDE":24.2291202,"LONGITUDE":69.1896629,"OBSERVATION.DATE":"2023-09-23","OBSERVER.ID":"obsr826272","DURATION.MINUTES":259.0,"SAMPLING.EVENT.IDENTIFIER":"S193801889","species_list":"Blue-cheeked Bee-eater; Common Kingfisher; Common Sandpiper; Delicate Prinia; Eurasian Collared-Dove; Greater Hoopoe-Lark; Indian Spot-billed Duck; Plain Prinia","n_species":8,"focal_species_seen":"Blue-cheeked Bee-eater","focal_species_slugs":"blue-cheeked-bee-eater","has_focal":true,"GRID_CODE":"GJ-KU-RAN-078","DISTRICT":"Kachchh","BLOCK":"Rann of Kachchh"},"geometry":{"type":"Point","coordinates":[69.1896629,24.2291202]}}]}
