{"type":"FeatureCollection","features":[{"type":"Feature","properties":{"GROUP.ID":"G15598321","LOCALITY":"Netra-Kuwapaddhar-Tera Road, Lakhania, Gujarat, IN (23.343, 68.944)","LATITUDE":23.34298,"LONGITUDE":68.9440164,"OBSERVATION.DATE":"2025-09-20","OBSERVER.ID":"obsr4393116","DURATION.MINUTES":null,"SAMPLING.EVENT.IDENTIFIER":"S274330149","species_list":"Indian Thick-knee","n_species":1,"focal_species_seen":"","focal_species_slugs":"","has_focal":false,"GRID_CODE":"GJ-KU-ABD-026","DISTRICT":"Kachchh","BLOCK":"Abdasa"},"geometry":{"type":"Point","coordinates":[68.9440164,23.34298]}},{"type":"Feature","properties":{"GROUP.ID":"G15589035","LOCALITY":"Nakhatrana Nana, Gujarat, IN (23.319, 69.261)","LATITUDE":23.3190423,"LONGITUDE":69.2607069,"OBSERVATION.DATE":"2025-09-20","OBSERVER.ID":"obsr2918435","DURATION.MINUTES":4.0,"SAMPLING.EVENT.IDENTIFIER":"S274333955","species_list":"Asian Green Bee-eater; Common Babbler; Eastern Cattle-Egret; House Sparrow; Indian Robin; Laughing Dove; Purple Sunbird; Red-vented Bulbul; Rufous-fronted Prinia; Spotted Flycatcher; White-throated Kingfisher","n_species":11,"focal_species_seen":"Spotted Flycatcher","focal_species_slugs":"spotted-flycatcher","has_focal":true,"GRID_CODE":"GJ-KU-NAK-052","DISTRICT":"Kachchh","BLOCK":"Nakhatrana"},"geometry":{"type":"Point","coordinates":[69.2607069,23.3190423]}},{"type":"Feature","properties":{"GROUP.ID":"G15589327","LOCALITY":"T33 G1","LATITUDE":23.0239867,"LONGITUDE":69.2096583,"OBSERVATION.DATE":"2025-09-20","OBSERVER.ID":"obsr644177","DURATION.MINUTES":66.0,"SAMPLING.EVENT.IDENTIFIER":"S274336550","species_list":"Asian Green Bee-eater; Barred Buttonquail; Baya Weaver; Black-crowned Night Heron; Black Drongo; Brahminy Starling; Common Babbler; Common Hoopoe; Common Kingfisher; Common Tailorbird; Common Woodshrike; Eastern Cattle-Egret; Eurasian Collared-Dove; Eurasian Wryneck; European Roller; Gray-breasted Prinia; Gray Francolin; House Sparrow; Indian Bushlark; Indian Peafowl; Indian Robin; Indian Silverbill; Jungle Prinia; Laughing Dove; Lesser Whistling-Duck; Little Cormorant; Long-tailed Shrike; Pied Cuckoo; Pied Kingfisher; Plain Prinia; Purple Sunbird; Red-vented Bulbul; Red-wattled Lapwing; River Tern; Rose-ringed Parakeet; Rosy Starling; Spotted Flycatcher; White-browed Wagtail; White-eared Bulbul; White-tailed Iora; White-throated Kingfisher; Zitting Cisticola","n_species":42,"focal_species_seen":"European Roller; Spotted Flycatcher","focal_species_slugs":"european-roller;spotted-flycatcher","has_focal":true,"GRID_CODE":"GJ-KU-MAN-011","DISTRICT":"Kachchh","BLOCK":"Mandvi"},"geometry":{"type":"Point","coordinates":[69.2096583,23.0239867]}},{"type":"Feature","properties":{"GROUP.ID":"G15589225","LOCALITY":"Unnamed Road, Bandhara Nana, Gujarat, IN (23.06, 69.738)","LATITUDE":23.060075,"LONGITUDE":69.7382583,"OBSERVATION.DATE":"2025-09-20","OBSERVER.ID":"obsr2065637","DURATION.MINUTES":31.0,"SAMPLING.EVENT.IDENTIFIER":"S274337555","species_list":"Baya Weaver; Black-headed Ibis; Crested Lark; Eurasian Collared-Dove; House Sparrow; Indian Robin; Laughing Dove; Long-tailed Shrike; Purple Sunbird; Red-vented Bulbul; Red-wattled Lapwing; Red Collared-Dove; Rose-ringed Parakeet; Rosy Starling; White-eared Bulbul","n_species":15,"focal_species_seen":"","focal_species_slugs":"","has_focal":false,"GRID_CODE":"GJ-KU-BHU-170","DISTRICT":"Kachchh","BLOCK":"Bhuj"},"geometry":{"type":"Point","coordinates":[69.7382583,23.060075]}},{"type":"Feature","properties":{"GROUP.ID":"G15590230","LOCALITY":"T36G3-Kotaya, Gujarat, IN (23.038, 69.078)","LATITUDE":23.0376252,"LONGITUDE":69.078477,"OBSERVATION.DATE":"2025-09-20","OBSERVER.ID":"obsr1326084","DURATION.MINUTES":90.0,"SAMPLING.EVENT.IDENTIFIER":"S274339985","species_list":"Ashy-crowned Sparrow-Lark; Asian Green Bee-eater; Bank Myna; Barn Swallow; Baya Weaver; Black Drongo; Brahminy Starling; Common Babbler; Common Hoopoe; Common Kingfisher; Common Sandpiper; Common Tailorbird; Eastern Cattle-Egret; Eastern Red-rumped Swallow; Eurasian Collared-Dove; European Roller; Gray Francolin; Great Cormorant; Green Warbler; House Sparrow; Indian Peafowl; Indian Pond-Heron; Indian Robin; Indian Silverbill; Laughing Dove; Little Cormorant; Little Ringed Plover; Long-tailed Shrike; Pied Kingfisher; Purple Sunbird; Red-naped Ibis; Red-vented Bulbul; Red-wattled Lapwing; Red Collared-Dove; River Tern; Rosy Starling; White-breasted Waterhen; White-eared Bulbul; White-tailed Iora; White-throated Kingfisher; Wire-tailed Swallow","n_species":41,"focal_species_seen":"European Roller","focal_species_slugs":"european-roller","has_focal":true,"GRID_CODE":"GJ-KU-MAN-009","DISTRICT":"Kachchh","BLOCK":"Mandvi"},"geometry":{"type":"Point","coordinates":[69.078477,23.0376252]}},{"type":"Feature","properties":{"GROUP.ID":"G15589835","LOCALITY":"Nakhatrana, Kachchh IN-Gujarat 23.21387, 69.39707","LATITUDE":23.213868,"LONGITUDE":69.397066,"OBSERVATION.DATE":"2025-09-20","OBSERVER.ID":"obsr4809686","DURATION.MINUTES":17.0,"SAMPLING.EVENT.IDENTIFIER":"S274340033","species_list":"Asian Green Bee-eater; Black Drongo; Brahminy Starling; Common Babbler; Common Cuckoo; Common Hoopoe; Dusky Crag-Martin; Eastern Red-rumped Swallow; Gray-breasted Prinia; Greater Coucal; House Sparrow; Knob-billed Duck; Little Swift; Purple Sunbird; Red-naped Ibis; Red Collared-Dove; White-eared Bulbul; White-throated Kingfisher; Wire-tailed Swallow","n_species":19,"focal_species_seen":"Common Cuckoo","focal_species_slugs":"common-cuckoo","has_focal":true,"GRID_CODE":"GJ-KU-NAK-063","DISTRICT":"Kachchh","BLOCK":"Nakhatrana"},"geometry":{"type":"Point","coordinates":[69.397066,23.213868]}},{"type":"Feature","properties":{"GROUP.ID":"G15589664","LOCALITY":"Team2025_39-1, Bhajir Vandh, Gujarat, IN (23.208, 68.855)","LATITUDE":23.2076933,"LONGITUDE":68.8552567,"OBSERVATION.DATE":"2025-09-20","OBSERVER.ID":"obsr769125","DURATION.MINUTES":64.0,"SAMPLING.EVENT.IDENTIFIER":"S274340186","species_list":"Asian Green Bee-eater; Barn Swallow; Barred Buttonquail; Bay-backed Shrike; Baya Weaver; Black Francolin; Brahminy Starling; Common Hoopoe; Dusky Crag-Martin; Eurasian Collared-Dove; European Roller; Gray Francolin; Great Gray Shrike; Greater Coucal; Greater Short-toed Lark; Indian Robin; Indian Spot-billed Duck; Isabelline Shrike; Isabelline Wheatear; Jungle Prinia; Laughing Dove; Lesser Florican; Lesser Whitethroat; Long-billed Pipit; Long-tailed Shrike; Pied Bushchat; Pied Cuckoo; Purple Sunbird; Red-backed Shrike; Red-tailed Shrike; Red-vented Bulbul; Red-wattled Lapwing; Rock Bush-Quail; Rose-ringed Parakeet; Rosy Starling; Spotted Flycatcher; Striolated Bunting; Sykes's Warbler; Variable Wheatear; White-eared Bulbul","n_species":40,"focal_species_seen":"European Roller; Red-backed Shrike; Red-tailed Shrike; Spotted Flycatcher","focal_species_slugs":"european-roller;red-backed-shrike;red-tailed-shrike;spotted-flycatcher","has_focal":true,"GRID_CODE":"GJ-KU-ABD-060","DISTRICT":"Kachchh","BLOCK":"Abdasa"},"geometry":{"type":"Point","coordinates":[68.8552567,23.2076933]}},{"type":"Feature","properties":{"GROUP.ID":"G15605914","LOCALITY":"T 45 G 1 Lakhpat-Gaduli Road, Lakhpat, Gujarat, IN (23.81, 68.788)","LATITUDE":23.81008,"LONGITUDE":68.788175,"OBSERVATION.DATE":"2025-09-20","OBSERVER.ID":"obsr961478","DURATION.MINUTES":21.0,"SAMPLING.EVENT.IDENTIFIER":"S274340217","species_list":"Asian Green Bee-eater; Black Francolin; Common Babbler; Common Hoopoe; Eastern Cattle-Egret; Eurasian Collared-Dove; European Roller; Gray-necked Bunting; Gray Francolin; Indian Pond-Heron; Indian Robin; Jungle Prinia; Laughing Dove; Lesser Whitethroat; Montagu's Harrier; Purple Sunbird; Rose-ringed Parakeet; Rosy Starling; Rufous-fronted Prinia; Scaly-breasted Munia; White-eared Bulbul; White-throated Kingfisher; Zitting Cisticola","n_species":23,"focal_species_seen":"European Roller","focal_species_slugs":"european-roller","has_focal":true,"GRID_CODE":"GJ-KU-LAK-005","DISTRICT":"Kachchh","BLOCK":"Lakhpat"},"geometry":{"type":"Point","coordinates":[68.788175,23.81008]}},{"type":"Feature","properties":{"GROUP.ID":"G15591086","LOCALITY":"T22G4_Rapar Chitroda Road","LATITUDE":23.4197796,"LONGITUDE":70.6709559,"OBSERVATION.DATE":"2025-09-20","OBSERVER.ID":"obsr3084861","DURATION.MINUTES":109.0,"SAMPLING.EVENT.IDENTIFIER":"S274340762","species_list":"Ashy-crowned Sparrow-Lark; Asian Green Bee-eater; Bay-backed Shrike; Black-headed Ibis; Black-winged Kite; Brahminy Starling; Common Babbler; Common Hoopoe; Eastern Cattle-Egret; European Roller; Gray Francolin; Greater Coucal; House Sparrow; Indian Peafowl; Indian Robin; Indian Silverbill; Isabelline Wheatear; Laughing Dove; Lesser Whitethroat; Paddyfield Pipit; Pied Bushchat; Plain Prinia; Red-naped Ibis; Red-vented Bulbul; Red-wattled Lapwing; Tawny Pipit; Variable Wheatear; White-eared Bulbul; Wire-tailed Swallow; Yellow-wattled Lapwing; Zitting Cisticola","n_species":31,"focal_species_seen":"European Roller","focal_species_slugs":"european-roller","has_focal":true,"GRID_CODE":"GJ-KU-RAP-085","DISTRICT":"Kachchh","BLOCK":"Rapar"},"geometry":{"type":"Point","coordinates":[70.6709559,23.4197796]}},{"type":"Feature","properties":{"GROUP.ID":"G15589784","LOCALITY":"T5 G3 Khengar sagar dam grassland, Patri","LATITUDE":23.0202664,"LONGITUDE":69.7342916,"OBSERVATION.DATE":"2025-09-20","OBSERVER.ID":"obsr987794","DURATION.MINUTES":34.0,"SAMPLING.EVENT.IDENTIFIER":"S274341199","species_list":"Ashy-crowned Sparrow-Lark; Baya Weaver; Black Drongo; Eastern Cattle-Egret; European Roller; Indian Bushlark; Long-tailed Shrike; Paddyfield Pipit; Plain Prinia; Red-vented Bulbul; Rock Bush-Quail; Tawny Lark; White-eared Bulbul","n_species":13,"focal_species_seen":"European Roller","focal_species_slugs":"european-roller","has_focal":true,"GRID_CODE":"GJ-KU-BHU-170","DISTRICT":"Kachchh","BLOCK":"Bhuj"},"geometry":{"type":"Point","coordinates":[69.7342916,23.0202664]}},{"type":"Feature","properties":{"GROUP.ID":"G15617333","LOCALITY":"T12 G1 Bhujpar, Gujarat, IN (23.306, 70.138)","LATITUDE":23.3078467,"LONGITUDE":70.1613882,"OBSERVATION.DATE":"2025-09-20","OBSERVER.ID":"obsr3542724","DURATION.MINUTES":27.0,"SAMPLING.EVENT.IDENTIFIER":"S274341570","species_list":"Asian Green Bee-eater; Barn Swallow; Baya Weaver; Black-winged Kite; Common Babbler; Common Hoopoe; Crested Lark; Eastern Cattle-Egret; Gray-breasted Prinia; House Sparrow; Indian Robin; Indian Silverbill; Laughing Dove; Long-tailed Shrike; Oriental Honey-buzzard; Osprey; Paddyfield Pipit; Plain Prinia; Purple Sunbird; Red-vented Bulbul; Red-wattled Lapwing; Rosy Starling; Siberian Stonechat; Variable Wheatear; Western Reef-Heron; White-eared Bulbul; Yellow-eyed Babbler","n_species":27,"focal_species_seen":"","focal_species_slugs":"","has_focal":false,"GRID_CODE":"GJ-KU-BHA-050","DISTRICT":"Kachchh","BLOCK":"Bhachau"},"geometry":{"type":"Point","coordinates":[70.1613882,23.3078467]}},{"type":"Feature","properties":{"GROUP.ID":"G15589508","LOCALITY":"Unnamed Road, Hajapar, Gujarat, IN (23.133, 69.762)","LATITUDE":23.1328667,"LONGITUDE":69.7618733,"OBSERVATION.DATE":"2025-09-20","OBSERVER.ID":"obsr2065637","DURATION.MINUTES":95.0,"SAMPLING.EVENT.IDENTIFIER":"S274342260","species_list":"Asian Green Bee-eater; Barn Swallow; Common Babbler; Eurasian Collared-Dove; Gray Francolin; Great Thick-knee; Indian Bushlark; Indian Peafowl; Indian Spot-billed Duck; Lesser Whitethroat; Little Ringed Plover; Red Collared-Dove; Sand Lark; Small Minivet; Spotted Flycatcher; Western Yellow Wagtail; White-throated Kingfisher","n_species":17,"focal_species_seen":"Spotted Flycatcher","focal_species_slugs":"spotted-flycatcher","has_focal":true,"GRID_CODE":"GJ-KU-BHU-158","DISTRICT":"Kachchh","BLOCK":"Bhuj"},"geometry":{"type":"Point","coordinates":[69.7618733,23.1328667]}},{"type":"Feature","properties":{"GROUP.ID":"G15589858","LOCALITY":"T 27 G 4 Juna, Gujarat, IN (23.772, 69.919)","LATITUDE":23.7719492,"LONGITUDE":69.9188786,"OBSERVATION.DATE":"2025-09-20","OBSERVER.ID":"obsr807380","DURATION.MINUTES":26.0,"SAMPLING.EVENT.IDENTIFIER":"S274342342","species_list":"Ashy-crowned Sparrow-Lark; Asian Green Bee-eater; Barred Buttonquail; Black Drongo; Blyth's Reed Warbler; Booted Eagle; Common Babbler; Common Tailorbird; Eastern Cattle-Egret; Eastern Red-rumped Swallow; Gray-breasted Prinia; Gray Francolin; Great Gray Shrike; House Crow; House Sparrow; Indian Bushlark; Indian Robin; Indian Silverbill; Laughing Dove; Long-legged Buzzard; Purple Sunbird; Red-vented Bulbul; Rufous-fronted Prinia; Shikra; Variable Wheatear; White-eared Bulbul","n_species":26,"focal_species_seen":"","focal_species_slugs":"","has_focal":false,"GRID_CODE":"GJ-KU-RAN-506","DISTRICT":"Kachchh","BLOCK":"Rann of Kachchh"},"geometry":{"type":"Point","coordinates":[69.9188786,23.7719492]}},{"type":"Feature","properties":{"GROUP.ID":"G15589856","LOCALITY":"T27G3, Daddhar Moti, Gujarat, IN (23.72, 69.857)","LATITUDE":23.7198177,"LONGITUDE":69.8565295,"OBSERVATION.DATE":"2025-09-20","OBSERVER.ID":"obsr807380","DURATION.MINUTES":39.0,"SAMPLING.EVENT.IDENTIFIER":"S274342390","species_list":"Ashy-crowned Sparrow-Lark; Black-tailed Godwit; Black-winged Stilt; Blyth's Reed Warbler; Common Babbler; Common Sandpiper; Eastern Cattle-Egret; Eastern Red-rumped Swallow; Greater Flamingo; Green Sandpiper; Gull-billed Tern; Indian Spot-billed Duck; Isabelline Wheatear; Knob-billed Duck; Laughing Dove; Little Stint; Medium Egret; Pied Avocet; Pied Cuckoo; Plain Prinia; Red-tailed Shrike; Red-wattled Lapwing; Ruff; Rufous-tailed Scrub-Robin; Siberian Stonechat; Temminck's Stint; White-eared Bulbul","n_species":27,"focal_species_seen":"Red-tailed Shrike; Rufous-tailed Scrub-Robin","focal_species_slugs":"red-tailed-shrike;rufous-tailed-scrub-robin","has_focal":true,"GRID_CODE":"GJ-KU-RAN-531","DISTRICT":"Kachchh","BLOCK":"Rann of Kachchh"},"geometry":{"type":"Point","coordinates":[69.8565295,23.7198177]}},{"type":"Feature","properties":{"GROUP.ID":"G15590021","LOCALITY":"Modhva Road","LATITUDE":22.7912149,"LONGITUDE":69.4354359,"OBSERVATION.DATE":"2025-09-20","OBSERVER.ID":"obsr1055226","DURATION.MINUTES":null,"SAMPLING.EVENT.IDENTIFIER":"S274343407","species_list":"Asian Green Bee-eater; Baya Weaver; Black-winged Kite; Black-winged Stilt; Black Drongo; Black Kite; Common Babbler; Common Hoopoe; Common Myna; Eurasian Collared-Dove; Eurasian Spoonbill; European Roller; Gray Francolin; Gray Heron; Greater Coucal; House Crow; House Sparrow; Indian Pond-Heron; Indian Robin; Indian Roller; Indian Silverbill; Laughing Dove; Lesser Whitethroat; Little Cormorant; Little Egret; Little Stint; Painted Stork; Pied Kingfisher; Plain Prinia; Red-naped Ibis; Red-vented Bulbul; Red-wattled Lapwing; River Tern; Rosy Starling; Sanderling; White-breasted Waterhen; White-throated Kingfisher; Yellow-wattled Lapwing","n_species":38,"focal_species_seen":"European Roller","focal_species_slugs":"european-roller","has_focal":true,"GRID_CODE":"GJ-KU-MAN-052","DISTRICT":"Kachchh","BLOCK":"Mandvi"},"geometry":{"type":"Point","coordinates":[69.4354359,22.7912149]}},{"type":"Feature","properties":{"GROUP.ID":"G15589665","LOCALITY":"Team2025_39-2Vada Padhar Road, Prajau, Gujarat, IN (23.156, 68.799)","LATITUDE":23.1559983,"LONGITUDE":68.79916,"OBSERVATION.DATE":"2025-09-20","OBSERVER.ID":"obsr769125","DURATION.MINUTES":32.0,"SAMPLING.EVENT.IDENTIFIER":"S274345521","species_list":"Ashy-crowned Sparrow-Lark; Asian Green Bee-eater; Asian Koel; Barn Swallow; Bay-backed Shrike; Black-winged Stilt; Black Drongo; Common Cuckoo; Common Hoopoe; Common Kingfisher; Common Myna; Common Sandpiper; Common Tailorbird; Dusky Crag-Martin; Eurasian Collared-Dove; Eurasian Wryneck; European Roller; Glossy Ibis; Gray-breasted Prinia; Gray Francolin; Great Gray Shrike; Greater Coucal; Greater Whitethroat; Green Sandpiper; House Crow; House Sparrow; Indian Robin; Indian Silverbill; Indian Spot-billed Duck; Isabelline Shrike; Jungle Prinia; Knob-billed Duck; Laughing Dove; Lesser Whistling-Duck; Lesser Whitethroat; Long-tailed Shrike; Montagu's Harrier; Oriental Darter; Paddyfield Pipit; Painted Stork; Pied Cuckoo; Pied Kingfisher; Plain Prinia; Purple Sunbird; Red-backed Shrike; Red-naped Ibis; Red-tailed Shrike; Red-vented Bulbul; Red-wattled Lapwing; Red Collared-Dove; River Tern; Rose-ringed Parakeet; Rosy Starling; Shikra; Siberian Stonechat; Spotted Flycatcher; Sykes's Warbler; Variable Wheatear; Whiskered Tern; White-tailed Iora; White-throated Kingfisher; Yellow-crowned Woodpecker; Yellow-wattled Lapwing; Zitting Cisticola","n_species":64,"focal_species_seen":"Common Cuckoo; European Roller; Greater Whitethroat; Red-backed Shrike; Red-tailed Shrike; Spotted Flycatcher","focal_species_slugs":"common-cuckoo;european-roller;greater-whitethroat;red-backed-shrike;red-tailed-shrike;spotted-flycatcher","has_focal":true,"GRID_CODE":"GJ-KU-ABD-070","DISTRICT":"Kachchh","BLOCK":"Abdasa"},"geometry":{"type":"Point","coordinates":[68.79916,23.1559983]}},{"type":"Feature","properties":{"GROUP.ID":"G15589833","LOCALITY":"Bhuj, Kachchh IN-Gujarat 23.25889, 69.44323","LATITUDE":23.258888,"LONGITUDE":69.443225,"OBSERVATION.DATE":"2025-09-20","OBSERVER.ID":"obsr4809686","DURATION.MINUTES":21.0,"SAMPLING.EVENT.IDENTIFIER":"S274346187","species_list":"Ashy-crowned Sparrow-Lark; Asian Green Bee-eater; Baya Weaver; Common Hoopoe; Eastern Red-rumped Swallow; European Roller; Indian Bushlark; Jungle Prinia; Laughing Dove; Purple Sunbird; Red-vented Bulbul; Red-wattled Lapwing; Rufous-fronted Prinia; Shikra; Spotted Flycatcher; Sykes's Warbler; Tawny Pipit; Western Marsh Harrier; White-eared Bulbul","n_species":19,"focal_species_seen":"European Roller; Spotted Flycatcher","focal_species_slugs":"european-roller;spotted-flycatcher","has_focal":true,"GRID_CODE":"GJ-KU-BHU-130","DISTRICT":"Kachchh","BLOCK":"Bhuj"},"geometry":{"type":"Point","coordinates":[69.443225,23.258888]}},{"type":"Feature","properties":{"GROUP.ID":"G15589937","LOCALITY":"Courser Land","LATITUDE":22.9458483,"LONGITUDE":69.3301383,"OBSERVATION.DATE":"2025-09-20","OBSERVER.ID":"obsr644177","DURATION.MINUTES":36.0,"SAMPLING.EVENT.IDENTIFIER":"S274347573","species_list":"Ashy-crowned Sparrow-Lark; Asian Green Bee-eater; Barn Swallow; Baya Weaver; Black Drongo; Common Babbler; Common Hoopoe; Common Woodshrike; Dusky Crag-Martin; Eastern Cattle-Egret; Eurasian Collared-Dove; Gray-breasted Prinia; Indian Courser; Laughing Dove; Little Swift; Oriental Honey-buzzard; Paddyfield Pipit; Pied Kingfisher; Plain Prinia; Purple Sunbird; Red-naped Ibis; Red-vented Bulbul; Red-wattled Lapwing; Rosy Starling; Siberian Stonechat; Spotted Flycatcher; Wire-tailed Swallow; Yellow-wattled Lapwing","n_species":28,"focal_species_seen":"Spotted Flycatcher","focal_species_slugs":"spotted-flycatcher","has_focal":true,"GRID_CODE":"GJ-KU-MAN-032","DISTRICT":"Kachchh","BLOCK":"Mandvi"},"geometry":{"type":"Point","coordinates":[69.3301383,22.9458483]}},{"type":"Feature","properties":{"GROUP.ID":"G15617332","LOCALITY":"T12G2,khengarpar,Kachchh, Gujarat, IN (23.311, 70.083)","LATITUDE":23.3107633,"LONGITUDE":70.0830897,"OBSERVATION.DATE":"2025-09-20","OBSERVER.ID":"obsr3542724","DURATION.MINUTES":36.0,"SAMPLING.EVENT.IDENTIFIER":"S274348891","species_list":"Asian Green Bee-eater; Asian Koel; Barn Swallow; Baya Weaver; Black-winged Stilt; Black Drongo; Common Babbler; Common Cuckoo; Crested Lark; European Roller; Gray-breasted Prinia; Gray Francolin; House Sparrow; Indian Robin; Indian Silverbill; Laughing Dove; Little Grebe; Long-tailed Shrike; Montagu's Harrier; Paddyfield Pipit; Pied Cuckoo; Plain Prinia; Purple Sunbird; Red-naped Ibis; Red-vented Bulbul; Red-wattled Lapwing; Red Collared-Dove; Siberian Stonechat; Spotted Flycatcher; Tawny Pipit; Variable Wheatear; White-eared Bulbul; Wire-tailed Swallow","n_species":33,"focal_species_seen":"Common Cuckoo; European Roller; Spotted Flycatcher","focal_species_slugs":"common-cuckoo;european-roller;spotted-flycatcher","has_focal":true,"GRID_CODE":"GJ-KU-ANJ-003","DISTRICT":"Kachchh","BLOCK":"Anjar"},"geometry":{"type":"Point","coordinates":[70.0830897,23.3107633]}},{"type":"Feature","properties":{"GROUP.ID":"G15589780","LOCALITY":"Bandhara Nana, Gujarat, IN (23.03, 69.74)","LATITUDE":23.029843,"LONGITUDE":69.7396814,"OBSERVATION.DATE":"2025-09-20","OBSERVER.ID":"obsr997415","DURATION.MINUTES":3.0,"SAMPLING.EVENT.IDENTIFIER":"S274349024","species_list":"European Roller; Indian Bushlark; Indian Golden Oriole; Long-tailed Shrike","n_species":4,"focal_species_seen":"European Roller","focal_species_slugs":"european-roller","has_focal":true,"GRID_CODE":"GJ-KU-BHU-170","DISTRICT":"Kachchh","BLOCK":"Bhuj"},"geometry":{"type":"Point","coordinates":[69.7396814,23.029843]}},{"type":"Feature","properties":{"GROUP.ID":"G15589984","LOCALITY":"T 3 Bandhara Nana, Gujarat, IN (23.096, 69.745)","LATITUDE":23.0962867,"LONGITUDE":69.7448133,"OBSERVATION.DATE":"2025-09-20","OBSERVER.ID":"obsr2065637","DURATION.MINUTES":73.0,"SAMPLING.EVENT.IDENTIFIER":"S274349253","species_list":"Common Kingfisher; Eurasian Spoonbill; European Roller; Glossy Ibis; Gray-breasted Prinia; Painted Stork; Pied Cuckoo; Purple Sunbird; Red-naped Ibis; Rosy Starling; Spotted Flycatcher","n_species":11,"focal_species_seen":"European Roller; Spotted Flycatcher","focal_species_slugs":"european-roller;spotted-flycatcher","has_focal":true,"GRID_CODE":"GJ-KU-BHU-165","DISTRICT":"Kachchh","BLOCK":"Bhuj"},"geometry":{"type":"Point","coordinates":[69.7448133,23.0962867]}},{"type":"Feature","properties":{"GROUP.ID":"G15589797","LOCALITY":"Unnamed Road, Kachchh, Gujarat, IN (22.995, 69.734)","LATITUDE":22.9947044,"LONGITUDE":69.7342367,"OBSERVATION.DATE":"2025-09-20","OBSERVER.ID":"obsr997415","DURATION.MINUTES":2.0,"SAMPLING.EVENT.IDENTIFIER":"S274349621","species_list":"Long-tailed Shrike; Siberian Stonechat; Spotted Flycatcher","n_species":3,"focal_species_seen":"Spotted Flycatcher","focal_species_slugs":"spotted-flycatcher","has_focal":true,"GRID_CODE":"GJ-KU-MUN-007","DISTRICT":"Kachchh","BLOCK":"Mundra"},"geometry":{"type":"Point","coordinates":[69.7342367,22.9947044]}},{"type":"Feature","properties":{"GROUP.ID":"G15589896","LOCALITY":"Tera, Gujarat, IN (23.287, 68.934)","LATITUDE":23.2874617,"LONGITUDE":68.9340917,"OBSERVATION.DATE":"2025-09-20","OBSERVER.ID":"obsr769125","DURATION.MINUTES":21.0,"SAMPLING.EVENT.IDENTIFIER":"S274352657","species_list":"Ashy-crowned Sparrow-Lark; Asian Green Bee-eater; Asian Koel; Barn Swallow; Bay-backed Shrike; Baya Weaver; Black-headed Ibis; Black-winged Kite; Black Drongo; Common Hoopoe; Common Myna; Common Tailorbird; Crested Lark; Eurasian Collared-Dove; European Roller; Glossy Ibis; Gray-necked Bunting; Gray Francolin; Gray Heron; Great Gray Shrike; Greater Coucal; Green Sandpiper; House Crow; Indian Bushlark; Indian Peafowl; Indian Robin; Indian Roller; Indian Silverbill; Isabelline Shrike; Laughing Dove; Lesser Whitethroat; Little Swift; Long-tailed Shrike; Paddyfield Pipit; Painted Stork; Pied Cuckoo; Purple Sunbird; Red-naped Ibis; Red-vented Bulbul; Red-wattled Lapwing; River Tern; Rose-ringed Parakeet; Rosy Starling; Shikra; Siberian Stonechat; Variable Wheatear; Whiskered Tern; White-eared Bulbul; White-throated Kingfisher; Wire-tailed Swallow; Yellow-wattled Lapwing","n_species":51,"focal_species_seen":"European Roller","focal_species_slugs":"european-roller","has_focal":true,"GRID_CODE":"GJ-KU-ABD-038","DISTRICT":"Kachchh","BLOCK":"Abdasa"},"geometry":{"type":"Point","coordinates":[68.9340917,23.2874617]}},{"type":"Feature","properties":{"GROUP.ID":"G15589895","LOCALITY":"Watch Tower, Bhajir Vandh, Gujarat, IN (23.189, 68.845)","LATITUDE":23.18898,"LONGITUDE":68.845095,"OBSERVATION.DATE":"2025-09-20","OBSERVER.ID":"obsr769125","DURATION.MINUTES":24.0,"SAMPLING.EVENT.IDENTIFIER":"S274353130","species_list":"Ashy-crowned Sparrow-Lark; Asian Green Bee-eater; Barn Swallow; Barred Buttonquail; Baya Weaver; Black Drongo; Black Francolin; Brahminy Starling; Common Cuckoo; Common Hoopoe; Common Myna; Crested Lark; Dusky Crag-Martin; Eastern Cattle-Egret; Eastern Red-rumped Swallow; Eurasian Collared-Dove; Eurasian Wryneck; European Roller; Gray-breasted Prinia; Gray-necked Bunting; Gray Francolin; Great Gray Shrike; Greater Coucal; Greater Whitethroat; House Crow; House Sparrow; Indian Bushlark; Indian Peafowl; Indian Robin; Indian Silverbill; Isabelline Shrike; Jungle Prinia; Lesser Whitethroat; Long-legged Buzzard; Long-tailed Shrike; Pied Cuckoo; Plain Prinia; Purple Sunbird; Rain Quail; Red-naped Ibis; Red-tailed Shrike; Red-vented Bulbul; Red-wattled Lapwing; Rosy Starling; Rufous-fronted Prinia; Shikra; Sirkeer Malkoha; Spotted Flycatcher; Tawny Lark; Tawny Pipit; Variable Wheatear; White-browed Bushchat; White-eared Bulbul; White-tailed Iora; White-throated Kingfisher; Wire-tailed Swallow; Yellow-throated Sparrow","n_species":57,"focal_species_seen":"Common Cuckoo; European Roller; Greater Whitethroat; Red-tailed Shrike; Spotted Flycatcher","focal_species_slugs":"common-cuckoo;european-roller;greater-whitethroat;red-tailed-shrike;spotted-flycatcher","has_focal":true,"GRID_CODE":"GJ-KU-ABD-060","DISTRICT":"Kachchh","BLOCK":"Abdasa"},"geometry":{"type":"Point","coordinates":[68.845095,23.18898]}},{"type":"Feature","properties":{"GROUP.ID":"G15589897","LOCALITY":"Gudthar Road, Bhuj - Naliya Highway, Sudadhro Moti, Gujarat, IN (23.277, 68.878)","LATITUDE":23.277005,"LONGITUDE":68.8778667,"OBSERVATION.DATE":"2025-09-20","OBSERVER.ID":"obsr769125","DURATION.MINUTES":16.0,"SAMPLING.EVENT.IDENTIFIER":"S274353578","species_list":"Ashy-crowned Sparrow-Lark; Asian Green Bee-eater; Asian Koel; Bay-backed Shrike; Baya Weaver; Black-winged Kite; Black Drongo; Common Hoopoe; Common Woodshrike; Eastern Cattle-Egret; Eurasian Collared-Dove; European Roller; Gray Francolin; Greater Coucal; House Crow; House Sparrow; Indian Bushlark; Indian Peafowl; Indian Robin; Indian Roller; Indian Silverbill; Jungle Prinia; Laughing Dove; Lesser Whitethroat; Little Egret; Little Swift; Long-tailed Shrike; Pied Cuckoo; Plain Prinia; Red-vented Bulbul; Red-wattled Lapwing; Rock Bush-Quail; Rose-ringed Parakeet; Rosy Starling; Rufous-tailed Lark; Shikra; Spotted Flycatcher; White-eared Bulbul; White-throated Kingfisher; Yellow-throated Sparrow; Yellow-wattled Lapwing","n_species":41,"focal_species_seen":"European Roller; Spotted Flycatcher","focal_species_slugs":"european-roller;spotted-flycatcher","has_focal":true,"GRID_CODE":"GJ-KU-ABD-037","DISTRICT":"Kachchh","BLOCK":"Abdasa"},"geometry":{"type":"Point","coordinates":[68.8778667,23.277005]}},{"type":"Feature","properties":{"GROUP.ID":"G15589923","LOCALITY":"T46G1PMC2025","LATITUDE":23.455143,"LONGITUDE":68.828232,"OBSERVATION.DATE":"2025-09-20","OBSERVER.ID":"obsr1226879","DURATION.MINUTES":73.0,"SAMPLING.EVENT.IDENTIFIER":"S274353782","species_list":"Ashy-crowned Sparrow-Lark; Asian Green Bee-eater; Bay-backed Shrike; Baya Weaver; Black Drongo; Black Francolin; Common Babbler; Common Hoopoe; Common Kingfisher; Eastern Cattle-Egret; Eurasian Collared-Dove; Eurasian Spoonbill; Glossy Ibis; Gray Francolin; Gray Heron; Indian Pond-Heron; Indian Silverbill; Indian Spot-billed Duck; Laughing Dove; Little Egret; Little Grebe; Long-tailed Shrike; Medium Egret; Oriental Darter; Pied Cuckoo; Pied Kingfisher; Plain Prinia; Purple Heron; Purple Sunbird; Red-vented Bulbul; Red-wattled Lapwing; Red Collared-Dove; River Tern; Rosy Starling; Rufous-fronted Prinia; Siberian Stonechat; Spotted Flycatcher; Whiskered Tern; White-browed Wagtail; White-eared Bulbul; White-tailed Iora; White-throated Kingfisher","n_species":42,"focal_species_seen":"Spotted Flycatcher","focal_species_slugs":"spotted-flycatcher","has_focal":true,"GRID_CODE":"GJ-KU-ABD-008","DISTRICT":"Kachchh","BLOCK":"Abdasa"},"geometry":{"type":"Point","coordinates":[68.828232,23.455143]}},{"type":"Feature","properties":{"GROUP.ID":"G15589935","LOCALITY":"Adesh Dhaba Mandvi","LATITUDE":22.8525086,"LONGITUDE":69.3066841,"OBSERVATION.DATE":"2025-09-20","OBSERVER.ID":"obsr644177","DURATION.MINUTES":21.0,"SAMPLING.EVENT.IDENTIFIER":"S274356117","species_list":"Asian Koel; Common Myna; Eurasian Collared-Dove; Laughing Dove; Little Swift; Pied Cuckoo; Purple Sunbird; Rosy Starling; Yellow-throated Sparrow","n_species":9,"focal_species_seen":"","focal_species_slugs":"","has_focal":false,"GRID_CODE":"GJ-KU-MAN-048","DISTRICT":"Kachchh","BLOCK":"Mandvi"},"geometry":{"type":"Point","coordinates":[69.3066841,22.8525086]}},{"type":"Feature","properties":{"GROUP.ID":"G15590008","LOCALITY":"Team 17 Grid 2","LATITUDE":23.862204,"LONGITUDE":70.80498299999999,"OBSERVATION.DATE":"2025-09-20","OBSERVER.ID":"obsr568923","DURATION.MINUTES":45.0,"SAMPLING.EVENT.IDENTIFIER":"S274357330","species_list":"Asian Green Bee-eater; Baya Weaver; Black-winged Stilt; Blue-cheeked Bee-eater; Common Babbler; Eurasian Collared-Dove; House Sparrow; Indian Peafowl; Indian Pond-Heron; Indian Robin; Indian Spot-billed Duck; Laughing Dove; Lesser Whistling-Duck; Little Egret; Plain Prinia; Purple Sunbird; Red-vented Bulbul; White-eared Bulbul; Yellow-throated Sparrow","n_species":19,"focal_species_seen":"Blue-cheeked Bee-eater","focal_species_slugs":"blue-cheeked-bee-eater","has_focal":true,"GRID_CODE":"GJ-KU-RAP-007","DISTRICT":"Kachchh","BLOCK":"Rapar"},"geometry":{"type":"Point","coordinates":[70.80498299999999,23.862204]}},{"type":"Feature","properties":{"GROUP.ID":"G15590002","LOCALITY":"NH 341, Kachchh IN-Gujarat 23.36531, 69.69668","LATITUDE":23.365305,"LONGITUDE":69.696681,"OBSERVATION.DATE":"2025-09-20","OBSERVER.ID":"obsr1522701","DURATION.MINUTES":3.0,"SAMPLING.EVENT.IDENTIFIER":"S274359157","species_list":"Asian Green Bee-eater; Blue-cheeked Bee-eater; European Roller; Laughing Dove","n_species":4,"focal_species_seen":"Blue-cheeked Bee-eater; European Roller","focal_species_slugs":"blue-cheeked-bee-eater;european-roller","has_focal":true,"GRID_CODE":"GJ-KU-BHU-098","DISTRICT":"Kachchh","BLOCK":"Bhuj"},"geometry":{"type":"Point","coordinates":[69.696681,23.365305]}},{"type":"Feature","properties":{"GROUP.ID":"G15590229","LOCALITY":"T36G5-Unnamed Road, Boha, Gujarat, IN (23.068, 69.129)","LATITUDE":23.0676682,"LONGITUDE":69.1285874,"OBSERVATION.DATE":"2025-09-20","OBSERVER.ID":"obsr1326084","DURATION.MINUTES":57.0,"SAMPLING.EVENT.IDENTIFIER":"S274362695","species_list":"Asian Green Bee-eater; Black-winged Stilt; Black Drongo; Common Cuckoo; Common Kingfisher; Common Sandpiper; Eastern Cattle-Egret; European Roller; Gray-breasted Prinia; Gray Francolin; Greater Coucal; Green Sandpiper; Indian Peafowl; Indian Robin; Indian Roller; Jungle Prinia; Little Cormorant; Little Ringed Plover; Long-tailed Shrike; Oriental Darter; Pied Kingfisher; Purple Heron; Purple Sunbird; Red-wattled Lapwing; River Tern; Shikra; Spotted Flycatcher; Western Marsh Harrier; Whiskered Tern; White-browed Wagtail; Wire-tailed Swallow; Wood Sandpiper; Yellow-crowned Woodpecker","n_species":33,"focal_species_seen":"Common Cuckoo; European Roller; Spotted Flycatcher","focal_species_slugs":"common-cuckoo;european-roller;spotted-flycatcher","has_focal":true,"GRID_CODE":"GJ-KU-ABD-085","DISTRICT":"Kachchh","BLOCK":"Abdasa"},"geometry":{"type":"Point","coordinates":[69.1285874,23.0676682]}},{"type":"Feature","properties":{"GROUP.ID":"G15592923","LOCALITY":"T9G2, Bhimnath Mahadev Tempel Road, Kachchh, Gujarat, IN (22.898, 69.148)","LATITUDE":22.8976718,"LONGITUDE":69.1481796,"OBSERVATION.DATE":"2025-09-20","OBSERVER.ID":"obsr685324","DURATION.MINUTES":61.0,"SAMPLING.EVENT.IDENTIFIER":"S274367247","species_list":"Asian Green Bee-eater; Asian Koel; Common Tailorbird; European Roller; House Crow; House Sparrow; Laughing Dove; Little Cormorant; Little Egret; Pied Kingfisher; Red-vented Bulbul; Red-wattled Lapwing; River Tern; White-throated Kingfisher","n_species":14,"focal_species_seen":"European Roller","focal_species_slugs":"european-roller","has_focal":true,"GRID_CODE":"GJ-KU-MAN-037","DISTRICT":"Kachchh","BLOCK":"Mandvi"},"geometry":{"type":"Point","coordinates":[69.1481796,22.8976718]}},{"type":"Feature","properties":{"GROUP.ID":"G15590228","LOCALITY":"T36-Unnamed Road, Karodiya Mota, Gujarat, IN (23.056, 69.125)","LATITUDE":23.0556906,"LONGITUDE":69.1246028,"OBSERVATION.DATE":"2025-09-20","OBSERVER.ID":"obsr1326084","DURATION.MINUTES":null,"SAMPLING.EVENT.IDENTIFIER":"S274367725","species_list":"European Roller","n_species":1,"focal_species_seen":"European Roller","focal_species_slugs":"european-roller","has_focal":true,"GRID_CODE":"GJ-KU-ABD-091","DISTRICT":"Kachchh","BLOCK":"Abdasa"},"geometry":{"type":"Point","coordinates":[69.1246028,23.0556906]}},{"type":"Feature","properties":{"GROUP.ID":"G15590226","LOCALITY":"T36-Karodiya Nana, Gujarat, IN (23.058, 69.126)","LATITUDE":23.0582577,"LONGITUDE":69.1256327,"OBSERVATION.DATE":"2025-09-20","OBSERVER.ID":"obsr1326084","DURATION.MINUTES":4.0,"SAMPLING.EVENT.IDENTIFIER":"S274367799","species_list":"Bay-backed Shrike; European Roller; Red Collared-Dove","n_species":3,"focal_species_seen":"European Roller","focal_species_slugs":"european-roller","has_focal":true,"GRID_CODE":"GJ-KU-ABD-091","DISTRICT":"Kachchh","BLOCK":"Abdasa"},"geometry":{"type":"Point","coordinates":[69.1256327,23.0582577]}},{"type":"Feature","properties":{"GROUP.ID":"G15590227","LOCALITY":"T36-Karodiya Nana, Gujarat, IN (23.056, 69.125)","LATITUDE":23.055796,"LONGITUDE":69.1248498,"OBSERVATION.DATE":"2025-09-20","OBSERVER.ID":"obsr1326084","DURATION.MINUTES":null,"SAMPLING.EVENT.IDENTIFIER":"S274367941","species_list":"Eurasian Kestrel; European Roller; Glossy Ibis; Pied Cuckoo; Red-backed Shrike","n_species":5,"focal_species_seen":"European Roller; Red-backed Shrike","focal_species_slugs":"european-roller;red-backed-shrike","has_focal":true,"GRID_CODE":"GJ-KU-ABD-091","DISTRICT":"Kachchh","BLOCK":"Abdasa"},"geometry":{"type":"Point","coordinates":[69.1248498,23.055796]}},{"type":"Feature","properties":{"GROUP.ID":"G15605915","LOCALITY":"T 45 G - 2 Lakhpat - Siyot Road, Kachchh, Gujarat, IN (23.783, 68.873)","LATITUDE":23.7825867,"LONGITUDE":68.8734167,"OBSERVATION.DATE":"2025-09-20","OBSERVER.ID":"obsr961478","DURATION.MINUTES":14.0,"SAMPLING.EVENT.IDENTIFIER":"S274370222","species_list":"Asian Green Bee-eater; Bay-backed Shrike; Baya Weaver; Black Drongo; Black Francolin; Eurasian Collared-Dove; European Roller; Gray Francolin; House Crow; House Sparrow; Indian Peafowl; Indian Robin; Indian Roller; Laughing Dove; Red-vented Bulbul; White-eared Bulbul; White-throated Kingfisher; Wire-tailed Swallow","n_species":18,"focal_species_seen":"European Roller","focal_species_slugs":"european-roller","has_focal":true,"GRID_CODE":"GJ-KU-LAK-007","DISTRICT":"Kachchh","BLOCK":"Lakhpat"},"geometry":{"type":"Point","coordinates":[68.8734167,23.7825867]}},{"type":"Feature","properties":{"GROUP.ID":"G15669237","LOCALITY":"Lakhpat Kot Road, Lakhpat, Gujarat, IN (23.826, 68.779)","LATITUDE":23.826048,"LONGITUDE":68.7787865,"OBSERVATION.DATE":"2025-09-20","OBSERVER.ID":"obsr961478","DURATION.MINUTES":35.0,"SAMPLING.EVENT.IDENTIFIER":"S274371807","species_list":"Black Drongo; Common Babbler; Eastern Cattle-Egret; Eurasian Collared-Dove; European Roller; Gray Francolin; Great Thick-knee; Great White Pelican; Greater Flamingo; Indian Peafowl; Isabelline Shrike; Little Grebe; Pied Kingfisher; Red-wattled Lapwing; River Tern; Variable Wheatear; White-eared Bulbul; Wire-tailed Swallow","n_species":18,"focal_species_seen":"European Roller","focal_species_slugs":"european-roller","has_focal":true,"GRID_CODE":"GJ-KU-RAN-457","DISTRICT":"Kachchh","BLOCK":"Rann of Kachchh"},"geometry":{"type":"Point","coordinates":[68.7787865,23.826048]}},{"type":"Feature","properties":{"GROUP.ID":"G15597966","LOCALITY":"Unnamed Road, Gorewali, Gujarat, IN (23.774, 69.508)","LATITUDE":23.7742525,"LONGITUDE":69.5083934,"OBSERVATION.DATE":"2025-09-20","OBSERVER.ID":"obsr2061595","DURATION.MINUTES":null,"SAMPLING.EVENT.IDENTIFIER":"S274372164","species_list":"Savanna Nightjar","n_species":1,"focal_species_seen":"","focal_species_slugs":"","has_focal":false,"GRID_CODE":"GJ-KU-BHU-019","DISTRICT":"Kachchh","BLOCK":"Bhuj"},"geometry":{"type":"Point","coordinates":[69.5083934,23.7742525]}},{"type":"Feature","properties":{"GROUP.ID":"G15597965","LOCALITY":"Unnamed Road, Mithdi, Gujarat, IN (23.771, 69.487)","LATITUDE":23.7708559,"LONGITUDE":69.4872479,"OBSERVATION.DATE":"2025-09-20","OBSERVER.ID":"obsr2061595","DURATION.MINUTES":null,"SAMPLING.EVENT.IDENTIFIER":"S274372216","species_list":"Savanna Nightjar","n_species":1,"focal_species_seen":"","focal_species_slugs":"","has_focal":false,"GRID_CODE":"GJ-KU-BHU-018","DISTRICT":"Kachchh","BLOCK":"Bhuj"},"geometry":{"type":"Point","coordinates":[69.4872479,23.7708559]}},{"type":"Feature","properties":{"GROUP.ID":"G15597964","LOCALITY":"Unnamed Road, Mithdi, Gujarat, IN (23.772, 69.469)","LATITUDE":23.7724347,"LONGITUDE":69.4690199,"OBSERVATION.DATE":"2025-09-20","OBSERVER.ID":"obsr2061595","DURATION.MINUTES":null,"SAMPLING.EVENT.IDENTIFIER":"S274372282","species_list":"Rufous-tailed Scrub-Robin","n_species":1,"focal_species_seen":"Rufous-tailed Scrub-Robin","focal_species_slugs":"rufous-tailed-scrub-robin","has_focal":true,"GRID_CODE":"GJ-KU-BHU-018","DISTRICT":"Kachchh","BLOCK":"Bhuj"},"geometry":{"type":"Point","coordinates":[69.4690199,23.7724347]}},{"type":"Feature","properties":{"GROUP.ID":"G15597963","LOCALITY":"Unnamed Road, Bhitara Mota, Gujarat, IN (23.743, 69.397)","LATITUDE":23.7434114,"LONGITUDE":69.3966049,"OBSERVATION.DATE":"2025-09-20","OBSERVER.ID":"obsr2061595","DURATION.MINUTES":null,"SAMPLING.EVENT.IDENTIFIER":"S274372331","species_list":"House Crow","n_species":1,"focal_species_seen":"","focal_species_slugs":"","has_focal":false,"GRID_CODE":"GJ-KU-BHU-028","DISTRICT":"Kachchh","BLOCK":"Bhuj"},"geometry":{"type":"Point","coordinates":[69.3966049,23.7434114]}},{"type":"Feature","properties":{"GROUP.ID":"G15597962","LOCALITY":"Unnamed Road, Bhitara Mota, Gujarat, IN (23.749, 69.403)","LATITUDE":23.7485118,"LONGITUDE":69.4033134,"OBSERVATION.DATE":"2025-09-20","OBSERVER.ID":"obsr2061595","DURATION.MINUTES":null,"SAMPLING.EVENT.IDENTIFIER":"S274372375","species_list":"Lesser Whitethroat; Rufous-tailed Lark","n_species":2,"focal_species_seen":"","focal_species_slugs":"","has_focal":false,"GRID_CODE":"GJ-KU-BHU-028","DISTRICT":"Kachchh","BLOCK":"Bhuj"},"geometry":{"type":"Point","coordinates":[69.4033134,23.7485118]}},{"type":"Feature","properties":{"GROUP.ID":"G15597961","LOCALITY":"Unnamed Road, Bhitara Mota, Gujarat, IN (23.756, 69.413)","LATITUDE":23.7556819,"LONGITUDE":69.4129382,"OBSERVATION.DATE":"2025-09-20","OBSERVER.ID":"obsr2061595","DURATION.MINUTES":6.0,"SAMPLING.EVENT.IDENTIFIER":"S274372444","species_list":"Collared Pratincole; Greater Short-toed Lark; Ruff","n_species":3,"focal_species_seen":"","focal_species_slugs":"","has_focal":false,"GRID_CODE":"GJ-KU-BHU-029","DISTRICT":"Kachchh","BLOCK":"Bhuj"},"geometry":{"type":"Point","coordinates":[69.4129382,23.7556819]}},{"type":"Feature","properties":{"GROUP.ID":"G15597960","LOCALITY":"Unnamed Road, Bhitara Mota, Gujarat, IN (23.774, 69.46)","LATITUDE":23.7742638,"LONGITUDE":69.4596192,"OBSERVATION.DATE":"2025-09-20","OBSERVER.ID":"obsr2061595","DURATION.MINUTES":null,"SAMPLING.EVENT.IDENTIFIER":"S274372507","species_list":"Rufous-tailed Scrub-Robin","n_species":1,"focal_species_seen":"Rufous-tailed Scrub-Robin","focal_species_slugs":"rufous-tailed-scrub-robin","has_focal":true,"GRID_CODE":"GJ-KU-BHU-018","DISTRICT":"Kachchh","BLOCK":"Bhuj"},"geometry":{"type":"Point","coordinates":[69.4596192,23.7742638]}},{"type":"Feature","properties":{"GROUP.ID":"G15597959","LOCALITY":"Unnamed Road, Bhitara Mota, Gujarat, IN (23.775, 69.442)","LATITUDE":23.7748317,"LONGITUDE":69.442137,"OBSERVATION.DATE":"2025-09-20","OBSERVER.ID":"obsr2061595","DURATION.MINUTES":null,"SAMPLING.EVENT.IDENTIFIER":"S274372557","species_list":"Green Sandpiper","n_species":1,"focal_species_seen":"","focal_species_slugs":"","has_focal":false,"GRID_CODE":"GJ-KU-BHU-017","DISTRICT":"Kachchh","BLOCK":"Bhuj"},"geometry":{"type":"Point","coordinates":[69.442137,23.7748317]}},{"type":"Feature","properties":{"GROUP.ID":"G15597958","LOCALITY":"Unnamed Road, Bhitara Mota, Gujarat, IN (23.767, 69.428)","LATITUDE":23.766715,"LONGITUDE":69.4278974,"OBSERVATION.DATE":"2025-09-20","OBSERVER.ID":"obsr2061595","DURATION.MINUTES":null,"SAMPLING.EVENT.IDENTIFIER":"S274372603","species_list":"European Roller","n_species":1,"focal_species_seen":"European Roller","focal_species_slugs":"european-roller","has_focal":true,"GRID_CODE":"GJ-KU-BHU-017","DISTRICT":"Kachchh","BLOCK":"Bhuj"},"geometry":{"type":"Point","coordinates":[69.4278974,23.766715]}},{"type":"Feature","properties":{"GROUP.ID":"G15597957","LOCALITY":"Unnamed Road, Bhitara Mota, Gujarat, IN (23.764, 69.424)","LATITUDE":23.7639854,"LONGITUDE":69.4243013,"OBSERVATION.DATE":"2025-09-20","OBSERVER.ID":"obsr2061595","DURATION.MINUTES":null,"SAMPLING.EVENT.IDENTIFIER":"S274372659","species_list":"Barn Swallow; Crested Lark; European Roller","n_species":3,"focal_species_seen":"European Roller","focal_species_slugs":"european-roller","has_focal":true,"GRID_CODE":"GJ-KU-BHU-017","DISTRICT":"Kachchh","BLOCK":"Bhuj"},"geometry":{"type":"Point","coordinates":[69.4243013,23.7639854]}},{"type":"Feature","properties":{"GROUP.ID":"G15597956","LOCALITY":"Unnamed Road, Bhitara Mota, Gujarat, IN (23.761, 69.42)","LATITUDE":23.7608736,"LONGITUDE":69.4199845,"OBSERVATION.DATE":"2025-09-20","OBSERVER.ID":"obsr2061595","DURATION.MINUTES":null,"SAMPLING.EVENT.IDENTIFIER":"S274372710","species_list":"European Roller; Whiskered Tern","n_species":2,"focal_species_seen":"European Roller","focal_species_slugs":"european-roller","has_focal":true,"GRID_CODE":"GJ-KU-BHU-017","DISTRICT":"Kachchh","BLOCK":"Bhuj"},"geometry":{"type":"Point","coordinates":[69.4199845,23.7608736]}},{"type":"Feature","properties":{"GROUP.ID":"G15597954","LOCALITY":"Unnamed Road, Bhitara Mota, Gujarat, IN (23.743, 69.396)","LATITUDE":23.7427735,"LONGITUDE":69.3958059,"OBSERVATION.DATE":"2025-09-20","OBSERVER.ID":"obsr2061595","DURATION.MINUTES":2.0,"SAMPLING.EVENT.IDENTIFIER":"S274372954","species_list":"European Roller; Red-backed Shrike; Western Marsh Harrier","n_species":3,"focal_species_seen":"European Roller; Red-backed Shrike","focal_species_slugs":"european-roller;red-backed-shrike","has_focal":true,"GRID_CODE":"GJ-KU-BHU-028","DISTRICT":"Kachchh","BLOCK":"Bhuj"},"geometry":{"type":"Point","coordinates":[69.3958059,23.7427735]}},{"type":"Feature","properties":{"GROUP.ID":"G15597953","LOCALITY":"Unnamed Road, Bhitara Mota, Gujarat, IN (23.749, 69.403)","LATITUDE":23.7485118,"LONGITUDE":69.4033134,"OBSERVATION.DATE":"2025-09-20","OBSERVER.ID":"obsr2061595","DURATION.MINUTES":18.0,"SAMPLING.EVENT.IDENTIFIER":"S274373031","species_list":"Bay-backed Shrike; Collared Pratincole; Delicate Prinia; Gull-billed Tern; Isabelline Shrike; Whiskered Tern","n_species":6,"focal_species_seen":"","focal_species_slugs":"","has_focal":false,"GRID_CODE":"GJ-KU-BHU-028","DISTRICT":"Kachchh","BLOCK":"Bhuj"},"geometry":{"type":"Point","coordinates":[69.4033134,23.7485118]}},{"type":"Feature","properties":{"GROUP.ID":"G15597951","LOCALITY":"Unnamed Road, Bhitara Mota, Gujarat, IN (23.769, 69.43)","LATITUDE":23.7685124,"LONGITUDE":69.4303137,"OBSERVATION.DATE":"2025-09-20","OBSERVER.ID":"obsr2061595","DURATION.MINUTES":null,"SAMPLING.EVENT.IDENTIFIER":"S274373273","species_list":"","n_species":0,"focal_species_seen":"","focal_species_slugs":"","has_focal":false,"GRID_CODE":"GJ-KU-BHU-017","DISTRICT":"Kachchh","BLOCK":"Bhuj"},"geometry":{"type":"Point","coordinates":[69.4303137,23.7685124]}},{"type":"Feature","properties":{"GROUP.ID":"G15597950","LOCALITY":"Unnamed Road, Bhitara Mota, Gujarat, IN (23.774, 69.438)","LATITUDE":23.7737071,"LONGITUDE":69.437666,"OBSERVATION.DATE":"2025-09-20","OBSERVER.ID":"obsr2061595","DURATION.MINUTES":null,"SAMPLING.EVENT.IDENTIFIER":"S274373307","species_list":"Common Sandpiper; Little Ringed Plover; Long-tailed Shrike","n_species":3,"focal_species_seen":"","focal_species_slugs":"","has_focal":false,"GRID_CODE":"GJ-KU-BHU-017","DISTRICT":"Kachchh","BLOCK":"Bhuj"},"geometry":{"type":"Point","coordinates":[69.437666,23.7737071]}},{"type":"Feature","properties":{"GROUP.ID":"G15669243","LOCALITY":"Mazar E Noorani, Mandvi","LATITUDE":22.8402523,"LONGITUDE":69.3525328,"OBSERVATION.DATE":"2025-09-20","OBSERVER.ID":"obsr644177","DURATION.MINUTES":16.0,"SAMPLING.EVENT.IDENTIFIER":"S274373413","species_list":"Asian Koel; Black Drongo; House Crow; Rosy Starling; White Stork","n_species":5,"focal_species_seen":"","focal_species_slugs":"","has_focal":false,"GRID_CODE":"GJ-KU-MAN-048","DISTRICT":"Kachchh","BLOCK":"Mandvi"},"geometry":{"type":"Point","coordinates":[69.3525328,22.8402523]}},{"type":"Feature","properties":{"GROUP.ID":"G15617331","LOCALITY":"T12G3, Amrapar, Gujarat, IN (23.379, 70.138)","LATITUDE":23.3790047,"LONGITUDE":70.1376485,"OBSERVATION.DATE":"2025-09-20","OBSERVER.ID":"obsr3542724","DURATION.MINUTES":63.0,"SAMPLING.EVENT.IDENTIFIER":"S274374863","species_list":"Asian Green Bee-eater; Baya Weaver; Common Babbler; Common Kingfisher; Eurasian Collared-Dove; Eurasian Coot; European Roller; House Sparrow; Laughing Dove; Little Grebe; Pied Bushchat; Pied Cuckoo; Red-backed Shrike; Red-tailed Shrike; Red-vented Bulbul; Red-wattled Lapwing; Red Collared-Dove; Variable Wheatear; Western Marsh Harrier; White-eared Bulbul; Wood Sandpiper","n_species":21,"focal_species_seen":"European Roller; Red-backed Shrike; Red-tailed Shrike","focal_species_slugs":"european-roller;red-backed-shrike;red-tailed-shrike","has_focal":true,"GRID_CODE":"GJ-KU-ANJ-001","DISTRICT":"Kachchh","BLOCK":"Anjar"},"geometry":{"type":"Point","coordinates":[70.1376485,23.3790047]}},{"type":"Feature","properties":{"GROUP.ID":"G15596708","LOCALITY":"PMC-T4G2","LATITUDE":23.085055,"LONGITUDE":69.4304834,"OBSERVATION.DATE":"2025-09-20","OBSERVER.ID":"obsr1419186","DURATION.MINUTES":67.0,"SAMPLING.EVENT.IDENTIFIER":"S274374866","species_list":"Asian Green Bee-eater; Black Drongo; Common Tailorbird; Common Woodshrike; Dusky Crag-Martin; Eurasian Wryneck; European Roller; House Sparrow; Indian Robin; Indian Silverbill; Jungle Prinia; Little Cormorant; Plain Prinia; Purple Sunbird; Red-vented Bulbul; Red-wattled Lapwing; Spotted Flycatcher; Variable Wheatear; White-throated Kingfisher","n_species":19,"focal_species_seen":"European Roller; Spotted Flycatcher","focal_species_slugs":"european-roller;spotted-flycatcher","has_focal":true,"GRID_CODE":"GJ-KU-MAN-008","DISTRICT":"Kachchh","BLOCK":"Mandvi"},"geometry":{"type":"Point","coordinates":[69.4304834,23.085055]}},{"type":"Feature","properties":{"GROUP.ID":"G15590252","LOCALITY":"Unnamed Road, Kachchh, Gujarat, IN (23.599, 69.018)","LATITUDE":23.599103,"LONGITUDE":69.0181743,"OBSERVATION.DATE":"2025-09-20","OBSERVER.ID":"obsr1332746","DURATION.MINUTES":90.0,"SAMPLING.EVENT.IDENTIFIER":"S274375727","species_list":"Ashy-crowned Sparrow-Lark; Asian Green Bee-eater; Baya Weaver; Common Babbler; Common Buzzard; Eastern Red-rumped Swallow; Eurasian Collared-Dove; European Roller; Gray-breasted Prinia; Gray Francolin; Green Sandpiper; House Sparrow; Indian Bushlark; Indian Pond-Heron; Indian Silverbill; Indian Spot-billed Duck; Indian Thick-knee; Laughing Dove; Little Cormorant; Little Ringed Plover; Long-legged Buzzard; Oriental Darter; Purple Sunbird; River Tern; Rosy Starling; Rufous-fronted Prinia; Savanna Nightjar; White-eared Bulbul; Wire-tailed Swallow; Yellow-throated Sparrow","n_species":30,"focal_species_seen":"European Roller","focal_species_slugs":"european-roller","has_focal":true,"GRID_CODE":"GJ-KU-NAK-003","DISTRICT":"Kachchh","BLOCK":"Nakhatrana"},"geometry":{"type":"Point","coordinates":[69.0181743,23.599103]}},{"type":"Feature","properties":{"GROUP.ID":"G15590253","LOCALITY":"Unnamed Road, Valka Mota, Gujarat, IN (23.595, 69.012)","LATITUDE":23.5952414,"LONGITUDE":69.011584,"OBSERVATION.DATE":"2025-09-20","OBSERVER.ID":"obsr1332746","DURATION.MINUTES":null,"SAMPLING.EVENT.IDENTIFIER":"S274375784","species_list":"Bay-backed Shrike; Eurasian Collared-Dove; European Roller","n_species":3,"focal_species_seen":"European Roller","focal_species_slugs":"european-roller","has_focal":true,"GRID_CODE":"GJ-KU-NAK-003","DISTRICT":"Kachchh","BLOCK":"Nakhatrana"},"geometry":{"type":"Point","coordinates":[69.011584,23.5952414]}},{"type":"Feature","properties":{"GROUP.ID":"G15590255","LOCALITY":"Team 41 - Ambara, Gujarat, IN (23.532, 69.094)","LATITUDE":23.5323922,"LONGITUDE":69.0938204,"OBSERVATION.DATE":"2025-09-20","OBSERVER.ID":"obsr1332746","DURATION.MINUTES":40.0,"SAMPLING.EVENT.IDENTIFIER":"S274375846","species_list":"Ashy-crowned Sparrow-Lark; Barn Swallow; Black-winged Kite; Common Sandpiper; Eastern Red-rumped Swallow; Eurasian Collared-Dove; European Roller; Gray Francolin; Gray Heron; House Sparrow; Indian Spot-billed Duck; Knob-billed Duck; Laughing Dove; Little Cormorant; Oriental Darter; Rufous-fronted Prinia; Spotted Flycatcher; Wire-tailed Swallow; Yellow-throated Sparrow","n_species":19,"focal_species_seen":"European Roller; Spotted Flycatcher","focal_species_slugs":"european-roller;spotted-flycatcher","has_focal":true,"GRID_CODE":"GJ-KU-NAK-010","DISTRICT":"Kachchh","BLOCK":"Nakhatrana"},"geometry":{"type":"Point","coordinates":[69.0938204,23.5323922]}},{"type":"Feature","properties":{"GROUP.ID":"G15590271","LOCALITY":"Lakhpat, Gujarat, IN (23.575, 68.912)","LATITUDE":23.574983,"LONGITUDE":68.9115984,"OBSERVATION.DATE":"2025-09-20","OBSERVER.ID":"obsr1332746","DURATION.MINUTES":25.0,"SAMPLING.EVENT.IDENTIFIER":"S274376394","species_list":"Asian Green Bee-eater; Eastern Red-rumped Swallow; Eurasian Collared-Dove; European Roller; Gray Francolin; House Sparrow; Knob-billed Duck; Medium Egret; Rufous-fronted Prinia; Wire-tailed Swallow","n_species":10,"focal_species_seen":"European Roller","focal_species_slugs":"european-roller","has_focal":true,"GRID_CODE":"GJ-KU-NAK-001","DISTRICT":"Kachchh","BLOCK":"Nakhatrana"},"geometry":{"type":"Point","coordinates":[68.9115984,23.574983]}},{"type":"Feature","properties":{"GROUP.ID":"G15669219","LOCALITY":"Sanva Road, Kachchh IN-Gujarat 23.60729, 70.95962","LATITUDE":23.607291,"LONGITUDE":70.959621,"OBSERVATION.DATE":"2025-09-20","OBSERVER.ID":"obsr1586010","DURATION.MINUTES":null,"SAMPLING.EVENT.IDENTIFIER":"S274378346","species_list":"European Roller","n_species":1,"focal_species_seen":"European Roller","focal_species_slugs":"european-roller","has_focal":true,"GRID_CODE":"GJ-KU-RAP-058","DISTRICT":"Kachchh","BLOCK":"Rapar"},"geometry":{"type":"Point","coordinates":[70.959621,23.607291]}},{"type":"Feature","properties":{"GROUP.ID":"G15590550","LOCALITY":"Sanva Phulpara Road, Kachchh IN-Gujarat 23.62142, 70.96441","LATITUDE":23.621417,"LONGITUDE":70.964405,"OBSERVATION.DATE":"2025-09-20","OBSERVER.ID":"obsr1586010","DURATION.MINUTES":46.0,"SAMPLING.EVENT.IDENTIFIER":"S274386747","species_list":"Ashy-crowned Sparrow-Lark; Asian Green Bee-eater; Baya Weaver; Black-crowned Night Heron; Black-winged Kite; Chestnut-bellied Sandgrouse; Common Babbler; Common Tailorbird; Eastern Cattle-Egret; Eurasian Collared-Dove; European Roller; Gray-breasted Prinia; Gray Francolin; House Sparrow; Indian Peafowl; Indian Pond-Heron; Isabelline Shrike; Isabelline Wheatear; Laughing Dove; Lesser Whistling-Duck; Lesser Whitethroat; Little Swift; Long-tailed Shrike; Paddyfield Pipit; Plain Prinia; Red-vented Bulbul; Red-wattled Lapwing; Rosy Starling; Rufous-tailed Lark; Siberian Stonechat; Spotted Flycatcher; Tawny Pipit; Temminck's Stint; Variable Wheatear; Western Marsh Harrier; White-eared Bulbul; White-tailed Iora; White-throated Kingfisher; Yellow-throated Sparrow; Zitting Cisticola","n_species":40,"focal_species_seen":"European Roller; Spotted Flycatcher","focal_species_slugs":"european-roller;spotted-flycatcher","has_focal":true,"GRID_CODE":"GJ-KU-RAP-047","DISTRICT":"Kachchh","BLOCK":"Rapar"},"geometry":{"type":"Point","coordinates":[70.964405,23.621417]}},{"type":"Feature","properties":{"GROUP.ID":"G15669220","LOCALITY":"Sanva Phulpara Road, Kachchh IN-Gujarat 23.63478, 70.97507","LATITUDE":23.63478,"LONGITUDE":70.97507,"OBSERVATION.DATE":"2025-09-20","OBSERVER.ID":"obsr1586010","DURATION.MINUTES":null,"SAMPLING.EVENT.IDENTIFIER":"S274388441","species_list":"European Roller","n_species":1,"focal_species_seen":"European Roller","focal_species_slugs":"european-roller","has_focal":true,"GRID_CODE":"GJ-KU-RAP-047","DISTRICT":"Kachchh","BLOCK":"Rapar"},"geometry":{"type":"Point","coordinates":[70.97507,23.63478]}},{"type":"Feature","properties":{"GROUP.ID":"G15669221","LOCALITY":"Sanva Phulpara Road, Kachchh IN-Gujarat 23.64956, 70.97997","LATITUDE":23.649564,"LONGITUDE":70.97997,"OBSERVATION.DATE":"2025-09-20","OBSERVER.ID":"obsr1586010","DURATION.MINUTES":null,"SAMPLING.EVENT.IDENTIFIER":"S274389705","species_list":"European Roller","n_species":1,"focal_species_seen":"European Roller","focal_species_slugs":"european-roller","has_focal":true,"GRID_CODE":"GJ-KU-RAP-047","DISTRICT":"Kachchh","BLOCK":"Rapar"},"geometry":{"type":"Point","coordinates":[70.97997,23.649564]}},{"type":"Feature","properties":{"GROUP.ID":"G15617327","LOCALITY":"T12G4, Bhudarmora, Gujarat, IN (23.335, 70.189)","LATITUDE":23.3353186,"LONGITUDE":70.1885957,"OBSERVATION.DATE":"2025-09-20","OBSERVER.ID":"obsr3542724","DURATION.MINUTES":44.0,"SAMPLING.EVENT.IDENTIFIER":"S274390675","species_list":"Ashy-crowned Sparrow-Lark; Asian Green Bee-eater; Barn Swallow; Baya Weaver; Black-winged Kite; Common Babbler; Common Hoopoe; Common Sandpiper; Eastern Cattle-Egret; Eurasian Collared-Dove; Gray Francolin; Gray Heron; Indian Pond-Heron; Indian Robin; Indian Silverbill; Laughing Dove; Little Grebe; Little Stint; Plain Prinia; Purple Sunbird; Red-vented Bulbul; Red-wattled Lapwing; Red Collared-Dove; River Tern; Siberian Stonechat; White-eared Bulbul; Wire-tailed Swallow","n_species":27,"focal_species_seen":"","focal_species_slugs":"","has_focal":false,"GRID_CODE":"GJ-KU-ANJ-005","DISTRICT":"Kachchh","BLOCK":"Anjar"},"geometry":{"type":"Point","coordinates":[70.1885957,23.3353186]}},{"type":"Feature","properties":{"GROUP.ID":"G15591869","LOCALITY":"T46G3-PMC2025","LATITUDE":23.504294,"LONGITUDE":68.786182,"OBSERVATION.DATE":"2025-09-20","OBSERVER.ID":"obsr1226879","DURATION.MINUTES":60.0,"SAMPLING.EVENT.IDENTIFIER":"S274396226","species_list":"Asian Green Bee-eater; Black Drongo; Common Babbler; Common Sandpiper; Eastern Cattle-Egret; Eurasian Collared-Dove; European Roller; Gray Francolin; House Crow; Indian Peafowl; Indian Robin; Indian Roller; Laughing Dove; Little Swift; Pallid Harrier; Purple Sunbird; Red-vented Bulbul; Red-wattled Lapwing; Rosy Starling; Spotted Flycatcher; White-eared Bulbul","n_species":21,"focal_species_seen":"European Roller; Spotted Flycatcher","focal_species_slugs":"european-roller;spotted-flycatcher","has_focal":true,"GRID_CODE":"GJ-KU-LAK-068","DISTRICT":"Kachchh","BLOCK":"Lakhpat"},"geometry":{"type":"Point","coordinates":[68.786182,23.504294]}},{"type":"Feature","properties":{"GROUP.ID":"G15590757","LOCALITY":"Unnamed Road, Kachchh, Gujarat, IN (23.6, 69.022)","LATITUDE":23.6000344,"LONGITUDE":69.0216668,"OBSERVATION.DATE":"2025-09-20","OBSERVER.ID":"obsr1332746","DURATION.MINUTES":15.0,"SAMPLING.EVENT.IDENTIFIER":"S274398480","species_list":"Common Greenshank; Gray Francolin; Great Thick-knee; Green Sandpiper; Indian Pond-Heron; Indian Spot-billed Duck; Pied Kingfisher; River Tern; Wire-tailed Swallow","n_species":9,"focal_species_seen":"","focal_species_slugs":"","has_focal":false,"GRID_CODE":"GJ-KU-NAK-003","DISTRICT":"Kachchh","BLOCK":"Nakhatrana"},"geometry":{"type":"Point","coordinates":[69.0216668,23.6000344]}},{"type":"Feature","properties":{"GROUP.ID":"G15596702","LOCALITY":"PMC-T4G1, Unnamed Road, Kachchh, Gujarat, IN (23.017, 69.567)","LATITUDE":23.0174851,"LONGITUDE":69.5672284,"OBSERVATION.DATE":"2025-09-20","OBSERVER.ID":"obsr1419186","DURATION.MINUTES":50.0,"SAMPLING.EVENT.IDENTIFIER":"S274400079","species_list":"Ashy-crowned Sparrow-Lark; Asian Green Bee-eater; Bay-backed Shrike; Chestnut-bellied Sandgrouse; Common Babbler; Common Tailorbird; Common Woodshrike; Crested Lark; Dusky Crag-Martin; Eurasian Collared-Dove; European Roller; Glossy Ibis; Gray-necked Bunting; Gray Francolin; Indian Robin; Jungle Prinia; Laughing Dove; Long-tailed Shrike; Oriental Darter; Paddyfield Pipit; Pied Cuckoo; Plain Prinia; Purple Sunbird; Red-vented Bulbul; Red-wattled Lapwing; River Tern; Rosy Starling; Small Minivet; Spotted Flycatcher; Sykes's Warbler; Western Marsh Harrier","n_species":31,"focal_species_seen":"European Roller; Spotted Flycatcher","focal_species_slugs":"european-roller;spotted-flycatcher","has_focal":true,"GRID_CODE":"GJ-KU-BHU-168","DISTRICT":"Kachchh","BLOCK":"Bhuj"},"geometry":{"type":"Point","coordinates":[69.5672284,23.0174851]}},{"type":"Feature","properties":{"GROUP.ID":"G15597948","LOCALITY":"Unnamed Road, Kachchh, Gujarat, IN (23.705, 69.568)","LATITUDE":23.7046296,"LONGITUDE":69.5676238,"OBSERVATION.DATE":"2025-09-20","OBSERVER.ID":"obsr2061595","DURATION.MINUTES":null,"SAMPLING.EVENT.IDENTIFIER":"S274401371","species_list":"European Roller","n_species":1,"focal_species_seen":"European Roller","focal_species_slugs":"european-roller","has_focal":true,"GRID_CODE":"GJ-KU-BHU-047","DISTRICT":"Kachchh","BLOCK":"Bhuj"},"geometry":{"type":"Point","coordinates":[69.5676238,23.7046296]}},{"type":"Feature","properties":{"GROUP.ID":"G15590870","LOCALITY":"T 3 Patri, Gujarat, IN (22.998, 69.699)","LATITUDE":22.9975267,"LONGITUDE":69.6993867,"OBSERVATION.DATE":"2025-09-20","OBSERVER.ID":"obsr2065637","DURATION.MINUTES":57.0,"SAMPLING.EVENT.IDENTIFIER":"S274404798","species_list":"Ashy-crowned Sparrow-Lark; Asian Green Bee-eater; Bay-backed Shrike; Black-winged Stilt; Black Drongo; Common Hoopoe; Common Kingfisher; European Roller; Gray-necked Bunting; Gray Heron; Indian Pond-Heron; Indian Robin; Jungle Prinia; Laughing Dove; Lesser Whistling-Duck; Little Grebe; Long-tailed Shrike; Oriental Darter; Pied Cuckoo; Purple Sunbird; Red-backed Shrike; Red-wattled Lapwing; River Tern; Rosy Starling; White-throated Kingfisher; Yellow-crowned Woodpecker","n_species":26,"focal_species_seen":"European Roller; Red-backed Shrike","focal_species_slugs":"european-roller;red-backed-shrike","has_focal":true,"GRID_CODE":"GJ-KU-MUN-006","DISTRICT":"Kachchh","BLOCK":"Mundra"},"geometry":{"type":"Point","coordinates":[69.6993867,22.9975267]}},{"type":"Feature","properties":{"GROUP.ID":"G15617329","LOCALITY":"T12G5, Lunva, Gujarat, IN (23.266, 70.246)","LATITUDE":23.2660802,"LONGITUDE":70.2464188,"OBSERVATION.DATE":"2025-09-20","OBSERVER.ID":"obsr3542724","DURATION.MINUTES":50.0,"SAMPLING.EVENT.IDENTIFIER":"S274409247","species_list":"Asian Green Bee-eater; Barn Swallow; Black-winged Kite; Black-winged Stilt; Black Drongo; Brahminy Starling; Common Babbler; Common Sandpiper; Eastern Cattle-Egret; Eurasian Collared-Dove; Eurasian Coot; Eurasian Moorhen; European Roller; Gray-headed Swamphen; Gray Francolin; Greater Coucal; House Sparrow; Indian Pond-Heron; Indian Robin; Indian Silverbill; Indian Spot-billed Duck; Laughing Dove; Lesser Whistling-Duck; Pied Cuckoo; Pied Kingfisher; Plain Prinia; Purple Sunbird; Red-naped Ibis; Red-vented Bulbul; Red-wattled Lapwing; Red Collared-Dove; River Tern; Siberian Stonechat; Spotted Flycatcher; White-eared Bulbul; White-throated Kingfisher; Wire-tailed Swallow","n_species":37,"focal_species_seen":"European Roller; Spotted Flycatcher","focal_species_slugs":"european-roller;spotted-flycatcher","has_focal":true,"GRID_CODE":"GJ-KU-BHA-051","DISTRICT":"Kachchh","BLOCK":"Bhachau"},"geometry":{"type":"Point","coordinates":[70.2464188,23.2660802]}},{"type":"Feature","properties":{"GROUP.ID":"G15605804","LOCALITY":"T5 G5 Mathda","LATITUDE":23.0381939,"LONGITUDE":69.8737491,"OBSERVATION.DATE":"2025-09-20","OBSERVER.ID":"obsr987794","DURATION.MINUTES":null,"SAMPLING.EVENT.IDENTIFIER":"S274414386","species_list":"White-eared Bulbul","n_species":1,"focal_species_seen":"","focal_species_slugs":"","has_focal":false,"GRID_CODE":"GJ-KU-ANJ-034","DISTRICT":"Kachchh","BLOCK":"Anjar"},"geometry":{"type":"Point","coordinates":[69.8737491,23.0381939]}},{"type":"Feature","properties":{"GROUP.ID":"G15591085","LOCALITY":"T22G3_Kidyanagar","LATITUDE":23.4631325,"LONGITUDE":70.7829027,"OBSERVATION.DATE":"2025-09-20","OBSERVER.ID":"obsr3084861","DURATION.MINUTES":118.0,"SAMPLING.EVENT.IDENTIFIER":"S274420480","species_list":"Ashy-crowned Sparrow-Lark; Asian Green Bee-eater; Black-winged Stilt; Common Babbler; Eurasian Collared-Dove; European Roller; Gray-necked Bunting; Gray Francolin; Greater Coucal; Greater Whitethroat; House Sparrow; Indian Robin; Indian Spot-billed Duck; Laughing Dove; Lesser Whitethroat; Little Cormorant; Little Grebe; Long-tailed Shrike; Pied Cuckoo; Purple Sunbird; Red-wattled Lapwing; Red Collared-Dove; White-eared Bulbul; White-throated Kingfisher","n_species":24,"focal_species_seen":"European Roller; Greater Whitethroat","focal_species_slugs":"european-roller;greater-whitethroat","has_focal":true,"GRID_CODE":"GJ-KU-RAP-077","DISTRICT":"Kachchh","BLOCK":"Rapar"},"geometry":{"type":"Point","coordinates":[70.7829027,23.4631325]}},{"type":"Feature","properties":{"GROUP.ID":"G15597338","LOCALITY":"Team2025_39-4 Jasapar, Gujarat, IN (23.231, 68.793)","LATITUDE":23.2306367,"LONGITUDE":68.7926083,"OBSERVATION.DATE":"2025-09-20","OBSERVER.ID":"obsr769125","DURATION.MINUTES":58.0,"SAMPLING.EVENT.IDENTIFIER":"S274421984","species_list":"Ashy-crowned Sparrow-Lark; Asian Green Bee-eater; Asian Koel; Barn Swallow; Bay-backed Shrike; Black Drongo; Black Francolin; Brahminy Starling; Chestnut-bellied Sandgrouse; Common Babbler; Common Hoopoe; Common Kingfisher; Common Myna; Common Tailorbird; Common Woodshrike; Crested Lark; Desert Wheatear; Dusky Crag-Martin; Eastern Cattle-Egret; Eastern Red-rumped Swallow; Eurasian Collared-Dove; Eurasian Spoonbill; Eurasian Wryneck; European Roller; Gray-breasted Prinia; Gray-necked Bunting; Gray Francolin; Gray Heron; Great Gray Shrike; Greater Coucal; Green Sandpiper; House Crow; House Sparrow; Indian Bushlark; Indian Peafowl; Indian Pond-Heron; Indian Robin; Indian Silverbill; Indian Thick-knee; Isabelline Shrike; Jungle Prinia; Laughing Dove; Lesser Whitethroat; Little Cormorant; Little Egret; Little Swift; Long-tailed Shrike; Medium Egret; Montagu's Harrier; Painted Stork; Pallid Harrier; Pied Cuckoo; Plain Prinia; Purple Sunbird; Rain Quail; Red-backed Shrike; Red-naped Ibis; Red-tailed Shrike; Red-vented Bulbul; Red-wattled Lapwing; Red Collared-Dove; Rose-ringed Parakeet; Rosy Starling; Rufous-fronted Prinia; Short-toed Snake-Eagle; Siberian Stonechat; Spotted Flycatcher; Tawny Pipit; Variable Wheatear; White-eared Bulbul; White-tailed Iora; White-throated Kingfisher; Wire-tailed Swallow; Yellow-crowned Woodpecker; Yellow-wattled Lapwing","n_species":75,"focal_species_seen":"European Roller; Red-backed Shrike; Red-tailed Shrike; Spotted Flycatcher","focal_species_slugs":"european-roller;red-backed-shrike;red-tailed-shrike;spotted-flycatcher","has_focal":true,"GRID_CODE":"GJ-KU-ABD-047","DISTRICT":"Kachchh","BLOCK":"Abdasa"},"geometry":{"type":"Point","coordinates":[68.7926083,23.2306367]}},{"type":"Feature","properties":{"GROUP.ID":"G15595371","LOCALITY":"Team 17 Grid 4","LATITUDE":23.910278,"LONGITUDE":70.62333,"OBSERVATION.DATE":"2025-09-20","OBSERVER.ID":"obsr568923","DURATION.MINUTES":28.0,"SAMPLING.EVENT.IDENTIFIER":"S274424714","species_list":"Ashy-crowned Sparrow-Lark; Asian Green Bee-eater; Bay-backed Shrike; Baya Weaver; Black-winged Stilt; Blue-cheeked Bee-eater; Brahminy Starling; Chestnut-bellied Sandgrouse; Common Babbler; Common Sandpiper; Eastern Cattle-Egret; Eurasian Collared-Dove; European Roller; Gray Francolin; Gull-billed Tern; House Sparrow; Indian Robin; Indian Silverbill; Isabelline Shrike; Laughing Dove; Little Egret; Pied Cuckoo; Red-vented Bulbul; Red-wattled Lapwing; River Tern; Rufous-fronted Prinia; Rufous-tailed Lark; White-eared Bulbul; White-throated Kingfisher; Wire-tailed Swallow","n_species":30,"focal_species_seen":"Blue-cheeked Bee-eater; European Roller","focal_species_slugs":"blue-cheeked-bee-eater;european-roller","has_focal":true,"GRID_CODE":"GJ-KU-RAP-004","DISTRICT":"Kachchh","BLOCK":"Rapar"},"geometry":{"type":"Point","coordinates":[70.62333,23.910278]}},{"type":"Feature","properties":{"GROUP.ID":"G15595370","LOCALITY":"Team 17 Grid 3","LATITUDE":23.867861,"LONGITUDE":70.656302,"OBSERVATION.DATE":"2025-09-20","OBSERVER.ID":"obsr568923","DURATION.MINUTES":28.0,"SAMPLING.EVENT.IDENTIFIER":"S274424778","species_list":"Ashy-crowned Sparrow-Lark; Asian Green Bee-eater; Asian Koel; Baya Weaver; Booted Eagle; Chestnut-bellied Sandgrouse; Common Tailorbird; Eurasian Collared-Dove; European Roller; Gray Francolin; House Sparrow; Indian Robin; Indian Spot-billed Duck; Laughing Dove; Plain Prinia; Purple Sunbird; Red-vented Bulbul; Red-wattled Lapwing; Rufous-fronted Prinia; Rufous-tailed Lark; Spotted Flycatcher; White-eared Bulbul","n_species":22,"focal_species_seen":"European Roller; Spotted Flycatcher","focal_species_slugs":"european-roller;spotted-flycatcher","has_focal":true,"GRID_CODE":"GJ-KU-RAP-005","DISTRICT":"Kachchh","BLOCK":"Rapar"},"geometry":{"type":"Point","coordinates":[70.656302,23.867861]}},{"type":"Feature","properties":{"GROUP.ID":"G15591337","LOCALITY":"T38, G4","LATITUDE":23.3122271,"LONGITUDE":69.0949736,"OBSERVATION.DATE":"2025-09-20","OBSERVER.ID":"obsr2918435","DURATION.MINUTES":66.0,"SAMPLING.EVENT.IDENTIFIER":"S274430185","species_list":"Ashy-crowned Sparrow-Lark; Barred Buttonquail; Baya Weaver; Black-winged Kite; Black-winged Stilt; Black Francolin; Common Sandpiper; European Roller; Glossy Ibis; House Sparrow; Indian Peafowl; Laughing Dove; Little Egret; Little Stint; Montagu's Harrier; Oriental Darter; Purple Sunbird; Red-vented Bulbul; River Tern; Rufous-fronted Prinia; Short-toed Snake-Eagle; Small Minivet; Spotted Flycatcher; Variable Wheatear; White-eared Bulbul","n_species":25,"focal_species_seen":"European Roller; Spotted Flycatcher","focal_species_slugs":"european-roller;spotted-flycatcher","has_focal":true,"GRID_CODE":"GJ-KU-ABD-029","DISTRICT":"Kachchh","BLOCK":"Abdasa"},"geometry":{"type":"Point","coordinates":[69.0949736,23.3122271]}},{"type":"Feature","properties":{"GROUP.ID":"G15591324","LOCALITY":"Strio- Dayapar - Junachay Road, Kachchh, Gujarat, IN (23.634, 68.96)","LATITUDE":23.6337798,"LONGITUDE":68.9600696,"OBSERVATION.DATE":"2025-09-20","OBSERVER.ID":"obsr1332746","DURATION.MINUTES":27.0,"SAMPLING.EVENT.IDENTIFIER":"S274432823","species_list":"Ashy-crowned Sparrow-Lark; Asian Green Bee-eater; Common Babbler; Eurasian Collared-Dove; European Roller; Gray-necked Bunting; Gray Francolin; Indian Bushlark; Indian Pond-Heron; Jungle Prinia; Laughing Dove; Rufous-fronted Prinia; Rufous-tailed Lark; Striolated Bunting; Tawny Pipit","n_species":15,"focal_species_seen":"European Roller","focal_species_slugs":"european-roller","has_focal":true,"GRID_CODE":"GJ-KU-LAK-040","DISTRICT":"Kachchh","BLOCK":"Lakhpat"},"geometry":{"type":"Point","coordinates":[68.9600696,23.6337798]}},{"type":"Feature","properties":{"GROUP.ID":"G15669240","LOCALITY":"Bhachau, Kutch (OBI)","LATITUDE":23.295425,"LONGITUDE":70.337937,"OBSERVATION.DATE":"2025-09-20","OBSERVER.ID":"obsr4686491","DURATION.MINUTES":5.0,"SAMPLING.EVENT.IDENTIFIER":"S274433576","species_list":"Indian Nightjar","n_species":1,"focal_species_seen":"","focal_species_slugs":"","has_focal":false,"GRID_CODE":"GJ-KU-BHA-053","DISTRICT":"Kachchh","BLOCK":"Bhachau"},"geometry":{"type":"Point","coordinates":[70.337937,23.295425]}},{"type":"Feature","properties":{"GROUP.ID":"G15669239","LOCALITY":"Vidivada Pabudada Mandir Jangi - PMC failed grid 125 - Team 25","LATITUDE":23.1993297,"LONGITUDE":70.5760373,"OBSERVATION.DATE":"2025-09-20","OBSERVER.ID":"obsr4686491","DURATION.MINUTES":193.0,"SAMPLING.EVENT.IDENTIFIER":"S274434040","species_list":"Ashy-crowned Sparrow-Lark; Asian Green Bee-eater; Bay-backed Shrike; Baya Weaver; Black-headed Ibis; Black-winged Stilt; Black Drongo; Blyth's Reed Warbler; Common Babbler; Common Greenshank; Common Hoopoe; Common Redshank; Common Tailorbird; Crested Lark; Eurasian Collared-Dove; Eurasian Spoonbill; European Roller; Gray-breasted Prinia; Gray Francolin; Gray Heron; Great Egret; Greater Sand-Plover; Green Sandpiper; Gull-billed Tern; House Crow; House Sparrow; Indian Robin; Indian Spot-billed Duck; Laughing Dove; Little Cormorant; Little Egret; Little Ringed Plover; Medium Egret; Painted Stork; Pied Avocet; Plain Prinia; Purple Sunbird; Red-wattled Lapwing; Red Collared-Dove; Rufous-fronted Prinia; Sand Lark; Siberian Stonechat; Spotted Flycatcher; Sykes's Warbler; Tawny Pipit; Temminck's Stint; Tree Pipit; Western Reef-Heron; Whiskered Tern; White-eared Bulbul; Yellow-wattled Lapwing","n_species":51,"focal_species_seen":"European Roller; Spotted Flycatcher","focal_species_slugs":"european-roller;spotted-flycatcher","has_focal":true,"GRID_CODE":"GJ-KU-BHA-074","DISTRICT":"Kachchh","BLOCK":"Bhachau"},"geometry":{"type":"Point","coordinates":[70.5760373,23.1993297]}},{"type":"Feature","properties":{"GROUP.ID":"G15669238","LOCALITY":"Unnamed Road, Kachchh, Gujarat, IN (23.226, 70.554)","LATITUDE":23.2261315,"LONGITUDE":70.5542046,"OBSERVATION.DATE":"2025-09-20","OBSERVER.ID":"obsr4686491","DURATION.MINUTES":49.0,"SAMPLING.EVENT.IDENTIFIER":"S274434113","species_list":"Eurasian Collared-Dove; European Roller; Laughing Dove; Painted Stork; Red-wattled Lapwing","n_species":5,"focal_species_seen":"European Roller","focal_species_slugs":"european-roller","has_focal":true,"GRID_CODE":"GJ-KU-BHA-068","DISTRICT":"Kachchh","BLOCK":"Bhachau"},"geometry":{"type":"Point","coordinates":[70.5542046,23.2261315]}},{"type":"Feature","properties":{"GROUP.ID":"G15600371","LOCALITY":"T48G1","LATITUDE":23.339384,"LONGITUDE":68.790861,"OBSERVATION.DATE":"2025-09-20","OBSERVER.ID":"obsr1304211","DURATION.MINUTES":63.0,"SAMPLING.EVENT.IDENTIFIER":"S274441231","species_list":"Ashy-crowned Sparrow-Lark; Asian Green Bee-eater; Bay-backed Shrike; Baya Weaver; Black-winged Kite; Black-winged Stilt; Black Drongo; Common Babbler; Common Hoopoe; Common Kingfisher; Delicate Prinia; Eastern Cattle-Egret; Eastern Red-rumped Swallow; Eurasian Collared-Dove; Eurasian Spoonbill; European Roller; Gray-breasted Prinia; Gray-headed Swamphen; Gray Francolin; Gray Heron; Great Gray Shrike; Indian Peafowl; Indian Pond-Heron; Indian Robin; Indian Silverbill; Indian Thick-knee; Laughing Dove; Lesser Whistling-Duck; Little Cormorant; Little Egret; Medium Egret; Oriental Darter; Paddyfield Pipit; Painted Stork; Pied Cuckoo; Plain Prinia; Purple Sunbird; Rain Quail; Red-vented Bulbul; Red-wattled Lapwing; River Tern; Rose-ringed Parakeet; Rosy Starling; Shikra; Siberian Stonechat; Spotted Flycatcher; Western Marsh Harrier; Whiskered Tern; White-eared Bulbul; White-throated Kingfisher; Wire-tailed Swallow; Yellow-wattled Lapwing","n_species":52,"focal_species_seen":"European Roller; Spotted Flycatcher","focal_species_slugs":"european-roller;spotted-flycatcher","has_focal":true,"GRID_CODE":"GJ-KU-ABD-023","DISTRICT":"Kachchh","BLOCK":"Abdasa"},"geometry":{"type":"Point","coordinates":[68.790861,23.339384]}},{"type":"Feature","properties":{"GROUP.ID":"G15598078","LOCALITY":"Kothara-Vanku Road, Nodevandh, Gujarat, IN (23.126, 68.873)","LATITUDE":23.1261747,"LONGITUDE":68.8731763,"OBSERVATION.DATE":"2025-09-20","OBSERVER.ID":"obsr494050","DURATION.MINUTES":5.0,"SAMPLING.EVENT.IDENTIFIER":"S274449242","species_list":"Ashy-crowned Sparrow-Lark; Baya Weaver; Common Babbler; Common Cuckoo; Common Tailorbird; Eastern Cattle-Egret; Greater Short-toed Lark; Green Warbler; House Sparrow; Indian Peafowl; Indian Pond-Heron; Laughing Dove; Lesser Whistling-Duck; Little Ringed Plover; Long-tailed Shrike; Plain Prinia; Red-wattled Lapwing; Red Collared-Dove; Western Yellow Wagtail; Wire-tailed Swallow; Zitting Cisticola","n_species":21,"focal_species_seen":"Common Cuckoo","focal_species_slugs":"common-cuckoo","has_focal":true,"GRID_CODE":"GJ-KU-ABD-072","DISTRICT":"Kachchh","BLOCK":"Abdasa"},"geometry":{"type":"Point","coordinates":[68.8731763,23.1261747]}},{"type":"Feature","properties":{"GROUP.ID":"G15598077","LOCALITY":"Sindhodi Moti, Gujarat, IN (23.156, 68.804)","LATITUDE":23.1556529,"LONGITUDE":68.8036148,"OBSERVATION.DATE":"2025-09-20","OBSERVER.ID":"obsr494050","DURATION.MINUTES":10.0,"SAMPLING.EVENT.IDENTIFIER":"S274449611","species_list":"European Roller; Greater Whitethroat; Long-tailed Shrike; Spotted Flycatcher","n_species":4,"focal_species_seen":"European Roller; Greater Whitethroat; Spotted Flycatcher","focal_species_slugs":"european-roller;greater-whitethroat;spotted-flycatcher","has_focal":true,"GRID_CODE":"GJ-KU-ABD-070","DISTRICT":"Kachchh","BLOCK":"Abdasa"},"geometry":{"type":"Point","coordinates":[68.8036148,23.1556529]}},{"type":"Feature","properties":{"GROUP.ID":"G15599555","LOCALITY":"T15G5","LATITUDE":23.6193926,"LONGITUDE":69.4978767,"OBSERVATION.DATE":"2025-09-20","OBSERVER.ID":"obsr655393","DURATION.MINUTES":106.0,"SAMPLING.EVENT.IDENTIFIER":"S274452441","species_list":"Black-headed Ibis; Blue-cheeked Bee-eater; Clamorous Reed Warbler; Common Babbler; Common Cuckoo; Common Myna; Common Tailorbird; Eurasian Collared-Dove; Eurasian Spoonbill; European Roller; Glossy Ibis; Gray Francolin; Great Egret; Greater Coucal; Greater Short-toed Lark; House Crow; House Sparrow; Indian Pond-Heron; Indian Spot-billed Duck; Isabelline Shrike; Laughing Dove; Lesser Whitethroat; Little Cormorant; Little Egret; Montagu's Harrier; Northern Shoveler; Purple Sunbird; Red-backed Shrike; Red-wattled Lapwing; River Tern; Rosy Starling; Rufous-fronted Prinia; Shikra; Siberian Stonechat; Sirkeer Malkoha; Streaked Weaver; Western Marsh Harrier; White-eared Bulbul; White-throated Kingfisher","n_species":39,"focal_species_seen":"Blue-cheeked Bee-eater; Common Cuckoo; European Roller; Red-backed Shrike","focal_species_slugs":"blue-cheeked-bee-eater;common-cuckoo;european-roller;red-backed-shrike","has_focal":true,"GRID_CODE":"GJ-KU-BHU-059","DISTRICT":"Kachchh","BLOCK":"Bhuj"},"geometry":{"type":"Point","coordinates":[69.4978767,23.6193926]}},{"type":"Feature","properties":{"GROUP.ID":"G15591851","LOCALITY":"Team 16_ Grid 3","LATITUDE":23.8349974,"LONGITUDE":70.3743613,"OBSERVATION.DATE":"2025-09-20","OBSERVER.ID":"obsr2959866","DURATION.MINUTES":19.0,"SAMPLING.EVENT.IDENTIFIER":"S274455886","species_list":"Asian Green Bee-eater; Baya Weaver; Common Sandpiper; Eurasian Collared-Dove; Indian Robin; Indian Silverbill; Laughing Dove; Lesser Whitethroat; Little Egret; Long-tailed Shrike; Purple Sunbird; Red-vented Bulbul; Red-wattled Lapwing; Rufous-tailed Scrub-Robin; White-eared Bulbul","n_species":15,"focal_species_seen":"Rufous-tailed Scrub-Robin","focal_species_slugs":"rufous-tailed-scrub-robin","has_focal":true,"GRID_CODE":"GJ-KU-BHA-011","DISTRICT":"Kachchh","BLOCK":"Bhachau"},"geometry":{"type":"Point","coordinates":[70.3743613,23.8349974]}},{"type":"Feature","properties":{"GROUP.ID":"G15597947","LOCALITY":"Unnamed Road, Hodka, Gujarat, IN (23.693, 69.584)","LATITUDE":23.6925988,"LONGITUDE":69.5838632,"OBSERVATION.DATE":"2025-09-20","OBSERVER.ID":"obsr2061595","DURATION.MINUTES":null,"SAMPLING.EVENT.IDENTIFIER":"S274456211","species_list":"Common Babbler; European Roller; Laughing Dove","n_species":3,"focal_species_seen":"European Roller","focal_species_slugs":"european-roller","has_focal":true,"GRID_CODE":"GJ-KU-BHU-047","DISTRICT":"Kachchh","BLOCK":"Bhuj"},"geometry":{"type":"Point","coordinates":[69.5838632,23.6925988]}},{"type":"Feature","properties":{"GROUP.ID":"G15597946","LOCALITY":"Unnamed Road, Hodka, Gujarat, IN (23.693, 69.584)","LATITUDE":23.6925988,"LONGITUDE":69.5838632,"OBSERVATION.DATE":"2025-09-20","OBSERVER.ID":"obsr2061595","DURATION.MINUTES":null,"SAMPLING.EVENT.IDENTIFIER":"S274456697","species_list":"Asian Green Bee-eater; European Roller; Greater Short-toed Lark; Montagu's Harrier","n_species":4,"focal_species_seen":"European Roller","focal_species_slugs":"european-roller","has_focal":true,"GRID_CODE":"GJ-KU-BHU-047","DISTRICT":"Kachchh","BLOCK":"Bhuj"},"geometry":{"type":"Point","coordinates":[69.5838632,23.6925988]}},{"type":"Feature","properties":{"GROUP.ID":"G15597945","LOCALITY":"Unnamed Road, Hodka, Gujarat, IN (23.693, 69.584)","LATITUDE":23.6925988,"LONGITUDE":69.5838632,"OBSERVATION.DATE":"2025-09-20","OBSERVER.ID":"obsr2061595","DURATION.MINUTES":null,"SAMPLING.EVENT.IDENTIFIER":"S274456927","species_list":"Greater Short-toed Lark; White-eared Bulbul","n_species":2,"focal_species_seen":"","focal_species_slugs":"","has_focal":false,"GRID_CODE":"GJ-KU-BHU-047","DISTRICT":"Kachchh","BLOCK":"Bhuj"},"geometry":{"type":"Point","coordinates":[69.5838632,23.6925988]}},{"type":"Feature","properties":{"GROUP.ID":"G15597944","LOCALITY":"Unnamed Road, Hodka, Gujarat, IN (23.693, 69.584)","LATITUDE":23.6925988,"LONGITUDE":69.5838632,"OBSERVATION.DATE":"2025-09-20","OBSERVER.ID":"obsr2061595","DURATION.MINUTES":null,"SAMPLING.EVENT.IDENTIFIER":"S274457180","species_list":"Asian Green Bee-eater; European Roller; Lesser Whitethroat","n_species":3,"focal_species_seen":"European Roller","focal_species_slugs":"european-roller","has_focal":true,"GRID_CODE":"GJ-KU-BHU-047","DISTRICT":"Kachchh","BLOCK":"Bhuj"},"geometry":{"type":"Point","coordinates":[69.5838632,23.6925988]}},{"type":"Feature","properties":{"GROUP.ID":"G15597943","LOCALITY":"Ratadiya, Gujarat, IN (23.697, 69.588)","LATITUDE":23.6966029,"LONGITUDE":69.5876961,"OBSERVATION.DATE":"2025-09-20","OBSERVER.ID":"obsr2061595","DURATION.MINUTES":2.0,"SAMPLING.EVENT.IDENTIFIER":"S274457417","species_list":"Bay-backed Shrike; Montagu's Harrier","n_species":2,"focal_species_seen":"","focal_species_slugs":"","has_focal":false,"GRID_CODE":"GJ-KU-BHU-047","DISTRICT":"Kachchh","BLOCK":"Bhuj"},"geometry":{"type":"Point","coordinates":[69.5876961,23.6966029]}},{"type":"Feature","properties":{"GROUP.ID":"G15597942","LOCALITY":"Ratadiya, Gujarat, IN (23.697, 69.588)","LATITUDE":23.6966029,"LONGITUDE":69.5876961,"OBSERVATION.DATE":"2025-09-20","OBSERVER.ID":"obsr2061595","DURATION.MINUTES":null,"SAMPLING.EVENT.IDENTIFIER":"S274457645","species_list":"Delicate Prinia","n_species":1,"focal_species_seen":"","focal_species_slugs":"","has_focal":false,"GRID_CODE":"GJ-KU-BHU-047","DISTRICT":"Kachchh","BLOCK":"Bhuj"},"geometry":{"type":"Point","coordinates":[69.5876961,23.6966029]}},{"type":"Feature","properties":{"GROUP.ID":"G15597941","LOCALITY":"Ratadiya, Gujarat, IN (23.698, 69.59)","LATITUDE":23.6983162,"LONGITUDE":69.5898403,"OBSERVATION.DATE":"2025-09-20","OBSERVER.ID":"obsr2061595","DURATION.MINUTES":2.0,"SAMPLING.EVENT.IDENTIFIER":"S274457921","species_list":"Ashy-crowned Sparrow-Lark; Delicate Prinia","n_species":2,"focal_species_seen":"","focal_species_slugs":"","has_focal":false,"GRID_CODE":"GJ-KU-BHU-047","DISTRICT":"Kachchh","BLOCK":"Bhuj"},"geometry":{"type":"Point","coordinates":[69.5898403,23.6983162]}},{"type":"Feature","properties":{"GROUP.ID":"G15597940","LOCALITY":"White Dessert Road, Dhordo, Gujarat, IN (23.802, 69.508)","LATITUDE":23.801962,"LONGITUDE":69.5083805,"OBSERVATION.DATE":"2025-09-20","OBSERVER.ID":"obsr2061595","DURATION.MINUTES":null,"SAMPLING.EVENT.IDENTIFIER":"S274458060","species_list":"Black-winged Stilt; Red-wattled Lapwing; Ruff","n_species":3,"focal_species_seen":"","focal_species_slugs":"","has_focal":false,"GRID_CODE":"GJ-KU-BHU-019","DISTRICT":"Kachchh","BLOCK":"Bhuj"},"geometry":{"type":"Point","coordinates":[69.5083805,23.801962]}},{"type":"Feature","properties":{"GROUP.ID":"G15597939","LOCALITY":"Great Rann of Kachchh--Dhordo","LATITUDE":23.801798,"LONGITUDE":69.5041466,"OBSERVATION.DATE":"2025-09-20","OBSERVER.ID":"obsr2061595","DURATION.MINUTES":25.0,"SAMPLING.EVENT.IDENTIFIER":"S274458432","species_list":"Blue-cheeked Bee-eater; Eastern Cattle-Egret; Greater Flamingo; Gull-billed Tern; Western Reef-Heron","n_species":5,"focal_species_seen":"Blue-cheeked Bee-eater","focal_species_slugs":"blue-cheeked-bee-eater","has_focal":true,"GRID_CODE":"GJ-KU-BHU-018","DISTRICT":"Kachchh","BLOCK":"Bhuj"},"geometry":{"type":"Point","coordinates":[69.5041466,23.801798]}},{"type":"Feature","properties":{"GROUP.ID":"G15597938","LOCALITY":"White Dessert Road, Kachchh, Gujarat, IN (23.835, 69.522)","LATITUDE":23.8351917,"LONGITUDE":69.5218255,"OBSERVATION.DATE":"2025-09-20","OBSERVER.ID":"obsr2061595","DURATION.MINUTES":null,"SAMPLING.EVENT.IDENTIFIER":"S274458763","species_list":"Kentish Plover; Lesser Flamingo; Little Ringed Plover; Little Stint; Sand Lark; Temminck's Stint; Tibetan Sand-Plover; Variable Wheatear; Whiskered Tern","n_species":9,"focal_species_seen":"","focal_species_slugs":"","has_focal":false,"GRID_CODE":"GJ-KU-RAN-472","DISTRICT":"Kachchh","BLOCK":"Rann of Kachchh"},"geometry":{"type":"Point","coordinates":[69.5218255,23.8351917]}},{"type":"Feature","properties":{"GROUP.ID":"G15597339","LOCALITY":"Gujarat State Highway 49, Kachchh, Gujarat, IN (23.248, 68.832)","LATITUDE":23.247505,"LONGITUDE":68.8317817,"OBSERVATION.DATE":"2025-09-20","OBSERVER.ID":"obsr769125","DURATION.MINUTES":22.0,"SAMPLING.EVENT.IDENTIFIER":"S274470898","species_list":"Ashy-crowned Sparrow-Lark; Asian Koel; Barn Swallow; Bay-backed Shrike; Baya Weaver; Black-headed Ibis; Black-winged Kite; Black Drongo; Common Babbler; Common Myna; Common Woodshrike; Crested Lark; Eastern Cattle-Egret; Eastern Red-rumped Swallow; Eurasian Collared-Dove; Eurasian Spoonbill; European Roller; Gray Francolin; Gray Heron; Great Gray Shrike; Greater Coucal; House Crow; House Sparrow; Indian Bushlark; Indian Pond-Heron; Indian Robin; Indian Roller; Indian Silverbill; Isabelline Shrike; Laughing Dove; Lesser Whitethroat; Little Egret; Little Swift; Long-tailed Shrike; Montagu's Harrier; Paddyfield Pipit; Painted Stork; Pallid Harrier; Pied Cuckoo; Purple Sunbird; Red-vented Bulbul; Red-wattled Lapwing; Red Collared-Dove; Rose-ringed Parakeet; Rosy Starling; Shikra; Siberian Stonechat; Variable Wheatear; White-eared Bulbul; White-tailed Iora; Wire-tailed Swallow; Yellow-throated Sparrow","n_species":52,"focal_species_seen":"European Roller","focal_species_slugs":"european-roller","has_focal":true,"GRID_CODE":"GJ-KU-ABD-048","DISTRICT":"Kachchh","BLOCK":"Abdasa"},"geometry":{"type":"Point","coordinates":[68.8317817,23.247505]}},{"type":"Feature","properties":{"GROUP.ID":"G15597340","LOCALITY":"Team2025_39-3, Kachchh, Gujarat, IN (23.183, 68.747)","LATITUDE":23.1831753,"LONGITUDE":68.7470257,"OBSERVATION.DATE":"2025-09-20","OBSERVER.ID":"obsr769125","DURATION.MINUTES":33.0,"SAMPLING.EVENT.IDENTIFIER":"S274472253","species_list":"Ashy-crowned Sparrow-Lark; Asian Green Bee-eater; Asian Koel; Barn Swallow; Barred Buttonquail; Bay-backed Shrike; Baya Weaver; Black-winged Kite; Black Drongo; Black Francolin; Blue-cheeked Bee-eater; Chestnut-bellied Sandgrouse; Common Babbler; Common Myna; Common Tailorbird; Common Woodshrike; Crested Lark; Dusky Crag-Martin; Eastern Cattle-Egret; Eastern Red-rumped Swallow; Eurasian Collared-Dove; Eurasian Wryneck; European Roller; Gray-breasted Prinia; Gray Francolin; Greater Coucal; House Crow; House Sparrow; Indian Bushlark; Indian Robin; Indian Silverbill; Indian Thick-knee; Isabelline Shrike; Jungle Prinia; Laughing Dove; Lesser Whitethroat; Long-legged Buzzard; Long-tailed Shrike; Montagu's Harrier; Pallid Harrier; Pied Cuckoo; Plain Prinia; Purple Sunbird; Rain Quail; Red-backed Shrike; Red-tailed Shrike; Red-vented Bulbul; Red Collared-Dove; Rose-ringed Parakeet; Rosy Starling; Rufous-fronted Prinia; Siberian Stonechat; Spotted Flycatcher; Tawny Lark; Western Marsh Harrier; White-eared Bulbul; White-tailed Iora; Wire-tailed Swallow; Yellow-crowned Woodpecker; Yellow-throated Sparrow","n_species":60,"focal_species_seen":"Blue-cheeked Bee-eater; European Roller; Red-backed Shrike; Red-tailed Shrike; Spotted Flycatcher","focal_species_slugs":"blue-cheeked-bee-eater;european-roller;red-backed-shrike;red-tailed-shrike;spotted-flycatcher","has_focal":true,"GRID_CODE":"GJ-KU-ABD-058","DISTRICT":"Kachchh","BLOCK":"Abdasa"},"geometry":{"type":"Point","coordinates":[68.7470257,23.1831753]}},{"type":"Feature","properties":{"GROUP.ID":"G15592490","LOCALITY":"Unnamed Road, Karuda, Gujarat, IN (23.583, 70.712)","LATITUDE":23.5834964,"LONGITUDE":70.7119831,"OBSERVATION.DATE":"2025-09-20","OBSERVER.ID":"obsr6143379","DURATION.MINUTES":17.0,"SAMPLING.EVENT.IDENTIFIER":"S274474687","species_list":"Asian Green Bee-eater; Baya Weaver; Black-winged Stilt; Common Babbler; Eastern Cattle-Egret; Eurasian Spoonbill; Greater Coucal; Indian Peafowl; Indian Robin; Indian Silverbill; Jungle Prinia; Laughing Dove; Red-vented Bulbul; Red-wattled Lapwing; Variable Wheatear","n_species":15,"focal_species_seen":"","focal_species_slugs":"","has_focal":false,"GRID_CODE":"GJ-KU-RAP-053","DISTRICT":"Kachchh","BLOCK":"Rapar"},"geometry":{"type":"Point","coordinates":[70.7119831,23.5834964]}},{"type":"Feature","properties":{"GROUP.ID":"G15597337","LOCALITY":"Jakhau-Vanku Road, Budiya, Gujarat, IN (23.184, 68.754)","LATITUDE":23.18402,"LONGITUDE":68.7536067,"OBSERVATION.DATE":"2025-09-20","OBSERVER.ID":"obsr769125","DURATION.MINUTES":17.0,"SAMPLING.EVENT.IDENTIFIER":"S274475564","species_list":"Asian Green Bee-eater; Asian Koel; Bay-backed Shrike; Black-headed Ibis; Black-winged Kite; Black Drongo; Brahminy Starling; Common Babbler; Common Cuckoo; Common Hoopoe; Common Myna; Common Sandpiper; Common Tailorbird; Common Woodshrike; Eastern Cattle-Egret; Eurasian Collared-Dove; Eurasian Spoonbill; European Roller; Glossy Ibis; Gray-breasted Prinia; Gray Francolin; Great Gray Shrike; Greater Coucal; Green Sandpiper; House Crow; House Sparrow; Indian Bushlark; Indian Peafowl; Indian Pond-Heron; Indian Robin; Indian Silverbill; Indian Thick-knee; Isabelline Shrike; Laughing Dove; Lesser Whitethroat; Pied Cuckoo; Plain Prinia; Purple Sunbird; Red-tailed Shrike; Red-vented Bulbul; Red-wattled Lapwing; Red Collared-Dove; River Tern; Rosy Starling; Rufous-fronted Prinia; Shikra; Siberian Stonechat; Spotted Flycatcher; Whiskered Tern; White-throated Kingfisher; Wire-tailed Swallow; Yellow-wattled Lapwing","n_species":52,"focal_species_seen":"Common Cuckoo; European Roller; Red-tailed Shrike; Spotted Flycatcher","focal_species_slugs":"common-cuckoo;european-roller;red-tailed-shrike;spotted-flycatcher","has_focal":true,"GRID_CODE":"GJ-KU-ABD-058","DISTRICT":"Kachchh","BLOCK":"Abdasa"},"geometry":{"type":"Point","coordinates":[68.7536067,23.18402]}},{"type":"Feature","properties":{"GROUP.ID":"G15592659","LOCALITY":"T36G4-National Highway 41, Kachchh, Gujarat, IN (23.075, 69.02)","LATITUDE":23.0745304,"LONGITUDE":69.020155,"OBSERVATION.DATE":"2025-09-20","OBSERVER.ID":"obsr1326084","DURATION.MINUTES":67.0,"SAMPLING.EVENT.IDENTIFIER":"S274479089","species_list":"Asian Green Bee-eater; Asian Koel; Bay-backed Shrike; Black-necked Stork; Black-winged Stilt; Black Drongo; Common Babbler; Common Kingfisher; Common Sandpiper; Common Tailorbird; Dusky Crag-Martin; Eastern Cattle-Egret; Greater Coucal; Green Sandpiper; Indian Pond-Heron; Indian Spot-billed Duck; Jungle Prinia; Laughing Dove; Lesser Whistling-Duck; Little Egret; Little Ringed Plover; Medium Egret; Purple Sunbird; Red-naped Ibis; Red-vented Bulbul; Red-wattled Lapwing; River Tern; Siberian Stonechat; Whiskered Tern; Wire-tailed Swallow","n_species":30,"focal_species_seen":"","focal_species_slugs":"","has_focal":false,"GRID_CODE":"GJ-KU-ABD-083","DISTRICT":"Kachchh","BLOCK":"Abdasa"},"geometry":{"type":"Point","coordinates":[69.020155,23.0745304]}},{"type":"Feature","properties":{"GROUP.ID":"G15597336","LOCALITY":"Jakhau - Nalia Road, Kachchh, Gujarat, IN (23.251, 68.801)","LATITUDE":23.2506283,"LONGITUDE":68.8012583,"OBSERVATION.DATE":"2025-09-20","OBSERVER.ID":"obsr769125","DURATION.MINUTES":9.0,"SAMPLING.EVENT.IDENTIFIER":"S274479170","species_list":"Ashy-crowned Sparrow-Lark; Asian Green Bee-eater; Asian Koel; Black Drongo; Brahminy Starling; Common Babbler; Common Hoopoe; Common Myna; Common Tailorbird; Eurasian Collared-Dove; European Roller; Indian Bushlark; Indian Robin; Indian Silverbill; Laughing Dove; Purple Sunbird; Red-vented Bulbul; Red-wattled Lapwing; Red Collared-Dove; Rose-ringed Parakeet; Rosy Starling; Shikra","n_species":22,"focal_species_seen":"European Roller","focal_species_slugs":"european-roller","has_focal":true,"GRID_CODE":"GJ-KU-ABD-047","DISTRICT":"Kachchh","BLOCK":"Abdasa"},"geometry":{"type":"Point","coordinates":[68.8012583,23.2506283]}},{"type":"Feature","properties":{"GROUP.ID":"G15598073","LOCALITY":"Unnamed Road, Tera, Gujarat, IN (23.287, 68.944)","LATITUDE":23.2874013,"LONGITUDE":68.9440576,"OBSERVATION.DATE":"2025-09-20","OBSERVER.ID":"obsr494050","DURATION.MINUTES":60.0,"SAMPLING.EVENT.IDENTIFIER":"S274480284","species_list":"Indian Peafowl; Spotted Owlet","n_species":2,"focal_species_seen":"","focal_species_slugs":"","has_focal":false,"GRID_CODE":"GJ-KU-ABD-038","DISTRICT":"Kachchh","BLOCK":"Abdasa"},"geometry":{"type":"Point","coordinates":[68.9440576,23.2874013]}},{"type":"Feature","properties":{"GROUP.ID":"G15598072","LOCALITY":"Unnamed Road, Vadapaddhar, Gujarat, IN (23.195, 68.853)","LATITUDE":23.1953207,"LONGITUDE":68.852644,"OBSERVATION.DATE":"2025-09-20","OBSERVER.ID":"obsr494050","DURATION.MINUTES":97.0,"SAMPLING.EVENT.IDENTIFIER":"S274480460","species_list":"Asian Green Bee-eater; Barn Swallow; Black Drongo; Black Francolin; Common Babbler; Eastern Cattle-Egret; European Roller; Gray Francolin; Great Gray Shrike; Greater Short-toed Lark; Isabelline Shrike; Isabelline Wheatear; Laughing Dove; Little Swift; Montagu's Harrier; Pallid Harrier; Rain Quail; Red-backed Shrike; Red-tailed Shrike; Red Collared-Dove; Rosy Starling; Rufous-fronted Prinia; Spotted Flycatcher; Tree Pipit; Variable Wheatear; Western Marsh Harrier; Yellow-wattled Lapwing","n_species":27,"focal_species_seen":"European Roller; Red-backed Shrike; Red-tailed Shrike; Spotted Flycatcher","focal_species_slugs":"european-roller;red-backed-shrike;red-tailed-shrike;spotted-flycatcher","has_focal":true,"GRID_CODE":"GJ-KU-ABD-060","DISTRICT":"Kachchh","BLOCK":"Abdasa"},"geometry":{"type":"Point","coordinates":[68.852644,23.1953207]}},{"type":"Feature","properties":{"GROUP.ID":"G15669242","LOCALITY":"Mazar E Noorani, Mandvi","LATITUDE":22.8402523,"LONGITUDE":69.3525328,"OBSERVATION.DATE":"2025-09-20","OBSERVER.ID":"obsr644177","DURATION.MINUTES":17.0,"SAMPLING.EVENT.IDENTIFIER":"S274483202","species_list":"House Crow; Red-naped Ibis; Red-wattled Lapwing; Rosy Starling","n_species":4,"focal_species_seen":"","focal_species_slugs":"","has_focal":false,"GRID_CODE":"GJ-KU-MAN-048","DISTRICT":"Kachchh","BLOCK":"Mandvi"},"geometry":{"type":"Point","coordinates":[69.3525328,22.8402523]}},{"type":"Feature","properties":{"GROUP.ID":"G15593240","LOCALITY":"T8G3, , Berdo, Gujarat, IN (23.432, 69.898)","LATITUDE":23.4321683,"LONGITUDE":69.8979683,"OBSERVATION.DATE":"2025-09-20","OBSERVER.ID":"obsr1592333","DURATION.MINUTES":55.0,"SAMPLING.EVENT.IDENTIFIER":"S274496156","species_list":"Asian Green Bee-eater; Asian Koel; Baya Weaver; Common Babbler; Common Hoopoe; Eastern Cattle-Egret; Eurasian Collared-Dove; European Roller; Gray Francolin; Greater Coucal; House Crow; House Sparrow; Indian Silverbill; Indian Thick-knee; Laughing Dove; Plain Prinia; Red-naped Ibis; Red-vented Bulbul; Red-wattled Lapwing; White-eared Bulbul; White-throated Kingfisher; Yellow-throated Sparrow","n_species":22,"focal_species_seen":"European Roller","focal_species_slugs":"european-roller","has_focal":true,"GRID_CODE":"GJ-KU-BHU-089","DISTRICT":"Kachchh","BLOCK":"Bhuj"},"geometry":{"type":"Point","coordinates":[69.8979683,23.4321683]}},{"type":"Feature","properties":{"GROUP.ID":"G15593343","LOCALITY":"T8G3 to lakhara Midway, Berdo, Gujarat, IN (23.437, 69.911)","LATITUDE":23.4368854,"LONGITUDE":69.9109477,"OBSERVATION.DATE":"2025-09-20","OBSERVER.ID":"obsr1592333","DURATION.MINUTES":163.0,"SAMPLING.EVENT.IDENTIFIER":"S274498731","species_list":"Asian Green Bee-eater; Barn Swallow; Baya Weaver; Common Babbler; Common Hoopoe; Eastern Cattle-Egret; Eurasian Collared-Dove; Eurasian Spoonbill; European Roller; Greater Coucal; House Crow; Indian Silverbill; Laughing Dove; Little Cormorant; Montagu's Harrier; Purple Sunbird; Red-tailed Shrike; Red-wattled Lapwing; Rose-ringed Parakeet; Shikra; Variable Wheatear; Western Marsh Harrier; White-eared Bulbul","n_species":23,"focal_species_seen":"European Roller; Red-tailed Shrike","focal_species_slugs":"european-roller;red-tailed-shrike","has_focal":true,"GRID_CODE":"GJ-KU-BHU-090","DISTRICT":"Kachchh","BLOCK":"Bhuj"},"geometry":{"type":"Point","coordinates":[69.9109477,23.4368854]}},{"type":"Feature","properties":{"GROUP.ID":"G15593406","LOCALITY":"Lakhara Midway To T8G3, Berdo, Gujarat, IN (23.436, 69.922)","LATITUDE":23.4361167,"LONGITUDE":69.9217667,"OBSERVATION.DATE":"2025-09-20","OBSERVER.ID":"obsr1592333","DURATION.MINUTES":72.0,"SAMPLING.EVENT.IDENTIFIER":"S274499690","species_list":"Asian Green Bee-eater; Common Babbler; Eurasian Collared-Dove; Laughing Dove; Red-vented Bulbul; Siberian Stonechat","n_species":6,"focal_species_seen":"","focal_species_slugs":"","has_focal":false,"GRID_CODE":"GJ-KU-BHU-090","DISTRICT":"Kachchh","BLOCK":"Bhuj"},"geometry":{"type":"Point","coordinates":[69.9217667,23.4361167]}},{"type":"Feature","properties":{"GROUP.ID":"G15593692","LOCALITY":"T8G2, Jawaharnagar Check dam, Gujarat, IN (23.368, 69.998)","LATITUDE":23.3676167,"LONGITUDE":69.9978467,"OBSERVATION.DATE":"2025-09-20","OBSERVER.ID":"obsr1592333","DURATION.MINUTES":95.0,"SAMPLING.EVENT.IDENTIFIER":"S274506959","species_list":"Barn Swallow; Bay-backed Shrike; Baya Weaver; Common Babbler; Eastern Cattle-Egret; Eurasian Collared-Dove; Gray-breasted Prinia; Great Cormorant; Greater Coucal; Gull-billed Tern; House Sparrow; Indian Peafowl; Indian Robin; Indian Silverbill; Indian Spot-billed Duck; Jungle Prinia; Laughing Dove; Little Egret; Pied Cuckoo; Plain Prinia; Red-wattled Lapwing; River Tern; Sirkeer Malkoha; White-eared Bulbul; White-tailed Iora; Wood Sandpiper","n_species":26,"focal_species_seen":"","focal_species_slugs":"","has_focal":false,"GRID_CODE":"GJ-KU-BHU-104","DISTRICT":"Kachchh","BLOCK":"Bhuj"},"geometry":{"type":"Point","coordinates":[69.9978467,23.3676167]}},{"type":"Feature","properties":{"GROUP.ID":"G15600980","LOCALITY":"T32G4","LATITUDE":23.7667096,"LONGITUDE":69.3559075,"OBSERVATION.DATE":"2025-09-20","OBSERVER.ID":"obsr413366","DURATION.MINUTES":14.0,"SAMPLING.EVENT.IDENTIFIER":"S274558932","species_list":"Ashy-crowned Sparrow-Lark; Asian Green Bee-eater; Bank Swallow; Barn Swallow; Bay-backed Shrike; Black-headed Ibis; Black-tailed Godwit; Black-winged Stilt; Black Drongo; Blue-cheeked Bee-eater; Caspian Tern; Collared Pratincole; Common Babbler; Common Greenshank; Common Hoopoe; Common Redshank; Common Sandpiper; Common Tailorbird; Crested Lark; Delicate Prinia; Dusky Crag-Martin; Eastern Cattle-Egret; Eurasian Collared-Dove; Eurasian Spoonbill; European Roller; Garganey; Glossy Ibis; Gray-breasted Prinia; Gray Francolin; Gray Heron; Great Egret; Greater Flamingo; Green Sandpiper; House Crow; House Sparrow; Indian Pond-Heron; Indian Spot-billed Duck; Isabelline Shrike; Kentish Plover; Laughing Dove; Lesser Whistling-Duck; Lesser Whitethroat; Little Cormorant; Little Egret; Little Grebe; Little Ringed Plover; Little Stint; Long-tailed Shrike; Marsh Sandpiper; Medium Egret; Montagu's Harrier; Northern Shoveler; Paddyfield Pipit; Painted Stork; Pallid Harrier; Pied Avocet; Pied Cuckoo; Plain Prinia; Purple Sunbird; Red-backed Shrike; Red-tailed Shrike; Red-vented Bulbul; Red-wattled Lapwing; Red Collared-Dove; River Tern; Rosy Starling; Ruff; Rufous-tailed Lark; Sandwich Tern; Siberian Stonechat; Temminck's Stint; Tibetan Sand-Plover; Variable Wheatear; Western Marsh Harrier; Western Reef-Heron; Whiskered Tern; White-eared Bulbul; White-throated Kingfisher; Wire-tailed Swallow","n_species":79,"focal_species_seen":"Blue-cheeked Bee-eater; European Roller; Red-backed Shrike; Red-tailed Shrike","focal_species_slugs":"blue-cheeked-bee-eater;european-roller;red-backed-shrike;red-tailed-shrike","has_focal":true,"GRID_CODE":"GJ-KU-RAN-501","DISTRICT":"Kachchh","BLOCK":"Rann of Kachchh"},"geometry":{"type":"Point","coordinates":[69.3559075,23.7667096]}},{"type":"Feature","properties":{"GROUP.ID":"G15669222","LOCALITY":"Sanva Road, Kachchh IN-Gujarat 23.59994, 70.96489","LATITUDE":23.599941,"LONGITUDE":70.964887,"OBSERVATION.DATE":"2025-09-21","OBSERVER.ID":"obsr1586010","DURATION.MINUTES":null,"SAMPLING.EVENT.IDENTIFIER":"S274567982","species_list":"Blue-cheeked Bee-eater; European Roller","n_species":2,"focal_species_seen":"Blue-cheeked Bee-eater; European Roller","focal_species_slugs":"blue-cheeked-bee-eater;european-roller","has_focal":true,"GRID_CODE":"GJ-KU-RAP-058","DISTRICT":"Kachchh","BLOCK":"Rapar"},"geometry":{"type":"Point","coordinates":[70.964887,23.599941]}},{"type":"Feature","properties":{"GROUP.ID":"G15669223","LOCALITY":"Rapar, Kachchh IN-Gujarat 23.61504, 70.95440","LATITUDE":23.615045,"LONGITUDE":70.954401,"OBSERVATION.DATE":"2025-09-21","OBSERVER.ID":"obsr1586010","DURATION.MINUTES":null,"SAMPLING.EVENT.IDENTIFIER":"S274568563","species_list":"Black Francolin; European Roller","n_species":2,"focal_species_seen":"European Roller","focal_species_slugs":"european-roller","has_focal":true,"GRID_CODE":"GJ-KU-RAP-046","DISTRICT":"Kachchh","BLOCK":"Rapar"},"geometry":{"type":"Point","coordinates":[70.954401,23.615045]}},{"type":"Feature","properties":{"GROUP.ID":"G15669224","LOCALITY":"Rapar, Kachchh IN-Gujarat 23.62563, 70.92688","LATITUDE":23.625628,"LONGITUDE":70.926878,"OBSERVATION.DATE":"2025-09-21","OBSERVER.ID":"obsr1586010","DURATION.MINUTES":null,"SAMPLING.EVENT.IDENTIFIER":"S274568736","species_list":"European Roller","n_species":1,"focal_species_seen":"European Roller","focal_species_slugs":"european-roller","has_focal":true,"GRID_CODE":"GJ-KU-RAP-046","DISTRICT":"Kachchh","BLOCK":"Rapar"},"geometry":{"type":"Point","coordinates":[70.926878,23.625628]}},{"type":"Feature","properties":{"GROUP.ID":"G15669225","LOCALITY":"Rapar, Kachchh IN-Gujarat 23.63505, 70.91179","LATITUDE":23.635054,"LONGITUDE":70.911793,"OBSERVATION.DATE":"2025-09-21","OBSERVER.ID":"obsr1586010","DURATION.MINUTES":null,"SAMPLING.EVENT.IDENTIFIER":"S274569096","species_list":"European Roller","n_species":1,"focal_species_seen":"European Roller","focal_species_slugs":"european-roller","has_focal":true,"GRID_CODE":"GJ-KU-RAP-046","DISTRICT":"Kachchh","BLOCK":"Rapar"},"geometry":{"type":"Point","coordinates":[70.911793,23.635054]}},{"type":"Feature","properties":{"GROUP.ID":"G15596840","LOCALITY":"Meghpar, Gujarat, IN (23.629, 69.004)","LATITUDE":23.628595,"LONGITUDE":69.0044432,"OBSERVATION.DATE":"2025-09-21","OBSERVER.ID":"obsr1332746","DURATION.MINUTES":null,"SAMPLING.EVENT.IDENTIFIER":"S274571614","species_list":"Green Sandpiper","n_species":1,"focal_species_seen":"","focal_species_slugs":"","has_focal":false,"GRID_CODE":"GJ-KU-LAK-040","DISTRICT":"Kachchh","BLOCK":"Lakhpat"},"geometry":{"type":"Point","coordinates":[69.0044432,23.628595]}},{"type":"Feature","properties":{"GROUP.ID":"G15605916","LOCALITY":"Lakhpat Kot Road, Lakhpat, Gujarat, IN (23.826, 68.779)","LATITUDE":23.826048,"LONGITUDE":68.7787865,"OBSERVATION.DATE":"2025-09-21","OBSERVER.ID":"obsr961478","DURATION.MINUTES":17.0,"SAMPLING.EVENT.IDENTIFIER":"S274573213","species_list":"Barred Buttonquail; Black Drongo; Common Hoopoe; Common Myna; Eurasian Collared-Dove; Gray Francolin; Greater Coucal; House Sparrow; Indian Peafowl; Little Cormorant; Purple Sunbird; Red-vented Bulbul; Red-wattled Lapwing; Rose-ringed Parakeet; White-throated Kingfisher","n_species":15,"focal_species_seen":"","focal_species_slugs":"","has_focal":false,"GRID_CODE":"GJ-KU-RAN-457","DISTRICT":"Kachchh","BLOCK":"Rann of Kachchh"},"geometry":{"type":"Point","coordinates":[68.7787865,23.826048]}},{"type":"Feature","properties":{"GROUP.ID":"G15597017","LOCALITY":"Nara Road, Kachchh, Gujarat, IN (23.635, 69.056)","LATITUDE":23.6354129,"LONGITUDE":69.0556968,"OBSERVATION.DATE":"2025-09-21","OBSERVER.ID":"obsr1332746","DURATION.MINUTES":22.0,"SAMPLING.EVENT.IDENTIFIER":"S274573611","species_list":"Baya Weaver; Eastern Red-rumped Swallow; Eurasian Collared-Dove; Eurasian Coot; European Roller; Gray Francolin; Indian Spot-billed Duck; Lesser Whistling-Duck; Little Grebe; Little Swift; Pied Cuckoo; Red-wattled Lapwing; Red Collared-Dove; River Tern; Streak-throated Swallow; Wire-tailed Swallow","n_species":16,"focal_species_seen":"European Roller","focal_species_slugs":"european-roller","has_focal":true,"GRID_CODE":"GJ-KU-LAK-041","DISTRICT":"Kachchh","BLOCK":"Lakhpat"},"geometry":{"type":"Point","coordinates":[69.0556968,23.6354129]}},{"type":"Feature","properties":{"GROUP.ID":"G15598283","LOCALITY":"Unnamed Road, Vavdi, Gujarat, IN (23.188, 69.844)","LATITUDE":23.1876567,"LONGITUDE":69.8442608,"OBSERVATION.DATE":"2025-09-21","OBSERVER.ID":"obsr457325","DURATION.MINUTES":null,"SAMPLING.EVENT.IDENTIFIER":"S274577371","species_list":"Bay-backed Shrike; Baya Weaver; Common Hoopoe; Small Minivet","n_species":4,"focal_species_seen":"","focal_species_slugs":"","has_focal":false,"GRID_CODE":"GJ-KU-BHU-150","DISTRICT":"Kachchh","BLOCK":"Bhuj"},"geometry":{"type":"Point","coordinates":[69.8442608,23.1876567]}},{"type":"Feature","properties":{"GROUP.ID":"G15598278","LOCALITY":"Ratnal-Padhar Road, Kanderai, Gujarat, IN (23.234, 69.845)","LATITUDE":23.2335721,"LONGITUDE":69.8446061,"OBSERVATION.DATE":"2025-09-21","OBSERVER.ID":"obsr457325","DURATION.MINUTES":null,"SAMPLING.EVENT.IDENTIFIER":"S274577499","species_list":"Long-legged Buzzard","n_species":1,"focal_species_seen":"","focal_species_slugs":"","has_focal":false,"GRID_CODE":"GJ-KU-BHU-138","DISTRICT":"Kachchh","BLOCK":"Bhuj"},"geometry":{"type":"Point","coordinates":[69.8446061,23.2335721]}},{"type":"Feature","properties":{"GROUP.ID":"G15597550","LOCALITY":"T18G4 - Balasar-Deslpar Road, Kachchh, Gujarat, IN (23.794, 70.674)","LATITUDE":23.7942975,"LONGITUDE":70.6739289,"OBSERVATION.DATE":"2025-09-21","OBSERVER.ID":"obsr3392004","DURATION.MINUTES":78.0,"SAMPLING.EVENT.IDENTIFIER":"S274578034","species_list":"Ashy-crowned Sparrow-Lark; Asian Green Bee-eater; Black-winged Stilt; Black Kite; Blue-cheeked Bee-eater; Common Babbler; Common Cuckoo; Crested Lark; Eastern Cattle-Egret; Eurasian Collared-Dove; Eurasian Coot; Eurasian Spoonbill; European Roller; Glossy Ibis; Gray Francolin; House Sparrow; Indian Pond-Heron; Indian Robin; Indian Silverbill; Indian Spot-billed Duck; Isabelline Shrike; Laughing Dove; Lesser Flamingo; Little Cormorant; Little Grebe; Long-tailed Shrike; Painted Stork; Pied Cuckoo; Plain Prinia; Purple Sunbird; Red-naped Ibis; Red-vented Bulbul; Red-wattled Lapwing; Red Collared-Dove; Rosy Starling; Shikra; White-eared Bulbul; White-throated Kingfisher; Wire-tailed Swallow; Yellow-throated Sparrow","n_species":40,"focal_species_seen":"Blue-cheeked Bee-eater; Common Cuckoo; European Roller","focal_species_slugs":"blue-cheeked-bee-eater;common-cuckoo;european-roller","has_focal":true,"GRID_CODE":"GJ-KU-RAP-016","DISTRICT":"Kachchh","BLOCK":"Rapar"},"geometry":{"type":"Point","coordinates":[70.6739289,23.7942975]}},{"type":"Feature","properties":{"GROUP.ID":"G15605794","LOCALITY":"T5 G2 Luni","LATITUDE":22.8728044,"LONGITUDE":69.8482113,"OBSERVATION.DATE":"2025-09-21","OBSERVER.ID":"obsr987794","DURATION.MINUTES":35.0,"SAMPLING.EVENT.IDENTIFIER":"S274578300","species_list":"Ashy-crowned Sparrow-Lark; Asian Green Bee-eater; Baya Weaver; Common Babbler; Eurasian Collared-Dove; Gray Francolin; Greater Whitethroat; Indian Bushlark; Montagu's Harrier; Osprey; Paddyfield Pipit; Painted Stork; Red-vented Bulbul; Rosy Starling; Siberian Stonechat; Sykes's Warbler; Western Marsh Harrier; White-eared Bulbul","n_species":18,"focal_species_seen":"Greater Whitethroat","focal_species_slugs":"greater-whitethroat","has_focal":true,"GRID_CODE":"GJ-KU-MUN-023","DISTRICT":"Kachchh","BLOCK":"Mundra"},"geometry":{"type":"Point","coordinates":[69.8482113,22.8728044]}},{"type":"Feature","properties":{"GROUP.ID":"G15597390","LOCALITY":"Khandek Vidivadi Vistar Road, Kachchh IN-Gujarat 23.64839, 70.86644","LATITUDE":23.648394,"LONGITUDE":70.866436,"OBSERVATION.DATE":"2025-09-21","OBSERVER.ID":"obsr1586010","DURATION.MINUTES":null,"SAMPLING.EVENT.IDENTIFIER":"S274578687","species_list":"Common Cuckoo","n_species":1,"focal_species_seen":"Common Cuckoo","focal_species_slugs":"common-cuckoo","has_focal":true,"GRID_CODE":"GJ-KU-RAP-045","DISTRICT":"Kachchh","BLOCK":"Rapar"},"geometry":{"type":"Point","coordinates":[70.866436,23.648394]}},{"type":"Feature","properties":{"GROUP.ID":"G15606195","LOCALITY":"Unnamed Road, Chhadavada, Gujarat, IN (23.255, 70.481)","LATITUDE":23.2549389,"LONGITUDE":70.480705,"OBSERVATION.DATE":"2025-09-21","OBSERVER.ID":"obsr4686491","DURATION.MINUTES":78.0,"SAMPLING.EVENT.IDENTIFIER":"S274578702","species_list":"Ashy-crowned Sparrow-Lark; Bay-backed Shrike; Black-winged Stilt; Common Sandpiper; Great Cormorant; Little Ringed Plover; Oriental Honey-buzzard; Paddyfield Pipit; Pied Kingfisher; Rufous-tailed Lark; Sanderling; Wood Sandpiper","n_species":12,"focal_species_seen":"","focal_species_slugs":"","has_focal":false,"GRID_CODE":"GJ-KU-BHA-067","DISTRICT":"Kachchh","BLOCK":"Bhachau"},"geometry":{"type":"Point","coordinates":[70.480705,23.2549389]}},{"type":"Feature","properties":{"GROUP.ID":"G15669226","LOCALITY":"Rapar, Kachchh IN-Gujarat 23.65781, 70.85802","LATITUDE":23.657812,"LONGITUDE":70.858023,"OBSERVATION.DATE":"2025-09-21","OBSERVER.ID":"obsr1586010","DURATION.MINUTES":null,"SAMPLING.EVENT.IDENTIFIER":"S274578704","species_list":"European Roller","n_species":1,"focal_species_seen":"European Roller","focal_species_slugs":"european-roller","has_focal":true,"GRID_CODE":"GJ-KU-RAP-045","DISTRICT":"Kachchh","BLOCK":"Rapar"},"geometry":{"type":"Point","coordinates":[70.858023,23.657812]}},{"type":"Feature","properties":{"GROUP.ID":"G15669227","LOCALITY":"Fatehgadh Hamirpar Road, Kachchh IN-Gujarat 23.67291, 70.83603","LATITUDE":23.672905,"LONGITUDE":70.836026,"OBSERVATION.DATE":"2025-09-21","OBSERVER.ID":"obsr1586010","DURATION.MINUTES":null,"SAMPLING.EVENT.IDENTIFIER":"S274578736","species_list":"Blue-cheeked Bee-eater; European Roller","n_species":2,"focal_species_seen":"Blue-cheeked Bee-eater; European Roller","focal_species_slugs":"blue-cheeked-bee-eater;european-roller","has_focal":true,"GRID_CODE":"GJ-KU-RAP-034","DISTRICT":"Kachchh","BLOCK":"Rapar"},"geometry":{"type":"Point","coordinates":[70.836026,23.672905]}},{"type":"Feature","properties":{"GROUP.ID":"G15669228","LOCALITY":"Pragpar Circle Road, Kachchh IN-Gujarat 23.58038, 70.65039","LATITUDE":23.580384,"LONGITUDE":70.650391,"OBSERVATION.DATE":"2025-09-21","OBSERVER.ID":"obsr1586010","DURATION.MINUTES":null,"SAMPLING.EVENT.IDENTIFIER":"S274578755","species_list":"European Roller","n_species":1,"focal_species_seen":"European Roller","focal_species_slugs":"european-roller","has_focal":true,"GRID_CODE":"GJ-KU-RAP-051","DISTRICT":"Kachchh","BLOCK":"Rapar"},"geometry":{"type":"Point","coordinates":[70.650391,23.580384]}},{"type":"Feature","properties":{"GROUP.ID":"G15669241","LOCALITY":"NH 41, Kachchh IN-GJ 23.68550, 68.53238","LATITUDE":23.685497,"LONGITUDE":68.532378,"OBSERVATION.DATE":"2025-09-21","OBSERVER.ID":"obsr2282674","DURATION.MINUTES":null,"SAMPLING.EVENT.IDENTIFIER":"S274578886","species_list":"Asian Green Bee-eater; Barn Swallow; Black-winged Stilt; Black Drongo; Black Redstart; Common Babbler; Common Greenshank; Common Hoopoe; Common Kingfisher; Common Redshank; Common Tailorbird; Delicate Prinia; Eurasian Collared-Dove; European Roller; Gray Francolin; Gray Heron; Greater Coucal; House Crow; Indian Spot-billed Duck; Laughing Dove; Lesser Whitethroat; Paddyfield Pipit; Plain Prinia; Purple Sunbird; Red-vented Bulbul; Red-wattled Lapwing; Rosy Starling; Shikra; Spotted Flycatcher; Tawny Pipit; Western Yellow Wagtail; White-eared Bulbul; White-throated Kingfisher","n_species":33,"focal_species_seen":"European Roller; Spotted Flycatcher","focal_species_slugs":"european-roller;spotted-flycatcher","has_focal":true,"GRID_CODE":"GJ-KU-LAK-017","DISTRICT":"Kachchh","BLOCK":"Lakhpat"},"geometry":{"type":"Point","coordinates":[68.532378,23.685497]}},{"type":"Feature","properties":{"GROUP.ID":"G15597446","LOCALITY":"T49 G2 Unnamed Road, Kachchh, Gujarat, IN (23.452, 68.611)","LATITUDE":23.4523675,"LONGITUDE":68.6110764,"OBSERVATION.DATE":"2025-09-21","OBSERVER.ID":"obsr2077508","DURATION.MINUTES":45.0,"SAMPLING.EVENT.IDENTIFIER":"S274578998","species_list":"Baya Weaver; Black-winged Kite; Black Drongo; Common Babbler; Common Hoopoe; Common Tailorbird; Glossy Ibis; House Crow; Laughing Dove; Plain Prinia; Purple Sunbird; Red-vented Bulbul; Red-wattled Lapwing; Siberian Stonechat","n_species":14,"focal_species_seen":"","focal_species_slugs":"","has_focal":false,"GRID_CODE":"GJ-KU-LAK-074","DISTRICT":"Kachchh","BLOCK":"Lakhpat"},"geometry":{"type":"Point","coordinates":[68.6110764,23.4523675]}},{"type":"Feature","properties":{"GROUP.ID":"G15598338","LOCALITY":"Bhojardo, Gujarat, IN (23.593, 69.814)","LATITUDE":23.5931889,"LONGITUDE":69.8142996,"OBSERVATION.DATE":"2025-09-21","OBSERVER.ID":"obsr807380","DURATION.MINUTES":10.0,"SAMPLING.EVENT.IDENTIFIER":"S274579948","species_list":"Eastern Red-rumped Swallow; House Crow; House Sparrow; Lesser Whitethroat; Purple Sunbird; Shikra; Spotted Flycatcher; White-throated Kingfisher","n_species":8,"focal_species_seen":"Spotted Flycatcher","focal_species_slugs":"spotted-flycatcher","has_focal":true,"GRID_CODE":"GJ-KU-BHU-072","DISTRICT":"Kachchh","BLOCK":"Bhuj"},"geometry":{"type":"Point","coordinates":[69.8142996,23.5931889]}},{"type":"Feature","properties":{"GROUP.ID":"G15669229","LOCALITY":"Rapar, Kachchh IN-Gujarat 23.53663, 70.44753","LATITUDE":23.536633,"LONGITUDE":70.447529,"OBSERVATION.DATE":"2025-09-21","OBSERVER.ID":"obsr1586010","DURATION.MINUTES":null,"SAMPLING.EVENT.IDENTIFIER":"S274580083","species_list":"European Roller","n_species":1,"focal_species_seen":"European Roller","focal_species_slugs":"european-roller","has_focal":true,"GRID_CODE":"GJ-KU-RAP-059","DISTRICT":"Kachchh","BLOCK":"Rapar"},"geometry":{"type":"Point","coordinates":[70.447529,23.536633]}},{"type":"Feature","properties":{"GROUP.ID":"G15669230","LOCALITY":"Rapar, Kachchh IN-Gujarat 23.51546, 70.43638","LATITUDE":23.515458,"LONGITUDE":70.436382,"OBSERVATION.DATE":"2025-09-21","OBSERVER.ID":"obsr1586010","DURATION.MINUTES":null,"SAMPLING.EVENT.IDENTIFIER":"S274580196","species_list":"European Roller","n_species":1,"focal_species_seen":"European Roller","focal_species_slugs":"european-roller","has_focal":true,"GRID_CODE":"GJ-KU-RAP-059","DISTRICT":"Kachchh","BLOCK":"Rapar"},"geometry":{"type":"Point","coordinates":[70.436382,23.515458]}},{"type":"Feature","properties":{"GROUP.ID":"G15606196","LOCALITY":"Unnamed Road, Chhadavada, Gujarat, IN (23.262, 70.467)","LATITUDE":23.2623999,"LONGITUDE":70.4666872,"OBSERVATION.DATE":"2025-09-21","OBSERVER.ID":"obsr4686491","DURATION.MINUTES":22.0,"SAMPLING.EVENT.IDENTIFIER":"S274580338","species_list":"Asian Green Bee-eater; Common Babbler; Common Tailorbird; Eurasian Collared-Dove; European Roller; House Crow; House Sparrow; Laughing Dove; Little Grebe; Western Marsh Harrier; White-eared Bulbul","n_species":11,"focal_species_seen":"European Roller","focal_species_slugs":"european-roller","has_focal":true,"GRID_CODE":"GJ-KU-BHA-056","DISTRICT":"Kachchh","BLOCK":"Bhachau"},"geometry":{"type":"Point","coordinates":[70.4666872,23.2623999]}},{"type":"Feature","properties":{"GROUP.ID":"G15597473","LOCALITY":"Gaduli, Gujarat, IN (23.636, 69.062)","LATITUDE":23.6357676,"LONGITUDE":69.0618804,"OBSERVATION.DATE":"2025-09-21","OBSERVER.ID":"obsr1332746","DURATION.MINUTES":37.0,"SAMPLING.EVENT.IDENTIFIER":"S274580369","species_list":"Ashy-crowned Sparrow-Lark; Dusky Crag-Martin; Eastern Red-rumped Swallow; Eurasian Collared-Dove; European Roller; Gray-necked Bunting; Gray Francolin; Indian Bushlark; Indian Pond-Heron; Indian Silverbill; Jungle Prinia; Laughing Dove; Little Swift; Pied Cuckoo; Red-tailed Shrike; Red-vented Bulbul; Red-wattled Lapwing; Rufous-fronted Prinia; Spotted Flycatcher; White-eared Bulbul; White-tailed Iora; Wire-tailed Swallow","n_species":22,"focal_species_seen":"European Roller; Red-tailed Shrike; Spotted Flycatcher","focal_species_slugs":"european-roller;red-tailed-shrike;spotted-flycatcher","has_focal":true,"GRID_CODE":"GJ-KU-LAK-042","DISTRICT":"Kachchh","BLOCK":"Lakhpat"},"geometry":{"type":"Point","coordinates":[69.0618804,23.6357676]}},{"type":"Feature","properties":{"GROUP.ID":"G15599488","LOCALITY":"Gujarat State Highway 49, Kachchh, Gujarat, IN (23.22, 68.669)","LATITUDE":23.2204367,"LONGITUDE":68.6694983,"OBSERVATION.DATE":"2025-09-21","OBSERVER.ID":"obsr769125","DURATION.MINUTES":37.0,"SAMPLING.EVENT.IDENTIFIER":"S274580378","species_list":"Ashy-crowned Sparrow-Lark; Asian Green Bee-eater; Asian Koel; Barn Swallow; Bay-backed Shrike; Black-headed Ibis; Black-tailed Godwit; Black-winged Kite; Black-winged Stilt; Black Drongo; Blue-cheeked Bee-eater; Blyth's Reed Warbler; Booted Eagle; Brahminy Starling; Brown-headed Gull; Caspian Tern; Clamorous Reed Warbler; Common Babbler; Common Hoopoe; Common Kingfisher; Common Myna; Common Sandpiper; Common Snipe; Crested Lark; Dalmatian Pelican; Desert Wheatear; Dunlin; Eastern Cattle-Egret; Eastern Orphean Warbler; Eurasian Collared-Dove; Eurasian Coot; Eurasian Curlew; Eurasian Spoonbill; European Roller; Garganey; Glossy Ibis; Gray Francolin; Gray Heron; Great Cormorant; Great Egret; Great Gray Shrike; Greater Coucal; Greater Flamingo; Green Sandpiper; Gull-billed Tern; House Sparrow; Indian Bushlark; Indian Pond-Heron; Indian Robin; Indian Spot-billed Duck; Indian Thick-knee; Isabelline Shrike; Kentish Plover; Lesser Whitethroat; Little Cormorant; Little Egret; Little Grebe; Little Ringed Plover; Little Stint; Little Swift; Medium Egret; Oriental Darter; Painted Stork; Pallas's Gull; Pied Avocet; Pied Cuckoo; Pied Kingfisher; Purple Sunbird; Rain Quail; Red-tailed Shrike; Red-vented Bulbul; Red-wattled Lapwing; River Tern; Rosy Starling; Ruff; Rufous-fronted Prinia; Rufous-tailed Lark; Sanderling; Shikra; Slender-billed Gull; Spotted Flycatcher; Tawny Lark; Temminck's Stint; Tibetan Sand-Plover; Variable Wheatear; Western Marsh Harrier; Western Reef-Heron; Whiskered Tern; White-throated Kingfisher; Wire-tailed Swallow","n_species":90,"focal_species_seen":"Blue-cheeked Bee-eater; European Roller; Red-tailed Shrike; Spotted Flycatcher","focal_species_slugs":"blue-cheeked-bee-eater;european-roller;red-tailed-shrike;spotted-flycatcher","has_focal":true,"GRID_CODE":"GJ-KU-ABD-045","DISTRICT":"Kachchh","BLOCK":"Abdasa"},"geometry":{"type":"Point","coordinates":[68.6694983,23.2204367]}},{"type":"Feature","properties":{"GROUP.ID":"G15599485","LOCALITY":"Team2025_39-5, Jakhau,Gujarat State Highway 49, Kachchh, Gujarat, IN (23.223, 68.64)","LATITUDE":23.223195,"LONGITUDE":68.6396283,"OBSERVATION.DATE":"2025-09-21","OBSERVER.ID":"obsr769125","DURATION.MINUTES":28.0,"SAMPLING.EVENT.IDENTIFIER":"S274580637","species_list":"Ashy-crowned Sparrow-Lark; Asian Green Bee-eater; Black-tailed Godwit; Black-winged Stilt; Black Drongo; Blue-cheeked Bee-eater; Common Hoopoe; Common Kingfisher; Common Myna; Common Sandpiper; Crested Lark; Eastern Cattle-Egret; Eurasian Collared-Dove; Eurasian Curlew; European Roller; Gray Heron; Great Egret; Great Thick-knee; Greater Coucal; Green Sandpiper; House Crow; House Sparrow; Indian Bushlark; Indian Robin; Laughing Dove; Lesser Whitethroat; Little Cormorant; Little Ringed Plover; Little Stint; Little Swift; Marsh Sandpiper; Medium Egret; Pied Avocet; Pied Kingfisher; Purple Sunbird; Red-vented Bulbul; Red-wattled Lapwing; Rose-ringed Parakeet; Rosy Starling; Ruff; Sand Lark; Shikra; Temminck's Stint; Tibetan Sand-Plover; Western Marsh Harrier; White-throated Kingfisher","n_species":46,"focal_species_seen":"Blue-cheeked Bee-eater; European Roller","focal_species_slugs":"blue-cheeked-bee-eater;european-roller","has_focal":true,"GRID_CODE":"GJ-KU-ABD-044","DISTRICT":"Kachchh","BLOCK":"Abdasa"},"geometry":{"type":"Point","coordinates":[68.6396283,23.223195]}},{"type":"Feature","properties":{"GROUP.ID":"G15597512","LOCALITY":"T43G1","LATITUDE":23.6337634,"LONGITUDE":68.95454960000001,"OBSERVATION.DATE":"2025-09-21","OBSERVER.ID":"obsr1493800","DURATION.MINUTES":102.0,"SAMPLING.EVENT.IDENTIFIER":"S274580826","species_list":"Asian Green Bee-eater; Barred Buttonquail; Bay-backed Shrike; Baya Weaver; Blyth's Reed Warbler; Brown Rock Chat; Common Babbler; Common Cuckoo; Common Tailorbird; Eastern Red-rumped Swallow; Eurasian Collared-Dove; European Roller; Gray-breasted Prinia; Gray Francolin; Greater Whitethroat; Gull-billed Tern; Indian Peafowl; Indian Robin; Isabelline Shrike; Laughing Dove; Long-tailed Shrike; Pied Cuckoo; Purple Sunbird; Red-backed Shrike; Red-tailed Shrike; Red-vented Bulbul; Rosy Starling; Spotted Flycatcher; Streak-throated Swallow; White-eared Bulbul; Yellow-throated Sparrow","n_species":31,"focal_species_seen":"Common Cuckoo; European Roller; Greater Whitethroat; Red-backed Shrike; Red-tailed Shrike; Spotted Flycatcher","focal_species_slugs":"common-cuckoo;european-roller;greater-whitethroat;red-backed-shrike;red-tailed-shrike;spotted-flycatcher","has_focal":true,"GRID_CODE":"GJ-KU-LAK-039","DISTRICT":"Kachchh","BLOCK":"Lakhpat"},"geometry":{"type":"Point","coordinates":[68.95454960000001,23.6337634]}},{"type":"Feature","properties":{"GROUP.ID":"G15597509","LOCALITY":"T43G2","LATITUDE":23.6949261,"LONGITUDE":68.9951875,"OBSERVATION.DATE":"2025-09-20","OBSERVER.ID":"obsr1493800","DURATION.MINUTES":51.0,"SAMPLING.EVENT.IDENTIFIER":"S274580869","species_list":"Ashy-crowned Sparrow-Lark; Asian Green Bee-eater; Baya Weaver; Black Drongo; Brahminy Starling; Common Babbler; Common Tailorbird; Eurasian Collared-Dove; Eurasian Wryneck; European Roller; Gray-breasted Prinia; Gray-necked Bunting; Gray Francolin; Greater Coucal; House Sparrow; Indian Peafowl; Isabelline Shrike; Laughing Dove; Paddyfield Pipit; Purple Sunbird; Red-vented Bulbul; Red-wattled Lapwing; Rufous-tailed Lark; Spotted Flycatcher; White-eared Bulbul; White-throated Kingfisher; Wire-tailed Swallow","n_species":27,"focal_species_seen":"European Roller; Spotted Flycatcher","focal_species_slugs":"european-roller;spotted-flycatcher","has_focal":true,"GRID_CODE":"GJ-KU-LAK-026","DISTRICT":"Kachchh","BLOCK":"Lakhpat"},"geometry":{"type":"Point","coordinates":[68.9951875,23.6949261]}},{"type":"Feature","properties":{"GROUP.ID":"G15597515","LOCALITY":"T43G4","LATITUDE":23.7229866,"LONGITUDE":68.908181,"OBSERVATION.DATE":"2025-09-20","OBSERVER.ID":"obsr1493800","DURATION.MINUTES":95.0,"SAMPLING.EVENT.IDENTIFIER":"S274580939","species_list":"Ashy-crowned Sparrow-Lark; Asian Green Bee-eater; Barn Swallow; Barred Buttonquail; Bay-backed Shrike; Black Drongo; Black Francolin; Blue-cheeked Bee-eater; Brown Rock Chat; Common Babbler; Common Cuckoo; Common Hoopoe; Common Tailorbird; Dusky Crag-Martin; Eastern Red-rumped Swallow; Eurasian Collared-Dove; Eurasian Wryneck; European Roller; Gray-necked Bunting; Gray Francolin; Greater Coucal; Greater Flamingo; Greater Whitethroat; House Sparrow; Indian Peafowl; Indian Robin; Laughing Dove; Medium Egret; Montagu's Harrier; Purple Sunbird; Red-vented Bulbul; Rosy Starling; Rufous-fronted Prinia; Sirkeer Malkoha; Spotted Flycatcher; White-eared Bulbul; White-tailed Iora; Wire-tailed Swallow; Yellow-crowned Woodpecker","n_species":39,"focal_species_seen":"Blue-cheeked Bee-eater; Common Cuckoo; European Roller; Greater Whitethroat; Spotted Flycatcher","focal_species_slugs":"blue-cheeked-bee-eater;common-cuckoo;european-roller;greater-whitethroat;spotted-flycatcher","has_focal":true,"GRID_CODE":"GJ-KU-LAK-015","DISTRICT":"Kachchh","BLOCK":"Lakhpat"},"geometry":{"type":"Point","coordinates":[68.908181,23.7229866]}},{"type":"Feature","properties":{"GROUP.ID":"G15599487","LOCALITY":"Jakhau, Gujarat State Highway 49, Kachchh, Gujarat, IN (23.241, 68.61)","LATITUDE":23.241025,"LONGITUDE":68.6101817,"OBSERVATION.DATE":"2025-09-21","OBSERVER.ID":"obsr769125","DURATION.MINUTES":25.0,"SAMPLING.EVENT.IDENTIFIER":"S274580942","species_list":"Black-headed Gull; Black-winged Stilt; Black Drongo; Blyth's Reed Warbler; Caspian Tern; Common Greenshank; Common Kingfisher; Common Myna; Common Redshank; Crested Lark; Eastern Cattle-Egret; Eastern Orphean Warbler; Eurasian Collared-Dove; Eurasian Curlew; Great Egret; Greater Coucal; Greater Flamingo; House Crow; Indian Bushlark; Kentish Plover; Lesser Crested Tern; Lesser Whitethroat; Little Cormorant; Little Ringed Plover; Little Stint; Little Tern; Oriental Darter; Painted Stork; Pied Bushchat; Red-vented Bulbul; Red-wattled Lapwing; River Tern; Rosy Starling; Ruff; Sand Lark; Shikra; Temminck's Stint; Tibetan Sand-Plover; Western Reef-Heron; Whiskered Tern","n_species":40,"focal_species_seen":"","focal_species_slugs":"","has_focal":false,"GRID_CODE":"GJ-KU-ABD-044","DISTRICT":"Kachchh","BLOCK":"Abdasa"},"geometry":{"type":"Point","coordinates":[68.6101817,23.241025]}},{"type":"Feature","properties":{"GROUP.ID":"G15599486","LOCALITY":"Jakhau - Nalia Road, Kachchh, Gujarat, IN (23.218, 68.723)","LATITUDE":23.21798,"LONGITUDE":68.72301,"OBSERVATION.DATE":"2025-09-21","OBSERVER.ID":"obsr769125","DURATION.MINUTES":16.0,"SAMPLING.EVENT.IDENTIFIER":"S274581305","species_list":"Bank Myna; Bay-backed Shrike; Baya Weaver; Black-tailed Godwit; Black-winged Kite; Black-winged Stilt; Black Drongo; Booted Eagle; Brahminy Starling; Common Kingfisher; Common Tailorbird; Crested Lark; Dusky Crag-Martin; Eastern Cattle-Egret; Eastern Orphean Warbler; Eastern Red-rumped Swallow; Eurasian Collared-Dove; Eurasian Curlew; Eurasian Spoonbill; European Roller; Glossy Ibis; Gray-breasted Prinia; Gray Heron; Great Egret; Great Gray Shrike; Great Thick-knee; Greater Coucal; Gull-billed Tern; House Crow; House Sparrow; Indian Bushlark; Indian Pond-Heron; Indian Silverbill; Indian Spot-billed Duck; Indian Thick-knee; Isabelline Shrike; Laughing Dove; Lesser Whitethroat; Little Egret; Little Ringed Plover; Little Swift; Long-tailed Shrike; Medium Egret; Montagu's Harrier; Painted Stork; Pallid Harrier; Pied Bushchat; Pied Cuckoo; Pied Kingfisher; Plain Prinia; Red-vented Bulbul; Red-wattled Lapwing; Red Collared-Dove; Rose-ringed Parakeet; Rosy Starling; Rufous-fronted Prinia; Sand Lark; Shikra; Streaked Weaver; Tibetan Sand-Plover; Western Marsh Harrier; Western Yellow Wagtail; Whiskered Tern; White-breasted Waterhen; White-eared Bulbul; White-eyed Buzzard; White-tailed Iora; White-throated Kingfisher; Wire-tailed Swallow; Wood Sandpiper","n_species":70,"focal_species_seen":"European Roller","focal_species_slugs":"european-roller","has_focal":true,"GRID_CODE":"GJ-KU-ABD-046","DISTRICT":"Kachchh","BLOCK":"Abdasa"},"geometry":{"type":"Point","coordinates":[68.72301,23.21798]}},{"type":"Feature","properties":{"GROUP.ID":"G15606199","LOCALITY":"National Highway 41, Chhadavada, Gujarat, IN (23.304, 70.42)","LATITUDE":23.3038661,"LONGITUDE":70.4195974,"OBSERVATION.DATE":"2025-09-21","OBSERVER.ID":"obsr4686491","DURATION.MINUTES":null,"SAMPLING.EVENT.IDENTIFIER":"S274581592","species_list":"Montagu's Harrier","n_species":1,"focal_species_seen":"","focal_species_slugs":"","has_focal":false,"GRID_CODE":"GJ-KU-BHA-055","DISTRICT":"Kachchh","BLOCK":"Bhachau"},"geometry":{"type":"Point","coordinates":[70.4195974,23.3038661]}},{"type":"Feature","properties":{"GROUP.ID":"G15605913","LOCALITY":"Unnamed Road, Gujarat, IN (23.604, 68.508)","LATITUDE":23.604085,"LONGITUDE":68.508475,"OBSERVATION.DATE":"2025-09-21","OBSERVER.ID":"obsr961478","DURATION.MINUTES":18.0,"SAMPLING.EVENT.IDENTIFIER":"S274584886","species_list":"Asian Green Bee-eater; Asian Koel; Black-winged Kite; Black-winged Stilt; Black Drongo; Black Francolin; Eurasian Collared-Dove; European Roller; Gray Francolin; House Crow; Indian Bushlark; Indian Courser; Indian Peafowl; Indian Robin; Laughing Dove; Little Cormorant; Little Swift; Pied Bushchat; Red-vented Bulbul; Red-wattled Lapwing; River Tern; Rosy Starling; White-eared Bulbul; Yellow-wattled Lapwing","n_species":24,"focal_species_seen":"European Roller","focal_species_slugs":"european-roller","has_focal":true,"GRID_CODE":"GJ-KU-LAK-045","DISTRICT":"Kachchh","BLOCK":"Lakhpat"},"geometry":{"type":"Point","coordinates":[68.508475,23.604085]}},{"type":"Feature","properties":{"GROUP.ID":"G15605909","LOCALITY":"Unnamed Road, Gujarat, IN (23.604, 68.508)","LATITUDE":23.604085,"LONGITUDE":68.508475,"OBSERVATION.DATE":"2025-09-21","OBSERVER.ID":"obsr961478","DURATION.MINUTES":14.0,"SAMPLING.EVENT.IDENTIFIER":"S274584887","species_list":"Asian Green Bee-eater; Asian Koel; Black-winged Kite; Black Drongo; Black Francolin; Eurasian Collared-Dove; European Roller; Gray Francolin; House Crow; Indian Bushlark; Indian Courser; Indian Peafowl; Indian Robin; Laughing Dove; Little Swift; Pied Bushchat; Red-vented Bulbul; Red-wattled Lapwing; Rosy Starling; White-eared Bulbul; Yellow-wattled Lapwing","n_species":21,"focal_species_seen":"European Roller","focal_species_slugs":"european-roller","has_focal":true,"GRID_CODE":"GJ-KU-LAK-045","DISTRICT":"Kachchh","BLOCK":"Lakhpat"},"geometry":{"type":"Point","coordinates":[68.508475,23.604085]}},{"type":"Feature","properties":{"GROUP.ID":"G15597804","LOCALITY":"T 3 Jadura Village to Chakar Village, Jadura, Gujarat, IN (23.165, 69.693)","LATITUDE":23.1653737,"LONGITUDE":69.6932581,"OBSERVATION.DATE":"2025-09-21","OBSERVER.ID":"obsr2065637","DURATION.MINUTES":50.0,"SAMPLING.EVENT.IDENTIFIER":"S274585220","species_list":"Ashy-crowned Sparrow-Lark; Asian Green Bee-eater; Baya Weaver; Black Drongo; Eastern Cattle-Egret; Eastern Red-rumped Swallow; Eurasian Kestrel; Gray-breasted Prinia; Gray Francolin; Greater Coucal; Greater Short-toed Lark; Indian Bushlark; Indian Silverbill; Isabelline Shrike; Jungle Prinia; Laughing Dove; Pied Kingfisher; Purple Sunbird; Red-backed Shrike; Red Collared-Dove; Rufous-fronted Prinia; Striolated Bunting; Variable Wheatear; Western Marsh Harrier; White-browed Wagtail; White-eared Bulbul; White-tailed Iora","n_species":27,"focal_species_seen":"Red-backed Shrike","focal_species_slugs":"red-backed-shrike","has_focal":true,"GRID_CODE":"GJ-KU-BHU-147","DISTRICT":"Kachchh","BLOCK":"Bhuj"},"geometry":{"type":"Point","coordinates":[69.6932581,23.1653737]}},{"type":"Feature","properties":{"GROUP.ID":"G15598277","LOCALITY":"Unnamed Road, Vavdi, Gujarat, IN (23.188, 69.817)","LATITUDE":23.1882907,"LONGITUDE":69.8166873,"OBSERVATION.DATE":"2025-09-21","OBSERVER.ID":"obsr457325","DURATION.MINUTES":null,"SAMPLING.EVENT.IDENTIFIER":"S274585295","species_list":"Ashy-crowned Sparrow-Lark; Barred Buttonquail; European Roller; Jungle Prinia","n_species":4,"focal_species_seen":"European Roller","focal_species_slugs":"european-roller","has_focal":true,"GRID_CODE":"GJ-KU-BHU-150","DISTRICT":"Kachchh","BLOCK":"Bhuj"},"geometry":{"type":"Point","coordinates":[69.8166873,23.1882907]}},{"type":"Feature","properties":{"GROUP.ID":"G15600369","LOCALITY":"T48G2","LATITUDE":23.315204,"LONGITUDE":68.865876,"OBSERVATION.DATE":"2025-09-21","OBSERVER.ID":"obsr1304211","DURATION.MINUTES":51.0,"SAMPLING.EVENT.IDENTIFIER":"S274586348","species_list":"Asian Green Bee-eater; Baya Weaver; Black Drongo; Common Babbler; Eastern Red-rumped Swallow; Eurasian Collared-Dove; European Roller; Gray-breasted Prinia; Gray-headed Swamphen; Gray Francolin; Indian Spot-billed Duck; Laughing Dove; Little Cormorant; Pheasant-tailed Jacana; Pied Cuckoo; Red-vented Bulbul; Red-wattled Lapwing; Red Collared-Dove; Rosy Starling; Spotted Flycatcher; Western Marsh Harrier; Yellow-wattled Lapwing","n_species":22,"focal_species_seen":"European Roller; Spotted Flycatcher","focal_species_slugs":"european-roller;spotted-flycatcher","has_focal":true,"GRID_CODE":"GJ-KU-ABD-025","DISTRICT":"Kachchh","BLOCK":"Abdasa"},"geometry":{"type":"Point","coordinates":[68.865876,23.315204]}},{"type":"Feature","properties":{"GROUP.ID":"G15604472","LOCALITY":"T48G4","LATITUDE":23.339307,"LONGITUDE":68.694622,"OBSERVATION.DATE":"2025-09-20","OBSERVER.ID":"obsr1304211","DURATION.MINUTES":83.0,"SAMPLING.EVENT.IDENTIFIER":"S274586396","species_list":"Asian Green Bee-eater; Baya Weaver; Black-necked Stork; Black-tailed Godwit; Black Drongo; Common Babbler; Common Greenshank; Common Redshank; Common Sandpiper; Crested Lark; Curlew Sandpiper; Dunlin; Eastern Cattle-Egret; Eurasian Wryneck; European Roller; Gray Francolin; Gray Heron; Great Egret; Great Gray Shrike; Greater Flamingo; Greater Sand-Plover; House Sparrow; Indian Peafowl; Indian Pond-Heron; Indian Silverbill; Indian Spot-billed Duck; Isabelline Wheatear; Kentish Plover; Laughing Dove; Lesser Flamingo; Little Cormorant; Little Grebe; Little Ringed Plover; Marsh Sandpiper; Medium Egret; Osprey; Pied Avocet; Pied Cuckoo; Purple Heron; Purple Sunbird; Rain Quail; Red-vented Bulbul; Red-wattled Lapwing; River Tern; Rose-ringed Parakeet; Rosy Starling; Ruff; Spotted Flycatcher; Temminck's Stint; Western Marsh Harrier; Western Reef-Heron; Whiskered Tern; White-eared Bulbul; Wire-tailed Swallow","n_species":54,"focal_species_seen":"European Roller; Spotted Flycatcher","focal_species_slugs":"european-roller;spotted-flycatcher","has_focal":true,"GRID_CODE":"GJ-KU-ABD-021","DISTRICT":"Kachchh","BLOCK":"Abdasa"},"geometry":{"type":"Point","coordinates":[68.694622,23.339307]}},{"type":"Feature","properties":{"GROUP.ID":"G15598223","LOCALITY":"Dabhunda Road, Rapar, Gujarat, IN (23.565, 70.654)","LATITUDE":23.5651818,"LONGITUDE":70.6537578,"OBSERVATION.DATE":"2025-09-21","OBSERVER.ID":"obsr6143379","DURATION.MINUTES":19.0,"SAMPLING.EVENT.IDENTIFIER":"S274587754","species_list":"Asian Green Bee-eater; Baya Weaver; Black-headed Ibis; Black-winged Stilt; Common Hoopoe; Common Sandpiper; Eastern Cattle-Egret; Eurasian Collared-Dove; Glossy Ibis; Indian Pond-Heron; Laughing Dove; Little Cormorant; Little Egret; Purple Sunbird; Red-naped Ibis; White-breasted Waterhen; Wire-tailed Swallow; Yellow-wattled Lapwing","n_species":18,"focal_species_seen":"","focal_species_slugs":"","has_focal":false,"GRID_CODE":"GJ-KU-RAP-051","DISTRICT":"Kachchh","BLOCK":"Rapar"},"geometry":{"type":"Point","coordinates":[70.6537578,23.5651818]}},{"type":"Feature","properties":{"GROUP.ID":"G15597712","LOCALITY":"Hajipir Village Industrial Road, Luna, Gujarat, IN (23.687, 69.195)","LATITUDE":23.687281,"LONGITUDE":69.1953618,"OBSERVATION.DATE":"2025-09-21","OBSERVER.ID":"obsr1332746","DURATION.MINUTES":9.0,"SAMPLING.EVENT.IDENTIFIER":"S274587849","species_list":"Asian Green Bee-eater; Crested Lark; Greater Short-toed Lark; Little Cormorant; Little Egret; Medium Egret; Siberian Stonechat","n_species":7,"focal_species_seen":"","focal_species_slugs":"","has_focal":false,"GRID_CODE":"GJ-KU-BHU-039","DISTRICT":"Kachchh","BLOCK":"Bhuj"},"geometry":{"type":"Point","coordinates":[69.1953618,23.687281]}},{"type":"Feature","properties":{"GROUP.ID":"G15597937","LOCALITY":"T31G3","LATITUDE":23.7400752,"LONGITUDE":69.4781084,"OBSERVATION.DATE":"2025-09-21","OBSERVER.ID":"obsr2061595","DURATION.MINUTES":100.0,"SAMPLING.EVENT.IDENTIFIER":"S274588953","species_list":"Asian Green Bee-eater; Barn Swallow; Barred Buttonquail; Bay-backed Shrike; Black Drongo; Blyth's Reed Warbler; Common Babbler; Common Hoopoe; Eastern Cattle-Egret; Eastern Orphean Warbler; Eurasian Collared-Dove; Eurasian Kestrel; European Roller; Glossy Ibis; Gray Francolin; Greater Whitethroat; Indian Peafowl; Indian Silverbill; Indian Spot-billed Duck; Laughing Dove; Lesser Whitethroat; Long-tailed Shrike; Paddyfield Pipit; Purple Sunbird; Red-backed Shrike; Red-tailed Shrike; Red-wattled Lapwing; Rufous-fronted Prinia; Shikra; White-eared Bulbul; White-throated Kingfisher; Yellow-throated Sparrow","n_species":32,"focal_species_seen":"European Roller; Greater Whitethroat; Red-backed Shrike; Red-tailed Shrike","focal_species_slugs":"european-roller;greater-whitethroat;red-backed-shrike;red-tailed-shrike","has_focal":true,"GRID_CODE":"GJ-KU-BHU-030","DISTRICT":"Kachchh","BLOCK":"Bhuj"},"geometry":{"type":"Point","coordinates":[69.4781084,23.7400752]}},{"type":"Feature","properties":{"GROUP.ID":"G15597936","LOCALITY":"Gorewali, Gujarat, IN (23.764, 69.508)","LATITUDE":23.7641583,"LONGITUDE":69.5077758,"OBSERVATION.DATE":"2025-09-21","OBSERVER.ID":"obsr2061595","DURATION.MINUTES":3.0,"SAMPLING.EVENT.IDENTIFIER":"S274589016","species_list":"Indian Thick-knee","n_species":1,"focal_species_seen":"","focal_species_slugs":"","has_focal":false,"GRID_CODE":"GJ-KU-BHU-019","DISTRICT":"Kachchh","BLOCK":"Bhuj"},"geometry":{"type":"Point","coordinates":[69.5077758,23.7641583]}},{"type":"Feature","properties":{"GROUP.ID":"G15597935","LOCALITY":"Unnamed Road, Gorewali, Gujarat, IN (23.74, 69.478)","LATITUDE":23.7396468,"LONGITUDE":69.477621,"OBSERVATION.DATE":"2025-09-21","OBSERVER.ID":"obsr2061595","DURATION.MINUTES":null,"SAMPLING.EVENT.IDENTIFIER":"S274589309","species_list":"Great Thick-knee; Indian Nightjar; Red-wattled Lapwing","n_species":3,"focal_species_seen":"","focal_species_slugs":"","has_focal":false,"GRID_CODE":"GJ-KU-BHU-030","DISTRICT":"Kachchh","BLOCK":"Bhuj"},"geometry":{"type":"Point","coordinates":[69.477621,23.7396468]}},{"type":"Feature","properties":{"GROUP.ID":"G15597934","LOCALITY":"Dhordo FRH, Gorewali, Gujarat, IN","LATITUDE":23.7825581,"LONGITUDE":69.5087838,"OBSERVATION.DATE":"2025-09-21","OBSERVER.ID":"obsr2061595","DURATION.MINUTES":null,"SAMPLING.EVENT.IDENTIFIER":"S274589487","species_list":"Spotted Flycatcher","n_species":1,"focal_species_seen":"Spotted Flycatcher","focal_species_slugs":"spotted-flycatcher","has_focal":true,"GRID_CODE":"GJ-KU-BHU-019","DISTRICT":"Kachchh","BLOCK":"Bhuj"},"geometry":{"type":"Point","coordinates":[69.5087838,23.7825581]}},{"type":"Feature","properties":{"GROUP.ID":"G15597997","LOCALITY":"Watch Tower 1","LATITUDE":23.204843,"LONGITUDE":68.8556086,"OBSERVATION.DATE":"2025-09-21","OBSERVER.ID":"obsr494050","DURATION.MINUTES":75.0,"SAMPLING.EVENT.IDENTIFIER":"S274591846","species_list":"Asian Green Bee-eater; Barn Swallow; Bay-backed Shrike; Black Drongo; Black Francolin; Brahminy Starling; Common Babbler; Common Cuckoo; Common Hoopoe; Common Tailorbird; Eastern Red-rumped Swallow; Eurasian Kestrel; European Roller; Gray Francolin; Great Gray Shrike; Laughing Dove; Lesser Florican; Montagu's Harrier; Purple Sunbird; Rain Quail; Red-backed Shrike; Red Collared-Dove; Rufous-fronted Prinia; Short-toed Snake-Eagle; Spotted Flycatcher; Sykes's Warbler; Tawny Pipit; Variable Wheatear; White-tailed Iora; Wire-tailed Swallow; Zitting Cisticola","n_species":31,"focal_species_seen":"Common Cuckoo; European Roller; Red-backed Shrike; Spotted Flycatcher","focal_species_slugs":"common-cuckoo;european-roller;red-backed-shrike;spotted-flycatcher","has_focal":true,"GRID_CODE":"GJ-KU-ABD-060","DISTRICT":"Kachchh","BLOCK":"Abdasa"},"geometry":{"type":"Point","coordinates":[68.8556086,23.204843]}},{"type":"Feature","properties":{"GROUP.ID":"G15598123","LOCALITY":"T36G2-Bambhdai-Mapar Rd, Kachchh, Gujarat, IN (22.957, 69.001)","LATITUDE":22.9569561,"LONGITUDE":69.0011239,"OBSERVATION.DATE":"2025-09-21","OBSERVER.ID":"obsr1326084","DURATION.MINUTES":46.0,"SAMPLING.EVENT.IDENTIFIER":"S274594413","species_list":"Ashy-crowned Sparrow-Lark; Asian Green Bee-eater; Bank Myna; Bay-backed Shrike; Black-winged Stilt; Black Drongo; Brahminy Starling; Common Babbler; Common Cuckoo; Common Hoopoe; Common Kingfisher; Common Sandpiper; Common Tailorbird; Eurasian Collared-Dove; European Roller; Glossy Ibis; Gray Francolin; Gray Heron; Green Sandpiper; Indian Bushlark; Indian Pond-Heron; Indian Roller; Indian Spot-billed Duck; Laughing Dove; Little Cormorant; Little Egret; Little Ringed Plover; Little Stint; Long-tailed Shrike; Pied Cuckoo; Pied Kingfisher; Red-vented Bulbul; Red-wattled Lapwing; River Tern; Rose-ringed Parakeet; Rosy Starling; Tawny Pipit; Temminck's Stint; Western Yellow Wagtail; Whiskered Tern; White-eared Bulbul; Wire-tailed Swallow; Yellow-throated Sparrow","n_species":43,"focal_species_seen":"Common Cuckoo; European Roller","focal_species_slugs":"common-cuckoo;european-roller","has_focal":true,"GRID_CODE":"GJ-KU-ABD-095","DISTRICT":"Kachchh","BLOCK":"Abdasa"},"geometry":{"type":"Point","coordinates":[69.0011239,22.9569561]}},{"type":"Feature","properties":{"GROUP.ID":"G15598122","LOCALITY":"Pond near Kothara","LATITUDE":23.1392254,"LONGITUDE":68.926329,"OBSERVATION.DATE":"2025-09-21","OBSERVER.ID":"obsr1326084","DURATION.MINUTES":null,"SAMPLING.EVENT.IDENTIFIER":"S274594584","species_list":"Indian Nightjar; Indian Thick-knee","n_species":2,"focal_species_seen":"","focal_species_slugs":"","has_focal":false,"GRID_CODE":"GJ-KU-ABD-073","DISTRICT":"Kachchh","BLOCK":"Abdasa"},"geometry":{"type":"Point","coordinates":[68.926329,23.1392254]}},{"type":"Feature","properties":{"GROUP.ID":"G15598121","LOCALITY":"Vinjhan-Sandhan Road, Sandhan, Gujarat, IN (23.015, 68.997)","LATITUDE":23.0148289,"LONGITUDE":68.9970778,"OBSERVATION.DATE":"2025-09-21","OBSERVER.ID":"obsr1326084","DURATION.MINUTES":3.0,"SAMPLING.EVENT.IDENTIFIER":"S274594772","species_list":"Black-winged Stilt; Common Sandpiper; Gray Heron; Pied Kingfisher","n_species":4,"focal_species_seen":"","focal_species_slugs":"","has_focal":false,"GRID_CODE":"GJ-KU-ABD-089","DISTRICT":"Kachchh","BLOCK":"Abdasa"},"geometry":{"type":"Point","coordinates":[68.9970778,23.0148289]}},{"type":"Feature","properties":{"GROUP.ID":"G15598104","LOCALITY":"Dabhunda Road, Rapar, Gujarat, IN (23.562, 70.657)","LATITUDE":23.5621108,"LONGITUDE":70.6567001,"OBSERVATION.DATE":"2025-09-21","OBSERVER.ID":"obsr1521950","DURATION.MINUTES":null,"SAMPLING.EVENT.IDENTIFIER":"S274601462","species_list":"Red-naped Ibis; Shikra","n_species":2,"focal_species_seen":"","focal_species_slugs":"","has_focal":false,"GRID_CODE":"GJ-KU-RAP-052","DISTRICT":"Kachchh","BLOCK":"Rapar"},"geometry":{"type":"Point","coordinates":[70.6567001,23.5621108]}},{"type":"Feature","properties":{"GROUP.ID":"G15598189","LOCALITY":"Unnamed Road, Kachchh, Gujarat, IN (23.403, 69.843)","LATITUDE":23.403221,"LONGITUDE":69.8429165,"OBSERVATION.DATE":"2025-09-21","OBSERVER.ID":"obsr4689806","DURATION.MINUTES":57.0,"SAMPLING.EVENT.IDENTIFIER":"S274601912","species_list":"Asian Green Bee-eater; Common Babbler; Common Hoopoe; Eurasian Collared-Dove; Eurasian Nightjar; European Roller; Gray Francolin; Red-wattled Lapwing; Rufous-tailed Lark; Variable Wheatear","n_species":10,"focal_species_seen":"European Roller","focal_species_slugs":"european-roller","has_focal":true,"GRID_CODE":"GJ-KU-BHU-101","DISTRICT":"Kachchh","BLOCK":"Bhuj"},"geometry":{"type":"Point","coordinates":[69.8429165,23.403221]}},{"type":"Feature","properties":{"GROUP.ID":"G15598126","LOCALITY":"National Highway 754K, Udhmo, Gujarat, IN (23.792, 69.46)","LATITUDE":23.7922935,"LONGITUDE":69.4595602,"OBSERVATION.DATE":"2025-09-21","OBSERVER.ID":"obsr1332746","DURATION.MINUTES":59.0,"SAMPLING.EVENT.IDENTIFIER":"S274602184","species_list":"Crested Lark; Eurasian Collared-Dove; Greater Flamingo; Greater Short-toed Lark; House Crow; Indian Pond-Heron; Isabelline Shrike; Laughing Dove; Little Egret; Long-tailed Shrike; Red-wattled Lapwing; Rufous-tailed Scrub-Robin; White-bellied Minivet","n_species":13,"focal_species_seen":"Rufous-tailed Scrub-Robin","focal_species_slugs":"rufous-tailed-scrub-robin","has_focal":true,"GRID_CODE":"GJ-KU-BHU-018","DISTRICT":"Kachchh","BLOCK":"Bhuj"},"geometry":{"type":"Point","coordinates":[69.4595602,23.7922935]}},{"type":"Feature","properties":{"GROUP.ID":"G15600433","LOCALITY":"Rapar, Gujarat, IN (23.577, 70.655)","LATITUDE":23.5766998,"LONGITUDE":70.6552354,"OBSERVATION.DATE":"2025-09-21","OBSERVER.ID":"obsr2588099","DURATION.MINUTES":3.0,"SAMPLING.EVENT.IDENTIFIER":"S274603556","species_list":"Black-winged Stilt; Eurasian Spoonbill; Glossy Ibis; Red-naped Ibis; Red-wattled Lapwing","n_species":5,"focal_species_seen":"","focal_species_slugs":"","has_focal":false,"GRID_CODE":"GJ-KU-RAP-051","DISTRICT":"Kachchh","BLOCK":"Rapar"},"geometry":{"type":"Point","coordinates":[70.6552354,23.5766998]}},{"type":"Feature","properties":{"GROUP.ID":"G15598180","LOCALITY":"Dharampar to Vehicle Stop Location, Berdo, Gujarat, IN (23.402, 69.978)","LATITUDE":23.4020317,"LONGITUDE":69.9781167,"OBSERVATION.DATE":"2025-09-21","OBSERVER.ID":"obsr1592333","DURATION.MINUTES":18.0,"SAMPLING.EVENT.IDENTIFIER":"S274605000","species_list":"Indian Nightjar; Red-wattled Lapwing","n_species":2,"focal_species_seen":"","focal_species_slugs":"","has_focal":false,"GRID_CODE":"GJ-KU-BHU-104","DISTRICT":"Kachchh","BLOCK":"Bhuj"},"geometry":{"type":"Point","coordinates":[69.9781167,23.4020317]}},{"type":"Feature","properties":{"GROUP.ID":"G15598187","LOCALITY":"National Highway 754K, Luna, Gujarat, IN (23.761, 69.32)","LATITUDE":23.7612985,"LONGITUDE":69.3197279,"OBSERVATION.DATE":"2025-09-21","OBSERVER.ID":"obsr1332746","DURATION.MINUTES":15.0,"SAMPLING.EVENT.IDENTIFIER":"S274605406","species_list":"Eurasian Spoonbill; Slender-billed Gull; Spotted Redshank","n_species":3,"focal_species_seen":"","focal_species_slugs":"","has_focal":false,"GRID_CODE":"GJ-KU-RAN-501","DISTRICT":"Kachchh","BLOCK":"Rann of Kachchh"},"geometry":{"type":"Point","coordinates":[69.3197279,23.7612985]}},{"type":"Feature","properties":{"GROUP.ID":"G15598208","LOCALITY":"Auto selected 23.38164, 69.49662","LATITUDE":23.381636,"LONGITUDE":69.49662,"OBSERVATION.DATE":"2025-09-21","OBSERVER.ID":"obsr4809686","DURATION.MINUTES":38.0,"SAMPLING.EVENT.IDENTIFIER":"S274605877","species_list":"Common Tailorbird; Crested Lark; Dusky Crag-Martin; European Roller; Gray-breasted Prinia; Gray Francolin; Greater Coucal; Jungle Prinia; Laughing Dove; Spotted Flycatcher; Streak-throated Swallow; Yellow-throated Sparrow","n_species":12,"focal_species_seen":"European Roller; Spotted Flycatcher","focal_species_slugs":"european-roller;spotted-flycatcher","has_focal":true,"GRID_CODE":"GJ-KU-NAK-049","DISTRICT":"Kachchh","BLOCK":"Nakhatrana"},"geometry":{"type":"Point","coordinates":[69.49662,23.381636]}},{"type":"Feature","properties":{"GROUP.ID":"G15598199","LOCALITY":"Vehicle Access End Point. Berdo, Gujarat, IN (23.415, 69.979)","LATITUDE":23.4149467,"LONGITUDE":69.979385,"OBSERVATION.DATE":"2025-09-21","OBSERVER.ID":"obsr1592333","DURATION.MINUTES":135.0,"SAMPLING.EVENT.IDENTIFIER":"S274606442","species_list":"Ashy-crowned Sparrow-Lark; Asian Green Bee-eater; Black-winged Stilt; Blue-cheeked Bee-eater; Collared Pratincole; Common Babbler; Common Greenshank; Common Hoopoe; Common Kingfisher; Crested Lark; Eurasian Collared-Dove; European Roller; Gray Francolin; Great Gray Shrike; House Crow; Indian Roller; Indian Spot-billed Duck; Kentish Plover; Laughing Dove; Little Ringed Plover; Marsh Sandpiper; Rain Quail; Red Collared-Dove; Rosy Starling; Spotted Flycatcher; Western Marsh Harrier","n_species":26,"focal_species_seen":"Blue-cheeked Bee-eater; European Roller; Spotted Flycatcher","focal_species_slugs":"blue-cheeked-bee-eater;european-roller;spotted-flycatcher","has_focal":true,"GRID_CODE":"GJ-KU-BHU-091","DISTRICT":"Kachchh","BLOCK":"Bhuj"},"geometry":{"type":"Point","coordinates":[69.979385,23.4149467]}},{"type":"Feature","properties":{"GROUP.ID":"G15599658","LOCALITY":"SHREE JADESHWAR MAHADEV Temple Road, Gangon Ugamani, Gujarat, IN (23.254, 69.271)","LATITUDE":23.2538867,"LONGITUDE":69.2706833,"OBSERVATION.DATE":"2025-09-21","OBSERVER.ID":"obsr604291","DURATION.MINUTES":2.0,"SAMPLING.EVENT.IDENTIFIER":"S274608830","species_list":"Black-winged Stilt; Common Sandpiper; Glossy Ibis; Red-wattled Lapwing; Spotted Flycatcher; White-browed Wagtail","n_species":6,"focal_species_seen":"Spotted Flycatcher","focal_species_slugs":"spotted-flycatcher","has_focal":true,"GRID_CODE":"GJ-KU-NAK-061","DISTRICT":"Kachchh","BLOCK":"Nakhatrana"},"geometry":{"type":"Point","coordinates":[69.2706833,23.2538867]}},{"type":"Feature","properties":{"GROUP.ID":"G15598246","LOCALITY":"Gujarat State Highway 45, Kachchh, Gujarat, IN (23.608, 69.686)","LATITUDE":23.607521,"LONGITUDE":69.6859044,"OBSERVATION.DATE":"2025-09-21","OBSERVER.ID":"obsr1332746","DURATION.MINUTES":null,"SAMPLING.EVENT.IDENTIFIER":"S274609085","species_list":"Glossy Ibis","n_species":1,"focal_species_seen":"","focal_species_slugs":"","has_focal":false,"GRID_CODE":"GJ-KU-BHU-069","DISTRICT":"Kachchh","BLOCK":"Bhuj"},"geometry":{"type":"Point","coordinates":[69.6859044,23.607521]}},{"type":"Feature","properties":{"GROUP.ID":"G15598311","LOCALITY":"Wad Spot -National Highway 341, Bhojardo, Gujarat, IN (23.579, 69.679)","LATITUDE":23.5789755,"LONGITUDE":69.6789685,"OBSERVATION.DATE":"2025-09-21","OBSERVER.ID":"obsr1332746","DURATION.MINUTES":15.0,"SAMPLING.EVENT.IDENTIFIER":"S274611639","species_list":"Asian Green Bee-eater; Black-headed Ibis; Black-tailed Godwit; Black-winged Stilt; Common Greenshank; Common Redshank; Curlew Sandpiper; Dunlin; Dusky Crag-Martin; Eastern Cattle-Egret; Eastern Red-rumped Swallow; Eurasian Collared-Dove; Garganey; Glossy Ibis; Gray Heron; Green Sandpiper; Gull-billed Tern; House Crow; Indian Pond-Heron; Indian Spot-billed Duck; Little Cormorant; Little Stint; Northern Shoveler; Pied Avocet; Red-wattled Lapwing; Ruff; Spotted Redshank; Streak-throated Swallow; Temminck's Stint; Variable Wheatear; Whiskered Tern; White-throated Kingfisher; Wood Sandpiper","n_species":33,"focal_species_seen":"","focal_species_slugs":"","has_focal":false,"GRID_CODE":"GJ-KU-BHU-069","DISTRICT":"Kachchh","BLOCK":"Bhuj"},"geometry":{"type":"Point","coordinates":[69.6789685,23.5789755]}},{"type":"Feature","properties":{"GROUP.ID":"G15598313","LOCALITY":"Kharoi Road, Kachchh, Gujarat, IN (23.447, 70.348)","LATITUDE":23.447335,"LONGITUDE":70.3476477,"OBSERVATION.DATE":"2025-09-21","OBSERVER.ID":"obsr1521950","DURATION.MINUTES":8.0,"SAMPLING.EVENT.IDENTIFIER":"S274611842","species_list":"Asian Green Bee-eater; Black-winged Stilt; Common Sandpiper; Eurasian Coot; Eurasian Moorhen; Great Crested Grebe; Laughing Dove; Little Cormorant; Pied Cuckoo; Pied Kingfisher; Whiskered Tern","n_species":11,"focal_species_seen":"","focal_species_slugs":"","has_focal":false,"GRID_CODE":"GJ-KU-BHA-024","DISTRICT":"Kachchh","BLOCK":"Bhachau"},"geometry":{"type":"Point","coordinates":[70.3476477,23.447335]}},{"type":"Feature","properties":{"GROUP.ID":"G15600427","LOCALITY":"Khorai Water Body","LATITUDE":23.4561758,"LONGITUDE":70.3551457,"OBSERVATION.DATE":"2025-09-21","OBSERVER.ID":"obsr2588099","DURATION.MINUTES":12.0,"SAMPLING.EVENT.IDENTIFIER":"S274612195","species_list":"Asian Green Bee-eater; Eurasian Collared-Dove; Eurasian Moorhen; Great Crested Grebe; Laughing Dove; Long-tailed Shrike; Pied Cuckoo; Pied Kingfisher","n_species":8,"focal_species_seen":"","focal_species_slugs":"","has_focal":false,"GRID_CODE":"GJ-KU-BHA-024","DISTRICT":"Kachchh","BLOCK":"Bhachau"},"geometry":{"type":"Point","coordinates":[70.3551457,23.4561758]}},{"type":"Feature","properties":{"GROUP.ID":"G15611772","LOCALITY":"T-23 Grid 4","LATITUDE":23.573803,"LONGITUDE":70.4103,"OBSERVATION.DATE":"2025-09-21","OBSERVER.ID":"obsr2536371","DURATION.MINUTES":51.0,"SAMPLING.EVENT.IDENTIFIER":"S274612380","species_list":"Ashy-crowned Sparrow-Lark; Asian Green Bee-eater; Baya Weaver; Black-winged Stilt; Common Babbler; Common Kingfisher; Common Sandpiper; Common Tailorbird; Crested Lark; Eurasian Collared-Dove; Eurasian Moorhen; Eurasian Wryneck; Gray-headed Swamphen; Great Gray Shrike; Greater Coucal; Green Sandpiper; Indian Pond-Heron; Indian Robin; Indian Roller; Indian Silverbill; Indian Spot-billed Duck; Laughing Dove; Lesser Whitethroat; Little Cormorant; Little Egret; Little Ringed Plover; Long-tailed Shrike; Pied Cuckoo; Pied Kingfisher; Plain Prinia; Red-vented Bulbul; Red-wattled Lapwing; River Tern","n_species":33,"focal_species_seen":"","focal_species_slugs":"","has_focal":false,"GRID_CODE":"GJ-KU-BHA-014","DISTRICT":"Kachchh","BLOCK":"Bhachau"},"geometry":{"type":"Point","coordinates":[70.4103,23.573803]}},{"type":"Feature","properties":{"GROUP.ID":"G15611771","LOCALITY":"T-23 grid - 3","LATITUDE":23.545731,"LONGITUDE":70.457576,"OBSERVATION.DATE":"2025-09-20","OBSERVER.ID":"obsr2536371","DURATION.MINUTES":88.0,"SAMPLING.EVENT.IDENTIFIER":"S274613565","species_list":"Asian Koel; Bay-backed Shrike; Baya Weaver; Common Tailorbird; Eurasian Collared-Dove; Gray Francolin; Great Gray Shrike; Greater Coucal; Greater Short-toed Lark; House Crow; House Sparrow; Indian Bushlark; Indian Peafowl; Isabelline Shrike; Laughing Dove; Lesser Whitethroat; Long-tailed Shrike; Montagu's Harrier; Paddyfield Pipit; Pied Cuckoo; Purple Sunbird; Red-backed Shrike; Red-tailed Shrike; Red-vented Bulbul; Red Collared-Dove; Rufous-fronted Prinia; Rufous-tailed Lark; Tawny Lark; Variable Wheatear; White-browed Wagtail; White-eared Bulbul; White-eyed Buzzard; Wire-tailed Swallow","n_species":33,"focal_species_seen":"Red-backed Shrike; Red-tailed Shrike","focal_species_slugs":"red-backed-shrike;red-tailed-shrike","has_focal":true,"GRID_CODE":"GJ-KU-RAP-060","DISTRICT":"Kachchh","BLOCK":"Rapar"},"geometry":{"type":"Point","coordinates":[70.457576,23.545731]}},{"type":"Feature","properties":{"GROUP.ID":"G15598478","LOCALITY":"T1G4","LATITUDE":23.2611715,"LONGITUDE":69.542754,"OBSERVATION.DATE":"2025-09-20","OBSERVER.ID":"obsr1997274","DURATION.MINUTES":69.0,"SAMPLING.EVENT.IDENTIFIER":"S274614222","species_list":"Asian Green Bee-eater; Barn Swallow; Bay-backed Shrike; Common Babbler; Common Tailorbird; Eastern Cattle-Egret; European Roller; Gray-breasted Prinia; Gray Francolin; Greater Whitethroat; Indian Robin; Jungle Prinia; Laughing Dove; Lesser Whitethroat; Plain Prinia; Purple Sunbird; Red-vented Bulbul; Spotted Flycatcher; Streaked Weaver; Tree Pipit; White-eared Bulbul; White-tailed Iora; Wire-tailed Swallow","n_species":23,"focal_species_seen":"European Roller; Greater Whitethroat; Spotted Flycatcher","focal_species_slugs":"european-roller;greater-whitethroat;spotted-flycatcher","has_focal":true,"GRID_CODE":"GJ-KU-BHU-120","DISTRICT":"Kachchh","BLOCK":"Bhuj"},"geometry":{"type":"Point","coordinates":[69.542754,23.2611715]}},{"type":"Feature","properties":{"GROUP.ID":"G15599537","LOCALITY":"T36G1-Vindh-Bambhdai Road, Mod Kuba, Gujarat, IN (22.958, 69.077)","LATITUDE":22.958449,"LONGITUDE":69.0769467,"OBSERVATION.DATE":"2025-09-21","OBSERVER.ID":"obsr1326084","DURATION.MINUTES":38.0,"SAMPLING.EVENT.IDENTIFIER":"S274617103","species_list":"Ashy-crowned Sparrow-Lark; Asian Green Bee-eater; Brahminy Starling; Common Babbler; Common Hoopoe; Common Kingfisher; Common Myna; Common Sandpiper; Common Tailorbird; Eastern Cattle-Egret; Eurasian Wryneck; European Roller; Gray Heron; Green Sandpiper; House Sparrow; Indian Robin; Laughing Dove; Little Cormorant; Oriental Darter; Plain Prinia; Red-naped Ibis; Red-vented Bulbul; Red-wattled Lapwing; Red Collared-Dove; River Tern; Rosy Starling; Siberian Stonechat; Spotted Flycatcher; Western Marsh Harrier; White-breasted Waterhen; White-eyed Buzzard; White-throated Kingfisher; Wire-tailed Swallow","n_species":33,"focal_species_seen":"European Roller; Spotted Flycatcher","focal_species_slugs":"european-roller;spotted-flycatcher","has_focal":true,"GRID_CODE":"GJ-KU-MAN-027","DISTRICT":"Kachchh","BLOCK":"Mandvi"},"geometry":{"type":"Point","coordinates":[69.0769467,22.958449]}},{"type":"Feature","properties":{"GROUP.ID":"G15598477","LOCALITY":"T1G3","LATITUDE":23.3119136,"LONGITUDE":69.5688865,"OBSERVATION.DATE":"2025-09-20","OBSERVER.ID":"obsr1997274","DURATION.MINUTES":56.0,"SAMPLING.EVENT.IDENTIFIER":"S274617172","species_list":"Ashy-crowned Sparrow-Lark; Asian Green Bee-eater; Black-winged Kite; Common Babbler; European Roller; Greater Coucal; House Sparrow; Indian Robin; Indian Silverbill; Jungle Prinia; Medium Egret; Sirkeer Malkoha; Streaked Weaver","n_species":13,"focal_species_seen":"European Roller","focal_species_slugs":"european-roller","has_focal":true,"GRID_CODE":"GJ-KU-BHU-109","DISTRICT":"Kachchh","BLOCK":"Bhuj"},"geometry":{"type":"Point","coordinates":[69.5688865,23.3119136]}},{"type":"Feature","properties":{"GROUP.ID":"G15598476","LOCALITY":"T1G5","LATITUDE":23.290609,"LONGITUDE":69.6092249,"OBSERVATION.DATE":"2025-09-20","OBSERVER.ID":"obsr1997274","DURATION.MINUTES":32.0,"SAMPLING.EVENT.IDENTIFIER":"S274617502","species_list":"Ashy-crowned Sparrow-Lark; Bay-backed Shrike; Eurasian Collared-Dove; Gray-necked Bunting; Indian Robin; Isabelline Shrike; Jungle Prinia; Laughing Dove; Red-vented Bulbul; Red Collared-Dove; Variable Wheatear; White-eared Bulbul; Yellow-throated Sparrow","n_species":13,"focal_species_seen":"","focal_species_slugs":"","has_focal":false,"GRID_CODE":"GJ-KU-BHU-122","DISTRICT":"Kachchh","BLOCK":"Bhuj"},"geometry":{"type":"Point","coordinates":[69.6092249,23.290609]}},{"type":"Feature","properties":{"GROUP.ID":"G15600399","LOCALITY":"Nagasar Lake","LATITUDE":23.5673324,"LONGITUDE":70.6537725,"OBSERVATION.DATE":"2025-09-21","OBSERVER.ID":"obsr2588099","DURATION.MINUTES":13.0,"SAMPLING.EVENT.IDENTIFIER":"S274618425","species_list":"Black-headed Ibis; Common Sandpiper; European Roller; Gray-breasted Prinia; Shikra","n_species":5,"focal_species_seen":"European Roller","focal_species_slugs":"european-roller","has_focal":true,"GRID_CODE":"GJ-KU-RAP-051","DISTRICT":"Kachchh","BLOCK":"Rapar"},"geometry":{"type":"Point","coordinates":[70.6537725,23.5673324]}},{"type":"Feature","properties":{"GROUP.ID":"G15598501","LOCALITY":"T7G4","LATITUDE":23.4687422,"LONGITUDE":69.7668565,"OBSERVATION.DATE":"2025-09-21","OBSERVER.ID":"obsr834427","DURATION.MINUTES":49.0,"SAMPLING.EVENT.IDENTIFIER":"S274619351","species_list":"Ashy-crowned Sparrow-Lark; Asian Green Bee-eater; Baya Weaver; Black-winged Stilt; Black Drongo; Common Babbler; Common Greenshank; Common Sandpiper; Crested Lark; Delicate Prinia; Eastern Cattle-Egret; Eurasian Collared-Dove; European Roller; Gray Francolin; Gray Heron; Greater Short-toed Lark; Greater Whitethroat; Green Sandpiper; House Crow; House Sparrow; Indian Pond-Heron; Indian Silverbill; Indian Spot-billed Duck; Isabelline Shrike; Isabelline Wheatear; Laughing Dove; Lesser Whitethroat; Little Egret; Little Ringed Plover; Long-tailed Shrike; Marsh Sandpiper; Paddyfield Pipit; Pied Avocet; Pied Cuckoo; Purple Sunbird; Red-tailed Shrike; Red-vented Bulbul; Red-wattled Lapwing; Rosy Starling; Ruff; Rufous-tailed Lark; Rufous-tailed Scrub-Robin; Siberian Stonechat; Spotted Flycatcher; Spotted Redshank; Sykes's Warbler; Tawny Pipit; Temminck's Stint; Variable Wheatear; Western Marsh Harrier; White-eared Bulbul; White-throated Kingfisher","n_species":52,"focal_species_seen":"European Roller; Greater Whitethroat; Red-tailed Shrike; Rufous-tailed Scrub-Robin; Spotted Flycatcher","focal_species_slugs":"european-roller;greater-whitethroat;red-tailed-shrike;rufous-tailed-scrub-robin;spotted-flycatcher","has_focal":true,"GRID_CODE":"GJ-KU-LIT-042","DISTRICT":"Kachchh","BLOCK":"Little Rann"},"geometry":{"type":"Point","coordinates":[69.7668565,23.4687422]}},{"type":"Feature","properties":{"GROUP.ID":"G15598583","LOCALITY":"T47G1","LATITUDE":23.3249525,"LONGITUDE":68.96096,"OBSERVATION.DATE":"2025-09-20","OBSERVER.ID":"obsr4697473","DURATION.MINUTES":37.0,"SAMPLING.EVENT.IDENTIFIER":"S274621337","species_list":"Ashy-crowned Sparrow-Lark; Asian Green Bee-eater; Asian Koel; Bay-backed Shrike; Baya Weaver; Black-winged Stilt; Black Drongo; Brown Rock Chat; Common Babbler; Common Hoopoe; Common Sandpiper; Eastern Cattle-Egret; Eastern Orphean Warbler; Eurasian Collared-Dove; Eurasian Coot; European Roller; Glossy Ibis; Gray Francolin; Great Crested Grebe; Greater Coucal; House Sparrow; Indian Bushlark; Indian Peafowl; Indian Robin; Indian Silverbill; Indian Spot-billed Duck; Laughing Dove; Lesser Whistling-Duck; Little Cormorant; Little Grebe; Montagu's Harrier; Paddyfield Pipit; Pallid Harrier; Purple Sunbird; Red-naped Ibis; Red-wattled Lapwing; Red Collared-Dove; Rosy Starling; Siberian Stonechat; Spotted Flycatcher; Sykes's Warbler; Variable Wheatear; Western Yellow Wagtail; White-tailed Iora; Yellow-wattled Lapwing; Zitting Cisticola","n_species":46,"focal_species_seen":"European Roller; Spotted Flycatcher","focal_species_slugs":"european-roller;spotted-flycatcher","has_focal":true,"GRID_CODE":"GJ-KU-ABD-027","DISTRICT":"Kachchh","BLOCK":"Abdasa"},"geometry":{"type":"Point","coordinates":[68.96096,23.3249525]}},{"type":"Feature","properties":{"GROUP.ID":"G15599654","LOCALITY":"Samatra, Gujarat, IN (23.194, 69.477)","LATITUDE":23.194304,"LONGITUDE":69.4770492,"OBSERVATION.DATE":"2025-09-21","OBSERVER.ID":"obsr604291","DURATION.MINUTES":null,"SAMPLING.EVENT.IDENTIFIER":"S274635933","species_list":"Black-winged Kite","n_species":1,"focal_species_seen":"","focal_species_slugs":"","has_focal":false,"GRID_CODE":"GJ-KU-BHU-143","DISTRICT":"Kachchh","BLOCK":"Bhuj"},"geometry":{"type":"Point","coordinates":[69.4770492,23.194304]}},{"type":"Feature","properties":{"GROUP.ID":"G15601548","LOCALITY":"Sarspar, Gujarat, IN (23.314, 69.724)","LATITUDE":23.3136813,"LONGITUDE":69.723513,"OBSERVATION.DATE":"2025-09-21","OBSERVER.ID":"obsr494050","DURATION.MINUTES":58.0,"SAMPLING.EVENT.IDENTIFIER":"S274636779","species_list":"Ashy-crowned Sparrow-Lark; Asian Green Bee-eater; Bay-backed Shrike; Black-headed Bunting; Black Drongo; Common Babbler; Common Cuckoo; Common Hoopoe; Eurasian Collared-Dove; Eurasian Kestrel; European Roller; Gray-breasted Prinia; Indian Bushlark; Indian Robin; Indian Silverbill; Jungle Prinia; Laughing Dove; Lesser Whistling-Duck; Lesser Whitethroat; Little Swift; Long-tailed Shrike; Paddyfield Pipit; Pied Cuckoo; Plain Prinia; Purple Sunbird; Red-backed Shrike; Red-naped Ibis; Red-tailed Shrike; Red-vented Bulbul; Red-wattled Lapwing; Red Collared-Dove; River Tern; Rufous-fronted Prinia; Siberian Stonechat; Spotted Flycatcher; Variable Wheatear; White-eared Bulbul; White-tailed Iora; Yellow-throated Sparrow; Yellow-wattled Lapwing","n_species":40,"focal_species_seen":"Common Cuckoo; European Roller; Red-backed Shrike; Red-tailed Shrike; Spotted Flycatcher","focal_species_slugs":"common-cuckoo;european-roller;red-backed-shrike;red-tailed-shrike;spotted-flycatcher","has_focal":true,"GRID_CODE":"GJ-KU-BHU-112","DISTRICT":"Kachchh","BLOCK":"Bhuj"},"geometry":{"type":"Point","coordinates":[69.723513,23.3136813]}},{"type":"Feature","properties":{"GROUP.ID":"G15605744","LOCALITY":"T42G2","LATITUDE":23.6343067,"LONGITUDE":68.8081083,"OBSERVATION.DATE":"2025-09-20","OBSERVER.ID":"obsr4602818","DURATION.MINUTES":49.0,"SAMPLING.EVENT.IDENTIFIER":"S274640946","species_list":"Barn Swallow; Baya Weaver; Black-winged Stilt; Black Francolin; Brahminy Starling; Brown Rock Chat; Common Tailorbird; European Roller; Gray Francolin; Greater Coucal; House Sparrow; Indian Peafowl; Indian Silverbill; Indian Spot-billed Duck; Jungle Prinia; Laughing Dove; Long-tailed Shrike; Plain Prinia; Purple Sunbird; Red-backed Shrike; Red-vented Bulbul; Red-wattled Lapwing; White-eared Bulbul; Wire-tailed Swallow","n_species":24,"focal_species_seen":"European Roller; Red-backed Shrike","focal_species_slugs":"european-roller;red-backed-shrike","has_focal":true,"GRID_CODE":"GJ-KU-LAK-037","DISTRICT":"Kachchh","BLOCK":"Lakhpat"},"geometry":{"type":"Point","coordinates":[68.8081083,23.6343067]}},{"type":"Feature","properties":{"GROUP.ID":"G15605743","LOCALITY":"T42G2","LATITUDE":23.6343067,"LONGITUDE":68.8081083,"OBSERVATION.DATE":"2025-09-20","OBSERVER.ID":"obsr4602818","DURATION.MINUTES":27.0,"SAMPLING.EVENT.IDENTIFIER":"S274641389","species_list":"Black-winged Stilt; Eurasian Collared-Dove; European Roller; Gray Francolin; Indian Pond-Heron; Indian Spot-billed Duck; Laughing Dove; Little Egret; Long-tailed Shrike; Pied Cuckoo; Red-vented Bulbul; Wire-tailed Swallow","n_species":12,"focal_species_seen":"European Roller","focal_species_slugs":"european-roller","has_focal":true,"GRID_CODE":"GJ-KU-LAK-037","DISTRICT":"Kachchh","BLOCK":"Lakhpat"},"geometry":{"type":"Point","coordinates":[68.8081083,23.6343067]}},{"type":"Feature","properties":{"GROUP.ID":"G15626302","LOCALITY":"T42G5 Unnamed Road, Baranda, Gujarat, IN (23.566, 68.681)","LATITUDE":23.5656818,"LONGITUDE":68.6810833,"OBSERVATION.DATE":"2025-09-21","OBSERVER.ID":"obsr2861522","DURATION.MINUTES":12.0,"SAMPLING.EVENT.IDENTIFIER":"S274645709","species_list":"Asian Green Bee-eater; Black Francolin; Eurasian Wryneck; Indian Courser; Rufous-fronted Prinia; Rufous-tailed Lark","n_species":6,"focal_species_seen":"","focal_species_slugs":"","has_focal":false,"GRID_CODE":"GJ-KU-LAK-048","DISTRICT":"Kachchh","BLOCK":"Lakhpat"},"geometry":{"type":"Point","coordinates":[68.6810833,23.5656818]}},{"type":"Feature","properties":{"GROUP.ID":"G15600239","LOCALITY":"T34G3, Olangiya, Nakhatrana, Kachchh IN-Gujarat 23.24855, 69.23300","LATITUDE":23.248548,"LONGITUDE":69.233,"OBSERVATION.DATE":"2025-09-21","OBSERVER.ID":"obsr674640","DURATION.MINUTES":94.0,"SAMPLING.EVENT.IDENTIFIER":"S274675348","species_list":"Bay-backed Shrike; Baya Weaver; Brahminy Starling; Common Babbler; Common Cuckoo; Common Hoopoe; Common Myna; Eastern Cattle-Egret; Eurasian Collared-Dove; European Roller; Gray-breasted Prinia; Gray Francolin; Greater Coucal; Greater Whitethroat; House Sparrow; Indian Robin; Indian Silverbill; Jungle Prinia; Laughing Dove; Lesser Whitethroat; Pied Cuckoo; Pied Kingfisher; Plain Prinia; Purple Sunbird; Red-naped Ibis; Red-vented Bulbul; Red-wattled Lapwing; Rosy Starling; Spotted Flycatcher; White-naped Tit; White-tailed Iora; Yellow-crowned Woodpecker; Yellow-throated Sparrow","n_species":33,"focal_species_seen":"Common Cuckoo; European Roller; Greater Whitethroat; Spotted Flycatcher","focal_species_slugs":"common-cuckoo;european-roller;greater-whitethroat;spotted-flycatcher","has_focal":true,"GRID_CODE":"GJ-KU-NAK-060","DISTRICT":"Kachchh","BLOCK":"Nakhatrana"},"geometry":{"type":"Point","coordinates":[69.233,23.248548]}},{"type":"Feature","properties":{"GROUP.ID":"G15598120","LOCALITY":"T36G2-Bambhdai-Mapar Rd, Kachchh, Gujarat, IN (22.957, 69.001)","LATITUDE":22.9569561,"LONGITUDE":69.0011239,"OBSERVATION.DATE":"2025-09-21","OBSERVER.ID":"obsr3568724","DURATION.MINUTES":6.0,"SAMPLING.EVENT.IDENTIFIER":"S274686096","species_list":"Asian Green Bee-eater; Black-winged Stilt; European Roller; Gray Francolin; Gray Heron; Indian Spot-billed Duck; Laughing Dove; Little Cormorant; Little Egret; River Tern; White-eared Bulbul","n_species":11,"focal_species_seen":"European Roller","focal_species_slugs":"european-roller","has_focal":true,"GRID_CODE":"GJ-KU-ABD-095","DISTRICT":"Kachchh","BLOCK":"Abdasa"},"geometry":{"type":"Point","coordinates":[69.0011239,22.9569561]}},{"type":"Feature","properties":{"GROUP.ID":"G15600979","LOCALITY":"T32G3","LATITUDE":23.755714,"LONGITUDE":69.3065263,"OBSERVATION.DATE":"2025-09-20","OBSERVER.ID":"obsr413366","DURATION.MINUTES":29.0,"SAMPLING.EVENT.IDENTIFIER":"S274712482","species_list":"Ashy-crowned Sparrow-Lark; Asian Green Bee-eater; Bank Myna; Barn Swallow; Bay-backed Shrike; Baya Weaver; Black-crowned Night Heron; Black-headed Ibis; Black-tailed Godwit; Black-winged Kite; Black-winged Stilt; Black Drongo; Blue-cheeked Bee-eater; Brahminy Starling; Caspian Tern; Common Babbler; Common Greenshank; Common Hoopoe; Common Kingfisher; Common Redshank; Common Sandpiper; Common Tailorbird; Crested Lark; Delicate Prinia; Desert Wheatear; Dusky Crag-Martin; Eastern Cattle-Egret; Eastern Red-rumped Swallow; Eurasian Collared-Dove; Eurasian Spoonbill; European Roller; Glossy Ibis; Gray Francolin; Gray Heron; Great White Pelican; Greater Coucal; Greater Flamingo; Green Sandpiper; Gull-billed Tern; House Crow; House Sparrow; Indian Cormorant; Indian Peafowl; Indian Pond-Heron; Indian Silverbill; Indian Spot-billed Duck; Kentish Plover; Laughing Dove; Lesser Whitethroat; Little Cormorant; Little Ringed Plover; Little Stint; Long-tailed Shrike; Marsh Sandpiper; Montagu's Harrier; Oriental Darter; Paddyfield Pipit; Painted Stork; Pied Avocet; Pied Cuckoo; Plain Prinia; Purple Sunbird; Red-backed Shrike; Red-tailed Shrike; Red-vented Bulbul; Red-wattled Lapwing; River Tern; Rose-ringed Parakeet; Rosy Starling; Ruff; Rufous-tailed Lark; Rufous-tailed Scrub-Robin; Shikra; Siberian Stonechat; Spotted Flycatcher; Tawny Pipit; Variable Wheatear; Western Marsh Harrier; Western Reef-Heron; Western Yellow Wagtail; Whiskered Tern; White-eared Bulbul; White-throated Kingfisher; Wire-tailed Swallow; Yellow-throated Sparrow; Yellow-wattled Lapwing; Zitting Cisticola","n_species":87,"focal_species_seen":"Blue-cheeked Bee-eater; European Roller; Red-backed Shrike; Red-tailed Shrike; Rufous-tailed Scrub-Robin; Spotted Flycatcher","focal_species_slugs":"blue-cheeked-bee-eater;european-roller;red-backed-shrike;red-tailed-shrike;rufous-tailed-scrub-robin;spotted-flycatcher","has_focal":true,"GRID_CODE":"GJ-KU-BHU-027","DISTRICT":"Kachchh","BLOCK":"Bhuj"},"geometry":{"type":"Point","coordinates":[69.3065263,23.755714]}},{"type":"Feature","properties":{"GROUP.ID":"G15600978","LOCALITY":"T32G1","LATITUDE":23.7106108,"LONGITUDE":69.2373552,"OBSERVATION.DATE":"2025-09-21","OBSERVER.ID":"obsr413366","DURATION.MINUTES":77.0,"SAMPLING.EVENT.IDENTIFIER":"S274714944","species_list":"Asian Green Bee-eater; Asian Koel; Barn Swallow; Barred Buttonquail; Bay-backed Shrike; Baya Weaver; Black-crowned Night Heron; Black-headed Ibis; Black-winged Kite; Black-winged Stilt; Black Drongo; Blue-cheeked Bee-eater; Common Babbler; Common Hoopoe; Common Kingfisher; Common Sandpiper; Common Tailorbird; Crested Lark; Eastern Cattle-Egret; Eastern Red-rumped Swallow; Eurasian Collared-Dove; Eurasian Spoonbill; Eurasian Wryneck; European Roller; Glossy Ibis; Gray Francolin; Gray Heron; Greater Coucal; Greater Whitethroat; House Crow; House Sparrow; Indian Cormorant; Indian Peafowl; Indian Pond-Heron; Indian Silverbill; Laughing Dove; Lesser Whitethroat; Little Cormorant; Little Egret; Long-tailed Shrike; Montagu's Harrier; Oriental Darter; Paddyfield Pipit; Painted Stork; Pied Cuckoo; Plain Prinia; Purple Heron; Purple Sunbird; Red-backed Shrike; Red-tailed Shrike; Red-vented Bulbul; Red-wattled Lapwing; Red Collared-Dove; River Tern; Rosy Starling; Rufous-tailed Scrub-Robin; Shikra; Siberian Stonechat; Spotted Flycatcher; Western Marsh Harrier; Whiskered Tern; White-eared Bulbul; White-tailed Iora; White-throated Kingfisher; Wire-tailed Swallow; Yellow-throated Sparrow; Yellow-wattled Lapwing; Zitting Cisticola","n_species":68,"focal_species_seen":"Blue-cheeked Bee-eater; European Roller; Greater Whitethroat; Red-backed Shrike; Red-tailed Shrike; Rufous-tailed Scrub-Robin; Spotted Flycatcher","focal_species_slugs":"blue-cheeked-bee-eater;european-roller;greater-whitethroat;red-backed-shrike;red-tailed-shrike;rufous-tailed-scrub-robin;spotted-flycatcher","has_focal":true,"GRID_CODE":"GJ-KU-BHU-025","DISTRICT":"Kachchh","BLOCK":"Bhuj"},"geometry":{"type":"Point","coordinates":[69.2373552,23.7106108]}},{"type":"Feature","properties":{"GROUP.ID":"G15600975","LOCALITY":"T32G2","LATITUDE":23.7104689,"LONGITUDE":69.1929619,"OBSERVATION.DATE":"2025-09-21","OBSERVER.ID":"obsr413366","DURATION.MINUTES":41.0,"SAMPLING.EVENT.IDENTIFIER":"S274718867","species_list":"Ashy-crowned Sparrow-Lark; Asian Green Bee-eater; Bank Myna; Barn Swallow; Bay-backed Shrike; Baya Weaver; Black-headed Ibis; Black-tailed Godwit; Black-winged Stilt; Black Drongo; Blue-cheeked Bee-eater; Brahminy Starling; Clamorous Reed Warbler; Collared Pratincole; Common Babbler; Common Cuckoo; Common Greenshank; Common Hoopoe; Common Kingfisher; Common Redshank; Common Sandpiper; Crested Lark; Eastern Cattle-Egret; Eastern Red-rumped Swallow; Eurasian Collared-Dove; Eurasian Spoonbill; European Roller; Glossy Ibis; Gray Francolin; Gray Heron; Great Egret; Greater Flamingo; Green Sandpiper; Gull-billed Tern; House Crow; House Sparrow; Indian Cormorant; Indian Pond-Heron; Indian Silverbill; Indian Spot-billed Duck; Laughing Dove; Lesser Whitethroat; Little Cormorant; Little Egret; Little Ringed Plover; Little Stint; Long-tailed Shrike; Marsh Sandpiper; Medium Egret; Montagu's Harrier; Oriental Darter; Paddyfield Pipit; Painted Stork; Plain Prinia; Purple Heron; Purple Sunbird; Red-backed Shrike; Red-tailed Shrike; Red-vented Bulbul; Red-wattled Lapwing; River Tern; Rosy Starling; Ruff; Rufous-tailed Scrub-Robin; Sand Lark; Siberian Stonechat; Slender-billed Gull; Western Marsh Harrier; Western Reef-Heron; Whiskered Tern; White-eared Bulbul; White-throated Kingfisher; Wire-tailed Swallow; Yellow-throated Sparrow; Zitting Cisticola","n_species":75,"focal_species_seen":"Blue-cheeked Bee-eater; Common Cuckoo; European Roller; Red-backed Shrike; Red-tailed Shrike; Rufous-tailed Scrub-Robin","focal_species_slugs":"blue-cheeked-bee-eater;common-cuckoo;european-roller;red-backed-shrike;red-tailed-shrike;rufous-tailed-scrub-robin","has_focal":true,"GRID_CODE":"GJ-KU-BHU-024","DISTRICT":"Kachchh","BLOCK":"Bhuj"},"geometry":{"type":"Point","coordinates":[69.1929619,23.7104689]}},{"type":"Feature","properties":{"GROUP.ID":"G15604421","LOCALITY":"Bhanada Grass Land, Vadapaddhar, Gujarat, IN (23.197, 68.854)","LATITUDE":23.1974217,"LONGITUDE":68.8541667,"OBSERVATION.DATE":"2025-09-21","OBSERVER.ID":"obsr769125","DURATION.MINUTES":65.0,"SAMPLING.EVENT.IDENTIFIER":"S274729796","species_list":"Ashy-crowned Sparrow-Lark; Asian Green Bee-eater; Asian Koel; Barn Swallow; Bay-backed Shrike; Baya Weaver; Black-winged Kite; Black Drongo; Black Francolin; Blue-cheeked Bee-eater; Blyth's Reed Warbler; Brahminy Starling; Common Babbler; Common Hoopoe; Common Myna; Common Woodshrike; Crested Lark; Delicate Prinia; Eastern Cattle-Egret; Eurasian Collared-Dove; Eurasian Wryneck; European Roller; Gray-breasted Prinia; Gray Francolin; Great Gray Shrike; Greater Short-toed Lark; House Crow; Indian Bushlark; Indian Robin; Indian Silverbill; Isabelline Shrike; Jungle Prinia; Laughing Dove; Lesser Florican; Lesser Whitethroat; Little Swift; Montagu's Harrier; Pied Bushchat; Pied Cuckoo; Plain Prinia; Purple Sunbird; Rain Quail; Red-backed Shrike; Red-tailed Shrike; Red-vented Bulbul; Red-wattled Lapwing; Red Collared-Dove; Rose-ringed Parakeet; Rosy Starling; Rufous-fronted Prinia; Rufous-tailed Lark; Shikra; Spotted Flycatcher; Tawny Pipit; Variable Wheatear; Western Marsh Harrier; White-browed Bushchat; White-eared Bulbul; White-throated Kingfisher; Wire-tailed Swallow","n_species":60,"focal_species_seen":"Blue-cheeked Bee-eater; European Roller; Red-backed Shrike; Red-tailed Shrike; Spotted Flycatcher","focal_species_slugs":"blue-cheeked-bee-eater;european-roller;red-backed-shrike;red-tailed-shrike;spotted-flycatcher","has_focal":true,"GRID_CODE":"GJ-KU-ABD-060","DISTRICT":"Kachchh","BLOCK":"Abdasa"},"geometry":{"type":"Point","coordinates":[68.8541667,23.1974217]}},{"type":"Feature","properties":{"GROUP.ID":"G15669236","LOCALITY":"Gujarat State Highway 6, Kachchh, Gujarat, IN (23.702, 68.615)","LATITUDE":23.7016233,"LONGITUDE":68.6152633,"OBSERVATION.DATE":"2025-09-21","OBSERVER.ID":"obsr961478","DURATION.MINUTES":16.0,"SAMPLING.EVENT.IDENTIFIER":"S274991401","species_list":"Brahminy Starling; Gray Francolin; Indian Pond-Heron; Rosy Starling; Wire-tailed Swallow","n_species":5,"focal_species_seen":"","focal_species_slugs":"","has_focal":false,"GRID_CODE":"GJ-KU-LAK-019","DISTRICT":"Kachchh","BLOCK":"Lakhpat"},"geometry":{"type":"Point","coordinates":[68.6152633,23.7016233]}},{"type":"Feature","properties":{"GROUP.ID":"G15613373","LOCALITY":"T30G1","LATITUDE":24.0505291,"LONGITUDE":69.5871767,"OBSERVATION.DATE":"2025-09-21","OBSERVER.ID":"obsr2310751","DURATION.MINUTES":91.0,"SAMPLING.EVENT.IDENTIFIER":"S275086851","species_list":"Asian Green Bee-eater; Black-winged Stilt; Blue-cheeked Bee-eater; Common Babbler; Eurasian Kestrel; European Roller; Greater Flamingo; Green Sandpiper; Indian Spot-billed Duck; Isabelline Shrike; Lesser Whistling-Duck; Marsh Sandpiper; Montagu's Harrier; Osprey; Purple Sunbird; Red-backed Shrike; Red-tailed Shrike; Red-wattled Lapwing; Short-toed Snake-Eagle","n_species":19,"focal_species_seen":"Blue-cheeked Bee-eater; European Roller; Red-backed Shrike; Red-tailed Shrike","focal_species_slugs":"blue-cheeked-bee-eater;european-roller;red-backed-shrike;red-tailed-shrike","has_focal":true,"GRID_CODE":"GJ-KU-RAN-268","DISTRICT":"Kachchh","BLOCK":"Rann of Kachchh"},"geometry":{"type":"Point","coordinates":[69.5871767,24.0505291]}},{"type":"Feature","properties":{"GROUP.ID":"G15613386","LOCALITY":"India Bridge, Kachchh, Gujarat, IN (23.984, 69.746)","LATITUDE":23.9838952,"LONGITUDE":69.7456645,"OBSERVATION.DATE":"2025-09-20","OBSERVER.ID":"obsr2310751","DURATION.MINUTES":54.0,"SAMPLING.EVENT.IDENTIFIER":"S275091237","species_list":"Ashy-crowned Sparrow-Lark; Asian Green Bee-eater; Black-winged Kite; Black-winged Stilt; Common Babbler; European Roller; Gray Francolin; Greater Flamingo; House Sparrow; Pied Avocet; Ruff; Rufous-tailed Scrub-Robin; Siberian Stonechat; Variable Wheatear; Western Marsh Harrier; White-eared Bulbul; Wire-tailed Swallow","n_species":17,"focal_species_seen":"European Roller; Rufous-tailed Scrub-Robin","focal_species_slugs":"european-roller;rufous-tailed-scrub-robin","has_focal":true,"GRID_CODE":"GJ-KU-RAN-324","DISTRICT":"Kachchh","BLOCK":"Rann of Kachchh"},"geometry":{"type":"Point","coordinates":[69.7456645,23.9838952]}},{"type":"Feature","properties":{"GROUP.ID":"G15613387","LOCALITY":"Unnamed Road, Kachchh, Gujarat, IN (24.069, 69.679)","LATITUDE":24.0689625,"LONGITUDE":69.6791934,"OBSERVATION.DATE":"2025-09-20","OBSERVER.ID":"obsr2310751","DURATION.MINUTES":17.0,"SAMPLING.EVENT.IDENTIFIER":"S275091397","species_list":"Blue-cheeked Bee-eater; Gull-billed Tern; Variable Wheatear; Western Marsh Harrier","n_species":4,"focal_species_seen":"Blue-cheeked Bee-eater","focal_species_slugs":"blue-cheeked-bee-eater","has_focal":true,"GRID_CODE":"GJ-KU-RAN-219","DISTRICT":"Kachchh","BLOCK":"Rann of Kachchh"},"geometry":{"type":"Point","coordinates":[69.6791934,24.0689625]}},{"type":"Feature","properties":{"GROUP.ID":"G15613477","LOCALITY":"Ratadiya, Gujarat, IN (24.107, 69.7)","LATITUDE":24.1069837,"LONGITUDE":69.6997218,"OBSERVATION.DATE":"2025-09-20","OBSERVER.ID":"obsr2310751","DURATION.MINUTES":null,"SAMPLING.EVENT.IDENTIFIER":"S275092232","species_list":"Asian Green Bee-eater; Common Babbler; Red-wattled Lapwing","n_species":3,"focal_species_seen":"","focal_species_slugs":"","has_focal":false,"GRID_CODE":"GJ-KU-RAN-219","DISTRICT":"Kachchh","BLOCK":"Rann of Kachchh"},"geometry":{"type":"Point","coordinates":[69.6997218,24.1069837]}},{"type":"Feature","properties":{"GROUP.ID":"G15613476","LOCALITY":"Unnamed Road, Kachchh, Gujarat, IN (24.125, 69.756)","LATITUDE":24.1248222,"LONGITUDE":69.7555864,"OBSERVATION.DATE":"2025-09-20","OBSERVER.ID":"obsr2310751","DURATION.MINUTES":null,"SAMPLING.EVENT.IDENTIFIER":"S275092365","species_list":"Blue-cheeked Bee-eater; Caspian Tern; Common Babbler; Common Greenshank; Common Hoopoe; Eurasian Curlew; Long-tailed Shrike; Siberian Stonechat; Slender-billed Gull; Variable Wheatear; Western Reef-Heron; Whiskered Tern","n_species":12,"focal_species_seen":"Blue-cheeked Bee-eater","focal_species_slugs":"blue-cheeked-bee-eater","has_focal":true,"GRID_CODE":"GJ-KU-RAN-170","DISTRICT":"Kachchh","BLOCK":"Rann of Kachchh"},"geometry":{"type":"Point","coordinates":[69.7555864,24.1248222]}},{"type":"Feature","properties":{"GROUP.ID":"G15613475","LOCALITY":"Kachchh, Gujarat, IN (24.17, 69.807)","LATITUDE":24.1696098,"LONGITUDE":69.806722,"OBSERVATION.DATE":"2025-09-20","OBSERVER.ID":"obsr2310751","DURATION.MINUTES":5.0,"SAMPLING.EVENT.IDENTIFIER":"S275092629","species_list":"Blue-cheeked Bee-eater; Crested Lark; Desert Wheatear; Isabelline Wheatear; Lesser Flamingo; Variable Wheatear; Western Reef-Heron","n_species":7,"focal_species_seen":"Blue-cheeked Bee-eater","focal_species_slugs":"blue-cheeked-bee-eater","has_focal":true,"GRID_CODE":null,"DISTRICT":null,"BLOCK":null},"geometry":{"type":"Point","coordinates":[69.806722,24.1696098]}},{"type":"Feature","properties":{"GROUP.ID":"G15613474","LOCALITY":"Unnamed Road, Kachchh, Gujarat, IN (24.17, 69.792)","LATITUDE":24.1696498,"LONGITUDE":69.7924712,"OBSERVATION.DATE":"2025-09-20","OBSERVER.ID":"obsr2310751","DURATION.MINUTES":null,"SAMPLING.EVENT.IDENTIFIER":"S275092923","species_list":"Blue-cheeked Bee-eater; Crested Lark","n_species":2,"focal_species_seen":"Blue-cheeked Bee-eater","focal_species_slugs":"blue-cheeked-bee-eater","has_focal":true,"GRID_CODE":null,"DISTRICT":null,"BLOCK":null},"geometry":{"type":"Point","coordinates":[69.7924712,24.1696498]}},{"type":"Feature","properties":{"GROUP.ID":"G15613473","LOCALITY":"Indo - Pak Border Road, Kachchh, Gujarat, IN (24.17, 69.786)","LATITUDE":24.1696729,"LONGITUDE":69.7861133,"OBSERVATION.DATE":"2025-09-20","OBSERVER.ID":"obsr2310751","DURATION.MINUTES":null,"SAMPLING.EVENT.IDENTIFIER":"S275093164","species_list":"Rufous-tailed Scrub-Robin","n_species":1,"focal_species_seen":"Rufous-tailed Scrub-Robin","focal_species_slugs":"rufous-tailed-scrub-robin","has_focal":true,"GRID_CODE":null,"DISTRICT":null,"BLOCK":null},"geometry":{"type":"Point","coordinates":[69.7861133,24.1696729]}},{"type":"Feature","properties":{"GROUP.ID":"G15613472","LOCALITY":"Indo - Pak Border Road, Kachchh, Gujarat, IN (24.17, 69.771)","LATITUDE":24.169708,"LONGITUDE":69.7709315,"OBSERVATION.DATE":"2025-09-20","OBSERVER.ID":"obsr2310751","DURATION.MINUTES":null,"SAMPLING.EVENT.IDENTIFIER":"S275093258","species_list":"European Roller; Red-tailed Shrike","n_species":2,"focal_species_seen":"European Roller; Red-tailed Shrike","focal_species_slugs":"european-roller;red-tailed-shrike","has_focal":true,"GRID_CODE":null,"DISTRICT":null,"BLOCK":null},"geometry":{"type":"Point","coordinates":[69.7709315,24.169708]}},{"type":"Feature","properties":{"GROUP.ID":"G15613471","LOCALITY":"Indo - Pak Border Road, Kachchh, Gujarat, IN (24.17, 69.748)","LATITUDE":24.169553,"LONGITUDE":69.7476221,"OBSERVATION.DATE":"2025-09-20","OBSERVER.ID":"obsr2310751","DURATION.MINUTES":null,"SAMPLING.EVENT.IDENTIFIER":"S275093359","species_list":"Blue-cheeked Bee-eater","n_species":1,"focal_species_seen":"Blue-cheeked Bee-eater","focal_species_slugs":"blue-cheeked-bee-eater","has_focal":true,"GRID_CODE":null,"DISTRICT":null,"BLOCK":null},"geometry":{"type":"Point","coordinates":[69.7476221,24.169553]}},{"type":"Feature","properties":{"GROUP.ID":"G15613470","LOCALITY":"Indo - Pak Border Road, Kachchh, Gujarat, IN (24.17, 69.744)","LATITUDE":24.1695325,"LONGITUDE":69.7444829,"OBSERVATION.DATE":"2025-09-20","OBSERVER.ID":"obsr2310751","DURATION.MINUTES":null,"SAMPLING.EVENT.IDENTIFIER":"S275093494","species_list":"Blue-cheeked Bee-eater","n_species":1,"focal_species_seen":"Blue-cheeked Bee-eater","focal_species_slugs":"blue-cheeked-bee-eater","has_focal":true,"GRID_CODE":null,"DISTRICT":null,"BLOCK":null},"geometry":{"type":"Point","coordinates":[69.7444829,24.1695325]}},{"type":"Feature","properties":{"GROUP.ID":"G15613469","LOCALITY":"Indo - Pak Border Road, Kachchh, Gujarat, IN (24.169, 69.742)","LATITUDE":24.1694891,"LONGITUDE":69.7418267,"OBSERVATION.DATE":"2025-09-20","OBSERVER.ID":"obsr2310751","DURATION.MINUTES":null,"SAMPLING.EVENT.IDENTIFIER":"S275093674","species_list":"Greater Sand-Plover; Ruff","n_species":2,"focal_species_seen":"","focal_species_slugs":"","has_focal":false,"GRID_CODE":null,"DISTRICT":null,"BLOCK":null},"geometry":{"type":"Point","coordinates":[69.7418267,24.1694891]}},{"type":"Feature","properties":{"GROUP.ID":"G15613468","LOCALITY":"Indo - Pak Border Road, Kachchh, Gujarat, IN (24.184, 69.715)","LATITUDE":24.1839329,"LONGITUDE":69.7147256,"OBSERVATION.DATE":"2025-09-20","OBSERVER.ID":"obsr2310751","DURATION.MINUTES":null,"SAMPLING.EVENT.IDENTIFIER":"S275093746","species_list":"Blue-cheeked Bee-eater","n_species":1,"focal_species_seen":"Blue-cheeked Bee-eater","focal_species_slugs":"blue-cheeked-bee-eater","has_focal":true,"GRID_CODE":null,"DISTRICT":null,"BLOCK":null},"geometry":{"type":"Point","coordinates":[69.7147256,24.1839329]}},{"type":"Feature","properties":{"GROUP.ID":"G15613467","LOCALITY":"Indo - Pak Border Road, Kachchh, Gujarat, IN (24.19, 69.708)","LATITUDE":24.1901748,"LONGITUDE":69.7077265,"OBSERVATION.DATE":"2025-09-20","OBSERVER.ID":"obsr2310751","DURATION.MINUTES":null,"SAMPLING.EVENT.IDENTIFIER":"S275093804","species_list":"Blue-cheeked Bee-eater; European Roller","n_species":2,"focal_species_seen":"Blue-cheeked Bee-eater; European Roller","focal_species_slugs":"blue-cheeked-bee-eater;european-roller","has_focal":true,"GRID_CODE":null,"DISTRICT":null,"BLOCK":null},"geometry":{"type":"Point","coordinates":[69.7077265,24.1901748]}},{"type":"Feature","properties":{"GROUP.ID":"G15613466","LOCALITY":"Indo - Pak Border Road, Kachchh, Gujarat, IN (24.193, 69.704)","LATITUDE":24.1930991,"LONGITUDE":69.7043548,"OBSERVATION.DATE":"2025-09-20","OBSERVER.ID":"obsr2310751","DURATION.MINUTES":null,"SAMPLING.EVENT.IDENTIFIER":"S275093864","species_list":"Blue-cheeked Bee-eater; Common Babbler; Montagu's Harrier; Red-tailed Shrike; Red-wattled Lapwing","n_species":5,"focal_species_seen":"Blue-cheeked Bee-eater; Red-tailed Shrike","focal_species_slugs":"blue-cheeked-bee-eater;red-tailed-shrike","has_focal":true,"GRID_CODE":"GJ-KU-RAN-124","DISTRICT":"Kachchh","BLOCK":"Rann of Kachchh"},"geometry":{"type":"Point","coordinates":[69.7043548,24.1930991]}},{"type":"Feature","properties":{"GROUP.ID":"G15613465","LOCALITY":"Indo - Pak Border Road, Kachchh, Gujarat, IN (24.2, 69.697)","LATITUDE":24.1997703,"LONGITUDE":69.6968423,"OBSERVATION.DATE":"2025-09-20","OBSERVER.ID":"obsr2310751","DURATION.MINUTES":null,"SAMPLING.EVENT.IDENTIFIER":"S275093936","species_list":"European Roller","n_species":1,"focal_species_seen":"European Roller","focal_species_slugs":"european-roller","has_focal":true,"GRID_CODE":"GJ-KU-RAN-124","DISTRICT":"Kachchh","BLOCK":"Rann of Kachchh"},"geometry":{"type":"Point","coordinates":[69.6968423,24.1997703]}},{"type":"Feature","properties":{"GROUP.ID":"G15613464","LOCALITY":"Indo - Pak Border Road, Kachchh, Gujarat, IN (24.205, 69.691)","LATITUDE":24.2049665,"LONGITUDE":69.6909567,"OBSERVATION.DATE":"2025-09-20","OBSERVER.ID":"obsr2310751","DURATION.MINUTES":null,"SAMPLING.EVENT.IDENTIFIER":"S275094013","species_list":"Greater Flamingo; Northern Shoveler","n_species":2,"focal_species_seen":"","focal_species_slugs":"","has_focal":false,"GRID_CODE":"GJ-KU-RAN-124","DISTRICT":"Kachchh","BLOCK":"Rann of Kachchh"},"geometry":{"type":"Point","coordinates":[69.6909567,24.2049665]}},{"type":"Feature","properties":{"GROUP.ID":"G15613463","LOCALITY":"Indo - Pak Border Road, Kachchh, Gujarat, IN (24.232, 69.66)","LATITUDE":24.2323965,"LONGITUDE":69.6599727,"OBSERVATION.DATE":"2025-09-20","OBSERVER.ID":"obsr2310751","DURATION.MINUTES":null,"SAMPLING.EVENT.IDENTIFIER":"S275094097","species_list":"Blue-cheeked Bee-eater; Indian Roller","n_species":2,"focal_species_seen":"Blue-cheeked Bee-eater","focal_species_slugs":"blue-cheeked-bee-eater","has_focal":true,"GRID_CODE":null,"DISTRICT":null,"BLOCK":null},"geometry":{"type":"Point","coordinates":[69.6599727,24.2323965]}},{"type":"Feature","properties":{"GROUP.ID":"G15613481","LOCALITY":"Indo - Pak Border Road, Kachchh, Gujarat, IN (24.275, 69.612)","LATITUDE":24.2745873,"LONGITUDE":69.6121939,"OBSERVATION.DATE":"2025-09-20","OBSERVER.ID":"obsr2310751","DURATION.MINUTES":null,"SAMPLING.EVENT.IDENTIFIER":"S275094313","species_list":"Eurasian Curlew","n_species":1,"focal_species_seen":"","focal_species_slugs":"","has_focal":false,"GRID_CODE":null,"DISTRICT":null,"BLOCK":null},"geometry":{"type":"Point","coordinates":[69.6121939,24.2745873]}},{"type":"Feature","properties":{"GROUP.ID":"G15618964","LOCALITY":"Indo - Pak Border Road, Kachchh, Gujarat, PK (24.284, 69.601).","LATITUDE":24.2843799,"LONGITUDE":69.6012273,"OBSERVATION.DATE":"2025-09-20","OBSERVER.ID":"obsr2310751","DURATION.MINUTES":null,"SAMPLING.EVENT.IDENTIFIER":"S275094395","species_list":"Black Drongo","n_species":1,"focal_species_seen":"","focal_species_slugs":"","has_focal":false,"GRID_CODE":null,"DISTRICT":null,"BLOCK":null},"geometry":{"type":"Point","coordinates":[69.6012273,24.2843799]}},{"type":"Feature","properties":{"GROUP.ID":"G15618963","LOCALITY":"Indo - Pak Border Road, Kachchh, Gujarat, IN (24.289, 69.596)","LATITUDE":24.2889418,"LONGITUDE":69.5961066,"OBSERVATION.DATE":"2025-09-20","OBSERVER.ID":"obsr2310751","DURATION.MINUTES":null,"SAMPLING.EVENT.IDENTIFIER":"S275094459","species_list":"Little Stint","n_species":1,"focal_species_seen":"","focal_species_slugs":"","has_focal":false,"GRID_CODE":null,"DISTRICT":null,"BLOCK":null},"geometry":{"type":"Point","coordinates":[69.5961066,24.2889418]}},{"type":"Feature","properties":{"GROUP.ID":"G15618962","LOCALITY":"Indo - Pak Border Road, Kachchh, Gujarat, IN (24.291, 69.593)","LATITUDE":24.2908366,"LONGITUDE":69.5933603,"OBSERVATION.DATE":"2025-09-20","OBSERVER.ID":"obsr2310751","DURATION.MINUTES":null,"SAMPLING.EVENT.IDENTIFIER":"S275094562","species_list":"Blue-cheeked Bee-eater; European Roller","n_species":2,"focal_species_seen":"Blue-cheeked Bee-eater; European Roller","focal_species_slugs":"blue-cheeked-bee-eater;european-roller","has_focal":true,"GRID_CODE":null,"DISTRICT":null,"BLOCK":null},"geometry":{"type":"Point","coordinates":[69.5933603,24.2908366]}},{"type":"Feature","properties":{"GROUP.ID":"G15618961","LOCALITY":"Indo - Pak Border Road, Kachchh, Gujarat, IN (24.274, 69.537)","LATITUDE":24.2744493,"LONGITUDE":69.5368636,"OBSERVATION.DATE":"2025-09-20","OBSERVER.ID":"obsr2310751","DURATION.MINUTES":null,"SAMPLING.EVENT.IDENTIFIER":"S275094652","species_list":"European Roller","n_species":1,"focal_species_seen":"European Roller","focal_species_slugs":"european-roller","has_focal":true,"GRID_CODE":null,"DISTRICT":null,"BLOCK":null},"geometry":{"type":"Point","coordinates":[69.5368636,24.2744493]}},{"type":"Feature","properties":{"GROUP.ID":"G15618960","LOCALITY":"Indo - Pak Border Road, Kachchh, Gujarat, IN (24.272, 69.53)","LATITUDE":24.2722724,"LONGITUDE":69.5296285,"OBSERVATION.DATE":"2025-09-20","OBSERVER.ID":"obsr2310751","DURATION.MINUTES":null,"SAMPLING.EVENT.IDENTIFIER":"S275094718","species_list":"European Roller","n_species":1,"focal_species_seen":"European Roller","focal_species_slugs":"european-roller","has_focal":true,"GRID_CODE":null,"DISTRICT":null,"BLOCK":null},"geometry":{"type":"Point","coordinates":[69.5296285,24.2722724]}},{"type":"Feature","properties":{"GROUP.ID":"G15618959","LOCALITY":"Indo - Pak Border Road, Kachchh, Gujarat, IN (24.268, 69.509)","LATITUDE":24.2677274,"LONGITUDE":69.5085555,"OBSERVATION.DATE":"2025-09-20","OBSERVER.ID":"obsr2310751","DURATION.MINUTES":null,"SAMPLING.EVENT.IDENTIFIER":"S275094907","species_list":"Blue-cheeked Bee-eater; Common Hoopoe; Greater Flamingo; Lesser Flamingo; Montagu's Harrier","n_species":5,"focal_species_seen":"Blue-cheeked Bee-eater","focal_species_slugs":"blue-cheeked-bee-eater","has_focal":true,"GRID_CODE":null,"DISTRICT":null,"BLOCK":null},"geometry":{"type":"Point","coordinates":[69.5085555,24.2677274]}},{"type":"Feature","properties":{"GROUP.ID":"G15618958","LOCALITY":"Unnamed Road, Kachchh, Gujarat, IN (24.211, 69.533)","LATITUDE":24.2110936,"LONGITUDE":69.5328113,"OBSERVATION.DATE":"2025-09-20","OBSERVER.ID":"obsr2310751","DURATION.MINUTES":null,"SAMPLING.EVENT.IDENTIFIER":"S275095093","species_list":"Montagu's Harrier","n_species":1,"focal_species_seen":"","focal_species_slugs":"","has_focal":false,"GRID_CODE":"GJ-KU-RAN-085","DISTRICT":"Kachchh","BLOCK":"Rann of Kachchh"},"geometry":{"type":"Point","coordinates":[69.5328113,24.2110936]}},{"type":"Feature","properties":{"GROUP.ID":"G15618957","LOCALITY":"Unnamed Road, Kachchh, Gujarat, IN (24.211, 69.533)","LATITUDE":24.2110936,"LONGITUDE":69.5328113,"OBSERVATION.DATE":"2025-09-20","OBSERVER.ID":"obsr2310751","DURATION.MINUTES":null,"SAMPLING.EVENT.IDENTIFIER":"S275095423","species_list":"European Roller","n_species":1,"focal_species_seen":"European Roller","focal_species_slugs":"european-roller","has_focal":true,"GRID_CODE":"GJ-KU-RAN-085","DISTRICT":"Kachchh","BLOCK":"Rann of Kachchh"},"geometry":{"type":"Point","coordinates":[69.5328113,24.2110936]}},{"type":"Feature","properties":{"GROUP.ID":"G15618956","LOCALITY":"Ratadiya, Gujarat, IN (24.074, 69.647)","LATITUDE":24.0741859,"LONGITUDE":69.6474776,"OBSERVATION.DATE":"2025-09-20","OBSERVER.ID":"obsr2310751","DURATION.MINUTES":3.0,"SAMPLING.EVENT.IDENTIFIER":"S275095655","species_list":"Green-winged Teal; Green Sandpiper; Pied Avocet","n_species":3,"focal_species_seen":"","focal_species_slugs":"","has_focal":false,"GRID_CODE":"GJ-KU-RAN-218","DISTRICT":"Kachchh","BLOCK":"Rann of Kachchh"},"geometry":{"type":"Point","coordinates":[69.6474776,24.0741859]}},{"type":"Feature","properties":{"GROUP.ID":"G15618955","LOCALITY":"Ratadiya, Gujarat, IN (24.069, 69.65)","LATITUDE":24.0693688,"LONGITUDE":69.6504702,"OBSERVATION.DATE":"2025-09-20","OBSERVER.ID":"obsr2310751","DURATION.MINUTES":null,"SAMPLING.EVENT.IDENTIFIER":"S275095845","species_list":"Variable Wheatear","n_species":1,"focal_species_seen":"","focal_species_slugs":"","has_focal":false,"GRID_CODE":"GJ-KU-RAN-218","DISTRICT":"Kachchh","BLOCK":"Rann of Kachchh"},"geometry":{"type":"Point","coordinates":[69.6504702,24.0693688]}},{"type":"Feature","properties":{"GROUP.ID":"G15618954","LOCALITY":"Unnamed Road, Dhrobana, Gujarat, IN (23.98, 69.746)","LATITUDE":23.9804693,"LONGITUDE":69.7464658,"OBSERVATION.DATE":"2025-09-20","OBSERVER.ID":"obsr2310751","DURATION.MINUTES":null,"SAMPLING.EVENT.IDENTIFIER":"S275095941","species_list":"Black-winged Stilt; Black Drongo; Greater Flamingo; Pied Avocet","n_species":4,"focal_species_seen":"","focal_species_slugs":"","has_focal":false,"GRID_CODE":"GJ-KU-RAN-324","DISTRICT":"Kachchh","BLOCK":"Rann of Kachchh"},"geometry":{"type":"Point","coordinates":[69.7464658,23.9804693]}},{"type":"Feature","properties":{"GROUP.ID":"G15618953","LOCALITY":"Kalo Dungar Road, Dhrobana, Gujarat, IN (23.919, 69.769)","LATITUDE":23.9194471,"LONGITUDE":69.7693382,"OBSERVATION.DATE":"2025-09-21","OBSERVER.ID":"obsr2310751","DURATION.MINUTES":null,"SAMPLING.EVENT.IDENTIFIER":"S275096097","species_list":"Asian Green Bee-eater; Common Babbler; Common Hoopoe; Eurasian Collared-Dove; European Roller; Gray Francolin; Long-tailed Shrike; Purple Sunbird; Red-wattled Lapwing; Wire-tailed Swallow","n_species":10,"focal_species_seen":"European Roller","focal_species_slugs":"european-roller","has_focal":true,"GRID_CODE":"GJ-KU-BHU-002","DISTRICT":"Kachchh","BLOCK":"Bhuj"},"geometry":{"type":"Point","coordinates":[69.7693382,23.9194471]}},{"type":"Feature","properties":{"GROUP.ID":"G15618952","LOCALITY":"Kalo Dungar Road, Dhrobana, Gujarat, IN (23.921, 69.746)","LATITUDE":23.9207083,"LONGITUDE":69.7460953,"OBSERVATION.DATE":"2025-09-21","OBSERVER.ID":"obsr2310751","DURATION.MINUTES":null,"SAMPLING.EVENT.IDENTIFIER":"S275096206","species_list":"Common Babbler; House Sparrow; Pied Bushchat; White-eared Bulbul","n_species":4,"focal_species_seen":"","focal_species_slugs":"","has_focal":false,"GRID_CODE":"GJ-KU-BHU-001","DISTRICT":"Kachchh","BLOCK":"Bhuj"},"geometry":{"type":"Point","coordinates":[69.7460953,23.9207083]}},{"type":"Feature","properties":{"GROUP.ID":"G15618951","LOCALITY":"Dhrobana, Gujarat, IN (23.913, 69.738)","LATITUDE":23.9127806,"LONGITUDE":69.7382559,"OBSERVATION.DATE":"2025-09-21","OBSERVER.ID":"obsr2310751","DURATION.MINUTES":null,"SAMPLING.EVENT.IDENTIFIER":"S275096285","species_list":"Black Drongo; Common Babbler; European Roller; House Crow; White-eared Bulbul; White-throated Kingfisher","n_species":6,"focal_species_seen":"European Roller","focal_species_slugs":"european-roller","has_focal":true,"GRID_CODE":"GJ-KU-BHU-001","DISTRICT":"Kachchh","BLOCK":"Bhuj"},"geometry":{"type":"Point","coordinates":[69.7382559,23.9127806]}},{"type":"Feature","properties":{"GROUP.ID":"G15618950","LOCALITY":"Gujarat State Highway 45, Dhrobana, Gujarat, IN (23.906, 69.73)","LATITUDE":23.9063627,"LONGITUDE":69.7296737,"OBSERVATION.DATE":"2025-09-21","OBSERVER.ID":"obsr2310751","DURATION.MINUTES":null,"SAMPLING.EVENT.IDENTIFIER":"S275096361","species_list":"European Roller","n_species":1,"focal_species_seen":"European Roller","focal_species_slugs":"european-roller","has_focal":true,"GRID_CODE":"GJ-KU-BHU-005","DISTRICT":"Kachchh","BLOCK":"Bhuj"},"geometry":{"type":"Point","coordinates":[69.7296737,23.9063627]}},{"type":"Feature","properties":{"GROUP.ID":"G15618949","LOCALITY":"Gujarat State Highway 45, Dhrobana, Gujarat, IN (23.917, 69.726)","LATITUDE":23.9173509,"LONGITUDE":69.7261174,"OBSERVATION.DATE":"2025-09-21","OBSERVER.ID":"obsr2310751","DURATION.MINUTES":9.0,"SAMPLING.EVENT.IDENTIFIER":"S275096447","species_list":"Common Babbler; House Sparrow; Indian Silverbill; Little Egret; Variable Wheatear; Wire-tailed Swallow; Zitting Cisticola","n_species":7,"focal_species_seen":"","focal_species_slugs":"","has_focal":false,"GRID_CODE":"GJ-KU-BHU-001","DISTRICT":"Kachchh","BLOCK":"Bhuj"},"geometry":{"type":"Point","coordinates":[69.7261174,23.9173509]}},{"type":"Feature","properties":{"GROUP.ID":"G15618948","LOCALITY":"Gujarat State Highway 45, Kachchh, Gujarat, IN (23.97, 69.73)","LATITUDE":23.9699396,"LONGITUDE":69.7300035,"OBSERVATION.DATE":"2025-09-21","OBSERVER.ID":"obsr2310751","DURATION.MINUTES":4.0,"SAMPLING.EVENT.IDENTIFIER":"S275096699","species_list":"Black-winged Stilt; Dusky Crag-Martin; Slender-billed Gull; Whiskered Tern","n_species":4,"focal_species_seen":"","focal_species_slugs":"","has_focal":false,"GRID_CODE":"GJ-KU-RAN-324","DISTRICT":"Kachchh","BLOCK":"Rann of Kachchh"},"geometry":{"type":"Point","coordinates":[69.7300035,23.9699396]}},{"type":"Feature","properties":{"GROUP.ID":"G15618947","LOCALITY":"Gujarat State Highway 45, Kachchh, Gujarat, IN (23.991, 69.704)","LATITUDE":23.9913446,"LONGITUDE":69.7040035,"OBSERVATION.DATE":"2025-09-21","OBSERVER.ID":"obsr2310751","DURATION.MINUTES":null,"SAMPLING.EVENT.IDENTIFIER":"S275096766","species_list":"Western Marsh Harrier","n_species":1,"focal_species_seen":"","focal_species_slugs":"","has_focal":false,"GRID_CODE":"GJ-KU-RAN-323","DISTRICT":"Kachchh","BLOCK":"Rann of Kachchh"},"geometry":{"type":"Point","coordinates":[69.7040035,23.9913446]}},{"type":"Feature","properties":{"GROUP.ID":"G15618946","LOCALITY":"Gujarat State Highway 45, Kachchh, Gujarat, IN (24.015, 69.683)","LATITUDE":24.0150688,"LONGITUDE":69.6834317,"OBSERVATION.DATE":"2025-09-21","OBSERVER.ID":"obsr2310751","DURATION.MINUTES":16.0,"SAMPLING.EVENT.IDENTIFIER":"S275096880","species_list":"Black-tailed Godwit; Dunlin; Greater Flamingo; Green Sandpiper; Little Stint; Marsh Sandpiper; Northern Shoveler; Pied Avocet","n_species":8,"focal_species_seen":"","focal_species_slugs":"","has_focal":false,"GRID_CODE":"GJ-KU-RAN-270","DISTRICT":"Kachchh","BLOCK":"Rann of Kachchh"},"geometry":{"type":"Point","coordinates":[69.6834317,24.0150688]}},{"type":"Feature","properties":{"GROUP.ID":"G15618945","LOCALITY":"Dhrobana, Gujarat, IN (23.936, 69.726)","LATITUDE":23.9358341,"LONGITUDE":69.7255712,"OBSERVATION.DATE":"2025-09-21","OBSERVER.ID":"obsr2310751","DURATION.MINUTES":null,"SAMPLING.EVENT.IDENTIFIER":"S275096983","species_list":"Knob-billed Duck","n_species":1,"focal_species_seen":"","focal_species_slugs":"","has_focal":false,"GRID_CODE":"GJ-KU-BHU-001","DISTRICT":"Kachchh","BLOCK":"Bhuj"},"geometry":{"type":"Point","coordinates":[69.7255712,23.9358341]}},{"type":"Feature","properties":{"GROUP.ID":"G15618944","LOCALITY":"Khavda-Dhordo, Kachchh, Gujarat, IN (23.778, 69.68)","LATITUDE":23.7776649,"LONGITUDE":69.6797409,"OBSERVATION.DATE":"2025-09-21","OBSERVER.ID":"obsr2310751","DURATION.MINUTES":25.0,"SAMPLING.EVENT.IDENTIFIER":"S275097070","species_list":"Black-headed Ibis; Black-tailed Godwit; Black-winged Stilt; Common Redshank; Eurasian Spoonbill; Gray Heron; Greater Sand-Plover; Green-winged Teal; Little Cormorant; Little Ringed Plover; Little Stint; Marsh Sandpiper; Northern Shoveler; Painted Stork; Pied Avocet; Slender-billed Gull; Spotted Redshank; Western Reef-Heron; Whiskered Tern","n_species":19,"focal_species_seen":"","focal_species_slugs":"","has_focal":false,"GRID_CODE":"GJ-KU-RAN-505","DISTRICT":"Kachchh","BLOCK":"Rann of Kachchh"},"geometry":{"type":"Point","coordinates":[69.6797409,23.7776649]}},{"type":"Feature","properties":{"GROUP.ID":"G15618943","LOCALITY":"National Highway 754K, Kachchh, Gujarat, IN (23.785, 69.635)","LATITUDE":23.7851932,"LONGITUDE":69.6354271,"OBSERVATION.DATE":"2025-09-21","OBSERVER.ID":"obsr2310751","DURATION.MINUTES":null,"SAMPLING.EVENT.IDENTIFIER":"S275097166","species_list":"Crested Lark","n_species":1,"focal_species_seen":"","focal_species_slugs":"","has_focal":false,"GRID_CODE":"GJ-KU-RAN-504","DISTRICT":"Kachchh","BLOCK":"Rann of Kachchh"},"geometry":{"type":"Point","coordinates":[69.6354271,23.7851932]}},{"type":"Feature","properties":{"GROUP.ID":"G15618942","LOCALITY":"National Highway 754K, Kachchh, Gujarat, IN (23.788, 69.618)","LATITUDE":23.7881444,"LONGITUDE":69.6178357,"OBSERVATION.DATE":"2025-09-21","OBSERVER.ID":"obsr2310751","DURATION.MINUTES":null,"SAMPLING.EVENT.IDENTIFIER":"S275097270","species_list":"Ruddy Turnstone","n_species":1,"focal_species_seen":"","focal_species_slugs":"","has_focal":false,"GRID_CODE":"GJ-KU-RAN-504","DISTRICT":"Kachchh","BLOCK":"Rann of Kachchh"},"geometry":{"type":"Point","coordinates":[69.6178357,23.7881444]}},{"type":"Feature","properties":{"GROUP.ID":"G15618941","LOCALITY":"White Dessert Road, Dhordo, Gujarat, IN (23.79, 69.509)","LATITUDE":23.7900448,"LONGITUDE":69.5092978,"OBSERVATION.DATE":"2025-09-21","OBSERVER.ID":"obsr2310751","DURATION.MINUTES":null,"SAMPLING.EVENT.IDENTIFIER":"S275097356","species_list":"European Roller","n_species":1,"focal_species_seen":"European Roller","focal_species_slugs":"european-roller","has_focal":true,"GRID_CODE":"GJ-KU-BHU-019","DISTRICT":"Kachchh","BLOCK":"Bhuj"},"geometry":{"type":"Point","coordinates":[69.5092978,23.7900448]}},{"type":"Feature","properties":{"GROUP.ID":"G15618940","LOCALITY":"Unnamed Road, Hodka, Gujarat, IN (23.665, 69.631)","LATITUDE":23.6647883,"LONGITUDE":69.631239,"OBSERVATION.DATE":"2025-09-21","OBSERVER.ID":"obsr2310751","DURATION.MINUTES":null,"SAMPLING.EVENT.IDENTIFIER":"S275097430","species_list":"Red-naped Ibis","n_species":1,"focal_species_seen":"","focal_species_slugs":"","has_focal":false,"GRID_CODE":"GJ-KU-BHU-048","DISTRICT":"Kachchh","BLOCK":"Bhuj"},"geometry":{"type":"Point","coordinates":[69.631239,23.6647883]}},{"type":"Feature","properties":{"GROUP.ID":"G15618939","LOCALITY":"Unnamed Road, Kachchh, Gujarat, IN (23.667, 69.657)","LATITUDE":23.667325,"LONGITUDE":69.657404,"OBSERVATION.DATE":"2025-09-21","OBSERVER.ID":"obsr2310751","DURATION.MINUTES":null,"SAMPLING.EVENT.IDENTIFIER":"S275097526","species_list":"European Roller","n_species":1,"focal_species_seen":"European Roller","focal_species_slugs":"european-roller","has_focal":true,"GRID_CODE":"GJ-KU-BHU-049","DISTRICT":"Kachchh","BLOCK":"Bhuj"},"geometry":{"type":"Point","coordinates":[69.657404,23.667325]}},{"type":"Feature","properties":{"GROUP.ID":"G15618938","LOCALITY":"Unnamed Road, Kachchh, Gujarat, IN (23.668, 69.664)","LATITUDE":23.6680266,"LONGITUDE":69.6635456,"OBSERVATION.DATE":"2025-09-21","OBSERVER.ID":"obsr2310751","DURATION.MINUTES":null,"SAMPLING.EVENT.IDENTIFIER":"S275097602","species_list":"European Roller","n_species":1,"focal_species_seen":"European Roller","focal_species_slugs":"european-roller","has_focal":true,"GRID_CODE":"GJ-KU-BHU-049","DISTRICT":"Kachchh","BLOCK":"Bhuj"},"geometry":{"type":"Point","coordinates":[69.6635456,23.6680266]}},{"type":"Feature","properties":{"GROUP.ID":"G15618937","LOCALITY":"Gujarat State Highway 45, Kachchh, Gujarat, IN (23.622, 69.689)","LATITUDE":23.6216267,"LONGITUDE":69.6893623,"OBSERVATION.DATE":"2025-09-21","OBSERVER.ID":"obsr2310751","DURATION.MINUTES":null,"SAMPLING.EVENT.IDENTIFIER":"S275097681","species_list":"Black-tailed Godwit; Black-winged Stilt; Common Redshank; Red-wattled Lapwing","n_species":4,"focal_species_seen":"","focal_species_slugs":"","has_focal":false,"GRID_CODE":"GJ-KU-BHU-063","DISTRICT":"Kachchh","BLOCK":"Bhuj"},"geometry":{"type":"Point","coordinates":[69.6893623,23.6216267]}},{"type":"Feature","properties":{"GROUP.ID":"G15618936","LOCALITY":"National Highway 341, Bhojardo, Gujarat, IN (23.58, 69.679)","LATITUDE":23.5795844,"LONGITUDE":69.6791747,"OBSERVATION.DATE":"2025-09-21","OBSERVER.ID":"obsr2310751","DURATION.MINUTES":5.0,"SAMPLING.EVENT.IDENTIFIER":"S275097990","species_list":"Black-tailed Godwit; Black-winged Stilt; Collared Pratincole; Common Sandpiper; Dunlin; Garganey; Great Thick-knee; Great White Pelican; Green-winged Teal; Little Stint; Northern Shoveler; Painted Stork; Pied Avocet; Red-wattled Lapwing; Whiskered Tern","n_species":15,"focal_species_seen":"","focal_species_slugs":"","has_focal":false,"GRID_CODE":"GJ-KU-BHU-069","DISTRICT":"Kachchh","BLOCK":"Bhuj"},"geometry":{"type":"Point","coordinates":[69.6791747,23.5795844]}},{"type":"Feature","properties":{"GROUP.ID":"G15618935","LOCALITY":"Gujarat State Highway 45, Kachchh, Gujarat, IN (23.522, 69.665)","LATITUDE":23.5224206,"LONGITUDE":69.665179,"OBSERVATION.DATE":"2025-09-21","OBSERVER.ID":"obsr2310751","DURATION.MINUTES":null,"SAMPLING.EVENT.IDENTIFIER":"S275098047","species_list":"Blue-cheeked Bee-eater; Eastern Cattle-Egret; Medium Egret; Rosy Starling; Whiskered Tern","n_species":5,"focal_species_seen":"Blue-cheeked Bee-eater","focal_species_slugs":"blue-cheeked-bee-eater","has_focal":true,"GRID_CODE":"GJ-KU-LIT-028","DISTRICT":"Kachchh","BLOCK":"Little Rann"},"geometry":{"type":"Point","coordinates":[69.665179,23.5224206]}},{"type":"Feature","properties":{"GROUP.ID":"G15618934","LOCALITY":"Gujarat State Highway 45, Kachchh, Gujarat, IN (23.513, 69.663)","LATITUDE":23.5133077,"LONGITUDE":69.6629311,"OBSERVATION.DATE":"2025-09-21","OBSERVER.ID":"obsr2310751","DURATION.MINUTES":null,"SAMPLING.EVENT.IDENTIFIER":"S275098127","species_list":"Eurasian Coot; Little Egret; Red-wattled Lapwing","n_species":3,"focal_species_seen":"","focal_species_slugs":"","has_focal":false,"GRID_CODE":"GJ-KU-LIT-028","DISTRICT":"Kachchh","BLOCK":"Little Rann"},"geometry":{"type":"Point","coordinates":[69.6629311,23.5133077]}},{"type":"Feature","properties":{"GROUP.ID":"G15618933","LOCALITY":"Gujarat State Highway 45, Kachchh, Gujarat, IN (23.505, 69.662)","LATITUDE":23.504596,"LONGITUDE":69.6616373,"OBSERVATION.DATE":"2025-09-21","OBSERVER.ID":"obsr2310751","DURATION.MINUTES":null,"SAMPLING.EVENT.IDENTIFIER":"S275098188","species_list":"Eurasian Spoonbill; Little Egret; Medium Egret; River Tern; Western Reef-Heron","n_species":5,"focal_species_seen":"","focal_species_slugs":"","has_focal":false,"GRID_CODE":"GJ-KU-LIT-040","DISTRICT":"Kachchh","BLOCK":"Little Rann"},"geometry":{"type":"Point","coordinates":[69.6616373,23.504596]}},{"type":"Feature","properties":{"GROUP.ID":"G15618932","LOCALITY":"Gujarat State Highway 45, Kachchh, Gujarat, IN (23.493, 69.662)","LATITUDE":23.4934573,"LONGITUDE":69.6617356,"OBSERVATION.DATE":"2025-09-21","OBSERVER.ID":"obsr2310751","DURATION.MINUTES":null,"SAMPLING.EVENT.IDENTIFIER":"S275098257","species_list":"Knob-billed Duck","n_species":1,"focal_species_seen":"","focal_species_slugs":"","has_focal":false,"GRID_CODE":"GJ-KU-LIT-040","DISTRICT":"Kachchh","BLOCK":"Little Rann"},"geometry":{"type":"Point","coordinates":[69.6617356,23.4934573]}},{"type":"Feature","properties":{"GROUP.ID":"G15616741","LOCALITY":"T24G4, Juna Katriya, Gujarat, IN (23.289, 70.611)","LATITUDE":23.2893267,"LONGITUDE":70.6105167,"OBSERVATION.DATE":"2025-09-20","OBSERVER.ID":"obsr553916","DURATION.MINUTES":68.0,"SAMPLING.EVENT.IDENTIFIER":"S275173581","species_list":"Asian Green Bee-eater; Baya Weaver; Common Babbler; Common Hoopoe; Common Sandpiper; European Roller; Gray-breasted Prinia; Indian Pond-Heron; Indian Robin; Indian Silverbill; Laughing Dove; Lesser Whitethroat; Little Cormorant; Plain Prinia; Purple Sunbird; Red-vented Bulbul; Red-wattled Lapwing; Red Collared-Dove; Rosy Starling; Siberian Stonechat; Spotted Flycatcher; Western Yellow Wagtail; White-browed Wagtail; White-naped Tit; White-tailed Iora; White-throated Kingfisher","n_species":26,"focal_species_seen":"European Roller; Spotted Flycatcher","focal_species_slugs":"european-roller;spotted-flycatcher","has_focal":true,"GRID_CODE":"GJ-KU-BHA-059","DISTRICT":"Kachchh","BLOCK":"Bhachau"},"geometry":{"type":"Point","coordinates":[70.6105167,23.2893267]}},{"type":"Feature","properties":{"GROUP.ID":"G15616740","LOCALITY":"T24G4, Gujarat State Highway 6, Kachchh, Gujarat, IN (23.295, 70.569)","LATITUDE":23.2950727,"LONGITUDE":70.5691794,"OBSERVATION.DATE":"2025-09-20","OBSERVER.ID":"obsr553916","DURATION.MINUTES":50.0,"SAMPLING.EVENT.IDENTIFIER":"S275173808","species_list":"Asian Openbill; Barn Swallow; Common Babbler; Eastern Cattle-Egret; House Sparrow; Indian Silverbill; Laughing Dove; Little Swift; Red-tailed Shrike; Red-vented Bulbul; Red-wattled Lapwing; Siberian Stonechat; White-eared Bulbul; White-throated Kingfisher; Wire-tailed Swallow","n_species":15,"focal_species_seen":"Red-tailed Shrike","focal_species_slugs":"red-tailed-shrike","has_focal":true,"GRID_CODE":"GJ-KU-BHA-058","DISTRICT":"Kachchh","BLOCK":"Bhachau"},"geometry":{"type":"Point","coordinates":[70.5691794,23.2950727]}},{"type":"Feature","properties":{"GROUP.ID":"G15616739","LOCALITY":"T24G1, Shivlakha, Gujarat, IN (23.35, 70.613)","LATITUDE":23.3495733,"LONGITUDE":70.6130633,"OBSERVATION.DATE":"2025-09-20","OBSERVER.ID":"obsr553916","DURATION.MINUTES":56.0,"SAMPLING.EVENT.IDENTIFIER":"S275173933","species_list":"Black-winged Stilt; Common Babbler; Delicate Prinia; Eurasian Collared-Dove; Great Gray Shrike; Paddyfield Pipit; Red-vented Bulbul; Red Collared-Dove; Rufous-fronted Prinia; Rufous-tailed Scrub-Robin; Variable Wheatear; Zitting Cisticola","n_species":12,"focal_species_seen":"Rufous-tailed Scrub-Robin","focal_species_slugs":"rufous-tailed-scrub-robin","has_focal":true,"GRID_CODE":"GJ-KU-BHA-048","DISTRICT":"Kachchh","BLOCK":"Bhachau"},"geometry":{"type":"Point","coordinates":[70.6130633,23.3495733]}},{"type":"Feature","properties":{"GROUP.ID":"G15616738","LOCALITY":"T24G1, Kachchh, Gujarat, IN (23.352, 70.627)","LATITUDE":23.3515394,"LONGITUDE":70.626842,"OBSERVATION.DATE":"2025-09-20","OBSERVER.ID":"obsr553916","DURATION.MINUTES":48.0,"SAMPLING.EVENT.IDENTIFIER":"S275174080","species_list":"Eurasian Collared-Dove; Isabelline Shrike; Laughing Dove; Montagu's Harrier; Purple Sunbird; Red-tailed Shrike; Red Collared-Dove; Whiskered Tern; White-eared Bulbul","n_species":9,"focal_species_seen":"Red-tailed Shrike","focal_species_slugs":"red-tailed-shrike","has_focal":true,"GRID_CODE":"GJ-KU-BHA-048","DISTRICT":"Kachchh","BLOCK":"Bhachau"},"geometry":{"type":"Point","coordinates":[70.626842,23.3515394]}},{"type":"Feature","properties":{"GROUP.ID":"G15616737","LOCALITY":"T24G1,Juna Katriya, Gujarat, IN (23.33, 70.637)","LATITUDE":23.3301509,"LONGITUDE":70.6372714,"OBSERVATION.DATE":"2025-09-20","OBSERVER.ID":"obsr553916","DURATION.MINUTES":59.0,"SAMPLING.EVENT.IDENTIFIER":"S275174246","species_list":"Ashy-crowned Sparrow-Lark; Asian Green Bee-eater; Bay-backed Shrike; Baya Weaver; Eurasian Collared-Dove; Indian Peafowl; Isabelline Shrike; Isabelline Wheatear; Laughing Dove; Red-backed Shrike; Red Collared-Dove; Rufous-tailed Lark; Sand Lark; Spotted Flycatcher; Variable Wheatear; Western Marsh Harrier; Whiskered Tern","n_species":17,"focal_species_seen":"Red-backed Shrike; Spotted Flycatcher","focal_species_slugs":"red-backed-shrike;spotted-flycatcher","has_focal":true,"GRID_CODE":"GJ-KU-BHA-048","DISTRICT":"Kachchh","BLOCK":"Bhachau"},"geometry":{"type":"Point","coordinates":[70.6372714,23.3301509]}},{"type":"Feature","properties":{"GROUP.ID":"G15616736","LOCALITY":"T24G3,Jangi, Gujarat, IN (23.218, 70.564)","LATITUDE":23.2182908,"LONGITUDE":70.5641959,"OBSERVATION.DATE":"2025-09-20","OBSERVER.ID":"obsr553916","DURATION.MINUTES":46.0,"SAMPLING.EVENT.IDENTIFIER":"S275174435","species_list":"Asian Green Bee-eater; Bay-backed Shrike; Black-winged Stilt; Common Babbler; Common Sandpiper; Eurasian Collared-Dove; Gray-breasted Prinia; Gray Francolin; Greater Whitethroat; House Crow; House Sparrow; Indian Pond-Heron; Indian Silverbill; Red-backed Shrike; Red-vented Bulbul; Red-wattled Lapwing; White-eared Bulbul; Yellow-throated Sparrow","n_species":18,"focal_species_seen":"Greater Whitethroat; Red-backed Shrike","focal_species_slugs":"greater-whitethroat;red-backed-shrike","has_focal":true,"GRID_CODE":"GJ-KU-BHA-069","DISTRICT":"Kachchh","BLOCK":"Bhachau"},"geometry":{"type":"Point","coordinates":[70.5641959,23.2182908]}},{"type":"Feature","properties":{"GROUP.ID":"G15616732","LOCALITY":"T34G5, Kachchh, Gujarat, IN (23.304, 70.713)","LATITUDE":23.3038466,"LONGITUDE":70.7127303,"OBSERVATION.DATE":"2025-09-21","OBSERVER.ID":"obsr553916","DURATION.MINUTES":50.0,"SAMPLING.EVENT.IDENTIFIER":"S275175116","species_list":"Baya Weaver; Black-winged Stilt; Black Drongo; Common Babbler; Common Kingfisher; Eurasian Coot; Eurasian Kestrel; European Roller; Gray Francolin; Greater Sand-Plover; Indian Peafowl; Indian Pond-Heron; Indian Roller; Indian Silverbill; Indian Spot-billed Duck; Isabelline Shrike; Laughing Dove; Little Grebe; Red-backed Shrike; Red-tailed Shrike; Rosy Starling; Siberian Stonechat; Spotted Flycatcher; Streaked Weaver; White-throated Kingfisher; Wood Sandpiper; Zitting Cisticola","n_species":27,"focal_species_seen":"European Roller; Red-backed Shrike; Red-tailed Shrike; Spotted Flycatcher","focal_species_slugs":"european-roller;red-backed-shrike;red-tailed-shrike;spotted-flycatcher","has_focal":true,"GRID_CODE":"GJ-KU-BHA-061","DISTRICT":"Kachchh","BLOCK":"Bhachau"},"geometry":{"type":"Point","coordinates":[70.7127303,23.3038466]}},{"type":"Feature","properties":{"GROUP.ID":"G15616731","LOCALITY":"T24G5,Manaba, Gujarat, IN (23.278, 70.76)","LATITUDE":23.27788,"LONGITUDE":70.7600233,"OBSERVATION.DATE":"2025-09-21","OBSERVER.ID":"obsr553916","DURATION.MINUTES":15.0,"SAMPLING.EVENT.IDENTIFIER":"S275175250","species_list":"Eurasian Coot; Eurasian Spoonbill; Great Cormorant; Great Crested Grebe; Indian Cormorant; Little Cormorant; Little Tern; Oriental Darter; Painted Stork; Siberian Stonechat; Spotted Flycatcher; Whiskered Tern","n_species":12,"focal_species_seen":"Spotted Flycatcher","focal_species_slugs":"spotted-flycatcher","has_focal":true,"GRID_CODE":"GJ-KU-RAP-100","DISTRICT":"Kachchh","BLOCK":"Rapar"},"geometry":{"type":"Point","coordinates":[70.7600233,23.27788]}},{"type":"Feature","properties":{"GROUP.ID":"G15617736","LOCALITY":"T40G3 Passage Migrant Count - 2025","LATITUDE":23.561792,"LONGITUDE":69.2240972,"OBSERVATION.DATE":"2025-09-21","OBSERVER.ID":"obsr1497019","DURATION.MINUTES":61.0,"SAMPLING.EVENT.IDENTIFIER":"S275216447","species_list":"Ashy-crowned Sparrow-Lark; Asian Green Bee-eater; Black Drongo; Blyth's Reed Warbler; Common Babbler; Common Tailorbird; Eastern Red-rumped Swallow; European Roller; Gray-breasted Prinia; Gray Francolin; Great Gray Shrike; Indian Bushlark; Indian Peafowl; Indian Silverbill; Jungle Prinia; Laughing Dove; Little Cormorant; Paddyfield Pipit; Red-vented Bulbul; Red-wattled Lapwing; Rosy Starling; Rufous-fronted Prinia; Rufous-tailed Lark; Rufous-tailed Scrub-Robin; Spotted Flycatcher; Variable Wheatear; White-eared Bulbul; White-tailed Iora; White-throated Kingfisher; Yellow-throated Sparrow","n_species":30,"focal_species_seen":"European Roller; Rufous-tailed Scrub-Robin; Spotted Flycatcher","focal_species_slugs":"european-roller;rufous-tailed-scrub-robin;spotted-flycatcher","has_focal":true,"GRID_CODE":"GJ-KU-NAK-007","DISTRICT":"Kachchh","BLOCK":"Nakhatrana"},"geometry":{"type":"Point","coordinates":[69.2240972,23.561792]}},{"type":"Feature","properties":{"GROUP.ID":"G15625881","LOCALITY":"Tera, Gujarat, IN (23.287, 68.936)","LATITUDE":23.2869538,"LONGITUDE":68.9364515,"OBSERVATION.DATE":"2025-09-20","OBSERVER.ID":"obsr2986726","DURATION.MINUTES":57.0,"SAMPLING.EVENT.IDENTIFIER":"S275332763","species_list":"Black-winged Kite; Black-winged Stilt; Black Drongo; Common Babbler; Common Greenshank; Common Sandpiper; Dunlin; European Roller; Gray-breasted Prinia; Gray Francolin; Great Gray Shrike; Greater Flamingo; Indian Silverbill; Laughing Dove; Marsh Sandpiper; Paddyfield Pipit; Pied Avocet; Purple Sunbird; Red-vented Bulbul; Rosy Starling; Shikra; Variable Wheatear; White-eared Bulbul; Wire-tailed Swallow; Wood Sandpiper","n_species":25,"focal_species_seen":"European Roller","focal_species_slugs":"european-roller","has_focal":true,"GRID_CODE":"GJ-KU-ABD-038","DISTRICT":"Kachchh","BLOCK":"Abdasa"},"geometry":{"type":"Point","coordinates":[68.9364515,23.2869538]}},{"type":"Feature","properties":{"GROUP.ID":"G15669234","LOCALITY":"Charopdi Moti, Gujarat, IN (23.335, 68.69)","LATITUDE":23.3350678,"LONGITUDE":68.690094,"OBSERVATION.DATE":"2025-09-20","OBSERVER.ID":"obsr2986726","DURATION.MINUTES":60.0,"SAMPLING.EVENT.IDENTIFIER":"S275333011","species_list":"Ashy-crowned Sparrow-Lark; Barn Swallow; Black-winged Kite; Black-winged Stilt; Black Drongo; Blue-cheeked Bee-eater; Common Babbler; Common Hoopoe; Common Sandpiper; Crested Lark; Eurasian Spoonbill; European Roller; Glossy Ibis; Gray-breasted Prinia; Gray Francolin; Gray Heron; Great Gray Shrike; Indian Peafowl; Indian Pond-Heron; Indian Silverbill; Isabelline Shrike; Jungle Prinia; Little Cormorant; Little Egret; Little Ringed Plover; Little Stint; Medium Egret; Osprey; Paddyfield Pipit; Pied Avocet; Pied Bushchat; Rain Quail; Red-wattled Lapwing; Red Collared-Dove; Rosy Starling; Siberian Stonechat; Tawny Lark; Western Marsh Harrier; Western Yellow Wagtail; Whiskered Tern; White-eared Bulbul; White-throated Kingfisher; Yellow-throated Sparrow; Zitting Cisticola","n_species":44,"focal_species_seen":"Blue-cheeked Bee-eater; European Roller","focal_species_slugs":"blue-cheeked-bee-eater;european-roller","has_focal":true,"GRID_CODE":"GJ-KU-ABD-021","DISTRICT":"Kachchh","BLOCK":"Abdasa"},"geometry":{"type":"Point","coordinates":[68.690094,23.3350678]}},{"type":"Feature","properties":{"GROUP.ID":"G15625880","LOCALITY":"Naliya-Narayan Sarovar Road, Charopdi Nani, Gujarat, IN (23.368, 68.715)","LATITUDE":23.3684898,"LONGITUDE":68.7149431,"OBSERVATION.DATE":"2025-09-20","OBSERVER.ID":"obsr2986726","DURATION.MINUTES":79.0,"SAMPLING.EVENT.IDENTIFIER":"S275333103","species_list":"Asian Green Bee-eater; Asian Koel; Barn Swallow; Baya Weaver; Black Drongo; Common Babbler; Common Tailorbird; European Roller; Gray Francolin; House Crow; Indian Bushlark; Indian Peafowl; Indian Robin; Indian Silverbill; Pied Bushchat; Red-tailed Shrike; Red Collared-Dove; Rose-ringed Parakeet; Rosy Starling; Rufous-fronted Prinia; Siberian Stonechat; White-eared Bulbul; White-throated Kingfisher; Yellow-throated Sparrow; Zitting Cisticola","n_species":25,"focal_species_seen":"European Roller; Red-tailed Shrike","focal_species_slugs":"european-roller;red-tailed-shrike","has_focal":true,"GRID_CODE":"GJ-KU-ABD-013","DISTRICT":"Kachchh","BLOCK":"Abdasa"},"geometry":{"type":"Point","coordinates":[68.7149431,23.3684898]}},{"type":"Feature","properties":{"GROUP.ID":"G15625879","LOCALITY":"Naliya-Narayan Sarovar Road, Sukhpar, Gujarat, IN (23.358, 68.763)","LATITUDE":23.3582885,"LONGITUDE":68.7627586,"OBSERVATION.DATE":"2025-09-20","OBSERVER.ID":"obsr2986726","DURATION.MINUTES":null,"SAMPLING.EVENT.IDENTIFIER":"S275333137","species_list":"Black-winged Kite; European Roller; Rosy Starling","n_species":3,"focal_species_seen":"European Roller","focal_species_slugs":"european-roller","has_focal":true,"GRID_CODE":"GJ-KU-ABD-023","DISTRICT":"Kachchh","BLOCK":"Abdasa"},"geometry":{"type":"Point","coordinates":[68.7627586,23.3582885]}},{"type":"Feature","properties":{"GROUP.ID":"G15625878","LOCALITY":"Tera, Gujarat, IN (23.287, 68.936)","LATITUDE":23.2869538,"LONGITUDE":68.9364515,"OBSERVATION.DATE":"2025-09-20","OBSERVER.ID":"obsr2986726","DURATION.MINUTES":181.0,"SAMPLING.EVENT.IDENTIFIER":"S275333228","species_list":"Asian Green Bee-eater; Asian Koel; Bay-backed Shrike; Baya Weaver; Black-winged Kite; Black Drongo; Common Babbler; Common Myna; Common Tailorbird; Crested Lark; Dusky Crag-Martin; Eastern Cattle-Egret; Eurasian Collared-Dove; European Roller; Gray-breasted Prinia; Gray Francolin; Greater Coucal; House Sparrow; Indian Peafowl; Indian Pond-Heron; Indian Robin; Indian Spot-billed Duck; Isabelline Shrike; Jungle Prinia; Laughing Dove; Little Egret; Little Swift; Long-billed Pipit; Paddyfield Pipit; Painted Stork; Pied Cuckoo; Plain Prinia; Purple Sunbird; Rain Quail; Red-naped Ibis; Red-vented Bulbul; Red-wattled Lapwing; River Tern; Rose-ringed Parakeet; Rosy Starling; Siberian Stonechat; Western Marsh Harrier; Whiskered Tern; White-throated Kingfisher; Wire-tailed Swallow; Yellow-throated Sparrow; Yellow-wattled Lapwing; Zitting Cisticola","n_species":48,"focal_species_seen":"European Roller","focal_species_slugs":"european-roller","has_focal":true,"GRID_CODE":"GJ-KU-ABD-038","DISTRICT":"Kachchh","BLOCK":"Abdasa"},"geometry":{"type":"Point","coordinates":[68.9364515,23.2869538]}},{"type":"Feature","properties":{"GROUP.ID":"G15625877","LOCALITY":"Netra-Kuwapaddhar-Tera Road, Kachchh, Gujarat, IN (23.283, 68.928)","LATITUDE":23.283118,"LONGITUDE":68.9277616,"OBSERVATION.DATE":"2025-09-20","OBSERVER.ID":"obsr2986726","DURATION.MINUTES":6.0,"SAMPLING.EVENT.IDENTIFIER":"S275333265","species_list":"Bay-backed Shrike; European Roller; Gray Francolin; Indian Peafowl","n_species":4,"focal_species_seen":"European Roller","focal_species_slugs":"european-roller","has_focal":true,"GRID_CODE":"GJ-KU-ABD-038","DISTRICT":"Kachchh","BLOCK":"Abdasa"},"geometry":{"type":"Point","coordinates":[68.9277616,23.283118]}},{"type":"Feature","properties":{"GROUP.ID":"G15625876","LOCALITY":"Naliya-Narayan Sarovar Road, Kachchh, Gujarat, IN (23.339, 68.791)","LATITUDE":23.3393437,"LONGITUDE":68.7908892,"OBSERVATION.DATE":"2025-09-20","OBSERVER.ID":"obsr2986726","DURATION.MINUTES":19.0,"SAMPLING.EVENT.IDENTIFIER":"S275333343","species_list":"Asian Koel; European Roller; Gray Francolin; Indian Peafowl; Pied Cuckoo","n_species":5,"focal_species_seen":"European Roller","focal_species_slugs":"european-roller","has_focal":true,"GRID_CODE":"GJ-KU-ABD-023","DISTRICT":"Kachchh","BLOCK":"Abdasa"},"geometry":{"type":"Point","coordinates":[68.7908892,23.3393437]}},{"type":"Feature","properties":{"GROUP.ID":"G15625875","LOCALITY":"Khari Nadi, Bhuj (OBI)","LATITUDE":23.253315,"LONGITUDE":69.628264,"OBSERVATION.DATE":"2025-09-21","OBSERVER.ID":"obsr2986726","DURATION.MINUTES":105.0,"SAMPLING.EVENT.IDENTIFIER":"S275389656","species_list":"Asian Green Bee-eater; Asian Koel; Baya Weaver; Black-winged Stilt; Black Drongo; Common Babbler; Common Hoopoe; Common Tailorbird; Eastern Cattle-Egret; Gray-headed Swamphen; Greater Coucal; Indian Pond-Heron; Indian Robin; Indian Silverbill; Laughing Dove; Little Cormorant; Purple Sunbird; Red-vented Bulbul; Red-wattled Lapwing; River Tern; Rosy Starling; Spotted Flycatcher; White-breasted Waterhen; White-browed Wagtail; White-eared Bulbul; White-throated Kingfisher; Wire-tailed Swallow","n_species":27,"focal_species_seen":"Spotted Flycatcher","focal_species_slugs":"spotted-flycatcher","has_focal":true,"GRID_CODE":"GJ-KU-BHU-134","DISTRICT":"Kachchh","BLOCK":"Bhuj"},"geometry":{"type":"Point","coordinates":[69.628264,23.253315]}},{"type":"Feature","properties":{"GROUP.ID":"G15625874","LOCALITY":"Khari Nadi, Bhuj (OBI)","LATITUDE":23.253315,"LONGITUDE":69.628264,"OBSERVATION.DATE":"2025-09-21","OBSERVER.ID":"obsr2986726","DURATION.MINUTES":34.0,"SAMPLING.EVENT.IDENTIFIER":"S275389924","species_list":"Black Drongo; Common Babbler; Common Hoopoe; Common Myna; Gray Heron; House Sparrow; Indian Silverbill; Plain Prinia; Purple Sunbird; Rosy Starling; Spotted Flycatcher; White-browed Wagtail; White-eared Bulbul; White-throated Kingfisher","n_species":14,"focal_species_seen":"Spotted Flycatcher","focal_species_slugs":"spotted-flycatcher","has_focal":true,"GRID_CODE":"GJ-KU-BHU-134","DISTRICT":"Kachchh","BLOCK":"Bhuj"},"geometry":{"type":"Point","coordinates":[69.628264,23.253315]}},{"type":"Feature","properties":{"GROUP.ID":"G15625873","LOCALITY":"Fot Mahadev Scrub Forest","LATITUDE":23.2443165,"LONGITUDE":69.2014706,"OBSERVATION.DATE":"2025-09-21","OBSERVER.ID":"obsr2986726","DURATION.MINUTES":221.0,"SAMPLING.EVENT.IDENTIFIER":"S275390460","species_list":"Black-winged Kite; Black Drongo; Common Hoopoe; European Roller; House Crow; Indian Peafowl; Indian Pond-Heron; White-throated Kingfisher","n_species":8,"focal_species_seen":"European Roller","focal_species_slugs":"european-roller","has_focal":true,"GRID_CODE":"GJ-KU-ABD-055","DISTRICT":"Kachchh","BLOCK":"Abdasa"},"geometry":{"type":"Point","coordinates":[69.2014706,23.2443165]}},{"type":"Feature","properties":{"GROUP.ID":"G15625872","LOCALITY":"Tera, Gujarat, IN (23.287, 68.936)","LATITUDE":23.2869538,"LONGITUDE":68.9364515,"OBSERVATION.DATE":"2025-09-21","OBSERVER.ID":"obsr2986726","DURATION.MINUTES":86.0,"SAMPLING.EVENT.IDENTIFIER":"S275390905","species_list":"Ashy-crowned Sparrow-Lark; Asian Green Bee-eater; Asian Koel; Black Drongo; Common Babbler; Common Tailorbird; Eurasian Kestrel; European Roller; Gray Francolin; Great Gray Shrike; Greater Coucal; House Crow; Indian Peafowl; Indian Pond-Heron; Indian Robin; Laughing Dove; Little Egret; Pied Cuckoo; Red-naped Ibis; Red-tailed Shrike; Red-wattled Lapwing; River Tern; Rose-ringed Parakeet; Rosy Starling; Siberian Stonechat; White-eared Bulbul; White-throated Kingfisher; Zitting Cisticola","n_species":28,"focal_species_seen":"European Roller; Red-tailed Shrike","focal_species_slugs":"european-roller;red-tailed-shrike","has_focal":true,"GRID_CODE":"GJ-KU-ABD-038","DISTRICT":"Kachchh","BLOCK":"Abdasa"},"geometry":{"type":"Point","coordinates":[68.9364515,23.2869538]}},{"type":"Feature","properties":{"GROUP.ID":"G15625871","LOCALITY":"Netra-Kuwapaddhar-Tera Road, Kachchh, Gujarat, IN (23.283, 68.928)","LATITUDE":23.283118,"LONGITUDE":68.9277616,"OBSERVATION.DATE":"2025-09-21","OBSERVER.ID":"obsr2986726","DURATION.MINUTES":26.0,"SAMPLING.EVENT.IDENTIFIER":"S275391168","species_list":"Asian Green Bee-eater; Asian Koel; European Roller; House Crow; Indian Peafowl; Indian Robin; Isabelline Shrike; Red Collared-Dove; Western Marsh Harrier; White-eared Bulbul; White-throated Kingfisher; Zitting Cisticola","n_species":12,"focal_species_seen":"European Roller","focal_species_slugs":"european-roller","has_focal":true,"GRID_CODE":"GJ-KU-ABD-038","DISTRICT":"Kachchh","BLOCK":"Abdasa"},"geometry":{"type":"Point","coordinates":[68.9277616,23.283118]}},{"type":"Feature","properties":{"GROUP.ID":"G15669233","LOCALITY":"T48G2","LATITUDE":23.315204,"LONGITUDE":68.865876,"OBSERVATION.DATE":"2025-09-21","OBSERVER.ID":"obsr2986726","DURATION.MINUTES":67.0,"SAMPLING.EVENT.IDENTIFIER":"S275391922","species_list":"Asian Green Bee-eater; Asian Koel; Black-winged Kite; Black Drongo; Common Babbler; Common Kingfisher; European Roller; Gray Francolin; House Crow; Indian Peafowl; Indian Pond-Heron; Indian Spot-billed Duck; Little Cormorant; Little Egret; Little Grebe; Medium Egret; Pheasant-tailed Jacana; Pied Cuckoo; Red-backed Shrike; Red-vented Bulbul; Red-wattled Lapwing; River Tern; Rosy Starling; Western Marsh Harrier; White-eared Bulbul; Wire-tailed Swallow","n_species":26,"focal_species_seen":"European Roller; Red-backed Shrike","focal_species_slugs":"european-roller;red-backed-shrike","has_focal":true,"GRID_CODE":"GJ-KU-ABD-025","DISTRICT":"Kachchh","BLOCK":"Abdasa"},"geometry":{"type":"Point","coordinates":[68.865876,23.315204]}},{"type":"Feature","properties":{"GROUP.ID":"G15625870","LOCALITY":"Watch Tower 1","LATITUDE":23.204843,"LONGITUDE":68.8556086,"OBSERVATION.DATE":"2025-09-21","OBSERVER.ID":"obsr2986726","DURATION.MINUTES":29.0,"SAMPLING.EVENT.IDENTIFIER":"S275392201","species_list":"Asian Green Bee-eater; Asian Koel; Black Francolin; Eurasian Kestrel; European Roller; Gray Francolin; Indian Peafowl; Laughing Dove; Lesser Florican; Pied Cuckoo; Rain Quail; Red Collared-Dove; Shikra; Western Marsh Harrier","n_species":14,"focal_species_seen":"European Roller","focal_species_slugs":"european-roller","has_focal":true,"GRID_CODE":"GJ-KU-ABD-060","DISTRICT":"Kachchh","BLOCK":"Abdasa"},"geometry":{"type":"Point","coordinates":[68.8556086,23.204843]}},{"type":"Feature","properties":{"GROUP.ID":"G15625869","LOCALITY":"Watch Tower 1","LATITUDE":23.204843,"LONGITUDE":68.8556086,"OBSERVATION.DATE":"2025-09-21","OBSERVER.ID":"obsr2986726","DURATION.MINUTES":65.0,"SAMPLING.EVENT.IDENTIFIER":"S275392579","species_list":"Asian Green Bee-eater; Black Drongo; Black Francolin; Common Babbler; Eurasian Kestrel; European Roller; Gray-breasted Prinia; Gray Francolin; Isabelline Shrike; Laughing Dove; Lesser Florican; Montagu's Harrier; Pied Bushchat; Plain Prinia; Rain Quail; Red-tailed Shrike; Rufous-fronted Prinia; Siberian Stonechat; Variable Wheatear; Western Marsh Harrier; Zitting Cisticola","n_species":21,"focal_species_seen":"European Roller; Red-tailed Shrike","focal_species_slugs":"european-roller;red-tailed-shrike","has_focal":true,"GRID_CODE":"GJ-KU-ABD-060","DISTRICT":"Kachchh","BLOCK":"Abdasa"},"geometry":{"type":"Point","coordinates":[68.8556086,23.204843]}},{"type":"Feature","properties":{"GROUP.ID":"G15625868","LOCALITY":"Naliya Grasslands","LATITUDE":23.2040375,"LONGITUDE":68.8097334,"OBSERVATION.DATE":"2025-09-21","OBSERVER.ID":"obsr2986726","DURATION.MINUTES":85.0,"SAMPLING.EVENT.IDENTIFIER":"S275393015","species_list":"Asian Green Bee-eater; Barn Swallow; Barred Buttonquail; Bay-backed Shrike; Black Drongo; Black Francolin; Blue-cheeked Bee-eater; Crested Lark; Eurasian Wryneck; European Roller; Gray Francolin; Great Gray Shrike; Indian Silverbill; Montagu's Harrier; Pied Bushchat; Plain Prinia; Rain Quail; Red Collared-Dove; River Tern; Rufous-fronted Prinia; Siberian Stonechat; Tawny Pipit; Variable Wheatear; Western Marsh Harrier; White-eared Bulbul; White-tailed Iora; Zitting Cisticola","n_species":27,"focal_species_seen":"Blue-cheeked Bee-eater; European Roller","focal_species_slugs":"blue-cheeked-bee-eater;european-roller","has_focal":true,"GRID_CODE":"GJ-KU-ABD-060","DISTRICT":"Kachchh","BLOCK":"Abdasa"},"geometry":{"type":"Point","coordinates":[68.8097334,23.2040375]}},{"type":"Feature","properties":{"GROUP.ID":"G15625867","LOCALITY":"Netra-Kuwapaddhar-Tera Road, Kachchh, Gujarat, IN (23.283, 68.928)","LATITUDE":23.283118,"LONGITUDE":68.9277616,"OBSERVATION.DATE":"2025-09-21","OBSERVER.ID":"obsr2986726","DURATION.MINUTES":14.0,"SAMPLING.EVENT.IDENTIFIER":"S275393286","species_list":"Ashy-crowned Sparrow-Lark; Black Drongo; Common Babbler; European Roller; Indian Peafowl; Long-tailed Shrike; Rose-ringed Parakeet; Rosy Starling; Western Marsh Harrier; White-throated Kingfisher","n_species":10,"focal_species_seen":"European Roller","focal_species_slugs":"european-roller","has_focal":true,"GRID_CODE":"GJ-KU-ABD-038","DISTRICT":"Kachchh","BLOCK":"Abdasa"},"geometry":{"type":"Point","coordinates":[68.9277616,23.283118]}},{"type":"Feature","properties":{"GROUP.ID":"G15625866","LOCALITY":"Naliya-Narayan Sarovar Road, Kachchh, Gujarat, IN (23.339, 68.791)","LATITUDE":23.3393437,"LONGITUDE":68.7908892,"OBSERVATION.DATE":"2025-09-20","OBSERVER.ID":"obsr2986726","DURATION.MINUTES":41.0,"SAMPLING.EVENT.IDENTIFIER":"S275393557","species_list":"Asian Green Bee-eater; Black Drongo; European Roller; House Crow; Red-tailed Shrike; Western Marsh Harrier; White-throated Kingfisher","n_species":7,"focal_species_seen":"European Roller; Red-tailed Shrike","focal_species_slugs":"european-roller;red-tailed-shrike","has_focal":true,"GRID_CODE":"GJ-KU-ABD-023","DISTRICT":"Kachchh","BLOCK":"Abdasa"},"geometry":{"type":"Point","coordinates":[68.7908892,23.3393437]}},{"type":"Feature","properties":{"GROUP.ID":"G15669232","LOCALITY":"T48G1","LATITUDE":23.339384,"LONGITUDE":68.790861,"OBSERVATION.DATE":"2025-09-20","OBSERVER.ID":"obsr2986726","DURATION.MINUTES":4.0,"SAMPLING.EVENT.IDENTIFIER":"S275393698","species_list":"European Roller","n_species":1,"focal_species_seen":"European Roller","focal_species_slugs":"european-roller","has_focal":true,"GRID_CODE":"GJ-KU-ABD-023","DISTRICT":"Kachchh","BLOCK":"Abdasa"},"geometry":{"type":"Point","coordinates":[68.790861,23.339384]}},{"type":"Feature","properties":{"GROUP.ID":"G15625865","LOCALITY":"Naliya-Narayan Sarovar Road, Kachchh, Gujarat, IN (23.339, 68.791)","LATITUDE":23.3393437,"LONGITUDE":68.7908892,"OBSERVATION.DATE":"2025-09-20","OBSERVER.ID":"obsr2986726","DURATION.MINUTES":94.0,"SAMPLING.EVENT.IDENTIFIER":"S275394318","species_list":"Ashy-crowned Sparrow-Lark; Asian Green Bee-eater; Asian Koel; Barn Swallow; Bay-backed Shrike; Baya Weaver; Black-winged Kite; Black-winged Stilt; Black Drongo; Common Babbler; Common Cuckoo; Crested Lark; Eastern Cattle-Egret; Eurasian Spoonbill; European Roller; Gray Francolin; Greater Coucal; House Sparrow; Indian Peafowl; Indian Pond-Heron; Indian Silverbill; Indian Thick-knee; Laughing Dove; Little Cormorant; Little Grebe; Medium Egret; Plain Prinia; Red-wattled Lapwing; Red Collared-Dove; River Tern; Rose-ringed Parakeet; Rosy Starling; Rufous-fronted Prinia; Siberian Stonechat; Tawny Pipit; White-eared Bulbul; White-throated Kingfisher; Zitting Cisticola","n_species":38,"focal_species_seen":"Common Cuckoo; European Roller","focal_species_slugs":"common-cuckoo;european-roller","has_focal":true,"GRID_CODE":"GJ-KU-ABD-023","DISTRICT":"Kachchh","BLOCK":"Abdasa"},"geometry":{"type":"Point","coordinates":[68.7908892,23.3393437]}},{"type":"Feature","properties":{"GROUP.ID":"G15669231","LOCALITY":"Naliya-Narayan Sarovar Road, Kachchh, Gujarat, IN (23.339, 68.791)","LATITUDE":23.3393437,"LONGITUDE":68.7908892,"OBSERVATION.DATE":"2025-09-20","OBSERVER.ID":"obsr2986726","DURATION.MINUTES":75.0,"SAMPLING.EVENT.IDENTIFIER":"S275394651","species_list":"Ashy-crowned Sparrow-Lark; Asian Green Bee-eater; Black Drongo; Common Cuckoo; Crested Lark; European Roller; Gray-breasted Prinia; Gray Francolin; Indian Peafowl; Indian Thick-knee; Siberian Stonechat; Zitting Cisticola","n_species":12,"focal_species_seen":"Common Cuckoo; European Roller","focal_species_slugs":"common-cuckoo;european-roller","has_focal":true,"GRID_CODE":"GJ-KU-ABD-023","DISTRICT":"Kachchh","BLOCK":"Abdasa"},"geometry":{"type":"Point","coordinates":[68.7908892,23.3393437]}},{"type":"Feature","properties":{"GROUP.ID":"G15625860","LOCALITY":"T5 G3, Patri","LATITUDE":22.9850379,"LONGITUDE":69.7283948,"OBSERVATION.DATE":"2025-09-20","OBSERVER.ID":"obsr987794","DURATION.MINUTES":150.0,"SAMPLING.EVENT.IDENTIFIER":"S275492088","species_list":"Ashy-crowned Sparrow-Lark; Asian Green Bee-eater; Barred Buttonquail; Bay-backed Shrike; Baya Weaver; Black-winged Kite; Black Drongo; Common Babbler; Common Hoopoe; Common Sandpiper; Eastern Cattle-Egret; Eurasian Collared-Dove; European Roller; Gray Francolin; Greater Coucal; Indian Robin; Indian Silverbill; Indian Spot-billed Duck; Laughing Dove; Long-tailed Shrike; Pied Cuckoo; Plain Prinia; Rain Quail; Red-vented Bulbul; Red-wattled Lapwing; Red Collared-Dove; River Tern; Rosy Starling; Siberian Stonechat; Spotted Flycatcher; White-eared Bulbul; White-throated Kingfisher","n_species":32,"focal_species_seen":"European Roller; Spotted Flycatcher","focal_species_slugs":"european-roller;spotted-flycatcher","has_focal":true,"GRID_CODE":"GJ-KU-MUN-007","DISTRICT":"Kachchh","BLOCK":"Mundra"},"geometry":{"type":"Point","coordinates":[69.7283948,22.9850379]}},{"type":"Feature","properties":{"GROUP.ID":"G15625906","LOCALITY":"T5 G4 Bandhara","LATITUDE":23.0298364,"LONGITUDE":69.7396825,"OBSERVATION.DATE":"2025-09-20","OBSERVER.ID":"obsr987794","DURATION.MINUTES":90.0,"SAMPLING.EVENT.IDENTIFIER":"S275492412","species_list":"Ashy-crowned Sparrow-Lark; Asian Green Bee-eater; Bay-backed Shrike; Common Babbler; European Roller; Indian Bushlark; Indian Golden Oriole; Long-billed Pipit; Long-tailed Shrike; Paddyfield Pipit; Plain Prinia; Rain Quail; Red-vented Bulbul; Red-wattled Lapwing; Rufous-fronted Prinia; Spotted Flycatcher; Tree Pipit; White-eared Bulbul","n_species":18,"focal_species_seen":"European Roller; Spotted Flycatcher","focal_species_slugs":"european-roller;spotted-flycatcher","has_focal":true,"GRID_CODE":"GJ-KU-BHU-170","DISTRICT":"Kachchh","BLOCK":"Bhuj"},"geometry":{"type":"Point","coordinates":[69.7396825,23.0298364]}},{"type":"Feature","properties":{"GROUP.ID":"G15633892","LOCALITY":"T-23 grid 2","LATITUDE":23.505558,"LONGITUDE":70.506943,"OBSERVATION.DATE":"2025-09-20","OBSERVER.ID":"obsr2536371","DURATION.MINUTES":39.0,"SAMPLING.EVENT.IDENTIFIER":"S275817477","species_list":"Asian Koel; Bank Myna; Baya Weaver; Brahminy Starling; Brown Rock Chat; Common Myna; Eurasian Collared-Dove; Great Gray Shrike; Greater Coucal; Greater Whitethroat; House Sparrow; Indian Robin; Indian Roller; Indian Silverbill; Isabelline Shrike; Laughing Dove; Lesser Whitethroat; Purple Sunbird; Red-vented Bulbul; Red-wattled Lapwing; Red Collared-Dove; Siberian Stonechat; White-eared Bulbul; Zitting Cisticola","n_species":24,"focal_species_seen":"Greater Whitethroat","focal_species_slugs":"greater-whitethroat","has_focal":true,"GRID_CODE":"GJ-KU-BHA-022","DISTRICT":"Kachchh","BLOCK":"Bhachau"},"geometry":{"type":"Point","coordinates":[70.506943,23.505558]}},{"type":"Feature","properties":{"GROUP.ID":"G15639014","LOCALITY":"T -23 grid 1","LATITUDE":23.364062,"LONGITUDE":70.544282,"OBSERVATION.DATE":"2025-09-21","OBSERVER.ID":"obsr2536371","DURATION.MINUTES":33.0,"SAMPLING.EVENT.IDENTIFIER":"S275819213","species_list":"Ashy-crowned Sparrow-Lark; Asian Green Bee-eater; Asian Koel; Bank Myna; Bay-backed Shrike; Black-winged Kite; Brahminy Starling; Common Kingfisher; Common Myna; House Sparrow; Indian Bushlark; Indian Pond-Heron; Indian Robin; Indian Silverbill; Isabelline Shrike; Montagu's Harrier; Plain Prinia; Red-vented Bulbul; Red-wattled Lapwing; Rosy Starling; Shikra; Spotted Flycatcher; White-eared Bulbul; White-tailed Iora; White-throated Kingfisher","n_species":25,"focal_species_seen":"Spotted Flycatcher","focal_species_slugs":"spotted-flycatcher","has_focal":true,"GRID_CODE":"GJ-KU-BHA-037","DISTRICT":"Kachchh","BLOCK":"Bhachau"},"geometry":{"type":"Point","coordinates":[70.544282,23.364062]}},{"type":"Feature","properties":{"GROUP.ID":"G15655083","LOCALITY":"T-23 grid 4","LATITUDE":23.410706,"LONGITUDE":70.590082,"OBSERVATION.DATE":"2025-09-21","OBSERVER.ID":"obsr2536371","DURATION.MINUTES":20.0,"SAMPLING.EVENT.IDENTIFIER":"S276219054","species_list":"Asian Koel; Bank Myna; Barn Swallow; Bay-backed Shrike; Black-tailed Godwit; Black-winged Stilt; Common Myna; Common Tailorbird; Common Woodshrike; Eurasian Collared-Dove; Eurasian Coot; European Roller; Glossy Ibis; Gray-breasted Prinia; Gray Francolin; Gray Heron; Great Egret; Greater Coucal; Greater Short-toed Lark; Indian Golden Oriole; Indian Peafowl; Isabelline Shrike; Jungle Prinia; Knob-billed Duck; Laughing Dove; Lesser Whitethroat; Little Grebe; Medium Egret; Purple Heron; Red Collared-Dove; Rufous-fronted Prinia","n_species":31,"focal_species_seen":"European Roller","focal_species_slugs":"european-roller","has_focal":true,"GRID_CODE":"GJ-KU-BHA-029","DISTRICT":"Kachchh","BLOCK":"Bhachau"},"geometry":{"type":"Point","coordinates":[70.590082,23.410706]}},{"type":"Feature","properties":{"GROUP.ID":"G16543888","LOCALITY":"T13_G6A","LATITUDE":23.179996,"LONGITUDE":71.432237,"OBSERVATION.DATE":"2026-01-24","OBSERVER.ID":"obsr1055226","DURATION.MINUTES":17.0,"SAMPLING.EVENT.IDENTIFIER":"S295929857","species_list":"Desert Wheatear; Greater Short-toed Lark","n_species":2,"focal_species_seen":"","focal_species_slugs":"","has_focal":false,"GRID_CODE":"GJ-KU-LIT-145","DISTRICT":"Kachchh","BLOCK":"Little Rann"},"geometry":{"type":"Point","coordinates":[71.432237,23.179996]}},{"type":"Feature","properties":{"GROUP.ID":"G16544538","LOCALITY":"T4_G14B","LATITUDE":23.2115964,"LONGITUDE":71.37485,"OBSERVATION.DATE":"2026-01-24","OBSERVER.ID":"obsr1522787","DURATION.MINUTES":15.0,"SAMPLING.EVENT.IDENTIFIER":"S295929918","species_list":"Greater Short-toed Lark; Pallid Harrier","n_species":2,"focal_species_seen":"","focal_species_slugs":"","has_focal":false,"GRID_CODE":"GJ-KU-LIT-123","DISTRICT":"Kachchh","BLOCK":"Little Rann"},"geometry":{"type":"Point","coordinates":[71.37485,23.2115964]}},{"type":"Feature","properties":{"GROUP.ID":"G16521929","LOCALITY":"T12_G8 A","LATITUDE":23.1245696,"LONGITUDE":71.7218884,"OBSERVATION.DATE":"2026-01-24","OBSERVER.ID":"obsr1997065","DURATION.MINUTES":15.0,"SAMPLING.EVENT.IDENTIFIER":"S295935293","species_list":"Greater Spotted Eagle; Western Marsh Harrier","n_species":2,"focal_species_seen":"","focal_species_slugs":"","has_focal":false,"GRID_CODE":"GJ-SN-DAS-005","DISTRICT":"Surendranagar","BLOCK":"Dasada"},"geometry":{"type":"Point","coordinates":[71.7218884,23.1245696]}},{"type":"Feature","properties":{"GROUP.ID":"G16522027","LOCALITY":"T12_G8 B","LATITUDE":23.1368278,"LONGITUDE":71.7042636,"OBSERVATION.DATE":"2026-01-24","OBSERVER.ID":"obsr1997065","DURATION.MINUTES":15.0,"SAMPLING.EVENT.IDENTIFIER":"S295939368","species_list":"Western Marsh Harrier","n_species":1,"focal_species_seen":"","focal_species_slugs":"","has_focal":false,"GRID_CODE":"GJ-SN-DAS-004","DISTRICT":"Surendranagar","BLOCK":"Dasada"},"geometry":{"type":"Point","coordinates":[71.7042636,23.1368278]}},{"type":"Feature","properties":{"GROUP.ID":"G16543886","LOCALITY":"T13_G6C","LATITUDE":23.1815763,"LONGITUDE":71.5199721,"OBSERVATION.DATE":"2026-01-24","OBSERVER.ID":"obsr1055226","DURATION.MINUTES":16.0,"SAMPLING.EVENT.IDENTIFIER":"S295943326","species_list":"Desert Wheatear; Eurasian Sparrowhawk; Northern Shoveler","n_species":3,"focal_species_seen":"","focal_species_slugs":"","has_focal":false,"GRID_CODE":"GJ-KU-LIT-147","DISTRICT":"Kachchh","BLOCK":"Little Rann"},"geometry":{"type":"Point","coordinates":[71.5199721,23.1815763]}},{"type":"Feature","properties":{"GROUP.ID":"G16543885","LOCALITY":"T13_G6D","LATITUDE":23.1595936,"LONGITUDE":71.5240271,"OBSERVATION.DATE":"2026-01-24","OBSERVER.ID":"obsr1055226","DURATION.MINUTES":15.0,"SAMPLING.EVENT.IDENTIFIER":"S295948845","species_list":"Black Drongo","n_species":1,"focal_species_seen":"","focal_species_slugs":"","has_focal":false,"GRID_CODE":null,"DISTRICT":null,"BLOCK":null},"geometry":{"type":"Point","coordinates":[71.5240271,23.1595936]}},{"type":"Feature","properties":{"GROUP.ID":"G16522415","LOCALITY":"T17_G43C","LATITUDE":23.6440291,"LONGITUDE":71.2173895,"OBSERVATION.DATE":"2026-01-24","OBSERVER.ID":"obsr982858","DURATION.MINUTES":14.0,"SAMPLING.EVENT.IDENTIFIER":"S295958855","species_list":"Desert Wheatear; Eurasian Kestrel; Montagu's Harrier; Pallid Harrier","n_species":4,"focal_species_seen":"","focal_species_slugs":"","has_focal":false,"GRID_CODE":"GJ-KU-LIT-004","DISTRICT":"Kachchh","BLOCK":"Little Rann"},"geometry":{"type":"Point","coordinates":[71.2173895,23.6440291]}},{"type":"Feature","properties":{"GROUP.ID":"G16522417","LOCALITY":"T17_G43B","LATITUDE":23.5903445,"LONGITUDE":71.2082448,"OBSERVATION.DATE":"2026-01-24","OBSERVER.ID":"obsr982858","DURATION.MINUTES":15.0,"SAMPLING.EVENT.IDENTIFIER":"S295958897","species_list":"Pallid Harrier","n_species":1,"focal_species_seen":"","focal_species_slugs":"","has_focal":false,"GRID_CODE":"GJ-KU-LIT-018","DISTRICT":"Kachchh","BLOCK":"Little Rann"},"geometry":{"type":"Point","coordinates":[71.2082448,23.5903445]}},{"type":"Feature","properties":{"GROUP.ID":"G16522422","LOCALITY":"T17_G43D","LATITUDE":23.6407231,"LONGITUDE":71.1962815,"OBSERVATION.DATE":"2026-01-24","OBSERVER.ID":"obsr982858","DURATION.MINUTES":17.0,"SAMPLING.EVENT.IDENTIFIER":"S295959171","species_list":"Eurasian Kestrel; Montagu's Harrier; Pallid Harrier; Western Marsh Harrier","n_species":4,"focal_species_seen":"","focal_species_slugs":"","has_focal":false,"GRID_CODE":"GJ-KU-LIT-003","DISTRICT":"Kachchh","BLOCK":"Little Rann"},"geometry":{"type":"Point","coordinates":[71.1962815,23.6407231]}},{"type":"Feature","properties":{"GROUP.ID":"G16522498","LOCALITY":"T17_G43_Roosting","LATITUDE":23.6315725,"LONGITUDE":71.2378591,"OBSERVATION.DATE":"2026-01-24","OBSERVER.ID":"obsr982858","DURATION.MINUTES":45.0,"SAMPLING.EVENT.IDENTIFIER":"S295960797","species_list":"Ashy-crowned Sparrow-Lark; Asian Koel; Barn Swallow; Black-headed Ibis; Black-winged Kite; Black Drongo; Brahminy Starling; Common Sandpiper; Eurasian Collared-Dove; Eurasian Kestrel; Glossy Ibis; Gray Francolin; Greater Coucal; Greater Short-toed Lark; Green Sandpiper; House Crow; House Sparrow; Indian Robin; Indian Roller; Laughing Dove; Long-tailed Shrike; Montagu's Harrier; Paddyfield Pipit; Pallid Harrier; Purple Sunbird; Red-wattled Lapwing; River Tern; Rosy Starling; Rufous-tailed Lark; Shikra; Western Marsh Harrier; White-eyed Buzzard","n_species":32,"focal_species_seen":"","focal_species_slugs":"","has_focal":false,"GRID_CODE":"GJ-KU-LIT-004","DISTRICT":"Kachchh","BLOCK":"Little Rann"},"geometry":{"type":"Point","coordinates":[71.2378591,23.6315725]}},{"type":"Feature","properties":{"GROUP.ID":"G16544424","LOCALITY":"T16_G18D","LATITUDE":23.3704209,"LONGITUDE":70.9042023,"OBSERVATION.DATE":"2026-01-24","OBSERVER.ID":"obsr1586891","DURATION.MINUTES":35.0,"SAMPLING.EVENT.IDENTIFIER":"S295969871","species_list":"Pallid Harrier","n_species":1,"focal_species_seen":"","focal_species_slugs":"","has_focal":false,"GRID_CODE":"GJ-KU-RAP-096","DISTRICT":"Kachchh","BLOCK":"Rapar"},"geometry":{"type":"Point","coordinates":[70.9042023,23.3704209]}},{"type":"Feature","properties":{"GROUP.ID":"G16523226","LOCALITY":"T10_G20 A","LATITUDE":23.34738,"LONGITUDE":70.9745133,"OBSERVATION.DATE":"2026-01-24","OBSERVER.ID":"obsr644177","DURATION.MINUTES":13.0,"SAMPLING.EVENT.IDENTIFIER":"S295983579","species_list":"Eurasian Kestrel","n_species":1,"focal_species_seen":"","focal_species_slugs":"","has_focal":false,"GRID_CODE":"GJ-KU-LIT-079","DISTRICT":"Kachchh","BLOCK":"Little Rann"},"geometry":{"type":"Point","coordinates":[70.9745133,23.34738]}},{"type":"Feature","properties":{"GROUP.ID":"G16523225","LOCALITY":"T10_G20 B","LATITUDE":23.3061433,"LONGITUDE":70.9328767,"OBSERVATION.DATE":"2026-01-24","OBSERVER.ID":"obsr644177","DURATION.MINUTES":15.0,"SAMPLING.EVENT.IDENTIFIER":"S295984118","species_list":"Desert Wheatear","n_species":1,"focal_species_seen":"","focal_species_slugs":"","has_focal":false,"GRID_CODE":"GJ-KU-LIT-095","DISTRICT":"Kachchh","BLOCK":"Little Rann"},"geometry":{"type":"Point","coordinates":[70.9328767,23.3061433]}},{"type":"Feature","properties":{"GROUP.ID":"G16523224","LOCALITY":"T10_G20 C","LATITUDE":23.2939367,"LONGITUDE":71.0137433,"OBSERVATION.DATE":"2026-01-24","OBSERVER.ID":"obsr644177","DURATION.MINUTES":18.0,"SAMPLING.EVENT.IDENTIFIER":"S295984339","species_list":"Common Buzzard; Desert Wheatear; Eurasian Kestrel; Greater Short-toed Lark; Long-billed Pipit; Montagu's Harrier","n_species":6,"focal_species_seen":"","focal_species_slugs":"","has_focal":false,"GRID_CODE":"GJ-KU-LIT-097","DISTRICT":"Kachchh","BLOCK":"Little Rann"},"geometry":{"type":"Point","coordinates":[71.0137433,23.2939367]}},{"type":"Feature","properties":{"GROUP.ID":"G16523223","LOCALITY":"T10_G20 D","LATITUDE":23.3142217,"LONGITUDE":70.98823,"OBSERVATION.DATE":"2026-01-24","OBSERVER.ID":"obsr644177","DURATION.MINUTES":14.0,"SAMPLING.EVENT.IDENTIFIER":"S295984926","species_list":"Eurasian Kestrel","n_species":1,"focal_species_seen":"","focal_species_slugs":"","has_focal":false,"GRID_CODE":"GJ-KU-LIT-079","DISTRICT":"Kachchh","BLOCK":"Little Rann"},"geometry":{"type":"Point","coordinates":[70.98823,23.3142217]}},{"type":"Feature","properties":{"GROUP.ID":"G16523221","LOCALITY":"T10_G21 A","LATITUDE":23.2776817,"LONGITUDE":71.1037767,"OBSERVATION.DATE":"2026-01-24","OBSERVER.ID":"obsr644177","DURATION.MINUTES":15.0,"SAMPLING.EVENT.IDENTIFIER":"S295985414","species_list":"Black Drongo; Common Hoopoe; Crested Lark; Greater Short-toed Lark; Long-legged Buzzard","n_species":5,"focal_species_seen":"","focal_species_slugs":"","has_focal":false,"GRID_CODE":"GJ-KU-LIT-098","DISTRICT":"Kachchh","BLOCK":"Little Rann"},"geometry":{"type":"Point","coordinates":[71.1037767,23.2776817]}},{"type":"Feature","properties":{"GROUP.ID":"G16527978","LOCALITY":"T7_G41A","LATITUDE":23.5844623,"LONGITUDE":71.0065271,"OBSERVATION.DATE":"2026-01-24","OBSERVER.ID":"obsr1173605","DURATION.MINUTES":12.0,"SAMPLING.EVENT.IDENTIFIER":"S296100701","species_list":"Ashy-crowned Sparrow-Lark; Black Drongo; Eastern Cattle-Egret; Eurasian Collared-Dove; Indian Roller; Little Cormorant; Paddyfield Pipit; Red-wattled Lapwing; Western Marsh Harrier","n_species":9,"focal_species_seen":"","focal_species_slugs":"","has_focal":false,"GRID_CODE":"GJ-KU-LIT-014","DISTRICT":"Kachchh","BLOCK":"Little Rann"},"geometry":{"type":"Point","coordinates":[71.0065271,23.5844623]}},{"type":"Feature","properties":{"GROUP.ID":"G16543884","LOCALITY":"T13_G15A","LATITUDE":23.1873951,"LONGITUDE":71.4327256,"OBSERVATION.DATE":"2026-01-25","OBSERVER.ID":"obsr1055226","DURATION.MINUTES":16.0,"SAMPLING.EVENT.IDENTIFIER":"S296105237","species_list":"","n_species":0,"focal_species_seen":"","focal_species_slugs":"","has_focal":false,"GRID_CODE":"GJ-KU-LIT-145","DISTRICT":"Kachchh","BLOCK":"Little Rann"},"geometry":{"type":"Point","coordinates":[71.4327256,23.1873951]}},{"type":"Feature","properties":{"GROUP.ID":"G16529039","LOCALITY":"T14_G13A","LATITUDE":23.224404,"LONGITUDE":71.334274,"OBSERVATION.DATE":"2026-01-25","OBSERVER.ID":"obsr1777314","DURATION.MINUTES":17.0,"SAMPLING.EVENT.IDENTIFIER":"S296106420","species_list":"","n_species":0,"focal_species_seen":"","focal_species_slugs":"","has_focal":false,"GRID_CODE":"GJ-KU-LIT-122","DISTRICT":"Kachchh","BLOCK":"Little Rann"},"geometry":{"type":"Point","coordinates":[71.334274,23.224404]}},{"type":"Feature","properties":{"GROUP.ID":"G16528746","LOCALITY":"T12_G8 D","LATITUDE":23.159761,"LONGITUDE":71.6632293,"OBSERVATION.DATE":"2026-01-25","OBSERVER.ID":"obsr1997065","DURATION.MINUTES":14.0,"SAMPLING.EVENT.IDENTIFIER":"S296111540","species_list":"Montagu's Harrier","n_species":1,"focal_species_seen":"","focal_species_slugs":"","has_focal":false,"GRID_CODE":"GJ-SN-DAS-004","DISTRICT":"Surendranagar","BLOCK":"Dasada"},"geometry":{"type":"Point","coordinates":[71.6632293,23.159761]}},{"type":"Feature","properties":{"GROUP.ID":"G16529211","LOCALITY":"T18_G34AA","LATITUDE":23.4430183,"LONGITUDE":71.4435333,"OBSERVATION.DATE":"2026-01-25","OBSERVER.ID":"obsr6628738","DURATION.MINUTES":18.0,"SAMPLING.EVENT.IDENTIFIER":"S296113645","species_list":"Barn Swallow; Black-headed Ibis; Black-winged Stilt; Black Drongo; Common Redshank; Common Sandpiper; Crested Lark; Dalmatian Pelican; Eurasian Spoonbill; Gray Heron; Graylag Goose; Greater Short-toed Lark; Greater Spotted Eagle; Green-winged Teal; Imperial Eagle; Indian Pond-Heron; Little Cormorant; Little Egret; Little Grebe; Marsh Sandpiper; Montagu's Harrier; Northern Shoveler; Painted Stork; Pallas's Gull; Pied Kingfisher; Red-wattled Lapwing; Ruddy Shelduck; Sand Lark; Steppe Eagle; Temminck's Stint; Western Marsh Harrier; Western Reef-Heron; White-tailed Eagle; White-throated Kingfisher; Wood Sandpiper","n_species":35,"focal_species_seen":"","focal_species_slugs":"","has_focal":false,"GRID_CODE":"GJ-KU-LIT-059","DISTRICT":"Kachchh","BLOCK":"Little Rann"},"geometry":{"type":"Point","coordinates":[71.4435333,23.4430183]}},{"type":"Feature","properties":{"GROUP.ID":"G16529104","LOCALITY":"T18_G34B","LATITUDE":23.416985,"LONGITUDE":71.44633,"OBSERVATION.DATE":"2026-01-25","OBSERVER.ID":"obsr6628738","DURATION.MINUTES":11.0,"SAMPLING.EVENT.IDENTIFIER":"S296114363","species_list":"Asian Green Bee-eater; Common Sandpiper; Eurasian Collared-Dove; Eurasian Kestrel; Greater Short-toed Lark; Green Sandpiper; House Crow; Laughing Dove; Montagu's Harrier; Pallid Scops-Owl; Red-wattled Lapwing; Ruddy Shelduck; Sand Lark; Temminck's Stint; Western Yellow Wagtail; White Wagtail","n_species":16,"focal_species_seen":"","focal_species_slugs":"","has_focal":false,"GRID_CODE":"GJ-KU-LIT-059","DISTRICT":"Kachchh","BLOCK":"Little Rann"},"geometry":{"type":"Point","coordinates":[71.44633,23.416985]}},{"type":"Feature","properties":{"GROUP.ID":"G16543882","LOCALITY":"T13_G15D","LATITUDE":23.284186,"LONGITUDE":71.4297587,"OBSERVATION.DATE":"2026-01-25","OBSERVER.ID":"obsr1055226","DURATION.MINUTES":17.0,"SAMPLING.EVENT.IDENTIFIER":"S296115093","species_list":"Greater Short-toed Lark; Imperial Eagle","n_species":2,"focal_species_seen":"","focal_species_slugs":"","has_focal":false,"GRID_CODE":"GJ-KU-LIT-105","DISTRICT":"Kachchh","BLOCK":"Little Rann"},"geometry":{"type":"Point","coordinates":[71.4297587,23.284186]}},{"type":"Feature","properties":{"GROUP.ID":"G16543881","LOCALITY":"T13_G15C","LATITUDE":23.2843665,"LONGITUDE":71.5223369,"OBSERVATION.DATE":"2026-01-25","OBSERVER.ID":"obsr1055226","DURATION.MINUTES":15.0,"SAMPLING.EVENT.IDENTIFIER":"S296115146","species_list":"","n_species":0,"focal_species_seen":"","focal_species_slugs":"","has_focal":false,"GRID_CODE":"GJ-KU-LIT-107","DISTRICT":"Kachchh","BLOCK":"Little Rann"},"geometry":{"type":"Point","coordinates":[71.5223369,23.2843665]}},{"type":"Feature","properties":{"GROUP.ID":"G16572480","LOCALITY":"T5_G11,12 S","LATITUDE":23.2155885,"LONGITUDE":71.1270707,"OBSERVATION.DATE":"2026-01-25","OBSERVER.ID":"obsr1495447","DURATION.MINUTES":29.0,"SAMPLING.EVENT.IDENTIFIER":"S296116275","species_list":"Eurasian Kestrel; Montagu's Harrier","n_species":2,"focal_species_seen":"","focal_species_slugs":"","has_focal":false,"GRID_CODE":"GJ-KU-LIT-118","DISTRICT":"Kachchh","BLOCK":"Little Rann"},"geometry":{"type":"Point","coordinates":[71.1270707,23.2155885]}},{"type":"Feature","properties":{"GROUP.ID":"G16551730","LOCALITY":"T5__G11A","LATITUDE":23.1957256,"LONGITUDE":71.0809319,"OBSERVATION.DATE":"2026-01-24","OBSERVER.ID":"obsr1495447","DURATION.MINUTES":18.0,"SAMPLING.EVENT.IDENTIFIER":"S296116313","species_list":"Long-legged Buzzard; Montagu's Harrier; Pallid Harrier","n_species":3,"focal_species_seen":"","focal_species_slugs":"","has_focal":false,"GRID_CODE":"GJ-SN-HAL-001","DISTRICT":"Surendranagar","BLOCK":"Halvad"},"geometry":{"type":"Point","coordinates":[71.0809319,23.1957256]}},{"type":"Feature","properties":{"GROUP.ID":"G16529285","LOCALITY":"T10_Point Count","LATITUDE":23.2917833,"LONGITUDE":71.03649,"OBSERVATION.DATE":"2026-01-25","OBSERVER.ID":"obsr644177","DURATION.MINUTES":30.0,"SAMPLING.EVENT.IDENTIFIER":"S296116367","species_list":"Desert Wheatear; Eurasian Kestrel","n_species":2,"focal_species_seen":"","focal_species_slugs":"","has_focal":false,"GRID_CODE":"GJ-KU-LIT-097","DISTRICT":"Kachchh","BLOCK":"Little Rann"},"geometry":{"type":"Point","coordinates":[71.03649,23.2917833]}},{"type":"Feature","properties":{"GROUP.ID":"G16551728","LOCALITY":"T5_G11C","LATITUDE":23.2800677,"LONGITUDE":71.1138089,"OBSERVATION.DATE":"2026-01-24","OBSERVER.ID":"obsr1495447","DURATION.MINUTES":4.0,"SAMPLING.EVENT.IDENTIFIER":"S296116489","species_list":"Eurasian Kestrel; Shikra","n_species":2,"focal_species_seen":"","focal_species_slugs":"","has_focal":false,"GRID_CODE":"GJ-KU-LIT-099","DISTRICT":"Kachchh","BLOCK":"Little Rann"},"geometry":{"type":"Point","coordinates":[71.1138089,23.2800677]}},{"type":"Feature","properties":{"GROUP.ID":"G16551725","LOCALITY":"T5_G12A","LATITUDE":23.2041049,"LONGITUDE":71.1507511,"OBSERVATION.DATE":"2026-01-25","OBSERVER.ID":"obsr1495447","DURATION.MINUTES":10.0,"SAMPLING.EVENT.IDENTIFIER":"S296116595","species_list":"Greater Spotted Eagle; Imperial Eagle; Montagu's Harrier","n_species":3,"focal_species_seen":"","focal_species_slugs":"","has_focal":false,"GRID_CODE":"GJ-SN-HAL-002","DISTRICT":"Surendranagar","BLOCK":"Halvad"},"geometry":{"type":"Point","coordinates":[71.1507511,23.2041049]}},{"type":"Feature","properties":{"GROUP.ID":"G16551723","LOCALITY":"T5_G12B","LATITUDE":23.2797922,"LONGITUDE":71.1470227,"OBSERVATION.DATE":"2026-01-25","OBSERVER.ID":"obsr1495447","DURATION.MINUTES":13.0,"SAMPLING.EVENT.IDENTIFIER":"S296116689","species_list":"Montagu's Harrier; Shikra","n_species":2,"focal_species_seen":"","focal_species_slugs":"","has_focal":false,"GRID_CODE":"GJ-KU-LIT-099","DISTRICT":"Kachchh","BLOCK":"Little Rann"},"geometry":{"type":"Point","coordinates":[71.1470227,23.2797922]}},{"type":"Feature","properties":{"GROUP.ID":"G16551722","LOCALITY":"T5_G12C","LATITUDE":23.2818894,"LONGITUDE":71.1553084,"OBSERVATION.DATE":"2026-01-25","OBSERVER.ID":"obsr1495447","DURATION.MINUTES":2.0,"SAMPLING.EVENT.IDENTIFIER":"S296116737","species_list":"Eurasian Kestrel","n_species":1,"focal_species_seen":"","focal_species_slugs":"","has_focal":false,"GRID_CODE":"GJ-KU-LIT-099","DISTRICT":"Kachchh","BLOCK":"Little Rann"},"geometry":{"type":"Point","coordinates":[71.1553084,23.2818894]}},{"type":"Feature","properties":{"GROUP.ID":"G16551721","LOCALITY":"T5_G12D","LATITUDE":23.2154542,"LONGITUDE":71.1802369,"OBSERVATION.DATE":"2026-01-25","OBSERVER.ID":"obsr1495447","DURATION.MINUTES":5.0,"SAMPLING.EVENT.IDENTIFIER":"S296116819","species_list":"Eurasian Kestrel; Greater Spotted Eagle; Imperial Eagle; Montagu's Harrier","n_species":4,"focal_species_seen":"","focal_species_slugs":"","has_focal":false,"GRID_CODE":"GJ-KU-LIT-119","DISTRICT":"Kachchh","BLOCK":"Little Rann"},"geometry":{"type":"Point","coordinates":[71.1802369,23.2154542]}},{"type":"Feature","properties":{"GROUP.ID":"G16543880","LOCALITY":"T13_G5A","LATITUDE":23.1749308,"LONGITUDE":71.426376,"OBSERVATION.DATE":"2026-01-25","OBSERVER.ID":"obsr1055226","DURATION.MINUTES":15.0,"SAMPLING.EVENT.IDENTIFIER":"S296116913","species_list":"Desert Wheatear; Great Gray Shrike; Montagu's Harrier","n_species":3,"focal_species_seen":"","focal_species_slugs":"","has_focal":false,"GRID_CODE":"GJ-KU-LIT-145","DISTRICT":"Kachchh","BLOCK":"Little Rann"},"geometry":{"type":"Point","coordinates":[71.426376,23.1749308]}},{"type":"Feature","properties":{"GROUP.ID":"G16529038","LOCALITY":"T14_G13B","LATITUDE":23.260533,"LONGITUDE":71.317071,"OBSERVATION.DATE":"2026-01-25","OBSERVER.ID":"obsr1777314","DURATION.MINUTES":16.0,"SAMPLING.EVENT.IDENTIFIER":"S296117060","species_list":"Greater Short-toed Lark","n_species":1,"focal_species_seen":"","focal_species_slugs":"","has_focal":false,"GRID_CODE":"GJ-KU-LIT-103","DISTRICT":"Kachchh","BLOCK":"Little Rann"},"geometry":{"type":"Point","coordinates":[71.317071,23.260533]}},{"type":"Feature","properties":{"GROUP.ID":"G16529052","LOCALITY":"T14_G23B","LATITUDE":23.307077,"LONGITUDE":71.233033,"OBSERVATION.DATE":"2026-01-25","OBSERVER.ID":"obsr1777314","DURATION.MINUTES":6.0,"SAMPLING.EVENT.IDENTIFIER":"S296117233","species_list":"Greater Short-toed Lark","n_species":1,"focal_species_seen":"","focal_species_slugs":"","has_focal":false,"GRID_CODE":"GJ-KU-LIT-101","DISTRICT":"Kachchh","BLOCK":"Little Rann"},"geometry":{"type":"Point","coordinates":[71.233033,23.307077]}},{"type":"Feature","properties":{"GROUP.ID":"G16529050","LOCALITY":"T14_G23D","LATITUDE":23.298028,"LONGITUDE":71.307885,"OBSERVATION.DATE":"2026-01-25","OBSERVER.ID":"obsr1777314","DURATION.MINUTES":18.0,"SAMPLING.EVENT.IDENTIFIER":"S296117317","species_list":"Barn Swallow; Greater Short-toed Lark; Little Cormorant; Montagu's Harrier; Peregrine Falcon","n_species":5,"focal_species_seen":"","focal_species_slugs":"","has_focal":false,"GRID_CODE":"GJ-KU-LIT-103","DISTRICT":"Kachchh","BLOCK":"Little Rann"},"geometry":{"type":"Point","coordinates":[71.307885,23.298028]}},{"type":"Feature","properties":{"GROUP.ID":"G16529214","LOCALITY":"T18_G34D","LATITUDE":23.397255,"LONGITUDE":71.4871067,"OBSERVATION.DATE":"2026-01-25","OBSERVER.ID":"obsr6628738","DURATION.MINUTES":10.0,"SAMPLING.EVENT.IDENTIFIER":"S296117936","species_list":"Black Drongo; Common Crane; Eurasian Kestrel; Greater Short-toed Lark; House Sparrow; Isabelline Shrike; Montagu's Harrier","n_species":7,"focal_species_seen":"","focal_species_slugs":"","has_focal":false,"GRID_CODE":"GJ-KU-LIT-073","DISTRICT":"Kachchh","BLOCK":"Little Rann"},"geometry":{"type":"Point","coordinates":[71.4871067,23.397255]}},{"type":"Feature","properties":{"GROUP.ID":"G16529213","LOCALITY":"T18_G34Cc","LATITUDE":23.413465,"LONGITUDE":71.4473798,"OBSERVATION.DATE":"2026-01-25","OBSERVER.ID":"obsr6628738","DURATION.MINUTES":10.0,"SAMPLING.EVENT.IDENTIFIER":"S296117952","species_list":"Eurasian Kestrel","n_species":1,"focal_species_seen":"","focal_species_slugs":"","has_focal":false,"GRID_CODE":"GJ-KU-LIT-059","DISTRICT":"Kachchh","BLOCK":"Little Rann"},"geometry":{"type":"Point","coordinates":[71.4473798,23.413465]}},{"type":"Feature","properties":{"GROUP.ID":"G16543878","LOCALITY":"T13_G5B","LATITUDE":23.1559729,"LONGITUDE":71.4107045,"OBSERVATION.DATE":"2026-01-25","OBSERVER.ID":"obsr1055226","DURATION.MINUTES":18.0,"SAMPLING.EVENT.IDENTIFIER":"S296118381","species_list":"Crested Lark; Desert Wheatear; Eurasian Spoonbill; Greater Short-toed Lark; Isabelline Shrike; Little Cormorant; Pallid Harrier","n_species":7,"focal_species_seen":"","focal_species_slugs":"","has_focal":false,"GRID_CODE":"GJ-SN-DHR-001","DISTRICT":"Surendranagar","BLOCK":"Dhrangadhra"},"geometry":{"type":"Point","coordinates":[71.4107045,23.1559729]}},{"type":"Feature","properties":{"GROUP.ID":"G16529138","LOCALITY":"T12_G7 D","LATITUDE":23.1833379,"LONGITUDE":71.5705811,"OBSERVATION.DATE":"2026-01-25","OBSERVER.ID":"obsr1997065","DURATION.MINUTES":13.0,"SAMPLING.EVENT.IDENTIFIER":"S296118992","species_list":"Greater Spotted Eagle","n_species":1,"focal_species_seen":"","focal_species_slugs":"","has_focal":false,"GRID_CODE":"GJ-KU-LIT-148","DISTRICT":"Kachchh","BLOCK":"Little Rann"},"geometry":{"type":"Point","coordinates":[71.5705811,23.1833379]}},{"type":"Feature","properties":{"GROUP.ID":"G16543877","LOCALITY":"T13_G5C","LATITUDE":23.1537614,"LONGITUDE":71.4108409,"OBSERVATION.DATE":"2026-01-25","OBSERVER.ID":"obsr1055226","DURATION.MINUTES":12.0,"SAMPLING.EVENT.IDENTIFIER":"S296119305","species_list":"Ashy-crowned Sparrow-Lark; Asian Green Bee-eater; Black Drongo; House Sparrow; Indian Roller; Long-tailed Shrike; Red-wattled Lapwing","n_species":7,"focal_species_seen":"","focal_species_slugs":"","has_focal":false,"GRID_CODE":"GJ-SN-DHR-001","DISTRICT":"Surendranagar","BLOCK":"Dhrangadhra"},"geometry":{"type":"Point","coordinates":[71.4108409,23.1537614]}},{"type":"Feature","properties":{"GROUP.ID":"G16529178","LOCALITY":"T17_G42_Point","LATITUDE":23.585149,"LONGITUDE":71.1171559,"OBSERVATION.DATE":"2026-01-25","OBSERVER.ID":"obsr982858","DURATION.MINUTES":31.0,"SAMPLING.EVENT.IDENTIFIER":"S296120038","species_list":"Rufous-tailed Lark","n_species":1,"focal_species_seen":"","focal_species_slugs":"","has_focal":false,"GRID_CODE":"GJ-KU-LIT-016","DISTRICT":"Kachchh","BLOCK":"Little Rann"},"geometry":{"type":"Point","coordinates":[71.1171559,23.585149]}},{"type":"Feature","properties":{"GROUP.ID":"G16529179","LOCALITY":"T17_G42B","LATITUDE":23.5778337,"LONGITUDE":71.1361211,"OBSERVATION.DATE":"2026-01-25","OBSERVER.ID":"obsr982858","DURATION.MINUTES":12.0,"SAMPLING.EVENT.IDENTIFIER":"S296120094","species_list":"Imperial Eagle","n_species":1,"focal_species_seen":"","focal_species_slugs":"","has_focal":false,"GRID_CODE":"GJ-KU-LIT-016","DISTRICT":"Kachchh","BLOCK":"Little Rann"},"geometry":{"type":"Point","coordinates":[71.1361211,23.5778337]}},{"type":"Feature","properties":{"GROUP.ID":"G16529281","LOCALITY":"T10_G22 A","LATITUDE":23.2869433,"LONGITUDE":71.201325,"OBSERVATION.DATE":"2026-01-25","OBSERVER.ID":"obsr644177","DURATION.MINUTES":15.0,"SAMPLING.EVENT.IDENTIFIER":"S296120983","species_list":"Desert Wheatear","n_species":1,"focal_species_seen":"","focal_species_slugs":"","has_focal":false,"GRID_CODE":"GJ-KU-LIT-100","DISTRICT":"Kachchh","BLOCK":"Little Rann"},"geometry":{"type":"Point","coordinates":[71.201325,23.2869433]}},{"type":"Feature","properties":{"GROUP.ID":"G16529280","LOCALITY":"T10_G22 B","LATITUDE":23.297035,"LONGITUDE":71.1444117,"OBSERVATION.DATE":"2026-01-25","OBSERVER.ID":"obsr644177","DURATION.MINUTES":18.0,"SAMPLING.EVENT.IDENTIFIER":"S296122645","species_list":"Himalayan Griffon","n_species":1,"focal_species_seen":"","focal_species_slugs":"","has_focal":false,"GRID_CODE":"GJ-KU-LIT-099","DISTRICT":"Kachchh","BLOCK":"Little Rann"},"geometry":{"type":"Point","coordinates":[71.1444117,23.297035]}},{"type":"Feature","properties":{"GROUP.ID":"G16529279","LOCALITY":"T10_G21 B","LATITUDE":23.2874083,"LONGITUDE":71.1144833,"OBSERVATION.DATE":"2026-01-25","OBSERVER.ID":"obsr644177","DURATION.MINUTES":14.0,"SAMPLING.EVENT.IDENTIFIER":"S296122724","species_list":"Barn Swallow; Black Drongo; Common Buzzard; Desert Wheatear; Eurasian Kestrel","n_species":5,"focal_species_seen":"","focal_species_slugs":"","has_focal":false,"GRID_CODE":"GJ-KU-LIT-099","DISTRICT":"Kachchh","BLOCK":"Little Rann"},"geometry":{"type":"Point","coordinates":[71.1144833,23.2874083]}},{"type":"Feature","properties":{"GROUP.ID":"G16544537","LOCALITY":"T4_G14C","LATITUDE":23.2560858,"LONGITUDE":71.3356798,"OBSERVATION.DATE":"2026-01-24","OBSERVER.ID":"obsr1522787","DURATION.MINUTES":15.0,"SAMPLING.EVENT.IDENTIFIER":"S296122800","species_list":"Greater Short-toed Lark; Pallid Harrier","n_species":2,"focal_species_seen":"","focal_species_slugs":"","has_focal":false,"GRID_CODE":"GJ-KU-LIT-122","DISTRICT":"Kachchh","BLOCK":"Little Rann"},"geometry":{"type":"Point","coordinates":[71.3356798,23.2560858]}},{"type":"Feature","properties":{"GROUP.ID":"G16529278","LOCALITY":"T10_G21 C","LATITUDE":23.3744433,"LONGITUDE":71.12055,"OBSERVATION.DATE":"2026-01-25","OBSERVER.ID":"obsr644177","DURATION.MINUTES":15.0,"SAMPLING.EVENT.IDENTIFIER":"S296122824","species_list":"Desert Wheatear; Short-toed Snake-Eagle","n_species":2,"focal_species_seen":"","focal_species_slugs":"","has_focal":false,"GRID_CODE":"GJ-KU-LIT-066","DISTRICT":"Kachchh","BLOCK":"Little Rann"},"geometry":{"type":"Point","coordinates":[71.12055,23.3744433]}},{"type":"Feature","properties":{"GROUP.ID":"G16544536","LOCALITY":"T4_G14D","LATITUDE":23.2476161,"LONGITUDE":71.3822593,"OBSERVATION.DATE":"2026-01-24","OBSERVER.ID":"obsr1522787","DURATION.MINUTES":15.0,"SAMPLING.EVENT.IDENTIFIER":"S296122859","species_list":"Greater Short-toed Lark","n_species":1,"focal_species_seen":"","focal_species_slugs":"","has_focal":false,"GRID_CODE":"GJ-KU-LIT-123","DISTRICT":"Kachchh","BLOCK":"Little Rann"},"geometry":{"type":"Point","coordinates":[71.3822593,23.2476161]}},{"type":"Feature","properties":{"GROUP.ID":"G16529277","LOCALITY":"T10_G21 D","LATITUDE":23.3771967,"LONGITUDE":71.09288,"OBSERVATION.DATE":"2026-01-25","OBSERVER.ID":"obsr644177","DURATION.MINUTES":15.0,"SAMPLING.EVENT.IDENTIFIER":"S296122874","species_list":"Asian Green Bee-eater; Black Drongo; Desert Wheatear; Eurasian Kestrel; Imperial Eagle; Montagu's Harrier","n_species":6,"focal_species_seen":"","focal_species_slugs":"","has_focal":false,"GRID_CODE":"GJ-KU-LIT-065","DISTRICT":"Kachchh","BLOCK":"Little Rann"},"geometry":{"type":"Point","coordinates":[71.09288,23.3771967]}},{"type":"Feature","properties":{"GROUP.ID":"G16544535","LOCALITY":"T4_G25A","LATITUDE":23.2887098,"LONGITUDE":71.4499334,"OBSERVATION.DATE":"2026-01-25","OBSERVER.ID":"obsr1522787","DURATION.MINUTES":15.0,"SAMPLING.EVENT.IDENTIFIER":"S296122972","species_list":"Barn Swallow; Greater Short-toed Lark","n_species":2,"focal_species_seen":"","focal_species_slugs":"","has_focal":false,"GRID_CODE":"GJ-KU-LIT-105","DISTRICT":"Kachchh","BLOCK":"Little Rann"},"geometry":{"type":"Point","coordinates":[71.4499334,23.2887098]}},{"type":"Feature","properties":{"GROUP.ID":"G16529485","LOCALITY":"T7_G47a","LATITUDE":23.7276413,"LONGITUDE":71.0381189,"OBSERVATION.DATE":"2026-01-25","OBSERVER.ID":"obsr1173605","DURATION.MINUTES":18.0,"SAMPLING.EVENT.IDENTIFIER":"S296126338","species_list":"Common Babbler; Greater Short-toed Lark; Kentish Plover; Montagu's Harrier; Shikra","n_species":5,"focal_species_seen":"","focal_species_slugs":"","has_focal":false,"GRID_CODE":"GJ-KU-RAN-545","DISTRICT":"Kachchh","BLOCK":"Rann of Kachchh"},"geometry":{"type":"Point","coordinates":[71.0381189,23.7276413]}},{"type":"Feature","properties":{"GROUP.ID":"G16533749","LOCALITY":"T2_G27D","LATITUDE":23.3081783,"LONGITUDE":71.63503,"OBSERVATION.DATE":"2026-01-24","OBSERVER.ID":"obsr604291","DURATION.MINUTES":20.0,"SAMPLING.EVENT.IDENTIFIER":"S296128907","species_list":"Desert Wheatear; Eurasian Kestrel","n_species":2,"focal_species_seen":"","focal_species_slugs":"","has_focal":false,"GRID_CODE":"GJ-KU-LIT-109","DISTRICT":"Kachchh","BLOCK":"Little Rann"},"geometry":{"type":"Point","coordinates":[71.63503,23.3081783]}},{"type":"Feature","properties":{"GROUP.ID":"G16533759","LOCALITY":"T2_G17C","LATITUDE":23.259535,"LONGITUDE":71.624985,"OBSERVATION.DATE":"2026-01-25","OBSERVER.ID":"obsr604291","DURATION.MINUTES":13.0,"SAMPLING.EVENT.IDENTIFIER":"S296132333","species_list":"Desert Wheatear; Eurasian Kestrel; Montagu's Harrier; Western Marsh Harrier","n_species":4,"focal_species_seen":"","focal_species_slugs":"","has_focal":false,"GRID_CODE":"GJ-SN-DAS-001","DISTRICT":"Surendranagar","BLOCK":"Dasada"},"geometry":{"type":"Point","coordinates":[71.624985,23.259535]}},{"type":"Feature","properties":{"GROUP.ID":"G16533747","LOCALITY":"T2_G17D","LATITUDE":23.2565883,"LONGITUDE":71.656275,"OBSERVATION.DATE":"2026-01-25","OBSERVER.ID":"obsr604291","DURATION.MINUTES":15.0,"SAMPLING.EVENT.IDENTIFIER":"S296132849","species_list":"Barn Swallow; Black-winged Stilt; Chestnut-bellied Sandgrouse; Common Babbler; Common Greenshank; Common Redshank; Eastern Cattle-Egret; Gray Francolin; Great Egret; Greater Short-toed Lark; Indian Pond-Heron; Isabelline Shrike; Laughing Dove; Medium Egret; Montagu's Harrier; Purple Sunbird; Red-wattled Lapwing; Yellow-wattled Lapwing","n_species":18,"focal_species_seen":"","focal_species_slugs":"","has_focal":false,"GRID_CODE":null,"DISTRICT":null,"BLOCK":null},"geometry":{"type":"Point","coordinates":[71.656275,23.2565883]}},{"type":"Feature","properties":{"GROUP.ID":"G16529665","LOCALITY":"T3_G31A","LATITUDE":23.3821636,"LONGITUDE":71.23126,"OBSERVATION.DATE":"2026-01-24","OBSERVER.ID":"obsr834427","DURATION.MINUTES":18.0,"SAMPLING.EVENT.IDENTIFIER":"S296141990","species_list":"","n_species":0,"focal_species_seen":"","focal_species_slugs":"","has_focal":false,"GRID_CODE":"GJ-KU-LIT-068","DISTRICT":"Kachchh","BLOCK":"Little Rann"},"geometry":{"type":"Point","coordinates":[71.23126,23.3821636]}},{"type":"Feature","properties":{"GROUP.ID":"G16529664","LOCALITY":"T3_G31B","LATITUDE":23.4397818,"LONGITUDE":71.1963896,"OBSERVATION.DATE":"2026-01-24","OBSERVER.ID":"obsr834427","DURATION.MINUTES":17.0,"SAMPLING.EVENT.IDENTIFIER":"S296142027","species_list":"Montagu's Harrier","n_species":1,"focal_species_seen":"","focal_species_slugs":"","has_focal":false,"GRID_CODE":"GJ-KU-LIT-054","DISTRICT":"Kachchh","BLOCK":"Little Rann"},"geometry":{"type":"Point","coordinates":[71.1963896,23.4397818]}},{"type":"Feature","properties":{"GROUP.ID":"G16529663","LOCALITY":"T3_G31D","LATITUDE":23.4362416,"LONGITUDE":71.1610258,"OBSERVATION.DATE":"2026-01-24","OBSERVER.ID":"obsr834427","DURATION.MINUTES":18.0,"SAMPLING.EVENT.IDENTIFIER":"S296142130","species_list":"Greater Short-toed Lark; Montagu's Harrier; Pallid Harrier","n_species":3,"focal_species_seen":"","focal_species_slugs":"","has_focal":false,"GRID_CODE":"GJ-KU-LIT-054","DISTRICT":"Kachchh","BLOCK":"Little Rann"},"geometry":{"type":"Point","coordinates":[71.1610258,23.4362416]}},{"type":"Feature","properties":{"GROUP.ID":"G16529662","LOCALITY":"T3_G30A","LATITUDE":23.441367,"LONGITUDE":71.0657495,"OBSERVATION.DATE":"2026-01-25","OBSERVER.ID":"obsr834427","DURATION.MINUTES":18.0,"SAMPLING.EVENT.IDENTIFIER":"S296142179","species_list":"Barn Swallow; Desert Wheatear; Eastern Cattle-Egret; Eurasian Kestrel; Eurasian Sparrowhawk; Greater Short-toed Lark","n_species":6,"focal_species_seen":"","focal_species_slugs":"","has_focal":false,"GRID_CODE":"GJ-KU-LIT-052","DISTRICT":"Kachchh","BLOCK":"Little Rann"},"geometry":{"type":"Point","coordinates":[71.0657495,23.441367]}},{"type":"Feature","properties":{"GROUP.ID":"G16529675","LOCALITY":"T3_G30B","LATITUDE":23.4301543,"LONGITUDE":71.0918299,"OBSERVATION.DATE":"2026-01-25","OBSERVER.ID":"obsr834427","DURATION.MINUTES":18.0,"SAMPLING.EVENT.IDENTIFIER":"S296142380","species_list":"Chestnut-bellied Sandgrouse; Common Crane; Desert Wheatear; Eurasian Kestrel; Greater Short-toed Lark; Long-billed Pipit; Montagu's Harrier; Pallid Harrier; Rufous-tailed Lark; Variable Wheatear; Western Marsh Harrier","n_species":11,"focal_species_seen":"","focal_species_slugs":"","has_focal":false,"GRID_CODE":"GJ-KU-LIT-052","DISTRICT":"Kachchh","BLOCK":"Little Rann"},"geometry":{"type":"Point","coordinates":[71.0918299,23.4301543]}},{"type":"Feature","properties":{"GROUP.ID":"G16529674","LOCALITY":"T3_G30C","LATITUDE":23.4077095,"LONGITUDE":71.1230042,"OBSERVATION.DATE":"2026-01-25","OBSERVER.ID":"obsr834427","DURATION.MINUTES":17.0,"SAMPLING.EVENT.IDENTIFIER":"S296142417","species_list":"Desert Wheatear","n_species":1,"focal_species_seen":"","focal_species_slugs":"","has_focal":false,"GRID_CODE":"GJ-KU-LIT-066","DISTRICT":"Kachchh","BLOCK":"Little Rann"},"geometry":{"type":"Point","coordinates":[71.1230042,23.4077095]}},{"type":"Feature","properties":{"GROUP.ID":"G16529673","LOCALITY":"T3_G30D","LATITUDE":23.3858535,"LONGITUDE":71.06469,"OBSERVATION.DATE":"2026-01-25","OBSERVER.ID":"obsr834427","DURATION.MINUTES":16.0,"SAMPLING.EVENT.IDENTIFIER":"S296142524","species_list":"Desert Wheatear; Greater Short-toed Lark; Variable Wheatear","n_species":3,"focal_species_seen":"","focal_species_slugs":"","has_focal":false,"GRID_CODE":"GJ-KU-LIT-065","DISTRICT":"Kachchh","BLOCK":"Little Rann"},"geometry":{"type":"Point","coordinates":[71.06469,23.3858535]}},{"type":"Feature","properties":{"GROUP.ID":"G16529678","LOCALITY":"T3_G30 Point","LATITUDE":23.3845854,"LONGITUDE":71.064806,"OBSERVATION.DATE":"2026-01-25","OBSERVER.ID":"obsr834427","DURATION.MINUTES":30.0,"SAMPLING.EVENT.IDENTIFIER":"S296142576","species_list":"Barn Swallow; Crested Lark; Desert Wheatear; Eurasian Kestrel; Greater Short-toed Lark","n_species":5,"focal_species_seen":"","focal_species_slugs":"","has_focal":false,"GRID_CODE":"GJ-KU-LIT-065","DISTRICT":"Kachchh","BLOCK":"Little Rann"},"geometry":{"type":"Point","coordinates":[71.064806,23.3845854]}},{"type":"Feature","properties":{"GROUP.ID":"G16532543","LOCALITY":"T1_G16_Point Count","LATITUDE":23.259004,"LONGITUDE":71.624745,"OBSERVATION.DATE":"2026-01-25","OBSERVER.ID":"obsr1522701","DURATION.MINUTES":30.0,"SAMPLING.EVENT.IDENTIFIER":"S296217087","species_list":"Asian Green Bee-eater; Gray Francolin","n_species":2,"focal_species_seen":"","focal_species_slugs":"","has_focal":false,"GRID_CODE":"GJ-SN-DAS-001","DISTRICT":"Surendranagar","BLOCK":"Dasada"},"geometry":{"type":"Point","coordinates":[71.624745,23.259004]}},{"type":"Feature","properties":{"GROUP.ID":"G16532542","LOCALITY":"T1_G35A","LATITUDE":23.382422,"LONGITUDE":71.564433,"OBSERVATION.DATE":"2026-01-24","OBSERVER.ID":"obsr1522701","DURATION.MINUTES":20.0,"SAMPLING.EVENT.IDENTIFIER":"S296217322","species_list":"Black-winged Stilt; Black Drongo; Desert Wheatear; Eurasian Collared-Dove; Eurasian Kestrel; Gray Francolin; Indian Pond-Heron; Little Egret; White-throated Kingfisher","n_species":9,"focal_species_seen":"","focal_species_slugs":"","has_focal":false,"GRID_CODE":"GJ-KU-LIT-075","DISTRICT":"Kachchh","BLOCK":"Little Rann"},"geometry":{"type":"Point","coordinates":[71.564433,23.382422]}},{"type":"Feature","properties":{"GROUP.ID":"G16532541","LOCALITY":"T1_G35B","LATITUDE":23.398759,"LONGITUDE":71.576905,"OBSERVATION.DATE":"2026-01-24","OBSERVER.ID":"obsr1522701","DURATION.MINUTES":14.0,"SAMPLING.EVENT.IDENTIFIER":"S296217388","species_list":"Black Drongo; Eurasian Sparrowhawk; Greater Short-toed Lark; Isabelline Shrike; Montagu's Harrier; Western Marsh Harrier","n_species":6,"focal_species_seen":"","focal_species_slugs":"","has_focal":false,"GRID_CODE":"GJ-KU-LIT-075","DISTRICT":"Kachchh","BLOCK":"Little Rann"},"geometry":{"type":"Point","coordinates":[71.576905,23.398759]}},{"type":"Feature","properties":{"GROUP.ID":"G16532538","LOCALITY":"T1_G35C","LATITUDE":23.424146,"LONGITUDE":71.527881,"OBSERVATION.DATE":"2026-01-25","OBSERVER.ID":"obsr1522701","DURATION.MINUTES":18.0,"SAMPLING.EVENT.IDENTIFIER":"S296217461","species_list":"Bay-backed Shrike; Black Drongo; Desert Wheatear; Eurasian Collared-Dove; Gray Francolin; Great White Pelican; Greater Short-toed Lark; House Sparrow; Indian Peafowl; Laughing Dove; Little Egret; Montagu's Harrier; Northern Shoveler; Purple Sunbird; Red-wattled Lapwing; Rose-ringed Parakeet","n_species":16,"focal_species_seen":"","focal_species_slugs":"","has_focal":false,"GRID_CODE":"GJ-KU-LIT-061","DISTRICT":"Kachchh","BLOCK":"Little Rann"},"geometry":{"type":"Point","coordinates":[71.527881,23.424146]}},{"type":"Feature","properties":{"GROUP.ID":"G16562636","LOCALITY":"Little Rann of Kachchh--Vachchhraj Beyt","LATITUDE":23.4148949,"LONGITUDE":71.4421391,"OBSERVATION.DATE":"2026-01-24","OBSERVER.ID":"obsr711524","DURATION.MINUTES":15.0,"SAMPLING.EVENT.IDENTIFIER":"S296236553","species_list":"Pallid Scops-Owl","n_species":1,"focal_species_seen":"","focal_species_slugs":"","has_focal":false,"GRID_CODE":"GJ-KU-LIT-059","DISTRICT":"Kachchh","BLOCK":"Little Rann"},"geometry":{"type":"Point","coordinates":[71.4421391,23.4148949]}},{"type":"Feature","properties":{"GROUP.ID":"G16562635","LOCALITY":"Little Rann of Kachchh--Melak Beyt","LATITUDE":23.3874025,"LONGITUDE":71.0873638,"OBSERVATION.DATE":"2026-01-25","OBSERVER.ID":"obsr711524","DURATION.MINUTES":78.0,"SAMPLING.EVENT.IDENTIFIER":"S296236937","species_list":"Black Drongo; Common Babbler; Common Crane; Common Hoopoe; Eurasian Kestrel; Eurasian Sparrowhawk; Greater Coucal; Indian Spot-billed Duck; Montagu's Harrier; Red-naped Ibis; Siberian Stonechat; Western Marsh Harrier","n_species":12,"focal_species_seen":"","focal_species_slugs":"","has_focal":false,"GRID_CODE":"GJ-KU-LIT-065","DISTRICT":"Kachchh","BLOCK":"Little Rann"},"geometry":{"type":"Point","coordinates":[71.0873638,23.3874025]}},{"type":"Feature","properties":{"GROUP.ID":"G16562634","LOCALITY":"Manjuvas, Gujarat, IN (23.449, 71.441)","LATITUDE":23.4485467,"LONGITUDE":71.4410417,"OBSERVATION.DATE":"2026-01-25","OBSERVER.ID":"obsr711524","DURATION.MINUTES":5.0,"SAMPLING.EVENT.IDENTIFIER":"S296238366","species_list":"Black-winged Stilt; Desert Wheatear; Eurasian Curlew; Eurasian Spoonbill; Greater Short-toed Lark; Greater Spotted Eagle; Imperial Eagle; Little Egret; Sand Lark","n_species":9,"focal_species_seen":"","focal_species_slugs":"","has_focal":false,"GRID_CODE":"GJ-KU-LIT-059","DISTRICT":"Kachchh","BLOCK":"Little Rann"},"geometry":{"type":"Point","coordinates":[71.4410417,23.4485467]}},{"type":"Feature","properties":{"GROUP.ID":"G16544427","LOCALITY":"T16_G18A","LATITUDE":23.3822714,"LONGITUDE":70.8161874,"OBSERVATION.DATE":"2026-01-25","OBSERVER.ID":"obsr1586891","DURATION.MINUTES":16.0,"SAMPLING.EVENT.IDENTIFIER":"S296359818","species_list":"Black-winged Kite; Common Crane; Variable Wheatear; Western Marsh Harrier","n_species":4,"focal_species_seen":"","focal_species_slugs":"","has_focal":false,"GRID_CODE":"GJ-KU-RAP-095","DISTRICT":"Kachchh","BLOCK":"Rapar"},"geometry":{"type":"Point","coordinates":[70.8161874,23.3822714]}},{"type":"Feature","properties":{"GROUP.ID":"G16544429","LOCALITY":"T16_G19B","LATITUDE":23.360968,"LONGITUDE":70.8307681,"OBSERVATION.DATE":"2026-01-25","OBSERVER.ID":"obsr1586891","DURATION.MINUTES":40.0,"SAMPLING.EVENT.IDENTIFIER":"S296359846","species_list":"Ashy-crowned Sparrow-Lark; Common Hoopoe; House Sparrow; Indian Peafowl; Lesser Whitethroat; Long-tailed Shrike; Purple Sunbird; Yellow-wattled Lapwing","n_species":8,"focal_species_seen":"","focal_species_slugs":"","has_focal":false,"GRID_CODE":"GJ-KU-RAP-095","DISTRICT":"Kachchh","BLOCK":"Rapar"},"geometry":{"type":"Point","coordinates":[70.8307681,23.360968]}},{"type":"Feature","properties":{"GROUP.ID":"G16544430","LOCALITY":"T16_G19C","LATITUDE":23.3664794,"LONGITUDE":70.820749,"OBSERVATION.DATE":"2026-01-25","OBSERVER.ID":"obsr1586891","DURATION.MINUTES":16.0,"SAMPLING.EVENT.IDENTIFIER":"S296359902","species_list":"Asian Green Bee-eater; Asian Koel; Black-winged Stilt; Common Crane; Common Pochard; Common Sandpiper; Eurasian Collared-Dove; Eurasian Coot; Gadwall; Gray Francolin; Great Cormorant; Greater Coucal; Indian Cormorant; Indian Peafowl; Indian Spot-billed Duck; Knob-billed Duck; Laughing Dove; Little Egret; Northern Pintail; Northern Shoveler; Oriental Darter; Sykes's Warbler","n_species":22,"focal_species_seen":"","focal_species_slugs":"","has_focal":false,"GRID_CODE":"GJ-KU-RAP-095","DISTRICT":"Kachchh","BLOCK":"Rapar"},"geometry":{"type":"Point","coordinates":[70.820749,23.3664794]}},{"type":"Feature","properties":{"GROUP.ID":"G16544438","LOCALITY":"T16_G19E","LATITUDE":23.3585473,"LONGITUDE":70.9388377,"OBSERVATION.DATE":"2026-01-25","OBSERVER.ID":"obsr1586891","DURATION.MINUTES":6.0,"SAMPLING.EVENT.IDENTIFIER":"S296359984","species_list":"Bank Swallow","n_species":1,"focal_species_seen":"","focal_species_slugs":"","has_focal":false,"GRID_CODE":"GJ-KU-LIT-078","DISTRICT":"Kachchh","BLOCK":"Little Rann"},"geometry":{"type":"Point","coordinates":[70.9388377,23.3585473]}},{"type":"Feature","properties":{"GROUP.ID":"G16572478","LOCALITY":"Little Rann of Kachchh--West Part","LATITUDE":23.2175875,"LONGITUDE":70.9781326,"OBSERVATION.DATE":"2026-01-24","OBSERVER.ID":"obsr445198","DURATION.MINUTES":15.0,"SAMPLING.EVENT.IDENTIFIER":"S296381114","species_list":"Black-tailed Godwit; Black-winged Kite; Eurasian Spoonbill; Gray Heron; Great Egret; Green-winged Teal; Little Stint; Northern Pintail; Northern Shoveler; Plain Prinia; Purple Heron; Streak-throated Swallow","n_species":12,"focal_species_seen":"","focal_species_slugs":"","has_focal":false,"GRID_CODE":"GJ-KU-LIT-115","DISTRICT":"Kachchh","BLOCK":"Little Rann"},"geometry":{"type":"Point","coordinates":[70.9781326,23.2175875]}},{"type":"Feature","properties":{"GROUP.ID":"G16572477","LOCALITY":"Little Rann of Kachchh--West Part","LATITUDE":23.2175875,"LONGITUDE":70.9781326,"OBSERVATION.DATE":"2026-01-24","OBSERVER.ID":"obsr445198","DURATION.MINUTES":15.0,"SAMPLING.EVENT.IDENTIFIER":"S296382095","species_list":"Common Crane; Eurasian Collared-Dove; Eurasian Coot; Gray Francolin; Graylag Goose; Lesser Whistling-Duck; Shikra; Steppe Eagle; Western Marsh Harrier","n_species":9,"focal_species_seen":"","focal_species_slugs":"","has_focal":false,"GRID_CODE":"GJ-KU-LIT-115","DISTRICT":"Kachchh","BLOCK":"Little Rann"},"geometry":{"type":"Point","coordinates":[70.9781326,23.2175875]}},{"type":"Feature","properties":{"GROUP.ID":"G16572479","LOCALITY":"Little Rann of Kachchh--West Part","LATITUDE":23.2175875,"LONGITUDE":70.9781326,"OBSERVATION.DATE":"2026-01-24","OBSERVER.ID":"obsr445198","DURATION.MINUTES":15.0,"SAMPLING.EVENT.IDENTIFIER":"S296382767","species_list":"Asian Green Bee-eater; Barn Swallow; Bay-backed Shrike; Citrine Wagtail; Common Babbler; Common Kingfisher; Crested Lark; Dalmatian Pelican; Glossy Ibis; Great Cormorant; Great White Pelican; Greater Short-toed Lark; Green Sandpiper; Indian Pond-Heron; Indian Silverbill; Isabelline Shrike; Lesser Flamingo; Lesser Whitethroat; Little Cormorant; Little Grebe; Long-tailed Shrike; Oriental Darter; Pied Kingfisher; Red-vented Bulbul; River Tern; Tawny Pipit; Tree Pipit; Western Yellow Wagtail; White-eared Bulbul; White-throated Kingfisher","n_species":30,"focal_species_seen":"","focal_species_slugs":"","has_focal":false,"GRID_CODE":"GJ-KU-LIT-115","DISTRICT":"Kachchh","BLOCK":"Little Rann"},"geometry":{"type":"Point","coordinates":[70.9781326,23.2175875]}},{"type":"Feature","properties":{"GROUP.ID":"G16544827","LOCALITY":"T15_G33A","LATITUDE":23.400005,"LONGITUDE":71.427375,"OBSERVATION.DATE":"2026-01-24","OBSERVER.ID":"obsr604472","DURATION.MINUTES":34.0,"SAMPLING.EVENT.IDENTIFIER":"S296500952","species_list":"Common Buzzard; Desert Wheatear; Eurasian Collared-Dove; Eurasian Kestrel; Western Marsh Harrier; White-eared Bulbul; White-eyed Buzzard","n_species":7,"focal_species_seen":"","focal_species_slugs":"","has_focal":false,"GRID_CODE":"GJ-KU-LIT-072","DISTRICT":"Kachchh","BLOCK":"Little Rann"},"geometry":{"type":"Point","coordinates":[71.427375,23.400005]}},{"type":"Feature","properties":{"GROUP.ID":"G16544826","LOCALITY":"T15_G33B","LATITUDE":23.403399,"LONGITUDE":71.391492,"OBSERVATION.DATE":"2026-01-24","OBSERVER.ID":"obsr604472","DURATION.MINUTES":16.0,"SAMPLING.EVENT.IDENTIFIER":"S296500991","species_list":"Black Drongo; Crested Lark; Desert Wheatear; Eurasian Kestrel; Montagu's Harrier","n_species":5,"focal_species_seen":"","focal_species_slugs":"","has_focal":false,"GRID_CODE":"GJ-KU-LIT-071","DISTRICT":"Kachchh","BLOCK":"Little Rann"},"geometry":{"type":"Point","coordinates":[71.391492,23.403399]}},{"type":"Feature","properties":{"GROUP.ID":"G16544825","LOCALITY":"T15_G33C","LATITUDE":23.419016,"LONGITUDE":71.374058,"OBSERVATION.DATE":"2026-01-24","OBSERVER.ID":"obsr604472","DURATION.MINUTES":15.0,"SAMPLING.EVENT.IDENTIFIER":"S296501015","species_list":"Asian Green Bee-eater; Black Drongo; Common Crane; Desert Wheatear; Greater Short-toed Lark; Greater Spotted Eagle; Isabelline Shrike; Ruff","n_species":8,"focal_species_seen":"","focal_species_slugs":"","has_focal":false,"GRID_CODE":"GJ-KU-LIT-058","DISTRICT":"Kachchh","BLOCK":"Little Rann"},"geometry":{"type":"Point","coordinates":[71.374058,23.419016]}},{"type":"Feature","properties":{"GROUP.ID":"G16544822","LOCALITY":"T15_G39B","LATITUDE":23.519116,"LONGITUDE":71.373602,"OBSERVATION.DATE":"2026-01-25","OBSERVER.ID":"obsr604472","DURATION.MINUTES":17.0,"SAMPLING.EVENT.IDENTIFIER":"S296501135","species_list":"Desert Wheatear; Eurasian Kestrel","n_species":2,"focal_species_seen":"","focal_species_slugs":"","has_focal":false,"GRID_CODE":"GJ-KU-LIT-036","DISTRICT":"Kachchh","BLOCK":"Little Rann"},"geometry":{"type":"Point","coordinates":[71.373602,23.519116]}},{"type":"Feature","properties":{"GROUP.ID":"G16544821","LOCALITY":"T15_G39C","LATITUDE":23.50739,"LONGITUDE":71.354731,"OBSERVATION.DATE":"2026-01-25","OBSERVER.ID":"obsr604472","DURATION.MINUTES":19.0,"SAMPLING.EVENT.IDENTIFIER":"S296501153","species_list":"Desert Wheatear; Eurasian Kestrel; Gray Heron; Lesser Whitethroat; Montagu's Harrier","n_species":5,"focal_species_seen":"","focal_species_slugs":"","has_focal":false,"GRID_CODE":"GJ-KU-LIT-047","DISTRICT":"Kachchh","BLOCK":"Little Rann"},"geometry":{"type":"Point","coordinates":[71.354731,23.50739]}},{"type":"Feature","properties":{"GROUP.ID":"G16544816","LOCALITY":"T15_G32D","LATITUDE":23.430779,"LONGITUDE":71.262664,"OBSERVATION.DATE":"2026-01-25","OBSERVER.ID":"obsr604472","DURATION.MINUTES":15.0,"SAMPLING.EVENT.IDENTIFIER":"S296501372","species_list":"Eurasian Kestrel; Montagu's Harrier","n_species":2,"focal_species_seen":"","focal_species_slugs":"","has_focal":false,"GRID_CODE":"GJ-KU-LIT-056","DISTRICT":"Kachchh","BLOCK":"Little Rann"},"geometry":{"type":"Point","coordinates":[71.262664,23.430779]}},{"type":"Feature","properties":{"GROUP.ID":"G16544817","LOCALITY":"T15_G32C","LATITUDE":23.451797,"LONGITUDE":71.275971,"OBSERVATION.DATE":"2026-01-25","OBSERVER.ID":"obsr604472","DURATION.MINUTES":30.0,"SAMPLING.EVENT.IDENTIFIER":"S296501396","species_list":"Black-winged Stilt; Booted Eagle; Crested Lark; Eurasian Kestrel; Gray Heron; Great Egret; Great White Pelican; House Crow; Imperial Eagle; Isabelline Shrike; Little Cormorant; Little Egret; Northern Shoveler; Painted Stork; White-eared Bulbul","n_species":15,"focal_species_seen":"","focal_species_slugs":"","has_focal":false,"GRID_CODE":"GJ-KU-LIT-056","DISTRICT":"Kachchh","BLOCK":"Little Rann"},"geometry":{"type":"Point","coordinates":[71.275971,23.451797]}},{"type":"Feature","properties":{"GROUP.ID":"G16544818","LOCALITY":"T15_G32B","LATITUDE":23.451122,"LONGITUDE":71.29678,"OBSERVATION.DATE":"2026-01-25","OBSERVER.ID":"obsr604472","DURATION.MINUTES":15.0,"SAMPLING.EVENT.IDENTIFIER":"S296501417","species_list":"Barn Swallow; Crested Lark; Desert Wheatear; Eurasian Kestrel; Long-billed Pipit; Montagu's Harrier","n_species":6,"focal_species_seen":"","focal_species_slugs":"","has_focal":false,"GRID_CODE":"GJ-KU-LIT-056","DISTRICT":"Kachchh","BLOCK":"Little Rann"},"geometry":{"type":"Point","coordinates":[71.29678,23.451122]}},{"type":"Feature","properties":{"GROUP.ID":"G16544819","LOCALITY":"T15_G32A","LATITUDE":23.471393,"LONGITUDE":71.309487,"OBSERVATION.DATE":"2026-01-25","OBSERVER.ID":"obsr604472","DURATION.MINUTES":17.0,"SAMPLING.EVENT.IDENTIFIER":"S296501446","species_list":"Barn Swallow; Eurasian Kestrel; Montagu's Harrier","n_species":3,"focal_species_seen":"","focal_species_slugs":"","has_focal":false,"GRID_CODE":"GJ-KU-LIT-047","DISTRICT":"Kachchh","BLOCK":"Little Rann"},"geometry":{"type":"Point","coordinates":[71.309487,23.471393]}},{"type":"Feature","properties":{"GROUP.ID":"G16544820","LOCALITY":"T15_G39D","LATITUDE":23.533563,"LONGITUDE":71.35165,"OBSERVATION.DATE":"2026-01-25","OBSERVER.ID":"obsr604472","DURATION.MINUTES":15.0,"SAMPLING.EVENT.IDENTIFIER":"S296502281","species_list":"Eurasian Kestrel","n_species":1,"focal_species_seen":"","focal_species_slugs":"","has_focal":false,"GRID_CODE":"GJ-KU-LIT-035","DISTRICT":"Kachchh","BLOCK":"Little Rann"},"geometry":{"type":"Point","coordinates":[71.35165,23.533563]}},{"type":"Feature","properties":{"GROUP.ID":"G16544813","LOCALITY":"T15_Point count","LATITUDE":23.451682,"LONGITUDE":71.440799,"OBSERVATION.DATE":"2026-01-25","OBSERVER.ID":"obsr604472","DURATION.MINUTES":26.0,"SAMPLING.EVENT.IDENTIFIER":"S296510401","species_list":"Booted Eagle","n_species":1,"focal_species_seen":"","focal_species_slugs":"","has_focal":false,"GRID_CODE":"GJ-KU-LIT-059","DISTRICT":"Kachchh","BLOCK":"Little Rann"},"geometry":{"type":"Point","coordinates":[71.440799,23.451682]}},{"type":"Feature","properties":{"GROUP.ID":"G16544486","LOCALITY":"T1_G26B","LATITUDE":23.355224,"LONGITUDE":71.580006,"OBSERVATION.DATE":"2026-01-24","OBSERVER.ID":"obsr1522701","DURATION.MINUTES":17.0,"SAMPLING.EVENT.IDENTIFIER":"S296510584","species_list":"Asian Green Bee-eater; Eurasian Kestrel; Greater Short-toed Lark; Isabelline Shrike; Montagu's Harrier; Purple Sunbird","n_species":6,"focal_species_seen":"","focal_species_slugs":"","has_focal":false,"GRID_CODE":"GJ-KU-LIT-091","DISTRICT":"Kachchh","BLOCK":"Little Rann"},"geometry":{"type":"Point","coordinates":[71.580006,23.355224]}},{"type":"Feature","properties":{"GROUP.ID":"G16544485","LOCALITY":"T1_G26C","LATITUDE":23.336264,"LONGITUDE":71.613192,"OBSERVATION.DATE":"2026-01-25","OBSERVER.ID":"obsr1522701","DURATION.MINUTES":18.0,"SAMPLING.EVENT.IDENTIFIER":"S296510610","species_list":"Ashy-crowned Sparrow-Lark; Barn Swallow; Bay-backed Shrike; Common Babbler; Desert Wheatear; Eurasian Kestrel; Greater Short-toed Lark; Montagu's Harrier; Purple Sunbird","n_species":9,"focal_species_seen":"","focal_species_slugs":"","has_focal":false,"GRID_CODE":"GJ-KU-LIT-092","DISTRICT":"Kachchh","BLOCK":"Little Rann"},"geometry":{"type":"Point","coordinates":[71.613192,23.336264]}},{"type":"Feature","properties":{"GROUP.ID":"G16544484","LOCALITY":"T1_G26D","LATITUDE":23.342435,"LONGITUDE":71.5827,"OBSERVATION.DATE":"2026-01-25","OBSERVER.ID":"obsr1522701","DURATION.MINUTES":15.0,"SAMPLING.EVENT.IDENTIFIER":"S296510622","species_list":"Desert Wheatear; Eurasian Kestrel; Greater Short-toed Lark; Montagu's Harrier; Pallid Harrier; Shikra","n_species":6,"focal_species_seen":"","focal_species_slugs":"","has_focal":false,"GRID_CODE":"GJ-KU-LIT-091","DISTRICT":"Kachchh","BLOCK":"Little Rann"},"geometry":{"type":"Point","coordinates":[71.5827,23.342435]}},{"type":"Feature","properties":{"GROUP.ID":"G16544483","LOCALITY":"T1_G16A","LATITUDE":23.283336,"LONGITUDE":71.55895,"OBSERVATION.DATE":"2026-01-25","OBSERVER.ID":"obsr1522701","DURATION.MINUTES":15.0,"SAMPLING.EVENT.IDENTIFIER":"S296510630","species_list":"Eurasian Kestrel; Steppe Eagle","n_species":2,"focal_species_seen":"","focal_species_slugs":"","has_focal":false,"GRID_CODE":"GJ-KU-LIT-108","DISTRICT":"Kachchh","BLOCK":"Little Rann"},"geometry":{"type":"Point","coordinates":[71.55895,23.283336]}},{"type":"Feature","properties":{"GROUP.ID":"G16544482","LOCALITY":"T1_G16B","LATITUDE":23.262351,"LONGITUDE":71.5648,"OBSERVATION.DATE":"2026-01-25","OBSERVER.ID":"obsr1522701","DURATION.MINUTES":15.0,"SAMPLING.EVENT.IDENTIFIER":"S296510643","species_list":"Sand Lark","n_species":1,"focal_species_seen":"","focal_species_slugs":"","has_focal":false,"GRID_CODE":"GJ-KU-LIT-108","DISTRICT":"Kachchh","BLOCK":"Little Rann"},"geometry":{"type":"Point","coordinates":[71.5648,23.262351]}},{"type":"Feature","properties":{"GROUP.ID":"G16544481","LOCALITY":"T1_G16C","LATITUDE":23.237117,"LONGITUDE":71.60249,"OBSERVATION.DATE":"2026-01-25","OBSERVER.ID":"obsr1522701","DURATION.MINUTES":15.0,"SAMPLING.EVENT.IDENTIFIER":"S296510650","species_list":"Eurasian Kestrel","n_species":1,"focal_species_seen":"","focal_species_slugs":"","has_focal":false,"GRID_CODE":"GJ-KU-LIT-127","DISTRICT":"Kachchh","BLOCK":"Little Rann"},"geometry":{"type":"Point","coordinates":[71.60249,23.237117]}},{"type":"Feature","properties":{"GROUP.ID":"G16544493","LOCALITY":"T1_G16D","LATITUDE":23.237332,"LONGITUDE":71.566268,"OBSERVATION.DATE":"2026-01-25","OBSERVER.ID":"obsr1522701","DURATION.MINUTES":15.0,"SAMPLING.EVENT.IDENTIFIER":"S296511395","species_list":"Desert Wheatear; Sand Lark","n_species":2,"focal_species_seen":"","focal_species_slugs":"","has_focal":false,"GRID_CODE":"GJ-KU-LIT-127","DISTRICT":"Kachchh","BLOCK":"Little Rann"},"geometry":{"type":"Point","coordinates":[71.566268,23.237332]}},{"type":"Feature","properties":{"GROUP.ID":"G16551628","LOCALITY":"T7_G47b","LATITUDE":23.7092187,"LONGITUDE":70.9642366,"OBSERVATION.DATE":"2026-01-25","OBSERVER.ID":"obsr807222","DURATION.MINUTES":27.0,"SAMPLING.EVENT.IDENTIFIER":"S296684165","species_list":"Asian Green Bee-eater; Black-winged Stilt; Common Crane; Common Sandpiper; Desert Wheatear; Eurasian Collared-Dove; Eurasian Wigeon; Gray Francolin; Indian Pond-Heron; Indian Spot-billed Duck; Little Stint; Marsh Sandpiper; Northern Pintail; Purple Sunbird; Ruddy Shelduck; Streak-throated Swallow; Wire-tailed Swallow; Wood Sandpiper","n_species":18,"focal_species_seen":"","focal_species_slugs":"","has_focal":false,"GRID_CODE":"GJ-KU-RAN-561","DISTRICT":"Kachchh","BLOCK":"Rann of Kachchh"},"geometry":{"type":"Point","coordinates":[70.9642366,23.7092187]}}]}
