{"type":"FeatureCollection","features":[{"type":"Feature","properties":{"GROUP.ID":"G18451276","LOCALITY":"Vernora--Zikdi-Hobay Road, Zikdi, Gujarat, IN (23.347, 69.852)","LATITUDE":23.347264,"LONGITUDE":69.8520569,"OBSERVATION.DATE":"2026-09-24","OBSERVER.ID":"obsr494050","DURATION.MINUTES":15.0,"SAMPLING.EVENT.IDENTIFIER":"S395849416","species_list":"Asian Green Bee-eater; Baya Weaver; Eastern Red-rumped Swallow; Eurasian Collared-Dove; Green Sandpiper; Indian Silverbill; Laughing Dove; Lesser Whitethroat; Little Grebe; Plain Prinia; Purple Sunbird; Red-vented Bulbul; Red-wattled Lapwing; Temminck's Stint; Western Yellow Wagtail","n_species":15,"focal_species_seen":"","focal_species_slugs":"","has_focal":false,"GRID_CODE":"GJ-KU-BHU-114","DISTRICT":"Kachchh","BLOCK":"Bhuj"},"geometry":{"type":"Point","coordinates":[69.8520569,23.347264]}},{"type":"Feature","properties":{"GROUP.ID":"S395849866","LOCALITY":"Nadapa Road, Nadapa, Gujarat, IN (23.324, 69.864)","LATITUDE":23.3244907,"LONGITUDE":69.8644366,"OBSERVATION.DATE":"2026-09-24","OBSERVER.ID":"obsr494050","DURATION.MINUTES":49.0,"SAMPLING.EVENT.IDENTIFIER":"S395849866","species_list":"Asian Green Bee-eater; Barn Swallow; Baya Weaver; Common Babbler; Common Tailorbird; Eurasian Collared-Dove; Gray Francolin; Indian Robin; Indian Silverbill; Jungle Prinia; Laughing Dove; Lesser Whitethroat; Purple Sunbird; Red-vented Bulbul; Rufous-fronted Prinia; Small Minivet; Spotted Flycatcher; Sykes's Warbler; White-eared Bulbul; White-tailed Iora; White-throated Kingfisher","n_species":21,"focal_species_seen":"Spotted Flycatcher","focal_species_slugs":"spotted-flycatcher","has_focal":true,"GRID_CODE":"GJ-KU-BHU-115","DISTRICT":"Kachchh","BLOCK":"Bhuj"},"geometry":{"type":"Point","coordinates":[69.8644366,23.3244907]}},{"type":"Feature","properties":{"GROUP.ID":"G18452748","LOCALITY":"Chhari Dhandh Conservation Reserve","LATITUDE":23.5822381,"LONGITUDE":69.3151474,"OBSERVATION.DATE":"2026-09-25","OBSERVER.ID":"obsr8001542","DURATION.MINUTES":30.0,"SAMPLING.EVENT.IDENTIFIER":"S395991655","species_list":"Ashy-crowned Sparrow-Lark; Asian Green Bee-eater; Bay-backed Shrike; Black-winged Stilt; Black Drongo; Common Babbler; Common Greenshank; Common Hoopoe; Common Sandpiper; Common Snipe; Crested Lark; Eastern Cattle-Egret; Eastern Red-rumped Swallow; Eurasian Collared-Dove; Glossy Ibis; Gray Heron; Great Egret; Greater Short-toed Lark; Green Sandpiper; House Crow; House Sparrow; Indian Pond-Heron; Indian Robin; Indian Silverbill; Indian Spot-billed Duck; Isabelline Shrike; Isabelline Wheatear; Laughing Dove; Lesser Whitethroat; Little Cormorant; Little Egret; Little Ringed Plover; Little Stint; Little Swift; Marsh Sandpiper; Northern Shoveler; Paddyfield Pipit; Plain Prinia; Purple Sunbird; Red-naped Ibis; Red-vented Bulbul; Red-wattled Lapwing; Red Collared-Dove; Ruff; Rufous-tailed Lark; Rufous-tailed Scrub-Robin; Siberian Stonechat; Streak-throated Swallow; Tawny Pipit; Temminck's Stint; Variable Wheatear; Western Yellow Wagtail; White-eared Bulbul; White-throated Kingfisher; Wire-tailed Swallow; Wood Sandpiper","n_species":56,"focal_species_seen":"Rufous-tailed Scrub-Robin","focal_species_slugs":"rufous-tailed-scrub-robin","has_focal":true,"GRID_CODE":"GJ-KU-LIT-008","DISTRICT":"Kachchh","BLOCK":"Little Rann"},"geometry":{"type":"Point","coordinates":[69.3151474,23.5822381]}},{"type":"Feature","properties":{"GROUP.ID":"G18455041","LOCALITY":"Forest Rest House, Dhordo","LATITUDE":23.782004,"LONGITUDE":69.50849,"OBSERVATION.DATE":"2026-09-25","OBSERVER.ID":"obsr1065391","DURATION.MINUTES":63.0,"SAMPLING.EVENT.IDENTIFIER":"S396172287","species_list":"Indian Thick-knee","n_species":1,"focal_species_seen":"","focal_species_slugs":"","has_focal":false,"GRID_CODE":"GJ-KU-BHU-019","DISTRICT":"Kachchh","BLOCK":"Bhuj"},"geometry":{"type":"Point","coordinates":[69.50849,23.782004]}},{"type":"Feature","properties":{"GROUP.ID":"G18455049","LOCALITY":"Dhorada Hodka Road, Kachchh IN-Gujarat 23.77760, 69.51180","LATITUDE":23.777595,"LONGITUDE":69.511802,"OBSERVATION.DATE":"2026-09-25","OBSERVER.ID":"obsr1065391","DURATION.MINUTES":13.0,"SAMPLING.EVENT.IDENTIFIER":"S396172439","species_list":"Sykes's Nightjar","n_species":1,"focal_species_seen":"","focal_species_slugs":"","has_focal":false,"GRID_CODE":"GJ-KU-BHU-019","DISTRICT":"Kachchh","BLOCK":"Bhuj"},"geometry":{"type":"Point","coordinates":[69.511802,23.777595]}},{"type":"Feature","properties":{"GROUP.ID":"S396186767","LOCALITY":"Tadav Road, Rapar, Gujarat, IN (23.569, 70.653)","LATITUDE":23.5688803,"LONGITUDE":70.6530941,"OBSERVATION.DATE":"2026-09-26","OBSERVER.ID":"obsr4592234","DURATION.MINUTES":17.0,"SAMPLING.EVENT.IDENTIFIER":"S396186767","species_list":"Spotted Owlet","n_species":1,"focal_species_seen":"","focal_species_slugs":"","has_focal":false,"GRID_CODE":"GJ-KU-RAP-051","DISTRICT":"Kachchh","BLOCK":"Rapar"},"geometry":{"type":"Point","coordinates":[70.6530941,23.5688803]}},{"type":"Feature","properties":{"GROUP.ID":"S396186842","LOCALITY":"Rapar, Gujarat, IN (23.562, 70.656)","LATITUDE":23.5615279,"LONGITUDE":70.65638,"OBSERVATION.DATE":"2026-09-26","OBSERVER.ID":"obsr4592234","DURATION.MINUTES":34.0,"SAMPLING.EVENT.IDENTIFIER":"S396186842","species_list":"Spotted Owlet","n_species":1,"focal_species_seen":"","focal_species_slugs":"","has_focal":false,"GRID_CODE":"GJ-KU-RAP-052","DISTRICT":"Kachchh","BLOCK":"Rapar"},"geometry":{"type":"Point","coordinates":[70.65638,23.5615279]}},{"type":"Feature","properties":{"GROUP.ID":"S396235780","LOCALITY":"Kachchh, Gujarat, IN (23.82, 70.801)","LATITUDE":23.8201747,"LONGITUDE":70.8011715,"OBSERVATION.DATE":"2026-09-26","OBSERVER.ID":"obsr807380","DURATION.MINUTES":1.0,"SAMPLING.EVENT.IDENTIFIER":"S396235780","species_list":"Red-wattled Lapwing","n_species":1,"focal_species_seen":"","focal_species_slugs":"","has_focal":false,"GRID_CODE":"GJ-KU-RAP-012","DISTRICT":"Kachchh","BLOCK":"Rapar"},"geometry":{"type":"Point","coordinates":[70.8011715,23.8201747]}},{"type":"Feature","properties":{"GROUP.ID":"G18457028","LOCALITY":"Chitrod Adesar Road, Kachchh IN-GJ 23.40676, 70.68233","LATITUDE":23.406755,"LONGITUDE":70.682327,"OBSERVATION.DATE":"2026-09-26","OBSERVER.ID":"obsr7914099","DURATION.MINUTES":null,"SAMPLING.EVENT.IDENTIFIER":"S396243664","species_list":"European Roller","n_species":1,"focal_species_seen":"European Roller","focal_species_slugs":"european-roller","has_focal":true,"GRID_CODE":"GJ-KU-RAP-092","DISTRICT":"Kachchh","BLOCK":"Rapar"},"geometry":{"type":"Point","coordinates":[70.682327,23.406755]}},{"type":"Feature","properties":{"GROUP.ID":"G18468850","LOCALITY":"Pandhro Subhashpar Highway, Kachchh, Gujarat, IN (23.66, 68.751)","LATITUDE":23.6602463,"LONGITUDE":68.751047,"OBSERVATION.DATE":"2026-09-25","OBSERVER.ID":"obsr494050","DURATION.MINUTES":3.0,"SAMPLING.EVENT.IDENTIFIER":"S396244442","species_list":"Indian Nightjar; Indian Thick-knee; Laughing Dove; Red-wattled Lapwing; Spotted Owlet","n_species":5,"focal_species_seen":"","focal_species_slugs":"","has_focal":false,"GRID_CODE":"GJ-KU-LAK-035","DISTRICT":"Kachchh","BLOCK":"Lakhpat"},"geometry":{"type":"Point","coordinates":[68.751047,23.6602463]}},{"type":"Feature","properties":{"GROUP.ID":"G18457422","LOCALITY":"T36G01(incidental)","LATITUDE":23.1069069,"LONGITUDE":69.0125014,"OBSERVATION.DATE":"2026-09-26","OBSERVER.ID":"obsr3339457","DURATION.MINUTES":null,"SAMPLING.EVENT.IDENTIFIER":"S396244833","species_list":"Common Babbler; European Roller; Red-vented Bulbul","n_species":3,"focal_species_seen":"European Roller","focal_species_slugs":"european-roller","has_focal":true,"GRID_CODE":"GJ-KU-ABD-083","DISTRICT":"Kachchh","BLOCK":"Abdasa"},"geometry":{"type":"Point","coordinates":[69.0125014,23.1069069]}},{"type":"Feature","properties":{"GROUP.ID":"G18457055","LOCALITY":"Chitrod Adesar Road, Kachchh IN-GJ 23.40832, 70.79997","LATITUDE":23.408317,"LONGITUDE":70.79997,"OBSERVATION.DATE":"2026-09-26","OBSERVER.ID":"obsr7914099","DURATION.MINUTES":null,"SAMPLING.EVENT.IDENTIFIER":"S396244888","species_list":"Eastern Cattle-Egret; Eurasian Collared-Dove; European Roller; Medium Egret","n_species":4,"focal_species_seen":"European Roller","focal_species_slugs":"european-roller","has_focal":true,"GRID_CODE":"GJ-KU-RAP-094","DISTRICT":"Kachchh","BLOCK":"Rapar"},"geometry":{"type":"Point","coordinates":[70.79997,23.408317]}},{"type":"Feature","properties":{"GROUP.ID":"S396246259","LOCALITY":"Dholavira, Gujarat, IN (23.875, 70.215)","LATITUDE":23.8754675,"LONGITUDE":70.2154527,"OBSERVATION.DATE":"2026-09-26","OBSERVER.ID":"obsr2959866","DURATION.MINUTES":null,"SAMPLING.EVENT.IDENTIFIER":"S396246259","species_list":"European Roller","n_species":1,"focal_species_seen":"European Roller","focal_species_slugs":"european-roller","has_focal":true,"GRID_CODE":"GJ-KU-BHA-003","DISTRICT":"Kachchh","BLOCK":"Bhachau"},"geometry":{"type":"Point","coordinates":[70.2154527,23.8754675]}},{"type":"Feature","properties":{"GROUP.ID":"G18457156","LOCALITY":"Rapar, Kachchh IN-GJ 23.41694, 70.86449","LATITUDE":23.416937,"LONGITUDE":70.864486,"OBSERVATION.DATE":"2026-09-26","OBSERVER.ID":"obsr7914099","DURATION.MINUTES":3.0,"SAMPLING.EVENT.IDENTIFIER":"S396247241","species_list":"Eastern Cattle-Egret; Eurasian Collared-Dove; European Roller; Gray Francolin; House Sparrow; Indian Peafowl; Laughing Dove; Little Egret; Pied Bushchat","n_species":9,"focal_species_seen":"European Roller","focal_species_slugs":"european-roller","has_focal":true,"GRID_CODE":"GJ-KU-RAP-089","DISTRICT":"Kachchh","BLOCK":"Rapar"},"geometry":{"type":"Point","coordinates":[70.864486,23.416937]}},{"type":"Feature","properties":{"GROUP.ID":"G18457171","LOCALITY":"T45 Incidental Gujarat State Highway 42, Dolatpar, Gujarat, IN (23.603, 68.893)","LATITUDE":23.6025832,"LONGITUDE":68.8927977,"OBSERVATION.DATE":"2026-09-26","OBSERVER.ID":"obsr1173605","DURATION.MINUTES":null,"SAMPLING.EVENT.IDENTIFIER":"S396247662","species_list":"European Roller","n_species":1,"focal_species_seen":"European Roller","focal_species_slugs":"european-roller","has_focal":true,"GRID_CODE":"GJ-KU-LAK-052","DISTRICT":"Kachchh","BLOCK":"Lakhpat"},"geometry":{"type":"Point","coordinates":[68.8927977,23.6025832]}},{"type":"Feature","properties":{"GROUP.ID":"G18457222","LOCALITY":"Mandvi - Sherdi Road, Bhadai Moti, Gujarat, IN (22.963, 69.337)","LATITUDE":22.963195,"LONGITUDE":69.3372767,"OBSERVATION.DATE":"2026-09-26","OBSERVER.ID":"obsr6495382","DURATION.MINUTES":null,"SAMPLING.EVENT.IDENTIFIER":"S396247940","species_list":"European Roller","n_species":1,"focal_species_seen":"European Roller","focal_species_slugs":"european-roller","has_focal":true,"GRID_CODE":"GJ-KU-MAN-022","DISTRICT":"Kachchh","BLOCK":"Mandvi"},"geometry":{"type":"Point","coordinates":[69.3372767,22.963195]}},{"type":"Feature","properties":{"GROUP.ID":"G18457223","LOCALITY":"Mandvi - Sherdi Road, Bhadai Moti, Gujarat, IN (22.968, 69.337)","LATITUDE":22.9681867,"LONGITUDE":69.3373783,"OBSERVATION.DATE":"2026-09-26","OBSERVER.ID":"obsr6495382","DURATION.MINUTES":null,"SAMPLING.EVENT.IDENTIFIER":"S396248043","species_list":"European Roller","n_species":1,"focal_species_seen":"European Roller","focal_species_slugs":"european-roller","has_focal":true,"GRID_CODE":"GJ-KU-MAN-022","DISTRICT":"Kachchh","BLOCK":"Mandvi"},"geometry":{"type":"Point","coordinates":[69.3373783,22.9681867]}},{"type":"Feature","properties":{"GROUP.ID":"G18469293","LOCALITY":"T32G1","LATITUDE":23.6933602,"LONGITUDE":69.2065193,"OBSERVATION.DATE":"2026-09-26","OBSERVER.ID":"obsr1925442","DURATION.MINUTES":20.0,"SAMPLING.EVENT.IDENTIFIER":"S396248318","species_list":"Asian Green Bee-eater; Blue-cheeked Bee-eater; Common Babbler; Eurasian Collared-Dove; European Roller; House Sparrow; Lesser Whitethroat; Little Cormorant; Northern Shoveler; Red-wattled Lapwing; Western Marsh Harrier; White-eared Bulbul; White-throated Kingfisher; Yellow-throated Sparrow","n_species":14,"focal_species_seen":"Blue-cheeked Bee-eater; European Roller","focal_species_slugs":"blue-cheeked-bee-eater;european-roller","has_focal":true,"GRID_CODE":"GJ-KU-BHU-040","DISTRICT":"Kachchh","BLOCK":"Bhuj"},"geometry":{"type":"Point","coordinates":[69.2065193,23.6933602]}},{"type":"Feature","properties":{"GROUP.ID":"G18483898","LOCALITY":"Gadhsisha-Sherdi Road, Kachchh, Gujarat, IN (23.033, 69.341)","LATITUDE":23.0333333,"LONGITUDE":69.3407633,"OBSERVATION.DATE":"2026-09-26","OBSERVER.ID":"obsr6495382","DURATION.MINUTES":null,"SAMPLING.EVENT.IDENTIFIER":"S396249140","species_list":"European Roller","n_species":1,"focal_species_seen":"European Roller","focal_species_slugs":"european-roller","has_focal":true,"GRID_CODE":"GJ-KU-MAN-013","DISTRICT":"Kachchh","BLOCK":"Mandvi"},"geometry":{"type":"Point","coordinates":[69.3407633,23.0333333]}},{"type":"Feature","properties":{"GROUP.ID":"G18458181","LOCALITY":"Gadhsisha-Sherdi Road, Kachchh, Gujarat, IN (23.042, 69.342)","LATITUDE":23.0423267,"LONGITUDE":69.34222,"OBSERVATION.DATE":"2026-09-26","OBSERVER.ID":"obsr6495382","DURATION.MINUTES":null,"SAMPLING.EVENT.IDENTIFIER":"S396249312","species_list":"European Roller","n_species":1,"focal_species_seen":"European Roller","focal_species_slugs":"european-roller","has_focal":true,"GRID_CODE":"GJ-KU-MAN-013","DISTRICT":"Kachchh","BLOCK":"Mandvi"},"geometry":{"type":"Point","coordinates":[69.34222,23.0423267]}},{"type":"Feature","properties":{"GROUP.ID":"G18458259","LOCALITY":"Gadhsisha-Sherdi Road, Kachchh, Gujarat, IN (23.064, 69.344)","LATITUDE":23.0639667,"LONGITUDE":69.343645,"OBSERVATION.DATE":"2026-09-26","OBSERVER.ID":"obsr6495382","DURATION.MINUTES":null,"SAMPLING.EVENT.IDENTIFIER":"S396249687","species_list":"European Roller","n_species":1,"focal_species_seen":"European Roller","focal_species_slugs":"european-roller","has_focal":true,"GRID_CODE":"GJ-KU-MAN-006","DISTRICT":"Kachchh","BLOCK":"Mandvi"},"geometry":{"type":"Point","coordinates":[69.343645,23.0639667]}},{"type":"Feature","properties":{"GROUP.ID":"G18477366","LOCALITY":"Dholavira-Janan Road, Kharoda, Gujarat, IN (23.85, 70.234)","LATITUDE":23.849626,"LONGITUDE":70.2335358,"OBSERVATION.DATE":"2026-09-26","OBSERVER.ID":"obsr2959866","DURATION.MINUTES":null,"SAMPLING.EVENT.IDENTIFIER":"S396250334","species_list":"Indian Silverbill","n_species":1,"focal_species_seen":"","focal_species_slugs":"","has_focal":false,"GRID_CODE":"GJ-KU-BHA-008","DISTRICT":"Kachchh","BLOCK":"Bhachau"},"geometry":{"type":"Point","coordinates":[70.2335358,23.849626]}},{"type":"Feature","properties":{"GROUP.ID":"G18477367","LOCALITY":"Dholavira-Janan Road, Kharoda, Gujarat, IN (23.847, 70.249)","LATITUDE":23.8465613,"LONGITUDE":70.2487289,"OBSERVATION.DATE":"2026-09-26","OBSERVER.ID":"obsr2959866","DURATION.MINUTES":null,"SAMPLING.EVENT.IDENTIFIER":"S396250366","species_list":"European Roller","n_species":1,"focal_species_seen":"European Roller","focal_species_slugs":"european-roller","has_focal":true,"GRID_CODE":"GJ-KU-BHA-008","DISTRICT":"Kachchh","BLOCK":"Bhachau"},"geometry":{"type":"Point","coordinates":[70.2487289,23.8465613]}},{"type":"Feature","properties":{"GROUP.ID":"G18477368","LOCALITY":"Dholavira-Janan Road, Kalyanpar, Gujarat, IN (23.844, 70.26)","LATITUDE":23.8442259,"LONGITUDE":70.2604471,"OBSERVATION.DATE":"2026-09-26","OBSERVER.ID":"obsr2959866","DURATION.MINUTES":null,"SAMPLING.EVENT.IDENTIFIER":"S396250397","species_list":"Black-winged Kite","n_species":1,"focal_species_seen":"","focal_species_slugs":"","has_focal":false,"GRID_CODE":"GJ-KU-BHA-009","DISTRICT":"Kachchh","BLOCK":"Bhachau"},"geometry":{"type":"Point","coordinates":[70.2604471,23.8442259]}},{"type":"Feature","properties":{"GROUP.ID":"G18477369","LOCALITY":"Dholavira-Janan Road, Janan, Gujarat, IN (23.832, 70.293)","LATITUDE":23.8316246,"LONGITUDE":70.2925252,"OBSERVATION.DATE":"2026-09-26","OBSERVER.ID":"obsr2959866","DURATION.MINUTES":null,"SAMPLING.EVENT.IDENTIFIER":"S396250431","species_list":"Western Marsh Harrier","n_species":1,"focal_species_seen":"","focal_species_slugs":"","has_focal":false,"GRID_CODE":"GJ-KU-BHA-009","DISTRICT":"Kachchh","BLOCK":"Bhachau"},"geometry":{"type":"Point","coordinates":[70.2925252,23.8316246]}},{"type":"Feature","properties":{"GROUP.ID":"G18457324","LOCALITY":"T45 Incidental Gaduli Road, Virani, Gujarat, IN (23.682, 68.888)","LATITUDE":23.6815521,"LONGITUDE":68.888064,"OBSERVATION.DATE":"2026-09-26","OBSERVER.ID":"obsr1173605","DURATION.MINUTES":null,"SAMPLING.EVENT.IDENTIFIER":"S396250603","species_list":"European Roller","n_species":1,"focal_species_seen":"European Roller","focal_species_slugs":"european-roller","has_focal":true,"GRID_CODE":"GJ-KU-LAK-024","DISTRICT":"Kachchh","BLOCK":"Lakhpat"},"geometry":{"type":"Point","coordinates":[68.888064,23.6815521]}},{"type":"Feature","properties":{"GROUP.ID":"G18478744","LOCALITY":"T32G1","LATITUDE":23.6933602,"LONGITUDE":69.2065193,"OBSERVATION.DATE":"2026-09-26","OBSERVER.ID":"obsr1925442","DURATION.MINUTES":17.0,"SAMPLING.EVENT.IDENTIFIER":"S396250869","species_list":"Asian Green Bee-eater; Common Sandpiper; Common Tailorbird; Green Sandpiper; Indian Bushlark; Indian Spot-billed Duck; Little Cormorant; Little Ringed Plover; Pied Cuckoo; Yellow-wattled Lapwing","n_species":10,"focal_species_seen":"","focal_species_slugs":"","has_focal":false,"GRID_CODE":"GJ-KU-BHU-040","DISTRICT":"Kachchh","BLOCK":"Bhuj"},"geometry":{"type":"Point","coordinates":[69.2065193,23.6933602]}},{"type":"Feature","properties":{"GROUP.ID":"G18458319","LOCALITY":"T4G4","LATITUDE":23.1540169,"LONGITUDE":69.474884,"OBSERVATION.DATE":"2026-09-26","OBSERVER.ID":"obsr680651","DURATION.MINUTES":72.0,"SAMPLING.EVENT.IDENTIFIER":"S396251742","species_list":"Black Redstart; Blue-cheeked Bee-eater; Common Hoopoe; Common Kingfisher; Common Tailorbird; Eurasian Collared-Dove; Glossy Ibis; Gray Francolin; Greater Whitethroat; Green Sandpiper; Indian Cormorant; Indian Peafowl; Laughing Dove; Lesser Whistling-Duck; Lesser Whitethroat; Pied Kingfisher; Purple Sunbird; Red-vented Bulbul; Red-wattled Lapwing; River Tern; Rose-ringed Parakeet; Shikra; Small Minivet; Spotted Flycatcher; Spotted Owlet; White-browed Wagtail; White-naped Tit","n_species":27,"focal_species_seen":"Blue-cheeked Bee-eater; Greater Whitethroat; Spotted Flycatcher","focal_species_slugs":"blue-cheeked-bee-eater;greater-whitethroat;spotted-flycatcher","has_focal":true,"GRID_CODE":"GJ-KU-BHU-152","DISTRICT":"Kachchh","BLOCK":"Bhuj"},"geometry":{"type":"Point","coordinates":[69.474884,23.1540169]}},{"type":"Feature","properties":{"GROUP.ID":"G18461584","LOCALITY":"T2-2 GJ-KU-BHU-137","LATITUDE":23.2349375,"LONGITUDE":69.7668347,"OBSERVATION.DATE":"2026-09-26","OBSERVER.ID":"obsr2895441","DURATION.MINUTES":41.0,"SAMPLING.EVENT.IDENTIFIER":"S396252475","species_list":"Ashy-crowned Sparrow-Lark; Asian Green Bee-eater; Asian Koel; Baya Weaver; Black-winged Stilt; Common Babbler; Common Woodshrike; Delicate Prinia; Eastern Cattle-Egret; Eastern Red-rumped Swallow; Eurasian Collared-Dove; European Roller; Gray-headed Swamphen; Gray Francolin; Gray Wagtail; Green Sandpiper; House Sparrow; Indian Nightjar; Indian Robin; Indian Thick-knee; Laughing Dove; Lesser Whistling-Duck; Lesser Whitethroat; Little Swift; Long-tailed Shrike; Oriental Honey-buzzard; Purple Sunbird; Red-naped Ibis; Red-vented Bulbul; Red-wattled Lapwing; Red Collared-Dove; River Tern; Rose-ringed Parakeet; Rosy Starling; Rufous-fronted Prinia; Streak-throated Swallow; Variable Wheatear; Wire-tailed Swallow","n_species":38,"focal_species_seen":"European Roller","focal_species_slugs":"european-roller","has_focal":true,"GRID_CODE":"GJ-KU-BHU-137","DISTRICT":"Kachchh","BLOCK":"Bhuj"},"geometry":{"type":"Point","coordinates":[69.7668347,23.2349375]}},{"type":"Feature","properties":{"GROUP.ID":"G18458097","LOCALITY":"Chhadavada, Gujarat, IN (23.291, 70.444)","LATITUDE":23.2906048,"LONGITUDE":70.4441309,"OBSERVATION.DATE":"2026-09-26","OBSERVER.ID":"obsr2283188","DURATION.MINUTES":32.0,"SAMPLING.EVENT.IDENTIFIER":"S396252575","species_list":"Asian Green Bee-eater; Black-headed Ibis; Black-winged Stilt; Common Babbler; Eastern Cattle-Egret; Eurasian Collared-Dove; Eurasian Coot; European Roller; Glossy Ibis; House Sparrow; Indian Peafowl; Indian Robin; Indian Silverbill; Laughing Dove; Long-tailed Shrike; Pied Kingfisher; Red-vented Bulbul; Red-wattled Lapwing; White-eared Bulbul; Yellow-wattled Lapwing","n_species":20,"focal_species_seen":"European Roller","focal_species_slugs":"european-roller","has_focal":true,"GRID_CODE":"GJ-KU-BHA-055","DISTRICT":"Kachchh","BLOCK":"Bhachau"},"geometry":{"type":"Point","coordinates":[70.4441309,23.2906048]}},{"type":"Feature","properties":{"GROUP.ID":"G18461406","LOCALITY":"T15G2","LATITUDE":23.5235183,"LONGITUDE":69.40013,"OBSERVATION.DATE":"2026-09-26","OBSERVER.ID":"obsr1419186","DURATION.MINUTES":34.0,"SAMPLING.EVENT.IDENTIFIER":"S396252616","species_list":"Asian Green Bee-eater; Baya Weaver; Common Babbler; European Roller; Gray-breasted Prinia; Gray Francolin; House Crow; Indian Peafowl; Laughing Dove; Lesser Whitethroat; Little Egret; Oriental Honey-buzzard; Plain Prinia; Purple Sunbird; Red-vented Bulbul; Red Collared-Dove; Variable Wheatear; White-eared Bulbul","n_species":18,"focal_species_seen":"European Roller","focal_species_slugs":"european-roller","has_focal":true,"GRID_CODE":"GJ-KU-LIT-023","DISTRICT":"Kachchh","BLOCK":"Little Rann"},"geometry":{"type":"Point","coordinates":[69.40013,23.5235183]}},{"type":"Feature","properties":{"GROUP.ID":"G18461405","LOCALITY":"Unnamed Road, Jalu, Gujarat, IN (23.526, 69.331)","LATITUDE":23.5259167,"LONGITUDE":69.3310517,"OBSERVATION.DATE":"2026-09-26","OBSERVER.ID":"obsr1419186","DURATION.MINUTES":null,"SAMPLING.EVENT.IDENTIFIER":"S396252683","species_list":"Asian Green Bee-eater; Black Redstart; Common Babbler; European Roller; Gray Francolin; Indian Robin; Indian Spot-billed Duck; Red-vented Bulbul","n_species":8,"focal_species_seen":"European Roller","focal_species_slugs":"european-roller","has_focal":true,"GRID_CODE":"GJ-KU-LIT-022","DISTRICT":"Kachchh","BLOCK":"Little Rann"},"geometry":{"type":"Point","coordinates":[69.3310517,23.5259167]}},{"type":"Feature","properties":{"GROUP.ID":"G18472254","LOCALITY":"T18G2","LATITUDE":23.6647453,"LONGITUDE":70.6023254,"OBSERVATION.DATE":"2026-09-26","OBSERVER.ID":"obsr807380","DURATION.MINUTES":65.0,"SAMPLING.EVENT.IDENTIFIER":"S396252966","species_list":"Asian Green Bee-eater; Baya Weaver; Black-headed Ibis; Black-winged Stilt; Blyth's Reed Warbler; Chestnut-bellied Sandgrouse; Common Babbler; Common Greenshank; Common Hoopoe; Common Sandpiper; Eastern Cattle-Egret; Eastern Red-rumped Swallow; Eurasian Collared-Dove; Gray Francolin; House Sparrow; Indian Peafowl; Indian Robin; Isabelline Wheatear; Laughing Dove; Little Egret; Little Ringed Plover; Little Stint; Medium Egret; Red-naped Ibis; Red-vented Bulbul; Red-wattled Lapwing; Rosy Starling; Sand Lark; Siberian Stonechat; Western Marsh Harrier; White-eared Bulbul","n_species":31,"focal_species_seen":"","focal_species_slugs":"","has_focal":false,"GRID_CODE":"GJ-KU-RAP-029","DISTRICT":"Kachchh","BLOCK":"Rapar"},"geometry":{"type":"Point","coordinates":[70.6023254,23.6647453]}},{"type":"Feature","properties":{"GROUP.ID":"G18461583","LOCALITY":"T2-2 GJ-KU-BHU-137","LATITUDE":23.2349375,"LONGITUDE":69.7668347,"OBSERVATION.DATE":"2026-09-26","OBSERVER.ID":"obsr2895441","DURATION.MINUTES":null,"SAMPLING.EVENT.IDENTIFIER":"S396252984","species_list":"Indian Silverbill; Red-naped Ibis; River Tern","n_species":3,"focal_species_seen":"","focal_species_slugs":"","has_focal":false,"GRID_CODE":"GJ-KU-BHU-137","DISTRICT":"Kachchh","BLOCK":"Bhuj"},"geometry":{"type":"Point","coordinates":[69.7668347,23.2349375]}},{"type":"Feature","properties":{"GROUP.ID":"G18461582","LOCALITY":"T2-2 GJ-KU-BHU-137","LATITUDE":23.2349375,"LONGITUDE":69.7668347,"OBSERVATION.DATE":"2026-09-26","OBSERVER.ID":"obsr2895441","DURATION.MINUTES":null,"SAMPLING.EVENT.IDENTIFIER":"S396253228","species_list":"Pied Cuckoo","n_species":1,"focal_species_seen":"","focal_species_slugs":"","has_focal":false,"GRID_CODE":"GJ-KU-BHU-137","DISTRICT":"Kachchh","BLOCK":"Bhuj"},"geometry":{"type":"Point","coordinates":[69.7668347,23.2349375]}},{"type":"Feature","properties":{"GROUP.ID":"G18457871","LOCALITY":"T36G01","LATITUDE":23.1048298,"LONGITUDE":69.0385026,"OBSERVATION.DATE":"2026-09-26","OBSERVER.ID":"obsr3339457","DURATION.MINUTES":68.0,"SAMPLING.EVENT.IDENTIFIER":"S396253374","species_list":"Ashy-crowned Sparrow-Lark; Asian Green Bee-eater; Barn Swallow; Bay-backed Shrike; Baya Weaver; Black Drongo; Brown Rock Chat; Common Babbler; Common Hoopoe; Common Sandpiper; Common Tailorbird; Eastern Red-rumped Swallow; Eurasian Collared-Dove; European Roller; Gray-breasted Prinia; Gray Francolin; Green Sandpiper; Indian Robin; Isabelline Shrike; Laughing Dove; Lesser Whitethroat; Long-tailed Shrike; Purple Heron; Purple Sunbird; Red-vented Bulbul; Red-wattled Lapwing; Rosy Starling; Rufous-tailed Scrub-Robin; Siberian Stonechat; Small Minivet; Spotted Flycatcher; White-eared Bulbul; White-throated Kingfisher; Yellow-crowned Woodpecker; Zitting Cisticola","n_species":35,"focal_species_seen":"European Roller; Rufous-tailed Scrub-Robin; Spotted Flycatcher","focal_species_slugs":"european-roller;rufous-tailed-scrub-robin;spotted-flycatcher","has_focal":true,"GRID_CODE":"GJ-KU-ABD-083","DISTRICT":"Kachchh","BLOCK":"Abdasa"},"geometry":{"type":"Point","coordinates":[69.0385026,23.1048298]}},{"type":"Feature","properties":{"GROUP.ID":"G18457565","LOCALITY":"National Highway 341, Varshamedi, Gujarat","LATITUDE":23.1456841,"LONGITUDE":70.1074373,"OBSERVATION.DATE":"2026-09-26","OBSERVER.ID":"obsr453899","DURATION.MINUTES":null,"SAMPLING.EVENT.IDENTIFIER":"S396253957","species_list":"Red-wattled Lapwing; Streak-throated Swallow; Western Marsh Harrier; White-throated Kingfisher","n_species":4,"focal_species_seen":"","focal_species_slugs":"","has_focal":false,"GRID_CODE":"GJ-KU-ANJ-026","DISTRICT":"Kachchh","BLOCK":"Anjar"},"geometry":{"type":"Point","coordinates":[70.1074373,23.1456841]}},{"type":"Feature","properties":{"GROUP.ID":"G18461581","LOCALITY":"Kukma, Gujarat, IN (23.22, 69.78)","LATITUDE":23.220319,"LONGITUDE":69.7796632,"OBSERVATION.DATE":"2026-09-26","OBSERVER.ID":"obsr2895441","DURATION.MINUTES":null,"SAMPLING.EVENT.IDENTIFIER":"S396254257","species_list":"Paddyfield Pipit; Red-wattled Lapwing; White-throated Kingfisher","n_species":3,"focal_species_seen":"","focal_species_slugs":"","has_focal":false,"GRID_CODE":"GJ-KU-BHU-137","DISTRICT":"Kachchh","BLOCK":"Bhuj"},"geometry":{"type":"Point","coordinates":[69.7796632,23.220319]}},{"type":"Feature","properties":{"GROUP.ID":"G18457875","LOCALITY":"T36 Incidental","LATITUDE":23.0799984,"LONGITUDE":69.0658146,"OBSERVATION.DATE":"2026-09-26","OBSERVER.ID":"obsr3339457","DURATION.MINUTES":null,"SAMPLING.EVENT.IDENTIFIER":"S396254348","species_list":"Common Babbler; Eastern Red-rumped Swallow; Lesser Whitethroat; Spotted Flycatcher","n_species":4,"focal_species_seen":"Spotted Flycatcher","focal_species_slugs":"spotted-flycatcher","has_focal":true,"GRID_CODE":"GJ-KU-ABD-084","DISTRICT":"Kachchh","BLOCK":"Abdasa"},"geometry":{"type":"Point","coordinates":[69.0658146,23.0799984]}},{"type":"Feature","properties":{"GROUP.ID":"G18462238","LOCALITY":"T6-PMC 2026, G-1","LATITUDE":22.892723,"LONGITUDE":69.3724408,"OBSERVATION.DATE":"2026-09-26","OBSERVER.ID":"obsr1205825","DURATION.MINUTES":78.0,"SAMPLING.EVENT.IDENTIFIER":"S396254362","species_list":"Asian Green Bee-eater; Asian Koel; Bay-backed Shrike; Black-headed Ibis; Black Drongo; Common Babbler; Common Myna; Common Tailorbird; Eastern Cattle-Egret; Eastern Red-rumped Swallow; Gray Francolin; Greater Coucal; House Crow; House Sparrow; Indian Silverbill; Little Egret; Painted Stork; Purple Sunbird; Red-backed Shrike; Red-vented Bulbul; Red-wattled Lapwing; Rose-ringed Parakeet; Rosy Starling; Western Yellow Wagtail; White-eared Bulbul; White-tailed Iora; White-throated Kingfisher; Yellow-wattled Lapwing","n_species":28,"focal_species_seen":"Red-backed Shrike","focal_species_slugs":"red-backed-shrike","has_focal":true,"GRID_CODE":"GJ-KU-MAN-042","DISTRICT":"Kachchh","BLOCK":"Mandvi"},"geometry":{"type":"Point","coordinates":[69.3724408,22.892723]}},{"type":"Feature","properties":{"GROUP.ID":"G18458205","LOCALITY":"Unnamed Road, Kachchh, Gujarat, IN (23.311, 70.606)","LATITUDE":23.3114557,"LONGITUDE":70.6063427,"OBSERVATION.DATE":"2026-09-26","OBSERVER.ID":"obsr3477017","DURATION.MINUTES":38.0,"SAMPLING.EVENT.IDENTIFIER":"S396254526","species_list":"Asian Green Bee-eater; Bay-backed Shrike; Baya Weaver; Black Drongo; Common Babbler; Common Hoopoe; Crested Lark; Eurasian Collared-Dove; House Sparrow; Indian Peafowl; Indian Silverbill; Indian Spot-billed Duck; Laughing Dove; Paddyfield Pipit; Pallid Harrier; Red-vented Bulbul; Short-toed Snake-Eagle; White-throated Kingfisher; Wood Sandpiper","n_species":19,"focal_species_seen":"","focal_species_slugs":"","has_focal":false,"GRID_CODE":"GJ-KU-BHA-048","DISTRICT":"Kachchh","BLOCK":"Bhachau"},"geometry":{"type":"Point","coordinates":[70.6063427,23.3114557]}},{"type":"Feature","properties":{"GROUP.ID":"S396254528","LOCALITY":"Unnamed Road, Dinara, Gujarat, IN (23.886, 69.766)","LATITUDE":23.8856134,"LONGITUDE":69.7663813,"OBSERVATION.DATE":"2026-09-26","OBSERVER.ID":"obsr6141404","DURATION.MINUTES":11.0,"SAMPLING.EVENT.IDENTIFIER":"S396254528","species_list":"Asian Green Bee-eater; Common Hoopoe; Purple Sunbird; Red-vented Bulbul; Red Collared-Dove","n_species":5,"focal_species_seen":"","focal_species_slugs":"","has_focal":false,"GRID_CODE":"GJ-KU-BHU-006","DISTRICT":"Kachchh","BLOCK":"Bhuj"},"geometry":{"type":"Point","coordinates":[69.7663813,23.8856134]}},{"type":"Feature","properties":{"GROUP.ID":"S396254599","LOCALITY":"T6-PMC 2026, G-1","LATITUDE":22.892723,"LONGITUDE":69.3724408,"OBSERVATION.DATE":"2026-09-26","OBSERVER.ID":"obsr1205825","DURATION.MINUTES":null,"SAMPLING.EVENT.IDENTIFIER":"S396254599","species_list":"European Roller","n_species":1,"focal_species_seen":"European Roller","focal_species_slugs":"european-roller","has_focal":true,"GRID_CODE":"GJ-KU-MAN-042","DISTRICT":"Kachchh","BLOCK":"Mandvi"},"geometry":{"type":"Point","coordinates":[69.3724408,22.892723]}},{"type":"Feature","properties":{"GROUP.ID":"G18457874","LOCALITY":"T36 (Incidental)","LATITUDE":23.0531341,"LONGITUDE":69.0524404,"OBSERVATION.DATE":"2026-09-26","OBSERVER.ID":"obsr3339457","DURATION.MINUTES":null,"SAMPLING.EVENT.IDENTIFIER":"S396254721","species_list":"Asian Green Bee-eater; European Roller","n_species":2,"focal_species_seen":"European Roller","focal_species_slugs":"european-roller","has_focal":true,"GRID_CODE":"GJ-KU-ABD-090","DISTRICT":"Kachchh","BLOCK":"Abdasa"},"geometry":{"type":"Point","coordinates":[69.0524404,23.0531341]}},{"type":"Feature","properties":{"GROUP.ID":"S396254841","LOCALITY":"Khavda-Kado Dungar Road, Dinara, Gujarat, IN (23.884, 69.728)","LATITUDE":23.8843872,"LONGITUDE":69.7276818,"OBSERVATION.DATE":"2026-09-26","OBSERVER.ID":"obsr10164450","DURATION.MINUTES":118.0,"SAMPLING.EVENT.IDENTIFIER":"S396254841","species_list":"Asian Green Bee-eater; Black Drongo; Common Hoopoe; Eurasian Collared-Dove; House Sparrow; Indian Robin; Laughing Dove","n_species":7,"focal_species_seen":"","focal_species_slugs":"","has_focal":false,"GRID_CODE":"GJ-KU-BHU-005","DISTRICT":"Kachchh","BLOCK":"Bhuj"},"geometry":{"type":"Point","coordinates":[69.7276818,23.8843872]}},{"type":"Feature","properties":{"GROUP.ID":"G18457873","LOCALITY":"Incidental T36","LATITUDE":23.0453709,"LONGITUDE":69.0644885,"OBSERVATION.DATE":"2026-09-26","OBSERVER.ID":"obsr3339457","DURATION.MINUTES":null,"SAMPLING.EVENT.IDENTIFIER":"S396254858","species_list":"European Roller","n_species":1,"focal_species_seen":"European Roller","focal_species_slugs":"european-roller","has_focal":true,"GRID_CODE":"GJ-KU-MAN-009","DISTRICT":"Kachchh","BLOCK":"Mandvi"},"geometry":{"type":"Point","coordinates":[69.0644885,23.0453709]}},{"type":"Feature","properties":{"GROUP.ID":"G18457551","LOCALITY":"T33-G5","LATITUDE":23.1186737,"LONGITUDE":69.3197979,"OBSERVATION.DATE":"2026-09-26","OBSERVER.ID":"obsr612947","DURATION.MINUTES":37.0,"SAMPLING.EVENT.IDENTIFIER":"S396254973","species_list":"Asian Green Bee-eater; Baya Weaver; Black Drongo; Common Babbler; Common Hoopoe; Common Myna; Common Tailorbird; Dusky Crag-Martin; Eastern Cattle-Egret; European Roller; Gray Francolin; Great Egret; House Sparrow; Indian Golden Oriole; Indian Robin; Indian Silverbill; Isabelline Shrike; Laughing Dove; Lesser Whitethroat; Purple Sunbird; Red-backed Shrike; Red-vented Bulbul; Red-wattled Lapwing; Rose-ringed Parakeet; Rosy Starling; Scaly-breasted Munia; Small Minivet; Streak-throated Swallow; White-tailed Iora; White-throated Kingfisher; Wire-tailed Swallow","n_species":31,"focal_species_seen":"European Roller; Red-backed Shrike","focal_species_slugs":"european-roller;red-backed-shrike","has_focal":true,"GRID_CODE":"GJ-KU-NAK-068","DISTRICT":"Kachchh","BLOCK":"Nakhatrana"},"geometry":{"type":"Point","coordinates":[69.3197979,23.1186737]}},{"type":"Feature","properties":{"GROUP.ID":"G18461580","LOCALITY":"Bhuj - Anjar Highway, Reldi Moti, Gujarat, IN (23.203, 69.814)","LATITUDE":23.2031848,"LONGITUDE":69.8142939,"OBSERVATION.DATE":"2026-09-26","OBSERVER.ID":"obsr2895441","DURATION.MINUTES":null,"SAMPLING.EVENT.IDENTIFIER":"S396255071","species_list":"Gray Francolin; Red-naped Ibis","n_species":2,"focal_species_seen":"","focal_species_slugs":"","has_focal":false,"GRID_CODE":"GJ-KU-BHU-150","DISTRICT":"Kachchh","BLOCK":"Bhuj"},"geometry":{"type":"Point","coordinates":[69.8142939,23.2031848]}},{"type":"Feature","properties":{"GROUP.ID":"G18457888","LOCALITY":"Kothara, Gujarat, IN (23.132, 68.941)","LATITUDE":23.1316083,"LONGITUDE":68.940975,"OBSERVATION.DATE":"2026-09-26","OBSERVER.ID":"obsr769125","DURATION.MINUTES":30.0,"SAMPLING.EVENT.IDENTIFIER":"S396255290","species_list":"Ashy-crowned Sparrow-Lark; Asian Green Bee-eater; Asian Koel; Barn Swallow; Baya Weaver; Black-winged Stilt; Black Drongo; Common Myna; Common Tailorbird; Eastern Cattle-Egret; Eurasian Collared-Dove; Eurasian Kestrel; European Roller; Glossy Ibis; Greater Coucal; House Sparrow; Indian Robin; Indian Silverbill; Laughing Dove; Lesser Whitethroat; Little Cormorant; Little Swift; Pied Bushchat; Purple Sunbird; Red-naped Ibis; Red-vented Bulbul; Red-wattled Lapwing; Red Collared-Dove; River Tern; Rose-ringed Parakeet; Rosy Starling; Rufous-tailed Lark; Shikra; Siberian Stonechat; Western Marsh Harrier; White-throated Kingfisher; Zitting Cisticola","n_species":37,"focal_species_seen":"European Roller","focal_species_slugs":"european-roller","has_focal":true,"GRID_CODE":"GJ-KU-ABD-073","DISTRICT":"Kachchh","BLOCK":"Abdasa"},"geometry":{"type":"Point","coordinates":[68.940975,23.1316083]}},{"type":"Feature","properties":{"GROUP.ID":"G18461579","LOCALITY":"Bhuj - Anjar Highway, Reldi Moti, Gujarat, IN (23.203, 69.814)","LATITUDE":23.2031848,"LONGITUDE":69.8142939,"OBSERVATION.DATE":"2026-09-26","OBSERVER.ID":"obsr2895441","DURATION.MINUTES":null,"SAMPLING.EVENT.IDENTIFIER":"S396255292","species_list":"Common Hoopoe","n_species":1,"focal_species_seen":"","focal_species_slugs":"","has_focal":false,"GRID_CODE":"GJ-KU-BHU-150","DISTRICT":"Kachchh","BLOCK":"Bhuj"},"geometry":{"type":"Point","coordinates":[69.8142939,23.2031848]}},{"type":"Feature","properties":{"GROUP.ID":"G18458738","LOCALITY":"Ajapar Chudva Road, Kachchh IN-GJ 23.14347, 70.15198","LATITUDE":23.14347,"LONGITUDE":70.151983,"OBSERVATION.DATE":"2026-09-26","OBSERVER.ID":"obsr8001542","DURATION.MINUTES":null,"SAMPLING.EVENT.IDENTIFIER":"S396255308","species_list":"Asian Green Bee-eater; Common Kingfisher; Eurasian Coot; Gray-headed Swamphen; Gray Heron; Great Cormorant; House Sparrow; Laughing Dove; Little Cormorant; Red-wattled Lapwing; River Tern; Rosy Starling","n_species":12,"focal_species_seen":"","focal_species_slugs":"","has_focal":false,"GRID_CODE":"GJ-KU-ANJ-026","DISTRICT":"Kachchh","BLOCK":"Anjar"},"geometry":{"type":"Point","coordinates":[70.151983,23.14347]}},{"type":"Feature","properties":{"GROUP.ID":"G18461578","LOCALITY":"Bhuj - Anjar Highway, Reldi Moti, Gujarat, IN (23.203, 69.814)","LATITUDE":23.2031848,"LONGITUDE":69.8142939,"OBSERVATION.DATE":"2026-09-26","OBSERVER.ID":"obsr2895441","DURATION.MINUTES":null,"SAMPLING.EVENT.IDENTIFIER":"S396255395","species_list":"European Roller","n_species":1,"focal_species_seen":"European Roller","focal_species_slugs":"european-roller","has_focal":true,"GRID_CODE":"GJ-KU-BHU-150","DISTRICT":"Kachchh","BLOCK":"Bhuj"},"geometry":{"type":"Point","coordinates":[69.8142939,23.2031848]}},{"type":"Feature","properties":{"GROUP.ID":"G18462183","LOCALITY":"Unnamed Road, Kachchh, Gujarat, IN (23.311, 70.609)","LATITUDE":23.3111033,"LONGITUDE":70.6092218,"OBSERVATION.DATE":"2026-09-26","OBSERVER.ID":"obsr3477017","DURATION.MINUTES":null,"SAMPLING.EVENT.IDENTIFIER":"S396255410","species_list":"Common Babbler; Gray Francolin; Greater Coucal; Indian Robin; Laughing Dove; Oriental Darter; White-eared Bulbul","n_species":7,"focal_species_seen":"","focal_species_slugs":"","has_focal":false,"GRID_CODE":"GJ-KU-BHA-048","DISTRICT":"Kachchh","BLOCK":"Bhachau"},"geometry":{"type":"Point","coordinates":[70.6092218,23.3111033]}},{"type":"Feature","properties":{"GROUP.ID":"G18468943","LOCALITY":"T43-G4","LATITUDE":23.7518584,"LONGITUDE":68.9352182,"OBSERVATION.DATE":"2026-09-26","OBSERVER.ID":"obsr1430794","DURATION.MINUTES":61.0,"SAMPLING.EVENT.IDENTIFIER":"S396255570","species_list":"Asian Green Bee-eater; Black Drongo; Common Babbler; Eastern Cattle-Egret; Eurasian Collared-Dove; Gray Francolin; Green Sandpiper; Indian Robin; Indian Silverbill; Indian Spot-billed Duck; Laughing Dove; Lesser Whitethroat; Pied Cuckoo; Purple Sunbird; Red-vented Bulbul; Red-wattled Lapwing; Rufous-tailed Lark; White-eared Bulbul; White-throated Kingfisher; Yellow-crowned Woodpecker; Yellow-wattled Lapwing","n_species":21,"focal_species_seen":"","focal_species_slugs":"","has_focal":false,"GRID_CODE":"GJ-KU-LAK-015","DISTRICT":"Kachchh","BLOCK":"Lakhpat"},"geometry":{"type":"Point","coordinates":[68.9352182,23.7518584]}},{"type":"Feature","properties":{"GROUP.ID":"G18461577","LOCALITY":"Unnamed Road, Kachchh, Gujarat, IN (23.197, 69.818)","LATITUDE":23.1972877,"LONGITUDE":69.8176139,"OBSERVATION.DATE":"2026-09-26","OBSERVER.ID":"obsr2895441","DURATION.MINUTES":null,"SAMPLING.EVENT.IDENTIFIER":"S396255690","species_list":"Asian Green Bee-eater; Indian Silverbill; Red-vented Bulbul; White-eared Bulbul","n_species":4,"focal_species_seen":"","focal_species_slugs":"","has_focal":false,"GRID_CODE":"GJ-KU-BHU-150","DISTRICT":"Kachchh","BLOCK":"Bhuj"},"geometry":{"type":"Point","coordinates":[69.8176139,23.1972877]}},{"type":"Feature","properties":{"GROUP.ID":"G18461576","LOCALITY":"Unnamed Road, Kachchh, Gujarat, IN (23.197, 69.818)","LATITUDE":23.1972877,"LONGITUDE":69.8176139,"OBSERVATION.DATE":"2026-09-26","OBSERVER.ID":"obsr2895441","DURATION.MINUTES":null,"SAMPLING.EVENT.IDENTIFIER":"S396256241","species_list":"European Roller; Gray Francolin; Red-wattled Lapwing","n_species":3,"focal_species_seen":"European Roller","focal_species_slugs":"european-roller","has_focal":true,"GRID_CODE":"GJ-KU-BHU-150","DISTRICT":"Kachchh","BLOCK":"Bhuj"},"geometry":{"type":"Point","coordinates":[69.8176139,23.1972877]}},{"type":"Feature","properties":{"GROUP.ID":"G18457901","LOCALITY":"Kotda Roha-Devpar Road, Kotda, Gujarat, IN (23.138, 69.26)","LATITUDE":23.1384467,"LONGITUDE":69.2604983,"OBSERVATION.DATE":"2026-09-26","OBSERVER.ID":"obsr6495382","DURATION.MINUTES":null,"SAMPLING.EVENT.IDENTIFIER":"S396256323","species_list":"European Roller","n_species":1,"focal_species_seen":"European Roller","focal_species_slugs":"european-roller","has_focal":true,"GRID_CODE":"GJ-KU-MAN-001","DISTRICT":"Kachchh","BLOCK":"Mandvi"},"geometry":{"type":"Point","coordinates":[69.2604983,23.1384467]}},{"type":"Feature","properties":{"GROUP.ID":"G18458489","LOCALITY":"Ravechi-Rav Moti Road, Rav Moti, Gujarat, IN (23.665, 70.603)","LATITUDE":23.6649048,"LONGITUDE":70.6028464,"OBSERVATION.DATE":"2026-09-26","OBSERVER.ID":"obsr807380","DURATION.MINUTES":15.0,"SAMPLING.EVENT.IDENTIFIER":"S396256369","species_list":"Baya Weaver; Black-headed Ibis; Black-winged Stilt; Common Hoopoe; Common Sandpiper; Gray Francolin; House Sparrow; Indian Robin; Laughing Dove; Purple Sunbird; Red-naped Ibis; Red-vented Bulbul; Red-wattled Lapwing; River Tern; White-eared Bulbul; White-throated Kingfisher; Wire-tailed Swallow","n_species":17,"focal_species_seen":"","focal_species_slugs":"","has_focal":false,"GRID_CODE":"GJ-KU-RAP-029","DISTRICT":"Kachchh","BLOCK":"Rapar"},"geometry":{"type":"Point","coordinates":[70.6028464,23.6649048]}},{"type":"Feature","properties":{"GROUP.ID":"G18457907","LOCALITY":"Kotda Roha-Devpar Road, Kotda, Gujarat, IN (23.14, 69.256)","LATITUDE":23.1401933,"LONGITUDE":69.2559467,"OBSERVATION.DATE":"2026-09-26","OBSERVER.ID":"obsr6495382","DURATION.MINUTES":null,"SAMPLING.EVENT.IDENTIFIER":"S396256402","species_list":"European Roller","n_species":1,"focal_species_seen":"European Roller","focal_species_slugs":"european-roller","has_focal":true,"GRID_CODE":"GJ-KU-NAK-067","DISTRICT":"Kachchh","BLOCK":"Nakhatrana"},"geometry":{"type":"Point","coordinates":[69.2559467,23.1401933]}},{"type":"Feature","properties":{"GROUP.ID":"G18458459","LOCALITY":"T25 G4","LATITUDE":23.2414909,"LONGITUDE":70.4841667,"OBSERVATION.DATE":"2026-09-26","OBSERVER.ID":"obsr640387","DURATION.MINUTES":54.0,"SAMPLING.EVENT.IDENTIFIER":"S396256692","species_list":"Ashy-crowned Sparrow-Lark; Asian Green Bee-eater; Bay-backed Shrike; Baya Weaver; Common Babbler; Common Tailorbird; Eurasian Collared-Dove; Eurasian Wryneck; Greater Coucal; Green Sandpiper; House Crow; House Sparrow; Indian Robin; Indian Thick-knee; Laughing Dove; Lesser Whitethroat; Little Cormorant; Plain Prinia; Purple Sunbird; Red-naped Ibis; Red-vented Bulbul; Red-wattled Lapwing; Rosy Starling; Whiskered Tern; White-eared Bulbul; Yellow-wattled Lapwing","n_species":26,"focal_species_seen":"","focal_species_slugs":"","has_focal":false,"GRID_CODE":"GJ-KU-BHA-067","DISTRICT":"Kachchh","BLOCK":"Bhachau"},"geometry":{"type":"Point","coordinates":[70.4841667,23.2414909]}},{"type":"Feature","properties":{"GROUP.ID":"G18458318","LOCALITY":"Unnamed Road, Kachchh, Gujarat, IN (23.145, 69.476)","LATITUDE":23.1452107,"LONGITUDE":69.4759385,"OBSERVATION.DATE":"2026-09-26","OBSERVER.ID":"obsr11068048","DURATION.MINUTES":62.0,"SAMPLING.EVENT.IDENTIFIER":"S396256817","species_list":"Common Kingfisher; Eurasian Collared-Dove; Laughing Dove; Red-vented Bulbul; Spotted Flycatcher","n_species":5,"focal_species_seen":"Spotted Flycatcher","focal_species_slugs":"spotted-flycatcher","has_focal":true,"GRID_CODE":"GJ-KU-BHU-152","DISTRICT":"Kachchh","BLOCK":"Bhuj"},"geometry":{"type":"Point","coordinates":[69.4759385,23.1452107]}},{"type":"Feature","properties":{"GROUP.ID":"S396257285","LOCALITY":"Narayan Sarovar Forest Rest House","LATITUDE":23.6831359,"LONGITUDE":68.5308851,"OBSERVATION.DATE":"2026-09-26","OBSERVER.ID":"obsr494050","DURATION.MINUTES":5.0,"SAMPLING.EVENT.IDENTIFIER":"S396257285","species_list":"Gray Francolin; House Sparrow; Little Swift; Purple Sunbird; Western Reef-Heron; White-eared Bulbul","n_species":6,"focal_species_seen":"","focal_species_slugs":"","has_focal":false,"GRID_CODE":"GJ-KU-LAK-017","DISTRICT":"Kachchh","BLOCK":"Lakhpat"},"geometry":{"type":"Point","coordinates":[68.5308851,23.6831359]}},{"type":"Feature","properties":{"GROUP.ID":"G18461575","LOCALITY":"Unnamed Road, Vavdi, Gujarat, IN (23.19, 69.818)","LATITUDE":23.1901429,"LONGITUDE":69.8175889,"OBSERVATION.DATE":"2026-09-26","OBSERVER.ID":"obsr2895441","DURATION.MINUTES":null,"SAMPLING.EVENT.IDENTIFIER":"S396257365","species_list":"Dusky Crag-Martin","n_species":1,"focal_species_seen":"","focal_species_slugs":"","has_focal":false,"GRID_CODE":"GJ-KU-BHU-150","DISTRICT":"Kachchh","BLOCK":"Bhuj"},"geometry":{"type":"Point","coordinates":[69.8175889,23.1901429]}},{"type":"Feature","properties":{"GROUP.ID":"G18468849","LOCALITY":"Narayan Sarovar Forest Rest House","LATITUDE":23.6831359,"LONGITUDE":68.5308851,"OBSERVATION.DATE":"2026-09-26","OBSERVER.ID":"obsr494050","DURATION.MINUTES":15.0,"SAMPLING.EVENT.IDENTIFIER":"S396257445","species_list":"Black-winged Stilt; Common Tailorbird; Eurasian Spoonbill; European Roller; House Crow; House Sparrow; Indian Cormorant; Laughing Dove; Little Stint; Marsh Sandpiper; Plain Prinia; Purple Sunbird; Red-vented Bulbul; Red-wattled Lapwing; Ruff; Whiskered Tern","n_species":16,"focal_species_seen":"European Roller","focal_species_slugs":"european-roller","has_focal":true,"GRID_CODE":"GJ-KU-LAK-017","DISTRICT":"Kachchh","BLOCK":"Lakhpat"},"geometry":{"type":"Point","coordinates":[68.5308851,23.6831359]}},{"type":"Feature","properties":{"GROUP.ID":"G18468848","LOCALITY":"Narayan Sarovar, Gujarat, IN (23.676, 68.539)","LATITUDE":23.6757409,"LONGITUDE":68.5392611,"OBSERVATION.DATE":"2026-09-26","OBSERVER.ID":"obsr494050","DURATION.MINUTES":10.0,"SAMPLING.EVENT.IDENTIFIER":"S396257599","species_list":"Asian Green Bee-eater; Asian Koel; Black-winged Stilt; Brahminy Kite; Common Myna; Eurasian Collared-Dove; House Sparrow; Rosy Starling","n_species":8,"focal_species_seen":"","focal_species_slugs":"","has_focal":false,"GRID_CODE":"GJ-KU-LAK-017","DISTRICT":"Kachchh","BLOCK":"Lakhpat"},"geometry":{"type":"Point","coordinates":[68.5392611,23.6757409]}},{"type":"Feature","properties":{"GROUP.ID":"G18458094","LOCALITY":"T3G5","LATITUDE":23.109614,"LONGITUDE":69.80973,"OBSERVATION.DATE":"2026-09-26","OBSERVER.ID":"obsr3568724","DURATION.MINUTES":62.0,"SAMPLING.EVENT.IDENTIFIER":"S396257769","species_list":"Ashy-crowned Sparrow-Lark; Asian Green Bee-eater; Baya Weaver; Black Drongo; Brahminy Starling; Common Babbler; Common Tailorbird; Common Woodshrike; European Roller; Gray Francolin; House Sparrow; Indian Pond-Heron; Laughing Dove; Little Cormorant; Little Swift; Long-tailed Shrike; Purple Sunbird; Red-naped Ibis; Red-vented Bulbul; Red-wattled Lapwing; Rose-ringed Parakeet; Spotted Flycatcher; Variable Wheatear; Western Yellow Wagtail; White-breasted Waterhen; White-eared Bulbul; Wire-tailed Swallow; Yellow-throated Sparrow","n_species":28,"focal_species_seen":"European Roller; Spotted Flycatcher","focal_species_slugs":"european-roller;spotted-flycatcher","has_focal":true,"GRID_CODE":"GJ-KU-ANJ-027","DISTRICT":"Kachchh","BLOCK":"Anjar"},"geometry":{"type":"Point","coordinates":[69.80973,23.109614]}},{"type":"Feature","properties":{"GROUP.ID":"G18468847","LOCALITY":"Roadasar-Lakki Road, Lakki, Gujarat, IN (23.601, 68.512)","LATITUDE":23.6007654,"LONGITUDE":68.5124812,"OBSERVATION.DATE":"2026-09-26","OBSERVER.ID":"obsr494050","DURATION.MINUTES":null,"SAMPLING.EVENT.IDENTIFIER":"S396257790","species_list":"European Roller","n_species":1,"focal_species_seen":"European Roller","focal_species_slugs":"european-roller","has_focal":true,"GRID_CODE":"GJ-KU-LAK-045","DISTRICT":"Kachchh","BLOCK":"Lakhpat"},"geometry":{"type":"Point","coordinates":[68.5124812,23.6007654]}},{"type":"Feature","properties":{"GROUP.ID":"G18468846","LOCALITY":"Naliya-Narayan Sarovar Road, Narayan Sarovar, Gujarat, IN (23.672, 68.549)","LATITUDE":23.6724018,"LONGITUDE":68.5489334,"OBSERVATION.DATE":"2026-09-26","OBSERVER.ID":"obsr494050","DURATION.MINUTES":5.0,"SAMPLING.EVENT.IDENTIFIER":"S396257807","species_list":"Ashy-crowned Sparrow-Lark; Barn Swallow; Black Drongo; Eurasian Collared-Dove; European Roller; Glossy Ibis; Greater Flamingo; Gull-billed Tern; House Sparrow; Laughing Dove; Lesser Black-backed Gull; Little Cormorant; Little Ringed Plover; Temminck's Stint; Western Reef-Heron; Whiskered Tern; White-browed Wagtail; White-eared Bulbul; Wire-tailed Swallow","n_species":19,"focal_species_seen":"European Roller","focal_species_slugs":"european-roller","has_focal":true,"GRID_CODE":"GJ-KU-LAK-017","DISTRICT":"Kachchh","BLOCK":"Lakhpat"},"geometry":{"type":"Point","coordinates":[68.5489334,23.6724018]}},{"type":"Feature","properties":{"GROUP.ID":"G18458093","LOCALITY":"Bhuj, Kachchh IN-Gujarat 23.10059, 69.80597","LATITUDE":23.100588,"LONGITUDE":69.805971,"OBSERVATION.DATE":"2026-09-26","OBSERVER.ID":"obsr3568724","DURATION.MINUTES":12.0,"SAMPLING.EVENT.IDENTIFIER":"S396257853","species_list":"Asian Green Bee-eater; Black Drongo; Brahminy Starling; House Sparrow; Laughing Dove; Western Yellow Wagtail","n_species":6,"focal_species_seen":"","focal_species_slugs":"","has_focal":false,"GRID_CODE":"GJ-KU-BHU-166","DISTRICT":"Kachchh","BLOCK":"Bhuj"},"geometry":{"type":"Point","coordinates":[69.805971,23.100588]}},{"type":"Feature","properties":{"GROUP.ID":"G18468845","LOCALITY":"T50G5","LATITUDE":23.6723981,"LONGITUDE":68.5669302,"OBSERVATION.DATE":"2026-09-26","OBSERVER.ID":"obsr494050","DURATION.MINUTES":37.0,"SAMPLING.EVENT.IDENTIFIER":"S396258070","species_list":"Asian Green Bee-eater; Barn Swallow; Black Drongo; Blue-cheeked Bee-eater; Common Babbler; Common Tailorbird; Eastern Cattle-Egret; Eurasian Collared-Dove; Eurasian Curlew; European Roller; Gray-breasted Prinia; Gray Francolin; Greater Whitethroat; Indian Bushlark; Indian Robin; Indian Spot-billed Duck; Indian Thick-knee; Purple Sunbird; Red-vented Bulbul; River Tern; Rufous-fronted Prinia; Spotted Flycatcher; Tawny Pipit; White-eared Bulbul; White-tailed Iora","n_species":25,"focal_species_seen":"Blue-cheeked Bee-eater; European Roller; Greater Whitethroat; Spotted Flycatcher","focal_species_slugs":"blue-cheeked-bee-eater;european-roller;greater-whitethroat;spotted-flycatcher","has_focal":true,"GRID_CODE":"GJ-KU-LAK-018","DISTRICT":"Kachchh","BLOCK":"Lakhpat"},"geometry":{"type":"Point","coordinates":[68.5669302,23.6723981]}},{"type":"Feature","properties":{"GROUP.ID":"G18468183","LOCALITY":"Team 19 -4 grid Rapar, Kachchh IN-Gujarat 23.66309, 70.87754","LATITUDE":23.663088,"LONGITUDE":70.877538,"OBSERVATION.DATE":"2026-09-26","OBSERVER.ID":"obsr961478","DURATION.MINUTES":96.0,"SAMPLING.EVENT.IDENTIFIER":"S396258096","species_list":"Bay-backed Shrike; Baya Weaver; Black-winged Kite; Blue-cheeked Bee-eater; Common Babbler; Common Hoopoe; Common Tailorbird; Delicate Prinia; Eurasian Collared-Dove; European Roller; Gray Francolin; Gray Wagtail; House Sparrow; Indian Peafowl; Indian Silverbill; Isabelline Shrike; Laughing Dove; Long-tailed Shrike; Montagu's Harrier; Paddyfield Pipit; Pied Bushchat; Plain Prinia; Purple Sunbird; Red-vented Bulbul; Red-wattled Lapwing; Red Collared-Dove; Rose-ringed Parakeet; Rosy Starling; Rufous-tailed Lark; Siberian Stonechat; Streak-throated Swallow; Western Marsh Harrier; Western Yellow Wagtail; Zitting Cisticola","n_species":34,"focal_species_seen":"Blue-cheeked Bee-eater; European Roller","focal_species_slugs":"blue-cheeked-bee-eater;european-roller","has_focal":true,"GRID_CODE":"GJ-KU-RAP-035","DISTRICT":"Kachchh","BLOCK":"Rapar"},"geometry":{"type":"Point","coordinates":[70.877538,23.663088]}},{"type":"Feature","properties":{"GROUP.ID":"G18468844","LOCALITY":"Unnamed Road, Kachchh, Gujarat, IN (23.667, 68.574)","LATITUDE":23.6668841,"LONGITUDE":68.5740941,"OBSERVATION.DATE":"2026-09-26","OBSERVER.ID":"obsr494050","DURATION.MINUTES":30.0,"SAMPLING.EVENT.IDENTIFIER":"S396258105","species_list":"Barn Swallow; Black-headed Ibis; Black Drongo; Common Babbler; Common Tailorbird; Gray-breasted Prinia; Gray Francolin; Greater Coucal; Green Warbler; Indian Peafowl; Indian Robin; Lesser Whitethroat; Pied Cuckoo; Purple Sunbird; Rufous-fronted Prinia; White-eared Bulbul","n_species":16,"focal_species_seen":"","focal_species_slugs":"","has_focal":false,"GRID_CODE":"GJ-KU-LAK-018","DISTRICT":"Kachchh","BLOCK":"Lakhpat"},"geometry":{"type":"Point","coordinates":[68.5740941,23.6668841]}},{"type":"Feature","properties":{"GROUP.ID":"G18457802","LOCALITY":"Team 3 Jadura Road, Kachchh IN-Gujarat 23.16424, 69.69176","LATITUDE":23.164245,"LONGITUDE":69.691758,"OBSERVATION.DATE":"2026-09-26","OBSERVER.ID":"obsr2145220","DURATION.MINUTES":148.0,"SAMPLING.EVENT.IDENTIFIER":"S396258113","species_list":"Ashy-crowned Sparrow-Lark; Asian Green Bee-eater; Bay-backed Shrike; Baya Weaver; Common Babbler; Common Hoopoe; Common Tailorbird; Common Woodshrike; Eurasian Collared-Dove; European Roller; Gray-breasted Prinia; Gray-necked Bunting; Gray Francolin; Indian Robin; Isabelline Shrike; Jungle Prinia; Laughing Dove; Lesser Whitethroat; Long-tailed Shrike; Oriental Honey-buzzard; Red-backed Shrike; Red-tailed Shrike; Red-vented Bulbul; Red-wattled Lapwing; Rosy Starling; Tawny Pipit; Western Yellow Wagtail; Wire-tailed Swallow","n_species":28,"focal_species_seen":"European Roller; Red-backed Shrike; Red-tailed Shrike","focal_species_slugs":"european-roller;red-backed-shrike;red-tailed-shrike","has_focal":true,"GRID_CODE":"GJ-KU-BHU-147","DISTRICT":"Kachchh","BLOCK":"Bhuj"},"geometry":{"type":"Point","coordinates":[69.691758,23.164245]}},{"type":"Feature","properties":{"GROUP.ID":"G18468843","LOCALITY":"Roadasar-Lakki Road, Rodasar Lakki, Gujarat, IN (23.575, 68.521)","LATITUDE":23.5751736,"LONGITUDE":68.5213825,"OBSERVATION.DATE":"2026-09-26","OBSERVER.ID":"obsr494050","DURATION.MINUTES":null,"SAMPLING.EVENT.IDENTIFIER":"S396258261","species_list":"European Roller","n_species":1,"focal_species_seen":"European Roller","focal_species_slugs":"european-roller","has_focal":true,"GRID_CODE":"GJ-KU-LAK-045","DISTRICT":"Kachchh","BLOCK":"Lakhpat"},"geometry":{"type":"Point","coordinates":[68.5213825,23.5751736]}},{"type":"Feature","properties":{"GROUP.ID":"G18468842","LOCALITY":"Koteshwer Highway, Kachchh, Gujarat, IN (23.674, 68.565)","LATITUDE":23.6738341,"LONGITUDE":68.5646616,"OBSERVATION.DATE":"2026-09-26","OBSERVER.ID":"obsr494050","DURATION.MINUTES":null,"SAMPLING.EVENT.IDENTIFIER":"S396258314","species_list":"European Roller","n_species":1,"focal_species_seen":"European Roller","focal_species_slugs":"european-roller","has_focal":true,"GRID_CODE":"GJ-KU-LAK-018","DISTRICT":"Kachchh","BLOCK":"Lakhpat"},"geometry":{"type":"Point","coordinates":[68.5646616,23.6738341]}},{"type":"Feature","properties":{"GROUP.ID":"G18458488","LOCALITY":"Davri, Gujarat, IN (23.708, 70.642)","LATITUDE":23.7079116,"LONGITUDE":70.6419205,"OBSERVATION.DATE":"2026-09-26","OBSERVER.ID":"obsr807380","DURATION.MINUTES":16.0,"SAMPLING.EVENT.IDENTIFIER":"S396258343","species_list":"Asian Green Bee-eater; Blue-cheeked Bee-eater; Common Hoopoe; Eastern Cattle-Egret; Eurasian Collared-Dove; House Sparrow; Indian Peafowl; Knob-billed Duck; Little Cormorant","n_species":9,"focal_species_seen":"Blue-cheeked Bee-eater","focal_species_slugs":"blue-cheeked-bee-eater","has_focal":true,"GRID_CODE":"GJ-KU-RAP-030","DISTRICT":"Kachchh","BLOCK":"Rapar"},"geometry":{"type":"Point","coordinates":[70.6419205,23.7079116]}},{"type":"Feature","properties":{"GROUP.ID":"G18457738","LOCALITY":"T22G1","LATITUDE":23.4069602,"LONGITUDE":70.8612898,"OBSERVATION.DATE":"2026-09-26","OBSERVER.ID":"obsr6246480","DURATION.MINUTES":115.0,"SAMPLING.EVENT.IDENTIFIER":"S396259275","species_list":"Ashy-crowned Sparrow-Lark; Asian Green Bee-eater; Bay-backed Shrike; Baya Weaver; Black-winged Stilt; Black Redstart; Blue-cheeked Bee-eater; Common Babbler; Common Kingfisher; Common Quail; Dusky Crag-Martin; Eastern Red-rumped Swallow; Eurasian Collared-Dove; European Roller; Gray-necked Bunting; Gray Francolin; Great Egret; Green Sandpiper; House Sparrow; Indian Peafowl; Indian Pond-Heron; Indian Robin; Indian Silverbill; Indian Spot-billed Duck; Isabelline Shrike; Isabelline Wheatear; Knob-billed Duck; Laughing Dove; Lesser Whistling-Duck; Lesser Whitethroat; Little Cormorant; Little Grebe; Long-tailed Shrike; Medium Egret; Northern Shoveler; Oriental Honey-buzzard; Paddyfield Pipit; Pied Bushchat; Pied Kingfisher; Purple Heron; Purple Sunbird; Red-naped Ibis; Red-vented Bulbul; Red-wattled Lapwing; Red Collared-Dove; Rose-ringed Parakeet; Rufous-fronted Prinia; Streak-throated Swallow; Western Marsh Harrier; Western Yellow Wagtail; White-breasted Waterhen; White-eared Bulbul; White-throated Kingfisher; Wire-tailed Swallow; Yellow-wattled Lapwing","n_species":55,"focal_species_seen":"Blue-cheeked Bee-eater; European Roller","focal_species_slugs":"blue-cheeked-bee-eater;european-roller","has_focal":true,"GRID_CODE":"GJ-KU-RAP-096","DISTRICT":"Kachchh","BLOCK":"Rapar"},"geometry":{"type":"Point","coordinates":[70.8612898,23.4069602]}},{"type":"Feature","properties":{"GROUP.ID":"G18478742","LOCALITY":"T32G3","LATITUDE":23.7337036,"LONGITUDE":69.2770156,"OBSERVATION.DATE":"2026-09-26","OBSERVER.ID":"obsr1925442","DURATION.MINUTES":16.0,"SAMPLING.EVENT.IDENTIFIER":"S396259341","species_list":"Common Babbler; Lesser Whitethroat; White-eared Bulbul","n_species":3,"focal_species_seen":"","focal_species_slugs":"","has_focal":false,"GRID_CODE":"GJ-KU-BHU-026","DISTRICT":"Kachchh","BLOCK":"Bhuj"},"geometry":{"type":"Point","coordinates":[69.2770156,23.7337036]}},{"type":"Feature","properties":{"GROUP.ID":"G18458742","LOCALITY":"T23-1 Â· GJ-KU-BHA-029","LATITUDE":23.412258,"LONGITUDE":70.590752,"OBSERVATION.DATE":"2026-09-26","OBSERVER.ID":"obsr6576848","DURATION.MINUTES":57.0,"SAMPLING.EVENT.IDENTIFIER":"S396259534","species_list":"Ashy-crowned Sparrow-Lark; Asian Green Bee-eater; Barn Swallow; Bay-backed Shrike; Clamorous Reed Warbler; Common Babbler; Common Cuckoo; Common Hoopoe; Common Tailorbird; Dusky Crag-Martin; Eastern Cattle-Egret; Eastern Red-rumped Swallow; Eurasian Collared-Dove; Glossy Ibis; Gray-breasted Prinia; Gray-necked Bunting; Gray Francolin; Green Sandpiper; House Sparrow; Indian Peafowl; Indian Robin; Indian Silverbill; Laughing Dove; Lesser Whitethroat; Little Cormorant; Montagu's Harrier; Purple Sunbird; Red-tailed Shrike; Red-vented Bulbul; Rufous-fronted Prinia; Spotted Flycatcher; Striolated Bunting; Tawny Pipit; White-eared Bulbul; Wire-tailed Swallow","n_species":35,"focal_species_seen":"Common Cuckoo; Red-tailed Shrike; Spotted Flycatcher","focal_species_slugs":"common-cuckoo;red-tailed-shrike;spotted-flycatcher","has_focal":true,"GRID_CODE":"GJ-KU-BHA-029","DISTRICT":"Kachchh","BLOCK":"Bhachau"},"geometry":{"type":"Point","coordinates":[70.590752,23.412258]}},{"type":"Feature","properties":{"GROUP.ID":"G18479188","LOCALITY":"T26_G1","LATITUDE":23.401759,"LONGITUDE":70.272093,"OBSERVATION.DATE":"2026-09-26","OBSERVER.ID":"obsr604472","DURATION.MINUTES":52.0,"SAMPLING.EVENT.IDENTIFIER":"S396259892","species_list":"Ashy-crowned Sparrow-Lark; Bank Swallow; Black-winged Stilt; Black Drongo; Blue-cheeked Bee-eater; Common Babbler; Common Greenshank; Common Hoopoe; Common Sandpiper; Crested Lark; Eastern Cattle-Egret; Eastern Red-rumped Swallow; Eurasian Collared-Dove; Eurasian Coot; European Roller; Garganey; Gray-headed Swamphen; Gray Francolin; Greater Whitethroat; House Sparrow; Indian Bushlark; Indian Peafowl; Indian Pond-Heron; Indian Silverbill; Indian Spot-billed Duck; Laughing Dove; Lesser Whitethroat; Little Cormorant; Little Egret; Little Grebe; Medium Egret; Montagu's Harrier; Paddyfield Pipit; Purple Sunbird; Red-wattled Lapwing; River Tern; Spotted Redshank; Western Marsh Harrier; White-eared Bulbul; White-throated Kingfisher; Wood Sandpiper","n_species":41,"focal_species_seen":"Blue-cheeked Bee-eater; European Roller; Greater Whitethroat","focal_species_slugs":"blue-cheeked-bee-eater;european-roller;greater-whitethroat","has_focal":true,"GRID_CODE":"GJ-KU-BHA-032","DISTRICT":"Kachchh","BLOCK":"Bhachau"},"geometry":{"type":"Point","coordinates":[70.272093,23.401759]}},{"type":"Feature","properties":{"GROUP.ID":"G18458091","LOCALITY":"T26_G2","LATITUDE":23.417213,"LONGITUDE":70.314048,"OBSERVATION.DATE":"2026-09-26","OBSERVER.ID":"obsr604472","DURATION.MINUTES":59.0,"SAMPLING.EVENT.IDENTIFIER":"S396259997","species_list":"Asian Green Bee-eater; Barn Swallow; Black-winged Stilt; Blue-cheeked Bee-eater; Common Babbler; Common Sandpiper; Crested Lark; Eastern Cattle-Egret; Eurasian Collared-Dove; Great Cormorant; Greater Whitethroat; Gull-billed Tern; Laughing Dove; Paddyfield Pipit; Pied Cuckoo; Red-tailed Shrike; Western Marsh Harrier; Whiskered Tern; White-eared Bulbul; Yellow-throated Sparrow","n_species":20,"focal_species_seen":"Blue-cheeked Bee-eater; Greater Whitethroat; Red-tailed Shrike","focal_species_slugs":"blue-cheeked-bee-eater;greater-whitethroat;red-tailed-shrike","has_focal":true,"GRID_CODE":"GJ-KU-BHA-024","DISTRICT":"Kachchh","BLOCK":"Bhachau"},"geometry":{"type":"Point","coordinates":[70.314048,23.417213]}},{"type":"Feature","properties":{"GROUP.ID":"G18469661","LOCALITY":"T28-2","LATITUDE":23.8139742,"LONGITUDE":69.8701583,"OBSERVATION.DATE":"2026-09-26","OBSERVER.ID":"obsr3649322","DURATION.MINUTES":61.0,"SAMPLING.EVENT.IDENTIFIER":"S396260150","species_list":"Asian Green Bee-eater; Common Babbler; Common Hoopoe; Common Tailorbird; Eurasian Collared-Dove; Eurasian Spoonbill; Gray Francolin; House Sparrow; Indian Robin; Indian Silverbill; Laughing Dove; Lesser Whitethroat; Plain Prinia; Purple Sunbird; Red-vented Bulbul; Red-wattled Lapwing; Spotted Flycatcher; Tree Pipit; Whiskered Tern; White-eared Bulbul; White-throated Kingfisher; Wood Sandpiper","n_species":22,"focal_species_seen":"Spotted Flycatcher","focal_species_slugs":"spotted-flycatcher","has_focal":true,"GRID_CODE":"GJ-KU-BHU-013","DISTRICT":"Kachchh","BLOCK":"Bhuj"},"geometry":{"type":"Point","coordinates":[69.8701583,23.8139742]}},{"type":"Feature","properties":{"GROUP.ID":"G18462212","LOCALITY":"T24G4","LATITUDE":23.3086412,"LONGITUDE":70.6056457,"OBSERVATION.DATE":"2026-09-26","OBSERVER.ID":"obsr3477017","DURATION.MINUTES":42.0,"SAMPLING.EVENT.IDENTIFIER":"S396260251","species_list":"Ashy-crowned Sparrow-Lark; Common Greenshank; Eastern Red-rumped Swallow; Eurasian Collared-Dove; European Roller; Green Sandpiper; Indian Pond-Heron; Indian Robin; Laughing Dove; Little Cormorant; Little Egret; Oriental Darter; Pied Bushchat; Pied Kingfisher; Purple Sunbird; Red-vented Bulbul; Red-wattled Lapwing; White-tailed Iora","n_species":18,"focal_species_seen":"European Roller","focal_species_slugs":"european-roller","has_focal":true,"GRID_CODE":"GJ-KU-BHA-058","DISTRICT":"Kachchh","BLOCK":"Bhachau"},"geometry":{"type":"Point","coordinates":[70.6056457,23.3086412]}},{"type":"Feature","properties":{"GROUP.ID":"G18457872","LOCALITY":"T36G2","LATITUDE":23.0165601,"LONGITUDE":69.0630419,"OBSERVATION.DATE":"2026-09-26","OBSERVER.ID":"obsr3339457","DURATION.MINUTES":58.0,"SAMPLING.EVENT.IDENTIFIER":"S396260701","species_list":"Asian Green Bee-eater; Barn Swallow; Chestnut-bellied Sandgrouse; Common Babbler; Common Tailorbird; Eastern Red-rumped Swallow; Eurasian Collared-Dove; European Roller; Gray Francolin; Green Sandpiper; House Sparrow; Indian Bushlark; Indian Pond-Heron; Indian Robin; Indian Silverbill; Laughing Dove; Little Egret; Long-tailed Shrike; Paddyfield Pipit; Plain Prinia; Red-vented Bulbul; Red-wattled Lapwing; Red Collared-Dove; Rosy Starling; Rufous-fronted Prinia; Siberian Stonechat; Spotted Flycatcher; Tawny Pipit; Variable Wheatear; Wire-tailed Swallow; Zitting Cisticola","n_species":31,"focal_species_seen":"European Roller; Spotted Flycatcher","focal_species_slugs":"european-roller;spotted-flycatcher","has_focal":true,"GRID_CODE":"GJ-KU-MAN-009","DISTRICT":"Kachchh","BLOCK":"Mandvi"},"geometry":{"type":"Point","coordinates":[69.0630419,23.0165601]}},{"type":"Feature","properties":{"GROUP.ID":"G18457886","LOCALITY":"T38-1, Naliya - Kothara - Bhuj Highway, Kanakpar, Gujarat, IN (23.178, 69.078)","LATITUDE":23.1784517,"LONGITUDE":69.0783183,"OBSERVATION.DATE":"2026-09-26","OBSERVER.ID":"obsr769125","DURATION.MINUTES":80.0,"SAMPLING.EVENT.IDENTIFIER":"S396260931","species_list":"Ashy-crowned Sparrow-Lark; Asian Green Bee-eater; Asian Koel; Barn Swallow; Bay-backed Shrike; Baya Weaver; Black-winged Kite; Black-winged Stilt; Black Drongo; Brahminy Starling; Common Babbler; Common Cuckoo; Common Hoopoe; Common Myna; Common Tailorbird; Common Woodshrike; Dusky Crag-Martin; Eastern Cattle-Egret; Eastern Red-rumped Swallow; Eurasian Collared-Dove; European Roller; Gray-breasted Prinia; Gray-necked Bunting; Gray Francolin; Gray Wagtail; Greater Coucal; Green Warbler; House Crow; House Sparrow; Indian Bushlark; Indian Robin; Jungle Prinia; Laughing Dove; Lesser Whitethroat; Little Swift; Long-tailed Shrike; Oriental Honey-buzzard; Plain Prinia; Purple Sunbird; Red-backed Shrike; Red-naped Ibis; Red-tailed Shrike; Red-vented Bulbul; Red-wattled Lapwing; Rose-ringed Parakeet; Rosy Starling; Rufous-fronted Prinia; Rufous-tailed Lark; Shikra; Siberian Stonechat; Spotted Flycatcher; White-eared Bulbul; White-throated Kingfisher; Wire-tailed Swallow; Zitting Cisticola","n_species":55,"focal_species_seen":"Common Cuckoo; European Roller; Red-backed Shrike; Red-tailed Shrike; Spotted Flycatcher","focal_species_slugs":"common-cuckoo;european-roller;red-backed-shrike;red-tailed-shrike;spotted-flycatcher","has_focal":true,"GRID_CODE":"GJ-KU-ABD-065","DISTRICT":"Kachchh","BLOCK":"Abdasa"},"geometry":{"type":"Point","coordinates":[69.0783183,23.1784517]}},{"type":"Feature","properties":{"GROUP.ID":"G18478745","LOCALITY":"T32G3","LATITUDE":23.7337036,"LONGITUDE":69.2770156,"OBSERVATION.DATE":"2026-09-26","OBSERVER.ID":"obsr1925442","DURATION.MINUTES":20.0,"SAMPLING.EVENT.IDENTIFIER":"S396261124","species_list":"Black Drongo; Common Babbler; Red-wattled Lapwing; Spotted Flycatcher; White-throated Kingfisher","n_species":5,"focal_species_seen":"Spotted Flycatcher","focal_species_slugs":"spotted-flycatcher","has_focal":true,"GRID_CODE":"GJ-KU-BHU-026","DISTRICT":"Kachchh","BLOCK":"Bhuj"},"geometry":{"type":"Point","coordinates":[69.2770156,23.7337036]}},{"type":"Feature","properties":{"GROUP.ID":"G18478743","LOCALITY":"T32G1","LATITUDE":23.6933602,"LONGITUDE":69.2065193,"OBSERVATION.DATE":"2026-09-26","OBSERVER.ID":"obsr1925442","DURATION.MINUTES":21.0,"SAMPLING.EVENT.IDENTIFIER":"S396261149","species_list":"Barn Swallow; Bay-backed Shrike; Crested Lark; House Crow; Paddyfield Pipit","n_species":5,"focal_species_seen":"","focal_species_slugs":"","has_focal":false,"GRID_CODE":"GJ-KU-BHU-040","DISTRICT":"Kachchh","BLOCK":"Bhuj"},"geometry":{"type":"Point","coordinates":[69.2065193,23.6933602]}},{"type":"Feature","properties":{"GROUP.ID":"G18460940","LOCALITY":"Kothara Team 36 Incidental","LATITUDE":23.0979242,"LONGITUDE":68.9905614,"OBSERVATION.DATE":"2026-09-26","OBSERVER.ID":"obsr3339457","DURATION.MINUTES":null,"SAMPLING.EVENT.IDENTIFIER":"S396261259","species_list":"European Roller","n_species":1,"focal_species_seen":"European Roller","focal_species_slugs":"european-roller","has_focal":true,"GRID_CODE":"GJ-KU-ABD-082","DISTRICT":"Kachchh","BLOCK":"Abdasa"},"geometry":{"type":"Point","coordinates":[68.9905614,23.0979242]}},{"type":"Feature","properties":{"GROUP.ID":"G18457912","LOCALITY":"T33-G4","LATITUDE":23.14232,"LONGITUDE":69.2312583,"OBSERVATION.DATE":"2026-09-26","OBSERVER.ID":"obsr6495382","DURATION.MINUTES":55.0,"SAMPLING.EVENT.IDENTIFIER":"S396261284","species_list":"Asian Green Bee-eater; Bay-backed Shrike; Baya Weaver; Black-winged Stilt; Black Drongo; Blyth's Reed Warbler; Brahminy Starling; Brown Rock Chat; Common Babbler; Common Cuckoo; Common Hoopoe; Eastern Cattle-Egret; Eurasian Collared-Dove; European Roller; Gray Francolin; Great Egret; Greater Whitethroat; Green Sandpiper; House Sparrow; Indian Peafowl; Indian Robin; Laughing Dove; Lesser Whistling-Duck; Little Cormorant; Little Swift; Long-tailed Shrike; Oriental Honey-buzzard; Paddyfield Pipit; Purple Sunbird; Red-naped Ibis; Red-vented Bulbul; Red-wattled Lapwing; Rose-ringed Parakeet; Rufous-fronted Prinia; Siberian Stonechat; Spotted Flycatcher; White-breasted Waterhen; White-eared Bulbul; White-tailed Iora; White-throated Kingfisher; Wire-tailed Swallow","n_species":41,"focal_species_seen":"Common Cuckoo; European Roller; Greater Whitethroat; Spotted Flycatcher","focal_species_slugs":"common-cuckoo;european-roller;greater-whitethroat;spotted-flycatcher","has_focal":true,"GRID_CODE":"GJ-KU-NAK-067","DISTRICT":"Kachchh","BLOCK":"Nakhatrana"},"geometry":{"type":"Point","coordinates":[69.2312583,23.14232]}},{"type":"Feature","properties":{"GROUP.ID":"G18457898","LOCALITY":"Jarjok, Gujarat, IN (23.139, 69.213)","LATITUDE":23.13948,"LONGITUDE":69.21267,"OBSERVATION.DATE":"2026-09-26","OBSERVER.ID":"obsr6495382","DURATION.MINUTES":null,"SAMPLING.EVENT.IDENTIFIER":"S396261427","species_list":"European Roller","n_species":1,"focal_species_seen":"European Roller","focal_species_slugs":"european-roller","has_focal":true,"GRID_CODE":"GJ-KU-NAK-067","DISTRICT":"Kachchh","BLOCK":"Nakhatrana"},"geometry":{"type":"Point","coordinates":[69.21267,23.13948]}},{"type":"Feature","properties":{"GROUP.ID":"G18457906","LOCALITY":"Dhareshi - Gaduli Road, Gaduli, Gujarat, IN (23.691, 68.856)","LATITUDE":23.6912073,"LONGITUDE":68.8564804,"OBSERVATION.DATE":"2026-09-26","OBSERVER.ID":"obsr1173605","DURATION.MINUTES":24.0,"SAMPLING.EVENT.IDENTIFIER":"S396261889","species_list":"Ashy-crowned Sparrow-Lark; Asian Green Bee-eater; Bay-backed Shrike; Baya Weaver; Black Drongo; Common Babbler; Eastern Cattle-Egret; Eastern Red-rumped Swallow; Eurasian Collared-Dove; European Roller; Glossy Ibis; Gray Francolin; Indian Robin; Indian Silverbill; Laughing Dove; Paddyfield Pipit; Red-backed Shrike; Red-vented Bulbul; Wire-tailed Swallow","n_species":19,"focal_species_seen":"European Roller; Red-backed Shrike","focal_species_slugs":"european-roller;red-backed-shrike","has_focal":true,"GRID_CODE":"GJ-KU-LAK-024","DISTRICT":"Kachchh","BLOCK":"Lakhpat"},"geometry":{"type":"Point","coordinates":[68.8564804,23.6912073]}},{"type":"Feature","properties":{"GROUP.ID":"S396262609","LOCALITY":"Gujarat State Highway 6, Kachchh, Gujarat, IN (22.832, 69.406)","LATITUDE":22.8316227,"LONGITUDE":69.4061001,"OBSERVATION.DATE":"2026-09-26","OBSERVER.ID":"obsr1205825","DURATION.MINUTES":null,"SAMPLING.EVENT.IDENTIFIER":"S396262609","species_list":"European Roller","n_species":1,"focal_species_seen":"European Roller","focal_species_slugs":"european-roller","has_focal":true,"GRID_CODE":"GJ-KU-MAN-050","DISTRICT":"Kachchh","BLOCK":"Mandvi"},"geometry":{"type":"Point","coordinates":[69.4061001,22.8316227]}},{"type":"Feature","properties":{"GROUP.ID":"G18461409","LOCALITY":"T15G3","LATITUDE":23.5703783,"LONGITUDE":69.4225167,"OBSERVATION.DATE":"2026-09-26","OBSERVER.ID":"obsr1419186","DURATION.MINUTES":59.0,"SAMPLING.EVENT.IDENTIFIER":"S396262712","species_list":"Asian Green Bee-eater; Bay-backed Shrike; Black-necked Stork; Black-winged Stilt; Blue-cheeked Bee-eater; Eurasian Curlew; Isabelline Shrike; Lesser Whitethroat; Little Cormorant; Red-tailed Shrike","n_species":10,"focal_species_seen":"Blue-cheeked Bee-eater; Red-tailed Shrike","focal_species_slugs":"blue-cheeked-bee-eater;red-tailed-shrike","has_focal":true,"GRID_CODE":"GJ-KU-LIT-010","DISTRICT":"Kachchh","BLOCK":"Little Rann"},"geometry":{"type":"Point","coordinates":[69.4225167,23.5703783]}},{"type":"Feature","properties":{"GROUP.ID":"G18457945","LOCALITY":"Kanakpar, Gujarat, IN (23.182, 69.087)","LATITUDE":23.1820083,"LONGITUDE":69.0873933,"OBSERVATION.DATE":"2026-09-26","OBSERVER.ID":"obsr769125","DURATION.MINUTES":24.0,"SAMPLING.EVENT.IDENTIFIER":"S396262885","species_list":"Ashy-crowned Sparrow-Lark; Asian Green Bee-eater; Asian Koel; Barn Swallow; Bay-backed Shrike; Baya Weaver; Black-winged Stilt; Black Drongo; Brahminy Starling; Common Babbler; Common Cuckoo; Common Myna; Common Sandpiper; Common Tailorbird; Common Woodshrike; Eastern Cattle-Egret; Eastern Orphean Warbler; Eastern Red-rumped Swallow; Eurasian Collared-Dove; European Roller; Gray-breasted Prinia; Gray Francolin; Gray Heron; Gray Wagtail; Greater Coucal; Greater Whitethroat; House Sparrow; Indian Golden Oriole; Indian Pond-Heron; Indian Robin; Indian Silverbill; Laughing Dove; Lesser Whitethroat; Little Cormorant; Little Egret; Little Swift; Long-tailed Shrike; Oriental Darter; Pied Kingfisher; Plain Prinia; Purple Sunbird; Red-naped Ibis; Red-vented Bulbul; Red-wattled Lapwing; River Tern; Rose-ringed Parakeet; Rosy Starling; Rufous-tailed Lark; Shikra; Spotted Flycatcher; Sykes's Warbler; Western Marsh Harrier; White-browed Wagtail; White-throated Kingfisher; Wire-tailed Swallow; Yellow-wattled Lapwing","n_species":56,"focal_species_seen":"Common Cuckoo; European Roller; Greater Whitethroat; Spotted Flycatcher","focal_species_slugs":"common-cuckoo;european-roller;greater-whitethroat;spotted-flycatcher","has_focal":true,"GRID_CODE":"GJ-KU-ABD-065","DISTRICT":"Kachchh","BLOCK":"Abdasa"},"geometry":{"type":"Point","coordinates":[69.0873933,23.1820083]}},{"type":"Feature","properties":{"GROUP.ID":"G18458176","LOCALITY":"Unnamed Road, Bhitara, Gujarat, IN (23.141, 69.18)","LATITUDE":23.1406509,"LONGITUDE":69.1801817,"OBSERVATION.DATE":"2026-09-26","OBSERVER.ID":"obsr6495382","DURATION.MINUTES":null,"SAMPLING.EVENT.IDENTIFIER":"S396262972","species_list":"European Roller","n_species":1,"focal_species_seen":"European Roller","focal_species_slugs":"european-roller","has_focal":true,"GRID_CODE":"GJ-KU-NAK-066","DISTRICT":"Kachchh","BLOCK":"Nakhatrana"},"geometry":{"type":"Point","coordinates":[69.1801817,23.1406509]}},{"type":"Feature","properties":{"GROUP.ID":"G18458262","LOCALITY":"Unnamed Road, Chavadaka, Gujarat, IN (23.136, 69.17)","LATITUDE":23.13626,"LONGITUDE":69.169565,"OBSERVATION.DATE":"2026-09-26","OBSERVER.ID":"obsr6495382","DURATION.MINUTES":null,"SAMPLING.EVENT.IDENTIFIER":"S396263076","species_list":"European Roller","n_species":1,"focal_species_seen":"European Roller","focal_species_slugs":"european-roller","has_focal":true,"GRID_CODE":"GJ-KU-NAK-066","DISTRICT":"Kachchh","BLOCK":"Nakhatrana"},"geometry":{"type":"Point","coordinates":[69.169565,23.13626]}},{"type":"Feature","properties":{"GROUP.ID":"G18458741","LOCALITY":"Shivlakha Vasatva Road, Kachchh IN-Gujarat 23.40160, 70.59401","LATITUDE":23.401598,"LONGITUDE":70.59401,"OBSERVATION.DATE":"2026-09-26","OBSERVER.ID":"obsr6576848","DURATION.MINUTES":30.0,"SAMPLING.EVENT.IDENTIFIER":"S396263153","species_list":"Asian Green Bee-eater; Common Babbler; Eastern Cattle-Egret; European Roller; Laughing Dove; Little Cormorant; Little Grebe; Oriental Honey-buzzard; Red-wattled Lapwing; White-eared Bulbul; White-throated Kingfisher","n_species":11,"focal_species_seen":"European Roller","focal_species_slugs":"european-roller","has_focal":true,"GRID_CODE":"GJ-KU-BHA-038","DISTRICT":"Kachchh","BLOCK":"Bhachau"},"geometry":{"type":"Point","coordinates":[70.59401,23.401598]}},{"type":"Feature","properties":{"GROUP.ID":"G18458264","LOCALITY":"Unnamed Road, Chavadaka, Gujarat, IN (23.136, 69.159)","LATITUDE":23.1364517,"LONGITUDE":69.1593683,"OBSERVATION.DATE":"2026-09-26","OBSERVER.ID":"obsr6495382","DURATION.MINUTES":null,"SAMPLING.EVENT.IDENTIFIER":"S396263403","species_list":"European Roller","n_species":1,"focal_species_seen":"European Roller","focal_species_slugs":"european-roller","has_focal":true,"GRID_CODE":"GJ-KU-NAK-066","DISTRICT":"Kachchh","BLOCK":"Nakhatrana"},"geometry":{"type":"Point","coordinates":[69.1593683,23.1364517]}},{"type":"Feature","properties":{"GROUP.ID":"G18458265","LOCALITY":"Chiyasar, Gujarat, IN (23.133, 69.154)","LATITUDE":23.1334317,"LONGITUDE":69.1539,"OBSERVATION.DATE":"2026-09-26","OBSERVER.ID":"obsr6495382","DURATION.MINUTES":null,"SAMPLING.EVENT.IDENTIFIER":"S396263568","species_list":"Red-backed Shrike","n_species":1,"focal_species_seen":"Red-backed Shrike","focal_species_slugs":"red-backed-shrike","has_focal":true,"GRID_CODE":"GJ-KU-ABD-077","DISTRICT":"Kachchh","BLOCK":"Abdasa"},"geometry":{"type":"Point","coordinates":[69.1539,23.1334317]}},{"type":"Feature","properties":{"GROUP.ID":"G18458315","LOCALITY":"T4G2","LATITUDE":23.0738888,"LONGITUDE":69.5139438,"OBSERVATION.DATE":"2026-09-26","OBSERVER.ID":"obsr680651","DURATION.MINUTES":60.0,"SAMPLING.EVENT.IDENTIFIER":"S396263657","species_list":"Bay-backed Shrike; Baya Weaver; Black Drongo; Black Redstart; Common Babbler; Common Hoopoe; Delicate Prinia; Eastern Cattle-Egret; Eastern Red-rumped Swallow; Eurasian Collared-Dove; European Roller; Gray-breasted Prinia; Gray Francolin; Gray Wagtail; Greater Coucal; House Sparrow; Indian Robin; Indian Silverbill; Laughing Dove; Little Egret; Long-tailed Shrike; Plain Prinia; Purple Sunbird; Red-backed Shrike; Red-wattled Lapwing; Siberian Stonechat; Spotted Flycatcher; White-eared Bulbul; White-throated Kingfisher; Wire-tailed Swallow; Yellow-eyed Babbler","n_species":31,"focal_species_seen":"European Roller; Red-backed Shrike; Spotted Flycatcher","focal_species_slugs":"european-roller;red-backed-shrike;spotted-flycatcher","has_focal":true,"GRID_CODE":"GJ-KU-BHU-161","DISTRICT":"Kachchh","BLOCK":"Bhuj"},"geometry":{"type":"Point","coordinates":[69.5139438,23.0738888]}},{"type":"Feature","properties":{"GROUP.ID":"S396264489","LOCALITY":"Bhuj, Kachchh IN-Gujarat 23.05778, 69.78051","LATITUDE":23.057784,"LONGITUDE":69.780506,"OBSERVATION.DATE":"2026-09-26","OBSERVER.ID":"obsr3568724","DURATION.MINUTES":null,"SAMPLING.EVENT.IDENTIFIER":"S396264489","species_list":"European Roller","n_species":1,"focal_species_seen":"European Roller","focal_species_slugs":"european-roller","has_focal":true,"GRID_CODE":"GJ-KU-MUN-002","DISTRICT":"Kachchh","BLOCK":"Mundra"},"geometry":{"type":"Point","coordinates":[69.780506,23.057784]}},{"type":"Feature","properties":{"GROUP.ID":"G18458486","LOCALITY":"T18G1","LATITUDE":23.6988851,"LONGITUDE":70.663626,"OBSERVATION.DATE":"2026-09-26","OBSERVER.ID":"obsr807380","DURATION.MINUTES":61.0,"SAMPLING.EVENT.IDENTIFIER":"S396264595","species_list":"Asian Green Bee-eater; Asian Woolly-necked Stork; Blyth's Reed Warbler; Citrine Wagtail; Common Babbler; Common Hoopoe; Common Kingfisher; Common Sandpiper; Eastern Cattle-Egret; Eurasian Collared-Dove; Eurasian Coot; Gray Francolin; Laughing Dove; Little Cormorant; Little Egret; Montagu's Harrier; Purple Sunbird; Red-naped Ibis; Red-wattled Lapwing; Red Collared-Dove; River Tern; White-eared Bulbul","n_species":22,"focal_species_seen":"","focal_species_slugs":"","has_focal":false,"GRID_CODE":"GJ-KU-RAP-031","DISTRICT":"Kachchh","BLOCK":"Rapar"},"geometry":{"type":"Point","coordinates":[70.663626,23.6988851]}},{"type":"Feature","properties":{"GROUP.ID":"G18458084","LOCALITY":"Kalar Vandh, Gujarat, IN (23.127, 69.165)","LATITUDE":23.1273567,"LONGITUDE":69.1649067,"OBSERVATION.DATE":"2026-09-26","OBSERVER.ID":"obsr10088115","DURATION.MINUTES":null,"SAMPLING.EVENT.IDENTIFIER":"S396264704","species_list":"European Roller","n_species":1,"focal_species_seen":"European Roller","focal_species_slugs":"european-roller","has_focal":true,"GRID_CODE":"GJ-KU-NAK-066","DISTRICT":"Kachchh","BLOCK":"Nakhatrana"},"geometry":{"type":"Point","coordinates":[69.1649067,23.1273567]}},{"type":"Feature","properties":{"GROUP.ID":"G18458172","LOCALITY":"Naliya - Kothara - Bhuj Highway, Kanakpar, Gujarat, IN (23.19, 69.11)","LATITUDE":23.1904933,"LONGITUDE":69.1099883,"OBSERVATION.DATE":"2026-09-26","OBSERVER.ID":"obsr769125","DURATION.MINUTES":21.0,"SAMPLING.EVENT.IDENTIFIER":"S396264870","species_list":"Ashy-crowned Sparrow-Lark; Asian Green Bee-eater; Asian Koel; Barn Swallow; Baya Weaver; Black-winged Kite; Black Drongo; Common Cuckoo; Common Hoopoe; Common Myna; Common Tailorbird; Dusky Crag-Martin; Eastern Cattle-Egret; Eastern Orphean Warbler; Eastern Red-rumped Swallow; Eurasian Collared-Dove; European Roller; Gray-breasted Prinia; Gray Francolin; Greater Coucal; House Crow; House Sparrow; Indian Bushlark; Indian Robin; Indian Roller; Indian Silverbill; Laughing Dove; Lesser Whitethroat; Little Cormorant; Little Egret; Pied Cuckoo; Purple Sunbird; Red-naped Ibis; Red-vented Bulbul; Red-wattled Lapwing; Red Collared-Dove; River Tern; Rose-ringed Parakeet; Rosy Starling; Shikra; Siberian Stonechat; Western Marsh Harrier; White-eared Bulbul; White-throated Kingfisher; Wire-tailed Swallow","n_species":45,"focal_species_seen":"Common Cuckoo; European Roller","focal_species_slugs":"common-cuckoo;european-roller","has_focal":true,"GRID_CODE":"GJ-KU-ABD-066","DISTRICT":"Kachchh","BLOCK":"Abdasa"},"geometry":{"type":"Point","coordinates":[69.1099883,23.1904933]}},{"type":"Feature","properties":{"GROUP.ID":"G18459154","LOCALITY":"T49G3 - PMC26","LATITUDE":23.4986625,"LONGITUDE":68.5781869,"OBSERVATION.DATE":"2026-09-26","OBSERVER.ID":"obsr3392004","DURATION.MINUTES":64.0,"SAMPLING.EVENT.IDENTIFIER":"S396264944","species_list":"Asian Green Bee-eater; Asian Koel; Black-winged Stilt; Black Drongo; Brahminy Kite; Common Babbler; Common Hoopoe; Common Myna; Common Sandpiper; Common Tailorbird; Eastern Cattle-Egret; Eurasian Collared-Dove; European Roller; Gray-breasted Prinia; Gray Francolin; Gray Heron; Greater Coucal; House Crow; Indian Bushlark; Indian Peafowl; Indian Robin; Indian Silverbill; Indian Spot-billed Duck; Laughing Dove; Little Cormorant; Little Grebe; Little Ringed Plover; Long-tailed Shrike; Oriental Honey-buzzard; Purple Sunbird; Red-backed Shrike; Red-vented Bulbul; Red-wattled Lapwing; River Tern; Rose-ringed Parakeet; Variable Wheatear; White-tailed Iora; White-throated Kingfisher; Wire-tailed Swallow","n_species":39,"focal_species_seen":"European Roller; Red-backed Shrike","focal_species_slugs":"european-roller;red-backed-shrike","has_focal":true,"GRID_CODE":"GJ-KU-ABD-001","DISTRICT":"Kachchh","BLOCK":"Abdasa"},"geometry":{"type":"Point","coordinates":[68.5781869,23.4986625]}},{"type":"Feature","properties":{"GROUP.ID":"G18458048","LOCALITY":"T31_G1","LATITUDE":23.7604,"LONGITUDE":69.369465,"OBSERVATION.DATE":"2026-09-26","OBSERVER.ID":"obsr3561725","DURATION.MINUTES":69.0,"SAMPLING.EVENT.IDENTIFIER":"S396265079","species_list":"Barn Swallow; Black-winged Stilt; Black Drongo; Blue-cheeked Bee-eater; Citrine Wagtail; Common Snipe; Desert Wheatear; Eurasian Curlew; Greater Short-toed Lark; Green-winged Teal; Gull-billed Tern; Little Stint; Montagu's Harrier; Ruff; Siberian Stonechat; Tawny Pipit; Western Reef-Heron; Wire-tailed Swallow; Wood Sandpiper","n_species":19,"focal_species_seen":"Blue-cheeked Bee-eater","focal_species_slugs":"blue-cheeked-bee-eater","has_focal":true,"GRID_CODE":"GJ-KU-RAN-502","DISTRICT":"Kachchh","BLOCK":"Rann of Kachchh"},"geometry":{"type":"Point","coordinates":[69.369465,23.7604]}},{"type":"Feature","properties":{"GROUP.ID":"G18469660","LOCALITY":"T28-4","LATITUDE":23.8143578,"LONGITUDE":69.8693652,"OBSERVATION.DATE":"2026-09-26","OBSERVER.ID":"obsr3649322","DURATION.MINUTES":38.0,"SAMPLING.EVENT.IDENTIFIER":"S396265200","species_list":"Asian Green Bee-eater; Black Drongo; Brahminy Starling; Common Babbler; Eurasian Collared-Dove; European Roller; House Sparrow; Indian Robin; Indian Silverbill; Laughing Dove; Red-vented Bulbul; Spotted Flycatcher","n_species":12,"focal_species_seen":"European Roller; Spotted Flycatcher","focal_species_slugs":"european-roller;spotted-flycatcher","has_focal":true,"GRID_CODE":"GJ-KU-BHU-013","DISTRICT":"Kachchh","BLOCK":"Bhuj"},"geometry":{"type":"Point","coordinates":[69.8693652,23.8143578]}},{"type":"Feature","properties":{"GROUP.ID":"G18458061","LOCALITY":"T31_G4","LATITUDE":23.778425,"LONGITUDE":69.408901,"OBSERVATION.DATE":"2026-09-26","OBSERVER.ID":"obsr3561725","DURATION.MINUTES":55.0,"SAMPLING.EVENT.IDENTIFIER":"S396265240","species_list":"Bank Swallow; Barn Swallow; Blue-cheeked Bee-eater; Caspian Tern; Common Greenshank; Greater Short-toed Lark; Gull-billed Tern; Kentish Plover; Little Stint; Sand Lark; Whiskered Tern","n_species":11,"focal_species_seen":"Blue-cheeked Bee-eater","focal_species_slugs":"blue-cheeked-bee-eater","has_focal":true,"GRID_CODE":"GJ-KU-BHU-017","DISTRICT":"Kachchh","BLOCK":"Bhuj"},"geometry":{"type":"Point","coordinates":[69.408901,23.778425]}},{"type":"Feature","properties":{"GROUP.ID":"G18483891","LOCALITY":"Kotdi - Boha Road, Boha, Gujarat, IN (23.074, 69.157)","LATITUDE":23.074025,"LONGITUDE":69.1570967,"OBSERVATION.DATE":"2026-09-26","OBSERVER.ID":"obsr10088115","DURATION.MINUTES":null,"SAMPLING.EVENT.IDENTIFIER":"S396266322","species_list":"European Roller","n_species":1,"focal_species_seen":"European Roller","focal_species_slugs":"european-roller","has_focal":true,"GRID_CODE":"GJ-KU-MAN-003","DISTRICT":"Kachchh","BLOCK":"Mandvi"},"geometry":{"type":"Point","coordinates":[69.1570967,23.074025]}},{"type":"Feature","properties":{"GROUP.ID":"G18472253","LOCALITY":"Unnamed Road, Kachchh, Gujarat, IN (23.699, 70.664)","LATITUDE":23.6987328,"LONGITUDE":70.6642231,"OBSERVATION.DATE":"2026-09-26","OBSERVER.ID":"obsr807380","DURATION.MINUTES":25.0,"SAMPLING.EVENT.IDENTIFIER":"S396267607","species_list":"Asian Green Bee-eater; Common Hoopoe; Delicate Prinia; Gray Heron; Great Cormorant; Greater Coucal; Indian Silverbill; Little Cormorant; Painted Stork; Plain Prinia; Purple Heron","n_species":11,"focal_species_seen":"","focal_species_slugs":"","has_focal":false,"GRID_CODE":"GJ-KU-RAP-031","DISTRICT":"Kachchh","BLOCK":"Rapar"},"geometry":{"type":"Point","coordinates":[70.6642231,23.6987328]}},{"type":"Feature","properties":{"GROUP.ID":"G18483890","LOCALITY":"Kotdi - Bhojay Road, Kachchh, Gujarat, IN (23.016, 69.185)","LATITUDE":23.0155895,"LONGITUDE":69.1847548,"OBSERVATION.DATE":"2026-09-26","OBSERVER.ID":"obsr10088115","DURATION.MINUTES":null,"SAMPLING.EVENT.IDENTIFIER":"S396267945","species_list":"European Roller","n_species":1,"focal_species_seen":"European Roller","focal_species_slugs":"european-roller","has_focal":true,"GRID_CODE":"GJ-KU-MAN-010","DISTRICT":"Kachchh","BLOCK":"Mandvi"},"geometry":{"type":"Point","coordinates":[69.1847548,23.0155895]}},{"type":"Feature","properties":{"GROUP.ID":"G18478746","LOCALITY":"T32G4","LATITUDE":23.7662918,"LONGITUDE":69.3446448,"OBSERVATION.DATE":"2026-09-26","OBSERVER.ID":"obsr1925442","DURATION.MINUTES":24.0,"SAMPLING.EVENT.IDENTIFIER":"S396267976","species_list":"Crested Lark; Gull-billed Tern; Kentish Plover; Little Stint; Red-wattled Lapwing; Ruff; Western Marsh Harrier; Whiskered Tern","n_species":8,"focal_species_seen":"","focal_species_slugs":"","has_focal":false,"GRID_CODE":"GJ-KU-RAN-501","DISTRICT":"Kachchh","BLOCK":"Rann of Kachchh"},"geometry":{"type":"Point","coordinates":[69.3446448,23.7662918]}},{"type":"Feature","properties":{"GROUP.ID":"G18461574","LOCALITY":"T2-PMC26","LATITUDE":23.1889709,"LONGITUDE":69.8184879,"OBSERVATION.DATE":"2026-09-26","OBSERVER.ID":"obsr2895441","DURATION.MINUTES":48.0,"SAMPLING.EVENT.IDENTIFIER":"S396268382","species_list":"Ashy-crowned Sparrow-Lark; Asian Green Bee-eater; Asian Koel; Barred Buttonquail; Baya Weaver; Common Babbler; Common Hoopoe; Dusky Crag-Martin; Eastern Cattle-Egret; Eastern Orphean Warbler; Eastern Red-rumped Swallow; Eurasian Collared-Dove; Eurasian Hobby; European Roller; Gray-breasted Prinia; Gray Francolin; Greater Coucal; House Sparrow; Indian Robin; Indian Silverbill; Jungle Prinia; Laughing Dove; Lesser Whitethroat; Little Swift; Long-tailed Shrike; Oriental Honey-buzzard; Paddyfield Pipit; Plain Prinia; Purple Sunbird; Red-backed Shrike; Red-tailed Shrike; Red-vented Bulbul; Red-wattled Lapwing; Rufous-fronted Prinia; Rufous-tailed Scrub-Robin; Shikra; Siberian Stonechat; Small Minivet; Striolated Bunting; Variable Wheatear; White-eared Bulbul; White-tailed Iora; White-throated Kingfisher; Wire-tailed Swallow","n_species":44,"focal_species_seen":"European Roller; Red-backed Shrike; Red-tailed Shrike; Rufous-tailed Scrub-Robin","focal_species_slugs":"european-roller;red-backed-shrike;red-tailed-shrike;rufous-tailed-scrub-robin","has_focal":true,"GRID_CODE":"GJ-KU-BHU-150","DISTRICT":"Kachchh","BLOCK":"Bhuj"},"geometry":{"type":"Point","coordinates":[69.8184879,23.1889709]}},{"type":"Feature","properties":{"GROUP.ID":"G18458111","LOCALITY":"T22G2","LATITUDE":23.4443409,"LONGITUDE":70.8340536,"OBSERVATION.DATE":"2026-09-26","OBSERVER.ID":"obsr6246480","DURATION.MINUTES":61.0,"SAMPLING.EVENT.IDENTIFIER":"S396268535","species_list":"Asian Green Bee-eater; Bay-backed Shrike; Baya Weaver; Black Drongo; Black Redstart; Dusky Crag-Martin; Eastern Cattle-Egret; Eurasian Collared-Dove; Eurasian Kestrel; European Roller; Laughing Dove; Lesser Whitethroat; Medium Egret; Paddyfield Pipit; Purple Sunbird; Red-wattled Lapwing; Rufous-tailed Scrub-Robin; Shikra","n_species":18,"focal_species_seen":"European Roller; Rufous-tailed Scrub-Robin","focal_species_slugs":"european-roller;rufous-tailed-scrub-robin","has_focal":true,"GRID_CODE":"GJ-KU-RAP-088","DISTRICT":"Kachchh","BLOCK":"Rapar"},"geometry":{"type":"Point","coordinates":[70.8340536,23.4443409]}},{"type":"Feature","properties":{"GROUP.ID":"G18462533","LOCALITY":"T6-PMC G2","LATITUDE":22.8297212,"LONGITUDE":69.4876014,"OBSERVATION.DATE":"2026-09-26","OBSERVER.ID":"obsr1205825","DURATION.MINUTES":18.0,"SAMPLING.EVENT.IDENTIFIER":"S396269562","species_list":"Black-headed Ibis; Black-winged Stilt; Black Drongo; Common Babbler; Eastern Cattle-Egret; Eurasian Collared-Dove; European Roller; Laughing Dove; Paddyfield Pipit; Red-naped Ibis; Red-wattled Lapwing; Ruff; White-breasted Waterhen","n_species":13,"focal_species_seen":"European Roller","focal_species_slugs":"european-roller","has_focal":true,"GRID_CODE":"GJ-KU-MAN-051","DISTRICT":"Kachchh","BLOCK":"Mandvi"},"geometry":{"type":"Point","coordinates":[69.4876014,22.8297212]}},{"type":"Feature","properties":{"GROUP.ID":"G18468182","LOCALITY":"Team 19 - 3 grid Sanva Phulpara Road, Kachchh IN-Gujarat 23.63768, 70.97742","LATITUDE":23.637678,"LONGITUDE":70.97742,"OBSERVATION.DATE":"2026-09-26","OBSERVER.ID":"obsr961478","DURATION.MINUTES":55.0,"SAMPLING.EVENT.IDENTIFIER":"S396270479","species_list":"Ashy-crowned Sparrow-Lark; Asian Green Bee-eater; Baya Weaver; Black-winged Stilt; Cotton Pygmy-Goose; Eastern Cattle-Egret; Eurasian Collared-Dove; Eurasian Coot; European Roller; Indian Silverbill; Laughing Dove; Lesser Whistling-Duck; Lesser Whitethroat; Little Grebe; Long-tailed Shrike; Painted Stork; Pied Bushchat; Red-vented Bulbul; Red-wattled Lapwing; River Tern; Rose-ringed Parakeet; Rosy Starling; Whiskered Tern; White-eared Bulbul; White-throated Kingfisher","n_species":25,"focal_species_seen":"European Roller","focal_species_slugs":"european-roller","has_focal":true,"GRID_CODE":"GJ-KU-RAP-047","DISTRICT":"Kachchh","BLOCK":"Rapar"},"geometry":{"type":"Point","coordinates":[70.97742,23.637678]}},{"type":"Feature","properties":{"GROUP.ID":"G18458313","LOCALITY":"Rampar Vekra - Vadasar Road, Vinganiya, Gujarat, IN (23.101, 69.452)","LATITUDE":23.1009751,"LONGITUDE":69.4518204,"OBSERVATION.DATE":"2026-09-26","OBSERVER.ID":"obsr680651","DURATION.MINUTES":null,"SAMPLING.EVENT.IDENTIFIER":"S396270679","species_list":"European Roller","n_species":1,"focal_species_seen":"European Roller","focal_species_slugs":"european-roller","has_focal":true,"GRID_CODE":"GJ-KU-MAN-008","DISTRICT":"Kachchh","BLOCK":"Mandvi"},"geometry":{"type":"Point","coordinates":[69.4518204,23.1009751]}},{"type":"Feature","properties":{"GROUP.ID":"G18458312","LOCALITY":"Rampar Vekra - Vadasar Road, Vadasar, Gujarat, IN (23.116, 69.447)","LATITUDE":23.1158999,"LONGITUDE":69.4465857,"OBSERVATION.DATE":"2026-09-26","OBSERVER.ID":"obsr680651","DURATION.MINUTES":null,"SAMPLING.EVENT.IDENTIFIER":"S396271271","species_list":"Spotted Flycatcher","n_species":1,"focal_species_seen":"Spotted Flycatcher","focal_species_slugs":"spotted-flycatcher","has_focal":true,"GRID_CODE":"GJ-KU-BHU-151","DISTRICT":"Kachchh","BLOCK":"Bhuj"},"geometry":{"type":"Point","coordinates":[69.4465857,23.1158999]}},{"type":"Feature","properties":{"GROUP.ID":"S396272613","LOCALITY":"T6-PMC G2","LATITUDE":22.8297212,"LONGITUDE":69.4876014,"OBSERVATION.DATE":"2026-09-26","OBSERVER.ID":"obsr1205825","DURATION.MINUTES":17.0,"SAMPLING.EVENT.IDENTIFIER":"S396272613","species_list":"European Roller","n_species":1,"focal_species_seen":"European Roller","focal_species_slugs":"european-roller","has_focal":true,"GRID_CODE":"GJ-KU-MAN-051","DISTRICT":"Kachchh","BLOCK":"Mandvi"},"geometry":{"type":"Point","coordinates":[69.4876014,22.8297212]}},{"type":"Feature","properties":{"GROUP.ID":"G18458271","LOCALITY":"T33-G2","LATITUDE":23.0230483,"LONGITUDE":69.2204133,"OBSERVATION.DATE":"2026-09-26","OBSERVER.ID":"obsr6495382","DURATION.MINUTES":20.0,"SAMPLING.EVENT.IDENTIFIER":"S396272700","species_list":"Ashy-crowned Sparrow-Lark; Asian Green Bee-eater; Bay-backed Shrike; Baya Weaver; Black Drongo; Common Babbler; Eastern Cattle-Egret; Eurasian Collared-Dove; Gray Francolin; House Sparrow; Indian Bushlark; Laughing Dove; Little Cormorant; Paddyfield Pipit; Painted Stork; Purple Sunbird; Red Collared-Dove; Rufous-fronted Prinia; White-tailed Iora; Wire-tailed Swallow","n_species":20,"focal_species_seen":"","focal_species_slugs":"","has_focal":false,"GRID_CODE":"GJ-KU-MAN-011","DISTRICT":"Kachchh","BLOCK":"Mandvi"},"geometry":{"type":"Point","coordinates":[69.2204133,23.0230483]}},{"type":"Feature","properties":{"GROUP.ID":"G18458171","LOCALITY":"T38-3, Mothara, Sarguara, Gujarat, IN (23.241, 69.142)","LATITUDE":23.2406533,"LONGITUDE":69.14181,"OBSERVATION.DATE":"2026-09-26","OBSERVER.ID":"obsr769125","DURATION.MINUTES":53.0,"SAMPLING.EVENT.IDENTIFIER":"S396273232","species_list":"Ashy-crowned Sparrow-Lark; Asian Green Bee-eater; Barn Swallow; Bay-backed Shrike; Baya Weaver; Black Drongo; Blue-cheeked Bee-eater; Brahminy Starling; Common Hoopoe; Common Tailorbird; Common Woodshrike; Dusky Crag-Martin; Eastern Cattle-Egret; Eastern Red-rumped Swallow; Eurasian Collared-Dove; European Roller; Gray-breasted Prinia; Gray Francolin; Greater Coucal; Greater Short-toed Lark; Greater Whitethroat; House Crow; House Sparrow; Indian Bushlark; Indian Robin; Indian Silverbill; Laughing Dove; Lesser Whitethroat; Little Swift; Oriental Honey-buzzard; Plain Prinia; Purple Sunbird; Red-naped Ibis; Red-vented Bulbul; Red-wattled Lapwing; River Tern; Rosy Starling; Rufous-fronted Prinia; Rufous-tailed Lark; Shikra; Siberian Stonechat; Small Minivet; Spotted Flycatcher; Tawny Pipit; Tree Pipit; Wire-tailed Swallow; Yellow-throated Sparrow","n_species":47,"focal_species_seen":"Blue-cheeked Bee-eater; European Roller; Greater Whitethroat; Spotted Flycatcher","focal_species_slugs":"blue-cheeked-bee-eater;european-roller;greater-whitethroat;spotted-flycatcher","has_focal":true,"GRID_CODE":"GJ-KU-ABD-054","DISTRICT":"Kachchh","BLOCK":"Abdasa"},"geometry":{"type":"Point","coordinates":[69.14181,23.2406533]}},{"type":"Feature","properties":{"GROUP.ID":"G18483886","LOCALITY":"Kotdi - Bhojay Road, Kachchh, Gujarat, IN (23.016, 69.185)","LATITUDE":23.0155895,"LONGITUDE":69.1847548,"OBSERVATION.DATE":"2026-09-26","OBSERVER.ID":"obsr10088115","DURATION.MINUTES":null,"SAMPLING.EVENT.IDENTIFIER":"S396273598","species_list":"European Roller","n_species":1,"focal_species_seen":"European Roller","focal_species_slugs":"european-roller","has_focal":true,"GRID_CODE":"GJ-KU-MAN-010","DISTRICT":"Kachchh","BLOCK":"Mandvi"},"geometry":{"type":"Point","coordinates":[69.1847548,23.0155895]}},{"type":"Feature","properties":{"GROUP.ID":"G18458544","LOCALITY":"Unnamed Road, Kachchh, Gujarat, IN (23.239, 70.478)","LATITUDE":23.2391437,"LONGITUDE":70.4783501,"OBSERVATION.DATE":"2026-09-26","OBSERVER.ID":"obsr2283188","DURATION.MINUTES":169.0,"SAMPLING.EVENT.IDENTIFIER":"S396274094","species_list":"Ashy-crowned Sparrow-Lark; Asian Green Bee-eater; Bay-backed Shrike; Baya Weaver; Black-crowned Night Heron; Black-tailed Godwit; Black Drongo; Brahminy Starling; Common Babbler; Common Hoopoe; Common Kingfisher; Common Sandpiper; Common Tailorbird; Eastern Cattle-Egret; Eurasian Collared-Dove; Eurasian Coot; Eurasian Moorhen; European Roller; Glossy Ibis; Gray Francolin; Gray Heron; House Sparrow; Indian Cormorant; Indian Peafowl; Indian Pond-Heron; Indian Roller; Indian Spot-billed Duck; Laughing Dove; Little Cormorant; Little Egret; Little Ringed Plover; Little Stint; Marsh Sandpiper; Medium Egret; Paddyfield Pipit; Painted Stork; Red-breasted Flycatcher; Red-naped Ibis; Red-wattled Lapwing; River Tern; Ruff; Savanna Nightjar; Shikra; Siberian Stonechat; Spotted Flycatcher; Variable Wheatear; Western Marsh Harrier; Whiskered Tern; White-eared Bulbul; White-throated Kingfisher; Wood Sandpiper; Yellow-wattled Lapwing","n_species":52,"focal_species_seen":"European Roller; Spotted Flycatcher","focal_species_slugs":"european-roller;spotted-flycatcher","has_focal":true,"GRID_CODE":"GJ-KU-BHA-067","DISTRICT":"Kachchh","BLOCK":"Bhachau"},"geometry":{"type":"Point","coordinates":[70.4783501,23.2391437]}},{"type":"Feature","properties":{"GROUP.ID":"G18469087","LOCALITY":"Haroda-Amiya Road, Haroda, Gujarat, IN (23.661, 69.007)","LATITUDE":23.6610617,"LONGITUDE":69.0069917,"OBSERVATION.DATE":"2026-09-26","OBSERVER.ID":"obsr1430794","DURATION.MINUTES":14.0,"SAMPLING.EVENT.IDENTIFIER":"S396274695","species_list":"Asian Green Bee-eater; Barn Swallow; Bay-backed Shrike; Common Hoopoe; European Roller; Great Gray Shrike; Little Egret; Purple Sunbird; Red-vented Bulbul; Red-wattled Lapwing; Rosy Starling; Tawny Pipit; Variable Wheatear","n_species":13,"focal_species_seen":"European Roller","focal_species_slugs":"european-roller","has_focal":true,"GRID_CODE":"GJ-KU-LAK-027","DISTRICT":"Kachchh","BLOCK":"Lakhpat"},"geometry":{"type":"Point","coordinates":[69.0069917,23.6610617]}},{"type":"Feature","properties":{"GROUP.ID":"G18458311","LOCALITY":"Samatra-Vadasar Road, Kachchh, Gujarat, IN (23.186, 69.495)","LATITUDE":23.1855004,"LONGITUDE":69.4947977,"OBSERVATION.DATE":"2026-09-26","OBSERVER.ID":"obsr680651","DURATION.MINUTES":null,"SAMPLING.EVENT.IDENTIFIER":"S396276212","species_list":"European Roller; Spotted Flycatcher","n_species":2,"focal_species_seen":"European Roller; Spotted Flycatcher","focal_species_slugs":"european-roller;spotted-flycatcher","has_focal":true,"GRID_CODE":"GJ-KU-BHU-143","DISTRICT":"Kachchh","BLOCK":"Bhuj"},"geometry":{"type":"Point","coordinates":[69.4947977,23.1855004]}},{"type":"Feature","properties":{"GROUP.ID":"G18458273","LOCALITY":"T17G2","LATITUDE":23.8623851,"LONGITUDE":70.7784482,"OBSERVATION.DATE":"2026-09-26","OBSERVER.ID":"obsr413366","DURATION.MINUTES":11.0,"SAMPLING.EVENT.IDENTIFIER":"S396276596","species_list":"Ashy-crowned Sparrow-Lark; Asian Green Bee-eater; Barn Swallow; Bay-backed Shrike; Black-winged Kite; Black Drongo; Blue-cheeked Bee-eater; Chestnut-bellied Sandgrouse; Common Babbler; Common Hoopoe; Common Tailorbird; Crested Lark; Eastern Cattle-Egret; Eastern Red-rumped Swallow; Eurasian Collared-Dove; European Roller; Gray Francolin; House Sparrow; Indian Peafowl; Indian Robin; Indian Silverbill; Isabelline Shrike; Laughing Dove; Paddyfield Pipit; Pied Cuckoo; Plain Prinia; Purple Sunbird; Red-naped Ibis; Red-vented Bulbul; Red-wattled Lapwing; Rosy Starling; Rufous-tailed Lark; Spotted Flycatcher; White-eared Bulbul; White-throated Kingfisher; Wire-tailed Swallow; Yellow-throated Sparrow","n_species":37,"focal_species_seen":"Blue-cheeked Bee-eater; European Roller; Spotted Flycatcher","focal_species_slugs":"blue-cheeked-bee-eater;european-roller;spotted-flycatcher","has_focal":true,"GRID_CODE":"GJ-KU-RAP-007","DISTRICT":"Kachchh","BLOCK":"Rapar"},"geometry":{"type":"Point","coordinates":[70.7784482,23.8623851]}},{"type":"Feature","properties":{"GROUP.ID":"G18458207","LOCALITY":"Great Rann of Kachchh--Dhordo","LATITUDE":23.801798,"LONGITUDE":69.5041466,"OBSERVATION.DATE":"2026-09-26","OBSERVER.ID":"obsr1065391","DURATION.MINUTES":38.0,"SAMPLING.EVENT.IDENTIFIER":"S396277235","species_list":"Ashy-crowned Sparrow-Lark; Asian Green Bee-eater; Bank Swallow; Black-winged Stilt; Black Drongo; Blue-cheeked Bee-eater; Brown Rock Chat; Collared Pratincole; Common Greenshank; Common Myna; Common Snipe; European Roller; Green Sandpiper; Little Ringed Plover; Marsh Sandpiper; Temminck's Stint; Western Reef-Heron; Wood Sandpiper","n_species":18,"focal_species_seen":"Blue-cheeked Bee-eater; European Roller","focal_species_slugs":"blue-cheeked-bee-eater;european-roller","has_focal":true,"GRID_CODE":"GJ-KU-BHU-018","DISTRICT":"Kachchh","BLOCK":"Bhuj"},"geometry":{"type":"Point","coordinates":[69.5041466,23.801798]}},{"type":"Feature","properties":{"GROUP.ID":"G18458272","LOCALITY":"T17G1","LATITUDE":23.8162957,"LONGITUDE":70.8062396,"OBSERVATION.DATE":"2026-09-26","OBSERVER.ID":"obsr413366","DURATION.MINUTES":48.0,"SAMPLING.EVENT.IDENTIFIER":"S396277543","species_list":"Ashy-crowned Sparrow-Lark; Asian Green Bee-eater; Asian Koel; Bay-backed Shrike; Baya Weaver; Black-winged Kite; Black Drongo; Common Babbler; Common Hoopoe; Common Myna; Common Tailorbird; Dusky Crag-Martin; Eastern Cattle-Egret; Eurasian Collared-Dove; Eurasian Wryneck; European Roller; Gray-necked Bunting; Gray Francolin; House Sparrow; Indian Bushlark; Indian Peafowl; Indian Robin; Indian Silverbill; Indian Spot-billed Duck; Laughing Dove; Lesser Whitethroat; Long-tailed Shrike; Paddyfield Pipit; Painted Stork; Purple Sunbird; Red-vented Bulbul; Red-wattled Lapwing; Red Collared-Dove; Rosy Starling; Spotted Flycatcher; Variable Wheatear; White-eared Bulbul; White-throated Kingfisher; Wire-tailed Swallow; Yellow-throated Sparrow","n_species":40,"focal_species_seen":"European Roller; Spotted Flycatcher","focal_species_slugs":"european-roller;spotted-flycatcher","has_focal":true,"GRID_CODE":"GJ-KU-RAP-013","DISTRICT":"Kachchh","BLOCK":"Rapar"},"geometry":{"type":"Point","coordinates":[70.8062396,23.8162957]}},{"type":"Feature","properties":{"GROUP.ID":"G18458214","LOCALITY":"Chitrod Adesar Road, Kachchh IN-GJ 23.39639, 70.75399","LATITUDE":23.39639,"LONGITUDE":70.753994,"OBSERVATION.DATE":"2026-09-26","OBSERVER.ID":"obsr7914099","DURATION.MINUTES":6.0,"SAMPLING.EVENT.IDENTIFIER":"S396278478","species_list":"Black-winged Kite; European Roller; Laughing Dove; Pied Bushchat","n_species":4,"focal_species_seen":"European Roller","focal_species_slugs":"european-roller","has_focal":true,"GRID_CODE":"GJ-KU-RAP-093","DISTRICT":"Kachchh","BLOCK":"Rapar"},"geometry":{"type":"Point","coordinates":[70.753994,23.39639]}},{"type":"Feature","properties":{"GROUP.ID":"G18461573","LOCALITY":"Bhuj - Anjar Highway, Reldi Moti, Gujarat, IN (23.203, 69.814)","LATITUDE":23.2031848,"LONGITUDE":69.8142939,"OBSERVATION.DATE":"2026-09-26","OBSERVER.ID":"obsr2895441","DURATION.MINUTES":null,"SAMPLING.EVENT.IDENTIFIER":"S396279440","species_list":"Asian Green Bee-eater; Common Myna","n_species":2,"focal_species_seen":"","focal_species_slugs":"","has_focal":false,"GRID_CODE":"GJ-KU-BHU-150","DISTRICT":"Kachchh","BLOCK":"Bhuj"},"geometry":{"type":"Point","coordinates":[69.8142939,23.2031848]}},{"type":"Feature","properties":{"GROUP.ID":"G18462532","LOCALITY":"T6-PMC G2","LATITUDE":22.8297212,"LONGITUDE":69.4876014,"OBSERVATION.DATE":"2026-09-26","OBSERVER.ID":"obsr1205825","DURATION.MINUTES":31.0,"SAMPLING.EVENT.IDENTIFIER":"S396279783","species_list":"Asian Koel; Black-headed Ibis; Black Drongo; Common Tailorbird; Eurasian Collared-Dove; European Roller; Gray Francolin; House Crow; Indian Robin; Indian Silverbill; Purple Sunbird; Red-vented Bulbul; Red-wattled Lapwing; Rose-ringed Parakeet; Rosy Starling; White-eared Bulbul","n_species":16,"focal_species_seen":"European Roller","focal_species_slugs":"european-roller","has_focal":true,"GRID_CODE":"GJ-KU-MAN-051","DISTRICT":"Kachchh","BLOCK":"Mandvi"},"geometry":{"type":"Point","coordinates":[69.4876014,22.8297212]}},{"type":"Feature","properties":{"GROUP.ID":"G18461437","LOCALITY":"T15G5","LATITUDE":23.61515,"LONGITUDE":69.4759983,"OBSERVATION.DATE":"2026-09-26","OBSERVER.ID":"obsr1419186","DURATION.MINUTES":49.0,"SAMPLING.EVENT.IDENTIFIER":"S396280178","species_list":"Common Babbler; Eurasian Wryneck; European Roller; Lesser Whitethroat; Red-tailed Shrike; Siberian Stonechat","n_species":6,"focal_species_seen":"European Roller; Red-tailed Shrike","focal_species_slugs":"european-roller;red-tailed-shrike","has_focal":true,"GRID_CODE":"GJ-KU-BHU-059","DISTRICT":"Kachchh","BLOCK":"Bhuj"},"geometry":{"type":"Point","coordinates":[69.4759983,23.61515]}},{"type":"Feature","properties":{"GROUP.ID":"G18458274","LOCALITY":"T33-G1","LATITUDE":23.0032317,"LONGITUDE":69.281195,"OBSERVATION.DATE":"2026-09-26","OBSERVER.ID":"obsr6495382","DURATION.MINUTES":26.0,"SAMPLING.EVENT.IDENTIFIER":"S396282098","species_list":"Black-winged Kite; Black Drongo; European Roller; Gray Francolin; Indian Peafowl; Indian Robin; Laughing Dove; Purple Sunbird; Red-tailed Shrike; Red-vented Bulbul; Rosy Starling; Siberian Stonechat","n_species":12,"focal_species_seen":"European Roller; Red-tailed Shrike","focal_species_slugs":"european-roller;red-tailed-shrike","has_focal":true,"GRID_CODE":"GJ-KU-MAN-021","DISTRICT":"Kachchh","BLOCK":"Mandvi"},"geometry":{"type":"Point","coordinates":[69.281195,23.0032317]}},{"type":"Feature","properties":{"GROUP.ID":"S396287529","LOCALITY":"Gujarat State Highway 6, Kachchh, Gujarat, IN (22.833, 69.396)","LATITUDE":22.8329935,"LONGITUDE":69.3956104,"OBSERVATION.DATE":"2026-09-26","OBSERVER.ID":"obsr1205825","DURATION.MINUTES":null,"SAMPLING.EVENT.IDENTIFIER":"S396287529","species_list":"European Roller","n_species":1,"focal_species_seen":"European Roller","focal_species_slugs":"european-roller","has_focal":true,"GRID_CODE":"GJ-KU-MAN-049","DISTRICT":"Kachchh","BLOCK":"Mandvi"},"geometry":{"type":"Point","coordinates":[69.3956104,22.8329935]}},{"type":"Feature","properties":{"GROUP.ID":"G18458292","LOCALITY":"T45G1","LATITUDE":23.6992648,"LONGITUDE":68.7916234,"OBSERVATION.DATE":"2026-09-26","OBSERVER.ID":"obsr1173605","DURATION.MINUTES":52.0,"SAMPLING.EVENT.IDENTIFIER":"S396288570","species_list":"Ashy-crowned Sparrow-Lark; Asian Green Bee-eater; European Roller; Gray Francolin; Indian Robin; Lesser Whitethroat; Purple Sunbird; Red-tailed Shrike; Short-toed Snake-Eagle; Spotted Flycatcher","n_species":10,"focal_species_seen":"European Roller; Red-tailed Shrike; Spotted Flycatcher","focal_species_slugs":"european-roller;red-tailed-shrike;spotted-flycatcher","has_focal":true,"GRID_CODE":"GJ-KU-LAK-022","DISTRICT":"Kachchh","BLOCK":"Lakhpat"},"geometry":{"type":"Point","coordinates":[68.7916234,23.6992648]}},{"type":"Feature","properties":{"GROUP.ID":"G18458305","LOCALITY":"T45G2","LATITUDE":23.6893445,"LONGITUDE":68.8639871,"OBSERVATION.DATE":"2026-09-26","OBSERVER.ID":"obsr1173605","DURATION.MINUTES":62.0,"SAMPLING.EVENT.IDENTIFIER":"S396289332","species_list":"Ashy-crowned Sparrow-Lark; Asian Green Bee-eater; Bay-backed Shrike; Baya Weaver; Black Drongo; Brahminy Starling; Common Babbler; Common Hoopoe; Common Kingfisher; Eastern Cattle-Egret; Eastern Red-rumped Swallow; Eurasian Collared-Dove; Eurasian Wryneck; European Roller; Gray-breasted Prinia; Gray Francolin; Green Sandpiper; Indian Cormorant; Indian Robin; Indian Roller; Indian Silverbill; Isabelline Wheatear; Laughing Dove; Lesser Whistling-Duck; Little Heron; Plain Prinia; Purple Sunbird; Red-vented Bulbul; Red-wattled Lapwing; Rose-ringed Parakeet; Rufous-fronted Prinia; Siberian Stonechat; Spotted Flycatcher; Striolated Bunting; Variable Wheatear; White-throated Kingfisher; Wire-tailed Swallow; Zitting Cisticola","n_species":38,"focal_species_seen":"European Roller; Spotted Flycatcher","focal_species_slugs":"european-roller;spotted-flycatcher","has_focal":true,"GRID_CODE":"GJ-KU-LAK-024","DISTRICT":"Kachchh","BLOCK":"Lakhpat"},"geometry":{"type":"Point","coordinates":[68.8639871,23.6893445]}},{"type":"Feature","properties":{"GROUP.ID":"G18458383","LOCALITY":"T12G3","LATITUDE":23.3701682,"LONGITUDE":70.1286944,"OBSERVATION.DATE":"2026-09-26","OBSERVER.ID":"obsr1301322","DURATION.MINUTES":41.0,"SAMPLING.EVENT.IDENTIFIER":"S396293303","species_list":"Asian Green Bee-eater; Barn Swallow; Bay-backed Shrike; Baya Weaver; Black Drongo; Common Hoopoe; Common Sandpiper; Eurasian Collared-Dove; European Roller; Gray Francolin; Great Gray Shrike; House Crow; Indian Bushlark; Indian Silverbill; Laughing Dove; Little Egret; Montagu's Harrier; Purple Sunbird; Red-tailed Shrike; Red-vented Bulbul; River Tern; Rufous-fronted Prinia; Siberian Stonechat; Tree Pipit","n_species":24,"focal_species_seen":"European Roller; Red-tailed Shrike","focal_species_slugs":"european-roller;red-tailed-shrike","has_focal":true,"GRID_CODE":"GJ-KU-ANJ-001","DISTRICT":"Kachchh","BLOCK":"Anjar"},"geometry":{"type":"Point","coordinates":[70.1286944,23.3701682]}},{"type":"Feature","properties":{"GROUP.ID":"G18458740","LOCALITY":"T23-2 Â· GJ-KU-BHA-022","LATITUDE":23.4686,"LONGITUDE":70.55528,"OBSERVATION.DATE":"2026-09-26","OBSERVER.ID":"obsr6576848","DURATION.MINUTES":61.0,"SAMPLING.EVENT.IDENTIFIER":"S396294012","species_list":"Asian Green Bee-eater; Common Babbler; Common Tailorbird; Eastern Red-rumped Swallow; Eurasian Collared-Dove; Gray-necked Bunting; Gray Francolin; Greater Coucal; Greater Whitethroat; Indian Bushlark; Indian Silverbill; Isabelline Shrike; Laughing Dove; Lesser Whitethroat; Red-tailed Shrike; Red-vented Bulbul; Rufous-fronted Prinia; Rufous-tailed Lark; Rufous-tailed Scrub-Robin; Siberian Stonechat; Spotted Flycatcher; Striolated Bunting; Tawny Pipit; White-eared Bulbul","n_species":24,"focal_species_seen":"Greater Whitethroat; Red-tailed Shrike; Rufous-tailed Scrub-Robin; Spotted Flycatcher","focal_species_slugs":"greater-whitethroat;red-tailed-shrike;rufous-tailed-scrub-robin;spotted-flycatcher","has_focal":true,"GRID_CODE":"GJ-KU-BHA-022","DISTRICT":"Kachchh","BLOCK":"Bhachau"},"geometry":{"type":"Point","coordinates":[70.55528,23.4686]}},{"type":"Feature","properties":{"GROUP.ID":"G18458598","LOCALITY":"T12G2","LATITUDE":23.3239932,"LONGITUDE":70.2035952,"OBSERVATION.DATE":"2026-09-26","OBSERVER.ID":"obsr1301322","DURATION.MINUTES":75.0,"SAMPLING.EVENT.IDENTIFIER":"S396294706","species_list":"Ashy-crowned Sparrow-Lark; Asian Green Bee-eater; Baya Weaver; Black-headed Ibis; Eurasian Collared-Dove; European Roller; Glossy Ibis; Gray-breasted Prinia; Gray-necked Bunting; Gray Francolin; House Sparrow; Indian Robin; Indian Roller; Indian Silverbill; Laughing Dove; Little Cormorant; Pied Bushchat; Plain Prinia; Purple Sunbird; Red-naped Ibis; Red-vented Bulbul; Red-wattled Lapwing; River Tern; Rose-ringed Parakeet; Rosy Starling; Shikra; Siberian Stonechat; Spotted Flycatcher; Striolated Bunting; White-eared Bulbul; White-throated Kingfisher; Yellow-eyed Babbler","n_species":32,"focal_species_seen":"European Roller; Spotted Flycatcher","focal_species_slugs":"european-roller;spotted-flycatcher","has_focal":true,"GRID_CODE":"GJ-KU-ANJ-005","DISTRICT":"Kachchh","BLOCK":"Anjar"},"geometry":{"type":"Point","coordinates":[70.2035952,23.3239932]}},{"type":"Feature","properties":{"GROUP.ID":"G18458458","LOCALITY":"T25 G1","LATITUDE":23.2772876,"LONGITUDE":70.3474297,"OBSERVATION.DATE":"2026-09-26","OBSERVER.ID":"obsr640387","DURATION.MINUTES":45.0,"SAMPLING.EVENT.IDENTIFIER":"S396296419","species_list":"Ashy-crowned Sparrow-Lark; Asian Green Bee-eater; Asian Koel; Bay-backed Shrike; Black-winged Kite; Eastern Cattle-Egret; Eurasian Collared-Dove; Eurasian Coot; Eurasian Moorhen; European Roller; Gray-headed Swamphen; Gray Heron; House Crow; House Sparrow; Indian Cormorant; Indian Courser; Indian Silverbill; Laughing Dove; Little Cormorant; Little Egret; Little Grebe; Little Ringed Plover; Little Swift; Paddyfield Pipit; Purple Sunbird; Red-vented Bulbul; Red-wattled Lapwing; River Tern; Rosy Starling; Streak-throated Swallow; White-eared Bulbul; Yellow-wattled Lapwing","n_species":32,"focal_species_seen":"European Roller","focal_species_slugs":"european-roller","has_focal":true,"GRID_CODE":"GJ-KU-BHA-053","DISTRICT":"Kachchh","BLOCK":"Bhachau"},"geometry":{"type":"Point","coordinates":[70.3474297,23.2772876]}},{"type":"Feature","properties":{"GROUP.ID":"G18458596","LOCALITY":"T33-G3","LATITUDE":23.0290117,"LONGITUDE":69.3208783,"OBSERVATION.DATE":"2026-09-26","OBSERVER.ID":"obsr6495382","DURATION.MINUTES":25.0,"SAMPLING.EVENT.IDENTIFIER":"S396296714","species_list":"Ashy-crowned Sparrow-Lark; Bay-backed Shrike; Black Drongo; Eastern Cattle-Egret; Indian Roller; Indian Silverbill; Laughing Dove; Sykes's Warbler; Variable Wheatear","n_species":9,"focal_species_seen":"","focal_species_slugs":"","has_focal":false,"GRID_CODE":"GJ-KU-MAN-013","DISTRICT":"Kachchh","BLOCK":"Mandvi"},"geometry":{"type":"Point","coordinates":[69.3208783,23.0290117]}},{"type":"Feature","properties":{"GROUP.ID":"G18468841","LOCALITY":"Naliya-Narayan Sarovar Road, Guhar Nani, Gujarat, IN (23.65, 68.55)","LATITUDE":23.6502338,"LONGITUDE":68.5496979,"OBSERVATION.DATE":"2026-09-26","OBSERVER.ID":"obsr494050","DURATION.MINUTES":null,"SAMPLING.EVENT.IDENTIFIER":"S396299604","species_list":"Painted Stork","n_species":1,"focal_species_seen":"","focal_species_slugs":"","has_focal":false,"GRID_CODE":"GJ-KU-LAK-031","DISTRICT":"Kachchh","BLOCK":"Lakhpat"},"geometry":{"type":"Point","coordinates":[68.5496979,23.6502338]}},{"type":"Feature","properties":{"GROUP.ID":"G18468840","LOCALITY":"Roadasar-Lakki Road, Lakki, Gujarat, IN (23.626, 68.536)","LATITUDE":23.6257233,"LONGITUDE":68.5362184,"OBSERVATION.DATE":"2026-09-26","OBSERVER.ID":"obsr494050","DURATION.MINUTES":null,"SAMPLING.EVENT.IDENTIFIER":"S396300816","species_list":"Eastern Red-rumped Swallow; European Roller","n_species":2,"focal_species_seen":"European Roller","focal_species_slugs":"european-roller","has_focal":true,"GRID_CODE":"GJ-KU-LAK-031","DISTRICT":"Kachchh","BLOCK":"Lakhpat"},"geometry":{"type":"Point","coordinates":[68.5362184,23.6257233]}},{"type":"Feature","properties":{"GROUP.ID":"G18468839","LOCALITY":"Pipar - Narayan Sarovar Road, Kachchh, Gujarat, IN (23.557, 68.522)","LATITUDE":23.5568282,"LONGITUDE":68.5222227,"OBSERVATION.DATE":"2026-09-26","OBSERVER.ID":"obsr494050","DURATION.MINUTES":null,"SAMPLING.EVENT.IDENTIFIER":"S396301099","species_list":"Bay-backed Shrike; European Roller","n_species":2,"focal_species_seen":"European Roller","focal_species_slugs":"european-roller","has_focal":true,"GRID_CODE":"GJ-KU-LAK-055","DISTRICT":"Kachchh","BLOCK":"Lakhpat"},"geometry":{"type":"Point","coordinates":[68.5222227,23.5568282]}},{"type":"Feature","properties":{"GROUP.ID":"G18468838","LOCALITY":"T50G1","LATITUDE":23.5519716,"LONGITUDE":68.5218131,"OBSERVATION.DATE":"2026-09-26","OBSERVER.ID":"obsr494050","DURATION.MINUTES":41.0,"SAMPLING.EVENT.IDENTIFIER":"S396302321","species_list":"Ashy-crowned Sparrow-Lark; Asian Green Bee-eater; Bay-backed Shrike; Baya Weaver; Black Drongo; Blyth's Reed Warbler; Booted Eagle; Common Babbler; Common Hoopoe; Eurasian Collared-Dove; Gray-breasted Prinia; Gray Francolin; Greater Whitethroat; House Sparrow; Indian Bushlark; Indian Robin; Indian Silverbill; Jungle Prinia; Laughing Dove; Lesser Whitethroat; Oriental Honey-buzzard; Paddyfield Pipit; Purple Sunbird; Red-naped Ibis; Red-vented Bulbul; Red-wattled Lapwing; Rose-ringed Parakeet; Rosy Starling; Rufous-fronted Prinia; Rufous-tailed Scrub-Robin; Tawny Pipit; Western Marsh Harrier; Whiskered Tern; White-tailed Iora; Wire-tailed Swallow; Yellow-wattled Lapwing; Zitting Cisticola","n_species":37,"focal_species_seen":"Greater Whitethroat; Rufous-tailed Scrub-Robin","focal_species_slugs":"greater-whitethroat;rufous-tailed-scrub-robin","has_focal":true,"GRID_CODE":"GJ-KU-LAK-055","DISTRICT":"Kachchh","BLOCK":"Lakhpat"},"geometry":{"type":"Point","coordinates":[68.5218131,23.5519716]}},{"type":"Feature","properties":{"GROUP.ID":"G18468837","LOCALITY":"Dhragavandh, Gujarat, IN (23.548, 68.518)","LATITUDE":23.5482349,"LONGITUDE":68.5181929,"OBSERVATION.DATE":"2026-09-26","OBSERVER.ID":"obsr494050","DURATION.MINUTES":21.0,"SAMPLING.EVENT.IDENTIFIER":"S396302769","species_list":"Asian Green Bee-eater; Bay-backed Shrike; Black-winged Stilt; Common Cuckoo; Common Hoopoe; Common Tailorbird; Eastern Red-rumped Swallow; Eurasian Collared-Dove; European Roller; Garganey; Gray Francolin; Great Egret; Green Sandpiper; Indian Robin; Lesser Whitethroat; Northern Shoveler; Purple Sunbird; Red-naped Ibis; Red-vented Bulbul; Rufous-fronted Prinia; Small Minivet; Whiskered Tern","n_species":22,"focal_species_seen":"Common Cuckoo; European Roller","focal_species_slugs":"common-cuckoo;european-roller","has_focal":true,"GRID_CODE":"GJ-KU-LAK-055","DISTRICT":"Kachchh","BLOCK":"Lakhpat"},"geometry":{"type":"Point","coordinates":[68.5181929,23.5482349]}},{"type":"Feature","properties":{"GROUP.ID":"G18458597","LOCALITY":"Sherdi, Gujarat, IN (23.052, 69.345)","LATITUDE":23.0522167,"LONGITUDE":69.345175,"OBSERVATION.DATE":"2026-09-26","OBSERVER.ID":"obsr6495382","DURATION.MINUTES":12.0,"SAMPLING.EVENT.IDENTIFIER":"S396302978","species_list":"Ashy-crowned Sparrow-Lark; Bay-backed Shrike; Eastern Cattle-Egret; European Roller; Green Sandpiper; Little Cormorant; Little Egret; Paddyfield Pipit; Red-backed Shrike; River Tern","n_species":10,"focal_species_seen":"European Roller; Red-backed Shrike","focal_species_slugs":"european-roller;red-backed-shrike","has_focal":true,"GRID_CODE":"GJ-KU-MAN-013","DISTRICT":"Kachchh","BLOCK":"Mandvi"},"geometry":{"type":"Point","coordinates":[69.345175,23.0522167]}},{"type":"Feature","properties":{"GROUP.ID":"G18468836","LOCALITY":"Pipar - Narayan Sarovar Road, Dhragavandh, Gujarat, IN (23.552, 68.52)","LATITUDE":23.5520058,"LONGITUDE":68.5195874,"OBSERVATION.DATE":"2026-09-26","OBSERVER.ID":"obsr494050","DURATION.MINUTES":22.0,"SAMPLING.EVENT.IDENTIFIER":"S396303370","species_list":"Ashy-crowned Sparrow-Lark; Asian Green Bee-eater; Bay-backed Shrike; Black Drongo; Common Babbler; European Roller; Gray-breasted Prinia; Gray Francolin; Paddyfield Pipit; Purple Sunbird; Red-backed Shrike; Red-naped Ibis; Rufous-fronted Prinia; Rufous-tailed Scrub-Robin; Shikra; Tawny Pipit; Tree Pipit; White-eared Bulbul","n_species":18,"focal_species_seen":"European Roller; Red-backed Shrike; Rufous-tailed Scrub-Robin","focal_species_slugs":"european-roller;red-backed-shrike;rufous-tailed-scrub-robin","has_focal":true,"GRID_CODE":"GJ-KU-LAK-055","DISTRICT":"Kachchh","BLOCK":"Lakhpat"},"geometry":{"type":"Point","coordinates":[68.5195874,23.5520058]}},{"type":"Feature","properties":{"GROUP.ID":"S396303604","LOCALITY":"Pipar - Narayan Sarovar Road, Kachchh, Gujarat, IN (23.561, 68.522)","LATITUDE":23.5614315,"LONGITUDE":68.5218101,"OBSERVATION.DATE":"2026-09-26","OBSERVER.ID":"obsr494050","DURATION.MINUTES":null,"SAMPLING.EVENT.IDENTIFIER":"S396303604","species_list":"Asian Desert Warbler","n_species":1,"focal_species_seen":"","focal_species_slugs":"","has_focal":false,"GRID_CODE":"GJ-KU-LAK-045","DISTRICT":"Kachchh","BLOCK":"Lakhpat"},"geometry":{"type":"Point","coordinates":[68.5218101,23.5614315]}},{"type":"Feature","properties":{"GROUP.ID":"G18468835","LOCALITY":"Pipar - Narayan Sarovar Road, Kachchh, Gujarat, IN (23.563, 68.521)","LATITUDE":23.5626192,"LONGITUDE":68.5214473,"OBSERVATION.DATE":"2026-09-26","OBSERVER.ID":"obsr494050","DURATION.MINUTES":90.0,"SAMPLING.EVENT.IDENTIFIER":"S396304284","species_list":"Asian Green Bee-eater; Baya Weaver; Black Drongo; Blue-cheeked Bee-eater; Blyth's Reed Warbler; Common Babbler; Common Kingfisher; Eurasian Collared-Dove; European Roller; Glossy Ibis; Gray Francolin; Greater Coucal; Green Sandpiper; Jungle Prinia; Laughing Dove; Lesser Whitethroat; Purple Sunbird; Red-vented Bulbul; Red-wattled Lapwing; Rock Eagle-Owl; Rose-ringed Parakeet; Rufous-tailed Scrub-Robin; Spotted Flycatcher; Temminck's Stint; Western Marsh Harrier; Whiskered Tern; White-tailed Iora; White-throated Kingfisher; Zitting Cisticola","n_species":29,"focal_species_seen":"Blue-cheeked Bee-eater; European Roller; Rufous-tailed Scrub-Robin; Spotted Flycatcher","focal_species_slugs":"blue-cheeked-bee-eater;european-roller;rufous-tailed-scrub-robin;spotted-flycatcher","has_focal":true,"GRID_CODE":"GJ-KU-LAK-045","DISTRICT":"Kachchh","BLOCK":"Lakhpat"},"geometry":{"type":"Point","coordinates":[68.5214473,23.5626192]}},{"type":"Feature","properties":{"GROUP.ID":"G18483884","LOCALITY":"Sherdi, Gujarat, IN (23.026, 69.343)","LATITUDE":23.0258052,"LONGITUDE":69.3430674,"OBSERVATION.DATE":"2026-09-26","OBSERVER.ID":"obsr10088115","DURATION.MINUTES":null,"SAMPLING.EVENT.IDENTIFIER":"S396305014","species_list":"European Roller","n_species":1,"focal_species_seen":"European Roller","focal_species_slugs":"european-roller","has_focal":true,"GRID_CODE":"GJ-KU-MAN-013","DISTRICT":"Kachchh","BLOCK":"Mandvi"},"geometry":{"type":"Point","coordinates":[69.3430674,23.0258052]}},{"type":"Feature","properties":{"GROUP.ID":"G18465738","LOCALITY":"T1G1","LATITUDE":23.2685417,"LONGITUDE":69.5128611,"OBSERVATION.DATE":"2026-09-26","OBSERVER.ID":"obsr3055826","DURATION.MINUTES":60.0,"SAMPLING.EVENT.IDENTIFIER":"S396305123","species_list":"Ashy-crowned Sparrow-Lark; Asian Green Bee-eater; Bay-backed Shrike; Baya Weaver; Black Drongo; Blyth's Reed Warbler; Common Babbler; Common Hoopoe; Common Kingfisher; Common Sandpiper; Crested Lark; Desert Wheatear; Eastern Red-rumped Swallow; Eurasian Collared-Dove; European Roller; Gray Francolin; Gray Heron; Greater Coucal; Greater Whitethroat; Green Sandpiper; Indian Robin; Indian Silverbill; Isabelline Shrike; Laughing Dove; Little Cormorant; Little Egret; Oriental Darter; Painted Stork; Purple Sunbird; Red-backed Shrike; Red-naped Ibis; Red-vented Bulbul; Red-wattled Lapwing; Red Collared-Dove; Rufous-tailed Lark; Spotted Flycatcher; Variable Wheatear; White-breasted Waterhen; White-eared Bulbul; White-throated Kingfisher; Wire-tailed Swallow","n_species":41,"focal_species_seen":"European Roller; Greater Whitethroat; Red-backed Shrike; Spotted Flycatcher","focal_species_slugs":"european-roller;greater-whitethroat;red-backed-shrike;spotted-flycatcher","has_focal":true,"GRID_CODE":"GJ-KU-BHU-120","DISTRICT":"Kachchh","BLOCK":"Bhuj"},"geometry":{"type":"Point","coordinates":[69.5128611,23.2685417]}},{"type":"Feature","properties":{"GROUP.ID":"G18458662","LOCALITY":"Mundhvay, Gujarat,","LATITUDE":23.7072378,"LONGITUDE":68.7050316,"OBSERVATION.DATE":"2026-09-26","OBSERVER.ID":"obsr665310","DURATION.MINUTES":41.0,"SAMPLING.EVENT.IDENTIFIER":"S396306078","species_list":"Asian Green Bee-eater; Black-winged Kite; Black-winged Stilt; Black Drongo; Black Francolin; Common Myna; Common Sandpiper; Common Tailorbird; Eastern Cattle-Egret; Eurasian Collared-Dove; European Roller; Gray-breasted Prinia; Gray Francolin; Gray Wagtail; Great Gray Shrike; Green Sandpiper; House Crow; House Sparrow; Indian Peafowl; Indian Pond-Heron; Indian Robin; Indian Roller; Indian Silverbill; Laughing Dove; Lesser Whistling-Duck; Little Egret; Little Heron; Long-tailed Shrike; Medium Egret; Painted Sandgrouse; Pied Kingfisher; Purple Heron; Purple Sunbird; Red-naped Ibis; Red-vented Bulbul; Red-wattled Lapwing; Red Collared-Dove; River Tern; Rosy Starling; Shikra; Siberian Stonechat; White-eared Bulbul; White-throated Kingfisher; Wire-tailed Swallow; Yellow-throated Sparrow; Yellow-wattled Lapwing","n_species":46,"focal_species_seen":"European Roller","focal_species_slugs":"european-roller","has_focal":true,"GRID_CODE":"GJ-KU-LAK-020","DISTRICT":"Kachchh","BLOCK":"Lakhpat"},"geometry":{"type":"Point","coordinates":[68.7050316,23.7072378]}},{"type":"Feature","properties":{"GROUP.ID":"G18462086","LOCALITY":"Unnamed Road, Anandsar, Gujarat, IN (23.234, 69.435)","LATITUDE":23.2335583,"LONGITUDE":69.43485,"OBSERVATION.DATE":"2026-09-26","OBSERVER.ID":"obsr604291","DURATION.MINUTES":null,"SAMPLING.EVENT.IDENTIFIER":"S396312142","species_list":"European Roller","n_species":1,"focal_species_seen":"European Roller","focal_species_slugs":"european-roller","has_focal":true,"GRID_CODE":"GJ-KU-BHU-130","DISTRICT":"Kachchh","BLOCK":"Bhuj"},"geometry":{"type":"Point","coordinates":[69.43485,23.2335583]}},{"type":"Feature","properties":{"GROUP.ID":"G18458739","LOCALITY":"Badargadh Sarasla Road, Kachchh IN-Gujarat 23.47361, 70.60092","LATITUDE":23.473606,"LONGITUDE":70.600918,"OBSERVATION.DATE":"2026-09-26","OBSERVER.ID":"obsr6576848","DURATION.MINUTES":null,"SAMPLING.EVENT.IDENTIFIER":"S396312808","species_list":"Asian Green Bee-eater; Black-headed Ibis; Black-winged Stilt; Blue-cheeked Bee-eater; Eastern Cattle-Egret; Glossy Ibis; Lesser Whistling-Duck; Lesser Whitethroat; Little Cormorant; Red-naped Ibis; Red-vented Bulbul; Red-wattled Lapwing; Whiskered Tern; Wood Sandpiper","n_species":14,"focal_species_seen":"Blue-cheeked Bee-eater","focal_species_slugs":"blue-cheeked-bee-eater","has_focal":true,"GRID_CODE":"GJ-KU-RAP-073","DISTRICT":"Kachchh","BLOCK":"Rapar"},"geometry":{"type":"Point","coordinates":[70.600918,23.473606]}},{"type":"Feature","properties":{"GROUP.ID":"G18465981","LOCALITY":"Badargadh Sarasla Road, Kachchh IN-Gujarat 23.47361, 70.60092","LATITUDE":23.473606,"LONGITUDE":70.600918,"OBSERVATION.DATE":"2026-09-26","OBSERVER.ID":"obsr6576848","DURATION.MINUTES":17.0,"SAMPLING.EVENT.IDENTIFIER":"S396313042","species_list":"Asian Green Bee-eater; Blue-cheeked Bee-eater; European Roller; Variable Wheatear","n_species":4,"focal_species_seen":"Blue-cheeked Bee-eater; European Roller","focal_species_slugs":"blue-cheeked-bee-eater;european-roller","has_focal":true,"GRID_CODE":"GJ-KU-RAP-073","DISTRICT":"Kachchh","BLOCK":"Rapar"},"geometry":{"type":"Point","coordinates":[70.600918,23.473606]}},{"type":"Feature","properties":{"GROUP.ID":"G18462085","LOCALITY":"Kanpar, Gujarat, IN (23.244, 69.443)","LATITUDE":23.243669,"LONGITUDE":69.4427551,"OBSERVATION.DATE":"2026-09-26","OBSERVER.ID":"obsr604291","DURATION.MINUTES":45.0,"SAMPLING.EVENT.IDENTIFIER":"S396314225","species_list":"Ashy-crowned Sparrow-Lark; Asian Green Bee-eater; Bay-backed Shrike; Baya Weaver; Brown Rock Chat; Common Babbler; Common Hoopoe; Dusky Crag-Martin; Eastern Red-rumped Swallow; European Roller; House Sparrow; Spotted Flycatcher; Variable Wheatear; White-throated Kingfisher; Yellow-throated Sparrow","n_species":15,"focal_species_seen":"European Roller; Spotted Flycatcher","focal_species_slugs":"european-roller;spotted-flycatcher","has_focal":true,"GRID_CODE":"GJ-KU-BHU-130","DISTRICT":"Kachchh","BLOCK":"Bhuj"},"geometry":{"type":"Point","coordinates":[69.4427551,23.243669]}},{"type":"Feature","properties":{"GROUP.ID":"G18458733","LOCALITY":"T11G3","LATITUDE":23.167995,"LONGITUDE":70.045774,"OBSERVATION.DATE":"2026-09-26","OBSERVER.ID":"obsr8001542","DURATION.MINUTES":71.0,"SAMPLING.EVENT.IDENTIFIER":"S396314413","species_list":"Asian Green Bee-eater; Baya Weaver; Black-winged Stilt; Black Drongo; Common Babbler; Common Greenshank; Common Hoopoe; Common Kingfisher; Common Myna; Common Sandpiper; Common Snipe; Common Tailorbird; Dusky Crag-Martin; Eastern Cattle-Egret; Eastern Red-rumped Swallow; Eurasian Collared-Dove; Eurasian Coot; Eurasian Moorhen; Eurasian Wryneck; European Roller; Gray-headed Swamphen; Gray Francolin; Gray Heron; Great Cormorant; Great Egret; Greater Coucal; Green Sandpiper; Green Warbler; House Crow; House Sparrow; Indian Bushlark; Indian Cormorant; Indian Peafowl; Indian Pond-Heron; Indian Robin; Indian Silverbill; Indian Spot-billed Duck; Isabelline Shrike; Laughing Dove; Lesser Whitethroat; Little Cormorant; Little Stint; Long-tailed Shrike; Marsh Sandpiper; Northern Shoveler; Paddyfield Pipit; Pied Bushchat; Pied Kingfisher; Plain Prinia; Purple Heron; Purple Sunbird; Red-naped Ibis; Red-vented Bulbul; Red-wattled Lapwing; Red Collared-Dove; River Tern; Rose-ringed Parakeet; Shikra; Siberian Stonechat; Streak-throated Swallow; Temminck's Stint; Tree Pipit; Variable Wheatear; Western Yellow Wagtail; Whiskered Tern; White-browed Wagtail; White-eared Bulbul; White-throated Kingfisher; Wire-tailed Swallow; Wood Sandpiper","n_species":70,"focal_species_seen":"European Roller","focal_species_slugs":"european-roller","has_focal":true,"GRID_CODE":"GJ-KU-ANJ-017","DISTRICT":"Kachchh","BLOCK":"Anjar"},"geometry":{"type":"Point","coordinates":[70.045774,23.167995]}},{"type":"Feature","properties":{"GROUP.ID":"G18458737","LOCALITY":"T11G2","LATITUDE":23.137486,"LONGITUDE":70.15742,"OBSERVATION.DATE":"2026-09-26","OBSERVER.ID":"obsr8001542","DURATION.MINUTES":49.0,"SAMPLING.EVENT.IDENTIFIER":"S396314674","species_list":"Ashy-crowned Sparrow-Lark; Bay-backed Shrike; Chestnut-bellied Sandgrouse; Common Babbler; Common Hoopoe; Common Sandpiper; Dusky Crag-Martin; Eastern Red-rumped Swallow; Eurasian Collared-Dove; Gray Heron; Great Egret; Green Sandpiper; House Sparrow; Indian Cormorant; Indian Robin; Isabelline Shrike; Laughing Dove; Little Egret; Little Swift; Red-wattled Lapwing; River Tern; Rufous-tailed Scrub-Robin; Shikra; Whiskered Tern; White-eared Bulbul","n_species":25,"focal_species_seen":"Rufous-tailed Scrub-Robin","focal_species_slugs":"rufous-tailed-scrub-robin","has_focal":true,"GRID_CODE":"GJ-KU-GAN-001","DISTRICT":"Kachchh","BLOCK":"Gandhidham"},"geometry":{"type":"Point","coordinates":[70.15742,23.137486]}},{"type":"Feature","properties":{"GROUP.ID":"G18458735","LOCALITY":"Mithi Rohar, Gujarat","LATITUDE":23.1331495,"LONGITUDE":70.1586754,"OBSERVATION.DATE":"2026-09-26","OBSERVER.ID":"obsr453899","DURATION.MINUTES":null,"SAMPLING.EVENT.IDENTIFIER":"S396314744","species_list":"Glossy Ibis; Green Sandpiper; House Sparrow; Red-wattled Lapwing; Western Reef-Heron","n_species":5,"focal_species_seen":"","focal_species_slugs":"","has_focal":false,"GRID_CODE":"GJ-KU-GAN-001","DISTRICT":"Kachchh","BLOCK":"Gandhidham"},"geometry":{"type":"Point","coordinates":[70.1586754,23.1331495]}},{"type":"Feature","properties":{"GROUP.ID":"G18467191","LOCALITY":"Jasapar, Gujarat, IN (23.25, 68.8)","LATITUDE":23.2499567,"LONGITUDE":68.7997767,"OBSERVATION.DATE":"2026-09-26","OBSERVER.ID":"obsr1293140","DURATION.MINUTES":470.0,"SAMPLING.EVENT.IDENTIFIER":"S396328678","species_list":"Ashy-crowned Sparrow-Lark; Asian Green Bee-eater; Bank Myna; Bank Swallow; Bay-backed Shrike; Baya Weaver; Black-crowned Night Heron; Black-tailed Godwit; Black-winged Stilt; Black Drongo; Blue-cheeked Bee-eater; Common Babbler; Common Hoopoe; Common Sandpiper; Dusky Crag-Martin; Eastern Red-rumped Swallow; Eurasian Collared-Dove; Eurasian Kestrel; Eurasian Moorhen; Eurasian Spoonbill; European Roller; Glossy Ibis; Gray-breasted Prinia; Gray-necked Bunting; Gray Francolin; Gray Wagtail; Great Egret; Great Gray Shrike; Indian Pond-Heron; Indian Spot-billed Duck; Isabelline Shrike; Laughing Dove; Long-tailed Shrike; Montagu's Harrier; Paddyfield Pipit; Plain Prinia; Purple Sunbird; Red-backed Shrike; Red-tailed Shrike; Red-vented Bulbul; Red-wattled Lapwing; Red Collared-Dove; River Tern; Rose-ringed Parakeet; Rosy Starling; Shikra; Short-toed Snake-Eagle; Siberian Stonechat; Spotted Flycatcher; Variable Wheatear; White-breasted Waterhen; White-eared Bulbul; White-throated Kingfisher; Wire-tailed Swallow","n_species":54,"focal_species_seen":"Blue-cheeked Bee-eater; European Roller; Red-backed Shrike; Red-tailed Shrike; Spotted Flycatcher","focal_species_slugs":"blue-cheeked-bee-eater;european-roller;red-backed-shrike;red-tailed-shrike;spotted-flycatcher","has_focal":true,"GRID_CODE":"GJ-KU-ABD-047","DISTRICT":"Kachchh","BLOCK":"Abdasa"},"geometry":{"type":"Point","coordinates":[68.7997767,23.2499567]}},{"type":"Feature","properties":{"GROUP.ID":"G18477536","LOCALITY":"T7G4","LATITUDE":23.4687422,"LONGITUDE":69.7668565,"OBSERVATION.DATE":"2026-09-26","OBSERVER.ID":"obsr1522701","DURATION.MINUTES":56.0,"SAMPLING.EVENT.IDENTIFIER":"S396332478","species_list":"Asian Green Bee-eater; Blue-cheeked Bee-eater; Common Babbler; Eastern Orphean Warbler; Eurasian Collared-Dove; House Crow; Isabelline Shrike; Lesser Whitethroat; Red-backed Shrike; Red-tailed Shrike; Red-wattled Lapwing; Ruff; Rufous-tailed Scrub-Robin; Tawny Pipit; Western Marsh Harrier; White-eared Bulbul; Wood Sandpiper","n_species":17,"focal_species_seen":"Blue-cheeked Bee-eater; Red-backed Shrike; Red-tailed Shrike; Rufous-tailed Scrub-Robin","focal_species_slugs":"blue-cheeked-bee-eater;red-backed-shrike;red-tailed-shrike;rufous-tailed-scrub-robin","has_focal":true,"GRID_CODE":"GJ-KU-LIT-042","DISTRICT":"Kachchh","BLOCK":"Little Rann"},"geometry":{"type":"Point","coordinates":[69.7668565,23.4687422]}},{"type":"Feature","properties":{"GROUP.ID":"G18459104","LOCALITY":"Mandvi Beach","LATITUDE":22.8230417,"LONGITUDE":69.3420677,"OBSERVATION.DATE":"2026-09-26","OBSERVER.ID":"obsr10088115","DURATION.MINUTES":null,"SAMPLING.EVENT.IDENTIFIER":"S396334875","species_list":"Gull-billed Tern; Lesser Black-backed Gull; Rosy Starling","n_species":3,"focal_species_seen":"","focal_species_slugs":"","has_focal":false,"GRID_CODE":"GJ-KU-MAN-048","DISTRICT":"Kachchh","BLOCK":"Mandvi"},"geometry":{"type":"Point","coordinates":[69.3420677,22.8230417]}},{"type":"Feature","properties":{"GROUP.ID":"G18460474","LOCALITY":"Forest and Environmental Office Of Gujarat, Gujarat","LATITUDE":23.0931241,"LONGITUDE":70.1038318,"OBSERVATION.DATE":"2026-09-26","OBSERVER.ID":"obsr453899","DURATION.MINUTES":null,"SAMPLING.EVENT.IDENTIFIER":"S396338933","species_list":"Asian Green Bee-eater; Common Babbler; Common Tailorbird; Gray-breasted Prinia; Green Warbler; House Crow; House Sparrow; Indian Peafowl; Indian Pond-Heron; Indian Robin; Purple Sunbird; Red-vented Bulbul; Rose-ringed Parakeet; Spotted Flycatcher; White-eared Bulbul; White-tailed Iora","n_species":16,"focal_species_seen":"Spotted Flycatcher","focal_species_slugs":"spotted-flycatcher","has_focal":true,"GRID_CODE":"GJ-KU-ANJ-032","DISTRICT":"Kachchh","BLOCK":"Anjar"},"geometry":{"type":"Point","coordinates":[70.1038318,23.0931241]}},{"type":"Feature","properties":{"GROUP.ID":"S396339859","LOCALITY":"Anjar, Gujarat","LATITUDE":23.1388038,"LONGITUDE":70.1574666,"OBSERVATION.DATE":"2026-09-26","OBSERVER.ID":"obsr453899","DURATION.MINUTES":null,"SAMPLING.EVENT.IDENTIFIER":"S396339859","species_list":"Asian Green Bee-eater; Barn Swallow; Black-headed Ibis; Common Sandpiper; Eurasian Collared-Dove; Great Egret; House Crow; House Sparrow; Indian Pond-Heron; Little Cormorant; Little Egret; Little Grebe; Pied Kingfisher; Red-wattled Lapwing; River Tern; Streak-throated Swallow; Western Marsh Harrier; Whiskered Tern; White-throated Kingfisher","n_species":19,"focal_species_seen":"","focal_species_slugs":"","has_focal":false,"GRID_CODE":"GJ-KU-GAN-001","DISTRICT":"Kachchh","BLOCK":"Gandhidham"},"geometry":{"type":"Point","coordinates":[70.1574666,23.1388038]}},{"type":"Feature","properties":{"GROUP.ID":"G18460270","LOCALITY":"Bhuj, Kachchh IN-Gujarat 23.07739, 69.75925","LATITUDE":23.077388,"LONGITUDE":69.75925,"OBSERVATION.DATE":"2026-09-26","OBSERVER.ID":"obsr3568724","DURATION.MINUTES":null,"SAMPLING.EVENT.IDENTIFIER":"S396348656","species_list":"Indian Roller","n_species":1,"focal_species_seen":"","focal_species_slugs":"","has_focal":false,"GRID_CODE":"GJ-KU-BHU-166","DISTRICT":"Kachchh","BLOCK":"Bhuj"},"geometry":{"type":"Point","coordinates":[69.75925,23.077388]}},{"type":"Feature","properties":{"GROUP.ID":"G18502111","LOCALITY":"Bhuj, Kachchh IN-Gujarat 23.07515, 69.76094","LATITUDE":23.075149,"LONGITUDE":69.760938,"OBSERVATION.DATE":"2026-09-26","OBSERVER.ID":"obsr3568724","DURATION.MINUTES":null,"SAMPLING.EVENT.IDENTIFIER":"S396348704","species_list":"Long-tailed Shrike","n_species":1,"focal_species_seen":"","focal_species_slugs":"","has_focal":false,"GRID_CODE":"GJ-KU-BHU-166","DISTRICT":"Kachchh","BLOCK":"Bhuj"},"geometry":{"type":"Point","coordinates":[69.760938,23.075149]}},{"type":"Feature","properties":{"GROUP.ID":"S396348743","LOCALITY":"Bhuj, Kachchh IN-Gujarat 23.07469, 69.76115","LATITUDE":23.074692,"LONGITUDE":69.761154,"OBSERVATION.DATE":"2026-09-26","OBSERVER.ID":"obsr3568724","DURATION.MINUTES":null,"SAMPLING.EVENT.IDENTIFIER":"S396348743","species_list":"European Roller","n_species":1,"focal_species_seen":"European Roller","focal_species_slugs":"european-roller","has_focal":true,"GRID_CODE":"GJ-KU-BHU-166","DISTRICT":"Kachchh","BLOCK":"Bhuj"},"geometry":{"type":"Point","coordinates":[69.761154,23.074692]}},{"type":"Feature","properties":{"GROUP.ID":"S396349000","LOCALITY":"Naliya-Narayan Sarovar Road, Rampar, Gujarat, IN (23.337, 68.797)","LATITUDE":23.3370439,"LONGITUDE":68.7971873,"OBSERVATION.DATE":"2026-09-26","OBSERVER.ID":"obsr6736333","DURATION.MINUTES":1.0,"SAMPLING.EVENT.IDENTIFIER":"S396349000","species_list":"Black-winged Kite","n_species":1,"focal_species_seen":"","focal_species_slugs":"","has_focal":false,"GRID_CODE":"GJ-KU-ABD-023","DISTRICT":"Kachchh","BLOCK":"Abdasa"},"geometry":{"type":"Point","coordinates":[68.7971873,23.3370439]}},{"type":"Feature","properties":{"GROUP.ID":"G18460939","LOCALITY":"Kothara Railway Line T36","LATITUDE":23.1226513,"LONGITUDE":68.9376535,"OBSERVATION.DATE":"2026-09-26","OBSERVER.ID":"obsr3339457","DURATION.MINUTES":null,"SAMPLING.EVENT.IDENTIFIER":"S396351409","species_list":"European Roller","n_species":1,"focal_species_seen":"European Roller","focal_species_slugs":"european-roller","has_focal":true,"GRID_CODE":"GJ-KU-ABD-073","DISTRICT":"Kachchh","BLOCK":"Abdasa"},"geometry":{"type":"Point","coordinates":[68.9376535,23.1226513]}},{"type":"Feature","properties":{"GROUP.ID":"G18461439","LOCALITY":"Unnamed Road, Badi, Gujarat, IN (23.455, 69.568)","LATITUDE":23.4548117,"LONGITUDE":69.5675067,"OBSERVATION.DATE":"2026-09-26","OBSERVER.ID":"obsr1419186","DURATION.MINUTES":null,"SAMPLING.EVENT.IDENTIFIER":"S396352461","species_list":"Asian Green Bee-eater; Black-winged Kite; Black-winged Stilt; Brahminy Starling; Eurasian Collared-Dove; European Roller; Gray Francolin; Great Cormorant; House Sparrow; Isabelline Shrike; Laughing Dove; Little Cormorant; Purple Sunbird; Red-vented Bulbul; Red-wattled Lapwing; Red Collared-Dove; Rosy Starling; White-eared Bulbul; White-throated Kingfisher; Yellow-wattled Lapwing","n_species":20,"focal_species_seen":"European Roller","focal_species_slugs":"european-roller","has_focal":true,"GRID_CODE":"GJ-KU-NAK-040","DISTRICT":"Kachchh","BLOCK":"Nakhatrana"},"geometry":{"type":"Point","coordinates":[69.5675067,23.4548117]}},{"type":"Feature","properties":{"GROUP.ID":"G18460938","LOCALITY":"Vinzan Road Side T36","LATITUDE":23.1023304,"LONGITUDE":68.9845939,"OBSERVATION.DATE":"2026-09-26","OBSERVER.ID":"obsr3339457","DURATION.MINUTES":null,"SAMPLING.EVENT.IDENTIFIER":"S396353324","species_list":"European Roller","n_species":1,"focal_species_seen":"European Roller","focal_species_slugs":"european-roller","has_focal":true,"GRID_CODE":"GJ-KU-ABD-082","DISTRICT":"Kachchh","BLOCK":"Abdasa"},"geometry":{"type":"Point","coordinates":[68.9845939,23.1023304]}},{"type":"Feature","properties":{"GROUP.ID":"G18477535","LOCALITY":"T7G2","LATITUDE":23.43894,"LONGITUDE":69.753323,"OBSERVATION.DATE":"2026-09-26","OBSERVER.ID":"obsr1522701","DURATION.MINUTES":39.0,"SAMPLING.EVENT.IDENTIFIER":"S396353824","species_list":"Asian Green Bee-eater; Black Francolin; Common Hoopoe; Common Sandpiper; Eastern Red-rumped Swallow; Eurasian Collared-Dove; European Roller; Gray-necked Bunting; Gray Francolin; Laughing Dove; Purple Sunbird; Red-vented Bulbul; Red-wattled Lapwing; Red Collared-Dove; Rose-ringed Parakeet; White-eared Bulbul","n_species":16,"focal_species_seen":"European Roller","focal_species_slugs":"european-roller","has_focal":true,"GRID_CODE":"GJ-KU-BHU-086","DISTRICT":"Kachchh","BLOCK":"Bhuj"},"geometry":{"type":"Point","coordinates":[69.753323,23.43894]}},{"type":"Feature","properties":{"GROUP.ID":"G18460937","LOCALITY":"Vandi River T36","LATITUDE":23.071273,"LONGITUDE":69.0246045,"OBSERVATION.DATE":"2026-09-26","OBSERVER.ID":"obsr3339457","DURATION.MINUTES":null,"SAMPLING.EVENT.IDENTIFIER":"S396355140","species_list":"European Roller","n_species":1,"focal_species_seen":"European Roller","focal_species_slugs":"european-roller","has_focal":true,"GRID_CODE":"GJ-KU-ABD-083","DISTRICT":"Kachchh","BLOCK":"Abdasa"},"geometry":{"type":"Point","coordinates":[69.0246045,23.071273]}},{"type":"Feature","properties":{"GROUP.ID":"G18467233","LOCALITY":"Godpar, Gujarat, IN (23.11, 69.543)","LATITUDE":23.1100254,"LONGITUDE":69.5430683,"OBSERVATION.DATE":"2026-09-26","OBSERVER.ID":"obsr612947","DURATION.MINUTES":null,"SAMPLING.EVENT.IDENTIFIER":"S396355364","species_list":"European Roller","n_species":1,"focal_species_seen":"European Roller","focal_species_slugs":"european-roller","has_focal":true,"GRID_CODE":"GJ-KU-BHU-161","DISTRICT":"Kachchh","BLOCK":"Bhuj"},"geometry":{"type":"Point","coordinates":[69.5430683,23.1100254]}},{"type":"Feature","properties":{"GROUP.ID":"G18460473","LOCALITY":"Near Khara Pashwara 23.15760, 70.07728","LATITUDE":23.157597,"LONGITUDE":70.077281,"OBSERVATION.DATE":"2026-09-26","OBSERVER.ID":"obsr8001542","DURATION.MINUTES":3.0,"SAMPLING.EVENT.IDENTIFIER":"S396355841","species_list":"Brahminy Starling; Common Babbler; Common Kingfisher; Eastern Cattle-Egret; Gray Francolin; House Sparrow; Red-wattled Lapwing; White Wagtail; Yellow-wattled Lapwing","n_species":9,"focal_species_seen":"","focal_species_slugs":"","has_focal":false,"GRID_CODE":"GJ-KU-ANJ-025","DISTRICT":"Kachchh","BLOCK":"Anjar"},"geometry":{"type":"Point","coordinates":[70.077281,23.157597]}},{"type":"Feature","properties":{"GROUP.ID":"G18461165","LOCALITY":"Selari Road, Kachchh, Gujarat, IN (23.606, 70.68)","LATITUDE":23.6059639,"LONGITUDE":70.6801932,"OBSERVATION.DATE":"2026-09-26","OBSERVER.ID":"obsr807380","DURATION.MINUTES":7.0,"SAMPLING.EVENT.IDENTIFIER":"S396355940","species_list":"Asian Green Bee-eater; Eurasian Collared-Dove; European Roller; House Sparrow; Laughing Dove; Pied Bushchat; Red-vented Bulbul; Red-wattled Lapwing; Rosy Starling; White-eared Bulbul","n_species":10,"focal_species_seen":"European Roller","focal_species_slugs":"european-roller","has_focal":true,"GRID_CODE":"GJ-KU-RAP-052","DISTRICT":"Kachchh","BLOCK":"Rapar"},"geometry":{"type":"Point","coordinates":[70.6801932,23.6059639]}},{"type":"Feature","properties":{"GROUP.ID":"G18460419","LOCALITY":"T-3 (G-4)Bhuj, Kachchh IN-Gujarat 23.13085, 69.62080","LATITUDE":23.130855,"LONGITUDE":69.620799,"OBSERVATION.DATE":"2026-09-26","OBSERVER.ID":"obsr2145220","DURATION.MINUTES":62.0,"SAMPLING.EVENT.IDENTIFIER":"S396356661","species_list":"Ashy-crowned Sparrow-Lark; Bay-backed Shrike; Baya Weaver; Common Sandpiper; Eastern Cattle-Egret; European Roller; Indian Robin; Laughing Dove; Lesser Whitethroat; Little Egret; Red-vented Bulbul; Rufous-tailed Lark; Rufous-tailed Scrub-Robin; White-eared Bulbul","n_species":14,"focal_species_seen":"European Roller; Rufous-tailed Scrub-Robin","focal_species_slugs":"european-roller;rufous-tailed-scrub-robin","has_focal":true,"GRID_CODE":"GJ-KU-BHU-155","DISTRICT":"Kachchh","BLOCK":"Bhuj"},"geometry":{"type":"Point","coordinates":[69.620799,23.130855]}},{"type":"Feature","properties":{"GROUP.ID":"G18459531","LOCALITY":"Banni Grasslands--Hodka-Dhordo Rd","LATITUDE":23.7169181,"LONGITUDE":69.5546579,"OBSERVATION.DATE":"2026-09-26","OBSERVER.ID":"obsr1065391","DURATION.MINUTES":null,"SAMPLING.EVENT.IDENTIFIER":"S396358832","species_list":"European Roller","n_species":1,"focal_species_seen":"European Roller","focal_species_slugs":"european-roller","has_focal":true,"GRID_CODE":"GJ-KU-BHU-031","DISTRICT":"Kachchh","BLOCK":"Bhuj"},"geometry":{"type":"Point","coordinates":[69.5546579,23.7169181]}},{"type":"Feature","properties":{"GROUP.ID":"G18459578","LOCALITY":"Banni Grasslands--Hodka-Dhordo Rd","LATITUDE":23.7169181,"LONGITUDE":69.5546579,"OBSERVATION.DATE":"2026-09-26","OBSERVER.ID":"obsr1065391","DURATION.MINUTES":null,"SAMPLING.EVENT.IDENTIFIER":"S396359313","species_list":"Blue-cheeked Bee-eater","n_species":1,"focal_species_seen":"Blue-cheeked Bee-eater","focal_species_slugs":"blue-cheeked-bee-eater","has_focal":true,"GRID_CODE":"GJ-KU-BHU-031","DISTRICT":"Kachchh","BLOCK":"Bhuj"},"geometry":{"type":"Point","coordinates":[69.5546579,23.7169181]}},{"type":"Feature","properties":{"GROUP.ID":"G18459748","LOCALITY":"T4G5","LATITUDE":23.179763,"LONGITUDE":69.5813558,"OBSERVATION.DATE":"2026-09-26","OBSERVER.ID":"obsr680651","DURATION.MINUTES":43.0,"SAMPLING.EVENT.IDENTIFIER":"S396359504","species_list":"Ashy-crowned Sparrow-Lark; Black Drongo; Common Myna; Eastern Red-rumped Swallow; Eurasian Collared-Dove; Gull-billed Tern; House Sparrow; Laughing Dove; Paddyfield Pipit; Red-vented Bulbul; Red-wattled Lapwing; Spotted Flycatcher; Striolated Bunting; Variable Wheatear; Whiskered Tern; White-browed Wagtail; White-eared Bulbul; Wire-tailed Swallow","n_species":18,"focal_species_seen":"Spotted Flycatcher","focal_species_slugs":"spotted-flycatcher","has_focal":true,"GRID_CODE":"GJ-KU-BHU-145","DISTRICT":"Kachchh","BLOCK":"Bhuj"},"geometry":{"type":"Point","coordinates":[69.5813558,23.179763]}},{"type":"Feature","properties":{"GROUP.ID":"G18461164","LOCALITY":"Selari Road, Selari, Gujarat, IN (23.615, 70.706)","LATITUDE":23.614845,"LONGITUDE":70.7063244,"OBSERVATION.DATE":"2026-09-26","OBSERVER.ID":"obsr807380","DURATION.MINUTES":16.0,"SAMPLING.EVENT.IDENTIFIER":"S396361454","species_list":"Asian Green Bee-eater; Black-winged Stilt; Common Babbler; Common Sandpiper; Eastern Cattle-Egret; Eastern Red-rumped Swallow; Eurasian Collared-Dove; Eurasian Coot; European Roller; Gray Francolin; House Sparrow; Indian Pond-Heron; Indian Spot-billed Duck; Laughing Dove; Little Grebe; Red-wattled Lapwing; Siberian Stonechat; White-eared Bulbul; Wire-tailed Swallow","n_species":19,"focal_species_seen":"European Roller","focal_species_slugs":"european-roller","has_focal":true,"GRID_CODE":"GJ-KU-RAP-042","DISTRICT":"Kachchh","BLOCK":"Rapar"},"geometry":{"type":"Point","coordinates":[70.7063244,23.614845]}},{"type":"Feature","properties":{"GROUP.ID":"G18468834","LOCALITY":"Narayan Sarovar Forest Rest House","LATITUDE":23.6831359,"LONGITUDE":68.5308851,"OBSERVATION.DATE":"2026-09-26","OBSERVER.ID":"obsr494050","DURATION.MINUTES":null,"SAMPLING.EVENT.IDENTIFIER":"S396361767","species_list":"Indian Roller","n_species":1,"focal_species_seen":"","focal_species_slugs":"","has_focal":false,"GRID_CODE":"GJ-KU-LAK-017","DISTRICT":"Kachchh","BLOCK":"Lakhpat"},"geometry":{"type":"Point","coordinates":[68.5308851,23.6831359]}},{"type":"Feature","properties":{"GROUP.ID":"G18462188","LOCALITY":"Juna Katriya, Gujarat, IN (23.296, 70.625","LATITUDE":23.2962683,"LONGITUDE":70.6187583,"OBSERVATION.DATE":"2026-09-26","OBSERVER.ID":"obsr3477017","DURATION.MINUTES":49.0,"SAMPLING.EVENT.IDENTIFIER":"S396361833","species_list":"Ashy-crowned Sparrow-Lark; Asian Green Bee-eater; Bay-backed Shrike; Black-winged Kite; Brahminy Starling; Common Babbler; Eurasian Collared-Dove; European Roller; Glossy Ibis; Gray-headed Swamphen; Gray Francolin; Great Gray Shrike; House Sparrow; Laughing Dove; Little Cormorant; Oriental Darter; Pied Cuckoo; Red-backed Shrike; Red-naped Ibis; Red-tailed Shrike; Red-wattled Lapwing; Variable Wheatear; White-breasted Waterhen; White-eared Bulbul","n_species":24,"focal_species_seen":"European Roller; Red-backed Shrike; Red-tailed Shrike","focal_species_slugs":"european-roller;red-backed-shrike;red-tailed-shrike","has_focal":true,"GRID_CODE":"GJ-KU-BHA-059","DISTRICT":"Kachchh","BLOCK":"Bhachau"},"geometry":{"type":"Point","coordinates":[70.6187583,23.2962683]}},{"type":"Feature","properties":{"GROUP.ID":"G18459605","LOCALITY":"Banni Grasslands--Hodka-Dhordo Rd","LATITUDE":23.7169181,"LONGITUDE":69.5546579,"OBSERVATION.DATE":"2026-09-26","OBSERVER.ID":"obsr1065391","DURATION.MINUTES":null,"SAMPLING.EVENT.IDENTIFIER":"S396361904","species_list":"European Roller","n_species":1,"focal_species_seen":"European Roller","focal_species_slugs":"european-roller","has_focal":true,"GRID_CODE":"GJ-KU-BHU-031","DISTRICT":"Kachchh","BLOCK":"Bhuj"},"geometry":{"type":"Point","coordinates":[69.5546579,23.7169181]}},{"type":"Feature","properties":{"GROUP.ID":"G18460936","LOCALITY":"Lathedi T36","LATITUDE":23.0133572,"LONGITUDE":69.0340457,"OBSERVATION.DATE":"2026-09-26","OBSERVER.ID":"obsr3339457","DURATION.MINUTES":null,"SAMPLING.EVENT.IDENTIFIER":"S396362343","species_list":"Black Drongo; Blue-cheeked Bee-eater; Brahminy Starling; European Roller; Rosy Starling; Whiskered Tern","n_species":6,"focal_species_seen":"Blue-cheeked Bee-eater; European Roller","focal_species_slugs":"blue-cheeked-bee-eater;european-roller","has_focal":true,"GRID_CODE":"GJ-KU-ABD-090","DISTRICT":"Kachchh","BLOCK":"Abdasa"},"geometry":{"type":"Point","coordinates":[69.0340457,23.0133572]}},{"type":"Feature","properties":{"GROUP.ID":"G18468833","LOCALITY":"Koteshwer Highway, Dhunay, Gujarat, IN (23.688, 68.528)","LATITUDE":23.6881829,"LONGITUDE":68.5282859,"OBSERVATION.DATE":"2026-09-26","OBSERVER.ID":"obsr494050","DURATION.MINUTES":94.0,"SAMPLING.EVENT.IDENTIFIER":"S396362381","species_list":"Asian Green Bee-eater; Barn Swallow; Black-winged Stilt; Black Drongo; Brahminy Starling; Common Babbler; Common Myna; Common Sandpiper; Common Tailorbird; Eurasian Curlew; Eurasian Whimbrel; Greater Sand-Plover; Gull-billed Tern; House Sparrow; Kentish Plover; Laughing Dove; Lesser Black-backed Gull; Lesser Whitethroat; Pallas's Gull; Purple Sunbird; Red-vented Bulbul; Red-wattled Lapwing; Rosy Starling; Tibetan Sand-Plover; Western Reef-Heron; White-eared Bulbul","n_species":26,"focal_species_seen":"","focal_species_slugs":"","has_focal":false,"GRID_CODE":"GJ-KU-LAK-017","DISTRICT":"Kachchh","BLOCK":"Lakhpat"},"geometry":{"type":"Point","coordinates":[68.5282859,23.6881829]}},{"type":"Feature","properties":{"GROUP.ID":"G18461444","LOCALITY":"Unnamed Road, Kachchh, Gujarat, IN (23.51, 69.469)","LATITUDE":23.510325,"LONGITUDE":69.4687383,"OBSERVATION.DATE":"2026-09-26","OBSERVER.ID":"obsr1419186","DURATION.MINUTES":30.0,"SAMPLING.EVENT.IDENTIFIER":"S396362605","species_list":"Asian Green Bee-eater; Blue-cheeked Bee-eater; Eurasian Collared-Dove; Great Gray Shrike; Isabelline Shrike; Lesser Whitethroat; Painted Sandgrouse; Rosy Starling; Rufous-tailed Lark; White-eared Bulbul; Yellow-throated Sparrow","n_species":11,"focal_species_seen":"Blue-cheeked Bee-eater","focal_species_slugs":"blue-cheeked-bee-eater","has_focal":true,"GRID_CODE":"GJ-KU-NAK-026","DISTRICT":"Kachchh","BLOCK":"Nakhatrana"},"geometry":{"type":"Point","coordinates":[69.4687383,23.510325]}},{"type":"Feature","properties":{"GROUP.ID":"G18468986","LOCALITY":"T26_G3","LATITUDE":23.424711,"LONGITUDE":70.452673,"OBSERVATION.DATE":"2026-09-26","OBSERVER.ID":"obsr604472","DURATION.MINUTES":55.0,"SAMPLING.EVENT.IDENTIFIER":"S396362731","species_list":"Ashy-crowned Sparrow-Lark; Asian Green Bee-eater; Barn Swallow; Bay-backed Shrike; Black-winged Kite; Blue-cheeked Bee-eater; Booted Eagle; Common Babbler; Common Hoopoe; Eastern Cattle-Egret; Eurasian Collared-Dove; European Roller; Gray Francolin; House Sparrow; Indian Peafowl; Indian Robin; Indian Silverbill; Laughing Dove; Lesser Whitethroat; Little Egret; Montagu's Harrier; Paddyfield Pipit; Purple Sunbird; Red-backed Shrike; Red-tailed Shrike; Red-vented Bulbul; Red-wattled Lapwing; Rosy Starling; Variable Wheatear; White-eared Bulbul; Yellow-wattled Lapwing","n_species":31,"focal_species_seen":"Blue-cheeked Bee-eater; European Roller; Red-backed Shrike; Red-tailed Shrike","focal_species_slugs":"blue-cheeked-bee-eater;european-roller;red-backed-shrike;red-tailed-shrike","has_focal":true,"GRID_CODE":"GJ-KU-BHA-026","DISTRICT":"Kachchh","BLOCK":"Bhachau"},"geometry":{"type":"Point","coordinates":[70.452673,23.424711]}},{"type":"Feature","properties":{"GROUP.ID":"G18468211","LOCALITY":"Adesar Nada Road, Kachchh IN-Gujarat 23.55811, 71.07103","LATITUDE":23.558114,"LONGITUDE":71.071034,"OBSERVATION.DATE":"2026-09-26","OBSERVER.ID":"obsr961478","DURATION.MINUTES":35.0,"SAMPLING.EVENT.IDENTIFIER":"S396366139","species_list":"Black-headed Ibis; Black-winged Kite; Eurasian Collared-Dove; Gray Heron; Greater Flamingo; Gull-billed Tern; Indian Pond-Heron; Little Cormorant; Little Egret; Pied Kingfisher; Red-wattled Lapwing; River Tern; Shikra; White-eared Bulbul; Wire-tailed Swallow","n_species":15,"focal_species_seen":"","focal_species_slugs":"","has_focal":false,"GRID_CODE":"GJ-KU-RAP-072","DISTRICT":"Kachchh","BLOCK":"Rapar"},"geometry":{"type":"Point","coordinates":[71.071034,23.558114]}},{"type":"Feature","properties":{"GROUP.ID":"G18462531","LOCALITY":"Kachchh, Gujarat, IN (22.82, 69.394)","LATITUDE":22.8198819,"LONGITUDE":69.3935594,"OBSERVATION.DATE":"2026-09-26","OBSERVER.ID":"obsr1205825","DURATION.MINUTES":19.0,"SAMPLING.EVENT.IDENTIFIER":"S396368990","species_list":"Black-winged Stilt; Common Greenshank; Common Kingfisher; Common Sandpiper; Common Snipe; Eurasian Collared-Dove; Gray Francolin; Indian Spot-billed Duck; Laughing Dove; Little Grebe; Purple Sunbird; Red-wattled Lapwing; Western Yellow Wagtail; Whiskered Tern; Wood Sandpiper; Yellow-wattled Lapwing","n_species":16,"focal_species_seen":"","focal_species_slugs":"","has_focal":false,"GRID_CODE":"GJ-KU-MAN-049","DISTRICT":"Kachchh","BLOCK":"Mandvi"},"geometry":{"type":"Point","coordinates":[69.3935594,22.8198819]}},{"type":"Feature","properties":{"GROUP.ID":"G18462186","LOCALITY":"T24G05","LATITUDE":23.3065733,"LONGITUDE":70.706455,"OBSERVATION.DATE":"2026-09-26","OBSERVER.ID":"obsr3477017","DURATION.MINUTES":10.0,"SAMPLING.EVENT.IDENTIFIER":"S396376742","species_list":"Asian Green Bee-eater; Bay-backed Shrike; Blue-cheeked Bee-eater; Common Babbler; Eurasian Collared-Dove; European Roller; Gray-necked Bunting; Greater Whitethroat; Indian Peafowl; Laughing Dove; Red-backed Shrike; Red-vented Bulbul; Red-wattled Lapwing; Siberian Stonechat","n_species":14,"focal_species_seen":"Blue-cheeked Bee-eater; European Roller; Greater Whitethroat; Red-backed Shrike","focal_species_slugs":"blue-cheeked-bee-eater;european-roller;greater-whitethroat;red-backed-shrike","has_focal":true,"GRID_CODE":"GJ-KU-BHA-061","DISTRICT":"Kachchh","BLOCK":"Bhachau"},"geometry":{"type":"Point","coordinates":[70.706455,23.3065733]}},{"type":"Feature","properties":{"GROUP.ID":"G18467190","LOCALITY":"Sindhodi Moti Road, Prajau, Gujarat, IN (23.156, 68.8)","LATITUDE":23.156305,"LONGITUDE":68.800355,"OBSERVATION.DATE":"2026-09-26","OBSERVER.ID":"obsr1293140","DURATION.MINUTES":153.0,"SAMPLING.EVENT.IDENTIFIER":"S396378813","species_list":"Asian Green Bee-eater; Bay-backed Shrike; Black Drongo; Brahminy Starling; Chestnut-bellied Sandgrouse; Common Babbler; Common Sandpiper; European Roller; Glossy Ibis; Gray Francolin; Great White Pelican; Greater Coucal; House Crow; House Sparrow; Indian Robin; Medium Egret; Montagu's Harrier; Purple Sunbird; Red-tailed Shrike; Red-vented Bulbul; Red-wattled Lapwing; Rosy Starling; Siberian Stonechat; Streak-throated Swallow; Striolated Bunting; Temminck's Stint; Variable Wheatear; White-eared Bulbul; Wire-tailed Swallow","n_species":29,"focal_species_seen":"European Roller; Red-tailed Shrike","focal_species_slugs":"european-roller;red-tailed-shrike","has_focal":true,"GRID_CODE":"GJ-KU-ABD-070","DISTRICT":"Kachchh","BLOCK":"Abdasa"},"geometry":{"type":"Point","coordinates":[68.800355,23.156305]}},{"type":"Feature","properties":{"GROUP.ID":"G18461466","LOCALITY":"T15G01","LATITUDE":23.5159317,"LONGITUDE":69.4694617,"OBSERVATION.DATE":"2026-09-26","OBSERVER.ID":"obsr1419186","DURATION.MINUTES":48.0,"SAMPLING.EVENT.IDENTIFIER":"S396383069","species_list":"Black-winged Stilt; Common Babbler; Eurasian Collared-Dove; European Roller; Gray Francolin; Gray Heron; Great Gray Shrike; Isabelline Shrike; Laughing Dove; Little Egret; Little Stint; Painted Sandgrouse; Pied Kingfisher; Red-wattled Lapwing; Rosy Starling; Rufous-tailed Lark; Temminck's Stint; Wood Sandpiper; Yellow-throated Sparrow","n_species":19,"focal_species_seen":"European Roller","focal_species_slugs":"european-roller","has_focal":true,"GRID_CODE":"GJ-KU-LIT-025","DISTRICT":"Kachchh","BLOCK":"Little Rann"},"geometry":{"type":"Point","coordinates":[69.4694617,23.5159317]}},{"type":"Feature","properties":{"GROUP.ID":"G18459957","LOCALITY":"T17G3","LATITUDE":23.9107443,"LONGITUDE":70.6232682,"OBSERVATION.DATE":"2026-09-26","OBSERVER.ID":"obsr413366","DURATION.MINUTES":19.0,"SAMPLING.EVENT.IDENTIFIER":"S396383657","species_list":"Ashy-crowned Sparrow-Lark; Asian Green Bee-eater; Bay-backed Shrike; Baya Weaver; Black-winged Stilt; Blue-cheeked Bee-eater; Chestnut-bellied Sandgrouse; Common Babbler; Common Hoopoe; Common Tailorbird; Eastern Cattle-Egret; Eurasian Collared-Dove; European Roller; Gull-billed Tern; House Sparrow; Indian Robin; Indian Spot-billed Duck; Laughing Dove; Lesser Whistling-Duck; Little Cormorant; Little Grebe; Montagu's Harrier; Paddyfield Pipit; Pied Bushchat; Purple Sunbird; Red-vented Bulbul; Red-wattled Lapwing; Red Collared-Dove; River Tern; Rosy Starling; Rufous-fronted Prinia; Rufous-tailed Lark; Siberian Stonechat; Spotted Flycatcher; Sykes's Warbler; Variable Wheatear; Whiskered Tern; White-eared Bulbul; White-throated Kingfisher; Wire-tailed Swallow; Yellow-throated Sparrow","n_species":41,"focal_species_seen":"Blue-cheeked Bee-eater; European Roller; Spotted Flycatcher","focal_species_slugs":"blue-cheeked-bee-eater;european-roller;spotted-flycatcher","has_focal":true,"GRID_CODE":"GJ-KU-RAP-002","DISTRICT":"Kachchh","BLOCK":"Rapar"},"geometry":{"type":"Point","coordinates":[70.6232682,23.9107443]}},{"type":"Feature","properties":{"GROUP.ID":"G18460935","LOCALITY":"T36G03","LATITUDE":22.9373301,"LONGITUDE":69.0897675,"OBSERVATION.DATE":"2026-09-26","OBSERVER.ID":"obsr3339457","DURATION.MINUTES":33.0,"SAMPLING.EVENT.IDENTIFIER":"S396388187","species_list":"Common Babbler; Delicate Prinia; European Roller; Glossy Ibis; Gray-headed Swamphen; Gray Francolin; Gray Heron; Great Egret; House Sparrow; Little Cormorant; Long-billed Pipit; Medium Egret; Paddyfield Pipit; Rain Quail; Red-vented Bulbul; Spotted Flycatcher; Tawny Pipit; Tree Pipit; Variable Wheatear","n_species":19,"focal_species_seen":"European Roller; Spotted Flycatcher","focal_species_slugs":"european-roller;spotted-flycatcher","has_focal":true,"GRID_CODE":"GJ-KU-MAN-027","DISTRICT":"Kachchh","BLOCK":"Mandvi"},"geometry":{"type":"Point","coordinates":[69.0897675,22.9373301]}},{"type":"Feature","properties":{"GROUP.ID":"G18462185","LOCALITY":"Unnamed Road, Kachchh, Gujarat, IN (23.3, 70.716)","LATITUDE":23.3002517,"LONGITUDE":70.7159717,"OBSERVATION.DATE":"2026-09-26","OBSERVER.ID":"obsr3477017","DURATION.MINUTES":22.0,"SAMPLING.EVENT.IDENTIFIER":"S396389076","species_list":"Ashy-crowned Sparrow-Lark; Asian Green Bee-eater; Bay-backed Shrike; Black Drongo; Common Babbler; Common Hoopoe; Eastern Cattle-Egret; Eurasian Collared-Dove; European Roller; Glossy Ibis; Indian Silverbill; Laughing Dove; Paddyfield Pipit; Red-naped Ibis; Red-vented Bulbul; Red-wattled Lapwing; White-throated Kingfisher","n_species":17,"focal_species_seen":"European Roller","focal_species_slugs":"european-roller","has_focal":true,"GRID_CODE":"GJ-KU-BHA-061","DISTRICT":"Kachchh","BLOCK":"Bhachau"},"geometry":{"type":"Point","coordinates":[70.7159717,23.3002517]}},{"type":"Feature","properties":{"GROUP.ID":"G18468944","LOCALITY":"T43-G1","LATITUDE":23.6215617,"LONGITUDE":68.9163117,"OBSERVATION.DATE":"2026-09-26","OBSERVER.ID":"obsr1430794","DURATION.MINUTES":66.0,"SAMPLING.EVENT.IDENTIFIER":"S396391546","species_list":"Ashy-crowned Sparrow-Lark; Asian Green Bee-eater; Barn Swallow; Bay-backed Shrike; Black-headed Ibis; Common Babbler; Eastern Red-rumped Swallow; Eurasian Spoonbill; European Roller; Gray Francolin; Green Warbler; House Sparrow; Indian Robin; Little Ringed Plover; Red-vented Bulbul; Red Collared-Dove; Rufous-fronted Prinia; Tawny Pipit; Variable Wheatear; White-eared Bulbul; Yellow-crowned Woodpecker","n_species":21,"focal_species_seen":"European Roller","focal_species_slugs":"european-roller","has_focal":true,"GRID_CODE":"GJ-KU-LAK-039","DISTRICT":"Kachchh","BLOCK":"Lakhpat"},"geometry":{"type":"Point","coordinates":[68.9163117,23.6215617]}},{"type":"Feature","properties":{"GROUP.ID":"G18461163","LOCALITY":"T18G3","LATITUDE":23.6771935,"LONGITUDE":70.8012146,"OBSERVATION.DATE":"2026-09-26","OBSERVER.ID":"obsr807380","DURATION.MINUTES":60.0,"SAMPLING.EVENT.IDENTIFIER":"S396391561","species_list":"Asian Green Bee-eater; Baya Weaver; Black-winged Kite; Black Drongo; Blue-cheeked Bee-eater; Blyth's Reed Warbler; Common Babbler; Common Greenshank; Common Hoopoe; Common Kingfisher; Common Sandpiper; Crested Lark; Delicate Prinia; Eastern Red-rumped Swallow; Eurasian Collared-Dove; Eurasian Spoonbill; European Roller; Gray Francolin; Greater Coucal; Greater Short-toed Lark; Indian Peafowl; Indian Silverbill; Laughing Dove; Lesser Whitethroat; Little Cormorant; Little Egret; Oriental Darter; Pied Kingfisher; Plain Prinia; Purple Heron; Purple Sunbird; Red-vented Bulbul; Red-wattled Lapwing; Red Collared-Dove; River Tern; Variable Wheatear; Western Marsh Harrier; Western Yellow Wagtail; White-eared Bulbul; White-throated Kingfisher","n_species":40,"focal_species_seen":"Blue-cheeked Bee-eater; European Roller","focal_species_slugs":"blue-cheeked-bee-eater;european-roller","has_focal":true,"GRID_CODE":"GJ-KU-RAP-033","DISTRICT":"Kachchh","BLOCK":"Rapar"},"geometry":{"type":"Point","coordinates":[70.8012146,23.6771935]}},{"type":"Feature","properties":{"GROUP.ID":"G18469658","LOCALITY":"T28G1","LATITUDE":23.788468,"LONGITUDE":69.698906,"OBSERVATION.DATE":"2026-09-26","OBSERVER.ID":"obsr6507024","DURATION.MINUTES":35.0,"SAMPLING.EVENT.IDENTIFIER":"S396393404","species_list":"Black-winged Stilt; Common Sandpiper; Crested Lark; Eastern Red-rumped Swallow; Little Egret; Pallid Harrier; Red-wattled Lapwing; Tibetan Sand-Plover; White-throated Kingfisher; Wire-tailed Swallow","n_species":10,"focal_species_seen":"","focal_species_slugs":"","has_focal":false,"GRID_CODE":"GJ-KU-RAN-505","DISTRICT":"Kachchh","BLOCK":"Rann of Kachchh"},"geometry":{"type":"Point","coordinates":[69.698906,23.788468]}},{"type":"Feature","properties":{"GROUP.ID":"G18460045","LOCALITY":"T38-4, Gujarat State Highway 91, Kachchh, Gujarat, IN (23.313, 69.097)","LATITUDE":23.3130167,"LONGITUDE":69.09679,"OBSERVATION.DATE":"2026-09-26","OBSERVER.ID":"obsr769125","DURATION.MINUTES":51.0,"SAMPLING.EVENT.IDENTIFIER":"S396393463","species_list":"Ashy-crowned Sparrow-Lark; Asian Green Bee-eater; Asian Koel; Barred Buttonquail; Bay-backed Shrike; Baya Weaver; Black Drongo; Brahminy Starling; Common Babbler; Common Tailorbird; Common Woodshrike; Dusky Crag-Martin; Eastern Cattle-Egret; Eastern Red-rumped Swallow; Eurasian Collared-Dove; European Roller; Gray Francolin; Greater Coucal; House Crow; House Sparrow; Indian Peafowl; Indian Pond-Heron; Indian Robin; Indian Silverbill; Isabelline Shrike; Jungle Prinia; Laughing Dove; Lesser Whitethroat; Little Swift; Long-tailed Shrike; Paddyfield Pipit; Pied Cuckoo; Plain Prinia; Purple Sunbird; Red-naped Ibis; Red-vented Bulbul; Red-wattled Lapwing; Red Collared-Dove; Rose-ringed Parakeet; Rosy Starling; Rufous-fronted Prinia; Rufous-tailed Lark; Rufous-tailed Scrub-Robin; Shikra; Siberian Stonechat; Small Minivet; Spotted Flycatcher; Sykes's Warbler; Tawny Pipit; Western Marsh Harrier; White-eared Bulbul; White-throated Kingfisher; Wire-tailed Swallow; Yellow-crowned Woodpecker","n_species":54,"focal_species_seen":"European Roller; Rufous-tailed Scrub-Robin; Spotted Flycatcher","focal_species_slugs":"european-roller;rufous-tailed-scrub-robin;spotted-flycatcher","has_focal":true,"GRID_CODE":"GJ-KU-ABD-029","DISTRICT":"Kachchh","BLOCK":"Abdasa"},"geometry":{"type":"Point","coordinates":[69.09679,23.3130167]}},{"type":"Feature","properties":{"GROUP.ID":"S396394764","LOCALITY":"Unnamed Road, Rajthali, Gujarat, IN (23.296, 70.734)","LATITUDE":23.29587,"LONGITUDE":70.7335417,"OBSERVATION.DATE":"2026-09-26","OBSERVER.ID":"obsr3477017","DURATION.MINUTES":11.0,"SAMPLING.EVENT.IDENTIFIER":"S396394764","species_list":"Asian Green Bee-eater; Eurasian Coot; Little Cormorant; Siberian Stonechat; White-throated Kingfisher","n_species":5,"focal_species_seen":"","focal_species_slugs":"","has_focal":false,"GRID_CODE":"GJ-KU-BHA-061","DISTRICT":"Kachchh","BLOCK":"Bhachau"},"geometry":{"type":"Point","coordinates":[70.7335417,23.29587]}},{"type":"Feature","properties":{"GROUP.ID":"G18460117","LOCALITY":"Bhuj - Naliya Highway, Kanakpar, Gujarat, IN (23.201, 69.124)","LATITUDE":23.2007567,"LONGITUDE":69.12374,"OBSERVATION.DATE":"2026-09-26","OBSERVER.ID":"obsr769125","DURATION.MINUTES":19.0,"SAMPLING.EVENT.IDENTIFIER":"S396400229","species_list":"Asian Green Bee-eater; Asian Koel; Barn Swallow; Bay-backed Shrike; Black Drongo; Common Myna; Dusky Crag-Martin; Eurasian Collared-Dove; European Roller; Gray-breasted Prinia; Gray Francolin; Greater Coucal; Indian Robin; Lesser Whitethroat; Little Cormorant; Little Swift; Pied Cuckoo; Purple Sunbird; Red-backed Shrike; Red-vented Bulbul; Red-wattled Lapwing; River Tern; Rosy Starling; Rufous-fronted Prinia; Shikra; Wire-tailed Swallow","n_species":26,"focal_species_seen":"European Roller; Red-backed Shrike","focal_species_slugs":"european-roller;red-backed-shrike","has_focal":true,"GRID_CODE":"GJ-KU-ABD-066","DISTRICT":"Kachchh","BLOCK":"Abdasa"},"geometry":{"type":"Point","coordinates":[69.12374,23.2007567]}},{"type":"Feature","properties":{"GROUP.ID":"G18460169","LOCALITY":"T17G4","LATITUDE":23.8605855,"LONGITUDE":70.672186,"OBSERVATION.DATE":"2026-09-26","OBSERVER.ID":"obsr413366","DURATION.MINUTES":3.0,"SAMPLING.EVENT.IDENTIFIER":"S396400421","species_list":"Ashy-crowned Sparrow-Lark; Asian Green Bee-eater; Asian Koel; Bay-backed Shrike; Baya Weaver; Black Drongo; Blue-cheeked Bee-eater; Chestnut-bellied Sandgrouse; Common Babbler; Common Hoopoe; Common Tailorbird; Dusky Crag-Martin; Eurasian Collared-Dove; Eurasian Wryneck; European Roller; Gray Francolin; Greater Coucal; House Sparrow; Indian Peafowl; Indian Robin; Indian Silverbill; Laughing Dove; Lesser Whitethroat; Long-tailed Shrike; Montagu's Harrier; Paddyfield Pipit; Pied Cuckoo; Plain Prinia; Purple Sunbird; Red-vented Bulbul; Red-wattled Lapwing; Red Collared-Dove; Rose-ringed Parakeet; Rosy Starling; Rufous-fronted Prinia; Spotted Flycatcher; Western Marsh Harrier; Whiskered Tern; White-eared Bulbul; White-throated Kingfisher; Wire-tailed Swallow; Yellow-throated Sparrow","n_species":42,"focal_species_seen":"Blue-cheeked Bee-eater; European Roller; Spotted Flycatcher","focal_species_slugs":"blue-cheeked-bee-eater;european-roller;spotted-flycatcher","has_focal":true,"GRID_CODE":"GJ-KU-RAP-005","DISTRICT":"Kachchh","BLOCK":"Rapar"},"geometry":{"type":"Point","coordinates":[70.672186,23.8605855]}},{"type":"Feature","properties":{"GROUP.ID":"G18460330","LOCALITY":"Kandhay, Gujarat, IN (23.273, 69.141)","LATITUDE":23.2728983,"LONGITUDE":69.1413533,"OBSERVATION.DATE":"2026-09-26","OBSERVER.ID":"obsr769125","DURATION.MINUTES":43.0,"SAMPLING.EVENT.IDENTIFIER":"S396402619","species_list":"Ashy-crowned Sparrow-Lark; Asian Green Bee-eater; Asian Koel; Barn Swallow; Bay-backed Shrike; Baya Weaver; Black Drongo; Blyth's Reed Warbler; Brown Rock Chat; Common Myna; Common Tailorbird; Dusky Crag-Martin; Eastern Orphean Warbler; Eurasian Collared-Dove; Gray Francolin; Greater Coucal; Greater Short-toed Lark; Greater Whitethroat; Green Warbler; House Crow; House Sparrow; Indian Bushlark; Indian Peafowl; Indian Robin; Indian Silverbill; Laughing Dove; Lesser Whitethroat; Pied Cuckoo; Plain Prinia; Purple Sunbird; Red-naped Ibis; Red-tailed Shrike; Red-vented Bulbul; Red-wattled Lapwing; Red Collared-Dove; Rosy Starling; Rufous-fronted Prinia; Rufous-tailed Lark; Shikra; Tawny Pipit; White-breasted Waterhen; White-throated Kingfisher; Wire-tailed Swallow; Yellow-throated Sparrow; Zitting Cisticola","n_species":45,"focal_species_seen":"Greater Whitethroat; Red-tailed Shrike","focal_species_slugs":"greater-whitethroat;red-tailed-shrike","has_focal":true,"GRID_CODE":"GJ-KU-ABD-042","DISTRICT":"Kachchh","BLOCK":"Abdasa"},"geometry":{"type":"Point","coordinates":[69.1413533,23.2728983]}},{"type":"Feature","properties":{"GROUP.ID":"G18462237","LOCALITY":"T6-PMC G3","LATITUDE":22.7871803,"LONGITUDE":69.4378057,"OBSERVATION.DATE":"2026-09-26","OBSERVER.ID":"obsr1205825","DURATION.MINUTES":58.0,"SAMPLING.EVENT.IDENTIFIER":"S396402775","species_list":"Eurasian Curlew; Eurasian Spoonbill; Indian Pond-Heron; Kentish Plover; Little Egret; River Tern; Tibetan Sand-Plover","n_species":7,"focal_species_seen":"","focal_species_slugs":"","has_focal":false,"GRID_CODE":"GJ-KU-MAN-052","DISTRICT":"Kachchh","BLOCK":"Mandvi"},"geometry":{"type":"Point","coordinates":[69.4378057,22.7871803]}},{"type":"Feature","properties":{"GROUP.ID":"G18468983","LOCALITY":"T26_G4","LATITUDE":23.482128,"LONGITUDE":70.403684,"OBSERVATION.DATE":"2026-09-26","OBSERVER.ID":"obsr604472","DURATION.MINUTES":45.0,"SAMPLING.EVENT.IDENTIFIER":"S396407588","species_list":"Asian Green Bee-eater; Bay-backed Shrike; Common Babbler; Common Hoopoe; Common Tailorbird; Eurasian Collared-Dove; European Roller; Gray Francolin; Greater Coucal; House Sparrow; Indian Peafowl; Indian Robin; Laughing Dove; Paddyfield Pipit; Plain Prinia; Purple Sunbird; Red-vented Bulbul; Red-wattled Lapwing; Rufous-fronted Prinia; Variable Wheatear; White-eared Bulbul; White-tailed Iora","n_species":22,"focal_species_seen":"European Roller","focal_species_slugs":"european-roller","has_focal":true,"GRID_CODE":"GJ-KU-BHA-019","DISTRICT":"Kachchh","BLOCK":"Bhachau"},"geometry":{"type":"Point","coordinates":[70.403684,23.482128]}},{"type":"Feature","properties":{"GROUP.ID":"G18461162","LOCALITY":"Rapar - Fatehgadh Road, Kachchh, Gujarat, IN (23.677, 70.801)","LATITUDE":23.6771583,"LONGITUDE":70.8006933,"OBSERVATION.DATE":"2026-09-26","OBSERVER.ID":"obsr807380","DURATION.MINUTES":null,"SAMPLING.EVENT.IDENTIFIER":"S396407632","species_list":"Greater Short-toed Lark; Knob-billed Duck","n_species":2,"focal_species_seen":"","focal_species_slugs":"","has_focal":false,"GRID_CODE":"GJ-KU-RAP-033","DISTRICT":"Kachchh","BLOCK":"Rapar"},"geometry":{"type":"Point","coordinates":[70.8006933,23.6771583]}},{"type":"Feature","properties":{"GROUP.ID":"G18460210","LOCALITY":"T22G4","LATITUDE":23.45575,"LONGITUDE":70.657295,"OBSERVATION.DATE":"2026-09-26","OBSERVER.ID":"obsr7914099","DURATION.MINUTES":112.0,"SAMPLING.EVENT.IDENTIFIER":"S396412224","species_list":"Ashy-crowned Sparrow-Lark; Asian Green Bee-eater; Barn Swallow; Barred Buttonquail; Bay-backed Shrike; Baya Weaver; Black-winged Stilt; Black Drongo; Common Babbler; Common Hoopoe; Common Sandpiper; Delicate Prinia; Dusky Crag-Martin; Eastern Cattle-Egret; Eastern Red-rumped Swallow; Eurasian Collared-Dove; Eurasian Wryneck; European Roller; Gray Francolin; Great Cormorant; Green Sandpiper; House Sparrow; Indian Robin; Indian Silverbill; Indian Spot-billed Duck; Laughing Dove; Lesser Whistling-Duck; Lesser Whitethroat; Long-tailed Shrike; Medium Egret; Montagu's Harrier; Paddyfield Pipit; Pied Kingfisher; Purple Heron; Red-naped Ibis; Red-tailed Shrike; Red-vented Bulbul; Red-wattled Lapwing; Red Collared-Dove; Rosy Starling; Western Marsh Harrier; White-eared Bulbul; White-throated Kingfisher","n_species":43,"focal_species_seen":"European Roller; Red-tailed Shrike","focal_species_slugs":"european-roller;red-tailed-shrike","has_focal":true,"GRID_CODE":"GJ-KU-RAP-085","DISTRICT":"Kachchh","BLOCK":"Rapar"},"geometry":{"type":"Point","coordinates":[70.657295,23.45575]}},{"type":"Feature","properties":{"GROUP.ID":"S396414064","LOCALITY":"Rapar - Fatehgadh Road, Kachchh, Gujarat, IN (23.664, 70.776)","LATITUDE":23.6639541,"LONGITUDE":70.775749,"OBSERVATION.DATE":"2026-09-26","OBSERVER.ID":"obsr807380","DURATION.MINUTES":null,"SAMPLING.EVENT.IDENTIFIER":"S396414064","species_list":"Black Francolin","n_species":1,"focal_species_seen":"","focal_species_slugs":"","has_focal":false,"GRID_CODE":"GJ-KU-RAP-033","DISTRICT":"Kachchh","BLOCK":"Rapar"},"geometry":{"type":"Point","coordinates":[70.775749,23.6639541]}},{"type":"Feature","properties":{"GROUP.ID":"G18460425","LOCALITY":"T12G1","LATITUDE":23.3227719,"LONGITUDE":70.0931894,"OBSERVATION.DATE":"2026-09-26","OBSERVER.ID":"obsr1301322","DURATION.MINUTES":44.0,"SAMPLING.EVENT.IDENTIFIER":"S396414701","species_list":"Ashy-crowned Sparrow-Lark; Asian Green Bee-eater; Barn Swallow; Bay-backed Shrike; Baya Weaver; Blue-cheeked Bee-eater; Brahminy Starling; Common Babbler; Eastern Cattle-Egret; Eurasian Collared-Dove; European Roller; Gray-breasted Prinia; Gray Francolin; House Sparrow; Indian Roller; Indian Silverbill; Jungle Prinia; Laughing Dove; Long-tailed Shrike; Plain Prinia; Purple Sunbird; Red-vented Bulbul; Red-wattled Lapwing; Rosy Starling; Siberian Stonechat; Variable Wheatear; White-eared Bulbul; White-throated Kingfisher; Wire-tailed Swallow; Yellow-throated Sparrow","n_species":30,"focal_species_seen":"Blue-cheeked Bee-eater; European Roller","focal_species_slugs":"blue-cheeked-bee-eater;european-roller","has_focal":true,"GRID_CODE":"GJ-KU-ANJ-003","DISTRICT":"Kachchh","BLOCK":"Anjar"},"geometry":{"type":"Point","coordinates":[70.0931894,23.3227719]}},{"type":"Feature","properties":{"GROUP.ID":"G18468832","LOCALITY":"Naliya-Narayan Sarovar Road, Guhar Nani, Gujarat, IN (23.633, 68.543)","LATITUDE":23.6330345,"LONGITUDE":68.5431645,"OBSERVATION.DATE":"2026-09-26","OBSERVER.ID":"obsr494050","DURATION.MINUTES":null,"SAMPLING.EVENT.IDENTIFIER":"S396415162","species_list":"European Roller","n_species":1,"focal_species_seen":"European Roller","focal_species_slugs":"european-roller","has_focal":true,"GRID_CODE":"GJ-KU-LAK-031","DISTRICT":"Kachchh","BLOCK":"Lakhpat"},"geometry":{"type":"Point","coordinates":[68.5431645,23.6330345]}},{"type":"Feature","properties":{"GROUP.ID":"G18460268","LOCALITY":"T5G1","LATITUDE":22.968058,"LONGITUDE":69.826476,"OBSERVATION.DATE":"2026-09-26","OBSERVER.ID":"obsr3568724","DURATION.MINUTES":58.0,"SAMPLING.EVENT.IDENTIFIER":"S396415929","species_list":"Asian Green Bee-eater; Barn Swallow; Bay-backed Shrike; Black-winged Kite; Brahminy Starling; Common Babbler; Common Hoopoe; Eastern Cattle-Egret; Eastern Red-rumped Swallow; Eurasian Collared-Dove; Eurasian Wryneck; European Roller; Gray-necked Bunting; Gray Francolin; House Sparrow; Indian Robin; Indian Roller; Indian Silverbill; Indian Spot-billed Duck; Indian Thick-knee; Laughing Dove; Little Swift; Long-tailed Shrike; Pied Bushchat; Plain Prinia; Red-vented Bulbul; Red Collared-Dove; Rufous-tailed Lark; Tawny Pipit","n_species":29,"focal_species_seen":"European Roller","focal_species_slugs":"european-roller","has_focal":true,"GRID_CODE":"GJ-KU-ANJ-037","DISTRICT":"Kachchh","BLOCK":"Anjar"},"geometry":{"type":"Point","coordinates":[69.826476,22.968058]}},{"type":"Feature","properties":{"GROUP.ID":"G18460269","LOCALITY":"Mundra, Kachchh IN-Gujarat 22.95971, 69.81019","LATITUDE":22.959713,"LONGITUDE":69.810193,"OBSERVATION.DATE":"2026-09-26","OBSERVER.ID":"obsr3568724","DURATION.MINUTES":7.0,"SAMPLING.EVENT.IDENTIFIER":"S396416230","species_list":"Asian Green Bee-eater; Common Babbler; Common Myna; Eastern Cattle-Egret; House Sparrow; Indian Robin; Laughing Dove; Red-vented Bulbul; Rosy Starling; Wire-tailed Swallow","n_species":10,"focal_species_seen":"","focal_species_slugs":"","has_focal":false,"GRID_CODE":"GJ-KU-MUN-014","DISTRICT":"Kachchh","BLOCK":"Mundra"},"geometry":{"type":"Point","coordinates":[69.810193,22.959713]}},{"type":"Feature","properties":{"GROUP.ID":"G18460272","LOCALITY":"Mundra, Kachchh IN-Gujarat 22.96522, 69.80342","LATITUDE":22.965224,"LONGITUDE":69.803416,"OBSERVATION.DATE":"2026-09-26","OBSERVER.ID":"obsr3568724","DURATION.MINUTES":null,"SAMPLING.EVENT.IDENTIFIER":"S396416428","species_list":"European Roller","n_species":1,"focal_species_seen":"European Roller","focal_species_slugs":"european-roller","has_focal":true,"GRID_CODE":"GJ-KU-MUN-008","DISTRICT":"Kachchh","BLOCK":"Mundra"},"geometry":{"type":"Point","coordinates":[69.803416,22.965224]}},{"type":"Feature","properties":{"GROUP.ID":"G18460275","LOCALITY":"Mundra, Kachchh IN-Gujarat 22.96960, 69.79246","LATITUDE":22.969602,"LONGITUDE":69.792464,"OBSERVATION.DATE":"2026-09-26","OBSERVER.ID":"obsr3568724","DURATION.MINUTES":null,"SAMPLING.EVENT.IDENTIFIER":"S396416896","species_list":"Eastern Cattle-Egret; Little Cormorant; Red-wattled Lapwing; Wire-tailed Swallow","n_species":4,"focal_species_seen":"","focal_species_slugs":"","has_focal":false,"GRID_CODE":"GJ-KU-MUN-008","DISTRICT":"Kachchh","BLOCK":"Mundra"},"geometry":{"type":"Point","coordinates":[69.792464,22.969602]}},{"type":"Feature","properties":{"GROUP.ID":"G18460274","LOCALITY":"Mundra, Kachchh IN-Gujarat 22.96952, 69.78315","LATITUDE":22.969525,"LONGITUDE":69.783147,"OBSERVATION.DATE":"2026-09-26","OBSERVER.ID":"obsr3568724","DURATION.MINUTES":null,"SAMPLING.EVENT.IDENTIFIER":"S396417138","species_list":"Eurasian Collared-Dove; House Sparrow; Laughing Dove; Red-vented Bulbul","n_species":4,"focal_species_seen":"","focal_species_slugs":"","has_focal":false,"GRID_CODE":"GJ-KU-MUN-008","DISTRICT":"Kachchh","BLOCK":"Mundra"},"geometry":{"type":"Point","coordinates":[69.783147,22.969525]}},{"type":"Feature","properties":{"GROUP.ID":"G18460279","LOCALITY":"Mundra, Kachchh IN-Gujarat 22.97200, 69.74533","LATITUDE":22.971995,"LONGITUDE":69.745329,"OBSERVATION.DATE":"2026-09-26","OBSERVER.ID":"obsr3568724","DURATION.MINUTES":5.0,"SAMPLING.EVENT.IDENTIFIER":"S396417347","species_list":"Asian Green Bee-eater; Black-winged Stilt; Common Sandpiper; House Crow; Laughing Dove; Rosy Starling","n_species":6,"focal_species_seen":"","focal_species_slugs":"","has_focal":false,"GRID_CODE":"GJ-KU-MUN-007","DISTRICT":"Kachchh","BLOCK":"Mundra"},"geometry":{"type":"Point","coordinates":[69.745329,22.971995]}},{"type":"Feature","properties":{"GROUP.ID":"G18460280","LOCALITY":"Mundra, Kachchh IN-Gujarat 22.97751, 69.72591","LATITUDE":22.977514,"LONGITUDE":69.72591,"OBSERVATION.DATE":"2026-09-26","OBSERVER.ID":"obsr3568724","DURATION.MINUTES":null,"SAMPLING.EVENT.IDENTIFIER":"S396417539","species_list":"Asian Green Bee-eater; Black Drongo; European Roller; Indian Robin; Rosy Starling","n_species":5,"focal_species_seen":"European Roller","focal_species_slugs":"european-roller","has_focal":true,"GRID_CODE":"GJ-KU-MUN-007","DISTRICT":"Kachchh","BLOCK":"Mundra"},"geometry":{"type":"Point","coordinates":[69.72591,22.977514]}},{"type":"Feature","properties":{"GROUP.ID":"G18460282","LOCALITY":"Mundra, Kachchh IN-Gujarat 22.98465, 69.72029","LATITUDE":22.984645,"LONGITUDE":69.720291,"OBSERVATION.DATE":"2026-09-26","OBSERVER.ID":"obsr3568724","DURATION.MINUTES":null,"SAMPLING.EVENT.IDENTIFIER":"S396417760","species_list":"European Roller","n_species":1,"focal_species_seen":"European Roller","focal_species_slugs":"european-roller","has_focal":true,"GRID_CODE":"GJ-KU-MUN-007","DISTRICT":"Kachchh","BLOCK":"Mundra"},"geometry":{"type":"Point","coordinates":[69.720291,22.984645]}},{"type":"Feature","properties":{"GROUP.ID":"G18462187","LOCALITY":"T24G02","LATITUDE":23.322,"LONGITUDE":70.7563883,"OBSERVATION.DATE":"2026-09-26","OBSERVER.ID":"obsr3477017","DURATION.MINUTES":37.0,"SAMPLING.EVENT.IDENTIFIER":"S396417821","species_list":"Asian Green Bee-eater; Common Babbler; Eastern Cattle-Egret; Eurasian Collared-Dove; European Roller; Gray-necked Bunting; Green Sandpiper; Indian Peafowl; Indian Spot-billed Duck; Laughing Dove; Lesser Whistling-Duck; Long-tailed Shrike; Paddyfield Pipit; Red-vented Bulbul; Red-wattled Lapwing; Red Collared-Dove; Siberian Stonechat; White-eared Bulbul; Yellow-eyed Babbler","n_species":19,"focal_species_seen":"European Roller","focal_species_slugs":"european-roller","has_focal":true,"GRID_CODE":"GJ-KU-RAP-099","DISTRICT":"Kachchh","BLOCK":"Rapar"},"geometry":{"type":"Point","coordinates":[70.7563883,23.322]}},{"type":"Feature","properties":{"GROUP.ID":"G18460491","LOCALITY":"Bhuj, Kachchh IN-Gujarat 23.05778, 69.78051","LATITUDE":23.057784,"LONGITUDE":69.780506,"OBSERVATION.DATE":"2026-09-26","OBSERVER.ID":"obsr3568724","DURATION.MINUTES":19.0,"SAMPLING.EVENT.IDENTIFIER":"S396418028","species_list":"Asian Green Bee-eater; Bay-backed Shrike; Common Babbler; Gray-headed Swamphen; Great Gray Shrike; Indian Bushlark; Wire-tailed Swallow","n_species":7,"focal_species_seen":"","focal_species_slugs":"","has_focal":false,"GRID_CODE":"GJ-KU-MUN-002","DISTRICT":"Kachchh","BLOCK":"Mundra"},"geometry":{"type":"Point","coordinates":[69.780506,23.057784]}},{"type":"Feature","properties":{"GROUP.ID":"G18460490","LOCALITY":"Bhuj, Kachchh IN-Gujarat 23.07533, 69.76079","LATITUDE":23.075334,"LONGITUDE":69.760788,"OBSERVATION.DATE":"2026-09-26","OBSERVER.ID":"obsr3568724","DURATION.MINUTES":null,"SAMPLING.EVENT.IDENTIFIER":"S396419467","species_list":"European Roller","n_species":1,"focal_species_seen":"European Roller","focal_species_slugs":"european-roller","has_focal":true,"GRID_CODE":"GJ-KU-BHU-166","DISTRICT":"Kachchh","BLOCK":"Bhuj"},"geometry":{"type":"Point","coordinates":[69.760788,23.075334]}},{"type":"Feature","properties":{"GROUP.ID":"G18460489","LOCALITY":"Bhuj, Kachchh IN-Gujarat 23.10384, 69.80816","LATITUDE":23.103843,"LONGITUDE":69.808163,"OBSERVATION.DATE":"2026-09-26","OBSERVER.ID":"obsr3568724","DURATION.MINUTES":28.0,"SAMPLING.EVENT.IDENTIFIER":"S396420278","species_list":"Asian Green Bee-eater; Black Drongo; Common Kingfisher; Common Woodshrike; Eurasian Collared-Dove; European Roller; Gray Francolin; House Sparrow; Indian Bushlark; Laughing Dove; Long-tailed Shrike; Purple Sunbird; Red-backed Shrike; Red-naped Ibis; Red-vented Bulbul; Yellow-throated Sparrow","n_species":16,"focal_species_seen":"European Roller; Red-backed Shrike","focal_species_slugs":"european-roller;red-backed-shrike","has_focal":true,"GRID_CODE":"GJ-KU-ANJ-027","DISTRICT":"Kachchh","BLOCK":"Anjar"},"geometry":{"type":"Point","coordinates":[69.808163,23.103843]}},{"type":"Feature","properties":{"GROUP.ID":"G18460328","LOCALITY":"Bhuj, Kachchh IN-Gujarat 23.68488, 69.57956","LATITUDE":23.684876,"LONGITUDE":69.579565,"OBSERVATION.DATE":"2026-09-26","OBSERVER.ID":"obsr1065391","DURATION.MINUTES":null,"SAMPLING.EVENT.IDENTIFIER":"S396420858","species_list":"Rufous-tailed Scrub-Robin","n_species":1,"focal_species_seen":"Rufous-tailed Scrub-Robin","focal_species_slugs":"rufous-tailed-scrub-robin","has_focal":true,"GRID_CODE":"GJ-KU-BHU-047","DISTRICT":"Kachchh","BLOCK":"Bhuj"},"geometry":{"type":"Point","coordinates":[69.579565,23.684876]}},{"type":"Feature","properties":{"GROUP.ID":"G18460333","LOCALITY":"Great Rann of Kachchh--Dhordo","LATITUDE":23.801798,"LONGITUDE":69.5041466,"OBSERVATION.DATE":"2026-09-26","OBSERVER.ID":"obsr1065391","DURATION.MINUTES":65.0,"SAMPLING.EVENT.IDENTIFIER":"S396421470","species_list":"Bank Swallow; Blue-cheeked Bee-eater; Crested Lark; Eastern Red-rumped Swallow; Greater Flamingo; Gull-billed Tern; Isabelline Wheatear; Kentish Plover; Little Grebe; Little Ringed Plover; Little Stint; Montagu's Harrier; Sand Lark","n_species":13,"focal_species_seen":"Blue-cheeked Bee-eater","focal_species_slugs":"blue-cheeked-bee-eater","has_focal":true,"GRID_CODE":"GJ-KU-BHU-018","DISTRICT":"Kachchh","BLOCK":"Bhuj"},"geometry":{"type":"Point","coordinates":[69.5041466,23.801798]}},{"type":"Feature","properties":{"GROUP.ID":"G18468210","LOCALITY":"Team 19 - 1 Grid Rapar, Kachchh IN-Gujarat 23.54398, 71.11578","LATITUDE":23.543977,"LONGITUDE":71.115782,"OBSERVATION.DATE":"2026-09-26","OBSERVER.ID":"obsr961478","DURATION.MINUTES":36.0,"SAMPLING.EVENT.IDENTIFIER":"S396422648","species_list":"Asian Green Bee-eater; Asian Koel; Barn Swallow; Black-winged Kite; Blue-cheeked Bee-eater; Common Crane; Eastern Cattle-Egret; Eastern Red-rumped Swallow; European Roller; House Crow; House Sparrow; Indian Peafowl; Indian Roller; Little Egret; Streak-throated Swallow","n_species":15,"focal_species_seen":"Blue-cheeked Bee-eater; European Roller","focal_species_slugs":"blue-cheeked-bee-eater;european-roller","has_focal":true,"GRID_CODE":"GJ-KU-LIT-031","DISTRICT":"Kachchh","BLOCK":"Little Rann"},"geometry":{"type":"Point","coordinates":[71.115782,23.543977]}},{"type":"Feature","properties":{"GROUP.ID":"G18460350","LOCALITY":"Great Rann of Kachchh--Dhordo","LATITUDE":23.801798,"LONGITUDE":69.5041466,"OBSERVATION.DATE":"2026-09-26","OBSERVER.ID":"obsr1065391","DURATION.MINUTES":21.0,"SAMPLING.EVENT.IDENTIFIER":"S396422704","species_list":"Bank Swallow; Blue-cheeked Bee-eater; Crested Lark; Eurasian Spoonbill; Gadwall; Gray Heron; Green-winged Teal; Gull-billed Tern; Indian Spot-billed Duck; Little Cormorant; Little Grebe; Little Ringed Plover; Little Stint; Marsh Sandpiper; Northern Pintail; Red-naped Ibis; Red-wattled Lapwing; Ruff; Sand Lark; Western Reef-Heron; Whiskered Tern","n_species":21,"focal_species_seen":"Blue-cheeked Bee-eater","focal_species_slugs":"blue-cheeked-bee-eater","has_focal":true,"GRID_CODE":"GJ-KU-BHU-018","DISTRICT":"Kachchh","BLOCK":"Bhuj"},"geometry":{"type":"Point","coordinates":[69.5041466,23.801798]}},{"type":"Feature","properties":{"GROUP.ID":"G18460376","LOCALITY":"T31_G2","LATITUDE":23.689999,"LONGITUDE":69.586301,"OBSERVATION.DATE":"2026-09-26","OBSERVER.ID":"obsr3561725","DURATION.MINUTES":76.0,"SAMPLING.EVENT.IDENTIFIER":"S396425665","species_list":"Ashy-crowned Sparrow-Lark; Asian Green Bee-eater; Bank Swallow; Barn Swallow; Black Drongo; Blue-cheeked Bee-eater; Common Babbler; Eastern Red-rumped Swallow; Eurasian Collared-Dove; European Roller; Gray Francolin; House Crow; Indian Silverbill; Laughing Dove; Pallid Harrier; Purple Sunbird; Red-tailed Shrike; Streak-throated Swallow; Tawny Pipit; White-eared Bulbul","n_species":20,"focal_species_seen":"Blue-cheeked Bee-eater; European Roller; Red-tailed Shrike","focal_species_slugs":"blue-cheeked-bee-eater;european-roller;red-tailed-shrike","has_focal":true,"GRID_CODE":"GJ-KU-BHU-047","DISTRICT":"Kachchh","BLOCK":"Bhuj"},"geometry":{"type":"Point","coordinates":[69.586301,23.689999]}},{"type":"Feature","properties":{"GROUP.ID":"G18460472","LOCALITY":"Tappar Dam Road, Kachchh, Gujarat","LATITUDE":23.2445857,"LONGITUDE":70.127314,"OBSERVATION.DATE":"2026-09-26","OBSERVER.ID":"obsr453899","DURATION.MINUTES":null,"SAMPLING.EVENT.IDENTIFIER":"S396427149","species_list":"Indian Nightjar; Indian Peafowl","n_species":2,"focal_species_seen":"","focal_species_slugs":"","has_focal":false,"GRID_CODE":"GJ-KU-ANJ-012","DISTRICT":"Kachchh","BLOCK":"Anjar"},"geometry":{"type":"Point","coordinates":[70.127314,23.2445857]}},{"type":"Feature","properties":{"GROUP.ID":"G18483831","LOCALITY":"Bhedi, Gujarat, IN (23.135, 68.927)","LATITUDE":23.1351317,"LONGITUDE":68.92722,"OBSERVATION.DATE":"2026-09-26","OBSERVER.ID":"obsr769125","DURATION.MINUTES":24.0,"SAMPLING.EVENT.IDENTIFIER":"S396439969","species_list":"Eastern Barn Owl; Indian Thick-knee; Red-wattled Lapwing","n_species":3,"focal_species_seen":"","focal_species_slugs":"","has_focal":false,"GRID_CODE":"GJ-KU-ABD-073","DISTRICT":"Kachchh","BLOCK":"Abdasa"},"geometry":{"type":"Point","coordinates":[68.92722,23.1351317]}},{"type":"Feature","properties":{"GROUP.ID":"G18462226","LOCALITY":"T49G1 - PMC26","LATITUDE":23.3874938,"LONGITUDE":68.6018807,"OBSERVATION.DATE":"2026-09-26","OBSERVER.ID":"obsr3392004","DURATION.MINUTES":49.0,"SAMPLING.EVENT.IDENTIFIER":"S396444025","species_list":"Asian Green Bee-eater; Black-necked Stork; Black Drongo; Brahminy Kite; Common Babbler; Common Sandpiper; Eurasian Collared-Dove; Eurasian Curlew; Eurasian Whimbrel; European Roller; Gray Francolin; Gray Heron; Great Egret; Greater Flamingo; Gull-billed Tern; House Crow; Indian Nightjar; Indian Silverbill; Laughing Dove; Little Cormorant; Long-tailed Shrike; Red-vented Bulbul; Red-wattled Lapwing; River Tern; Rose-ringed Parakeet; Rosy Starling; Spotted Flycatcher; Western Reef-Heron; White-throated Kingfisher; Wire-tailed Swallow","n_species":30,"focal_species_seen":"European Roller; Spotted Flycatcher","focal_species_slugs":"european-roller;spotted-flycatcher","has_focal":true,"GRID_CODE":"GJ-KU-ABD-010","DISTRICT":"Kachchh","BLOCK":"Abdasa"},"geometry":{"type":"Point","coordinates":[68.6018807,23.3874938]}},{"type":"Feature","properties":{"GROUP.ID":"G18460640","LOCALITY":"Rapar, Gujarat, IN (23.494, 70.632)","LATITUDE":23.4941329,"LONGITUDE":70.632273,"OBSERVATION.DATE":"2026-09-26","OBSERVER.ID":"obsr6246480","DURATION.MINUTES":72.0,"SAMPLING.EVENT.IDENTIFIER":"S396452273","species_list":"Eurasian Nightjar; Red-wattled Lapwing","n_species":2,"focal_species_seen":"","focal_species_slugs":"","has_focal":false,"GRID_CODE":"GJ-KU-RAP-074","DISTRICT":"Kachchh","BLOCK":"Rapar"},"geometry":{"type":"Point","coordinates":[70.632273,23.4941329]}},{"type":"Feature","properties":{"GROUP.ID":"G18461111","LOCALITY":"Baiyava, Gujarat, IN","LATITUDE":23.7516412,"LONGITUDE":68.7368024,"OBSERVATION.DATE":"2026-09-26","OBSERVER.ID":"obsr665310","DURATION.MINUTES":45.0,"SAMPLING.EVENT.IDENTIFIER":"S396459146","species_list":"Bank Myna; Baya Weaver; Black-winged Stilt; Black Drongo; Brahminy Starling; Common Hoopoe; Common Myna; Common Sandpiper; Desert Wheatear; Eastern Orphean Warbler; Eastern Red-rumped Swallow; Eurasian Collared-Dove; European Roller; Green Sandpiper; Indian Peafowl; Indian Spot-billed Duck; Laughing Dove; Lesser Whistling-Duck; Long-tailed Shrike; Red-vented Bulbul; Red-wattled Lapwing; Streak-throated Swallow; White-eared Bulbul","n_species":23,"focal_species_seen":"European Roller","focal_species_slugs":"european-roller","has_focal":true,"GRID_CODE":"GJ-KU-LAK-011","DISTRICT":"Kachchh","BLOCK":"Lakhpat"},"geometry":{"type":"Point","coordinates":[68.7368024,23.7516412]}},{"type":"Feature","properties":{"GROUP.ID":"G18461116","LOCALITY":"Koteshwer Highway, Kachchh, Gujarat,","LATITUDE":23.6851098,"LONGITUDE":68.5910878,"OBSERVATION.DATE":"2026-09-26","OBSERVER.ID":"obsr665310","DURATION.MINUTES":20.0,"SAMPLING.EVENT.IDENTIFIER":"S396459957","species_list":"Eurasian Collared-Dove; European Roller; Gray Francolin; Red Collared-Dove; Rosy Starling","n_species":5,"focal_species_seen":"European Roller","focal_species_slugs":"european-roller","has_focal":true,"GRID_CODE":"GJ-KU-LAK-018","DISTRICT":"Kachchh","BLOCK":"Lakhpat"},"geometry":{"type":"Point","coordinates":[68.5910878,23.6851098]}},{"type":"Feature","properties":{"GROUP.ID":"S396471130","LOCALITY":"Lakhpat - Siyot Road, Atdo, Gujarat, IN (23.742, 68.898)","LATITUDE":23.7419165,"LONGITUDE":68.8982207,"OBSERVATION.DATE":"2026-09-26","OBSERVER.ID":"obsr1173605","DURATION.MINUTES":null,"SAMPLING.EVENT.IDENTIFIER":"S396471130","species_list":"Great Gray Shrike","n_species":1,"focal_species_seen":"","focal_species_slugs":"","has_focal":false,"GRID_CODE":"GJ-KU-LAK-014","DISTRICT":"Kachchh","BLOCK":"Lakhpat"},"geometry":{"type":"Point","coordinates":[68.8982207,23.7419165]}},{"type":"Feature","properties":{"GROUP.ID":"G18461284","LOCALITY":"T5G4","LATITUDE":23.058485,"LONGITUDE":69.777977,"OBSERVATION.DATE":"2026-09-26","OBSERVER.ID":"obsr3568724","DURATION.MINUTES":58.0,"SAMPLING.EVENT.IDENTIFIER":"S396487026","species_list":"Black Drongo; Common Babbler; House Sparrow; Indian Silverbill; Laughing Dove; Little Swift; Plain Prinia; Red-backed Shrike; Red-vented Bulbul; Red-wattled Lapwing; Shikra; Variable Wheatear; White-eared Bulbul; White-throated Kingfisher","n_species":14,"focal_species_seen":"Red-backed Shrike","focal_species_slugs":"red-backed-shrike","has_focal":true,"GRID_CODE":"GJ-KU-MUN-002","DISTRICT":"Kachchh","BLOCK":"Mundra"},"geometry":{"type":"Point","coordinates":[69.777977,23.058485]}},{"type":"Feature","properties":{"GROUP.ID":"G18461286","LOCALITY":"Anjar, Kachchh IN-Gujarat 23.07238, 69.82483","LATITUDE":23.072384,"LONGITUDE":69.824832,"OBSERVATION.DATE":"2026-09-26","OBSERVER.ID":"obsr3568724","DURATION.MINUTES":20.0,"SAMPLING.EVENT.IDENTIFIER":"S396488991","species_list":"Asian Green Bee-eater; Black-winged Kite; Common Woodshrike; Glossy Ibis; Gray Francolin; Indian Peafowl; Medium Egret; Red-backed Shrike; Red-vented Bulbul; Red Collared-Dove; Rosy Starling; Shikra; White-eared Bulbul; White-throated Kingfisher","n_species":14,"focal_species_seen":"Red-backed Shrike","focal_species_slugs":"red-backed-shrike","has_focal":true,"GRID_CODE":"GJ-KU-ANJ-027","DISTRICT":"Kachchh","BLOCK":"Anjar"},"geometry":{"type":"Point","coordinates":[69.824832,23.072384]}},{"type":"Feature","properties":{"GROUP.ID":"G18461285","LOCALITY":"Mundra, Kachchh IN-Gujarat 23.02016, 69.79481","LATITUDE":23.02016,"LONGITUDE":69.794813,"OBSERVATION.DATE":"2026-09-26","OBSERVER.ID":"obsr3568724","DURATION.MINUTES":13.0,"SAMPLING.EVENT.IDENTIFIER":"S396489421","species_list":"Indian Nightjar; Red-vented Bulbul; Red-wattled Lapwing","n_species":3,"focal_species_seen":"","focal_species_slugs":"","has_focal":false,"GRID_CODE":"GJ-KU-MUN-002","DISTRICT":"Kachchh","BLOCK":"Mundra"},"geometry":{"type":"Point","coordinates":[69.794813,23.02016]}},{"type":"Feature","properties":{"GROUP.ID":"G18461696","LOCALITY":"T51_PMC26_Baraya, Gujarat, IN (22.916, 69.688)","LATITUDE":22.9156567,"LONGITUDE":69.68768,"OBSERVATION.DATE":"2026-09-26","OBSERVER.ID":"obsr8257166","DURATION.MINUTES":292.0,"SAMPLING.EVENT.IDENTIFIER":"S396497053","species_list":"Asian Koel; Bay-backed Shrike; Baya Weaver; Black-winged Stilt; Black Drongo; Brahminy Starling; Common Babbler; Common Hoopoe; Common Myna; Common Sandpiper; Common Tailorbird; Eastern Cattle-Egret; Eurasian Collared-Dove; European Roller; Glossy Ibis; Gray-necked Bunting; Gray Francolin; House Crow; House Sparrow; Indian Pond-Heron; Indian Robin; Indian Silverbill; Laughing Dove; Little Cormorant; Little Egret; Little Swift; Long-tailed Shrike; Oriental Honey-buzzard; Pied Bushchat; Pied Kingfisher; Plain Prinia; Purple Sunbird; Red-vented Bulbul; Red-wattled Lapwing; Rosy Starling; Rufous-fronted Prinia; Shikra; Siberian Stonechat; Spotted Flycatcher; Western Marsh Harrier; White-breasted Waterhen; White-eared Bulbul; White-throated Kingfisher; White Wagtail; Wire-tailed Swallow","n_species":45,"focal_species_seen":"European Roller; Spotted Flycatcher","focal_species_slugs":"european-roller;spotted-flycatcher","has_focal":true,"GRID_CODE":"GJ-KU-MUN-011","DISTRICT":"Kachchh","BLOCK":"Mundra"},"geometry":{"type":"Point","coordinates":[69.68768,22.9156567]}},{"type":"Feature","properties":{"GROUP.ID":"S396509424","LOCALITY":"Tapkeshwari Temple","LATITUDE":23.1811778,"LONGITUDE":69.6670774,"OBSERVATION.DATE":"2026-09-26","OBSERVER.ID":"obsr623508","DURATION.MINUTES":null,"SAMPLING.EVENT.IDENTIFIER":"S396509424","species_list":"Ashy-crowned Sparrow-Lark; Asian Green Bee-eater; Asian Koel; Baya Weaver; Blyth's Reed Warbler; Brahminy Starling; Brown Rock Chat; Common Babbler; Common Myna; Dusky Crag-Martin; Eastern Red-rumped Swallow; European Roller; Gray-breasted Prinia; Gray Wagtail; Green Sandpiper; House Crow; House Sparrow; Indian Pond-Heron; Indian Robin; Indian Silverbill; Jungle Prinia; Laughing Dove; Little Egret; Little Swift; Paddyfield Pipit; Pied Cuckoo; Pied Kingfisher; Purple Heron; Purple Sunbird; Red-naped Ibis; Red-vented Bulbul; Red-wattled Lapwing; Red Collared-Dove; River Tern; Rose-ringed Parakeet; Rosy Starling; Rufous-fronted Prinia; Small Minivet; Variable Wheatear; Western Yellow Wagtail; Whiskered Tern; White-browed Wagtail; White-eared Bulbul; Wire-tailed Swallow; Yellow-wattled Lapwing; Zitting Cisticola","n_species":46,"focal_species_seen":"European Roller","focal_species_slugs":"european-roller","has_focal":true,"GRID_CODE":"GJ-KU-BHU-147","DISTRICT":"Kachchh","BLOCK":"Bhuj"},"geometry":{"type":"Point","coordinates":[69.6670774,23.1811778]}},{"type":"Feature","properties":{"GROUP.ID":"G18461699","LOCALITY":"T51_PMC26_Shiracha, Gujarat, IN (22.839, 69.569)","LATITUDE":22.8391658,"LONGITUDE":69.5685986,"OBSERVATION.DATE":"2026-09-26","OBSERVER.ID":"obsr8257166","DURATION.MINUTES":77.0,"SAMPLING.EVENT.IDENTIFIER":"S396509990","species_list":"Asian Green Bee-eater; Asian Koel; Bay-backed Shrike; Baya Weaver; Black-winged Stilt; Black Drongo; Common Babbler; Common Myna; Common Sandpiper; Common Tailorbird; Eastern Cattle-Egret; Eurasian Collared-Dove; European Roller; Glossy Ibis; Gray Francolin; House Crow; House Sparrow; Indian Pond-Heron; Indian Robin; Indian Silverbill; Laughing Dove; Little Cormorant; Little Swift; Long-tailed Shrike; Plain Prinia; Purple Sunbird; Red-backed Shrike; Red-vented Bulbul; Red-wattled Lapwing; River Tern; Rosy Starling; Shikra; Spotted Flycatcher; White-throated Kingfisher","n_species":34,"focal_species_seen":"European Roller; Red-backed Shrike; Spotted Flycatcher","focal_species_slugs":"european-roller;red-backed-shrike;spotted-flycatcher","has_focal":true,"GRID_CODE":"GJ-KU-MUN-026","DISTRICT":"Kachchh","BLOCK":"Mundra"},"geometry":{"type":"Point","coordinates":[69.5685986,22.8391658]}},{"type":"Feature","properties":{"GROUP.ID":"G18461684","LOCALITY":"Nara Dam","LATITUDE":23.6445045,"LONGITUDE":69.1198611,"OBSERVATION.DATE":"2026-09-26","OBSERVER.ID":"obsr6352680","DURATION.MINUTES":null,"SAMPLING.EVENT.IDENTIFIER":"S396510825","species_list":"Baya Weaver; Black-headed Ibis; Dusky Crag-Martin; Greater Flamingo; Indian Silverbill; Little Cormorant; River Tern; Streaked Weaver","n_species":8,"focal_species_seen":"","focal_species_slugs":"","has_focal":false,"GRID_CODE":"GJ-KU-LAK-043","DISTRICT":"Kachchh","BLOCK":"Lakhpat"},"geometry":{"type":"Point","coordinates":[69.1198611,23.6445045]}},{"type":"Feature","properties":{"GROUP.ID":"G18461701","LOCALITY":"Unnamed Road, Kachchh, Gujarat, IN (23.624, 69.129)","LATITUDE":23.624169,"LONGITUDE":69.1290061,"OBSERVATION.DATE":"2026-09-26","OBSERVER.ID":"obsr6352680","DURATION.MINUTES":null,"SAMPLING.EVENT.IDENTIFIER":"S396511234","species_list":"Black Drongo; Gray-necked Bunting; Little Cormorant; Pied Cuckoo; Rufous-tailed Lark; White-eared Bulbul","n_species":6,"focal_species_seen":"","focal_species_slugs":"","has_focal":false,"GRID_CODE":"GJ-KU-LAK-043","DISTRICT":"Kachchh","BLOCK":"Lakhpat"},"geometry":{"type":"Point","coordinates":[69.1290061,23.624169]}},{"type":"Feature","properties":{"GROUP.ID":"G18461735","LOCALITY":"T41 G4","LATITUDE":23.5966811,"LONGITUDE":69.1208509,"OBSERVATION.DATE":"2026-09-26","OBSERVER.ID":"obsr6352680","DURATION.MINUTES":54.0,"SAMPLING.EVENT.IDENTIFIER":"S396512537","species_list":"Common Babbler; Common Hoopoe; Common Kingfisher; Dusky Crag-Martin; Eurasian Collared-Dove; Gray Francolin; Green Sandpiper; House Sparrow; Indian Silverbill; Laughing Dove; Lesser Whitethroat; Little Egret; Little Ringed Plover; Little Tern; Purple Sunbird; Red-vented Bulbul; Red-wattled Lapwing; River Tern; Variable Wheatear; White-eared Bulbul; Wire-tailed Swallow; Yellow-throated Sparrow","n_species":22,"focal_species_seen":"","focal_species_slugs":"","has_focal":false,"GRID_CODE":"GJ-KU-NAK-005","DISTRICT":"Kachchh","BLOCK":"Nakhatrana"},"geometry":{"type":"Point","coordinates":[69.1208509,23.5966811]}},{"type":"Feature","properties":{"GROUP.ID":"G18461741","LOCALITY":"Unnamed Road, Gajansar, Gujarat, IN (23.599, 69.116)","LATITUDE":23.5994262,"LONGITUDE":69.1163808,"OBSERVATION.DATE":"2026-09-26","OBSERVER.ID":"obsr6352680","DURATION.MINUTES":null,"SAMPLING.EVENT.IDENTIFIER":"S396512831","species_list":"Black Drongo; Common Babbler; Common Hoopoe; European Roller; Terek Sandpiper","n_species":5,"focal_species_seen":"European Roller","focal_species_slugs":"european-roller","has_focal":true,"GRID_CODE":"GJ-KU-NAK-005","DISTRICT":"Kachchh","BLOCK":"Nakhatrana"},"geometry":{"type":"Point","coordinates":[69.1163808,23.5994262]}},{"type":"Feature","properties":{"GROUP.ID":"G18461749","LOCALITY":"Nara, Gujarat, IN (23.652, 69.12)","LATITUDE":23.651998,"LONGITUDE":69.1195135,"OBSERVATION.DATE":"2026-09-26","OBSERVER.ID":"obsr6352680","DURATION.MINUTES":null,"SAMPLING.EVENT.IDENTIFIER":"S396513065","species_list":"Asian Green Bee-eater; Bay-backed Shrike; Eurasian Collared-Dove; European Roller; Red-vented Bulbul","n_species":5,"focal_species_seen":"European Roller","focal_species_slugs":"european-roller","has_focal":true,"GRID_CODE":"GJ-KU-LAK-043","DISTRICT":"Kachchh","BLOCK":"Lakhpat"},"geometry":{"type":"Point","coordinates":[69.1195135,23.651998]}},{"type":"Feature","properties":{"GROUP.ID":"G18461755","LOCALITY":"Nara Dam","LATITUDE":23.6445045,"LONGITUDE":69.1198611,"OBSERVATION.DATE":"2026-09-26","OBSERVER.ID":"obsr6352680","DURATION.MINUTES":null,"SAMPLING.EVENT.IDENTIFIER":"S396513266","species_list":"Black Drongo; Eastern Cattle-Egret; Eurasian Collared-Dove; European Roller; Indian Robin; Indian Roller; Laughing Dove; Little Egret; Red-vented Bulbul; Red-wattled Lapwing","n_species":10,"focal_species_seen":"European Roller","focal_species_slugs":"european-roller","has_focal":true,"GRID_CODE":"GJ-KU-LAK-043","DISTRICT":"Kachchh","BLOCK":"Lakhpat"},"geometry":{"type":"Point","coordinates":[69.1198611,23.6445045]}},{"type":"Feature","properties":{"GROUP.ID":"G18461761","LOCALITY":"Nara Road, Kachchh, Gujarat, IN (23.632, 69.067)","LATITUDE":23.6316951,"LONGITUDE":69.0671343,"OBSERVATION.DATE":"2026-09-26","OBSERVER.ID":"obsr6352680","DURATION.MINUTES":null,"SAMPLING.EVENT.IDENTIFIER":"S396513769","species_list":"Eurasian Spoonbill; European Roller; Indian Bushlark; Little Egret; Little Ringed Plover; Purple Sunbird; Whiskered Tern","n_species":7,"focal_species_seen":"European Roller","focal_species_slugs":"european-roller","has_focal":true,"GRID_CODE":"GJ-KU-LAK-042","DISTRICT":"Kachchh","BLOCK":"Lakhpat"},"geometry":{"type":"Point","coordinates":[69.0671343,23.6316951]}},{"type":"Feature","properties":{"GROUP.ID":"G18461863","LOCALITY":"Matana Madh Road","LATITUDE":23.5475855,"LONGITUDE":68.9470666,"OBSERVATION.DATE":"2026-09-26","OBSERVER.ID":"obsr3471251","DURATION.MINUTES":1.0,"SAMPLING.EVENT.IDENTIFIER":"S396514261","species_list":"Spotted Owlet","n_species":1,"focal_species_seen":"","focal_species_slugs":"","has_focal":false,"GRID_CODE":"GJ-KU-LAK-063","DISTRICT":"Kachchh","BLOCK":"Lakhpat"},"geometry":{"type":"Point","coordinates":[68.9470666,23.5475855]}},{"type":"Feature","properties":{"GROUP.ID":"S396514544","LOCALITY":"T25 G1","LATITUDE":23.2803102,"LONGITUDE":70.3260912,"OBSERVATION.DATE":"2026-09-26","OBSERVER.ID":"obsr2283188","DURATION.MINUTES":1.0,"SAMPLING.EVENT.IDENTIFIER":"S396514544","species_list":"European Roller","n_species":1,"focal_species_seen":"European Roller","focal_species_slugs":"european-roller","has_focal":true,"GRID_CODE":"GJ-KU-BHA-053","DISTRICT":"Kachchh","BLOCK":"Bhachau"},"geometry":{"type":"Point","coordinates":[70.3260912,23.2803102]}},{"type":"Feature","properties":{"GROUP.ID":"G18461866","LOCALITY":"Sambhada, Gujarat, IN (23.482, 68.85)","LATITUDE":23.4822637,"LONGITUDE":68.849883,"OBSERVATION.DATE":"2026-09-26","OBSERVER.ID":"obsr3471251","DURATION.MINUTES":34.0,"SAMPLING.EVENT.IDENTIFIER":"S396514789","species_list":"Bay-backed Shrike; Black-winged Stilt; Black Drongo; Brahminy Starling; Common Pochard; Common Tailorbird; Eurasian Collared-Dove; European Roller; Gray Francolin; Indian Robin; Indian Spot-billed Duck; Laughing Dove; Little Grebe; Northern Shoveler; Red-wattled Lapwing; White-eared Bulbul; Yellow-wattled Lapwing","n_species":17,"focal_species_seen":"European Roller","focal_species_slugs":"european-roller","has_focal":true,"GRID_CODE":"GJ-KU-LAK-069","DISTRICT":"Kachchh","BLOCK":"Lakhpat"},"geometry":{"type":"Point","coordinates":[68.849883,23.4822637]}},{"type":"Feature","properties":{"GROUP.ID":"G18461783","LOCALITY":"T41 G2","LATITUDE":23.6345314,"LONGITUDE":69.0634564,"OBSERVATION.DATE":"2026-09-26","OBSERVER.ID":"obsr6352680","DURATION.MINUTES":61.0,"SAMPLING.EVENT.IDENTIFIER":"S396514800","species_list":"Ashy-crowned Sparrow-Lark; Asian Green Bee-eater; Baya Weaver; Black Drongo; Common Babbler; Common Tailorbird; Dusky Crag-Martin; Eurasian Collared-Dove; Eurasian Spoonbill; European Roller; Gray Francolin; Gray Heron; Indian Pond-Heron; Indian Robin; Laughing Dove; Little Cormorant; Little Egret; Little Swift; Purple Sunbird; Red-vented Bulbul; Red-wattled Lapwing; Rufous-fronted Prinia; Variable Wheatear; White-browed Wagtail; White-eared Bulbul; White-throated Kingfisher","n_species":26,"focal_species_seen":"European Roller","focal_species_slugs":"european-roller","has_focal":true,"GRID_CODE":"GJ-KU-LAK-042","DISTRICT":"Kachchh","BLOCK":"Lakhpat"},"geometry":{"type":"Point","coordinates":[69.0634564,23.6345314]}},{"type":"Feature","properties":{"GROUP.ID":"G18461786","LOCALITY":"Dayapar - Junachay Road, Kachchh, Gujarat, IN (23.63, 68.925)","LATITUDE":23.629769,"LONGITUDE":68.924895,"OBSERVATION.DATE":"2026-09-26","OBSERVER.ID":"obsr6352680","DURATION.MINUTES":null,"SAMPLING.EVENT.IDENTIFIER":"S396515164","species_list":"Black Drongo; Eastern Cattle-Egret; Eurasian Collared-Dove; European Roller; Gray Francolin; House Crow; Indian Roller; Laughing Dove; Little Egret; Red-vented Bulbul; River Tern; White-eared Bulbul; White-throated Kingfisher","n_species":13,"focal_species_seen":"European Roller","focal_species_slugs":"european-roller","has_focal":true,"GRID_CODE":"GJ-KU-LAK-039","DISTRICT":"Kachchh","BLOCK":"Lakhpat"},"geometry":{"type":"Point","coordinates":[68.924895,23.629769]}},{"type":"Feature","properties":{"GROUP.ID":"G18470173","LOCALITY":"T10G6","LATITUDE":23.0113316,"LONGITUDE":70.0244659,"OBSERVATION.DATE":"2026-09-26","OBSERVER.ID":"obsr2822364","DURATION.MINUTES":58.0,"SAMPLING.EVENT.IDENTIFIER":"S396515422","species_list":"Ashy-crowned Sparrow-Lark; Asian Green Bee-eater; Barn Swallow; Baya Weaver; Black-winged Stilt; Blue-cheeked Bee-eater; Common Babbler; Common Hoopoe; Common Kingfisher; Common Sandpiper; Dusky Crag-Martin; Eastern Red-rumped Swallow; Eurasian Collared-Dove; Eurasian Coot; Eurasian Moorhen; Eurasian Spoonbill; Gray-breasted Prinia; Gray Francolin; Green-winged Teal; Green Sandpiper; Indian Cormorant; Indian Pond-Heron; Indian Robin; Indian Spot-billed Duck; Isabelline Shrike; Laughing Dove; Lesser Whitethroat; Little Cormorant; Little Grebe; Little Ringed Plover; Little Stint; Long-tailed Shrike; Marsh Sandpiper; Pied Kingfisher; Plain Prinia; Purple Sunbird; Red-vented Bulbul; River Tern; Rosy Starling; Rufous-tailed Scrub-Robin; Whiskered Tern; White-eared Bulbul; White-throated Kingfisher; Wood Sandpiper; Yellow-wattled Lapwing; Zitting Cisticola","n_species":46,"focal_species_seen":"Blue-cheeked Bee-eater; Rufous-tailed Scrub-Robin","focal_species_slugs":"blue-cheeked-bee-eater;rufous-tailed-scrub-robin","has_focal":true,"GRID_CODE":"GJ-KU-GAN-004","DISTRICT":"Kachchh","BLOCK":"Gandhidham"},"geometry":{"type":"Point","coordinates":[70.0244659,23.0113316]}},{"type":"Feature","properties":{"GROUP.ID":"G18470169","LOCALITY":"T10G5","LATITUDE":23.1342985,"LONGITUDE":69.9050468,"OBSERVATION.DATE":"2026-09-26","OBSERVER.ID":"obsr2822364","DURATION.MINUTES":61.0,"SAMPLING.EVENT.IDENTIFIER":"S396515787","species_list":"Asian Green Bee-eater; Black Drongo; Blue-cheeked Bee-eater; Common Babbler; Common Woodshrike; Eastern Cattle-Egret; Eurasian Collared-Dove; European Roller; Gray Francolin; Gray Heron; House Crow; Indian Bushlark; Indian Pond-Heron; Indian Robin; Laughing Dove; Lesser Whistling-Duck; Lesser Whitethroat; Medium Egret; Painted Stork; Plain Prinia; Purple Sunbird; Red-vented Bulbul; Red-wattled Lapwing; Rosy Starling; Spotted Flycatcher; Western Marsh Harrier; Western Yellow Wagtail; White-eared Bulbul; White-tailed Iora; White-throated Kingfisher; Wire-tailed Swallow; Yellow-eyed Babbler","n_species":32,"focal_species_seen":"Blue-cheeked Bee-eater; European Roller; Spotted Flycatcher","focal_species_slugs":"blue-cheeked-bee-eater;european-roller;spotted-flycatcher","has_focal":true,"GRID_CODE":"GJ-KU-ANJ-021","DISTRICT":"Kachchh","BLOCK":"Anjar"},"geometry":{"type":"Point","coordinates":[69.9050468,23.1342985]}},{"type":"Feature","properties":{"GROUP.ID":"G18461864","LOCALITY":"Unnamed Road, Kachchh, Gujarat, IN (23.523, 68.948)","LATITUDE":23.5228127,"LONGITUDE":68.9475043,"OBSERVATION.DATE":"2026-09-26","OBSERVER.ID":"obsr3471251","DURATION.MINUTES":49.0,"SAMPLING.EVENT.IDENTIFIER":"S396518200","species_list":"Asian Green Bee-eater; Barn Swallow; Baya Weaver; Black-winged Stilt; Black Drongo; Common Babbler; Common Hoopoe; Eastern Cattle-Egret; Eurasian Collared-Dove; European Roller; Gray Francolin; House Sparrow; Indian Peafowl; Indian Robin; Indian Spot-billed Duck; Laughing Dove; Paddyfield Pipit; Red-vented Bulbul; Red-wattled Lapwing; Rosy Starling; White-eared Bulbul; Wood Sandpiper; Yellow-throated Sparrow","n_species":23,"focal_species_seen":"European Roller","focal_species_slugs":"european-roller","has_focal":true,"GRID_CODE":"GJ-KU-LAK-063","DISTRICT":"Kachchh","BLOCK":"Lakhpat"},"geometry":{"type":"Point","coordinates":[68.9475043,23.5228127]}},{"type":"Feature","properties":{"GROUP.ID":"G18462084","LOCALITY":"Kadiyo Dhro To Vandhay Road, Gujarat, IN (23.376, 69.503)","LATITUDE":23.3761849,"LONGITUDE":69.5025184,"OBSERVATION.DATE":"2026-09-26","OBSERVER.ID":"obsr604291","DURATION.MINUTES":58.0,"SAMPLING.EVENT.IDENTIFIER":"S396519894","species_list":"Savanna Nightjar","n_species":1,"focal_species_seen":"","focal_species_slugs":"","has_focal":false,"GRID_CODE":"GJ-KU-NAK-049","DISTRICT":"Kachchh","BLOCK":"Nakhatrana"},"geometry":{"type":"Point","coordinates":[69.5025184,23.3761849]}},{"type":"Feature","properties":{"GROUP.ID":"G18470140","LOCALITY":"Unnamed Road, Kachchh, Gujarat, IN (23.448, 68.819)","LATITUDE":23.447909,"LONGITUDE":68.8192759,"OBSERVATION.DATE":"2026-09-26","OBSERVER.ID":"obsr3471251","DURATION.MINUTES":96.0,"SAMPLING.EVENT.IDENTIFIER":"S396520641","species_list":"Ashy-crowned Sparrow-Lark; Asian Green Bee-eater; Baya Weaver; Black Drongo; Common Babbler; Eurasian Collared-Dove; European Roller; Gray Francolin; House Sparrow; Indian Bushlark; Indian Robin; Laughing Dove; Red-vented Bulbul; Red-wattled Lapwing; Rosy Starling; Variable Wheatear; White-browed Bushchat; Yellow-crowned Woodpecker","n_species":18,"focal_species_seen":"European Roller","focal_species_slugs":"european-roller","has_focal":true,"GRID_CODE":"GJ-KU-ABD-008","DISTRICT":"Kachchh","BLOCK":"Abdasa"},"geometry":{"type":"Point","coordinates":[68.8192759,23.447909]}},{"type":"Feature","properties":{"GROUP.ID":"G18462083","LOCALITY":"Natharkui, Gujarat, IN (23.317, 69.464)","LATITUDE":23.3169333,"LONGITUDE":69.4644233,"OBSERVATION.DATE":"2026-09-26","OBSERVER.ID":"obsr604291","DURATION.MINUTES":13.0,"SAMPLING.EVENT.IDENTIFIER":"S396526893","species_list":"Brown Rock Chat; Eastern Cattle-Egret; House Sparrow; Laughing Dove; White-eared Bulbul; Yellow-throated Sparrow","n_species":6,"focal_species_seen":"","focal_species_slugs":"","has_focal":false,"GRID_CODE":"GJ-KU-BHU-107","DISTRICT":"Kachchh","BLOCK":"Bhuj"},"geometry":{"type":"Point","coordinates":[69.4644233,23.3169333]}},{"type":"Feature","properties":{"GROUP.ID":"G18470338","LOCALITY":"Unnamed Road, Anandsar, Gujarat, IN (23.234, 69.435)","LATITUDE":23.2335583,"LONGITUDE":69.43485,"OBSERVATION.DATE":"2026-09-26","OBSERVER.ID":"obsr604291","DURATION.MINUTES":21.0,"SAMPLING.EVENT.IDENTIFIER":"S396527906","species_list":"Bank Myna; Black-winged Kite; Black Drongo; Booted Eagle; Brahminy Starling; European Roller; House Sparrow; Laughing Dove; Red-vented Bulbul; White-eared Bulbul","n_species":10,"focal_species_seen":"European Roller","focal_species_slugs":"european-roller","has_focal":true,"GRID_CODE":"GJ-KU-BHU-130","DISTRICT":"Kachchh","BLOCK":"Bhuj"},"geometry":{"type":"Point","coordinates":[69.43485,23.2335583]}},{"type":"Feature","properties":{"GROUP.ID":"G18468831","LOCALITY":"T50G4","LATITUDE":23.6201318,"LONGITUDE":68.5408684,"OBSERVATION.DATE":"2026-09-26","OBSERVER.ID":"obsr494050","DURATION.MINUTES":51.0,"SAMPLING.EVENT.IDENTIFIER":"S396528056","species_list":"Ashy-crowned Sparrow-Lark; Asian Green Bee-eater; Bay-backed Shrike; Black-winged Kite; Black Drongo; Common Babbler; Common Hoopoe; Eastern Red-rumped Swallow; Eurasian Collared-Dove; European Roller; Gray Francolin; Great Egret; Green Sandpiper; House Sparrow; Indian Bushlark; Indian Courser; Indian Peafowl; Indian Robin; Indian Silverbill; Isabelline Shrike; Laughing Dove; Purple Sunbird; Red-backed Shrike; Red-vented Bulbul; Rufous-fronted Prinia; Siberian Stonechat; White-tailed Iora; Yellow-eyed Babbler","n_species":28,"focal_species_seen":"European Roller; Red-backed Shrike","focal_species_slugs":"european-roller;red-backed-shrike","has_focal":true,"GRID_CODE":"GJ-KU-LAK-031","DISTRICT":"Kachchh","BLOCK":"Lakhpat"},"geometry":{"type":"Point","coordinates":[68.5408684,23.6201318]}},{"type":"Feature","properties":{"GROUP.ID":"G18468830","LOCALITY":"Naliya-Narayan Sarovar Road, Hamankhudi, Gujarat, IN (23.589, 68.583)","LATITUDE":23.5888251,"LONGITUDE":68.5826294,"OBSERVATION.DATE":"2026-09-26","OBSERVER.ID":"obsr494050","DURATION.MINUTES":70.0,"SAMPLING.EVENT.IDENTIFIER":"S396528336","species_list":"Indian Robin; Little Ringed Plover; Red-wattled Lapwing; Striolated Bunting","n_species":4,"focal_species_seen":"","focal_species_slugs":"","has_focal":false,"GRID_CODE":"GJ-KU-LAK-046","DISTRICT":"Kachchh","BLOCK":"Lakhpat"},"geometry":{"type":"Point","coordinates":[68.5826294,23.5888251]}},{"type":"Feature","properties":{"GROUP.ID":"G18470337","LOCALITY":"Vandhay Tank","LATITUDE":23.1916474,"LONGITUDE":69.4480053,"OBSERVATION.DATE":"2026-09-26","OBSERVER.ID":"obsr604291","DURATION.MINUTES":10.0,"SAMPLING.EVENT.IDENTIFIER":"S396529596","species_list":"Eurasian Moorhen; Gray-headed Swamphen; Indian Pond-Heron; Little Cormorant; Purple Heron; Rose-ringed Parakeet; Streaked Weaver","n_species":7,"focal_species_seen":"","focal_species_slugs":"","has_focal":false,"GRID_CODE":"GJ-KU-BHU-142","DISTRICT":"Kachchh","BLOCK":"Bhuj"},"geometry":{"type":"Point","coordinates":[69.4480053,23.1916474]}},{"type":"Feature","properties":{"GROUP.ID":"G18470336","LOCALITY":"T13-G3","LATITUDE":23.1923936,"LONGITUDE":69.3629541,"OBSERVATION.DATE":"2026-09-26","OBSERVER.ID":"obsr604291","DURATION.MINUTES":60.0,"SAMPLING.EVENT.IDENTIFIER":"S396530138","species_list":"Asian Green Bee-eater; Bay-backed Shrike; Baya Weaver; Black-headed Ibis; Black Drongo; Common Babbler; Common Tailorbird; Common Woodshrike; Eastern Cattle-Egret; European Roller; Gray Francolin; Greater Coucal; House Crow; Indian Peafowl; Indian Robin; Indian Silverbill; Jungle Prinia; Laughing Dove; Lesser Whistling-Duck; Oriental Honey-buzzard; Pied Kingfisher; Purple Sunbird; Red-vented Bulbul; Red-wattled Lapwing; Rose-ringed Parakeet; Spotted Flycatcher; Western Yellow Wagtail; White-breasted Waterhen; White-eared Bulbul; White-tailed Iora; Wire-tailed Swallow","n_species":31,"focal_species_seen":"European Roller; Spotted Flycatcher","focal_species_slugs":"european-roller;spotted-flycatcher","has_focal":true,"GRID_CODE":"GJ-KU-BHU-141","DISTRICT":"Kachchh","BLOCK":"Bhuj"},"geometry":{"type":"Point","coordinates":[69.3629541,23.1923936]}},{"type":"Feature","properties":{"GROUP.ID":"G18468625","LOCALITY":"Nadapa Road, Nadapa, Gujarat, IN (23.327, 69.865)","LATITUDE":23.32717,"LONGITUDE":69.8654468,"OBSERVATION.DATE":"2026-09-26","OBSERVER.ID":"obsr6495382","DURATION.MINUTES":57.0,"SAMPLING.EVENT.IDENTIFIER":"S396533409","species_list":"Eurasian Nightjar; Indian Nightjar; Indian Robin; Painted Sandgrouse; Purple Sunbird; Red-vented Bulbul; Spotted Flycatcher; Spotted Owlet","n_species":8,"focal_species_seen":"Spotted Flycatcher","focal_species_slugs":"spotted-flycatcher","has_focal":true,"GRID_CODE":"GJ-KU-BHU-115","DISTRICT":"Kachchh","BLOCK":"Bhuj"},"geometry":{"type":"Point","coordinates":[69.8654468,23.32717]}},{"type":"Feature","properties":{"GROUP.ID":"G18462255","LOCALITY":"Chapredi","LATITUDE":23.326872,"LONGITUDE":69.86731,"OBSERVATION.DATE":"2026-09-26","OBSERVER.ID":"obsr1522701","DURATION.MINUTES":81.0,"SAMPLING.EVENT.IDENTIFIER":"S396534800","species_list":"Bay-backed Shrike; Brahminy Starling; Common Babbler; European Roller; Greater Coucal; Greater Whitethroat; Indian Robin; Lesser Whitethroat; Painted Sandgrouse; Purple Sunbird; Red-vented Bulbul; Small Minivet; Spotted Flycatcher; Spotted Owlet; White-eared Bulbul; White-throated Kingfisher","n_species":16,"focal_species_seen":"European Roller; Greater Whitethroat; Spotted Flycatcher","focal_species_slugs":"european-roller;greater-whitethroat;spotted-flycatcher","has_focal":true,"GRID_CODE":"GJ-KU-BHU-115","DISTRICT":"Kachchh","BLOCK":"Bhuj"},"geometry":{"type":"Point","coordinates":[69.86731,23.326872]}},{"type":"Feature","properties":{"GROUP.ID":"G18462808","LOCALITY":"Gujarat State Highway 45, Kachchh, Gujarat, IN (24.06, 69.461)","LATITUDE":24.0602896,"LONGITUDE":69.4613762,"OBSERVATION.DATE":"2026-09-26","OBSERVER.ID":"obsr701947","DURATION.MINUTES":null,"SAMPLING.EVENT.IDENTIFIER":"S396535255","species_list":"Greater Hoopoe-Lark","n_species":1,"focal_species_seen":"","focal_species_slugs":"","has_focal":false,"GRID_CODE":"GJ-KU-RAN-266","DISTRICT":"Kachchh","BLOCK":"Rann of Kachchh"},"geometry":{"type":"Point","coordinates":[69.4613762,24.0602896]}},{"type":"Feature","properties":{"GROUP.ID":"G18459424","LOCALITY":"Kot Lakhpat, Gujarat, IN (23.827, 68.778)","LATITUDE":23.8270943,"LONGITUDE":68.7779088,"OBSERVATION.DATE":"2026-09-26","OBSERVER.ID":"obsr1173605","DURATION.MINUTES":5.0,"SAMPLING.EVENT.IDENTIFIER":"S396535720","species_list":"Ashy-crowned Sparrow-Lark; Black Drongo; Crested Lark; Eastern Cattle-Egret; Eurasian Collared-Dove; Gray Francolin; Gull-billed Tern; Little Swift; Long-tailed Shrike; Red-wattled Lapwing","n_species":10,"focal_species_seen":"","focal_species_slugs":"","has_focal":false,"GRID_CODE":"GJ-KU-RAN-457","DISTRICT":"Kachchh","BLOCK":"Rann of Kachchh"},"geometry":{"type":"Point","coordinates":[68.7779088,23.8270943]}},{"type":"Feature","properties":{"GROUP.ID":"G18460454","LOCALITY":"Unnamed Road, Gaduli, Gujarat, IN (23.72, 68.901)","LATITUDE":23.7198452,"LONGITUDE":68.9007937,"OBSERVATION.DATE":"2026-09-26","OBSERVER.ID":"obsr1173605","DURATION.MINUTES":null,"SAMPLING.EVENT.IDENTIFIER":"S396535757","species_list":"Indian Nightjar","n_species":1,"focal_species_seen":"","focal_species_slugs":"","has_focal":false,"GRID_CODE":"GJ-KU-LAK-014","DISTRICT":"Kachchh","BLOCK":"Lakhpat"},"geometry":{"type":"Point","coordinates":[68.9007937,23.7198452]}},{"type":"Feature","properties":{"GROUP.ID":"S396546775","LOCALITY":"Bharudiya","LATITUDE":23.533027,"LONGITUDE":70.3701735,"OBSERVATION.DATE":"2026-09-26","OBSERVER.ID":"obsr1156596","DURATION.MINUTES":20.0,"SAMPLING.EVENT.IDENTIFIER":"S396546775","species_list":"Eurasian Nightjar; Red-wattled Lapwing","n_species":2,"focal_species_seen":"","focal_species_slugs":"","has_focal":false,"GRID_CODE":"GJ-KU-BHA-016","DISTRICT":"Kachchh","BLOCK":"Bhachau"},"geometry":{"type":"Point","coordinates":[70.3701735,23.533027]}},{"type":"Feature","properties":{"GROUP.ID":"G18463220","LOCALITY":"Chhari Dhandh Conservation Reserve","LATITUDE":23.5822381,"LONGITUDE":69.3151474,"OBSERVATION.DATE":"2026-09-27","OBSERVER.ID":"obsr680651","DURATION.MINUTES":5.0,"SAMPLING.EVENT.IDENTIFIER":"S396551897","species_list":"Eurasian Nightjar; Sykes's Nightjar","n_species":2,"focal_species_seen":"","focal_species_slugs":"","has_focal":false,"GRID_CODE":"GJ-KU-LIT-008","DISTRICT":"Kachchh","BLOCK":"Little Rann"},"geometry":{"type":"Point","coordinates":[69.3151474,23.5822381]}},{"type":"Feature","properties":{"GROUP.ID":"G18462826","LOCALITY":"Bhirandiyara Guest House","LATITUDE":23.671069,"LONGITUDE":69.72294,"OBSERVATION.DATE":"2026-09-26","OBSERVER.ID":"obsr1065391","DURATION.MINUTES":112.0,"SAMPLING.EVENT.IDENTIFIER":"S396557276","species_list":"Eurasian Nightjar; Red-wattled Lapwing","n_species":2,"focal_species_seen":"","focal_species_slugs":"","has_focal":false,"GRID_CODE":"GJ-KU-BHU-050","DISTRICT":"Kachchh","BLOCK":"Bhuj"},"geometry":{"type":"Point","coordinates":[69.72294,23.671069]}},{"type":"Feature","properties":{"GROUP.ID":"G18462866","LOCALITY":"Great Rann of Kachchh--Dhordo","LATITUDE":23.801798,"LONGITUDE":69.5041466,"OBSERVATION.DATE":"2026-09-26","OBSERVER.ID":"obsr1065391","DURATION.MINUTES":15.0,"SAMPLING.EVENT.IDENTIFIER":"S396558198","species_list":"Red-wattled Lapwing","n_species":1,"focal_species_seen":"","focal_species_slugs":"","has_focal":false,"GRID_CODE":"GJ-KU-BHU-018","DISTRICT":"Kachchh","BLOCK":"Bhuj"},"geometry":{"type":"Point","coordinates":[69.5041466,23.801798]}},{"type":"Feature","properties":{"GROUP.ID":"G18463665","LOCALITY":"Unnamed Road, Kachchh, Gujarat, IN (23.586, 68.872)","LATITUDE":23.5857461,"LONGITUDE":68.8715359,"OBSERVATION.DATE":"2026-09-27","OBSERVER.ID":"obsr1173605","DURATION.MINUTES":20.0,"SAMPLING.EVENT.IDENTIFIER":"S396581576","species_list":"Indian Nightjar","n_species":1,"focal_species_seen":"","focal_species_slugs":"","has_focal":false,"GRID_CODE":"GJ-KU-LAK-052","DISTRICT":"Kachchh","BLOCK":"Lakhpat"},"geometry":{"type":"Point","coordinates":[68.8715359,23.5857461]}},{"type":"Feature","properties":{"GROUP.ID":"G18463684","LOCALITY":"T45G3","LATITUDE":23.8011882,"LONGITUDE":68.8061456,"OBSERVATION.DATE":"2026-09-26","OBSERVER.ID":"obsr1173605","DURATION.MINUTES":64.0,"SAMPLING.EVENT.IDENTIFIER":"S396582231","species_list":"Asian Green Bee-eater; Black Drongo; Eurasian Kestrel; Gray Francolin; House Crow; Lesser Whistling-Duck; Long-billed Pipit; Paddyfield Pipit; Red-vented Bulbul; Red-wattled Lapwing; Spotted Flycatcher; Tawny Pipit; Variable Wheatear; Western Reef-Heron","n_species":14,"focal_species_seen":"Spotted Flycatcher","focal_species_slugs":"spotted-flycatcher","has_focal":true,"GRID_CODE":"GJ-KU-LAK-006","DISTRICT":"Kachchh","BLOCK":"Lakhpat"},"geometry":{"type":"Point","coordinates":[68.8061456,23.8011882]}},{"type":"Feature","properties":{"GROUP.ID":"G18463686","LOCALITY":"Lakhpat - Siyot Road, Guneri, Gujarat, IN (23.787, 68.856)","LATITUDE":23.7870728,"LONGITUDE":68.8556278,"OBSERVATION.DATE":"2026-09-26","OBSERVER.ID":"obsr1173605","DURATION.MINUTES":14.0,"SAMPLING.EVENT.IDENTIFIER":"S396582325","species_list":"Common Babbler; Eastern Cattle-Egret; Eurasian Collared-Dove; Eurasian Sparrowhawk; European Roller; Gray Francolin; Laughing Dove","n_species":7,"focal_species_seen":"European Roller","focal_species_slugs":"european-roller","has_focal":true,"GRID_CODE":"GJ-KU-LAK-006","DISTRICT":"Kachchh","BLOCK":"Lakhpat"},"geometry":{"type":"Point","coordinates":[68.8556278,23.7870728]}},{"type":"Feature","properties":{"GROUP.ID":"G18463691","LOCALITY":"T45G4","LATITUDE":23.7879929,"LONGITUDE":68.8678386,"OBSERVATION.DATE":"2026-09-26","OBSERVER.ID":"obsr1173605","DURATION.MINUTES":29.0,"SAMPLING.EVENT.IDENTIFIER":"S396582510","species_list":"Ashy-crowned Sparrow-Lark; Asian Green Bee-eater; Black Francolin; Eastern Cattle-Egret; Eastern Red-rumped Swallow; European Roller; Gray Francolin; Indian Cormorant; Indian Peafowl; Laughing Dove; Purple Sunbird","n_species":11,"focal_species_seen":"European Roller","focal_species_slugs":"european-roller","has_focal":true,"GRID_CODE":"GJ-KU-LAK-007","DISTRICT":"Kachchh","BLOCK":"Lakhpat"},"geometry":{"type":"Point","coordinates":[68.8678386,23.7879929]}},{"type":"Feature","properties":{"GROUP.ID":"G18465831","LOCALITY":"Kalo Dungar Road, Dhrobana, Gujarat, IN (23.92, 69.772)","LATITUDE":23.9200808,"LONGITUDE":69.7715425,"OBSERVATION.DATE":"2026-09-26","OBSERVER.ID":"obsr701947","DURATION.MINUTES":null,"SAMPLING.EVENT.IDENTIFIER":"S396620064","species_list":"Indian Nightjar","n_species":1,"focal_species_seen":"","focal_species_slugs":"","has_focal":false,"GRID_CODE":"GJ-KU-BHU-002","DISTRICT":"Kachchh","BLOCK":"Bhuj"},"geometry":{"type":"Point","coordinates":[69.7715425,23.9200808]}},{"type":"Feature","properties":{"GROUP.ID":"G18465830","LOCALITY":"Kalo Dungar Road, Dhrobana, Gujarat, IN (23.92, 69.772)","LATITUDE":23.9200808,"LONGITUDE":69.7715425,"OBSERVATION.DATE":"2026-09-26","OBSERVER.ID":"obsr701947","DURATION.MINUTES":null,"SAMPLING.EVENT.IDENTIFIER":"S396620231","species_list":"Indian Nightjar","n_species":1,"focal_species_seen":"","focal_species_slugs":"","has_focal":false,"GRID_CODE":"GJ-KU-BHU-002","DISTRICT":"Kachchh","BLOCK":"Bhuj"},"geometry":{"type":"Point","coordinates":[69.7715425,23.9200808]}},{"type":"Feature","properties":{"GROUP.ID":"G18465829","LOCALITY":"Vighakot Fort","LATITUDE":24.2291202,"LONGITUDE":69.1896629,"OBSERVATION.DATE":"2026-09-26","OBSERVER.ID":"obsr701947","DURATION.MINUTES":11.0,"SAMPLING.EVENT.IDENTIFIER":"S396621206","species_list":"Eurasian Spoonbill; Great Cormorant; Great White Pelican; Greater Flamingo; Little Stint; Little Tern; Ruff; Whiskered Tern","n_species":8,"focal_species_seen":"","focal_species_slugs":"","has_focal":false,"GRID_CODE":"GJ-KU-RAN-078","DISTRICT":"Kachchh","BLOCK":"Rann of Kachchh"},"geometry":{"type":"Point","coordinates":[69.1896629,24.2291202]}},{"type":"Feature","properties":{"GROUP.ID":"G18465828","LOCALITY":"Vighakot Fort","LATITUDE":24.2291202,"LONGITUDE":69.1896629,"OBSERVATION.DATE":"2026-09-26","OBSERVER.ID":"obsr701947","DURATION.MINUTES":null,"SAMPLING.EVENT.IDENTIFIER":"S396621395","species_list":"European Roller; Gray Francolin","n_species":2,"focal_species_seen":"European Roller","focal_species_slugs":"european-roller","has_focal":true,"GRID_CODE":"GJ-KU-RAN-078","DISTRICT":"Kachchh","BLOCK":"Rann of Kachchh"},"geometry":{"type":"Point","coordinates":[69.1896629,24.2291202]}},{"type":"Feature","properties":{"GROUP.ID":"G18465827","LOCALITY":"Shakoor lake","LATITUDE":24.2702054,"LONGITUDE":69.0952814,"OBSERVATION.DATE":"2026-09-26","OBSERVER.ID":"obsr701947","DURATION.MINUTES":null,"SAMPLING.EVENT.IDENTIFIER":"S396621732","species_list":"Black Kite; Common Babbler; Great White Pelican; Pied Avocet; White-throated Kingfisher","n_species":5,"focal_species_seen":"","focal_species_slugs":"","has_focal":false,"GRID_CODE":null,"DISTRICT":null,"BLOCK":null},"geometry":{"type":"Point","coordinates":[69.0952814,24.2702054]}},{"type":"Feature","properties":{"GROUP.ID":"G18465826","LOCALITY":"Shakoor lake","LATITUDE":24.2702054,"LONGITUDE":69.0952814,"OBSERVATION.DATE":"2026-09-26","OBSERVER.ID":"obsr701947","DURATION.MINUTES":9.0,"SAMPLING.EVENT.IDENTIFIER":"S396622159","species_list":"Black-winged Stilt; Eurasian Spoonbill; Gray Heron; Greater Flamingo; Little Cormorant; Northern Shoveler; Pied Kingfisher; Wood Sandpiper","n_species":8,"focal_species_seen":"","focal_species_slugs":"","has_focal":false,"GRID_CODE":null,"DISTRICT":null,"BLOCK":null},"geometry":{"type":"Point","coordinates":[69.0952814,24.2702054]}},{"type":"Feature","properties":{"GROUP.ID":"G18465825","LOCALITY":"Shakoor lake","LATITUDE":24.2702054,"LONGITUDE":69.0952814,"OBSERVATION.DATE":"2026-09-26","OBSERVER.ID":"obsr701947","DURATION.MINUTES":null,"SAMPLING.EVENT.IDENTIFIER":"S396622479","species_list":"Black-tailed Godwit; Black-winged Stilt; Common Greenshank; Eurasian Spoonbill; Gray Heron; Great White Pelican; Little Cormorant; Little Egret; Little Grebe; Little Tern; Northern Shoveler; Pied Avocet; Pied Kingfisher; River Tern; Whiskered Tern","n_species":15,"focal_species_seen":"","focal_species_slugs":"","has_focal":false,"GRID_CODE":null,"DISTRICT":null,"BLOCK":null},"geometry":{"type":"Point","coordinates":[69.0952814,24.2702054]}},{"type":"Feature","properties":{"GROUP.ID":"G18465824","LOCALITY":"T30G2","LATITUDE":24.0148269,"LONGITUDE":69.6890188,"OBSERVATION.DATE":"2026-09-26","OBSERVER.ID":"obsr701947","DURATION.MINUTES":56.0,"SAMPLING.EVENT.IDENTIFIER":"S396622882","species_list":"Ashy-crowned Sparrow-Lark; Asian Green Bee-eater; Barn Swallow; Bay-backed Shrike; Black Drongo; Common Babbler; Common Greenshank; Eurasian Curlew; European Roller; Gray Francolin; Gull-billed Tern; House Crow; Indian Silverbill; Kentish Plover; Lesser Whitethroat; Little Egret; Purple Sunbird; Siberian Stonechat; Whiskered Tern; White-eared Bulbul","n_species":20,"focal_species_seen":"European Roller","focal_species_slugs":"european-roller","has_focal":true,"GRID_CODE":"GJ-KU-RAN-270","DISTRICT":"Kachchh","BLOCK":"Rann of Kachchh"},"geometry":{"type":"Point","coordinates":[69.6890188,24.0148269]}},{"type":"Feature","properties":{"GROUP.ID":"G18465823","LOCALITY":"Vighakot Fort","LATITUDE":24.2291202,"LONGITUDE":69.1896629,"OBSERVATION.DATE":"2026-09-26","OBSERVER.ID":"obsr701947","DURATION.MINUTES":34.0,"SAMPLING.EVENT.IDENTIFIER":"S396623353","species_list":"Blue-cheeked Bee-eater; Crested Lark; European Roller; Green Sandpiper; House Crow; Paddyfield Pipit; Pied Kingfisher; Variable Wheatear; Western Marsh Harrier; Wire-tailed Swallow","n_species":10,"focal_species_seen":"Blue-cheeked Bee-eater; European Roller","focal_species_slugs":"blue-cheeked-bee-eater;european-roller","has_focal":true,"GRID_CODE":"GJ-KU-RAN-078","DISTRICT":"Kachchh","BLOCK":"Rann of Kachchh"},"geometry":{"type":"Point","coordinates":[69.1896629,24.2291202]}},{"type":"Feature","properties":{"GROUP.ID":"G18465822","LOCALITY":"Vighakot Fort","LATITUDE":24.2291202,"LONGITUDE":69.1896629,"OBSERVATION.DATE":"2026-09-26","OBSERVER.ID":"obsr701947","DURATION.MINUTES":null,"SAMPLING.EVENT.IDENTIFIER":"S396623460","species_list":"Blue-cheeked Bee-eater; European Roller; Montagu's Harrier","n_species":3,"focal_species_seen":"Blue-cheeked Bee-eater; European Roller","focal_species_slugs":"blue-cheeked-bee-eater;european-roller","has_focal":true,"GRID_CODE":"GJ-KU-RAN-078","DISTRICT":"Kachchh","BLOCK":"Rann of Kachchh"},"geometry":{"type":"Point","coordinates":[69.1896629,24.2291202]}},{"type":"Feature","properties":{"GROUP.ID":"S396623615","LOCALITY":"Gujarat State Highway 45, Kachchh, Gujarat, IN (24.165, 69.258)","LATITUDE":24.1645223,"LONGITUDE":69.2579843,"OBSERVATION.DATE":"2026-09-26","OBSERVER.ID":"obsr701947","DURATION.MINUTES":40.0,"SAMPLING.EVENT.IDENTIFIER":"S396623615","species_list":"Caspian Tern; Common Sandpiper; Gray Heron; Great Cormorant; Great Egret; Great White Pelican; Gull-billed Tern; Little Cormorant; Little Egret; Little Ringed Plover; Little Stint; Montagu's Harrier; Painted Stork; River Tern; Ruff; Spotted Redshank; Tawny Pipit; Western Reef-Heron; Whiskered Tern","n_species":19,"focal_species_seen":"","focal_species_slugs":"","has_focal":false,"GRID_CODE":"GJ-KU-RAN-116","DISTRICT":"Kachchh","BLOCK":"Rann of Kachchh"},"geometry":{"type":"Point","coordinates":[69.2579843,24.1645223]}},{"type":"Feature","properties":{"GROUP.ID":"G18465821","LOCALITY":"Gujarat State Highway 45, Kachchh, Gujarat, IN (24.139, 69.273)","LATITUDE":24.1391483,"LONGITUDE":69.2732937,"OBSERVATION.DATE":"2026-09-26","OBSERVER.ID":"obsr701947","DURATION.MINUTES":null,"SAMPLING.EVENT.IDENTIFIER":"S396623997","species_list":"Ashy-crowned Sparrow-Lark; Caspian Tern; Desert Wheatear; Great White Pelican; Gull-billed Tern","n_species":5,"focal_species_seen":"","focal_species_slugs":"","has_focal":false,"GRID_CODE":"GJ-KU-RAN-161","DISTRICT":"Kachchh","BLOCK":"Rann of Kachchh"},"geometry":{"type":"Point","coordinates":[69.2732937,24.1391483]}},{"type":"Feature","properties":{"GROUP.ID":"G18465820","LOCALITY":"Gujarat State Highway 45, Kachchh, Gujarat, IN (24.122, 69.288)","LATITUDE":24.1221227,"LONGITUDE":69.28813,"OBSERVATION.DATE":"2026-09-26","OBSERVER.ID":"obsr701947","DURATION.MINUTES":null,"SAMPLING.EVENT.IDENTIFIER":"S396624084","species_list":"Desert Wheatear; Great White Pelican; Greater Hoopoe-Lark; Painted Stork; White Stork","n_species":5,"focal_species_seen":"","focal_species_slugs":"","has_focal":false,"GRID_CODE":"GJ-KU-RAN-161","DISTRICT":"Kachchh","BLOCK":"Rann of Kachchh"},"geometry":{"type":"Point","coordinates":[69.28813,24.1221227]}},{"type":"Feature","properties":{"GROUP.ID":"G18465819","LOCALITY":"Gujarat State Highway 45, Kachchh, Gujarat, IN (24.063, 69.495)","LATITUDE":24.0626939,"LONGITUDE":69.4952773,"OBSERVATION.DATE":"2026-09-26","OBSERVER.ID":"obsr701947","DURATION.MINUTES":null,"SAMPLING.EVENT.IDENTIFIER":"S396624242","species_list":"Caspian Tern; Great White Pelican","n_species":2,"focal_species_seen":"","focal_species_slugs":"","has_focal":false,"GRID_CODE":"GJ-KU-RAN-215","DISTRICT":"Kachchh","BLOCK":"Rann of Kachchh"},"geometry":{"type":"Point","coordinates":[69.4952773,24.0626939]}},{"type":"Feature","properties":{"GROUP.ID":"G18465818","LOCALITY":"T30G1","LATITUDE":24.0504869,"LONGITUDE":69.5879255,"OBSERVATION.DATE":"2026-09-26","OBSERVER.ID":"obsr701947","DURATION.MINUTES":38.0,"SAMPLING.EVENT.IDENTIFIER":"S396625535","species_list":"Common Babbler; Common Redshank; Eurasian Collared-Dove; Eurasian Curlew; European Roller; Gray-necked Bunting; Kentish Plover; Little Ringed Plover; Purple Sunbird","n_species":9,"focal_species_seen":"European Roller","focal_species_slugs":"european-roller","has_focal":true,"GRID_CODE":"GJ-KU-RAN-268","DISTRICT":"Kachchh","BLOCK":"Rann of Kachchh"},"geometry":{"type":"Point","coordinates":[69.5879255,24.0504869]}},{"type":"Feature","properties":{"GROUP.ID":"G18465817","LOCALITY":"Gujarat State Highway 45, Kachchh, Gujarat, IN (24.035, 69.651)","LATITUDE":24.0345111,"LONGITUDE":69.6507252,"OBSERVATION.DATE":"2026-09-26","OBSERVER.ID":"obsr701947","DURATION.MINUTES":null,"SAMPLING.EVENT.IDENTIFIER":"S396625667","species_list":"Black-winged Stilt; Common Greenshank; Common Redshank; Gray Heron; Slender-billed Gull; Whiskered Tern","n_species":6,"focal_species_seen":"","focal_species_slugs":"","has_focal":false,"GRID_CODE":"GJ-KU-RAN-269","DISTRICT":"Kachchh","BLOCK":"Rann of Kachchh"},"geometry":{"type":"Point","coordinates":[69.6507252,24.0345111]}},{"type":"Feature","properties":{"GROUP.ID":"S396625737","LOCALITY":"Gujarat State Highway 45, Kachchh, Gujarat, IN (24.018, 69.68)","LATITUDE":24.0183896,"LONGITUDE":69.6802542,"OBSERVATION.DATE":"2026-09-26","OBSERVER.ID":"obsr701947","DURATION.MINUTES":null,"SAMPLING.EVENT.IDENTIFIER":"S396625737","species_list":"Greater Flamingo","n_species":1,"focal_species_seen":"","focal_species_slugs":"","has_focal":false,"GRID_CODE":"GJ-KU-RAN-270","DISTRICT":"Kachchh","BLOCK":"Rann of Kachchh"},"geometry":{"type":"Point","coordinates":[69.6802542,24.0183896]}},{"type":"Feature","properties":{"GROUP.ID":"G18465816","LOCALITY":"Unnamed Road, Kachchh, Gujarat, IN (24.018, 69.69)","LATITUDE":24.0182751,"LONGITUDE":69.6898876,"OBSERVATION.DATE":"2026-09-26","OBSERVER.ID":"obsr701947","DURATION.MINUTES":24.0,"SAMPLING.EVENT.IDENTIFIER":"S396625867","species_list":"Ashy-crowned Sparrow-Lark; Common Greenshank; Gull-billed Tern; Kentish Plover; Little Egret","n_species":5,"focal_species_seen":"","focal_species_slugs":"","has_focal":false,"GRID_CODE":"GJ-KU-RAN-270","DISTRICT":"Kachchh","BLOCK":"Rann of Kachchh"},"geometry":{"type":"Point","coordinates":[69.6898876,24.0182751]}},{"type":"Feature","properties":{"GROUP.ID":"G18465815","LOCALITY":"Dhrobana, Gujarat, IN (23.911, 69.729)","LATITUDE":23.911363,"LONGITUDE":69.7285507,"OBSERVATION.DATE":"2026-09-26","OBSERVER.ID":"obsr701947","DURATION.MINUTES":null,"SAMPLING.EVENT.IDENTIFIER":"S396625936","species_list":"European Roller","n_species":1,"focal_species_seen":"European Roller","focal_species_slugs":"european-roller","has_focal":true,"GRID_CODE":"GJ-KU-BHU-001","DISTRICT":"Kachchh","BLOCK":"Bhuj"},"geometry":{"type":"Point","coordinates":[69.7285507,23.911363]}},{"type":"Feature","properties":{"GROUP.ID":"S396626053","LOCALITY":"Dinara, Gujarat, IN (23.902, 69.731)","LATITUDE":23.9017936,"LONGITUDE":69.7312035,"OBSERVATION.DATE":"2026-09-26","OBSERVER.ID":"obsr701947","DURATION.MINUTES":9.0,"SAMPLING.EVENT.IDENTIFIER":"S396626053","species_list":"Bay-backed Shrike; Black Drongo; Eurasian Collared-Dove; European Roller; Gray Francolin; House Sparrow; Laughing Dove","n_species":7,"focal_species_seen":"European Roller","focal_species_slugs":"european-roller","has_focal":true,"GRID_CODE":"GJ-KU-BHU-005","DISTRICT":"Kachchh","BLOCK":"Bhuj"},"geometry":{"type":"Point","coordinates":[69.7312035,23.9017936]}},{"type":"Feature","properties":{"GROUP.ID":"G18465814","LOCALITY":"Khavda-Kado Dungar Road, Dinara, Gujarat, IN (23.864, 69.728)","LATITUDE":23.8638554,"LONGITUDE":69.7283947,"OBSERVATION.DATE":"2026-09-26","OBSERVER.ID":"obsr701947","DURATION.MINUTES":null,"SAMPLING.EVENT.IDENTIFIER":"S396626145","species_list":"European Roller","n_species":1,"focal_species_seen":"European Roller","focal_species_slugs":"european-roller","has_focal":true,"GRID_CODE":"GJ-KU-BHU-005","DISTRICT":"Kachchh","BLOCK":"Bhuj"},"geometry":{"type":"Point","coordinates":[69.7283947,23.8638554]}},{"type":"Feature","properties":{"GROUP.ID":"G18465813","LOCALITY":"Khavda-Kado Dungar Road, Ratadiya, Gujarat, IN (23.851, 69.73)","LATITUDE":23.8512581,"LONGITUDE":69.7300802,"OBSERVATION.DATE":"2026-09-26","OBSERVER.ID":"obsr701947","DURATION.MINUTES":null,"SAMPLING.EVENT.IDENTIFIER":"S396626230","species_list":"European Roller; Laughing Dove; White-throated Kingfisher","n_species":3,"focal_species_seen":"European Roller","focal_species_slugs":"european-roller","has_focal":true,"GRID_CODE":"GJ-KU-BHU-010","DISTRICT":"Kachchh","BLOCK":"Bhuj"},"geometry":{"type":"Point","coordinates":[69.7300802,23.8512581]}},{"type":"Feature","properties":{"GROUP.ID":"G18465812","LOCALITY":"Kalo Dungar--Walking trail","LATITUDE":23.9352934,"LONGITUDE":69.8142951,"OBSERVATION.DATE":"2026-09-26","OBSERVER.ID":"obsr701947","DURATION.MINUTES":null,"SAMPLING.EVENT.IDENTIFIER":"S396626360","species_list":"Red-wattled Lapwing","n_species":1,"focal_species_seen":"","focal_species_slugs":"","has_focal":false,"GRID_CODE":"GJ-KU-BHU-003","DISTRICT":"Kachchh","BLOCK":"Bhuj"},"geometry":{"type":"Point","coordinates":[69.8142951,23.9352934]}},{"type":"Feature","properties":{"GROUP.ID":"G18467324","LOCALITY":"T1G3","LATITUDE":23.2608411,"LONGITUDE":69.6283262,"OBSERVATION.DATE":"2026-09-26","OBSERVER.ID":"obsr3055826","DURATION.MINUTES":33.0,"SAMPLING.EVENT.IDENTIFIER":"S396633111","species_list":"Asian Green Bee-eater; Barn Swallow; Baya Weaver; Black-winged Stilt; Common Babbler; Common Myna; Dusky Crag-Martin; Eastern Red-rumped Swallow; Eurasian Collared-Dove; European Roller; Gray-headed Swamphen; Gray Francolin; Indian Cormorant; Indian Robin; Laughing Dove; Little Cormorant; Little Egret; Little Swift; Paddyfield Pipit; Purple Sunbird; Red-vented Bulbul; Red-wattled Lapwing; Red Collared-Dove; Rose-ringed Parakeet; Rosy Starling; Spotted Flycatcher; Western Marsh Harrier; White-eared Bulbul; White-throated Kingfisher; Wire-tailed Swallow; Yellow-wattled Lapwing","n_species":31,"focal_species_seen":"European Roller; Spotted Flycatcher","focal_species_slugs":"european-roller;spotted-flycatcher","has_focal":true,"GRID_CODE":"GJ-KU-BHU-122","DISTRICT":"Kachchh","BLOCK":"Bhuj"},"geometry":{"type":"Point","coordinates":[69.6283262,23.2608411]}},{"type":"Feature","properties":{"GROUP.ID":"G18465964","LOCALITY":"T23-3 Â· GJ-KU-RAP-060","LATITUDE":23.535083,"LONGITUDE":70.469244,"OBSERVATION.DATE":"2026-09-26","OBSERVER.ID":"obsr6576848","DURATION.MINUTES":24.0,"SAMPLING.EVENT.IDENTIFIER":"S396634543","species_list":"Asian Green Bee-eater; Barn Swallow; Bay-backed Shrike; Blue-cheeked Bee-eater; Common Babbler; Eurasian Collared-Dove; Glossy Ibis; Gray Francolin; House Sparrow; Indian Peafowl; Indian Robin; Laughing Dove; Little Cormorant; Red-vented Bulbul; Red-wattled Lapwing; White-eared Bulbul","n_species":16,"focal_species_seen":"Blue-cheeked Bee-eater","focal_species_slugs":"blue-cheeked-bee-eater","has_focal":true,"GRID_CODE":"GJ-KU-RAP-060","DISTRICT":"Kachchh","BLOCK":"Rapar"},"geometry":{"type":"Point","coordinates":[70.469244,23.535083]}},{"type":"Feature","properties":{"GROUP.ID":"G18465976","LOCALITY":"Badargadh Sarasla Road, Kachchh IN-Gujarat 23.47323, 70.60038","LATITUDE":23.473229,"LONGITUDE":70.600385,"OBSERVATION.DATE":"2026-09-26","OBSERVER.ID":"obsr6576848","DURATION.MINUTES":10.0,"SAMPLING.EVENT.IDENTIFIER":"S396634606","species_list":"Black-headed Ibis; Eastern Red-rumped Swallow; Glossy Ibis; Lesser Whistling-Duck; Little Cormorant; Red-backed Shrike; Red-naped Ibis","n_species":7,"focal_species_seen":"Red-backed Shrike","focal_species_slugs":"red-backed-shrike","has_focal":true,"GRID_CODE":"GJ-KU-RAP-073","DISTRICT":"Kachchh","BLOCK":"Rapar"},"geometry":{"type":"Point","coordinates":[70.600385,23.473229]}},{"type":"Feature","properties":{"GROUP.ID":"G18467323","LOCALITY":"T1G2","LATITUDE":23.3267045,"LONGITUDE":69.5906958,"OBSERVATION.DATE":"2026-09-26","OBSERVER.ID":"obsr3055826","DURATION.MINUTES":53.0,"SAMPLING.EVENT.IDENTIFIER":"S396635962","species_list":"Ashy-crowned Sparrow-Lark; Asian Green Bee-eater; Barn Swallow; Bay-backed Shrike; Baya Weaver; Black-headed Ibis; Black-winged Stilt; Black Drongo; Chestnut-bellied Sandgrouse; Common Babbler; Common Greenshank; Common Kingfisher; Common Sandpiper; Common Snipe; Common Tailorbird; Crested Lark; Eastern Cattle-Egret; Eastern Red-rumped Swallow; Eurasian Collared-Dove; European Roller; Glossy Ibis; Gray-headed Swamphen; Gray-necked Bunting; Gray Francolin; Gray Wagtail; Great Egret; House Crow; House Sparrow; Indian Bushlark; Indian Pond-Heron; Indian Robin; Indian Silverbill; Indian Spot-billed Duck; Isabelline Shrike; Kentish Plover; Laughing Dove; Lesser Whistling-Duck; Lesser Whitethroat; Little Cormorant; Little Egret; Little Grebe; Little Ringed Plover; Little Stint; Little Swift; Little Tern; Long-tailed Shrike; Medium Egret; Montagu's Harrier; Oriental Darter; Purple Sunbird; Red-backed Shrike; Red-naped Ibis; Red-vented Bulbul; Red-wattled Lapwing; Red Collared-Dove; River Tern; Rose-ringed Parakeet; Rosy Starling; Ruff; Rufous-tailed Lark; Siberian Stonechat; Spotted Flycatcher; Temminck's Stint; Variable Wheatear; Western Yellow Wagtail; Whiskered Tern; White-breasted Waterhen; White-browed Wagtail; White-eared Bulbul; White-throated Kingfisher; Wire-tailed Swallow; Wood Sandpiper; Yellow-wattled Lapwing","n_species":73,"focal_species_seen":"European Roller; Red-backed Shrike; Spotted Flycatcher","focal_species_slugs":"european-roller;red-backed-shrike;spotted-flycatcher","has_focal":true,"GRID_CODE":"GJ-KU-BHU-109","DISTRICT":"Kachchh","BLOCK":"Bhuj"},"geometry":{"type":"Point","coordinates":[69.5906958,23.3267045]}},{"type":"Feature","properties":{"GROUP.ID":"G18467387","LOCALITY":"Kotaya T36","LATITUDE":23.0460612,"LONGITUDE":69.063615,"OBSERVATION.DATE":"2026-09-27","OBSERVER.ID":"obsr3339457","DURATION.MINUTES":null,"SAMPLING.EVENT.IDENTIFIER":"S396636951","species_list":"European Roller","n_species":1,"focal_species_seen":"European Roller","focal_species_slugs":"european-roller","has_focal":true,"GRID_CODE":"GJ-KU-MAN-009","DISTRICT":"Kachchh","BLOCK":"Mandvi"},"geometry":{"type":"Point","coordinates":[69.063615,23.0460612]}},{"type":"Feature","properties":{"GROUP.ID":"G18467322","LOCALITY":"T1G4","LATITUDE":23.3576149,"LONGITUDE":69.6946501,"OBSERVATION.DATE":"2026-09-26","OBSERVER.ID":"obsr3055826","DURATION.MINUTES":56.0,"SAMPLING.EVENT.IDENTIFIER":"S396637636","species_list":"Ashy-crowned Sparrow-Lark; Asian Green Bee-eater; Bay-backed Shrike; Baya Weaver; Black-headed Ibis; Black-winged Stilt; Black Drongo; Common Kingfisher; Common Sandpiper; Crested Lark; Dusky Crag-Martin; Eurasian Collared-Dove; European Roller; Gray-headed Swamphen; Gray Francolin; Great Egret; Greater Whitethroat; House Sparrow; Indian Pond-Heron; Indian Robin; Indian Silverbill; Isabelline Shrike; Laughing Dove; Lesser Whistling-Duck; Lesser Whitethroat; Little Egret; Little Swift; Oriental Darter; Plain Prinia; Red-vented Bulbul; Red-wattled Lapwing; Red Collared-Dove; River Tern; Rosy Starling; Rufous-tailed Lark; Spotted Flycatcher; Whiskered Tern; White-breasted Waterhen; White-eared Bulbul; White-throated Kingfisher; Yellow-throated Sparrow; Yellow-wattled Lapwing","n_species":42,"focal_species_seen":"European Roller; Greater Whitethroat; Spotted Flycatcher","focal_species_slugs":"european-roller;greater-whitethroat;spotted-flycatcher","has_focal":true,"GRID_CODE":"GJ-KU-BHU-111","DISTRICT":"Kachchh","BLOCK":"Bhuj"},"geometry":{"type":"Point","coordinates":[69.6946501,23.3576149]}},{"type":"Feature","properties":{"GROUP.ID":"G18467386","LOCALITY":"Karodiya Mota Road T36","LATITUDE":23.0513489,"LONGITUDE":69.0931455,"OBSERVATION.DATE":"2026-09-27","OBSERVER.ID":"obsr3339457","DURATION.MINUTES":null,"SAMPLING.EVENT.IDENTIFIER":"S396638115","species_list":"Bay-backed Shrike; European Roller; Lesser Whitethroat","n_species":3,"focal_species_seen":"European Roller","focal_species_slugs":"european-roller","has_focal":true,"GRID_CODE":"GJ-KU-MAN-009","DISTRICT":"Kachchh","BLOCK":"Mandvi"},"geometry":{"type":"Point","coordinates":[69.0931455,23.0513489]}},{"type":"Feature","properties":{"GROUP.ID":"G18484178","LOCALITY":"Padhar, Gujarat, IN (23.243, 69.816)","LATITUDE":23.2425408,"LONGITUDE":69.815957,"OBSERVATION.DATE":"2026-09-27","OBSERVER.ID":"obsr2895441","DURATION.MINUTES":null,"SAMPLING.EVENT.IDENTIFIER":"S396638697","species_list":"Black Drongo; Indian Pond-Heron; Variable Wheatear; Wire-tailed Swallow","n_species":4,"focal_species_seen":"","focal_species_slugs":"","has_focal":false,"GRID_CODE":"GJ-KU-BHU-138","DISTRICT":"Kachchh","BLOCK":"Bhuj"},"geometry":{"type":"Point","coordinates":[69.815957,23.2425408]}},{"type":"Feature","properties":{"GROUP.ID":"G18468123","LOCALITY":"Padhar-Dhaneti Road, Kachchh, Gujarat, IN (23.251, 69.863)","LATITUDE":23.2509095,"LONGITUDE":69.8630569,"OBSERVATION.DATE":"2026-09-27","OBSERVER.ID":"obsr2895441","DURATION.MINUTES":null,"SAMPLING.EVENT.IDENTIFIER":"S396639478","species_list":"Asian Green Bee-eater; Bay-backed Shrike; House Sparrow; Laughing Dove; Pied Kingfisher; Red-vented Bulbul; White-throated Kingfisher","n_species":7,"focal_species_seen":"","focal_species_slugs":"","has_focal":false,"GRID_CODE":"GJ-KU-BHU-139","DISTRICT":"Kachchh","BLOCK":"Bhuj"},"geometry":{"type":"Point","coordinates":[69.8630569,23.2509095]}},{"type":"Feature","properties":{"GROUP.ID":"G18468122","LOCALITY":"Vadvara, Gujarat, IN (23.249, 69.887)","LATITUDE":23.2491477,"LONGITUDE":69.8867292,"OBSERVATION.DATE":"2026-09-27","OBSERVER.ID":"obsr2895441","DURATION.MINUTES":null,"SAMPLING.EVENT.IDENTIFIER":"S396639929","species_list":"Common Babbler; Green Sandpiper; Laughing Dove; Long-tailed Shrike; River Tern","n_species":5,"focal_species_seen":"","focal_species_slugs":"","has_focal":false,"GRID_CODE":"GJ-KU-BHU-139","DISTRICT":"Kachchh","BLOCK":"Bhuj"},"geometry":{"type":"Point","coordinates":[69.8867292,23.2491477]}},{"type":"Feature","properties":{"GROUP.ID":"G18468624","LOCALITY":"Rudramata Dam Road, Sarspar, Gujarat, IN (23.328, 69.69)","LATITUDE":23.3279133,"LONGITUDE":69.6901833,"OBSERVATION.DATE":"2026-09-27","OBSERVER.ID":"obsr6495382","DURATION.MINUTES":null,"SAMPLING.EVENT.IDENTIFIER":"S396640691","species_list":"European Roller","n_species":1,"focal_species_seen":"European Roller","focal_species_slugs":"european-roller","has_focal":true,"GRID_CODE":"GJ-KU-BHU-111","DISTRICT":"Kachchh","BLOCK":"Bhuj"},"geometry":{"type":"Point","coordinates":[69.6901833,23.3279133]}},{"type":"Feature","properties":{"GROUP.ID":"G18468623","LOCALITY":"Sarspar, Gujarat, IN (23.342, 69.692)","LATITUDE":23.3416533,"LONGITUDE":69.69237,"OBSERVATION.DATE":"2026-09-27","OBSERVER.ID":"obsr6495382","DURATION.MINUTES":null,"SAMPLING.EVENT.IDENTIFIER":"S396640850","species_list":"European Roller","n_species":1,"focal_species_seen":"European Roller","focal_species_slugs":"european-roller","has_focal":true,"GRID_CODE":"GJ-KU-BHU-111","DISTRICT":"Kachchh","BLOCK":"Bhuj"},"geometry":{"type":"Point","coordinates":[69.69237,23.3416533]}},{"type":"Feature","properties":{"GROUP.ID":"G18468495","LOCALITY":"Nandasar, Gujarat, IN (23.611, 70.64)","LATITUDE":23.61081,"LONGITUDE":70.6398267,"OBSERVATION.DATE":"2026-09-27","OBSERVER.ID":"obsr807380","DURATION.MINUTES":29.0,"SAMPLING.EVENT.IDENTIFIER":"S396642276","species_list":"Common Myna; Eastern Cattle-Egret; Eurasian Collared-Dove; Eurasian Spoonbill; European Roller; Gray Francolin; Gray Heron; House Sparrow; Little Cormorant; Painted Stork; Purple Heron; River Tern; Rosy Starling; White-throated Kingfisher","n_species":14,"focal_species_seen":"European Roller","focal_species_slugs":"european-roller","has_focal":true,"GRID_CODE":"GJ-KU-RAP-040","DISTRICT":"Kachchh","BLOCK":"Rapar"},"geometry":{"type":"Point","coordinates":[70.6398267,23.61081]}},{"type":"Feature","properties":{"GROUP.ID":"S396642876","LOCALITY":"Dinara, Gujarat, IN (23.902, 69.731)","LATITUDE":23.9017936,"LONGITUDE":69.7312035,"OBSERVATION.DATE":"2026-09-27","OBSERVER.ID":"obsr701947","DURATION.MINUTES":null,"SAMPLING.EVENT.IDENTIFIER":"S396642876","species_list":"European Roller; House Sparrow; Variable Wheatear","n_species":3,"focal_species_seen":"European Roller","focal_species_slugs":"european-roller","has_focal":true,"GRID_CODE":"GJ-KU-BHU-005","DISTRICT":"Kachchh","BLOCK":"Bhuj"},"geometry":{"type":"Point","coordinates":[69.7312035,23.9017936]}},{"type":"Feature","properties":{"GROUP.ID":"G18468829","LOCALITY":"Naliya-Narayan Sarovar Road, Narayan Sarovar, Gujarat, IN (23.672, 68.549)","LATITUDE":23.6724018,"LONGITUDE":68.5489334,"OBSERVATION.DATE":"2026-09-27","OBSERVER.ID":"obsr494050","DURATION.MINUTES":5.0,"SAMPLING.EVENT.IDENTIFIER":"S396643524","species_list":"Black-tailed Godwit; Eurasian Collared-Dove; Gray Heron; Great Egret; Greater Flamingo; Laughing Dove; Little Stint; Rosy Starling; Ruff; Western Reef-Heron; Whiskered Tern; Wire-tailed Swallow","n_species":12,"focal_species_seen":"","focal_species_slugs":"","has_focal":false,"GRID_CODE":"GJ-KU-LAK-017","DISTRICT":"Kachchh","BLOCK":"Lakhpat"},"geometry":{"type":"Point","coordinates":[68.5489334,23.6724018]}},{"type":"Feature","properties":{"GROUP.ID":"S396643623","LOCALITY":"Narayan Sarovar Forest Rest House","LATITUDE":23.6831359,"LONGITUDE":68.5308851,"OBSERVATION.DATE":"2026-09-27","OBSERVER.ID":"obsr494050","DURATION.MINUTES":null,"SAMPLING.EVENT.IDENTIFIER":"S396643623","species_list":"Spotted Flycatcher","n_species":1,"focal_species_seen":"Spotted Flycatcher","focal_species_slugs":"spotted-flycatcher","has_focal":true,"GRID_CODE":"GJ-KU-LAK-017","DISTRICT":"Kachchh","BLOCK":"Lakhpat"},"geometry":{"type":"Point","coordinates":[68.5308851,23.6831359]}},{"type":"Feature","properties":{"GROUP.ID":"G18478012","LOCALITY":"T11G5","LATITUDE":23.244892,"LONGITUDE":70.190818,"OBSERVATION.DATE":"2026-09-27","OBSERVER.ID":"obsr8001542","DURATION.MINUTES":56.0,"SAMPLING.EVENT.IDENTIFIER":"S396643941","species_list":"Asian Green Bee-eater; Asian Koel; Baya Weaver; Black Drongo; Black Kite; Blue-cheeked Bee-eater; Blyth's Reed Warbler; Brahminy Starling; Common Babbler; Common Kingfisher; Common Myna; Common Sandpiper; Common Tailorbird; Dusky Crag-Martin; Eastern Cattle-Egret; Eastern Red-rumped Swallow; Eurasian Collared-Dove; European Roller; Glossy Ibis; Gray-breasted Prinia; Gray Francolin; Gray Heron; Great Cormorant; Great Egret; Greater Whitethroat; Green Sandpiper; House Crow; House Sparrow; Indian Cormorant; Indian Peafowl; Indian Pond-Heron; Indian Robin; Indian Silverbill; Indian Spot-billed Duck; Isabelline Shrike; Jungle Prinia; Laughing Dove; Lesser Whistling-Duck; Little Cormorant; Little Egret; Long-tailed Shrike; Pied Bushchat; Plain Prinia; Purple Sunbird; Red-vented Bulbul; Red-wattled Lapwing; River Tern; Rose-ringed Parakeet; Rosy Starling; Siberian Stonechat; Streak-throated Swallow; Streaked Weaver; White-breasted Waterhen; White-browed Wagtail; White-eared Bulbul; White-throated Kingfisher; Wire-tailed Swallow; Wood Sandpiper; Yellow-throated Sparrow","n_species":59,"focal_species_seen":"Blue-cheeked Bee-eater; European Roller; Greater Whitethroat","focal_species_slugs":"blue-cheeked-bee-eater;european-roller;greater-whitethroat","has_focal":true,"GRID_CODE":"GJ-KU-ANJ-013","DISTRICT":"Kachchh","BLOCK":"Anjar"},"geometry":{"type":"Point","coordinates":[70.190818,23.244892]}},{"type":"Feature","properties":{"GROUP.ID":"G18467276","LOCALITY":"Team 3 G 165 Bhuj, Kachchh IN-Gujarat 23.06953, 69.73884","LATITUDE":23.069526,"LONGITUDE":69.738841,"OBSERVATION.DATE":"2026-09-27","OBSERVER.ID":"obsr2145220","DURATION.MINUTES":65.0,"SAMPLING.EVENT.IDENTIFIER":"S396646292","species_list":"Asian Green Bee-eater; Bay-backed Shrike; Baya Weaver; Black Drongo; Blue-cheeked Bee-eater; Common Tailorbird; Eurasian Collared-Dove; European Roller; Gray Francolin; Indian Peafowl; Indian Robin; Indian Roller; Indian Silverbill; Jungle Prinia; Laughing Dove; Oriental Darter; Purple Sunbird; Red-vented Bulbul; Small Minivet; Spotted Flycatcher; Western Yellow Wagtail; White-eared Bulbul","n_species":22,"focal_species_seen":"Blue-cheeked Bee-eater; European Roller; Spotted Flycatcher","focal_species_slugs":"blue-cheeked-bee-eater;european-roller;spotted-flycatcher","has_focal":true,"GRID_CODE":"GJ-KU-BHU-165","DISTRICT":"Kachchh","BLOCK":"Bhuj"},"geometry":{"type":"Point","coordinates":[69.738841,23.069526]}},{"type":"Feature","properties":{"GROUP.ID":"S396646428","LOCALITY":"Netra-Kuwapaddhar-Tera Road, Kachchh, Gujarat, IN (23.288, 68.926)","LATITUDE":23.2880902,"LONGITUDE":68.9260469,"OBSERVATION.DATE":"2026-09-27","OBSERVER.ID":"obsr3006118","DURATION.MINUTES":null,"SAMPLING.EVENT.IDENTIFIER":"S396646428","species_list":"European Roller; Indian Robin; Laughing Dove","n_species":3,"focal_species_seen":"European Roller","focal_species_slugs":"european-roller","has_focal":true,"GRID_CODE":"GJ-KU-ABD-038","DISTRICT":"Kachchh","BLOCK":"Abdasa"},"geometry":{"type":"Point","coordinates":[68.9260469,23.2880902]}},{"type":"Feature","properties":{"GROUP.ID":"G18468121","LOCALITY":"T2-PMC26.","LATITUDE":23.2362287,"LONGITUDE":69.8811663,"OBSERVATION.DATE":"2026-09-27","OBSERVER.ID":"obsr2895441","DURATION.MINUTES":36.0,"SAMPLING.EVENT.IDENTIFIER":"S396646629","species_list":"Ashy-crowned Sparrow-Lark; Asian Green Bee-eater; Asian Koel; Baya Weaver; Black-tailed Godwit; Black-winged Kite; Common Babbler; Common Sandpiper; Eurasian Collared-Dove; Eurasian Coot; European Roller; Gray-headed Swamphen; Gray Francolin; Great Cormorant; House Sparrow; Indian Pond-Heron; Indian Robin; Indian Silverbill; Indian Spot-billed Duck; Knob-billed Duck; Laughing Dove; Lesser Whistling-Duck; Little Cormorant; Little Grebe; Little Swift; Paddyfield Pipit; Purple Sunbird; Red-backed Shrike; Red-naped Ibis; Red-vented Bulbul; Red-wattled Lapwing; Red Collared-Dove; River Tern; Shikra; Variable Wheatear; White-eared Bulbul; White-throated Kingfisher","n_species":37,"focal_species_seen":"European Roller; Red-backed Shrike","focal_species_slugs":"european-roller;red-backed-shrike","has_focal":true,"GRID_CODE":"GJ-KU-BHU-139","DISTRICT":"Kachchh","BLOCK":"Bhuj"},"geometry":{"type":"Point","coordinates":[69.8811663,23.2362287]}},{"type":"Feature","properties":{"GROUP.ID":"G18468120","LOCALITY":"Unnamed Road, Vadvara, Gujarat, IN (23.228, 69.87)","LATITUDE":23.2279538,"LONGITUDE":69.8703569,"OBSERVATION.DATE":"2026-09-27","OBSERVER.ID":"obsr2895441","DURATION.MINUTES":null,"SAMPLING.EVENT.IDENTIFIER":"S396646910","species_list":"Common Hoopoe; Variable Wheatear; White-eared Bulbul","n_species":3,"focal_species_seen":"","focal_species_slugs":"","has_focal":false,"GRID_CODE":"GJ-KU-BHU-139","DISTRICT":"Kachchh","BLOCK":"Bhuj"},"geometry":{"type":"Point","coordinates":[69.8703569,23.2279538]}},{"type":"Feature","properties":{"GROUP.ID":"G18467234","LOCALITY":"Dhori Road","LATITUDE":23.455553,"LONGITUDE":69.759183,"OBSERVATION.DATE":"2026-09-27","OBSERVER.ID":"obsr1522701","DURATION.MINUTES":11.0,"SAMPLING.EVENT.IDENTIFIER":"S396646994","species_list":"Ashy-crowned Sparrow-Lark; Black-winged Stilt; Blue-cheeked Bee-eater; Common Babbler; Crested Lark; Greater Short-toed Lark; Green Sandpiper; Indian Robin; Little Ringed Plover; Little Stint; Little Swift; Marsh Sandpiper; Medium Egret; Red-wattled Lapwing; Ruff; Shikra; Western Marsh Harrier; Whiskered Tern; White-eared Bulbul; Wood Sandpiper","n_species":20,"focal_species_seen":"Blue-cheeked Bee-eater","focal_species_slugs":"blue-cheeked-bee-eater","has_focal":true,"GRID_CODE":"GJ-KU-BHU-087","DISTRICT":"Kachchh","BLOCK":"Bhuj"},"geometry":{"type":"Point","coordinates":[69.759183,23.455553]}},{"type":"Feature","properties":{"GROUP.ID":"G18468119","LOCALITY":"Unnamed Road, Vadvara, Gujarat, IN (23.235, 69.878)","LATITUDE":23.2345706,"LONGITUDE":69.878393,"OBSERVATION.DATE":"2026-09-27","OBSERVER.ID":"obsr2895441","DURATION.MINUTES":null,"SAMPLING.EVENT.IDENTIFIER":"S396647135","species_list":"Black-winged Stilt; European Roller; Gray Francolin; Laughing Dove","n_species":4,"focal_species_seen":"European Roller","focal_species_slugs":"european-roller","has_focal":true,"GRID_CODE":"GJ-KU-BHU-139","DISTRICT":"Kachchh","BLOCK":"Bhuj"},"geometry":{"type":"Point","coordinates":[69.878393,23.2345706]}},{"type":"Feature","properties":{"GROUP.ID":"G18467340","LOCALITY":"Sukhpar, Gujarat","LATITUDE":23.2795678,"LONGITUDE":70.1920116,"OBSERVATION.DATE":"2026-09-27","OBSERVER.ID":"obsr453899","DURATION.MINUTES":null,"SAMPLING.EVENT.IDENTIFIER":"S396648416","species_list":"Baya Weaver; Eurasian Collared-Dove; Gray Francolin; Great Thick-knee; Indian Peafowl; Indian Thick-knee; White-eared Bulbul","n_species":7,"focal_species_seen":"","focal_species_slugs":"","has_focal":false,"GRID_CODE":"GJ-KU-BHA-050","DISTRICT":"Kachchh","BLOCK":"Bhachau"},"geometry":{"type":"Point","coordinates":[70.1920116,23.2795678]}},{"type":"Feature","properties":{"GROUP.ID":"G18468945","LOCALITY":"T43-G2","LATITUDE":23.66931,"LONGITUDE":68.9898733,"OBSERVATION.DATE":"2026-09-27","OBSERVER.ID":"obsr1430794","DURATION.MINUTES":53.0,"SAMPLING.EVENT.IDENTIFIER":"S396648714","species_list":"Asian Green Bee-eater; Bay-backed Shrike; Black-winged Stilt; Common Babbler; Common Hoopoe; Eurasian Coot; European Roller; Gray Francolin; Great Gray Shrike; Indian Robin; Red-vented Bulbul; Variable Wheatear; Yellow-throated Sparrow","n_species":13,"focal_species_seen":"European Roller","focal_species_slugs":"european-roller","has_focal":true,"GRID_CODE":"GJ-KU-LAK-026","DISTRICT":"Kachchh","BLOCK":"Lakhpat"},"geometry":{"type":"Point","coordinates":[68.9898733,23.66931]}},{"type":"Feature","properties":{"GROUP.ID":"G18467339","LOCALITY":"Sukhpar, Gujarat, IN (23.288, 70.188)","LATITUDE":23.2884818,"LONGITUDE":70.1879247,"OBSERVATION.DATE":"2026-09-27","OBSERVER.ID":"obsr453899","DURATION.MINUTES":null,"SAMPLING.EVENT.IDENTIFIER":"S396648898","species_list":"European Roller; Indian Peafowl; Laughing Dove; Long-tailed Shrike","n_species":4,"focal_species_seen":"European Roller","focal_species_slugs":"european-roller","has_focal":true,"GRID_CODE":"GJ-KU-BHA-050","DISTRICT":"Kachchh","BLOCK":"Bhachau"},"geometry":{"type":"Point","coordinates":[70.1879247,23.2884818]}},{"type":"Feature","properties":{"GROUP.ID":"G18505510","LOCALITY":"T25G3","LATITUDE":23.2450361,"LONGITUDE":70.2786281,"OBSERVATION.DATE":"2026-09-27","OBSERVER.ID":"obsr640387","DURATION.MINUTES":64.0,"SAMPLING.EVENT.IDENTIFIER":"S396649258","species_list":"Asian Green Bee-eater; Bay-backed Shrike; Black-winged Stilt; Brahminy Starling; Common Babbler; Common Sandpiper; Common Tailorbird; Eurasian Collared-Dove; Eurasian Wryneck; European Roller; Glossy Ibis; Gray Francolin; Green Sandpiper; House Crow; House Sparrow; Indian Courser; Indian Pond-Heron; Indian Robin; Indian Roller; Indian Silverbill; Laughing Dove; Little Cormorant; Little Ringed Plover; Long-tailed Shrike; Paddyfield Pipit; Pied Cuckoo; Plain Prinia; Purple Sunbird; Red-vented Bulbul; Red-wattled Lapwing; Rosy Starling; Rufous-fronted Prinia; Rufous-tailed Scrub-Robin; Shikra; Siberian Stonechat; Spotted Flycatcher; White-eared Bulbul; White-throated Kingfisher; Wood Sandpiper; Yellow-wattled Lapwing","n_species":40,"focal_species_seen":"European Roller; Rufous-tailed Scrub-Robin; Spotted Flycatcher","focal_species_slugs":"european-roller;rufous-tailed-scrub-robin;spotted-flycatcher","has_focal":true,"GRID_CODE":"GJ-KU-BHA-063","DISTRICT":"Kachchh","BLOCK":"Bhachau"},"geometry":{"type":"Point","coordinates":[70.2786281,23.2450361]}},{"type":"Feature","properties":{"GROUP.ID":"S396649468","LOCALITY":"Manfara Road, Manfara, Gujarat, IN (23.469, 70.353)","LATITUDE":23.4690125,"LONGITUDE":70.352823,"OBSERVATION.DATE":"2026-09-26","OBSERVER.ID":"obsr640387","DURATION.MINUTES":null,"SAMPLING.EVENT.IDENTIFIER":"S396649468","species_list":"Black Drongo; Eastern Cattle-Egret; European Roller; Glossy Ibis; Indian Roller; Laughing Dove; Painted Stork; Spotted Flycatcher; White-throated Kingfisher; Wire-tailed Swallow","n_species":10,"focal_species_seen":"European Roller; Spotted Flycatcher","focal_species_slugs":"european-roller;spotted-flycatcher","has_focal":true,"GRID_CODE":"GJ-KU-BHA-018","DISTRICT":"Kachchh","BLOCK":"Bhachau"},"geometry":{"type":"Point","coordinates":[70.352823,23.4690125]}},{"type":"Feature","properties":{"GROUP.ID":"G18505509","LOCALITY":"Forest Research centre, Bhachau, Gujarat, IN (23.28, 70.328)","LATITUDE":23.2804244,"LONGITUDE":70.3278774,"OBSERVATION.DATE":"2026-09-26","OBSERVER.ID":"obsr640387","DURATION.MINUTES":null,"SAMPLING.EVENT.IDENTIFIER":"S396649664","species_list":"Indian Nightjar","n_species":1,"focal_species_seen":"","focal_species_slugs":"","has_focal":false,"GRID_CODE":"GJ-KU-BHA-053","DISTRICT":"Kachchh","BLOCK":"Bhachau"},"geometry":{"type":"Point","coordinates":[70.3278774,23.2804244]}},{"type":"Feature","properties":{"GROUP.ID":"G18467871","LOCALITY":"T49G2 - PMC26","LATITUDE":23.4445268,"LONGITUDE":68.616919,"OBSERVATION.DATE":"2026-09-27","OBSERVER.ID":"obsr3392004","DURATION.MINUTES":57.0,"SAMPLING.EVENT.IDENTIFIER":"S396650090","species_list":"Ashy-crowned Sparrow-Lark; Asian Green Bee-eater; Asian Koel; Bay-backed Shrike; Black Drongo; Caspian Tern; Common Babbler; Common Kingfisher; Common Sandpiper; Eastern Cattle-Egret; Eastern Red-rumped Swallow; Eurasian Collared-Dove; European Roller; Gray-breasted Prinia; Gray Francolin; Great Thick-knee; Indian Pond-Heron; Indian Robin; Indian Silverbill; Laughing Dove; Little Egret; Long-tailed Shrike; Paddyfield Pipit; Pied Kingfisher; Purple Sunbird; Red-vented Bulbul; Red-wattled Lapwing; River Tern; Rufous-fronted Prinia; Spotted Flycatcher; White-tailed Iora; White-throated Kingfisher; Wire-tailed Swallow; Yellow-crowned Woodpecker; Yellow-wattled Lapwing","n_species":35,"focal_species_seen":"European Roller; Spotted Flycatcher","focal_species_slugs":"european-roller;spotted-flycatcher","has_focal":true,"GRID_CODE":"GJ-KU-LAK-074","DISTRICT":"Kachchh","BLOCK":"Lakhpat"},"geometry":{"type":"Point","coordinates":[68.616919,23.4445268]}},{"type":"Feature","properties":{"GROUP.ID":"G18467338","LOCALITY":"T11G1","LATITUDE":23.155921,"LONGITUDE":70.078175,"OBSERVATION.DATE":"2026-09-26","OBSERVER.ID":"obsr8001542","DURATION.MINUTES":46.0,"SAMPLING.EVENT.IDENTIFIER":"S396650105","species_list":"Asian Green Bee-eater; Barn Swallow; Barred Buttonquail; Baya Weaver; Black Drongo; Blue-cheeked Bee-eater; Blyth's Reed Warbler; Brahminy Starling; Common Babbler; Common Hoopoe; Common Kingfisher; Common Myna; Common Sandpiper; Common Woodshrike; Dusky Crag-Martin; Eastern Cattle-Egret; Eurasian Collared-Dove; Eurasian Spoonbill; Gray-headed Swamphen; Gray Francolin; Gray Heron; Great Cormorant; Great Crested Grebe; Great Egret; Green Sandpiper; House Crow; House Sparrow; Indian Cormorant; Indian Peafowl; Indian Pond-Heron; Indian Robin; Indian Silverbill; Indian Spot-billed Duck; Laughing Dove; Little Cormorant; Little Egret; Little Swift; Long-billed Pipit; Long-tailed Shrike; Paddyfield Pipit; Pied Kingfisher; Purple Sunbird; Red-vented Bulbul; Red-wattled Lapwing; River Tern; Rose-ringed Parakeet; Siberian Stonechat; Tawny Pipit; Tree Pipit; Western Marsh Harrier; Western Yellow Wagtail; Whiskered Tern; White-browed Wagtail; White-eared Bulbul; White-throated Kingfisher; Wire-tailed Swallow","n_species":56,"focal_species_seen":"Blue-cheeked Bee-eater","focal_species_slugs":"blue-cheeked-bee-eater","has_focal":true,"GRID_CODE":"GJ-KU-ANJ-025","DISTRICT":"Kachchh","BLOCK":"Anjar"},"geometry":{"type":"Point","coordinates":[70.078175,23.155921]}},{"type":"Feature","properties":{"GROUP.ID":"G18467337","LOCALITY":"Dhamdka, Gujarat, IN (23.326, 70.159)","LATITUDE":23.3263439,"LONGITUDE":70.1590094,"OBSERVATION.DATE":"2026-09-27","OBSERVER.ID":"obsr453899","DURATION.MINUTES":null,"SAMPLING.EVENT.IDENTIFIER":"S396650138","species_list":"Eastern Cattle-Egret; European Roller","n_species":2,"focal_species_seen":"European Roller","focal_species_slugs":"european-roller","has_focal":true,"GRID_CODE":"GJ-KU-ANJ-005","DISTRICT":"Kachchh","BLOCK":"Anjar"},"geometry":{"type":"Point","coordinates":[70.1590094,23.3263439]}},{"type":"Feature","properties":{"GROUP.ID":"G18467336","LOCALITY":"Pasuda Sukhapar Road, Kachchh IN-GJ 23.23992, 70.18922","LATITUDE":23.239921,"LONGITUDE":70.18922,"OBSERVATION.DATE":"2026-09-27","OBSERVER.ID":"obsr8001542","DURATION.MINUTES":null,"SAMPLING.EVENT.IDENTIFIER":"S396650262","species_list":"Green Sandpiper; Indian Nightjar; Indian Peafowl; Lesser Whitethroat; White-throated Kingfisher","n_species":5,"focal_species_seen":"","focal_species_slugs":"","has_focal":false,"GRID_CODE":"GJ-KU-ANJ-013","DISTRICT":"Kachchh","BLOCK":"Anjar"},"geometry":{"type":"Point","coordinates":[70.18922,23.239921]}},{"type":"Feature","properties":{"GROUP.ID":"G18468743","LOCALITY":"Jatavira - Fuley Road, Kachchh, Gujarat, IN (23.56, 69.265)","LATITUDE":23.5595883,"LONGITUDE":69.26529,"OBSERVATION.DATE":"2026-09-27","OBSERVER.ID":"obsr1419186","DURATION.MINUTES":5.0,"SAMPLING.EVENT.IDENTIFIER":"S396650269","species_list":"Barn Swallow; Black-winged Stilt; Eurasian Collared-Dove; Glossy Ibis; Great Gray Shrike; Indian Robin; Isabelline Shrike; Laughing Dove; Lesser Whistling-Duck; Little Egret; Red-vented Bulbul; Red Collared-Dove; Rufous-tailed Scrub-Robin; White-eared Bulbul; Yellow-wattled Lapwing","n_species":15,"focal_species_seen":"Rufous-tailed Scrub-Robin","focal_species_slugs":"rufous-tailed-scrub-robin","has_focal":true,"GRID_CODE":"GJ-KU-NAK-014","DISTRICT":"Kachchh","BLOCK":"Nakhatrana"},"geometry":{"type":"Point","coordinates":[69.26529,23.5595883]}},{"type":"Feature","properties":{"GROUP.ID":"G18467385","LOCALITY":"T36G04","LATITUDE":23.0668156,"LONGITUDE":69.1261645,"OBSERVATION.DATE":"2026-09-27","OBSERVER.ID":"obsr3339457","DURATION.MINUTES":53.0,"SAMPLING.EVENT.IDENTIFIER":"S396650789","species_list":"Ashy-crowned Sparrow-Lark; Asian Green Bee-eater; Barn Swallow; Bay-backed Shrike; Black-winged Stilt; Black Drongo; Clamorous Reed Warbler; Common Babbler; Common Greenshank; Common Hoopoe; Common Sandpiper; Common Tailorbird; Dusky Crag-Martin; Eastern Cattle-Egret; Eurasian Collared-Dove; Eurasian Spoonbill; Eurasian Wryneck; European Roller; Glossy Ibis; Gray-breasted Prinia; Gray-necked Bunting; Gray Francolin; Gray Heron; Great Egret; Greater Coucal; Green Sandpiper; Green Warbler; House Sparrow; Indian Peafowl; Indian Pond-Heron; Indian Robin; Indian Silverbill; Jungle Prinia; Laughing Dove; Lesser Whitethroat; Little Cormorant; Little Egret; Little Ringed Plover; Little Swift; Long-billed Pipit; Long-tailed Shrike; Medium Egret; Purple Heron; Purple Sunbird; Red-vented Bulbul; Red-wattled Lapwing; Red Collared-Dove; River Tern; Rosy Starling; Rufous-fronted Prinia; Sykes's Warbler; Tawny Lark; Tawny Pipit; Variable Wheatear; Western Reef-Heron; Western Yellow Wagtail; Whiskered Tern; White-breasted Waterhen; White-browed Wagtail; White-eared Bulbul; White-tailed Iora; White-throated Kingfisher; Wire-tailed Swallow","n_species":63,"focal_species_seen":"European Roller","focal_species_slugs":"european-roller","has_focal":true,"GRID_CODE":"GJ-KU-ABD-085","DISTRICT":"Kachchh","BLOCK":"Abdasa"},"geometry":{"type":"Point","coordinates":[69.1261645,23.0668156]}},{"type":"Feature","properties":{"GROUP.ID":"G18467852","LOCALITY":"Unnamed Road, Kachchh, Gujarat, IN (23.038, 69.573)","LATITUDE":23.0375128,"LONGITUDE":69.5734248,"OBSERVATION.DATE":"2026-09-27","OBSERVER.ID":"obsr680651","DURATION.MINUTES":47.0,"SAMPLING.EVENT.IDENTIFIER":"S396650920","species_list":"Ashy-crowned Sparrow-Lark; Asian Green Bee-eater; Bay-backed Shrike; Brahminy Starling; Common Myna; Eurasian Collared-Dove; Eurasian Wryneck; Indian Courser; Indian Robin; Isabelline Shrike; Laughing Dove; Paddyfield Pipit; Red-backed Shrike; Red-wattled Lapwing; Rosy Starling; Tawny Pipit; Variable Wheatear; Yellow-wattled Lapwing","n_species":18,"focal_species_seen":"Red-backed Shrike","focal_species_slugs":"red-backed-shrike","has_focal":true,"GRID_CODE":"GJ-KU-BHU-168","DISTRICT":"Kachchh","BLOCK":"Bhuj"},"geometry":{"type":"Point","coordinates":[69.5734248,23.0375128]}},{"type":"Feature","properties":{"GROUP.ID":"G18471701","LOCALITY":"T4- PMC 2026 G4","LATITUDE":22.8244617,"LONGITUDE":69.3393967,"OBSERVATION.DATE":"2026-09-27","OBSERVER.ID":"obsr1205825","DURATION.MINUTES":69.0,"SAMPLING.EVENT.IDENTIFIER":"S396650974","species_list":"Gull-billed Tern; Lesser Black-backed Gull; Little Stint; River Tern; Sanderling; Tibetan Sand-Plover; Western Reef-Heron","n_species":7,"focal_species_seen":"","focal_species_slugs":"","has_focal":false,"GRID_CODE":"GJ-KU-MAN-048","DISTRICT":"Kachchh","BLOCK":"Mandvi"},"geometry":{"type":"Point","coordinates":[69.3393967,22.8244617]}},{"type":"Feature","properties":{"GROUP.ID":"G18468494","LOCALITY":"T18G4","LATITUDE":23.762681099999999,"LONGITUDE":70.6698755,"OBSERVATION.DATE":"2026-09-27","OBSERVER.ID":"obsr807380","DURATION.MINUTES":60.0,"SAMPLING.EVENT.IDENTIFIER":"S396651231","species_list":"Asian Green Bee-eater; Baya Weaver; Black-headed Ibis; Black-winged Stilt; Blyth's Reed Warbler; Common Babbler; Common Greenshank; Common Hoopoe; Common Sandpiper; Crested Lark; Delicate Prinia; Eastern Cattle-Egret; Eurasian Collared-Dove; Eurasian Spoonbill; Gray Francolin; Gray Heron; Great Cormorant; Great Egret; Great Thick-knee; Greater Flamingo; House Sparrow; Indian Cormorant; Indian Pond-Heron; Indian Silverbill; Indian Spot-billed Duck; Laughing Dove; Lesser Whistling-Duck; Lesser Whitethroat; Little Cormorant; Little Egret; Medium Egret; Northern Shoveler; Painted Stork; Pied Kingfisher; Plain Prinia; Purple Heron; Red-vented Bulbul; Red-wattled Lapwing; River Tern; Streak-throated Swallow; Western Marsh Harrier; Whiskered Tern; White-eared Bulbul; Wire-tailed Swallow","n_species":44,"focal_species_seen":"","focal_species_slugs":"","has_focal":false,"GRID_CODE":"GJ-KU-RAP-016","DISTRICT":"Kachchh","BLOCK":"Rapar"},"geometry":{"type":"Point","coordinates":[70.6698755,23.762681099999999]}},{"type":"Feature","properties":{"GROUP.ID":"G18469053","LOCALITY":"Bhachau, Kachchh IN-Gujarat 23.52511, 70.36378","LATITUDE":23.525108,"LONGITUDE":70.363779,"OBSERVATION.DATE":"2026-09-27","OBSERVER.ID":"obsr6576848","DURATION.MINUTES":72.0,"SAMPLING.EVENT.IDENTIFIER":"S396651771","species_list":"Asian Green Bee-eater; Black-headed Ibis; Blue-cheeked Bee-eater; Bonelli's Eagle; Common Babbler; Eastern Cattle-Egret; Eastern Red-rumped Swallow; European Roller; Gray Francolin; Greater Coucal; Indian Peafowl; Laughing Dove; Plain Prinia; Red-backed Shrike; Red-wattled Lapwing; Rose-ringed Parakeet; Rufous-tailed Lark; Siberian Stonechat; Variable Wheatear; White-eared Bulbul","n_species":20,"focal_species_seen":"Blue-cheeked Bee-eater; European Roller; Red-backed Shrike","focal_species_slugs":"blue-cheeked-bee-eater;european-roller;red-backed-shrike","has_focal":true,"GRID_CODE":"GJ-KU-BHA-016","DISTRICT":"Kachchh","BLOCK":"Bhachau"},"geometry":{"type":"Point","coordinates":[70.363779,23.525108]}},{"type":"Feature","properties":{"GROUP.ID":"S396652606","LOCALITY":"T20-G3-PMC2026","LATITUDE":23.509126,"LONGITUDE":71.0127133,"OBSERVATION.DATE":"2026-09-27","OBSERVER.ID":"obsr4592234","DURATION.MINUTES":45.0,"SAMPLING.EVENT.IDENTIFIER":"S396652606","species_list":"Ashy-crowned Sparrow-Lark; Asian Green Bee-eater; Barn Swallow; Bay-backed Shrike; Black-winged Kite; Common Babbler; Common Hoopoe; Crested Lark; Eastern Cattle-Egret; Eurasian Collared-Dove; Eurasian Spoonbill; European Roller; Glossy Ibis; Gray Francolin; Greater Short-toed Lark; Green Sandpiper; House Sparrow; Indian Robin; Indian Silverbill; Indian Spot-billed Duck; Isabelline Shrike; Laughing Dove; Little Egret; Plain Prinia; Red-vented Bulbul; Red-wattled Lapwing; River Tern; Rufous-tailed Lark; Siberian Stonechat; Western Yellow Wagtail; White-eared Bulbul; White-throated Kingfisher","n_species":32,"focal_species_seen":"European Roller","focal_species_slugs":"european-roller","has_focal":true,"GRID_CODE":"GJ-KU-RAP-082","DISTRICT":"Kachchh","BLOCK":"Rapar"},"geometry":{"type":"Point","coordinates":[71.0127133,23.509126]}},{"type":"Feature","properties":{"GROUP.ID":"S396652646","LOCALITY":"Bhimasar","LATITUDE":23.5391878,"LONGITUDE":70.8616967,"OBSERVATION.DATE":"2026-09-27","OBSERVER.ID":"obsr4592234","DURATION.MINUTES":24.0,"SAMPLING.EVENT.IDENTIFIER":"S396652646","species_list":"Asian Green Bee-eater; Bank Myna; Black-winged Kite; Brahminy Starling; Common Babbler; Eastern Cattle-Egret; Eurasian Collared-Dove; Eurasian Spoonbill; European Roller; Great Egret; House Sparrow; Laughing Dove; Red-wattled Lapwing; Rosy Starling; White-eared Bulbul; White-throated Kingfisher","n_species":16,"focal_species_seen":"European Roller","focal_species_slugs":"european-roller","has_focal":true,"GRID_CODE":"GJ-KU-RAP-068","DISTRICT":"Kachchh","BLOCK":"Rapar"},"geometry":{"type":"Point","coordinates":[70.8616967,23.5391878]}},{"type":"Feature","properties":{"GROUP.ID":"G18467384","LOCALITY":"T36G01(incidental)","LATITUDE":23.1069069,"LONGITUDE":69.0125014,"OBSERVATION.DATE":"2026-09-27","OBSERVER.ID":"obsr3339457","DURATION.MINUTES":null,"SAMPLING.EVENT.IDENTIFIER":"S396652797","species_list":"European Roller","n_species":1,"focal_species_seen":"European Roller","focal_species_slugs":"european-roller","has_focal":true,"GRID_CODE":"GJ-KU-ABD-083","DISTRICT":"Kachchh","BLOCK":"Abdasa"},"geometry":{"type":"Point","coordinates":[69.0125014,23.1069069]}},{"type":"Feature","properties":{"GROUP.ID":"G18468828","LOCALITY":"Naliya-Narayan Sarovar Road, Guhar Nani, Gujarat, IN (23.638, 68.543)","LATITUDE":23.6378786,"LONGITUDE":68.5429099,"OBSERVATION.DATE":"2026-09-27","OBSERVER.ID":"obsr494050","DURATION.MINUTES":null,"SAMPLING.EVENT.IDENTIFIER":"S396653237","species_list":"European Roller","n_species":1,"focal_species_seen":"European Roller","focal_species_slugs":"european-roller","has_focal":true,"GRID_CODE":"GJ-KU-LAK-031","DISTRICT":"Kachchh","BLOCK":"Lakhpat"},"geometry":{"type":"Point","coordinates":[68.5429099,23.6378786]}},{"type":"Feature","properties":{"GROUP.ID":"G18468827","LOCALITY":"Naliya-Narayan Sarovar Road, Guhar Nani, Gujarat, IN (23.629, 68.552)","LATITUDE":23.6286232,"LONGITUDE":68.5518815,"OBSERVATION.DATE":"2026-09-27","OBSERVER.ID":"obsr494050","DURATION.MINUTES":3.0,"SAMPLING.EVENT.IDENTIFIER":"S396653396","species_list":"European Roller","n_species":1,"focal_species_seen":"European Roller","focal_species_slugs":"european-roller","has_focal":true,"GRID_CODE":"GJ-KU-LAK-031","DISTRICT":"Kachchh","BLOCK":"Lakhpat"},"geometry":{"type":"Point","coordinates":[68.5518815,23.6286232]}},{"type":"Feature","properties":{"GROUP.ID":"G18468737","LOCALITY":"T36 Railway Line","LATITUDE":23.1225006,"LONGITUDE":68.9377466,"OBSERVATION.DATE":"2026-09-27","OBSERVER.ID":"obsr3339457","DURATION.MINUTES":null,"SAMPLING.EVENT.IDENTIFIER":"S396653620","species_list":"European Roller","n_species":1,"focal_species_seen":"European Roller","focal_species_slugs":"european-roller","has_focal":true,"GRID_CODE":"GJ-KU-ABD-073","DISTRICT":"Kachchh","BLOCK":"Abdasa"},"geometry":{"type":"Point","coordinates":[68.9377466,23.1225006]}},{"type":"Feature","properties":{"GROUP.ID":"G18467435","LOCALITY":"T22G3","LATITUDE":23.4946629,"LONGITUDE":70.7769993,"OBSERVATION.DATE":"2026-09-27","OBSERVER.ID":"obsr6246480","DURATION.MINUTES":67.0,"SAMPLING.EVENT.IDENTIFIER":"S396653779","species_list":"Ashy-crowned Sparrow-Lark; Asian Green Bee-eater; Bay-backed Shrike; Baya Weaver; Black-winged Kite; Black-winged Stilt; Common Babbler; Common Hoopoe; Delicate Prinia; Dusky Crag-Martin; Eastern Cattle-Egret; Eastern Red-rumped Swallow; Eurasian Collared-Dove; European Roller; Gray-necked Bunting; Gray Francolin; Green Sandpiper; House Sparrow; Indian Bushlark; Indian Robin; Indian Silverbill; Indian Spot-billed Duck; Knob-billed Duck; Laughing Dove; Lesser Whitethroat; Little Cormorant; Little Grebe; Long-tailed Shrike; Paddyfield Pipit; Pied Cuckoo; Plain Prinia; Purple Sunbird; Red-naped Ibis; Red-vented Bulbul; Red-wattled Lapwing; Rose-ringed Parakeet; Rosy Starling; Rufous-fronted Prinia; Variable Wheatear; White-throated Kingfisher; Wire-tailed Swallow","n_species":41,"focal_species_seen":"European Roller","focal_species_slugs":"european-roller","has_focal":true,"GRID_CODE":"GJ-KU-RAP-077","DISTRICT":"Kachchh","BLOCK":"Rapar"},"geometry":{"type":"Point","coordinates":[70.7769993,23.4946629]}},{"type":"Feature","properties":{"GROUP.ID":"G18469059","LOCALITY":"T24G03","LATITUDE":23.1963217,"LONGITUDE":70.5392417,"OBSERVATION.DATE":"2026-09-27","OBSERVER.ID":"obsr3477017","DURATION.MINUTES":42.0,"SAMPLING.EVENT.IDENTIFIER":"S396654922","species_list":"Black-winged Stilt; Common Hoopoe; Common Sandpiper; Crested Lark; Eurasian Collared-Dove; European Roller; Gray-breasted Prinia; Gray Heron; Greater Flamingo; House Sparrow; Isabelline Wheatear; Little Cormorant; Little Egret; Little Stint; Marsh Sandpiper; Painted Stork; Red Collared-Dove; Sand Lark; Western Marsh Harrier; Western Reef-Heron","n_species":20,"focal_species_seen":"European Roller","focal_species_slugs":"european-roller","has_focal":true,"GRID_CODE":"GJ-KU-BHA-073","DISTRICT":"Kachchh","BLOCK":"Bhachau"},"geometry":{"type":"Point","coordinates":[70.5392417,23.1963217]}},{"type":"Feature","properties":{"GROUP.ID":"G18468826","LOCALITY":"Naliya-Narayan Sarovar Road, Guhar Moti, Gujarat, IN (23.618, 68.562)","LATITUDE":23.6178425,"LONGITUDE":68.561763,"OBSERVATION.DATE":"2026-09-27","OBSERVER.ID":"obsr494050","DURATION.MINUTES":null,"SAMPLING.EVENT.IDENTIFIER":"S396655410","species_list":"European Roller","n_species":1,"focal_species_seen":"European Roller","focal_species_slugs":"european-roller","has_focal":true,"GRID_CODE":"GJ-KU-LAK-032","DISTRICT":"Kachchh","BLOCK":"Lakhpat"},"geometry":{"type":"Point","coordinates":[68.561763,23.6178425]}},{"type":"Feature","properties":{"GROUP.ID":"G18468825","LOCALITY":"T50G3","LATITUDE":23.5933128,"LONGITUDE":68.5786403,"OBSERVATION.DATE":"2026-09-27","OBSERVER.ID":"obsr494050","DURATION.MINUTES":38.0,"SAMPLING.EVENT.IDENTIFIER":"S396655636","species_list":"Asian Green Bee-eater; Black Drongo; Blue-cheeked Bee-eater; Chestnut-bellied Sandgrouse; Common Babbler; Common Hoopoe; Common Woodshrike; Eastern Orphean Warbler; Glossy Ibis; Gray Francolin; Greater Whitethroat; Green Sandpiper; Indian Bushlark; Indian Spot-billed Duck; Isabelline Wheatear; Little Cormorant; Plain Prinia; Purple Sunbird; Red-vented Bulbul; River Tern; Rufous-fronted Prinia; Siberian Stonechat; Tawny Pipit; White-tailed Iora; Wire-tailed Swallow","n_species":25,"focal_species_seen":"Blue-cheeked Bee-eater; Greater Whitethroat","focal_species_slugs":"blue-cheeked-bee-eater;greater-whitethroat","has_focal":true,"GRID_CODE":"GJ-KU-LAK-046","DISTRICT":"Kachchh","BLOCK":"Lakhpat"},"geometry":{"type":"Point","coordinates":[68.5786403,23.5933128]}},{"type":"Feature","properties":{"GROUP.ID":"G18468824","LOCALITY":"Naliya-Narayan Sarovar Road, Hamankhudi, Gujarat, IN (23.591, 68.583)","LATITUDE":23.5907777,"LONGITUDE":68.5830944,"OBSERVATION.DATE":"2026-09-27","OBSERVER.ID":"obsr494050","DURATION.MINUTES":31.0,"SAMPLING.EVENT.IDENTIFIER":"S396655839","species_list":"Asian Green Bee-eater; Common Hoopoe; Common Woodshrike; Eurasian Kestrel; Gray Wagtail; Great Gray Shrike; Greater Whitethroat; Green Sandpiper; Indian Robin; Indian Spot-billed Duck; Isabelline Wheatear; Jungle Prinia; Purple Sunbird; Red-vented Bulbul; Rufous-fronted Prinia; Tawny Pipit; White-tailed Iora; White-throated Kingfisher; Wire-tailed Swallow","n_species":19,"focal_species_seen":"Greater Whitethroat","focal_species_slugs":"greater-whitethroat","has_focal":true,"GRID_CODE":"GJ-KU-LAK-046","DISTRICT":"Kachchh","BLOCK":"Lakhpat"},"geometry":{"type":"Point","coordinates":[68.5830944,23.5907777]}},{"type":"Feature","properties":{"GROUP.ID":"G18469659","LOCALITY":"T28-3","LATITUDE":23.850527,"LONGITUDE":69.7637988,"OBSERVATION.DATE":"2026-09-27","OBSERVER.ID":"obsr3649322","DURATION.MINUTES":27.0,"SAMPLING.EVENT.IDENTIFIER":"S396656047","species_list":"Asian Green Bee-eater; Purple Sunbird; Red-vented Bulbul","n_species":3,"focal_species_seen":"","focal_species_slugs":"","has_focal":false,"GRID_CODE":"GJ-KU-BHU-011","DISTRICT":"Kachchh","BLOCK":"Bhuj"},"geometry":{"type":"Point","coordinates":[69.7637988,23.850527]}},{"type":"Feature","properties":{"GROUP.ID":"G18468118","LOCALITY":"T2-5PMC26.","LATITUDE":23.2885032,"LONGITUDE":69.9327566,"OBSERVATION.DATE":"2026-09-27","OBSERVER.ID":"obsr2895441","DURATION.MINUTES":37.0,"SAMPLING.EVENT.IDENTIFIER":"S396656081","species_list":"Asian Green Bee-eater; Bank Myna; Black-winged Kite; Eastern Cattle-Egret; Eurasian Collared-Dove; Eurasian Hobby; European Roller; Gray Francolin; House Crow; House Sparrow; Indian Pond-Heron; Indian Silverbill; Laughing Dove; Paddyfield Pipit; Plain Prinia; Purple Sunbird; Red-naped Ibis; Red-vented Bulbul; Red-wattled Lapwing; Rose-ringed Parakeet; Rosy Starling; Rufous-tailed Lark; Siberian Stonechat; Variable Wheatear; White-eared Bulbul; Wire-tailed Swallow; Zitting Cisticola","n_species":27,"focal_species_seen":"European Roller","focal_species_slugs":"european-roller","has_focal":true,"GRID_CODE":"GJ-KU-BHU-128","DISTRICT":"Kachchh","BLOCK":"Bhuj"},"geometry":{"type":"Point","coordinates":[69.9327566,23.2885032]}},{"type":"Feature","properties":{"GROUP.ID":"S396656428","LOCALITY":"Kharoi Road, Kharoi, Gujarat, IN (23.451, 70.352)","LATITUDE":23.4512222,"LONGITUDE":70.3520747,"OBSERVATION.DATE":"2026-09-27","OBSERVER.ID":"obsr2283188","DURATION.MINUTES":null,"SAMPLING.EVENT.IDENTIFIER":"S396656428","species_list":"European Roller","n_species":1,"focal_species_seen":"European Roller","focal_species_slugs":"european-roller","has_focal":true,"GRID_CODE":"GJ-KU-BHA-024","DISTRICT":"Kachchh","BLOCK":"Bhachau"},"geometry":{"type":"Point","coordinates":[70.3520747,23.4512222]}},{"type":"Feature","properties":{"GROUP.ID":"S396656652","LOCALITY":"Kharoi Road, Kharoi, Gujarat, IN (23.457, 70.359)","LATITUDE":23.4573672,"LONGITUDE":70.359456,"OBSERVATION.DATE":"2026-09-27","OBSERVER.ID":"obsr2283188","DURATION.MINUTES":1.0,"SAMPLING.EVENT.IDENTIFIER":"S396656652","species_list":"European Roller","n_species":1,"focal_species_seen":"European Roller","focal_species_slugs":"european-roller","has_focal":true,"GRID_CODE":"GJ-KU-BHA-025","DISTRICT":"Kachchh","BLOCK":"Bhachau"},"geometry":{"type":"Point","coordinates":[70.359456,23.4573672]}},{"type":"Feature","properties":{"GROUP.ID":"S396656829","LOCALITY":"Unnamed Road, Kachchh, Gujarat, IN (22.781, 69.443)","LATITUDE":22.7805159,"LONGITUDE":69.4428583,"OBSERVATION.DATE":"2026-09-26","OBSERVER.ID":"obsr1205825","DURATION.MINUTES":39.0,"SAMPLING.EVENT.IDENTIFIER":"S396656829","species_list":"Black-winged Stilt; Eurasian Curlew; Red-wattled Lapwing; Tibetan Sand-Plover","n_species":4,"focal_species_seen":"","focal_species_slugs":"","has_focal":false,"GRID_CODE":"GJ-KU-MAN-052","DISTRICT":"Kachchh","BLOCK":"Mandvi"},"geometry":{"type":"Point","coordinates":[69.4428583,22.7805159]}},{"type":"Feature","properties":{"GROUP.ID":"S396656854","LOCALITY":"Naliya Grass Land, Kachchh, Gujarat, IN (23.216, 68.854)","LATITUDE":23.2160383,"LONGITUDE":68.8542333,"OBSERVATION.DATE":"2026-09-27","OBSERVER.ID":"obsr769125","DURATION.MINUTES":127.0,"SAMPLING.EVENT.IDENTIFIER":"S396656854","species_list":"Black Francolin","n_species":1,"focal_species_seen":"","focal_species_slugs":"","has_focal":false,"GRID_CODE":"GJ-KU-ABD-048","DISTRICT":"Kachchh","BLOCK":"Abdasa"},"geometry":{"type":"Point","coordinates":[68.8542333,23.2160383]}},{"type":"Feature","properties":{"GROUP.ID":"S396656892","LOCALITY":"Shravan 23.40045, 69.97851","LATITUDE":23.40045,"LONGITUDE":69.978505,"OBSERVATION.DATE":"2026-09-27","OBSERVER.ID":"obsr8001542","DURATION.MINUTES":null,"SAMPLING.EVENT.IDENTIFIER":"S396656892","species_list":"Black-winged Stilt; Dusky Crag-Martin; Painted Stork; River Tern","n_species":4,"focal_species_seen":"","focal_species_slugs":"","has_focal":false,"GRID_CODE":"GJ-KU-BHU-104","DISTRICT":"Kachchh","BLOCK":"Bhuj"},"geometry":{"type":"Point","coordinates":[69.978505,23.40045]}},{"type":"Feature","properties":{"GROUP.ID":"G18468823","LOCALITY":"Naliya-Narayan Sarovar Road, Kachchh, Gujarat, IN (23.351, 68.772)","LATITUDE":23.350787,"LONGITUDE":68.7717525,"OBSERVATION.DATE":"2026-09-27","OBSERVER.ID":"obsr494050","DURATION.MINUTES":5.0,"SAMPLING.EVENT.IDENTIFIER":"S396657469","species_list":"Common Kingfisher; Common Sandpiper; Gray Francolin; Little Cormorant; Purple Sunbird; Red-vented Bulbul; River Tern; Rose-ringed Parakeet; White-browed Wagtail; White-eared Bulbul; White-throated Kingfisher","n_species":11,"focal_species_seen":"","focal_species_slugs":"","has_focal":false,"GRID_CODE":"GJ-KU-ABD-023","DISTRICT":"Kachchh","BLOCK":"Abdasa"},"geometry":{"type":"Point","coordinates":[68.7717525,23.350787]}},{"type":"Feature","properties":{"GROUP.ID":"G18467851","LOCALITY":"T4G1","LATITUDE":23.0378547,"LONGITUDE":69.5734118,"OBSERVATION.DATE":"2026-09-27","OBSERVER.ID":"obsr680651","DURATION.MINUTES":72.0,"SAMPLING.EVENT.IDENTIFIER":"S396657521","species_list":"Ashy-crowned Sparrow-Lark; Asian Green Bee-eater; Bay-backed Shrike; Baya Weaver; Black Drongo; Common Myna; Common Woodshrike; Crested Lark; Eastern Cattle-Egret; Eurasian Collared-Dove; European Roller; Gray-necked Bunting; Gray Francolin; Greater Whitethroat; Indian Bushlark; Indian Robin; Laughing Dove; Paddyfield Pipit; Purple Sunbird; Red-backed Shrike; Red-vented Bulbul; Red-wattled Lapwing; Siberian Stonechat; Small Minivet; Tawny Pipit; White-tailed Iora; Wire-tailed Swallow; Yellow-wattled Lapwing","n_species":28,"focal_species_seen":"European Roller; Greater Whitethroat; Red-backed Shrike","focal_species_slugs":"european-roller;greater-whitethroat;red-backed-shrike","has_focal":true,"GRID_CODE":"GJ-KU-BHU-168","DISTRICT":"Kachchh","BLOCK":"Bhuj"},"geometry":{"type":"Point","coordinates":[69.5734118,23.0378547]}},{"type":"Feature","properties":{"GROUP.ID":"S396657751","LOCALITY":"T28-3","LATITUDE":23.850527,"LONGITUDE":69.7637988,"OBSERVATION.DATE":"2026-09-27","OBSERVER.ID":"obsr3649322","DURATION.MINUTES":12.0,"SAMPLING.EVENT.IDENTIFIER":"S396657751","species_list":"Blue-cheeked Bee-eater; Laughing Dove","n_species":2,"focal_species_seen":"Blue-cheeked Bee-eater","focal_species_slugs":"blue-cheeked-bee-eater","has_focal":true,"GRID_CODE":"GJ-KU-BHU-011","DISTRICT":"Kachchh","BLOCK":"Bhuj"},"geometry":{"type":"Point","coordinates":[69.7637988,23.850527]}},{"type":"Feature","properties":{"GROUP.ID":"G18467850","LOCALITY":"Chher Nani, Gujarat","LATITUDE":23.7813768,"LONGITUDE":68.6834527,"OBSERVATION.DATE":"2026-09-27","OBSERVER.ID":"obsr665310","DURATION.MINUTES":87.0,"SAMPLING.EVENT.IDENTIFIER":"S396659643","species_list":"Black-winged Kite; Brown Rock Chat; Common Greenshank; Common Hoopoe; Common Sandpiper; Common Tailorbird; Eastern Orphean Warbler; Eurasian Collared-Dove; Gray-breasted Prinia; Gray Francolin; Gray Wagtail; Green Sandpiper; Indian Peafowl; Indian Robin; Indian Silverbill; Laughing Dove; Montagu's Harrier; Plain Prinia; Purple Sunbird; Red-vented Bulbul; Red-wattled Lapwing; Red Collared-Dove; Rosy Starling; Western Marsh Harrier","n_species":24,"focal_species_seen":"","focal_species_slugs":"","has_focal":false,"GRID_CODE":"GJ-KU-LAK-003","DISTRICT":"Kachchh","BLOCK":"Lakhpat"},"geometry":{"type":"Point","coordinates":[68.6834527,23.7813768]}},{"type":"Feature","properties":{"GROUP.ID":"G18468822","LOCALITY":"Naliya, Gujarat, IN (23.261, 68.843)","LATITUDE":23.2605243,"LONGITUDE":68.8434502,"OBSERVATION.DATE":"2026-09-27","OBSERVER.ID":"obsr494050","DURATION.MINUTES":5.0,"SAMPLING.EVENT.IDENTIFIER":"S396659954","species_list":"European Roller; House Sparrow; Rosy Starling","n_species":3,"focal_species_seen":"European Roller","focal_species_slugs":"european-roller","has_focal":true,"GRID_CODE":"GJ-KU-ABD-036","DISTRICT":"Kachchh","BLOCK":"Abdasa"},"geometry":{"type":"Point","coordinates":[68.8434502,23.2605243]}},{"type":"Feature","properties":{"GROUP.ID":"G18467935","LOCALITY":"T3 (G-158)Hajapar Tharavada Nana Road, Kachchh IN-Gujarat 23.13653, 69.77005","LATITUDE":23.136535,"LONGITUDE":69.770049,"OBSERVATION.DATE":"2026-09-27","OBSERVER.ID":"obsr2145220","DURATION.MINUTES":9.0,"SAMPLING.EVENT.IDENTIFIER":"S396660254","species_list":"Bay-backed Shrike; Baya Weaver; Black-winged Stilt; Brahminy Starling; Common Hoopoe; Eurasian Coot; European Roller; Indian Pond-Heron; Indian Silverbill; Laughing Dove; Little Grebe; Little Ringed Plover; Red-wattled Lapwing; Spotted Flycatcher; Western Yellow Wagtail","n_species":15,"focal_species_seen":"European Roller; Spotted Flycatcher","focal_species_slugs":"european-roller;spotted-flycatcher","has_focal":true,"GRID_CODE":"GJ-KU-BHU-158","DISTRICT":"Kachchh","BLOCK":"Bhuj"},"geometry":{"type":"Point","coordinates":[69.770049,23.136535]}},{"type":"Feature","properties":{"GROUP.ID":"G18468208","LOCALITY":"Adesar Nada Road, Kachchh IN-Gujarat 23.55845, 71.03154","LATITUDE":23.558449,"LONGITUDE":71.031542,"OBSERVATION.DATE":"2026-09-27","OBSERVER.ID":"obsr961478","DURATION.MINUTES":65.0,"SAMPLING.EVENT.IDENTIFIER":"S396661832","species_list":"Baya Weaver; Black-winged Kite; Common Babbler; Common Hoopoe; Eastern Cattle-Egret; House Sparrow; Indian Roller; Isabelline Shrike; Little Egret","n_species":9,"focal_species_seen":"","focal_species_slugs":"","has_focal":false,"GRID_CODE":"GJ-KU-RAP-071","DISTRICT":"Kachchh","BLOCK":"Rapar"},"geometry":{"type":"Point","coordinates":[71.031542,23.558449]}},{"type":"Feature","properties":{"GROUP.ID":"G18468209","LOCALITY":"Team -19 G2 Rapar, Kachchh IN-Gujarat 23.60106, 71.03299","LATITUDE":23.60106,"LONGITUDE":71.032995,"OBSERVATION.DATE":"2026-09-27","OBSERVER.ID":"obsr961478","DURATION.MINUTES":77.0,"SAMPLING.EVENT.IDENTIFIER":"S396662002","species_list":"Asian Green Bee-eater; Bank Myna; Barn Swallow; Black Drongo; Blue-cheeked Bee-eater; Common Babbler; Common Hoopoe; Common Kingfisher; Common Sandpiper; Eastern Cattle-Egret; Eurasian Collared-Dove; Eurasian Spoonbill; European Roller; Gray Francolin; Gray Heron; Great Egret; Indian Roller; Indian Silverbill; Little Cormorant; Little Egret; Montagu's Harrier; Paddyfield Pipit; Painted Stork; Purple Sunbird; Red-vented Bulbul; Red-wattled Lapwing; River Tern; Rose-ringed Parakeet; Rosy Starling; Rufous-tailed Lark; Western Marsh Harrier; Whiskered Tern; White-eared Bulbul; Zitting Cisticola","n_species":34,"focal_species_seen":"Blue-cheeked Bee-eater; European Roller","focal_species_slugs":"blue-cheeked-bee-eater;european-roller","has_focal":true,"GRID_CODE":"GJ-KU-LIT-014","DISTRICT":"Kachchh","BLOCK":"Little Rann"},"geometry":{"type":"Point","coordinates":[71.032995,23.60106]}},{"type":"Feature","properties":{"GROUP.ID":"G18467924","LOCALITY":"Great Rann of Kachchh--Dhordo","LATITUDE":23.801798,"LONGITUDE":69.5041466,"OBSERVATION.DATE":"2026-09-27","OBSERVER.ID":"obsr3561725","DURATION.MINUTES":33.0,"SAMPLING.EVENT.IDENTIFIER":"S396663153","species_list":"Ashy-crowned Sparrow-Lark; Asian Green Bee-eater; Barn Swallow; Brown Rock Chat; Eastern Cattle-Egret; Eastern Red-rumped Swallow; House Sparrow; Laughing Dove; Lesser Whitethroat; Pallid Harrier; Red-wattled Lapwing; Short-toed Snake-Eagle; White-eared Bulbul","n_species":13,"focal_species_seen":"","focal_species_slugs":"","has_focal":false,"GRID_CODE":"GJ-KU-BHU-018","DISTRICT":"Kachchh","BLOCK":"Bhuj"},"geometry":{"type":"Point","coordinates":[69.5041466,23.801798]}},{"type":"Feature","properties":{"GROUP.ID":"G18468518","LOCALITY":"T9G3","LATITUDE":22.8716537,"LONGITUDE":69.2937286,"OBSERVATION.DATE":"2026-09-27","OBSERVER.ID":"obsr664433","DURATION.MINUTES":60.0,"SAMPLING.EVENT.IDENTIFIER":"S396665081","species_list":"Asian Green Bee-eater; Black Drongo; Common Sandpiper; Common Tailorbird; Gray-breasted Prinia; House Sparrow; Little Cormorant; Little Swift; Painted Stork; Plain Prinia; Purple Sunbird; Red-vented Bulbul; Shikra; Streak-throated Swallow; White-eared Bulbul; Wire-tailed Swallow","n_species":16,"focal_species_seen":"","focal_species_slugs":"","has_focal":false,"GRID_CODE":"GJ-KU-MAN-040","DISTRICT":"Kachchh","BLOCK":"Mandvi"},"geometry":{"type":"Point","coordinates":[69.2937286,22.8716537]}},{"type":"Feature","properties":{"GROUP.ID":"G18467953","LOCALITY":"T49G4 - PMC26","LATITUDE":23.5093945,"LONGITUDE":68.6564484,"OBSERVATION.DATE":"2026-09-27","OBSERVER.ID":"obsr6736333","DURATION.MINUTES":36.0,"SAMPLING.EVENT.IDENTIFIER":"S396665572","species_list":"Ashy-crowned Sparrow-Lark; Bay-backed Shrike; Black Drongo; Common Babbler; Common Hoopoe; Eastern Cattle-Egret; Eastern Red-rumped Swallow; European Roller; Gray Francolin; House Sparrow; Indian Courser; Isabelline Shrike; Laughing Dove; Long-tailed Shrike; Paddyfield Pipit; Red-naped Ibis; Rosy Starling; Rufous-tailed Scrub-Robin; Sand Lark; Variable Wheatear; White-throated Kingfisher; Wire-tailed Swallow; Yellow-wattled Lapwing","n_species":23,"focal_species_seen":"European Roller; Rufous-tailed Scrub-Robin","focal_species_slugs":"european-roller;rufous-tailed-scrub-robin","has_focal":true,"GRID_CODE":"GJ-KU-LAK-067","DISTRICT":"Kachchh","BLOCK":"Lakhpat"},"geometry":{"type":"Point","coordinates":[68.6564484,23.5093945]}},{"type":"Feature","properties":{"GROUP.ID":"G18468357","LOCALITY":"SH 6, Kachchh IN-Gujarat 22.92867, 69.82847","LATITUDE":22.928667,"LONGITUDE":69.828466,"OBSERVATION.DATE":"2026-09-27","OBSERVER.ID":"obsr3568724","DURATION.MINUTES":null,"SAMPLING.EVENT.IDENTIFIER":"S396668405","species_list":"European Roller","n_species":1,"focal_species_seen":"European Roller","focal_species_slugs":"european-roller","has_focal":true,"GRID_CODE":"GJ-KU-MUN-014","DISTRICT":"Kachchh","BLOCK":"Mundra"},"geometry":{"type":"Point","coordinates":[69.828466,22.928667]}},{"type":"Feature","properties":{"GROUP.ID":"G18468364","LOCALITY":"SH 6, Kachchh IN-Gujarat 22.92015, 69.84071","LATITUDE":22.920153,"LONGITUDE":69.84071,"OBSERVATION.DATE":"2026-09-27","OBSERVER.ID":"obsr3568724","DURATION.MINUTES":null,"SAMPLING.EVENT.IDENTIFIER":"S396668506","species_list":"European Roller","n_species":1,"focal_species_seen":"European Roller","focal_species_slugs":"european-roller","has_focal":true,"GRID_CODE":"GJ-KU-MUN-014","DISTRICT":"Kachchh","BLOCK":"Mundra"},"geometry":{"type":"Point","coordinates":[69.84071,22.920153]}},{"type":"Feature","properties":{"GROUP.ID":"G18468363","LOCALITY":"Mundra, Kachchh IN-Gujarat 22.85051, 69.81317","LATITUDE":22.85051,"LONGITUDE":69.813168,"OBSERVATION.DATE":"2026-09-27","OBSERVER.ID":"obsr3568724","DURATION.MINUTES":null,"SAMPLING.EVENT.IDENTIFIER":"S396668595","species_list":"European Roller","n_species":1,"focal_species_seen":"European Roller","focal_species_slugs":"european-roller","has_focal":true,"GRID_CODE":null,"DISTRICT":null,"BLOCK":null},"geometry":{"type":"Point","coordinates":[69.813168,22.85051]}},{"type":"Feature","properties":{"GROUP.ID":"G18468493","LOCALITY":"Khadir Bet Road, Kachchh, Gujarat, IN (23.908, 70.479)","LATITUDE":23.9076067,"LONGITUDE":70.4792611,"OBSERVATION.DATE":"2026-09-27","OBSERVER.ID":"obsr807380","DURATION.MINUTES":19.0,"SAMPLING.EVENT.IDENTIFIER":"S396668857","species_list":"Black-winged Stilt; Kentish Plover; Laughing Dove","n_species":3,"focal_species_seen":"","focal_species_slugs":"","has_focal":false,"GRID_CODE":"GJ-KU-RAN-441","DISTRICT":"Kachchh","BLOCK":"Rann of Kachchh"},"geometry":{"type":"Point","coordinates":[70.4792611,23.9076067]}},{"type":"Feature","properties":{"GROUP.ID":"G18479073","LOCALITY":"Jakhau","LATITUDE":23.2277805,"LONGITUDE":68.613224,"OBSERVATION.DATE":"2026-09-27","OBSERVER.ID":"obsr1293140","DURATION.MINUTES":172.0,"SAMPLING.EVENT.IDENTIFIER":"S396669136","species_list":"Asian Green Bee-eater; Bay-backed Shrike; Black-headed Ibis; Black-tailed Godwit; Black-winged Stilt; Blue-cheeked Bee-eater; Brahminy Kite; Caspian Tern; Common Babbler; Common Greenshank; Common Sandpiper; Crested Lark; Eastern Cattle-Egret; Eurasian Curlew; Gray Heron; Greater Flamingo; House Crow; House Sparrow; Indian Pond-Heron; Kentish Plover; Little Stint; Purple Sunbird; Red-wattled Lapwing; Ruddy Turnstone; Sand Lark; Western Reef-Heron; Western Yellow Wagtail; Whiskered Tern; White-eared Bulbul; White-throated Kingfisher","n_species":30,"focal_species_seen":"Blue-cheeked Bee-eater","focal_species_slugs":"blue-cheeked-bee-eater","has_focal":true,"GRID_CODE":"GJ-KU-ABD-044","DISTRICT":"Kachchh","BLOCK":"Abdasa"},"geometry":{"type":"Point","coordinates":[68.613224,23.2277805]}},{"type":"Feature","properties":{"GROUP.ID":"G18468362","LOCALITY":"Auto selected 22.84149, 69.81905","LATITUDE":22.841486,"LONGITUDE":69.819049,"OBSERVATION.DATE":"2026-09-27","OBSERVER.ID":"obsr3568724","DURATION.MINUTES":20.0,"SAMPLING.EVENT.IDENTIFIER":"S396669719","species_list":"Black-headed Ibis; Black Drongo; Common Greenshank; Crested Lark; Eurasian Whimbrel; Gray Heron; Greater Flamingo; Little Ringed Plover; Little Stint; Western Reef-Heron; Whiskered Tern; Wire-tailed Swallow","n_species":12,"focal_species_seen":"","focal_species_slugs":"","has_focal":false,"GRID_CODE":null,"DISTRICT":null,"BLOCK":null},"geometry":{"type":"Point","coordinates":[69.819049,22.841486]}},{"type":"Feature","properties":{"GROUP.ID":"G18468361","LOCALITY":"Mundra, Kachchh IN-Gujarat 22.85266, 69.81600","LATITUDE":22.85266,"LONGITUDE":69.816001,"OBSERVATION.DATE":"2026-09-27","OBSERVER.ID":"obsr3568724","DURATION.MINUTES":37.0,"SAMPLING.EVENT.IDENTIFIER":"S396670081","species_list":"Asian Green Bee-eater; Black-headed Ibis; Common Greenshank; Common Hoopoe; Common Kingfisher; Common Sandpiper; Eurasian Curlew; Gray Francolin; Gray Heron; Great Thick-knee; Greater Flamingo; Green Sandpiper; Little Cormorant; Medium Egret; Painted Stork; Western Reef-Heron; White-throated Kingfisher","n_species":17,"focal_species_seen":"","focal_species_slugs":"","has_focal":false,"GRID_CODE":null,"DISTRICT":null,"BLOCK":null},"geometry":{"type":"Point","coordinates":[69.816001,22.85266]}},{"type":"Feature","properties":{"GROUP.ID":"G18468360","LOCALITY":"Mundra, Kachchh IN-Gujarat 22.85817, 69.82667","LATITUDE":22.858171,"LONGITUDE":69.826673,"OBSERVATION.DATE":"2026-09-27","OBSERVER.ID":"obsr3568724","DURATION.MINUTES":17.0,"SAMPLING.EVENT.IDENTIFIER":"S396670650","species_list":"Black-winged Stilt; Common Sandpiper; Great Thick-knee; Gull-billed Tern; House Crow; Laughing Dove; Little Cormorant; Little Ringed Plover; Medium Egret; Red-wattled Lapwing; Temminck's Stint; Western Reef-Heron; Whiskered Tern","n_species":13,"focal_species_seen":"","focal_species_slugs":"","has_focal":false,"GRID_CODE":null,"DISTRICT":null,"BLOCK":null},"geometry":{"type":"Point","coordinates":[69.826673,22.858171]}},{"type":"Feature","properties":{"GROUP.ID":"G18468359","LOCALITY":"Mundra, Kachchh IN-Gujarat 22.85817, 69.82667","LATITUDE":22.858171,"LONGITUDE":69.826673,"OBSERVATION.DATE":"2026-09-27","OBSERVER.ID":"obsr3568724","DURATION.MINUTES":28.0,"SAMPLING.EVENT.IDENTIFIER":"S396670967","species_list":"Asian Green Bee-eater; Black-headed Ibis; Black-winged Stilt; Booted Eagle; Brahminy Kite; Common Kingfisher; Crested Lark; Eurasian Collared-Dove; Gray Heron; Great Thick-knee; House Sparrow; Indian Pond-Heron; Little Cormorant; Western Reef-Heron; White-throated Kingfisher; Wire-tailed Swallow","n_species":16,"focal_species_seen":"","focal_species_slugs":"","has_focal":false,"GRID_CODE":null,"DISTRICT":null,"BLOCK":null},"geometry":{"type":"Point","coordinates":[69.826673,22.858171]}},{"type":"Feature","properties":{"GROUP.ID":"G18468358","LOCALITY":"T5G2","LATITUDE":22.863184,"LONGITUDE":69.822751,"OBSERVATION.DATE":"2026-09-27","OBSERVER.ID":"obsr3568724","DURATION.MINUTES":76.0,"SAMPLING.EVENT.IDENTIFIER":"S396671796","species_list":"Asian Green Bee-eater; Black-winged Stilt; Common Babbler; Common Kingfisher; Crested Lark; Eurasian Spoonbill; Glossy Ibis; Gray Francolin; Great Thick-knee; House Crow; Indian Pond-Heron; Indian Spot-billed Duck; Laughing Dove; Little Cormorant; Little Egret; Little Swift; Medium Egret; Red-vented Bulbul; Whiskered Tern; White-eared Bulbul; White-throated Kingfisher; Wire-tailed Swallow","n_species":22,"focal_species_seen":"","focal_species_slugs":"","has_focal":false,"GRID_CODE":"GJ-KU-MUN-023","DISTRICT":"Kachchh","BLOCK":"Mundra"},"geometry":{"type":"Point","coordinates":[69.822751,22.863184]}},{"type":"Feature","properties":{"GROUP.ID":"G18468052","LOCALITY":"Banni Grasslands--Hodka-Dhordo Rd","LATITUDE":23.7169181,"LONGITUDE":69.5546579,"OBSERVATION.DATE":"2026-09-27","OBSERVER.ID":"obsr1065391","DURATION.MINUTES":null,"SAMPLING.EVENT.IDENTIFIER":"S396672237","species_list":"Montagu's Harrier","n_species":1,"focal_species_seen":"","focal_species_slugs":"","has_focal":false,"GRID_CODE":"GJ-KU-BHU-031","DISTRICT":"Kachchh","BLOCK":"Bhuj"},"geometry":{"type":"Point","coordinates":[69.5546579,23.7169181]}},{"type":"Feature","properties":{"GROUP.ID":"G18468054","LOCALITY":"Banni Grasslands--Hodka-Dhordo Rd","LATITUDE":23.7169181,"LONGITUDE":69.5546579,"OBSERVATION.DATE":"2026-09-27","OBSERVER.ID":"obsr1065391","DURATION.MINUTES":null,"SAMPLING.EVENT.IDENTIFIER":"S396672465","species_list":"European Roller","n_species":1,"focal_species_seen":"European Roller","focal_species_slugs":"european-roller","has_focal":true,"GRID_CODE":"GJ-KU-BHU-031","DISTRICT":"Kachchh","BLOCK":"Bhuj"},"geometry":{"type":"Point","coordinates":[69.5546579,23.7169181]}},{"type":"Feature","properties":{"GROUP.ID":"G18468056","LOCALITY":"Dhorada Mithdi Road, Kachchh IN-Gujarat 23.76159, 69.50164","LATITUDE":23.761588,"LONGITUDE":69.501643,"OBSERVATION.DATE":"2026-09-27","OBSERVER.ID":"obsr1065391","DURATION.MINUTES":null,"SAMPLING.EVENT.IDENTIFIER":"S396672587","species_list":"European Roller","n_species":1,"focal_species_seen":"European Roller","focal_species_slugs":"european-roller","has_focal":true,"GRID_CODE":"GJ-KU-BHU-018","DISTRICT":"Kachchh","BLOCK":"Bhuj"},"geometry":{"type":"Point","coordinates":[69.501643,23.761588]}},{"type":"Feature","properties":{"GROUP.ID":"G18496469","LOCALITY":"Vandhiya, Gujarat, IN (23.269, 70.625)","LATITUDE":23.2688133,"LONGITUDE":70.6229967,"OBSERVATION.DATE":"2026-09-27","OBSERVER.ID":"obsr3477017","DURATION.MINUTES":null,"SAMPLING.EVENT.IDENTIFIER":"S396672905","species_list":"Black-winged Stilt; Blue-cheeked Bee-eater; Common Babbler; Eastern Red-rumped Swallow; European Roller; Glossy Ibis; House Crow; House Sparrow; Indian Robin; Laughing Dove; Red-vented Bulbul; Red-wattled Lapwing; Shikra; Western Marsh Harrier; White-throated Kingfisher","n_species":15,"focal_species_seen":"Blue-cheeked Bee-eater; European Roller","focal_species_slugs":"blue-cheeked-bee-eater;european-roller","has_focal":true,"GRID_CODE":"GJ-KU-BHA-059","DISTRICT":"Kachchh","BLOCK":"Bhachau"},"geometry":{"type":"Point","coordinates":[70.6229967,23.2688133]}},{"type":"Feature","properties":{"GROUP.ID":"G18469052","LOCALITY":"T23-4 GJ-KU-BHA-014","LATITUDE":23.609517,"LONGITUDE":70.408775,"OBSERVATION.DATE":"2026-09-27","OBSERVER.ID":"obsr6576848","DURATION.MINUTES":42.0,"SAMPLING.EVENT.IDENTIFIER":"S396673134","species_list":"Ashy-crowned Sparrow-Lark; Asian Green Bee-eater; Black Drongo; Common Babbler; Common Hoopoe; Common Kingfisher; Common Sandpiper; Crested Lark; Delicate Prinia; Greater Short-toed Lark; Green Sandpiper; Gull-billed Tern; House Sparrow; Indian Robin; Indian Silverbill; Laughing Dove; Lesser Whitethroat; Little Swift; Plain Prinia; Purple Heron; Purple Sunbird; Red-vented Bulbul; Red-wattled Lapwing; River Tern; Rose-ringed Parakeet; Rosy Starling; Streak-throated Swallow; Sykes's Warbler; Tawny Pipit; Temminck's Stint; Variable Wheatear; Western Yellow Wagtail","n_species":32,"focal_species_seen":"","focal_species_slugs":"","has_focal":false,"GRID_CODE":"GJ-KU-BHA-014","DISTRICT":"Kachchh","BLOCK":"Bhachau"},"geometry":{"type":"Point","coordinates":[70.408775,23.609517]}},{"type":"Feature","properties":{"GROUP.ID":"G18468166","LOCALITY":"Great Rann of Kachchh--Dhordo","LATITUDE":23.801798,"LONGITUDE":69.5041466,"OBSERVATION.DATE":"2026-09-27","OBSERVER.ID":"obsr1065391","DURATION.MINUTES":9.0,"SAMPLING.EVENT.IDENTIFIER":"S396679631","species_list":"Blue-cheeked Bee-eater; Crested Lark; Desert Wheatear; Little Ringed Plover; Little Stint; Sand Lark","n_species":6,"focal_species_seen":"Blue-cheeked Bee-eater","focal_species_slugs":"blue-cheeked-bee-eater","has_focal":true,"GRID_CODE":"GJ-KU-BHU-018","DISTRICT":"Kachchh","BLOCK":"Bhuj"},"geometry":{"type":"Point","coordinates":[69.5041466,23.801798]}},{"type":"Feature","properties":{"GROUP.ID":"G18468185","LOCALITY":"Forest Rest House, Dhordo","LATITUDE":23.782004,"LONGITUDE":69.50849,"OBSERVATION.DATE":"2026-09-27","OBSERVER.ID":"obsr1065391","DURATION.MINUTES":37.0,"SAMPLING.EVENT.IDENTIFIER":"S396681120","species_list":"Ashy-crowned Sparrow-Lark; Asian Green Bee-eater; Black Drongo; Blue-cheeked Bee-eater; Common Babbler; Common Tailorbird; Eastern Red-rumped Swallow; Eurasian Collared-Dove; Gray Francolin; House Crow; House Sparrow; Indian Robin; Indian Silverbill; Laughing Dove; Lesser Whitethroat; Plain Prinia; Purple Sunbird; Red-wattled Lapwing; Streak-throated Swallow; White-eared Bulbul; White-throated Kingfisher; Yellow-throated Sparrow","n_species":22,"focal_species_seen":"Blue-cheeked Bee-eater","focal_species_slugs":"blue-cheeked-bee-eater","has_focal":true,"GRID_CODE":"GJ-KU-BHU-019","DISTRICT":"Kachchh","BLOCK":"Bhuj"},"geometry":{"type":"Point","coordinates":[69.50849,23.782004]}},{"type":"Feature","properties":{"GROUP.ID":"G18468821","LOCALITY":"Unnamed Road, Bhajir Vandh, Gujarat, IN (23.189, 68.85)","LATITUDE":23.1889269,"LONGITUDE":68.849697,"OBSERVATION.DATE":"2026-09-27","OBSERVER.ID":"obsr494050","DURATION.MINUTES":104.0,"SAMPLING.EVENT.IDENTIFIER":"S396682780","species_list":"Barn Swallow; Black Drongo; Booted Eagle; Common Babbler; Common Hoopoe; European Roller; Gray Francolin; Great Gray Shrike; Indian Bushlark; Long-billed Pipit; Long-legged Buzzard; Montagu's Harrier; Red-backed Shrike; River Tern; Rufous-fronted Prinia; Siberian Stonechat; Spotted Flycatcher; White-throated Kingfisher; Wire-tailed Swallow","n_species":19,"focal_species_seen":"European Roller; Red-backed Shrike; Spotted Flycatcher","focal_species_slugs":"european-roller;red-backed-shrike;spotted-flycatcher","has_focal":true,"GRID_CODE":"GJ-KU-ABD-060","DISTRICT":"Kachchh","BLOCK":"Abdasa"},"geometry":{"type":"Point","coordinates":[68.849697,23.1889269]}},{"type":"Feature","properties":{"GROUP.ID":"G18468390","LOCALITY":"T38-2,  Naredi, Gujarat, IN (23.176, 69.186)","LATITUDE":23.17626,"LONGITUDE":69.1860333,"OBSERVATION.DATE":"2026-09-27","OBSERVER.ID":"obsr769125","DURATION.MINUTES":61.0,"SAMPLING.EVENT.IDENTIFIER":"S396685730","species_list":"Ashy-crowned Sparrow-Lark; Asian Green Bee-eater; Barn Swallow; Bay-backed Shrike; Baya Weaver; Black-winged Kite; Black-winged Stilt; Black Drongo; Common Babbler; Common Cuckoo; Common Myna; Common Sandpiper; Common Tailorbird; Common Woodshrike; Dusky Crag-Martin; Eastern Cattle-Egret; Eastern Orphean Warbler; Eastern Red-rumped Swallow; Eurasian Collared-Dove; European Roller; Gray-breasted Prinia; Gray-headed Swamphen; Gray-necked Bunting; Gray Francolin; Gray Wagtail; Great Egret; Greater Coucal; Greater Short-toed Lark; Greater Whitethroat; Green Sandpiper; House Crow; House Sparrow; Indian Peafowl; Indian Pond-Heron; Indian Robin; Indian Silverbill; Indian Spot-billed Duck; Indian Thick-knee; Jungle Prinia; Laughing Dove; Lesser Whitethroat; Little Cormorant; Little Swift; Long-tailed Shrike; Oriental Darter; Pied Cuckoo; Plain Prinia; Purple Sunbird; Red-naped Ibis; Red-vented Bulbul; Red-wattled Lapwing; Red Collared-Dove; River Tern; Rosy Starling; Rufous-fronted Prinia; Rufous-tailed Lark; Siberian Stonechat; Spotted Flycatcher; Variable Wheatear; White-breasted Waterhen; White-browed Wagtail; White-throated Kingfisher; Wire-tailed Swallow; Yellow-throated Sparrow; Zitting Cisticola","n_species":65,"focal_species_seen":"Common Cuckoo; European Roller; Greater Whitethroat; Spotted Flycatcher","focal_species_slugs":"common-cuckoo;european-roller;greater-whitethroat;spotted-flycatcher","has_focal":true,"GRID_CODE":"GJ-KU-ABD-067","DISTRICT":"Kachchh","BLOCK":"Abdasa"},"geometry":{"type":"Point","coordinates":[69.1860333,23.17626]}},{"type":"Feature","properties":{"GROUP.ID":"G18468522","LOCALITY":"T12G5","LATITUDE":23.2849383,"LONGITUDE":70.1424419,"OBSERVATION.DATE":"2026-09-27","OBSERVER.ID":"obsr1301322","DURATION.MINUTES":33.0,"SAMPLING.EVENT.IDENTIFIER":"S396686229","species_list":"Ashy-crowned Sparrow-Lark; Asian Green Bee-eater; Common Babbler; Common Hoopoe; Gray-breasted Prinia; Gray-necked Bunting; House Sparrow; Indian Bushlark; Indian Robin; Indian Silverbill; Laughing Dove; Little Cormorant; Paddyfield Pipit; Pied Bushchat; Red-tailed Shrike; Red-wattled Lapwing; Rose-ringed Parakeet; Rufous-fronted Prinia; Shikra; Variable Wheatear; Western Marsh Harrier; Yellow-throated Sparrow","n_species":22,"focal_species_seen":"Red-tailed Shrike","focal_species_slugs":"red-tailed-shrike","has_focal":true,"GRID_CODE":"GJ-KU-ANJ-008","DISTRICT":"Kachchh","BLOCK":"Anjar"},"geometry":{"type":"Point","coordinates":[70.1424419,23.2849383]}},{"type":"Feature","properties":{"GROUP.ID":"G18468410","LOCALITY":"Naredi Road, Kanakpar, Gujarat, IN (23.196, 69.143)","LATITUDE":23.1958983,"LONGITUDE":69.1426983,"OBSERVATION.DATE":"2026-09-27","OBSERVER.ID":"obsr769125","DURATION.MINUTES":23.0,"SAMPLING.EVENT.IDENTIFIER":"S396688986","species_list":"Ashy-crowned Sparrow-Lark; Asian Green Bee-eater; Barn Swallow; Bay-backed Shrike; Baya Weaver; Black Drongo; Blue-cheeked Bee-eater; Brahminy Starling; Common Myna; Common Woodshrike; Crested Lark; Delicate Prinia; Eastern Cattle-Egret; Eastern Orphean Warbler; Eastern Red-rumped Swallow; Eurasian Collared-Dove; European Roller; Gray-breasted Prinia; Gray Francolin; Gray Heron; Gray Wagtail; Greater Coucal; Green Warbler; House Crow; House Sparrow; Indian Pond-Heron; Indian Robin; Indian Silverbill; Laughing Dove; Lesser Whitethroat; Little Swift; Long-tailed Shrike; Pied Cuckoo; Plain Prinia; Purple Sunbird; Red-naped Ibis; Red-vented Bulbul; Red-wattled Lapwing; Red Collared-Dove; Rose-ringed Parakeet; Rosy Starling; Rufous-fronted Prinia; Rufous-tailed Lark; Siberian Stonechat; Variable Wheatear; White-breasted Waterhen; White-throated Kingfisher; Wire-tailed Swallow; Zitting Cisticola","n_species":49,"focal_species_seen":"Blue-cheeked Bee-eater; European Roller","focal_species_slugs":"blue-cheeked-bee-eater;european-roller","has_focal":true,"GRID_CODE":"GJ-KU-ABD-066","DISTRICT":"Kachchh","BLOCK":"Abdasa"},"geometry":{"type":"Point","coordinates":[69.1426983,23.1958983]}},{"type":"Feature","properties":{"GROUP.ID":"G18470335","LOCALITY":"Rampar, Kacchch, Gujarat","LATITUDE":23.2769002,"LONGITUDE":69.2235292,"OBSERVATION.DATE":"2026-09-27","OBSERVER.ID":"obsr604291","DURATION.MINUTES":null,"SAMPLING.EVENT.IDENTIFIER":"S396689242","species_list":"Black-winged Stilt; Brahminy Starling; European Roller; Glossy Ibis; Red-naped Ibis","n_species":5,"focal_species_seen":"European Roller","focal_species_slugs":"european-roller","has_focal":true,"GRID_CODE":"GJ-KU-NAK-056","DISTRICT":"Kachchh","BLOCK":"Nakhatrana"},"geometry":{"type":"Point","coordinates":[69.2235292,23.2769002]}},{"type":"Feature","properties":{"GROUP.ID":"G18468460","LOCALITY":"Lodai Bhojardo Road, Kachchh IN-GJ 23.44700, 69.89057","LATITUDE":23.446998,"LONGITUDE":69.890575,"OBSERVATION.DATE":"2026-09-27","OBSERVER.ID":"obsr8001542","DURATION.MINUTES":70.0,"SAMPLING.EVENT.IDENTIFIER":"S396691010","species_list":"Asian Green Bee-eater; Barn Swallow; Bay-backed Shrike; Black Drongo; Common Babbler; Crested Lark; Desert Wheatear; Eurasian Collared-Dove; European Roller; Gray Francolin; Greater Short-toed Lark; House Sparrow; Indian Silverbill; Isabelline Shrike; Isabelline Wheatear; Laughing Dove; Lesser Whitethroat; Little Swift; Montagu's Harrier; Northern Shoveler; Red-backed Shrike; Red-tailed Shrike; Red-wattled Lapwing; Sand Lark; Siberian Stonechat; Variable Wheatear; White-throated Kingfisher","n_species":27,"focal_species_seen":"European Roller; Red-backed Shrike; Red-tailed Shrike","focal_species_slugs":"european-roller;red-backed-shrike;red-tailed-shrike","has_focal":true,"GRID_CODE":"GJ-KU-BHU-089","DISTRICT":"Kachchh","BLOCK":"Bhuj"},"geometry":{"type":"Point","coordinates":[69.890575,23.446998]}},{"type":"Feature","properties":{"GROUP.ID":"G18468427","LOCALITY":"T34G2","LATITUDE":23.4070875,"LONGITUDE":69.1905791,"OBSERVATION.DATE":"2026-09-26","OBSERVER.ID":"obsr1497019","DURATION.MINUTES":46.0,"SAMPLING.EVENT.IDENTIFIER":"S396691197","species_list":"Asian Green Bee-eater; Barn Swallow; Bay-backed Shrike; Baya Weaver; Blyth's Reed Warbler; Common Babbler; Common Tailorbird; Eastern Red-rumped Swallow; Eurasian Collared-Dove; European Roller; Gray Francolin; House Sparrow; Indian Robin; Laughing Dove; Lesser Whitethroat; Long-tailed Shrike; Paddyfield Pipit; Plain Prinia; Red-vented Bulbul; Rose-ringed Parakeet; Rufous-fronted Prinia; Siberian Stonechat; Spotted Flycatcher; Tawny Pipit; Western Yellow Wagtail; White-tailed Iora; Yellow-crowned Woodpecker","n_species":27,"focal_species_seen":"European Roller; Spotted Flycatcher","focal_species_slugs":"european-roller;spotted-flycatcher","has_focal":true,"GRID_CODE":"GJ-KU-NAK-043","DISTRICT":"Kachchh","BLOCK":"Nakhatrana"},"geometry":{"type":"Point","coordinates":[69.1905791,23.4070875]}},{"type":"Feature","properties":{"GROUP.ID":"G18470334","LOCALITY":"Fot Mahadev Scrub Forest","LATITUDE":23.2443165,"LONGITUDE":69.2014706,"OBSERVATION.DATE":"2026-09-27","OBSERVER.ID":"obsr604291","DURATION.MINUTES":35.0,"SAMPLING.EVENT.IDENTIFIER":"S396691959","species_list":"Gray-breasted Prinia; Green Sandpiper; Indian Robin; Jungle Prinia; Laughing Dove; Purple Sunbird; Spotted Flycatcher","n_species":7,"focal_species_seen":"Spotted Flycatcher","focal_species_slugs":"spotted-flycatcher","has_focal":true,"GRID_CODE":"GJ-KU-ABD-055","DISTRICT":"Kachchh","BLOCK":"Abdasa"},"geometry":{"type":"Point","coordinates":[69.2014706,23.2443165]}},{"type":"Feature","properties":{"GROUP.ID":"G18471702","LOCALITY":"Naliya - Kothara - Bhuj Highway, Bhanada, Gujarat, IN (23.188, 68.879)","LATITUDE":23.1882385,"LONGITUDE":68.8785695,"OBSERVATION.DATE":"2026-09-27","OBSERVER.ID":"obsr1205825","DURATION.MINUTES":113.0,"SAMPLING.EVENT.IDENTIFIER":"S396692094","species_list":"Asian Green Bee-eater; Barn Swallow; Booted Eagle; Common Babbler; Common Hoopoe; Great Gray Shrike; Indian Bushlark; Lesser Whitethroat; Long-legged Buzzard; Rain Quail; Red-backed Shrike; Rufous-fronted Prinia; Shikra; Siberian Stonechat; Variable Wheatear; White-throated Kingfisher; Wire-tailed Swallow; Zitting Cisticola","n_species":18,"focal_species_seen":"Red-backed Shrike","focal_species_slugs":"red-backed-shrike","has_focal":true,"GRID_CODE":"GJ-KU-ABD-061","DISTRICT":"Kachchh","BLOCK":"Abdasa"},"geometry":{"type":"Point","coordinates":[68.8785695,23.1882385]}},{"type":"Feature","properties":{"GROUP.ID":"G18468432","LOCALITY":"T8G3","LATITUDE":23.4459809,"LONGITUDE":69.9230551,"OBSERVATION.DATE":"2026-09-26","OBSERVER.ID":"obsr834427","DURATION.MINUTES":51.0,"SAMPLING.EVENT.IDENTIFIER":"S396692294","species_list":"Ashy-crowned Sparrow-Lark; Asian Green Bee-eater; Barn Swallow; Bay-backed Shrike; Black Drongo; Blue-cheeked Bee-eater; Common Babbler; Crested Lark; Delicate Prinia; Desert Wheatear; Eastern Cattle-Egret; European Roller; Gray Francolin; Greater Short-toed Lark; Indian Silverbill; Isabelline Shrike; Isabelline Wheatear; Laughing Dove; Lesser Whitethroat; Long-billed Pipit; Montagu's Harrier; Paddyfield Pipit; Red-backed Shrike; Red-naped Ibis; Red-tailed Shrike; Sykes's Nightjar; Tawny Pipit; Variable Wheatear; Whiskered Tern; White-eared Bulbul","n_species":30,"focal_species_seen":"Blue-cheeked Bee-eater; European Roller; Red-backed Shrike; Red-tailed Shrike","focal_species_slugs":"blue-cheeked-bee-eater;european-roller;red-backed-shrike;red-tailed-shrike","has_focal":true,"GRID_CODE":"GJ-KU-BHU-090","DISTRICT":"Kachchh","BLOCK":"Bhuj"},"geometry":{"type":"Point","coordinates":[69.9230551,23.4459809]}},{"type":"Feature","properties":{"GROUP.ID":"G18468437","LOCALITY":"T34G5","LATITUDE":23.2618059,"LONGITUDE":69.2661434,"OBSERVATION.DATE":"2026-09-26","OBSERVER.ID":"obsr1497019","DURATION.MINUTES":43.0,"SAMPLING.EVENT.IDENTIFIER":"S396692400","species_list":"Ashy-crowned Sparrow-Lark; Bay-backed Shrike; Common Babbler; Common Tailorbird; Eurasian Wryneck; Gray-necked Bunting; Gray Francolin; Indian Robin; Jungle Prinia; Laughing Dove; Purple Sunbird; Red-vented Bulbul; Small Minivet; Spotted Flycatcher; White-tailed Iora; White-throated Kingfisher; Wire-tailed Swallow","n_species":17,"focal_species_seen":"Spotted Flycatcher","focal_species_slugs":"spotted-flycatcher","has_focal":true,"GRID_CODE":"GJ-KU-NAK-057","DISTRICT":"Kachchh","BLOCK":"Nakhatrana"},"geometry":{"type":"Point","coordinates":[69.2661434,23.2618059]}},{"type":"Feature","properties":{"GROUP.ID":"G18468439","LOCALITY":"T34G4","LATITUDE":23.2887994,"LONGITUDE":69.1714228,"OBSERVATION.DATE":"2026-09-27","OBSERVER.ID":"obsr1497019","DURATION.MINUTES":48.0,"SAMPLING.EVENT.IDENTIFIER":"S396692889","species_list":"Asian Green Bee-eater; Bay-backed Shrike; Brahminy Starling; Common Babbler; Common Woodshrike; Eastern Cattle-Egret; Eurasian Collared-Dove; European Roller; Gray Francolin; Indian Peafowl; Indian Robin; Indian Silverbill; Laughing Dove; Lesser Whitethroat; Little Swift; Medium Egret; Purple Sunbird; Red-vented Bulbul; Rufous-fronted Prinia; Rufous-tailed Scrub-Robin; Spotted Flycatcher; White-tailed Iora; Wire-tailed Swallow; Yellow-throated Sparrow","n_species":24,"focal_species_seen":"European Roller; Rufous-tailed Scrub-Robin; Spotted Flycatcher","focal_species_slugs":"european-roller;rufous-tailed-scrub-robin;spotted-flycatcher","has_focal":true,"GRID_CODE":"GJ-KU-ABD-043","DISTRICT":"Kachchh","BLOCK":"Abdasa"},"geometry":{"type":"Point","coordinates":[69.1714228,23.2887994]}},{"type":"Feature","properties":{"GROUP.ID":"G18468442","LOCALITY":"T34G3","LATITUDE":23.2212403,"LONGITUDE":69.2090409,"OBSERVATION.DATE":"2026-09-27","OBSERVER.ID":"obsr1497019","DURATION.MINUTES":59.0,"SAMPLING.EVENT.IDENTIFIER":"S396693560","species_list":"Ashy-crowned Sparrow-Lark; Bay-backed Shrike; Black Drongo; Common Babbler; Eastern Cattle-Egret; Eastern Orphean Warbler; Gray-necked Bunting; Gray Francolin; Gray Heron; Gull-billed Tern; Indian Robin; Indian Roller; Indian Silverbill; Indian Thick-knee; Jungle Prinia; Laughing Dove; Lesser Whitethroat; Purple Sunbird; Red-backed Shrike; Red-vented Bulbul; River Tern; Rufous-fronted Prinia; Siberian Stonechat; Spotted Flycatcher; Sykes's Warbler; Whiskered Tern; White-tailed Iora; Wire-tailed Swallow; Yellow-crowned Woodpecker","n_species":29,"focal_species_seen":"Red-backed Shrike; Spotted Flycatcher","focal_species_slugs":"red-backed-shrike;spotted-flycatcher","has_focal":true,"GRID_CODE":"GJ-KU-NAK-060","DISTRICT":"Kachchh","BLOCK":"Nakhatrana"},"geometry":{"type":"Point","coordinates":[69.2090409,23.2212403]}},{"type":"Feature","properties":{"GROUP.ID":"S396694566","LOCALITY":"Rann of Kutch Lake, Kachchh IN-Gujarat 23.65323, 70.39500","LATITUDE":23.653233,"LONGITUDE":70.395001,"OBSERVATION.DATE":"2026-09-27","OBSERVER.ID":"obsr6576848","DURATION.MINUTES":188.0,"SAMPLING.EVENT.IDENTIFIER":"S396694566","species_list":"Asian Green Bee-eater; Black-winged Stilt; Common Greenshank; Common Sandpiper; Eurasian Kestrel; European Roller; Gull-billed Tern; Laughing Dove; Little Stint; Western Marsh Harrier","n_species":10,"focal_species_seen":"European Roller","focal_species_slugs":"european-roller","has_focal":true,"GRID_CODE":"GJ-KU-RAN-575","DISTRICT":"Kachchh","BLOCK":"Rann of Kachchh"},"geometry":{"type":"Point","coordinates":[70.395001,23.653233]}},{"type":"Feature","properties":{"GROUP.ID":"G18468464","LOCALITY":"T8G4","LATITUDE":23.4887391,"LONGITUDE":69.9717996,"OBSERVATION.DATE":"2026-09-26","OBSERVER.ID":"obsr834427","DURATION.MINUTES":51.0,"SAMPLING.EVENT.IDENTIFIER":"S396696124","species_list":"Ashy-crowned Sparrow-Lark; Barn Swallow; Black Drongo; Blue-cheeked Bee-eater; Bonelli's Eagle; Common Babbler; Common Quail; Common Sandpiper; Crested Lark; Delicate Prinia; Eastern Cattle-Egret; European Roller; Gray Francolin; Indian Courser; Indian Spot-billed Duck; Isabelline Shrike; Isabelline Wheatear; Laggar Falcon; Laughing Dove; Lesser Whitethroat; Marsh Sandpiper; Paddyfield Pipit; Purple Sunbird; Red-backed Shrike; Red-naped Ibis; Red-wattled Lapwing; Rufous-tailed Scrub-Robin; Short-toed Snake-Eagle; Siberian Stonechat; Sykes's Warbler; Tree Pipit; Variable Wheatear; Western Marsh Harrier; White-eared Bulbul; White-throated Kingfisher","n_species":35,"focal_species_seen":"Blue-cheeked Bee-eater; European Roller; Red-backed Shrike; Rufous-tailed Scrub-Robin","focal_species_slugs":"blue-cheeked-bee-eater;european-roller;red-backed-shrike;rufous-tailed-scrub-robin","has_focal":true,"GRID_CODE":"GJ-KU-RAN-591","DISTRICT":"Kachchh","BLOCK":"Rann of Kachchh"},"geometry":{"type":"Point","coordinates":[69.9717996,23.4887391]}},{"type":"Feature","properties":{"GROUP.ID":"G18468466","LOCALITY":"Unnamed Road, Berdo, Gujarat, IN (23.411, 69.937)","LATITUDE":23.410873,"LONGITUDE":69.9374135,"OBSERVATION.DATE":"2026-09-27","OBSERVER.ID":"obsr834427","DURATION.MINUTES":26.0,"SAMPLING.EVENT.IDENTIFIER":"S396696456","species_list":"Asian Green Bee-eater; Barn Swallow; Black-winged Kite; Black Drongo; Blue-cheeked Bee-eater; Common Babbler; Common Snipe; Crested Lark; Delicate Prinia; Eurasian Collared-Dove; European Roller; Gray Francolin; House Crow; House Sparrow; Indian Pond-Heron; Indian Silverbill; Laughing Dove; Lesser Whitethroat; Little Grebe; Little Swift; Marsh Sandpiper; Red-backed Shrike; Red-tailed Shrike; Red-vented Bulbul; Red-wattled Lapwing; Rosy Starling; Spotted Flycatcher; Variable Wheatear; Western Marsh Harrier; Whiskered Tern; White-eared Bulbul; White-eyed Buzzard; White-tailed Iora; White-throated Kingfisher; Wire-tailed Swallow; Yellow-throated Sparrow","n_species":36,"focal_species_seen":"Blue-cheeked Bee-eater; European Roller; Red-backed Shrike; Red-tailed Shrike; Spotted Flycatcher","focal_species_slugs":"blue-cheeked-bee-eater;european-roller;red-backed-shrike;red-tailed-shrike;spotted-flycatcher","has_focal":true,"GRID_CODE":"GJ-KU-BHU-090","DISTRICT":"Kachchh","BLOCK":"Bhuj"},"geometry":{"type":"Point","coordinates":[69.9374135,23.410873]}},{"type":"Feature","properties":{"GROUP.ID":"G18468474","LOCALITY":"T8G2","LATITUDE":23.3709387,"LONGITUDE":69.9894474,"OBSERVATION.DATE":"2026-09-27","OBSERVER.ID":"obsr834427","DURATION.MINUTES":60.0,"SAMPLING.EVENT.IDENTIFIER":"S396696882","species_list":"Ashy-crowned Sparrow-Lark; Asian Green Bee-eater; Asian Koel; Barn Swallow; Black-winged Kite; Blue-cheeked Bee-eater; Brahminy Starling; Common Babbler; Common Tailorbird; Eurasian Collared-Dove; Eurasian Kestrel; Eurasian Sparrowhawk; European Roller; Gray-breasted Prinia; Gray Francolin; Greater Short-toed Lark; Greater Whitethroat; Green Sandpiper; House Crow; Indian Golden Oriole; Indian Peafowl; Indian Robin; Isabelline Shrike; Jungle Prinia; Laughing Dove; Lesser Whitethroat; Little Swift; Long-legged Buzzard; Long-tailed Shrike; Oriental Honey-buzzard; Paddyfield Pipit; Purple Sunbird; Red-wattled Lapwing; Rose-ringed Parakeet; Shikra; Short-toed Snake-Eagle; Spotted Flycatcher; Striolated Bunting; Sykes's Warbler; Variable Wheatear; White-eared Bulbul; White-tailed Iora; White-throated Kingfisher; Yellow-eyed Babbler","n_species":44,"focal_species_seen":"Blue-cheeked Bee-eater; European Roller; Greater Whitethroat; Spotted Flycatcher","focal_species_slugs":"blue-cheeked-bee-eater;european-roller;greater-whitethroat;spotted-flycatcher","has_focal":true,"GRID_CODE":"GJ-KU-BHU-104","DISTRICT":"Kachchh","BLOCK":"Bhuj"},"geometry":{"type":"Point","coordinates":[69.9894474,23.3709387]}},{"type":"Feature","properties":{"GROUP.ID":"G18468475","LOCALITY":"T8G1","LATITUDE":23.3644733,"LONGITUDE":69.8910686,"OBSERVATION.DATE":"2026-09-27","OBSERVER.ID":"obsr834427","DURATION.MINUTES":60.0,"SAMPLING.EVENT.IDENTIFIER":"S396696972","species_list":"Ashy-crowned Sparrow-Lark; Asian Green Bee-eater; Barn Swallow; Black Drongo; Blue-cheeked Bee-eater; Common Babbler; Common Tailorbird; Crested Lark; Eastern Red-rumped Swallow; Eurasian Collared-Dove; European Roller; Glossy Ibis; Gray-breasted Prinia; Gray Francolin; Great Egret; Greater Coucal; Greater Short-toed Lark; Green Sandpiper; Indian Pond-Heron; Indian Robin; Indian Silverbill; Jungle Prinia; Laughing Dove; Lesser Whitethroat; Little Cormorant; Little Egret; Paddyfield Pipit; Pied Bushchat; Red-tailed Shrike; Red-vented Bulbul; Red-wattled Lapwing; River Tern; Rose-ringed Parakeet; Rufous-fronted Prinia; Sirkeer Malkoha; Spotted Flycatcher; Sykes's Warbler; Variable Wheatear; Whiskered Tern; White-eared Bulbul; White-tailed Iora; White-throated Kingfisher","n_species":42,"focal_species_seen":"Blue-cheeked Bee-eater; European Roller; Red-tailed Shrike; Spotted Flycatcher","focal_species_slugs":"blue-cheeked-bee-eater;european-roller;red-tailed-shrike;spotted-flycatcher","has_focal":true,"GRID_CODE":"GJ-KU-BHU-102","DISTRICT":"Kachchh","BLOCK":"Bhuj"},"geometry":{"type":"Point","coordinates":[69.8910686,23.3644733]}},{"type":"Feature","properties":{"GROUP.ID":"G18468620","LOCALITY":"Kachchh, Gujarat, IN (24.032, 69.661)","LATITUDE":24.0315072,"LONGITUDE":69.6611441,"OBSERVATION.DATE":"2026-09-27","OBSERVER.ID":"obsr701947","DURATION.MINUTES":null,"SAMPLING.EVENT.IDENTIFIER":"S396697387","species_list":"Blue-cheeked Bee-eater; European Roller","n_species":2,"focal_species_seen":"Blue-cheeked Bee-eater; European Roller","focal_species_slugs":"blue-cheeked-bee-eater;european-roller","has_focal":true,"GRID_CODE":"GJ-KU-RAN-270","DISTRICT":"Kachchh","BLOCK":"Rann of Kachchh"},"geometry":{"type":"Point","coordinates":[69.6611441,24.0315072]}},{"type":"Feature","properties":{"GROUP.ID":"G18469336","LOCALITY":"Mitti Dam","LATITUDE":23.3155897,"LONGITUDE":68.8623466,"OBSERVATION.DATE":"2026-09-27","OBSERVER.ID":"obsr3483163","DURATION.MINUTES":19.0,"SAMPLING.EVENT.IDENTIFIER":"S396698229","species_list":"Asian Green Bee-eater; Bank Swallow; Barn Swallow; Black-necked Stork; Common Sandpiper; Eastern Red-rumped Swallow; Eurasian Spoonbill; Glossy Ibis; Indian Spot-billed Duck; Isabelline Shrike; Kentish Plover; Laughing Dove; Lesser Whitethroat; Little Stint; Little Swift; Little Tern; Oriental Darter; Red-tailed Shrike; Streak-throated Swallow; Whiskered Tern; Wire-tailed Swallow; Wood Sandpiper","n_species":22,"focal_species_seen":"Red-tailed Shrike","focal_species_slugs":"red-tailed-shrike","has_focal":true,"GRID_CODE":"GJ-KU-ABD-025","DISTRICT":"Kachchh","BLOCK":"Abdasa"},"geometry":{"type":"Point","coordinates":[68.8623466,23.3155897]}},{"type":"Feature","properties":{"GROUP.ID":"G18468619","LOCALITY":"T30G4","LATITUDE":24.1060693,"LONGITUDE":69.7004139,"OBSERVATION.DATE":"2026-09-27","OBSERVER.ID":"obsr701947","DURATION.MINUTES":30.0,"SAMPLING.EVENT.IDENTIFIER":"S396698534","species_list":"Black Drongo; Blue-cheeked Bee-eater; Common Babbler; Eurasian Kestrel; European Roller; Gray Francolin; Great Gray Shrike; Laughing Dove; Long-billed Pipit; Montagu's Harrier; Purple Sunbird; Rufous-tailed Scrub-Robin; Whiskered Tern","n_species":13,"focal_species_seen":"Blue-cheeked Bee-eater; European Roller; Rufous-tailed Scrub-Robin","focal_species_slugs":"blue-cheeked-bee-eater;european-roller;rufous-tailed-scrub-robin","has_focal":true,"GRID_CODE":"GJ-KU-RAN-219","DISTRICT":"Kachchh","BLOCK":"Rann of Kachchh"},"geometry":{"type":"Point","coordinates":[69.7004139,24.1060693]}},{"type":"Feature","properties":{"GROUP.ID":"G18469360","LOCALITY":"Unnamed Road, Lifri, Gujarat, IN (23.507, 69.013)","LATITUDE":23.5070591,"LONGITUDE":69.0129555,"OBSERVATION.DATE":"2026-09-26","OBSERVER.ID":"obsr3483163","DURATION.MINUTES":null,"SAMPLING.EVENT.IDENTIFIER":"S396698998","species_list":"Indian Thick-knee","n_species":1,"focal_species_seen":"","focal_species_slugs":"","has_focal":false,"GRID_CODE":"GJ-KU-NAK-017","DISTRICT":"Kachchh","BLOCK":"Nakhatrana"},"geometry":{"type":"Point","coordinates":[69.0129555,23.5070591]}},{"type":"Feature","properties":{"GROUP.ID":"G18468618","LOCALITY":"T30G3","LATITUDE":24.1466216,"LONGITUDE":69.5717173,"OBSERVATION.DATE":"2026-09-27","OBSERVER.ID":"obsr701947","DURATION.MINUTES":46.0,"SAMPLING.EVENT.IDENTIFIER":"S396699086","species_list":"Blue-cheeked Bee-eater; Common Babbler; Eurasian Curlew; Greater Short-toed Lark; Kentish Plover; Little Ringed Plover; Little Stint; Marsh Sandpiper; Montagu's Harrier; Purple Sunbird; Temminck's Stint; Tibetan Sand-Plover; Western Marsh Harrier; Western Yellow Wagtail","n_species":14,"focal_species_seen":"Blue-cheeked Bee-eater","focal_species_slugs":"blue-cheeked-bee-eater","has_focal":true,"GRID_CODE":"GJ-KU-RAN-167","DISTRICT":"Kachchh","BLOCK":"Rann of Kachchh"},"geometry":{"type":"Point","coordinates":[69.5717173,24.1466216]}},{"type":"Feature","properties":{"GROUP.ID":"G18468617","LOCALITY":"Kalo Dungar--Walking trail","LATITUDE":23.9352934,"LONGITUDE":69.8142951,"OBSERVATION.DATE":"2026-09-27","OBSERVER.ID":"obsr701947","DURATION.MINUTES":null,"SAMPLING.EVENT.IDENTIFIER":"S396699359","species_list":"Montagu's Harrier","n_species":1,"focal_species_seen":"","focal_species_slugs":"","has_focal":false,"GRID_CODE":"GJ-KU-BHU-003","DISTRICT":"Kachchh","BLOCK":"Bhuj"},"geometry":{"type":"Point","coordinates":[69.8142951,23.9352934]}},{"type":"Feature","properties":{"GROUP.ID":"S396699556","LOCALITY":"India Bridge, Kachchh, Gujarat, IN (23.987, 69.745)","LATITUDE":23.987182,"LONGITUDE":69.7448963,"OBSERVATION.DATE":"2026-09-27","OBSERVER.ID":"obsr701947","DURATION.MINUTES":10.0,"SAMPLING.EVENT.IDENTIFIER":"S396699556","species_list":"Ashy-crowned Sparrow-Lark; Eastern Red-rumped Swallow; Eurasian Collared-Dove; House Sparrow; Laughing Dove","n_species":5,"focal_species_seen":"","focal_species_slugs":"","has_focal":false,"GRID_CODE":"GJ-KU-RAN-324","DISTRICT":"Kachchh","BLOCK":"Rann of Kachchh"},"geometry":{"type":"Point","coordinates":[69.7448963,23.987182]}},{"type":"Feature","properties":{"GROUP.ID":"G18468616","LOCALITY":"Gujarat State Highway 45, Kachchh, Gujarat, IN (24.018, 69.68)","LATITUDE":24.0183896,"LONGITUDE":69.6802542,"OBSERVATION.DATE":"2026-09-27","OBSERVER.ID":"obsr701947","DURATION.MINUTES":null,"SAMPLING.EVENT.IDENTIFIER":"S396699844","species_list":"Asian Green Bee-eater; House Sparrow; Red-vented Bulbul; Spotted Flycatcher; White-eared Bulbul","n_species":5,"focal_species_seen":"Spotted Flycatcher","focal_species_slugs":"spotted-flycatcher","has_focal":true,"GRID_CODE":"GJ-KU-RAN-270","DISTRICT":"Kachchh","BLOCK":"Rann of Kachchh"},"geometry":{"type":"Point","coordinates":[69.6802542,24.0183896]}},{"type":"Feature","properties":{"GROUP.ID":"G18468615","LOCALITY":"Unnamed Road, Kachchh, Gujarat, IN (23.989, 69.731)","LATITUDE":23.9886772,"LONGITUDE":69.7311784,"OBSERVATION.DATE":"2026-09-27","OBSERVER.ID":"obsr701947","DURATION.MINUTES":null,"SAMPLING.EVENT.IDENTIFIER":"S396700045","species_list":"Asian Green Bee-eater; Black Drongo; European Roller","n_species":3,"focal_species_seen":"European Roller","focal_species_slugs":"european-roller","has_focal":true,"GRID_CODE":"GJ-KU-RAN-324","DISTRICT":"Kachchh","BLOCK":"Rann of Kachchh"},"geometry":{"type":"Point","coordinates":[69.7311784,23.9886772]}},{"type":"Feature","properties":{"GROUP.ID":"G18469359","LOCALITY":"Lifri, Gujarat, IN (23.503, 68.986)","LATITUDE":23.5029542,"LONGITUDE":68.9863282,"OBSERVATION.DATE":"2026-09-26","OBSERVER.ID":"obsr3483163","DURATION.MINUTES":58.0,"SAMPLING.EVENT.IDENTIFIER":"S396700066","species_list":"Asian Koel; Bay-backed Shrike; Baya Weaver; Black Drongo; Blyth's Reed Warbler; Common Babbler; Eastern Red-rumped Swallow; Eurasian Collared-Dove; Gray Francolin; Gray Wagtail; House Sparrow; Indian Peafowl; Indian Pond-Heron; Indian Robin; Indian Spot-billed Duck; Laughing Dove; Little Grebe; Purple Sunbird; Red-vented Bulbul; Red-wattled Lapwing; Small Minivet; White-throated Kingfisher; Wire-tailed Swallow; Yellow-throated Sparrow","n_species":24,"focal_species_seen":"","focal_species_slugs":"","has_focal":false,"GRID_CODE":"GJ-KU-NAK-016","DISTRICT":"Kachchh","BLOCK":"Nakhatrana"},"geometry":{"type":"Point","coordinates":[68.9863282,23.5029542]}},{"type":"Feature","properties":{"GROUP.ID":"G18468614","LOCALITY":"Unnamed Road, Kachchh, Gujarat, IN (24.086, 69.64)","LATITUDE":24.0858334,"LONGITUDE":69.6402843,"OBSERVATION.DATE":"2026-09-27","OBSERVER.ID":"obsr701947","DURATION.MINUTES":null,"SAMPLING.EVENT.IDENTIFIER":"S396700252","species_list":"House Crow; Western Marsh Harrier","n_species":2,"focal_species_seen":"","focal_species_slugs":"","has_focal":false,"GRID_CODE":"GJ-KU-RAN-218","DISTRICT":"Kachchh","BLOCK":"Rann of Kachchh"},"geometry":{"type":"Point","coordinates":[69.6402843,24.0858334]}},{"type":"Feature","properties":{"GROUP.ID":"G18469358","LOCALITY":"Lifri, Gujarat, IN (23.496, 68.987)","LATITUDE":23.4958324,"LONGITUDE":68.9873577,"OBSERVATION.DATE":"2026-09-26","OBSERVER.ID":"obsr3483163","DURATION.MINUTES":34.0,"SAMPLING.EVENT.IDENTIFIER":"S396700286","species_list":"Bay-backed Shrike; Common Woodshrike; Eastern Cattle-Egret; Eurasian Collared-Dove; Gray Francolin; Indian Peafowl; Little Egret; Red-backed Shrike; White-tailed Iora","n_species":9,"focal_species_seen":"Red-backed Shrike","focal_species_slugs":"red-backed-shrike","has_focal":true,"GRID_CODE":"GJ-KU-NAK-016","DISTRICT":"Kachchh","BLOCK":"Nakhatrana"},"geometry":{"type":"Point","coordinates":[68.9873577,23.4958324]}},{"type":"Feature","properties":{"GROUP.ID":"S396700488","LOCALITY":"Unnamed Road, Kachchh, Gujarat, IN (24.145, 69.58)","LATITUDE":24.1449953,"LONGITUDE":69.5796173,"OBSERVATION.DATE":"2026-09-27","OBSERVER.ID":"obsr701947","DURATION.MINUTES":24.0,"SAMPLING.EVENT.IDENTIFIER":"S396700488","species_list":"Little Ringed Plover; Tawny Pipit","n_species":2,"focal_species_seen":"","focal_species_slugs":"","has_focal":false,"GRID_CODE":"GJ-KU-RAN-167","DISTRICT":"Kachchh","BLOCK":"Rann of Kachchh"},"geometry":{"type":"Point","coordinates":[69.5796173,24.1449953]}},{"type":"Feature","properties":{"GROUP.ID":"G18469357","LOCALITY":"Unnamed Road, Lifri, Gujarat, IN (23.501, 68.993)","LATITUDE":23.5012846,"LONGITUDE":68.9930438,"OBSERVATION.DATE":"2026-09-26","OBSERVER.ID":"obsr3483163","DURATION.MINUTES":null,"SAMPLING.EVENT.IDENTIFIER":"S396700596","species_list":"Ashy-crowned Sparrow-Lark; Asian Green Bee-eater; Brahminy Starling; Common Hoopoe; Eurasian Collared-Dove; Glossy Ibis; Indian Robin; Jungle Prinia; Laughing Dove; Red-wattled Lapwing; Rufous-tailed Lark; Siberian Stonechat; White-eared Bulbul; Wire-tailed Swallow","n_species":14,"focal_species_seen":"","focal_species_slugs":"","has_focal":false,"GRID_CODE":"GJ-KU-NAK-016","DISTRICT":"Kachchh","BLOCK":"Nakhatrana"},"geometry":{"type":"Point","coordinates":[68.9930438,23.5012846]}},{"type":"Feature","properties":{"GROUP.ID":"G18468622","LOCALITY":"Dhori-Kunaria Road, Kunaria Nana-Mota, Gujarat, IN (23.427, 69.746)","LATITUDE":23.4269583,"LONGITUDE":69.7462767,"OBSERVATION.DATE":"2026-09-27","OBSERVER.ID":"obsr6495382","DURATION.MINUTES":null,"SAMPLING.EVENT.IDENTIFIER":"S396700977","species_list":"European Roller","n_species":1,"focal_species_seen":"European Roller","focal_species_slugs":"european-roller","has_focal":true,"GRID_CODE":"GJ-KU-BHU-086","DISTRICT":"Kachchh","BLOCK":"Bhuj"},"geometry":{"type":"Point","coordinates":[69.7462767,23.4269583]}},{"type":"Feature","properties":{"GROUP.ID":"S396701491","LOCALITY":"Dhori-Kunaria Road, Kunaria Nana-Mota, Gujarat, IN (23.417, 69.735)","LATITUDE":23.4167533,"LONGITUDE":69.73517,"OBSERVATION.DATE":"2026-09-27","OBSERVER.ID":"obsr6495382","DURATION.MINUTES":null,"SAMPLING.EVENT.IDENTIFIER":"S396701491","species_list":"European Roller","n_species":1,"focal_species_seen":"European Roller","focal_species_slugs":"european-roller","has_focal":true,"GRID_CODE":"GJ-KU-BHU-086","DISTRICT":"Kachchh","BLOCK":"Bhuj"},"geometry":{"type":"Point","coordinates":[69.73517,23.4167533]}},{"type":"Feature","properties":{"GROUP.ID":"G18468530","LOCALITY":"Kachchh, Gujarat, IN (23.324, 70.208)","LATITUDE":23.3241264,"LONGITUDE":70.2076592,"OBSERVATION.DATE":"2026-09-26","OBSERVER.ID":"obsr7963659","DURATION.MINUTES":135.0,"SAMPLING.EVENT.IDENTIFIER":"S396702499","species_list":"Ashy-crowned Sparrow-Lark; Asian Green Bee-eater; Baya Weaver; Black-headed Ibis; Black-winged Stilt; Common Babbler; Common Hoopoe; Eastern Cattle-Egret; Eurasian Collared-Dove; European Roller; Glossy Ibis; Gray-breasted Prinia; Gray-necked Bunting; Gray Francolin; House Sparrow; Indian Bushlark; Indian Pond-Heron; Indian Robin; Indian Silverbill; Laughing Dove; Little Cormorant; Little Egret; Pied Bushchat; Plain Prinia; Purple Sunbird; Red-naped Ibis; Red-vented Bulbul; Red-wattled Lapwing; River Tern; Rose-ringed Parakeet; Rosy Starling; Shikra; Spotted Flycatcher; Striolated Bunting; Tree Pipit; White-eared Bulbul; White-throated Kingfisher; Wood Sandpiper; Yellow-eyed Babbler","n_species":39,"focal_species_seen":"European Roller; Spotted Flycatcher","focal_species_slugs":"european-roller;spotted-flycatcher","has_focal":true,"GRID_CODE":"GJ-KU-BHA-040","DISTRICT":"Kachchh","BLOCK":"Bhachau"},"geometry":{"type":"Point","coordinates":[70.2076592,23.3241264]}},{"type":"Feature","properties":{"GROUP.ID":"G18468648","LOCALITY":"Bhujpur-Budhamora Road, Kachchh, Gujarat, IN (23.347, 70.189)","LATITUDE":23.3470006,"LONGITUDE":70.1893447,"OBSERVATION.DATE":"2026-09-26","OBSERVER.ID":"obsr7963659","DURATION.MINUTES":3.0,"SAMPLING.EVENT.IDENTIFIER":"S396704321","species_list":"Gray Heron; Little Grebe; Red-wattled Lapwing; White-throated Kingfisher","n_species":4,"focal_species_seen":"","focal_species_slugs":"","has_focal":false,"GRID_CODE":"GJ-KU-ANJ-005","DISTRICT":"Kachchh","BLOCK":"Anjar"},"geometry":{"type":"Point","coordinates":[70.1893447,23.3470006]}},{"type":"Feature","properties":{"GROUP.ID":"G18468568","LOCALITY":"T37G5, Gujarat, IN (23.237, 68.983)","LATITUDE":23.236725,"LONGITUDE":68.9830899,"OBSERVATION.DATE":"2026-09-27","OBSERVER.ID":"obsr2323937","DURATION.MINUTES":25.0,"SAMPLING.EVENT.IDENTIFIER":"S396704394","species_list":"Ashy-crowned Sparrow-Lark; Asian Desert Warbler; Asian Green Bee-eater; Asian Koel; Bay-backed Shrike; Black-winged Kite; Black Drongo; Black Francolin; Common Babbler; Common Hoopoe; Eastern Orphean Warbler; Eurasian Collared-Dove; Glossy Ibis; Gray-necked Bunting; Gray Francolin; Greater Whitethroat; Indian Bushlark; Indian Peafowl; Indian Pond-Heron; Indian Robin; Indian Silverbill; Isabelline Shrike; Laughing Dove; Paddyfield Pipit; Pied Bushchat; Purple Sunbird; Red-tailed Shrike; Red-vented Bulbul; Red-wattled Lapwing; Rose-ringed Parakeet; Rosy Starling; Shikra; Siberian Stonechat; Small Minivet; Spotted Flycatcher; Sykes's Warbler; Tawny Pipit; Variable Wheatear; Wire-tailed Swallow","n_species":39,"focal_species_seen":"Greater Whitethroat; Red-tailed Shrike; Spotted Flycatcher","focal_species_slugs":"greater-whitethroat;red-tailed-shrike;spotted-flycatcher","has_focal":true,"GRID_CODE":"GJ-KU-ABD-051","DISTRICT":"Kachchh","BLOCK":"Abdasa"},"geometry":{"type":"Point","coordinates":[68.9830899,23.236725]}},{"type":"Feature","properties":{"GROUP.ID":"G18468566","LOCALITY":"T37G1, Gujarat, IN (23.056, 68.887)","LATITUDE":23.0561573,"LONGITUDE":68.8867959,"OBSERVATION.DATE":"2026-09-26","OBSERVER.ID":"obsr2323937","DURATION.MINUTES":46.0,"SAMPLING.EVENT.IDENTIFIER":"S396704604","species_list":"Asian Green Bee-eater; Barred Buttonquail; Baya Weaver; Black Drongo; Common Hoopoe; Common Kingfisher; Common Myna; Common Tailorbird; Eastern Cattle-Egret; Eastern Orphean Warbler; Eastern Red-rumped Swallow; European Roller; Greater Coucal; Greater Whitethroat; Green Sandpiper; Indian Peafowl; Indian Robin; Indian Roller; Indian Thick-knee; Lesser Whitethroat; Little Egret; Paddyfield Pipit; Pied Bushchat; Pied Cuckoo; Plain Prinia; Purple Sunbird; Red-wattled Lapwing; Rose-ringed Parakeet; Rufous-fronted Prinia; Siberian Stonechat; Tawny Pipit; Variable Wheatear; White-eared Bulbul; Wire-tailed Swallow; Zitting Cisticola","n_species":35,"focal_species_seen":"European Roller; Greater Whitethroat","focal_species_slugs":"european-roller;greater-whitethroat","has_focal":true,"GRID_CODE":"GJ-KU-ABD-087","DISTRICT":"Kachchh","BLOCK":"Abdasa"},"geometry":{"type":"Point","coordinates":[68.8867959,23.0561573]}},{"type":"Feature","properties":{"GROUP.ID":"G18468567","LOCALITY":"T37G2, Gujarat, IN (23.083, 68.819)","LATITUDE":23.0825776,"LONGITUDE":68.8188242,"OBSERVATION.DATE":"2026-09-26","OBSERVER.ID":"obsr2323937","DURATION.MINUTES":34.0,"SAMPLING.EVENT.IDENTIFIER":"S396704696","species_list":"Ashy-crowned Sparrow-Lark; Eastern Cattle-Egret; European Roller; Green Sandpiper; Pied Kingfisher; Red-backed Shrike; Red-naped Ibis; Red-wattled Lapwing; Rufous-fronted Prinia; Rufous-tailed Scrub-Robin","n_species":10,"focal_species_seen":"European Roller; Red-backed Shrike; Rufous-tailed Scrub-Robin","focal_species_slugs":"european-roller;red-backed-shrike;rufous-tailed-scrub-robin","has_focal":true,"GRID_CODE":"GJ-KU-ABD-079","DISTRICT":"Kachchh","BLOCK":"Abdasa"},"geometry":{"type":"Point","coordinates":[68.8188242,23.0825776]}},{"type":"Feature","properties":{"GROUP.ID":"G18468571","LOCALITY":"T37G3, Gujarat, IN (23.133, 68.896)","LATITUDE":23.1333777,"LONGITUDE":68.8960585,"OBSERVATION.DATE":"2026-09-26","OBSERVER.ID":"obsr2323937","DURATION.MINUTES":42.0,"SAMPLING.EVENT.IDENTIFIER":"S396704821","species_list":"Asian Green Bee-eater; Barred Buttonquail; Bay-backed Shrike; Black Drongo; Common Babbler; Common Hoopoe; Eurasian Collared-Dove; European Roller; Greater Coucal; Green Sandpiper; Green Warbler; Indian Golden Oriole; Indian Peafowl; Indian Robin; Indian Roller; Laughing Dove; Long-tailed Shrike; Pied Bushchat; Pied Cuckoo; Plain Prinia; Purple Sunbird; Red-naped Ibis; Red-tailed Shrike; Rosy Starling; Rufous-fronted Prinia; Siberian Stonechat; Spotted Flycatcher","n_species":27,"focal_species_seen":"European Roller; Red-tailed Shrike; Spotted Flycatcher","focal_species_slugs":"european-roller;red-tailed-shrike;spotted-flycatcher","has_focal":true,"GRID_CODE":"GJ-KU-ABD-072","DISTRICT":"Kachchh","BLOCK":"Abdasa"},"geometry":{"type":"Point","coordinates":[68.8960585,23.1333777]}},{"type":"Feature","properties":{"GROUP.ID":"G18468570","LOCALITY":"T37G4 Gujarat, IN (23.161, 68.912)","LATITUDE":23.1610449,"LONGITUDE":68.9119724,"OBSERVATION.DATE":"2026-09-26","OBSERVER.ID":"obsr2323937","DURATION.MINUTES":37.0,"SAMPLING.EVENT.IDENTIFIER":"S396704903","species_list":"Asian Green Bee-eater; Baya Weaver; Black Drongo; Common Babbler; Eurasian Collared-Dove; Gray-breasted Prinia; Green Warbler; Plain Prinia; Purple Sunbird; Red-vented Bulbul; Red-wattled Lapwing; Rock Bush-Quail; Rose-ringed Parakeet; Rosy Starling; Spotted Flycatcher; Western Yellow Wagtail; White-throated Kingfisher","n_species":17,"focal_species_seen":"Spotted Flycatcher","focal_species_slugs":"spotted-flycatcher","has_focal":true,"GRID_CODE":"GJ-KU-ABD-062","DISTRICT":"Kachchh","BLOCK":"Abdasa"},"geometry":{"type":"Point","coordinates":[68.9119724,23.1610449]}},{"type":"Feature","properties":{"GROUP.ID":"G18474881","LOCALITY":"Dholavira, Gujarat, IN (23.887, 70.213)","LATITUDE":23.8872855,"LONGITUDE":70.2133817,"OBSERVATION.DATE":"2026-09-27","OBSERVER.ID":"obsr807380","DURATION.MINUTES":27.0,"SAMPLING.EVENT.IDENTIFIER":"S396705269","species_list":"House Sparrow; Laughing Dove; Striolated Bunting","n_species":3,"focal_species_seen":"","focal_species_slugs":"","has_focal":false,"GRID_CODE":"GJ-KU-BHA-003","DISTRICT":"Kachchh","BLOCK":"Bhachau"},"geometry":{"type":"Point","coordinates":[70.2133817,23.8872855]}},{"type":"Feature","properties":{"GROUP.ID":"G18468647","LOCALITY":"Bhujpur-Budhamora Road, Baniari, Gujarat, IN (23.377, 70.18)","LATITUDE":23.3773437,"LONGITUDE":70.1797223,"OBSERVATION.DATE":"2026-09-26","OBSERVER.ID":"obsr7963659","DURATION.MINUTES":227.0,"SAMPLING.EVENT.IDENTIFIER":"S396705724","species_list":"Asian Green Bee-eater; Asian Koel; Barn Swallow; Bay-backed Shrike; Baya Weaver; Black-winged Kite; Black Drongo; Brahminy Starling; Chestnut-bellied Sandgrouse; Common Hoopoe; Common Kingfisher; Common Sandpiper; Eurasian Collared-Dove; Eurasian Coot; European Roller; Gray Francolin; Great Gray Shrike; Greater Flamingo; Green-winged Teal; House Crow; House Sparrow; Indian Bushlark; Indian Pond-Heron; Indian Silverbill; Laughing Dove; Little Egret; Little Grebe; Marsh Sandpiper; Montagu's Harrier; Pied Bushchat; Plain Prinia; Purple Sunbird; Red-wattled Lapwing; River Tern; Siberian Stonechat; Spotted Flycatcher; Variable Wheatear; Wire-tailed Swallow","n_species":38,"focal_species_seen":"European Roller; Spotted Flycatcher","focal_species_slugs":"european-roller;spotted-flycatcher","has_focal":true,"GRID_CODE":"GJ-KU-BHA-030","DISTRICT":"Kachchh","BLOCK":"Bhachau"},"geometry":{"type":"Point","coordinates":[70.1797223,23.3773437]}},{"type":"Feature","properties":{"GROUP.ID":"G18468646","LOCALITY":"Unnamed Road, Kachchh, Gujarat, IN (23.317, 70.113)","LATITUDE":23.3171773,"LONGITUDE":70.1130003,"OBSERVATION.DATE":"2026-09-26","OBSERVER.ID":"obsr7963659","DURATION.MINUTES":127.0,"SAMPLING.EVENT.IDENTIFIER":"S396706448","species_list":"Asian Green Bee-eater; Bay-backed Shrike; Black-winged Kite; Blue-cheeked Bee-eater; Common Babbler; Eurasian Collared-Dove; Eurasian Wryneck; European Roller; Gray-breasted Prinia; Gray-necked Bunting; House Sparrow; Indian Roller; Indian Silverbill; Jungle Prinia; Laughing Dove; Little Egret; Long-tailed Shrike; Plain Prinia; Purple Sunbird; Red-naped Ibis; Red-vented Bulbul; Red-wattled Lapwing; Shikra; Spotted Flycatcher; Variable Wheatear; White-eared Bulbul; White-throated Kingfisher; Yellow-throated Sparrow","n_species":28,"focal_species_seen":"Blue-cheeked Bee-eater; European Roller; Spotted Flycatcher","focal_species_slugs":"blue-cheeked-bee-eater;european-roller;spotted-flycatcher","has_focal":true,"GRID_CODE":"GJ-KU-ANJ-004","DISTRICT":"Kachchh","BLOCK":"Anjar"},"geometry":{"type":"Point","coordinates":[70.1130003,23.3171773]}},{"type":"Feature","properties":{"GROUP.ID":"G18468601","LOCALITY":"T48G3","LATITUDE":23.379726,"LONGITUDE":68.731851,"OBSERVATION.DATE":"2026-09-26","OBSERVER.ID":"obsr2395706","DURATION.MINUTES":43.0,"SAMPLING.EVENT.IDENTIFIER":"S396706562","species_list":"Ashy-crowned Sparrow-Lark; Asian Green Bee-eater; Bay-backed Shrike; Black-winged Stilt; Black Drongo; Common Babbler; Common Tailorbird; Eastern Red-rumped Swallow; Eurasian Collared-Dove; European Roller; Glossy Ibis; Gray Francolin; Great Egret; Indian Bushlark; Indian Peafowl; Indian Robin; Laughing Dove; Little Cormorant; Little Swift; Purple Sunbird; Red-naped Ibis; Red-vented Bulbul; Red-wattled Lapwing; Rose-ringed Parakeet; Rufous-fronted Prinia; Siberian Stonechat; Tawny Pipit; White-eared Bulbul; White-tailed Iora; Yellow-crowned Woodpecker; Yellow-throated Sparrow","n_species":31,"focal_species_seen":"European Roller","focal_species_slugs":"european-roller","has_focal":true,"GRID_CODE":"GJ-KU-ABD-013","DISTRICT":"Kachchh","BLOCK":"Abdasa"},"geometry":{"type":"Point","coordinates":[68.731851,23.379726]}},{"type":"Feature","properties":{"GROUP.ID":"G18468644","LOCALITY":"Dudhai Road, Dudhai, Gujarat, IN (23.333, 70.133)","LATITUDE":23.3328653,"LONGITUDE":70.1325225,"OBSERVATION.DATE":"2026-09-26","OBSERVER.ID":"obsr7963659","DURATION.MINUTES":75.0,"SAMPLING.EVENT.IDENTIFIER":"S396706646","species_list":"Ashy-crowned Sparrow-Lark; Asian Green Bee-eater; Bay-backed Shrike; Common Babbler; Common Hoopoe; Eastern Cattle-Egret; Eurasian Collared-Dove; European Roller; Greater Coucal; House Crow; Indian Silverbill; Laughing Dove; Pied Bushchat; Purple Sunbird; Red-vented Bulbul; Red-wattled Lapwing; Variable Wheatear; White-eared Bulbul; Wire-tailed Swallow; Yellow-wattled Lapwing","n_species":20,"focal_species_seen":"European Roller","focal_species_slugs":"european-roller","has_focal":true,"GRID_CODE":"GJ-KU-ANJ-004","DISTRICT":"Kachchh","BLOCK":"Anjar"},"geometry":{"type":"Point","coordinates":[70.1325225,23.3328653]}},{"type":"Feature","properties":{"GROUP.ID":"G18468600","LOCALITY":"Ukir Sukhpar Sayand Road, Kachchh IN-Gujarat 23.38291, 68.73359","LATITUDE":23.382909,"LONGITUDE":68.733594,"OBSERVATION.DATE":"2026-09-26","OBSERVER.ID":"obsr2395706","DURATION.MINUTES":30.0,"SAMPLING.EVENT.IDENTIFIER":"S396706712","species_list":"Black Drongo; Chestnut-bellied Sandgrouse; Common Babbler; Common Tailorbird; Eurasian Collared-Dove; European Roller; Gray Francolin; Indian Thick-knee; Red-vented Bulbul; Red-wattled Lapwing; Spotted Owlet; Yellow-wattled Lapwing","n_species":12,"focal_species_seen":"European Roller","focal_species_slugs":"european-roller","has_focal":true,"GRID_CODE":"GJ-KU-ABD-013","DISTRICT":"Kachchh","BLOCK":"Abdasa"},"geometry":{"type":"Point","coordinates":[68.733594,23.382909]}},{"type":"Feature","properties":{"GROUP.ID":"G18468643","LOCALITY":"Bhujpar, Gujarat, IN (23.31, 70.138)","LATITUDE":23.3097276,"LONGITUDE":70.1376496,"OBSERVATION.DATE":"2026-09-27","OBSERVER.ID":"obsr7963659","DURATION.MINUTES":67.0,"SAMPLING.EVENT.IDENTIFIER":"S396706782","species_list":"Asian Green Bee-eater; Common Babbler; Common Tailorbird; Eurasian Collared-Dove; European Roller; Gray Francolin; House Sparrow; Indian Bushlark; Indian Robin; Laughing Dove; Lesser Whitethroat; Long-tailed Shrike; Paddyfield Pipit; Purple Sunbird; Red-naped Ibis; Red-vented Bulbul; Red-wattled Lapwing; Rose-ringed Parakeet; Siberian Stonechat; Tawny Pipit; Variable Wheatear","n_species":21,"focal_species_seen":"European Roller","focal_species_slugs":"european-roller","has_focal":true,"GRID_CODE":"GJ-KU-ANJ-008","DISTRICT":"Kachchh","BLOCK":"Anjar"},"geometry":{"type":"Point","coordinates":[70.1376496,23.3097276]}},{"type":"Feature","properties":{"GROUP.ID":"G18468607","LOCALITY":"Abdasa, Kachchh IN-Gujarat 23.29428, 68.92660","LATITUDE":23.294276,"LONGITUDE":68.926601,"OBSERVATION.DATE":"2026-09-27","OBSERVER.ID":"obsr2395706","DURATION.MINUTES":36.0,"SAMPLING.EVENT.IDENTIFIER":"S396706866","species_list":"Asian Green Bee-eater; Common Babbler; Eastern Cattle-Egret; Eurasian Collared-Dove; Gray-headed Swamphen; Gray Heron; Great Egret; Indian Peafowl; Laughing Dove; Little Egret; Paddyfield Pipit; Painted Stork; Pied Kingfisher; Purple Sunbird; Red-wattled Lapwing; Streak-throated Swallow; White-browed Wagtail; White-tailed Iora; Wire-tailed Swallow; Yellow-throated Sparrow","n_species":20,"focal_species_seen":"","focal_species_slugs":"","has_focal":false,"GRID_CODE":"GJ-KU-ABD-038","DISTRICT":"Kachchh","BLOCK":"Abdasa"},"geometry":{"type":"Point","coordinates":[68.926601,23.294276]}},{"type":"Feature","properties":{"GROUP.ID":"G18468642","LOCALITY":"TA, Anjar, Gujarat, IN (23.283, 70.142)","LATITUDE":23.2833312,"LONGITUDE":70.1415544,"OBSERVATION.DATE":"2026-09-27","OBSERVER.ID":"obsr7963659","DURATION.MINUTES":136.0,"SAMPLING.EVENT.IDENTIFIER":"S396706917","species_list":"Asian Green Bee-eater; Bay-backed Shrike; Baya Weaver; Black Drongo; Common Babbler; Common Hoopoe; Common Sandpiper; Eurasian Collared-Dove; European Roller; Gray Francolin; House Sparrow; Indian Bushlark; Indian Peafowl; Indian Robin; Indian Silverbill; Isabelline Shrike; Laughing Dove; Montagu's Harrier; Plain Prinia; Red-tailed Shrike; Red-vented Bulbul; Red-wattled Lapwing; River Tern; Siberian Stonechat; Spotted Flycatcher; Variable Wheatear; White-eared Bulbul; Wire-tailed Swallow","n_species":28,"focal_species_seen":"European Roller; Red-tailed Shrike; Spotted Flycatcher","focal_species_slugs":"european-roller;red-tailed-shrike;spotted-flycatcher","has_focal":true,"GRID_CODE":"GJ-KU-ANJ-008","DISTRICT":"Kachchh","BLOCK":"Anjar"},"geometry":{"type":"Point","coordinates":[70.1415544,23.2833312]}},{"type":"Feature","properties":{"GROUP.ID":"G18468606","LOCALITY":"Abdasa, Kachchh IN-Gujarat 23.20473, 68.85563","LATITUDE":23.204728,"LONGITUDE":68.855629,"OBSERVATION.DATE":"2026-09-27","OBSERVER.ID":"obsr2395706","DURATION.MINUTES":129.0,"SAMPLING.EVENT.IDENTIFIER":"S396707393","species_list":"Asian Green Bee-eater; Barn Swallow; Black-winged Kite; Black Francolin; Blue-cheeked Bee-eater; Common Babbler; Common Hoopoe; Eurasian Collared-Dove; Gray Francolin; Gray Heron; House Sparrow; Laughing Dove; Long-legged Buzzard; Montagu's Harrier; Plain Prinia; Rain Quail; Red-vented Bulbul; Rufous-fronted Prinia; Siberian Stonechat; Tawny Pipit; White-eared Bulbul; Zitting Cisticola","n_species":22,"focal_species_seen":"Blue-cheeked Bee-eater","focal_species_slugs":"blue-cheeked-bee-eater","has_focal":true,"GRID_CODE":"GJ-KU-ABD-060","DISTRICT":"Kachchh","BLOCK":"Abdasa"},"geometry":{"type":"Point","coordinates":[68.855629,23.204728]}},{"type":"Feature","properties":{"GROUP.ID":"G18468954","LOCALITY":"T9G1","LATITUDE":22.8386867,"LONGITUDE":69.2186699,"OBSERVATION.DATE":"2026-09-27","OBSERVER.ID":"obsr664433","DURATION.MINUTES":60.0,"SAMPLING.EVENT.IDENTIFIER":"S396707611","species_list":"Black Drongo; Eurasian Collared-Dove; Eurasian Whimbrel; Gray Francolin; Great Thick-knee; Indian Silverbill; Kentish Plover; Purple Sunbird; Red-vented Bulbul; Tibetan Sand-Plover; Western Reef-Heron; White-eared Bulbul","n_species":12,"focal_species_seen":"","focal_species_slugs":"","has_focal":false,"GRID_CODE":"GJ-KU-MAN-046","DISTRICT":"Kachchh","BLOCK":"Mandvi"},"geometry":{"type":"Point","coordinates":[69.2186699,22.8386867]}},{"type":"Feature","properties":{"GROUP.ID":"G18468605","LOCALITY":"Abdasa, Kachchh IN-Gujarat 23.21806, 68.85398","LATITUDE":23.218061,"LONGITUDE":68.853978,"OBSERVATION.DATE":"2026-09-27","OBSERVER.ID":"obsr2395706","DURATION.MINUTES":6.0,"SAMPLING.EVENT.IDENTIFIER":"S396708755","species_list":"Ashy-crowned Sparrow-Lark; Common Babbler; Long-billed Pipit; Siberian Stonechat; Yellow-wattled Lapwing","n_species":5,"focal_species_seen":"","focal_species_slugs":"","has_focal":false,"GRID_CODE":"GJ-KU-ABD-048","DISTRICT":"Kachchh","BLOCK":"Abdasa"},"geometry":{"type":"Point","coordinates":[68.853978,23.218061]}},{"type":"Feature","properties":{"GROUP.ID":"G18468604","LOCALITY":"Abdasa, Kachchh IN-Gujarat 23.20863, 68.85515","LATITUDE":23.20863,"LONGITUDE":68.855151,"OBSERVATION.DATE":"2026-09-26","OBSERVER.ID":"obsr2395706","DURATION.MINUTES":17.0,"SAMPLING.EVENT.IDENTIFIER":"S396708995","species_list":"Common Babbler; Indian Thick-knee; Yellow-wattled Lapwing","n_species":3,"focal_species_seen":"","focal_species_slugs":"","has_focal":false,"GRID_CODE":"GJ-KU-ABD-060","DISTRICT":"Kachchh","BLOCK":"Abdasa"},"geometry":{"type":"Point","coordinates":[68.855151,23.20863]}},{"type":"Feature","properties":{"GROUP.ID":"G18469356","LOCALITY":"Unnamed Road, Kachchh, Gujarat, IN (23.506, 69.015)","LATITUDE":23.5061335,"LONGITUDE":69.0148036,"OBSERVATION.DATE":"2026-09-26","OBSERVER.ID":"obsr3483163","DURATION.MINUTES":11.0,"SAMPLING.EVENT.IDENTIFIER":"S396709088","species_list":"Bay-backed Shrike; Eurasian Collared-Dove; Eurasian Wryneck; European Roller; Gray Francolin; Indian Roller; Isabelline Shrike; Red-wattled Lapwing; Variable Wheatear","n_species":9,"focal_species_seen":"European Roller","focal_species_slugs":"european-roller","has_focal":true,"GRID_CODE":"GJ-KU-NAK-017","DISTRICT":"Kachchh","BLOCK":"Nakhatrana"},"geometry":{"type":"Point","coordinates":[69.0148036,23.5061335]}},{"type":"Feature","properties":{"GROUP.ID":"G18468603","LOCALITY":"Abdasa, Kachchh IN-Gujarat 23.21716, 68.85410","LATITUDE":23.217163,"LONGITUDE":68.854105,"OBSERVATION.DATE":"2026-09-26","OBSERVER.ID":"obsr2395706","DURATION.MINUTES":60.0,"SAMPLING.EVENT.IDENTIFIER":"S396709150","species_list":"Ashy-crowned Sparrow-Lark; Asian Green Bee-eater; Bay-backed Shrike; Black Drongo; Chestnut-bellied Sandgrouse; Common Babbler; Eurasian Collared-Dove; European Roller; Gray Francolin; Great Gray Shrike; Indian Bushlark; Indian Peafowl; Indian Robin; Indian Spot-billed Duck; Laughing Dove; Little Swift; Pallid Harrier; Red-naped Ibis; Red-wattled Lapwing; Rufous-fronted Prinia; Variable Wheatear; White-tailed Iora; Wire-tailed Swallow; Yellow-wattled Lapwing","n_species":24,"focal_species_seen":"European Roller","focal_species_slugs":"european-roller","has_focal":true,"GRID_CODE":"GJ-KU-ABD-048","DISTRICT":"Kachchh","BLOCK":"Abdasa"},"geometry":{"type":"Point","coordinates":[68.854105,23.217163]}},{"type":"Feature","properties":{"GROUP.ID":"G18469337","LOCALITY":"Way to Ashapar, Kachchh, Gujarat, IN (23.278, 68.835)","LATITUDE":23.2776472,"LONGITUDE":68.835338,"OBSERVATION.DATE":"2026-09-27","OBSERVER.ID":"obsr3483163","DURATION.MINUTES":null,"SAMPLING.EVENT.IDENTIFIER":"S396709258","species_list":"Black-winged Stilt; Black Drongo; Green Sandpiper; Oriental Honey-buzzard","n_species":4,"focal_species_seen":"","focal_species_slugs":"","has_focal":false,"GRID_CODE":"GJ-KU-ABD-036","DISTRICT":"Kachchh","BLOCK":"Abdasa"},"geometry":{"type":"Point","coordinates":[68.835338,23.2776472]}},{"type":"Feature","properties":{"GROUP.ID":"G18468613","LOCALITY":"Khavda-Bhirandiara Road, Bhirandiara, Gujarat, IN (23.721, 69.723)","LATITUDE":23.7207164,"LONGITUDE":69.7228491,"OBSERVATION.DATE":"2026-09-27","OBSERVER.ID":"obsr701947","DURATION.MINUTES":null,"SAMPLING.EVENT.IDENTIFIER":"S396709325","species_list":"European Roller; House Crow; Whiskered Tern","n_species":3,"focal_species_seen":"European Roller","focal_species_slugs":"european-roller","has_focal":true,"GRID_CODE":"GJ-KU-BHU-035","DISTRICT":"Kachchh","BLOCK":"Bhuj"},"geometry":{"type":"Point","coordinates":[69.7228491,23.7207164]}},{"type":"Feature","properties":{"GROUP.ID":"G18469338","LOCALITY":"Gujarat State Highway 49, Kachchh, Gujarat, IN (23.263, 68.847)","LATITUDE":23.2627605,"LONGITUDE":68.8471779,"OBSERVATION.DATE":"2026-09-27","OBSERVER.ID":"obsr3483163","DURATION.MINUTES":null,"SAMPLING.EVENT.IDENTIFIER":"S396709348","species_list":"Black-winged Kite","n_species":1,"focal_species_seen":"","focal_species_slugs":"","has_focal":false,"GRID_CODE":"GJ-KU-ABD-036","DISTRICT":"Kachchh","BLOCK":"Abdasa"},"geometry":{"type":"Point","coordinates":[68.8471779,23.2627605]}},{"type":"Feature","properties":{"GROUP.ID":"G18469339","LOCALITY":"Naliya - Kothara - Bhuj Highway, Kachchh, Gujarat, IN (23.229, 68.85)","LATITUDE":23.2287769,"LONGITUDE":68.8503287,"OBSERVATION.DATE":"2026-09-27","OBSERVER.ID":"obsr3483163","DURATION.MINUTES":null,"SAMPLING.EVENT.IDENTIFIER":"S396709464","species_list":"Booted Eagle","n_species":1,"focal_species_seen":"","focal_species_slugs":"","has_focal":false,"GRID_CODE":"GJ-KU-ABD-048","DISTRICT":"Kachchh","BLOCK":"Abdasa"},"geometry":{"type":"Point","coordinates":[68.8503287,23.2287769]}},{"type":"Feature","properties":{"GROUP.ID":"G18468602","LOCALITY":"T48G1","LATITUDE":23.326293,"LONGITUDE":68.796144,"OBSERVATION.DATE":"2026-09-26","OBSERVER.ID":"obsr2395706","DURATION.MINUTES":40.0,"SAMPLING.EVENT.IDENTIFIER":"S396709671","species_list":"Asian Green Bee-eater; Black-winged Stilt; Common Snipe; Crested Lark; Eurasian Collared-Dove; Garganey; Glossy Ibis; Gray Francolin; Green Sandpiper; House Sparrow; Indian Robin; Indian Silverbill; Laughing Dove; Purple Sunbird; Red-naped Ibis; Red-vented Bulbul; Red-wattled Lapwing; Rose-ringed Parakeet; Rosy Starling; Rufous-fronted Prinia; Streak-throated Swallow; White-eared Bulbul; Wire-tailed Swallow; Yellow-wattled Lapwing","n_species":24,"focal_species_seen":"","focal_species_slugs":"","has_focal":false,"GRID_CODE":"GJ-KU-ABD-023","DISTRICT":"Kachchh","BLOCK":"Abdasa"},"geometry":{"type":"Point","coordinates":[68.796144,23.326293]}},{"type":"Feature","properties":{"GROUP.ID":"S396710211","LOCALITY":"Fossil Park Road, Kachchh, Gujarat, IN (23.926, 70.18)","LATITUDE":23.9259665,"LONGITUDE":70.1800021,"OBSERVATION.DATE":"2026-09-27","OBSERVER.ID":"obsr807380","DURATION.MINUTES":null,"SAMPLING.EVENT.IDENTIFIER":"S396710211","species_list":"European Roller; Great Gray Shrike; Laughing Dove","n_species":3,"focal_species_seen":"European Roller","focal_species_slugs":"european-roller","has_focal":true,"GRID_CODE":"GJ-KU-BHA-001","DISTRICT":"Kachchh","BLOCK":"Bhachau"},"geometry":{"type":"Point","coordinates":[70.1800021,23.9259665]}},{"type":"Feature","properties":{"GROUP.ID":"G18468628","LOCALITY":"T48G2","LATITUDE":23.311507,"LONGITUDE":68.903252,"OBSERVATION.DATE":"2026-09-26","OBSERVER.ID":"obsr2395706","DURATION.MINUTES":36.0,"SAMPLING.EVENT.IDENTIFIER":"S396710380","species_list":"Asian Green Bee-eater; Bank Myna; Barn Swallow; Bay-backed Shrike; Black-winged Stilt; Black Drongo; Brahminy Starling; Brown Rock Chat; Common Babbler; Common Hoopoe; Common Kingfisher; Common Tailorbird; Common Woodshrike; Dusky Crag-Martin; Eastern Cattle-Egret; Eastern Red-rumped Swallow; Eurasian Collared-Dove; European Roller; Green Sandpiper; House Sparrow; Indian Peafowl; Indian Pond-Heron; Indian Robin; Laughing Dove; Little Cormorant; Little Swift; Paddyfield Pipit; Purple Sunbird; Red-vented Bulbul; Red-wattled Lapwing; Rose-ringed Parakeet; Rosy Starling; Western Yellow Wagtail; White-eared Bulbul; Yellow-wattled Lapwing","n_species":35,"focal_species_seen":"European Roller","focal_species_slugs":"european-roller","has_focal":true,"GRID_CODE":"GJ-KU-ABD-025","DISTRICT":"Kachchh","BLOCK":"Abdasa"},"geometry":{"type":"Point","coordinates":[68.903252,23.311507]}},{"type":"Feature","properties":{"GROUP.ID":"G18469560","LOCALITY":"Dhrang-Lodai Road","LATITUDE":23.3952836,"LONGITUDE":69.8476818,"OBSERVATION.DATE":"2026-09-27","OBSERVER.ID":"obsr453899","DURATION.MINUTES":14.0,"SAMPLING.EVENT.IDENTIFIER":"S396710391","species_list":"Black-winged Kite; Eurasian Collared-Dove; European Roller; House Sparrow","n_species":4,"focal_species_seen":"European Roller","focal_species_slugs":"european-roller","has_focal":true,"GRID_CODE":"GJ-KU-BHU-101","DISTRICT":"Kachchh","BLOCK":"Bhuj"},"geometry":{"type":"Point","coordinates":[69.8476818,23.3952836]}},{"type":"Feature","properties":{"GROUP.ID":"G18469345","LOCALITY":"Jakhau","LATITUDE":23.2277805,"LONGITUDE":68.613224,"OBSERVATION.DATE":"2026-09-27","OBSERVER.ID":"obsr3483163","DURATION.MINUTES":63.0,"SAMPLING.EVENT.IDENTIFIER":"S396710482","species_list":"Black-tailed Godwit; Black-winged Stilt; Clamorous Reed Warbler; Common Redshank; Eastern Cattle-Egret; Eurasian Curlew; Eurasian Whimbrel; Glossy Ibis; Great Egret; Greater Flamingo; House Crow; House Sparrow; Indian Pond-Heron; Lesser Black-backed Gull; Lesser Flamingo; Little Ringed Plover; Little Stint; Red-wattled Lapwing; Ruddy Turnstone; Western Reef-Heron; White-throated Kingfisher; Wire-tailed Swallow","n_species":22,"focal_species_seen":"","focal_species_slugs":"","has_focal":false,"GRID_CODE":"GJ-KU-ABD-044","DISTRICT":"Kachchh","BLOCK":"Abdasa"},"geometry":{"type":"Point","coordinates":[68.613224,23.2277805]}},{"type":"Feature","properties":{"GROUP.ID":"G18468626","LOCALITY":"Tera Bara Road, Kachchh IN-Gujarat 23.28965, 68.92507","LATITUDE":23.289645,"LONGITUDE":68.925071,"OBSERVATION.DATE":"2026-09-26","OBSERVER.ID":"obsr2395706","DURATION.MINUTES":null,"SAMPLING.EVENT.IDENTIFIER":"S396710573","species_list":"European Roller; House Sparrow; Rosy Starling","n_species":3,"focal_species_seen":"European Roller","focal_species_slugs":"european-roller","has_focal":true,"GRID_CODE":"GJ-KU-ABD-038","DISTRICT":"Kachchh","BLOCK":"Abdasa"},"geometry":{"type":"Point","coordinates":[68.925071,23.289645]}},{"type":"Feature","properties":{"GROUP.ID":"G18469344","LOCALITY":"Gujarat State Highway 49, Kachchh, Gujarat, IN (23.216, 68.704)","LATITUDE":23.2163788,"LONGITUDE":68.7037196,"OBSERVATION.DATE":"2026-09-27","OBSERVER.ID":"obsr3483163","DURATION.MINUTES":null,"SAMPLING.EVENT.IDENTIFIER":"S396710792","species_list":"Eurasian Spoonbill; Painted Stork","n_species":2,"focal_species_seen":"","focal_species_slugs":"","has_focal":false,"GRID_CODE":"GJ-KU-ABD-045","DISTRICT":"Kachchh","BLOCK":"Abdasa"},"geometry":{"type":"Point","coordinates":[68.7037196,23.2163788]}},{"type":"Feature","properties":{"GROUP.ID":"G18469343","LOCALITY":"Jasapar, Gujarat, IN (23.25, 68.801)","LATITUDE":23.2503872,"LONGITUDE":68.8006889,"OBSERVATION.DATE":"2026-09-27","OBSERVER.ID":"obsr3483163","DURATION.MINUTES":null,"SAMPLING.EVENT.IDENTIFIER":"S396711097","species_list":"Indian Thick-knee; Rosy Starling","n_species":2,"focal_species_seen":"","focal_species_slugs":"","has_focal":false,"GRID_CODE":"GJ-KU-ABD-047","DISTRICT":"Kachchh","BLOCK":"Abdasa"},"geometry":{"type":"Point","coordinates":[68.8006889,23.2503872]}},{"type":"Feature","properties":{"GROUP.ID":"G18483728","LOCALITY":"Dhaneti-Ratnal Road, Ratnal, Gujarat, IN (23.198, 69.908)","LATITUDE":23.198256400000003,"LONGITUDE":69.9078155,"OBSERVATION.DATE":"2026-09-27","OBSERVER.ID":"obsr7963659","DURATION.MINUTES":11.0,"SAMPLING.EVENT.IDENTIFIER":"S396711999","species_list":"Black-tailed Godwit; Black-winged Stilt; Common Sandpiper; Eurasian Moorhen; Gray Heron; Great Cormorant; Great White Pelican; Indian Pond-Heron; Indian Spot-billed Duck; Little Cormorant; Little Ringed Plover; Oriental Darter; Pied Kingfisher; Red-wattled Lapwing; Whiskered Tern; Wood Sandpiper; Yellow-wattled Lapwing","n_species":17,"focal_species_seen":"","focal_species_slugs":"","has_focal":false,"GRID_CODE":"GJ-KU-ANJ-015","DISTRICT":"Kachchh","BLOCK":"Anjar"},"geometry":{"type":"Point","coordinates":[69.9078155,23.198256400000003]}},{"type":"Feature","properties":{"GROUP.ID":"G18468724","LOCALITY":"T48G4","LATITUDE":23.344065,"LONGITUDE":68.69287,"OBSERVATION.DATE":"2026-09-26","OBSERVER.ID":"obsr2395706","DURATION.MINUTES":42.0,"SAMPLING.EVENT.IDENTIFIER":"S396712156","species_list":"Asian Green Bee-eater; Black-winged Stilt; Black Drongo; Blue-cheeked Bee-eater; Crested Lark; Dunlin; Eurasian Collared-Dove; Gray Francolin; Indian Peafowl; Indian Spot-billed Duck; Little Ringed Plover; Little Stint; Little Swift; Oriental Darter; Red-vented Bulbul; Red-wattled Lapwing; Whiskered Tern; White-eared Bulbul; White-throated Kingfisher","n_species":19,"focal_species_seen":"Blue-cheeked Bee-eater","focal_species_slugs":"blue-cheeked-bee-eater","has_focal":true,"GRID_CODE":"GJ-KU-ABD-021","DISTRICT":"Kachchh","BLOCK":"Abdasa"},"geometry":{"type":"Point","coordinates":[68.69287,23.344065]}},{"type":"Feature","properties":{"GROUP.ID":"G18468723","LOCALITY":"NH 41, Kachchh IN-Gujarat 23.34375, 68.77593","LATITUDE":23.343751,"LONGITUDE":68.775934,"OBSERVATION.DATE":"2026-09-26","OBSERVER.ID":"obsr2395706","DURATION.MINUTES":null,"SAMPLING.EVENT.IDENTIFIER":"S396712248","species_list":"European Roller; Pied Kingfisher","n_species":2,"focal_species_seen":"European Roller","focal_species_slugs":"european-roller","has_focal":true,"GRID_CODE":"GJ-KU-ABD-023","DISTRICT":"Kachchh","BLOCK":"Abdasa"},"geometry":{"type":"Point","coordinates":[68.775934,23.343751]}},{"type":"Feature","properties":{"GROUP.ID":"G18468953","LOCALITY":"T9G2","LATITUDE":22.8943711,"LONGITUDE":69.1141335,"OBSERVATION.DATE":"2026-09-26","OBSERVER.ID":"obsr664433","DURATION.MINUTES":32.0,"SAMPLING.EVENT.IDENTIFIER":"S396712411","species_list":"Black-necked Stork; Common Greenshank; Gray Francolin; Gray Heron; Great Thick-knee; Pied Kingfisher; Purple Sunbird","n_species":7,"focal_species_seen":"","focal_species_slugs":"","has_focal":false,"GRID_CODE":"GJ-KU-MAN-037","DISTRICT":"Kachchh","BLOCK":"Mandvi"},"geometry":{"type":"Point","coordinates":[69.1141335,22.8943711]}},{"type":"Feature","properties":{"GROUP.ID":"G18468722","LOCALITY":"Ker Vandh Kosa Road, Kachchh IN-Gujarat 23.32264, 68.71967","LATITUDE":23.322641,"LONGITUDE":68.71967,"OBSERVATION.DATE":"2026-09-26","OBSERVER.ID":"obsr2395706","DURATION.MINUTES":25.0,"SAMPLING.EVENT.IDENTIFIER":"S396712420","species_list":"Ashy-crowned Sparrow-Lark; Asian Green Bee-eater; Blue-cheeked Bee-eater; Common Babbler; Common Hoopoe; Crested Lark; Eastern Red-rumped Swallow; Eurasian Collared-Dove; Indian Bushlark; Indian Robin; Little Ringed Plover; Paddyfield Pipit; Purple Sunbird; Rosy Starling; Rufous-fronted Prinia; Siberian Stonechat","n_species":16,"focal_species_seen":"Blue-cheeked Bee-eater","focal_species_slugs":"blue-cheeked-bee-eater","has_focal":true,"GRID_CODE":"GJ-KU-ABD-022","DISTRICT":"Kachchh","BLOCK":"Abdasa"},"geometry":{"type":"Point","coordinates":[68.71967,23.322641]}},{"type":"Feature","properties":{"GROUP.ID":"G18468720","LOCALITY":"NH 41, Kachchh IN-Gujarat 23.36937, 68.74048","LATITUDE":23.369368,"LONGITUDE":68.740485,"OBSERVATION.DATE":"2026-09-26","OBSERVER.ID":"obsr2395706","DURATION.MINUTES":null,"SAMPLING.EVENT.IDENTIFIER":"S396712728","species_list":"European Roller","n_species":1,"focal_species_seen":"European Roller","focal_species_slugs":"european-roller","has_focal":true,"GRID_CODE":"GJ-KU-ABD-013","DISTRICT":"Kachchh","BLOCK":"Abdasa"},"geometry":{"type":"Point","coordinates":[68.740485,23.369368]}},{"type":"Feature","properties":{"GROUP.ID":"G18468650","LOCALITY":"T31_G3","LATITUDE":23.742315,"LONGITUDE":69.480855,"OBSERVATION.DATE":"2026-09-27","OBSERVER.ID":"obsr1065391","DURATION.MINUTES":69.0,"SAMPLING.EVENT.IDENTIFIER":"S396712851","species_list":"Ashy-crowned Sparrow-Lark; Asian Green Bee-eater; Blue-cheeked Bee-eater; Common Babbler; Common Tailorbird; Eurasian Collared-Dove; Eurasian Curlew; European Roller; Gray Francolin; Green Sandpiper; House Crow; Indian Robin; Indian Silverbill; Laughing Dove; Paddyfield Pipit; Pallid Harrier; Purple Sunbird; Streak-throated Swallow; Sykes's Warbler; Tawny Pipit; Tree Pipit; White-eared Bulbul; Yellow-throated Sparrow","n_species":23,"focal_species_seen":"Blue-cheeked Bee-eater; European Roller","focal_species_slugs":"blue-cheeked-bee-eater;european-roller","has_focal":true,"GRID_CODE":"GJ-KU-BHU-030","DISTRICT":"Kachchh","BLOCK":"Bhuj"},"geometry":{"type":"Point","coordinates":[69.480855,23.742315]}},{"type":"Feature","properties":{"GROUP.ID":"G18469342","LOCALITY":"Unnamed Road, Kachchh, Gujarat, IN (23.217, 68.854)","LATITUDE":23.2171422,"LONGITUDE":68.8539613,"OBSERVATION.DATE":"2026-09-27","OBSERVER.ID":"obsr3483163","DURATION.MINUTES":42.0,"SAMPLING.EVENT.IDENTIFIER":"S396712907","species_list":"Bay-backed Shrike; Chestnut-bellied Sandgrouse; Long-billed Pipit; Rufous-tailed Scrub-Robin; Siberian Stonechat; Zitting Cisticola","n_species":6,"focal_species_seen":"Rufous-tailed Scrub-Robin","focal_species_slugs":"rufous-tailed-scrub-robin","has_focal":true,"GRID_CODE":"GJ-KU-ABD-048","DISTRICT":"Kachchh","BLOCK":"Abdasa"},"geometry":{"type":"Point","coordinates":[68.8539613,23.2171422]}},{"type":"Feature","properties":{"GROUP.ID":"G18483727","LOCALITY":"Dhaneti Road, Ratnal, Gujarat, IN (23.194, 69.908)","LATITUDE":23.1938009,"LONGITUDE":69.9083213,"OBSERVATION.DATE":"2026-09-27","OBSERVER.ID":"obsr7963659","DURATION.MINUTES":14.0,"SAMPLING.EVENT.IDENTIFIER":"S396713017","species_list":"Common Sandpiper; Eurasian Coot; Eurasian Moorhen; Gray Francolin; Greater Flamingo; Indian Spot-billed Duck; Little Grebe; Red-wattled Lapwing; Western Yellow Wagtail","n_species":9,"focal_species_seen":"","focal_species_slugs":"","has_focal":false,"GRID_CODE":"GJ-KU-ANJ-015","DISTRICT":"Kachchh","BLOCK":"Anjar"},"geometry":{"type":"Point","coordinates":[69.9083213,23.1938009]}},{"type":"Feature","properties":{"GROUP.ID":"G18468718","LOCALITY":"Abdasa, Kachchh IN-Gujarat 23.37526, 68.72652","LATITUDE":23.375262,"LONGITUDE":68.726523,"OBSERVATION.DATE":"2026-09-26","OBSERVER.ID":"obsr2395706","DURATION.MINUTES":42.0,"SAMPLING.EVENT.IDENTIFIER":"S396713092","species_list":"Ashy-crowned Sparrow-Lark; Asian Green Bee-eater; Black Drongo; Common Hoopoe; Common Woodshrike; Gray-breasted Prinia; Gray Francolin; Indian Peafowl; Indian Silverbill; Plain Prinia; Red-wattled Lapwing; Wire-tailed Swallow; Wood Sandpiper; Yellow-crowned Woodpecker","n_species":14,"focal_species_seen":"","focal_species_slugs":"","has_focal":false,"GRID_CODE":"GJ-KU-ABD-013","DISTRICT":"Kachchh","BLOCK":"Abdasa"},"geometry":{"type":"Point","coordinates":[68.726523,23.375262]}},{"type":"Feature","properties":{"GROUP.ID":"G18469499","LOCALITY":"Kotay-Dhori Road, Kunaria Nana-Mota, Gujarat, IN (23.401, 69.735)","LATITUDE":23.4009667,"LONGITUDE":69.7350283,"OBSERVATION.DATE":"2026-09-27","OBSERVER.ID":"obsr6495382","DURATION.MINUTES":null,"SAMPLING.EVENT.IDENTIFIER":"S396713298","species_list":"European Roller","n_species":1,"focal_species_seen":"European Roller","focal_species_slugs":"european-roller","has_focal":true,"GRID_CODE":"GJ-KU-BHU-099","DISTRICT":"Kachchh","BLOCK":"Bhuj"},"geometry":{"type":"Point","coordinates":[69.7350283,23.4009667]}},{"type":"Feature","properties":{"GROUP.ID":"G18468717","LOCALITY":"Abdasa, Kachchh IN-Gujarat 23.32851, 68.69634","LATITUDE":23.32851,"LONGITUDE":68.696337,"OBSERVATION.DATE":"2026-09-26","OBSERVER.ID":"obsr2395706","DURATION.MINUTES":21.0,"SAMPLING.EVENT.IDENTIFIER":"S396714186","species_list":"Asian Green Bee-eater; Barn Swallow; Black Drongo; Blue-cheeked Bee-eater; Common Babbler; Common Hoopoe; Dunlin; Eastern Red-rumped Swallow; Eurasian Collared-Dove; Gray Francolin; Greater Flamingo; Indian Robin; Little Stint; Northern Shoveler; Oriental Darter; Red-naped Ibis; Red-vented Bulbul; Red-wattled Lapwing; River Tern; Rufous-fronted Prinia; White-eared Bulbul; White-tailed Iora; Wire-tailed Swallow","n_species":23,"focal_species_seen":"Blue-cheeked Bee-eater","focal_species_slugs":"blue-cheeked-bee-eater","has_focal":true,"GRID_CODE":"GJ-KU-ABD-021","DISTRICT":"Kachchh","BLOCK":"Abdasa"},"geometry":{"type":"Point","coordinates":[68.696337,23.32851]}},{"type":"Feature","properties":{"GROUP.ID":"G18469501","LOCALITY":"Kotay-Dhori Road, Kotay, Gujarat, IN (23.393, 69.769)","LATITUDE":23.3928317,"LONGITUDE":69.76909,"OBSERVATION.DATE":"2026-09-27","OBSERVER.ID":"obsr6495382","DURATION.MINUTES":null,"SAMPLING.EVENT.IDENTIFIER":"S396714707","species_list":"European Roller","n_species":1,"focal_species_seen":"European Roller","focal_species_slugs":"european-roller","has_focal":true,"GRID_CODE":"GJ-KU-BHU-100","DISTRICT":"Kachchh","BLOCK":"Bhuj"},"geometry":{"type":"Point","coordinates":[69.76909,23.3928317]}},{"type":"Feature","properties":{"GROUP.ID":"G18468952","LOCALITY":"T9G5","LATITUDE":22.9541378,"LONGITUDE":69.1697898,"OBSERVATION.DATE":"2026-09-26","OBSERVER.ID":"obsr664433","DURATION.MINUTES":60.0,"SAMPLING.EVENT.IDENTIFIER":"S396714992","species_list":"Asian Green Bee-eater; Bay-backed Shrike; Baya Weaver; Black Drongo; Common Babbler; Common Tailorbird; Eastern Cattle-Egret; Eastern Red-rumped Swallow; Eurasian Collared-Dove; European Roller; Gray Francolin; Great Egret; Greater Coucal; Indian Robin; Laughing Dove; Little Cormorant; Purple Sunbird; Red-naped Ibis; Red-vented Bulbul; Red-wattled Lapwing; Rufous-fronted Prinia; Short-toed Snake-Eagle; Streak-throated Swallow; White-throated Kingfisher; Yellow-wattled Lapwing","n_species":25,"focal_species_seen":"European Roller","focal_species_slugs":"european-roller","has_focal":true,"GRID_CODE":"GJ-KU-MAN-029","DISTRICT":"Kachchh","BLOCK":"Mandvi"},"geometry":{"type":"Point","coordinates":[69.1697898,22.9541378]}},{"type":"Feature","properties":{"GROUP.ID":"S396715778","LOCALITY":"Bhuj - Naliya Highway, Sukhpar Bara, Gujarat, IN (23.284, 68.913)","LATITUDE":23.2835379,"LONGITUDE":68.9127464,"OBSERVATION.DATE":"2026-09-27","OBSERVER.ID":"obsr1205825","DURATION.MINUTES":null,"SAMPLING.EVENT.IDENTIFIER":"S396715778","species_list":"European Roller","n_species":1,"focal_species_seen":"European Roller","focal_species_slugs":"european-roller","has_focal":true,"GRID_CODE":"GJ-KU-ABD-038","DISTRICT":"Kachchh","BLOCK":"Abdasa"},"geometry":{"type":"Point","coordinates":[68.9127464,23.2835379]}},{"type":"Feature","properties":{"GROUP.ID":"G18469503","LOCALITY":"Kotay, Gujarat, IN (23.391, 69.789)","LATITUDE":23.3913833,"LONGITUDE":69.7892167,"OBSERVATION.DATE":"2026-09-27","OBSERVER.ID":"obsr6495382","DURATION.MINUTES":null,"SAMPLING.EVENT.IDENTIFIER":"S396715854","species_list":"European Roller","n_species":1,"focal_species_seen":"European Roller","focal_species_slugs":"european-roller","has_focal":true,"GRID_CODE":"GJ-KU-BHU-100","DISTRICT":"Kachchh","BLOCK":"Bhuj"},"geometry":{"type":"Point","coordinates":[69.7892167,23.3913833]}},{"type":"Feature","properties":{"GROUP.ID":"G18468951","LOCALITY":"T9G4","LATITUDE":22.9888673,"LONGITUDE":69.1398309,"OBSERVATION.DATE":"2026-09-26","OBSERVER.ID":"obsr664433","DURATION.MINUTES":60.0,"SAMPLING.EVENT.IDENTIFIER":"S396716376","species_list":"Bay-backed Shrike; Baya Weaver; Black Drongo; Brahminy Starling; Common Babbler; Eastern Cattle-Egret; Eastern Red-rumped Swallow; Eurasian Collared-Dove; European Roller; Gray Francolin; House Sparrow; Indian Bushlark; Indian Robin; Indian Silverbill; Laughing Dove; Plain Prinia; Red-vented Bulbul; Red Collared-Dove; Rosy Starling; Rufous-fronted Prinia; Tawny Lark; Zitting Cisticola","n_species":22,"focal_species_seen":"European Roller","focal_species_slugs":"european-roller","has_focal":true,"GRID_CODE":"GJ-KU-MAN-018","DISTRICT":"Kachchh","BLOCK":"Mandvi"},"geometry":{"type":"Point","coordinates":[69.1398309,22.9888673]}},{"type":"Feature","properties":{"GROUP.ID":"G18469341","LOCALITY":"Unnamed Road, Bhajir Vandh, Gujarat, IN (23.189, 68.845)","LATITUDE":23.1888427,"LONGITUDE":68.8450077,"OBSERVATION.DATE":"2026-09-27","OBSERVER.ID":"obsr3483163","DURATION.MINUTES":56.0,"SAMPLING.EVENT.IDENTIFIER":"S396720273","species_list":"Black Francolin; Chestnut-bellied Sandgrouse; Common Babbler; Eurasian Kestrel; Gray Francolin; Great Gray Shrike; Indian Bushlark; Indian Silverbill; Isabelline Shrike; Jungle Prinia; Long-tailed Shrike; Paddyfield Pipit; Pallid Harrier; Red-backed Shrike; Rufous-tailed Scrub-Robin; Siberian Stonechat; Tawny Pipit; Variable Wheatear; Wire-tailed Swallow","n_species":19,"focal_species_seen":"Red-backed Shrike; Rufous-tailed Scrub-Robin","focal_species_slugs":"red-backed-shrike;rufous-tailed-scrub-robin","has_focal":true,"GRID_CODE":"GJ-KU-ABD-060","DISTRICT":"Kachchh","BLOCK":"Abdasa"},"geometry":{"type":"Point","coordinates":[68.8450077,23.1888427]}},{"type":"Feature","properties":{"GROUP.ID":"G18468893","LOCALITY":"T7G5","LATITUDE":23.5248456,"LONGITUDE":69.8092712,"OBSERVATION.DATE":"2026-09-27","OBSERVER.ID":"obsr1443405","DURATION.MINUTES":47.0,"SAMPLING.EVENT.IDENTIFIER":"S396722332","species_list":"Ashy-crowned Sparrow-Lark; Asian Green Bee-eater; Blue-cheeked Bee-eater; Common Babbler; Crested Lark; Delicate Prinia; Eastern Cattle-Egret; Eurasian Collared-Dove; European Roller; Gray-breasted Prinia; Gray Francolin; Greater Short-toed Lark; House Crow; Indian Silverbill; Isabelline Shrike; Laughing Dove; Lesser Whitethroat; Little Stint; Medium Egret; Plain Prinia; Purple Sunbird; Red-backed Shrike; Red-tailed Shrike; Red-vented Bulbul; Red-wattled Lapwing; White-eared Bulbul","n_species":26,"focal_species_seen":"Blue-cheeked Bee-eater; European Roller; Red-backed Shrike; Red-tailed Shrike","focal_species_slugs":"blue-cheeked-bee-eater;european-roller;red-backed-shrike;red-tailed-shrike","has_focal":true,"GRID_CODE":"GJ-KU-BHU-076","DISTRICT":"Kachchh","BLOCK":"Bhuj"},"geometry":{"type":"Point","coordinates":[69.8092712,23.5248456]}},{"type":"Feature","properties":{"GROUP.ID":"G18468873","LOCALITY":"Unnamed Road, Kachchh, Gujarat, IN (23.501, 70.768)","LATITUDE":23.5014228,"LONGITUDE":70.7678514,"OBSERVATION.DATE":"2026-09-27","OBSERVER.ID":"obsr6246480","DURATION.MINUTES":40.0,"SAMPLING.EVENT.IDENTIFIER":"S396726095","species_list":"Ashy-crowned Sparrow-Lark; Asian Green Bee-eater; Barn Swallow; Baya Weaver; Common Hoopoe; Dusky Crag-Martin; Eastern Cattle-Egret; Eastern Red-rumped Swallow; Eurasian Collared-Dove; Eurasian Wryneck; European Roller; Gray Francolin; Indian Robin; Laughing Dove; Lesser Whistling-Duck; Lesser Whitethroat; Little Cormorant; Little Grebe; Little Swift; Medium Egret; Paddyfield Pipit; Plain Prinia; Red-naped Ibis; Red-necked Falcon; Red-vented Bulbul; Red-wattled Lapwing; Red Collared-Dove; Rose-ringed Parakeet; Rosy Starling; Variable Wheatear; Western Marsh Harrier; White-eared Bulbul; White-throated Kingfisher; Wire-tailed Swallow","n_species":34,"focal_species_seen":"European Roller","focal_species_slugs":"european-roller","has_focal":true,"GRID_CODE":"GJ-KU-RAP-077","DISTRICT":"Kachchh","BLOCK":"Rapar"},"geometry":{"type":"Point","coordinates":[70.7678514,23.5014228]}},{"type":"Feature","properties":{"GROUP.ID":"G18468930","LOCALITY":"National Highway 341, Loriya, Gujarat, IN (23.429, 69.675)","LATITUDE":23.4285515,"LONGITUDE":69.675347,"OBSERVATION.DATE":"2026-09-27","OBSERVER.ID":"obsr701947","DURATION.MINUTES":null,"SAMPLING.EVENT.IDENTIFIER":"S396729419","species_list":"Blue-cheeked Bee-eater; European Roller","n_species":2,"focal_species_seen":"Blue-cheeked Bee-eater; European Roller","focal_species_slugs":"blue-cheeked-bee-eater;european-roller","has_focal":true,"GRID_CODE":"GJ-KU-BHU-085","DISTRICT":"Kachchh","BLOCK":"Bhuj"},"geometry":{"type":"Point","coordinates":[69.675347,23.4285515]}},{"type":"Feature","properties":{"GROUP.ID":"G18475730","LOCALITY":"National Highway 341, Kachchh, Gujarat, IN (23.52, 69.665)","LATITUDE":23.52012,"LONGITUDE":69.6646317,"OBSERVATION.DATE":"2026-09-27","OBSERVER.ID":"obsr6634685","DURATION.MINUTES":15.0,"SAMPLING.EVENT.IDENTIFIER":"S396729946","species_list":"Black-winged Stilt; Dusky Crag-Martin; Eastern Cattle-Egret; Eurasian Curlew; Eurasian Spoonbill; European Roller; Glossy Ibis; Gray Heron; Green-winged Teal; Green Sandpiper; House Crow; Indian Spot-billed Duck; Isabelline Shrike; Little Stint; Oriental Darter; Red-naped Ibis; Red-wattled Lapwing; Whiskered Tern; Wood Sandpiper","n_species":19,"focal_species_seen":"European Roller","focal_species_slugs":"european-roller","has_focal":true,"GRID_CODE":"GJ-KU-LIT-028","DISTRICT":"Kachchh","BLOCK":"Little Rann"},"geometry":{"type":"Point","coordinates":[69.6646317,23.52012]}},{"type":"Feature","properties":{"GROUP.ID":"G18469559","LOCALITY":"Lothia Lodai Road, Kachchh IN-GJ 23.39296, 69.89890","LATITUDE":23.392964,"LONGITUDE":69.898903,"OBSERVATION.DATE":"2026-09-27","OBSERVER.ID":"obsr8001542","DURATION.MINUTES":null,"SAMPLING.EVENT.IDENTIFIER":"S396730006","species_list":"European Roller; Indian Roller","n_species":2,"focal_species_seen":"European Roller","focal_species_slugs":"european-roller","has_focal":true,"GRID_CODE":"GJ-KU-BHU-102","DISTRICT":"Kachchh","BLOCK":"Bhuj"},"geometry":{"type":"Point","coordinates":[69.898903,23.392964]}},{"type":"Feature","properties":{"GROUP.ID":"G18469102","LOCALITY":"T51_PMC26_Bidada To Faradi, Kachchh, Gujarat, IN (22.961, 69.529)","LATITUDE":22.9606067,"LONGITUDE":69.5293583,"OBSERVATION.DATE":"2026-09-27","OBSERVER.ID":"obsr8257166","DURATION.MINUTES":199.0,"SAMPLING.EVENT.IDENTIFIER":"S396730349","species_list":"Ashy-crowned Sparrow-Lark; Asian Green Bee-eater; Bay-backed Shrike; Black Drongo; Brahminy Starling; Common Babbler; Common Hoopoe; Common Myna; Common Sandpiper; Common Tailorbird; Common Woodshrike; Eastern Cattle-Egret; Eurasian Collared-Dove; European Roller; Glossy Ibis; Gray-breasted Prinia; Gray Francolin; Gray Heron; Great Egret; Greater Coucal; House Crow; House Sparrow; Indian Peafowl; Indian Robin; Laughing Dove; Lesser Whistling-Duck; Little Cormorant; Little Egret; Long-tailed Shrike; Oriental Darter; Paddyfield Pipit; Pied Bushchat; Pied Kingfisher; Plain Prinia; Purple Sunbird; Red-backed Shrike; Red-naped Ibis; Red-vented Bulbul; Red-wattled Lapwing; River Tern; Rose-ringed Parakeet; Siberian Stonechat; Sirkeer Malkoha; Spotted Flycatcher; Variable Wheatear; Western Marsh Harrier; White-browed Wagtail; White-eared Bulbul; White-throated Kingfisher; Wire-tailed Swallow; Yellow-crowned Woodpecker; Yellow-throated Sparrow","n_species":52,"focal_species_seen":"European Roller; Red-backed Shrike; Spotted Flycatcher","focal_species_slugs":"european-roller;red-backed-shrike;spotted-flycatcher","has_focal":true,"GRID_CODE":"GJ-KU-MUN-003","DISTRICT":"Kachchh","BLOCK":"Mundra"},"geometry":{"type":"Point","coordinates":[69.5293583,22.9606067]}},{"type":"Feature","properties":{"GROUP.ID":"G18468955","LOCALITY":"T41 G1","LATITUDE":23.5197794,"LONGITUDE":69.0758589,"OBSERVATION.DATE":"2026-09-27","OBSERVER.ID":"obsr6352680","DURATION.MINUTES":72.0,"SAMPLING.EVENT.IDENTIFIER":"S396730651","species_list":"Asian Green Bee-eater; Baya Weaver; Common Sandpiper; Eastern Cattle-Egret; Eurasian Collared-Dove; European Roller; Greater Whitethroat; Indian Robin; Indian Silverbill; Laughing Dove; Purple Sunbird; Red-wattled Lapwing; Rosy Starling; White-throated Kingfisher; Wire-tailed Swallow","n_species":15,"focal_species_seen":"European Roller; Greater Whitethroat","focal_species_slugs":"european-roller;greater-whitethroat","has_focal":true,"GRID_CODE":"GJ-KU-NAK-010","DISTRICT":"Kachchh","BLOCK":"Nakhatrana"},"geometry":{"type":"Point","coordinates":[69.0758589,23.5197794]}},{"type":"Feature","properties":{"GROUP.ID":"G18468959","LOCALITY":"Gujarat State Highway 42, Kachchh, Gujarat, IN (23.516, 69.072)","LATITUDE":23.5163686,"LONGITUDE":69.0718369,"OBSERVATION.DATE":"2026-09-27","OBSERVER.ID":"obsr6352680","DURATION.MINUTES":null,"SAMPLING.EVENT.IDENTIFIER":"S396730752","species_list":"Black-headed Ibis; Black Drongo; Eurasian Collared-Dove; Greater Coucal; Laughing Dove; Medium Egret; Red-vented Bulbul","n_species":7,"focal_species_seen":"","focal_species_slugs":"","has_focal":false,"GRID_CODE":"GJ-KU-NAK-010","DISTRICT":"Kachchh","BLOCK":"Nakhatrana"},"geometry":{"type":"Point","coordinates":[69.0718369,23.5163686]}},{"type":"Feature","properties":{"GROUP.ID":"G18468961","LOCALITY":"Unnamed Road, Kachchh, Gujarat, IN (23.566, 69.02)","LATITUDE":23.5655345,"LONGITUDE":69.0195728,"OBSERVATION.DATE":"2026-09-27","OBSERVER.ID":"obsr6352680","DURATION.MINUTES":null,"SAMPLING.EVENT.IDENTIFIER":"S396730871","species_list":"Asian Green Bee-eater; Baya Weaver; Black Drongo; European Roller; Glossy Ibis; Gray Francolin; Little Cormorant; Rosy Starling; White-throated Kingfisher","n_species":9,"focal_species_seen":"European Roller","focal_species_slugs":"european-roller","has_focal":true,"GRID_CODE":"GJ-KU-NAK-003","DISTRICT":"Kachchh","BLOCK":"Nakhatrana"},"geometry":{"type":"Point","coordinates":[69.0195728,23.5655345]}},{"type":"Feature","properties":{"GROUP.ID":"S396730957","LOCALITY":"Way to Nirona Dem, Oriro, Gujarat, IN (23.439, 69.507)","LATITUDE":23.4386051,"LONGITUDE":69.5067338,"OBSERVATION.DATE":"2026-09-26","OBSERVER.ID":"obsr3012810","DURATION.MINUTES":null,"SAMPLING.EVENT.IDENTIFIER":"S396730957","species_list":"European Roller","n_species":1,"focal_species_seen":"European Roller","focal_species_slugs":"european-roller","has_focal":true,"GRID_CODE":"GJ-KU-NAK-039","DISTRICT":"Kachchh","BLOCK":"Nakhatrana"},"geometry":{"type":"Point","coordinates":[69.5067338,23.4386051]}},{"type":"Feature","properties":{"GROUP.ID":"G18468964","LOCALITY":"T41 G3","LATITUDE":23.563834,"LONGITUDE":69.0219347,"OBSERVATION.DATE":"2026-09-27","OBSERVER.ID":"obsr6352680","DURATION.MINUTES":63.0,"SAMPLING.EVENT.IDENTIFIER":"S396731068","species_list":"Ashy-crowned Sparrow-Lark; Asian Green Bee-eater; Bay-backed Shrike; Baya Weaver; Common Babbler; Eastern Cattle-Egret; European Roller; Glossy Ibis; Gray Francolin; Indian Pond-Heron; Indian Robin; Indian Silverbill; Indian Thick-knee; Laughing Dove; Lesser Whitethroat; Pied Bushchat; Red-vented Bulbul; Red-wattled Lapwing; Siberian Stonechat; Spotted Flycatcher; Tawny Pipit; Variable Wheatear; White-tailed Iora; Wire-tailed Swallow; Zitting Cisticola","n_species":25,"focal_species_seen":"European Roller; Spotted Flycatcher","focal_species_slugs":"european-roller;spotted-flycatcher","has_focal":true,"GRID_CODE":"GJ-KU-NAK-003","DISTRICT":"Kachchh","BLOCK":"Nakhatrana"},"geometry":{"type":"Point","coordinates":[69.0219347,23.563834]}},{"type":"Feature","properties":{"GROUP.ID":"G18468965","LOCALITY":"Unnamed Road, Kachchh, Gujarat, IN (23.566, 69.02)","LATITUDE":23.5655345,"LONGITUDE":69.0195728,"OBSERVATION.DATE":"2026-09-27","OBSERVER.ID":"obsr6352680","DURATION.MINUTES":null,"SAMPLING.EVENT.IDENTIFIER":"S396731166","species_list":"Asian Green Bee-eater; Black Drongo; Common Babbler; Eastern Cattle-Egret; European Roller; Indian Robin; Indian Silverbill; Laughing Dove; White-throated Kingfisher","n_species":9,"focal_species_seen":"European Roller","focal_species_slugs":"european-roller","has_focal":true,"GRID_CODE":"GJ-KU-NAK-003","DISTRICT":"Kachchh","BLOCK":"Nakhatrana"},"geometry":{"type":"Point","coordinates":[69.0195728,23.5655345]}},{"type":"Feature","properties":{"GROUP.ID":"S396731299","LOCALITY":"Bhuj, Gujarat, IN (23.371, 69.699)","LATITUDE":23.3710057,"LONGITUDE":69.6988157,"OBSERVATION.DATE":"2026-09-27","OBSERVER.ID":"obsr701947","DURATION.MINUTES":null,"SAMPLING.EVENT.IDENTIFIER":"S396731299","species_list":"European Roller","n_species":1,"focal_species_seen":"European Roller","focal_species_slugs":"european-roller","has_focal":true,"GRID_CODE":"GJ-KU-BHU-098","DISTRICT":"Kachchh","BLOCK":"Bhuj"},"geometry":{"type":"Point","coordinates":[69.6988157,23.3710057]}},{"type":"Feature","properties":{"GROUP.ID":"G18469330","LOCALITY":"Kutch Fossil Park","LATITUDE":23.9391144,"LONGITUDE":70.1870155,"OBSERVATION.DATE":"2026-09-27","OBSERVER.ID":"obsr807380","DURATION.MINUTES":null,"SAMPLING.EVENT.IDENTIFIER":"S396732557","species_list":"","n_species":0,"focal_species_seen":"","focal_species_slugs":"","has_focal":false,"GRID_CODE":"GJ-KU-BHA-001","DISTRICT":"Kachchh","BLOCK":"Bhachau"},"geometry":{"type":"Point","coordinates":[70.1870155,23.9391144]}},{"type":"Feature","properties":{"GROUP.ID":"S396732755","LOCALITY":"Fossil Park Road, Kachchh, Gujarat, IN (23.909, 70.19)","LATITUDE":23.9085516,"LONGITUDE":70.1904026,"OBSERVATION.DATE":"2026-09-27","OBSERVER.ID":"obsr807380","DURATION.MINUTES":null,"SAMPLING.EVENT.IDENTIFIER":"S396732755","species_list":"European Roller","n_species":1,"focal_species_seen":"European Roller","focal_species_slugs":"european-roller","has_focal":true,"GRID_CODE":"GJ-KU-BHA-002","DISTRICT":"Kachchh","BLOCK":"Bhachau"},"geometry":{"type":"Point","coordinates":[70.1904026,23.9085516]}},{"type":"Feature","properties":{"GROUP.ID":"G18469067","LOCALITY":"Kasvati Dam","LATITUDE":23.3838785,"LONGITUDE":69.900738,"OBSERVATION.DATE":"2026-09-27","OBSERVER.ID":"obsr453899","DURATION.MINUTES":47.0,"SAMPLING.EVENT.IDENTIFIER":"S396733031","species_list":"Asian Green Bee-eater; Barn Swallow; Black-headed Ibis; Black-winged Stilt; Black Drongo; Blue-cheeked Bee-eater; Common Kingfisher; Eastern Cattle-Egret; Eastern Red-rumped Swallow; Eurasian Collared-Dove; Eurasian Spoonbill; Gray Francolin; Gray Heron; Great Egret; House Crow; Indian Pond-Heron; Indian Spot-billed Duck; Laughing Dove; Little Cormorant; Little Egret; Little Grebe; Little Swift; Painted Stork; Pied Kingfisher; Red-naped Ibis; Red-wattled Lapwing; River Tern; Western Reef-Heron; Whiskered Tern; White-eared Bulbul; White-throated Kingfisher; Wire-tailed Swallow","n_species":32,"focal_species_seen":"Blue-cheeked Bee-eater","focal_species_slugs":"blue-cheeked-bee-eater","has_focal":true,"GRID_CODE":"GJ-KU-BHU-102","DISTRICT":"Kachchh","BLOCK":"Bhuj"},"geometry":{"type":"Point","coordinates":[69.900738,23.3838785]}},{"type":"Feature","properties":{"GROUP.ID":"G18469558","LOCALITY":"Unnamed Road, Kachchh, Gujarat, IN (23.513, 69.803)","LATITUDE":23.5132204,"LONGITUDE":69.8029407,"OBSERVATION.DATE":"2026-09-27","OBSERVER.ID":"obsr453899","DURATION.MINUTES":80.0,"SAMPLING.EVENT.IDENTIFIER":"S396733810","species_list":"Common Greenshank; Crested Lark; Eastern Cattle-Egret; Eurasian Curlew; Eurasian Spoonbill; Kentish Plover; Little Stint; Marsh Sandpiper; Paddyfield Pipit; Red-wattled Lapwing; Rufous-tailed Scrub-Robin; Temminck's Stint; Whiskered Tern","n_species":13,"focal_species_seen":"Rufous-tailed Scrub-Robin","focal_species_slugs":"rufous-tailed-scrub-robin","has_focal":true,"GRID_CODE":"GJ-KU-LIT-030","DISTRICT":"Kachchh","BLOCK":"Little Rann"},"geometry":{"type":"Point","coordinates":[69.8029407,23.5132204]}},{"type":"Feature","properties":{"GROUP.ID":"G18469557","LOCALITY":"Kunariya Dhori Road, Kachchh IN-GJ 23.39286, 69.71019","LATITUDE":23.392856,"LONGITUDE":69.710194,"OBSERVATION.DATE":"2026-09-27","OBSERVER.ID":"obsr8001542","DURATION.MINUTES":null,"SAMPLING.EVENT.IDENTIFIER":"S396735414","species_list":"Common Babbler; European Roller; Indian Robin; Siberian Stonechat; Variable Wheatear","n_species":5,"focal_species_seen":"European Roller","focal_species_slugs":"european-roller","has_focal":true,"GRID_CODE":"GJ-KU-BHU-099","DISTRICT":"Kachchh","BLOCK":"Bhuj"},"geometry":{"type":"Point","coordinates":[69.710194,23.392856]}},{"type":"Feature","properties":{"GROUP.ID":"G18496567","LOCALITY":"Unnamed Road, Badi, Gujarat, IN (23.455, 69.566)","LATITUDE":23.455345,"LONGITUDE":69.56572,"OBSERVATION.DATE":"2026-09-26","OBSERVER.ID":"obsr458889","DURATION.MINUTES":null,"SAMPLING.EVENT.IDENTIFIER":"S396736420","species_list":"European Roller","n_species":1,"focal_species_seen":"European Roller","focal_species_slugs":"european-roller","has_focal":true,"GRID_CODE":"GJ-KU-NAK-040","DISTRICT":"Kachchh","BLOCK":"Nakhatrana"},"geometry":{"type":"Point","coordinates":[69.56572,23.455345]}},{"type":"Feature","properties":{"GROUP.ID":"G18470167","LOCALITY":"T10G2","LATITUDE":22.9566294,"LONGITUDE":69.9075054,"OBSERVATION.DATE":"2026-09-27","OBSERVER.ID":"obsr2822364","DURATION.MINUTES":44.0,"SAMPLING.EVENT.IDENTIFIER":"S396736933","species_list":"Ashy-crowned Sparrow-Lark; Baya Weaver; Black-winged Stilt; Blue-cheeked Bee-eater; Brahminy Starling; Common Babbler; Common Kingfisher; Common Tailorbird; Glossy Ibis; Gray-breasted Prinia; Gray-necked Bunting; Gray Heron; Great Cormorant; Great Crested Grebe; Greater Coucal; Greater Whitethroat; Indian Cormorant; Indian Peafowl; Indian Robin; Knob-billed Duck; Lesser Whitethroat; Long-tailed Shrike; Oriental Darter; Pied Kingfisher; Purple Sunbird; Red-wattled Lapwing; River Tern; Siberian Stonechat; Sirkeer Malkoha; Spotted Flycatcher; Western Marsh Harrier; Whiskered Tern; White-throated Kingfisher","n_species":33,"focal_species_seen":"Blue-cheeked Bee-eater; Greater Whitethroat; Spotted Flycatcher","focal_species_slugs":"blue-cheeked-bee-eater;greater-whitethroat;spotted-flycatcher","has_focal":true,"GRID_CODE":"GJ-KU-MUN-016","DISTRICT":"Kachchh","BLOCK":"Mundra"},"geometry":{"type":"Point","coordinates":[69.9075054,22.9566294]}},{"type":"Feature","properties":{"GROUP.ID":"G18469101","LOCALITY":"T51_PMC26_Asambia-Faradi, Bidada, Gujarat, IN (22.912, 69.471)","LATITUDE":22.912475,"LONGITUDE":69.4710217,"OBSERVATION.DATE":"2026-09-27","OBSERVER.ID":"obsr8257166","DURATION.MINUTES":62.0,"SAMPLING.EVENT.IDENTIFIER":"S396737614","species_list":"Ashy-crowned Sparrow-Lark; Asian Green Bee-eater; Bay-backed Shrike; Black Drongo; Brahminy Starling; Common Babbler; Common Myna; Common Tailorbird; Eastern Cattle-Egret; Eurasian Collared-Dove; European Roller; Glossy Ibis; Gray Francolin; House Crow; House Sparrow; Indian Peafowl; Indian Pond-Heron; Indian Robin; Indian Silverbill; Laughing Dove; Little Ringed Plover; Little Swift; Long-tailed Shrike; Paddyfield Pipit; Plain Prinia; Red-naped Ibis; Red-vented Bulbul; Red-wattled Lapwing; River Tern; Rose-ringed Parakeet; Rosy Starling; Siberian Stonechat; Spotted Flycatcher; Sykes's Warbler; Variable Wheatear; White-eared Bulbul; White-throated Kingfisher; Wire-tailed Swallow; Yellow-throated Sparrow","n_species":39,"focal_species_seen":"European Roller; Spotted Flycatcher","focal_species_slugs":"european-roller;spotted-flycatcher","has_focal":true,"GRID_CODE":"GJ-KU-MAN-035","DISTRICT":"Kachchh","BLOCK":"Mandvi"},"geometry":{"type":"Point","coordinates":[69.4710217,22.912475]}},{"type":"Feature","properties":{"GROUP.ID":"G18496574","LOCALITY":"Unnamed Road, Kachchh, Gujarat, IN (23.444, 69.509)","LATITUDE":23.4437133,"LONGITUDE":69.50874,"OBSERVATION.DATE":"2026-09-26","OBSERVER.ID":"obsr458889","DURATION.MINUTES":null,"SAMPLING.EVENT.IDENTIFIER":"S396738508","species_list":"European Roller","n_species":1,"focal_species_seen":"European Roller","focal_species_slugs":"european-roller","has_focal":true,"GRID_CODE":"GJ-KU-NAK-039","DISTRICT":"Kachchh","BLOCK":"Nakhatrana"},"geometry":{"type":"Point","coordinates":[69.50874,23.4437133]}},{"type":"Feature","properties":{"GROUP.ID":"G18496575","LOCALITY":"Bibar, Gujarat, IN (23.482, 69.459)","LATITUDE":23.4818183,"LONGITUDE":69.45912,"OBSERVATION.DATE":"2026-09-26","OBSERVER.ID":"obsr458889","DURATION.MINUTES":null,"SAMPLING.EVENT.IDENTIFIER":"S396738668","species_list":"European Roller","n_species":1,"focal_species_seen":"European Roller","focal_species_slugs":"european-roller","has_focal":true,"GRID_CODE":"GJ-KU-NAK-026","DISTRICT":"Kachchh","BLOCK":"Nakhatrana"},"geometry":{"type":"Point","coordinates":[69.45912,23.4818183]}},{"type":"Feature","properties":{"GROUP.ID":"G18469103","LOCALITY":"T51_PMC26_Ramania, Gujarat, IN (22.957, 69.57)","LATITUDE":22.9567467,"LONGITUDE":69.5703067,"OBSERVATION.DATE":"2026-09-27","OBSERVER.ID":"obsr8257166","DURATION.MINUTES":63.0,"SAMPLING.EVENT.IDENTIFIER":"S396739428","species_list":"Ashy-crowned Sparrow-Lark; Asian Green Bee-eater; Bay-backed Shrike; Black Drongo; Brahminy Starling; Common Babbler; Common Myna; Common Tailorbird; Common Woodshrike; Eastern Cattle-Egret; Eurasian Collared-Dove; European Roller; Glossy Ibis; Gray Francolin; House Crow; House Sparrow; Indian Robin; Indian Silverbill; Laughing Dove; Little Egret; Little Swift; Long-tailed Shrike; Plain Prinia; Purple Sunbird; Red-vented Bulbul; Red-wattled Lapwing; River Tern; Rose-ringed Parakeet; Rosy Starling; Siberian Stonechat; Spotted Flycatcher; Variable Wheatear; White-breasted Waterhen; White-eared Bulbul; White-throated Kingfisher; Wire-tailed Swallow","n_species":36,"focal_species_seen":"European Roller; Spotted Flycatcher","focal_species_slugs":"european-roller;spotted-flycatcher","has_focal":true,"GRID_CODE":"GJ-KU-MUN-009","DISTRICT":"Kachchh","BLOCK":"Mundra"},"geometry":{"type":"Point","coordinates":[69.5703067,22.9567467]}},{"type":"Feature","properties":{"GROUP.ID":"G18469329","LOCALITY":"Dholavira Road, Kachchh, Gujarat, IN (23.829, 70.109)","LATITUDE":23.8292516,"LONGITUDE":70.1088925,"OBSERVATION.DATE":"2026-09-27","OBSERVER.ID":"obsr807380","DURATION.MINUTES":1.0,"SAMPLING.EVENT.IDENTIFIER":"S396739681","species_list":"Common Babbler; House Sparrow","n_species":2,"focal_species_seen":"","focal_species_slugs":"","has_focal":false,"GRID_CODE":"GJ-KU-RAN-479","DISTRICT":"Kachchh","BLOCK":"Rann of Kachchh"},"geometry":{"type":"Point","coordinates":[70.1088925,23.8292516]}},{"type":"Feature","properties":{"GROUP.ID":"G18469854","LOCALITY":"Tera, Gujarat, IN (23.288, 68.934)","LATITUDE":23.2875289,"LONGITUDE":68.9338008,"OBSERVATION.DATE":"2026-09-27","OBSERVER.ID":"obsr494050","DURATION.MINUTES":null,"SAMPLING.EVENT.IDENTIFIER":"S396741470","species_list":"European Roller","n_species":1,"focal_species_seen":"European Roller","focal_species_slugs":"european-roller","has_focal":true,"GRID_CODE":"GJ-KU-ABD-038","DISTRICT":"Kachchh","BLOCK":"Abdasa"},"geometry":{"type":"Point","coordinates":[68.9338008,23.2875289]}},{"type":"Feature","properties":{"GROUP.ID":"G18469335","LOCALITY":"Nandhra Nana, Gujarat, IN (23.207, 69.242)","LATITUDE":23.2065469,"LONGITUDE":69.2416918,"OBSERVATION.DATE":"2026-09-27","OBSERVER.ID":"obsr3483163","DURATION.MINUTES":null,"SAMPLING.EVENT.IDENTIFIER":"S396743719","species_list":"Savanna Nightjar","n_species":1,"focal_species_seen":"","focal_species_slugs":"","has_focal":false,"GRID_CODE":"GJ-KU-ABD-068","DISTRICT":"Kachchh","BLOCK":"Abdasa"},"geometry":{"type":"Point","coordinates":[69.2416918,23.2065469]}},{"type":"Feature","properties":{"GROUP.ID":"G18469340","LOCALITY":"Unnamed Road, Bhajir Vandh, Gujarat, IN (23.208, 68.855)","LATITUDE":23.2076036,"LONGITUDE":68.8552333,"OBSERVATION.DATE":"2026-09-27","OBSERVER.ID":"obsr3483163","DURATION.MINUTES":6.0,"SAMPLING.EVENT.IDENTIFIER":"S396744137","species_list":"Asian Green Bee-eater; Bay-backed Shrike; Common Babbler; Common Woodshrike; Laughing Dove; Red-backed Shrike; Red-vented Bulbul; Siberian Stonechat","n_species":8,"focal_species_seen":"Red-backed Shrike","focal_species_slugs":"red-backed-shrike","has_focal":true,"GRID_CODE":"GJ-KU-ABD-060","DISTRICT":"Kachchh","BLOCK":"Abdasa"},"geometry":{"type":"Point","coordinates":[68.8552333,23.2076036]}},{"type":"Feature","properties":{"GROUP.ID":"G18469354","LOCALITY":"Khirsara, Gujarat, IN (23.444, 69.053)","LATITUDE":23.444477,"LONGITUDE":69.0525146,"OBSERVATION.DATE":"2026-09-26","OBSERVER.ID":"obsr3483163","DURATION.MINUTES":31.0,"SAMPLING.EVENT.IDENTIFIER":"S396744512","species_list":"Ashy-crowned Sparrow-Lark; Bank Myna; Black Drongo; Brahminy Starling; Gray-breasted Prinia; Gray Francolin; House Sparrow; Indian Robin; Indian Roller; Red-naped Ibis; Red-wattled Lapwing; Rosy Starling; Siberian Stonechat; Variable Wheatear; White-eared Bulbul; Wire-tailed Swallow","n_species":16,"focal_species_seen":"","focal_species_slugs":"","has_focal":false,"GRID_CODE":"GJ-KU-NAK-029","DISTRICT":"Kachchh","BLOCK":"Nakhatrana"},"geometry":{"type":"Point","coordinates":[69.0525146,23.444477]}},{"type":"Feature","properties":{"GROUP.ID":"S396744734","LOCALITY":"Bhuj - Naliya Highway, Tera, Gujarat, IN (23.28, 68.948)","LATITUDE":23.2800324,"LONGITUDE":68.9479513,"OBSERVATION.DATE":"2026-09-27","OBSERVER.ID":"obsr1205825","DURATION.MINUTES":null,"SAMPLING.EVENT.IDENTIFIER":"S396744734","species_list":"European Roller","n_species":1,"focal_species_seen":"European Roller","focal_species_slugs":"european-roller","has_focal":true,"GRID_CODE":"GJ-KU-ABD-038","DISTRICT":"Kachchh","BLOCK":"Abdasa"},"geometry":{"type":"Point","coordinates":[68.9479513,23.2800324]}},{"type":"Feature","properties":{"GROUP.ID":"G18469346","LOCALITY":"Lakhania, Gujarat, IN (23.329, 68.965)","LATITUDE":23.3292264,"LONGITUDE":68.9650886,"OBSERVATION.DATE":"2026-09-26","OBSERVER.ID":"obsr3483163","DURATION.MINUTES":34.0,"SAMPLING.EVENT.IDENTIFIER":"S396745064","species_list":"Ashy-crowned Sparrow-Lark; Asian Green Bee-eater; Bay-backed Shrike; Black-winged Stilt; Common Kingfisher; Common Sandpiper; Common Snipe; Eastern Cattle-Egret; Gray Francolin; Green Sandpiper; Laughing Dove; Little Cormorant; Little Egret; Little Ringed Plover; Long-tailed Shrike; Paddyfield Pipit; Pied Kingfisher; Red-vented Bulbul; Red-wattled Lapwing; Siberian Stonechat; Tawny Pipit; White-eared Bulbul; White-tailed Iora; White-throated Kingfisher; Wood Sandpiper","n_species":25,"focal_species_seen":"","focal_species_slugs":"","has_focal":false,"GRID_CODE":"GJ-KU-ABD-027","DISTRICT":"Kachchh","BLOCK":"Abdasa"},"geometry":{"type":"Point","coordinates":[68.9650886,23.3292264]}},{"type":"Feature","properties":{"GROUP.ID":"G18469347","LOCALITY":"Unnamed Road, Lakhania, Gujarat, IN (23.322, 68.96)","LATITUDE":23.3219986,"LONGITUDE":68.9595744,"OBSERVATION.DATE":"2026-09-26","OBSERVER.ID":"obsr3483163","DURATION.MINUTES":null,"SAMPLING.EVENT.IDENTIFIER":"S396745264","species_list":"Variable Wheatear","n_species":1,"focal_species_seen":"","focal_species_slugs":"","has_focal":false,"GRID_CODE":"GJ-KU-ABD-027","DISTRICT":"Kachchh","BLOCK":"Abdasa"},"geometry":{"type":"Point","coordinates":[68.9595744,23.3219986]}},{"type":"Feature","properties":{"GROUP.ID":"G18470697","LOCALITY":"T35G1 Tal Village near Nakhatrana (23.531, 69.295)","LATITUDE":23.5308421,"LONGITUDE":69.2945228,"OBSERVATION.DATE":"2026-09-26","OBSERVER.ID":"obsr2072761","DURATION.MINUTES":60.0,"SAMPLING.EVENT.IDENTIFIER":"S396745367","species_list":"Ashy-crowned Sparrow-Lark; Asian Green Bee-eater; Bank Swallow; Black-winged Stilt; Blue-cheeked Bee-eater; Common Babbler; Common Hoopoe; Common Sandpiper; Gray Francolin; Greater Whitethroat; Green Sandpiper; House Crow; House Sparrow; Indian Robin; Laughing Dove; Lesser Whistling-Duck; Lesser Whitethroat; Little Cormorant; Little Grebe; Little Swift; Montagu's Harrier; Pallid Harrier; Red-naped Ibis; Red-vented Bulbul; Red-wattled Lapwing; Sykes's Warbler; Variable Wheatear; White-eared Bulbul; White-throated Kingfisher; Wire-tailed Swallow","n_species":30,"focal_species_seen":"Blue-cheeked Bee-eater; Greater Whitethroat","focal_species_slugs":"blue-cheeked-bee-eater;greater-whitethroat","has_focal":true,"GRID_CODE":"GJ-KU-NAK-014","DISTRICT":"Kachchh","BLOCK":"Nakhatrana"},"geometry":{"type":"Point","coordinates":[69.2945228,23.5308421]}},{"type":"Feature","properties":{"GROUP.ID":"G18470696","LOCALITY":"T35G2 Jatavira - Fuley Road, Kachchh, Gujarat, IN (23.479, 69.255)","LATITUDE":23.4787333,"LONGITUDE":69.2550425,"OBSERVATION.DATE":"2026-09-26","OBSERVER.ID":"obsr2072761","DURATION.MINUTES":60.0,"SAMPLING.EVENT.IDENTIFIER":"S396745419","species_list":"Asian Green Bee-eater; Bay-backed Shrike; Blue-cheeked Bee-eater; Brown Rock Chat; Common Babbler; Eastern Cattle-Egret; Eurasian Spoonbill; Green Sandpiper; Indian Silverbill; Isabelline Shrike; Laughing Dove; Lesser Whitethroat; Paddyfield Pipit; Red-wattled Lapwing; Siberian Stonechat; Temminck's Stint; Tibetan Sand-Plover; Variable Wheatear; Western Marsh Harrier; White-eared Bulbul","n_species":20,"focal_species_seen":"Blue-cheeked Bee-eater","focal_species_slugs":"blue-cheeked-bee-eater","has_focal":true,"GRID_CODE":"GJ-KU-NAK-021","DISTRICT":"Kachchh","BLOCK":"Nakhatrana"},"geometry":{"type":"Point","coordinates":[69.2550425,23.4787333]}},{"type":"Feature","properties":{"GROUP.ID":"G18470695","LOCALITY":"T35G3 Bhukhi Riverbed Near Nakhatrana, Gujarat, IN (23.406, 69.337)","LATITUDE":23.4061446,"LONGITUDE":69.3366034,"OBSERVATION.DATE":"2026-09-26","OBSERVER.ID":"obsr2072761","DURATION.MINUTES":58.0,"SAMPLING.EVENT.IDENTIFIER":"S396745461","species_list":"Asian Green Bee-eater; Black-winged Stilt; Common Hoopoe; Common Sandpiper; Common Snipe; Eastern Cattle-Egret; Eurasian Collared-Dove; European Roller; Glossy Ibis; Gray Heron; Green Sandpiper; House Crow; House Sparrow; Indian Pond-Heron; Indian Spot-billed Duck; Isabelline Shrike; Laughing Dove; Little Cormorant; Little Egret; Little Ringed Plover; Medium Egret; Oriental Darter; Pied Kingfisher; Purple Heron; Red-backed Shrike; Red-naped Ibis; Red-wattled Lapwing; River Tern; Rosy Starling; Shikra; Spotted Flycatcher; Variable Wheatear; Whiskered Tern; White-browed Wagtail; White-eared Bulbul; White Wagtail; Wood Sandpiper; Yellow-throated Sparrow","n_species":38,"focal_species_seen":"European Roller; Red-backed Shrike; Spotted Flycatcher","focal_species_slugs":"european-roller;red-backed-shrike;spotted-flycatcher","has_focal":true,"GRID_CODE":"GJ-KU-NAK-046","DISTRICT":"Kachchh","BLOCK":"Nakhatrana"},"geometry":{"type":"Point","coordinates":[69.3366034,23.4061446]}},{"type":"Feature","properties":{"GROUP.ID":"G18470694","LOCALITY":"T35G4 Bharapar, Gujarat, IN (23.411, 69.277)","LATITUDE":23.4109717,"LONGITUDE":69.2770921,"OBSERVATION.DATE":"2026-09-26","OBSERVER.ID":"obsr2072761","DURATION.MINUTES":46.0,"SAMPLING.EVENT.IDENTIFIER":"S396745534","species_list":"Asian Green Bee-eater; Baya Weaver; Black Drongo; Blue-cheeked Bee-eater; Common Babbler; European Roller; Gray Francolin; House Sparrow; Indian Nightjar; Indian Peafowl; Indian Roller; Laughing Dove; Lesser Whitethroat; Little Swift; Red-vented Bulbul; Spotted Owlet; White-eared Bulbul; White-throated Kingfisher; Yellow-eyed Babbler; Yellow-throated Sparrow","n_species":20,"focal_species_seen":"Blue-cheeked Bee-eater; European Roller","focal_species_slugs":"blue-cheeked-bee-eater;european-roller","has_focal":true,"GRID_CODE":"GJ-KU-NAK-034","DISTRICT":"Kachchh","BLOCK":"Nakhatrana"},"geometry":{"type":"Point","coordinates":[69.2770921,23.4109717]}},{"type":"Feature","properties":{"GROUP.ID":"S396745737","LOCALITY":"Aadhav-Dholavira Road, Kachchh, Gujarat, IN (23.811, 69.942)","LATITUDE":23.8106089,"LONGITUDE":69.941807,"OBSERVATION.DATE":"2026-09-27","OBSERVER.ID":"obsr807380","DURATION.MINUTES":null,"SAMPLING.EVENT.IDENTIFIER":"S396745737","species_list":"","n_species":0,"focal_species_seen":"","focal_species_slugs":"","has_focal":false,"GRID_CODE":"GJ-KU-BHU-014","DISTRICT":"Kachchh","BLOCK":"Bhuj"},"geometry":{"type":"Point","coordinates":[69.941807,23.8106089]}},{"type":"Feature","properties":{"GROUP.ID":"G18469348","LOCALITY":"Unnamed Road, Kachchh, Gujarat, IN (23.38, 69.022)","LATITUDE":23.3797249,"LONGITUDE":69.0222267,"OBSERVATION.DATE":"2026-09-26","OBSERVER.ID":"obsr3483163","DURATION.MINUTES":49.0,"SAMPLING.EVENT.IDENTIFIER":"S396745897","species_list":"Ashy-crowned Sparrow-Lark; Bay-backed Shrike; Baya Weaver; Common Babbler; Delicate Prinia; Eurasian Collared-Dove; European Roller; Gray-necked Bunting; Indian Robin; Indian Silverbill; Jungle Prinia; Laughing Dove; Red-vented Bulbul; Red Collared-Dove; Rufous-fronted Prinia; White-eared Bulbul; Yellow-wattled Lapwing","n_species":17,"focal_species_seen":"European Roller","focal_species_slugs":"european-roller","has_focal":true,"GRID_CODE":"GJ-KU-ABD-019","DISTRICT":"Kachchh","BLOCK":"Abdasa"},"geometry":{"type":"Point","coordinates":[69.0222267,23.3797249]}},{"type":"Feature","properties":{"GROUP.ID":"G18469355","LOCALITY":"Netra- Laxmipur Road, Rangaypadar, Gujarat, IN (23.437, 69.044)","LATITUDE":23.4365309,"LONGITUDE":69.04435170000001,"OBSERVATION.DATE":"2026-09-26","OBSERVER.ID":"obsr3483163","DURATION.MINUTES":null,"SAMPLING.EVENT.IDENTIFIER":"S396747669","species_list":"Common Cuckoo","n_species":1,"focal_species_seen":"Common Cuckoo","focal_species_slugs":"common-cuckoo","has_focal":true,"GRID_CODE":"GJ-KU-NAK-029","DISTRICT":"Kachchh","BLOCK":"Nakhatrana"},"geometry":{"type":"Point","coordinates":[69.04435170000001,23.4365309]}},{"type":"Feature","properties":{"GROUP.ID":"G18469353","LOCALITY":"Netra - Khirasara Road, Rampar, Gujarat, IN (23.444, 69.057)","LATITUDE":23.4435865,"LONGITUDE":69.0567843,"OBSERVATION.DATE":"2026-09-26","OBSERVER.ID":"obsr3483163","DURATION.MINUTES":35.0,"SAMPLING.EVENT.IDENTIFIER":"S396748010","species_list":"Asian Green Bee-eater; Baya Weaver; Black-headed Ibis; Black Drongo; Caspian Tern; Common Babbler; Common Hoopoe; Common Myna; Eastern Cattle-Egret; Eastern Red-rumped Swallow; Eurasian Collared-Dove; European Roller; Gray-breasted Prinia; Isabelline Shrike; Laughing Dove; Red-vented Bulbul; Rosy Starling; Shikra; Tawny Pipit; Wire-tailed Swallow","n_species":20,"focal_species_seen":"European Roller","focal_species_slugs":"european-roller","has_focal":true,"GRID_CODE":"GJ-KU-NAK-030","DISTRICT":"Kachchh","BLOCK":"Nakhatrana"},"geometry":{"type":"Point","coordinates":[69.0567843,23.4435865]}},{"type":"Feature","properties":{"GROUP.ID":"G18469349","LOCALITY":"Unnamed Road, Kachchh, Gujarat, IN (23.385, 69.027)","LATITUDE":23.3849166,"LONGITUDE":69.0274644,"OBSERVATION.DATE":"2026-09-26","OBSERVER.ID":"obsr3483163","DURATION.MINUTES":44.0,"SAMPLING.EVENT.IDENTIFIER":"S396748597","species_list":"Bank Swallow; Barn Swallow; Bay-backed Shrike; Common Babbler; Common Woodshrike; Eastern Red-rumped Swallow; Gray Francolin; Jungle Prinia; Laughing Dove; Little Cormorant; Little Grebe; Red-wattled Lapwing; Rock Bush-Quail; Spotted Flycatcher; Spotted Owlet; White-eared Bulbul","n_species":16,"focal_species_seen":"Spotted Flycatcher","focal_species_slugs":"spotted-flycatcher","has_focal":true,"GRID_CODE":"GJ-KU-ABD-019","DISTRICT":"Kachchh","BLOCK":"Abdasa"},"geometry":{"type":"Point","coordinates":[69.0274644,23.3849166]}},{"type":"Feature","properties":{"GROUP.ID":"G18469350","LOCALITY":"Netra-Kuwapaddhar-Tera Road, Lakhania, Gujarat, IN (23.326, 68.939)","LATITUDE":23.3260372,"LONGITUDE":68.9394299,"OBSERVATION.DATE":"2026-09-26","OBSERVER.ID":"obsr3483163","DURATION.MINUTES":null,"SAMPLING.EVENT.IDENTIFIER":"S396749052","species_list":"Barn Swallow; Black-winged Kite; Black Drongo; European Roller; Great Gray Shrike; Rosy Starling; Wire-tailed Swallow","n_species":7,"focal_species_seen":"European Roller","focal_species_slugs":"european-roller","has_focal":true,"GRID_CODE":"GJ-KU-ABD-026","DISTRICT":"Kachchh","BLOCK":"Abdasa"},"geometry":{"type":"Point","coordinates":[68.9394299,23.3260372]}},{"type":"Feature","properties":{"GROUP.ID":"G18469351","LOCALITY":"Tera, Gujarat, IN (23.288, 68.935)","LATITUDE":23.2876291,"LONGITUDE":68.9351671,"OBSERVATION.DATE":"2026-09-26","OBSERVER.ID":"obsr3483163","DURATION.MINUTES":null,"SAMPLING.EVENT.IDENTIFIER":"S396749263","species_list":"Black-winged Stilt; Booted Eagle; Eastern Cattle-Egret; Indian Pond-Heron; Indian Spot-billed Duck; Little Egret; Red-naped Ibis; Red-wattled Lapwing","n_species":8,"focal_species_seen":"","focal_species_slugs":"","has_focal":false,"GRID_CODE":"GJ-KU-ABD-038","DISTRICT":"Kachchh","BLOCK":"Abdasa"},"geometry":{"type":"Point","coordinates":[68.9351671,23.2876291]}},{"type":"Feature","properties":{"GROUP.ID":"G18469352","LOCALITY":"Auto selected Enroute Netra - Terra","LATITUDE":23.2935872,"LONGITUDE":68.9260747,"OBSERVATION.DATE":"2026-09-26","OBSERVER.ID":"obsr3483163","DURATION.MINUTES":null,"SAMPLING.EVENT.IDENTIFIER":"S396749752","species_list":"River Tern","n_species":1,"focal_species_seen":"","focal_species_slugs":"","has_focal":false,"GRID_CODE":"GJ-KU-ABD-038","DISTRICT":"Kachchh","BLOCK":"Abdasa"},"geometry":{"type":"Point","coordinates":[68.9260747,23.2935872]}},{"type":"Feature","properties":{"GROUP.ID":"G18469451","LOCALITY":"Nakhatrana, Kachchh IN-Gujarat (23.2008,69.2682)","LATITUDE":23.200844,"LONGITUDE":69.268194,"OBSERVATION.DATE":"2026-09-27","OBSERVER.ID":"obsr2395706","DURATION.MINUTES":41.0,"SAMPLING.EVENT.IDENTIFIER":"S396753517","species_list":"Dusky Crag-Martin; Eastern Red-rumped Swallow; European Roller; Gray Francolin; Indian Peafowl; Isabelline Shrike; Laughing Dove; Oriental Honey-buzzard; Purple Sunbird; Red-vented Bulbul; Red Collared-Dove; Rose-ringed Parakeet; Streak-throated Swallow; White-eared Bulbul; White-tailed Iora","n_species":15,"focal_species_seen":"European Roller","focal_species_slugs":"european-roller","has_focal":true,"GRID_CODE":"GJ-KU-NAK-064","DISTRICT":"Kachchh","BLOCK":"Nakhatrana"},"geometry":{"type":"Point","coordinates":[69.268194,23.200844]}},{"type":"Feature","properties":{"GROUP.ID":"G18469450","LOCALITY":"Kotda Beru Road, Kachchh IN-Gujarat 23.20777, 69.27659","LATITUDE":23.207773,"LONGITUDE":69.276593,"OBSERVATION.DATE":"2026-09-27","OBSERVER.ID":"obsr2395706","DURATION.MINUTES":7.0,"SAMPLING.EVENT.IDENTIFIER":"S396753639","species_list":"Asian Green Bee-eater; Bay-backed Shrike; Common Tailorbird; European Roller; Indian Peafowl; Indian Silverbill","n_species":6,"focal_species_seen":"European Roller","focal_species_slugs":"european-roller","has_focal":true,"GRID_CODE":"GJ-KU-NAK-064","DISTRICT":"Kachchh","BLOCK":"Nakhatrana"},"geometry":{"type":"Point","coordinates":[69.276593,23.207773]}},{"type":"Feature","properties":{"GROUP.ID":"G18476398","LOCALITY":"T32G3","LATITUDE":23.7337036,"LONGITUDE":69.2770156,"OBSERVATION.DATE":"2026-09-26","OBSERVER.ID":"obsr2986726","DURATION.MINUTES":17.0,"SAMPLING.EVENT.IDENTIFIER":"S396759554","species_list":"Asian Green Bee-eater; Brown Rock Chat; House Sparrow; Spotted Flycatcher; Yellow-throated Sparrow","n_species":5,"focal_species_seen":"Spotted Flycatcher","focal_species_slugs":"spotted-flycatcher","has_focal":true,"GRID_CODE":"GJ-KU-BHU-026","DISTRICT":"Kachchh","BLOCK":"Bhuj"},"geometry":{"type":"Point","coordinates":[69.2770156,23.7337036]}},{"type":"Feature","properties":{"GROUP.ID":"G18476421","LOCALITY":"T32G1","LATITUDE":23.6933602,"LONGITUDE":69.2065193,"OBSERVATION.DATE":"2026-09-26","OBSERVER.ID":"obsr2986726","DURATION.MINUTES":23.0,"SAMPLING.EVENT.IDENTIFIER":"S396761192","species_list":"Asian Green Bee-eater; Barn Swallow; Baya Weaver; Blue-cheeked Bee-eater; Common Babbler; Common Sandpiper; Crested Lark; Eurasian Collared-Dove; European Roller; Gray Francolin; House Sparrow; Little Cormorant; Little Ringed Plover; Little Stint; Marsh Sandpiper; Pied Cuckoo; Purple Sunbird; Red-wattled Lapwing; Western Reef-Heron; White-eared Bulbul; Wire-tailed Swallow; Yellow-throated Sparrow","n_species":22,"focal_species_seen":"Blue-cheeked Bee-eater; European Roller","focal_species_slugs":"blue-cheeked-bee-eater;european-roller","has_focal":true,"GRID_CODE":"GJ-KU-BHU-040","DISTRICT":"Kachchh","BLOCK":"Bhuj"},"geometry":{"type":"Point","coordinates":[69.2065193,23.6933602]}},{"type":"Feature","properties":{"GROUP.ID":"S396761562","LOCALITY":"Naredi - Ratatalav Road, Kachchh, Gujarat, IN (23.206, 69.43)","LATITUDE":23.2060714,"LONGITUDE":69.4299905,"OBSERVATION.DATE":"2026-09-27","OBSERVER.ID":"obsr1205825","DURATION.MINUTES":null,"SAMPLING.EVENT.IDENTIFIER":"S396761562","species_list":"European Roller","n_species":1,"focal_species_seen":"European Roller","focal_species_slugs":"european-roller","has_focal":true,"GRID_CODE":"GJ-KU-BHU-142","DISTRICT":"Kachchh","BLOCK":"Bhuj"},"geometry":{"type":"Point","coordinates":[69.4299905,23.2060714]}},{"type":"Feature","properties":{"GROUP.ID":"G18476420","LOCALITY":"T32G1","LATITUDE":23.6933602,"LONGITUDE":69.2065193,"OBSERVATION.DATE":"2026-09-26","OBSERVER.ID":"obsr2986726","DURATION.MINUTES":16.0,"SAMPLING.EVENT.IDENTIFIER":"S396761789","species_list":"Ashy-crowned Sparrow-Lark; Bay-backed Shrike; Crested Lark; Gray Francolin; Isabelline Shrike; Little Egret; Paddyfield Pipit; Purple Heron; Whiskered Tern","n_species":9,"focal_species_seen":"","focal_species_slugs":"","has_focal":false,"GRID_CODE":"GJ-KU-BHU-040","DISTRICT":"Kachchh","BLOCK":"Bhuj"},"geometry":{"type":"Point","coordinates":[69.2065193,23.6933602]}},{"type":"Feature","properties":{"GROUP.ID":"G18470333","LOCALITY":"Vandhay Tank","LATITUDE":23.1916474,"LONGITUDE":69.4480053,"OBSERVATION.DATE":"2026-09-27","OBSERVER.ID":"obsr604291","DURATION.MINUTES":22.0,"SAMPLING.EVENT.IDENTIFIER":"S396762343","species_list":"Baya Weaver; Eurasian Moorhen; Gray-headed Swamphen; Gray Francolin; Indian Pond-Heron; Little Grebe","n_species":6,"focal_species_seen":"","focal_species_slugs":"","has_focal":false,"GRID_CODE":"GJ-KU-BHU-142","DISTRICT":"Kachchh","BLOCK":"Bhuj"},"geometry":{"type":"Point","coordinates":[69.4480053,23.1916474]}},{"type":"Feature","properties":{"GROUP.ID":"G18476419","LOCALITY":"T32G1","LATITUDE":23.6933602,"LONGITUDE":69.2065193,"OBSERVATION.DATE":"2026-09-26","OBSERVER.ID":"obsr2986726","DURATION.MINUTES":15.0,"SAMPLING.EVENT.IDENTIFIER":"S396762435","species_list":"Brown Rock Chat; Crested Lark; House Crow; Little Cormorant; Paddyfield Pipit; Red-wattled Lapwing; Whiskered Tern","n_species":7,"focal_species_seen":"","focal_species_slugs":"","has_focal":false,"GRID_CODE":"GJ-KU-BHU-040","DISTRICT":"Kachchh","BLOCK":"Bhuj"},"geometry":{"type":"Point","coordinates":[69.2065193,23.6933602]}},{"type":"Feature","properties":{"GROUP.ID":"G18469484","LOCALITY":"Kotay-Dhrang Road, Kotay, Gujarat, IN (23.395, 69.794)","LATITUDE":23.3953867,"LONGITUDE":69.7943233,"OBSERVATION.DATE":"2026-09-27","OBSERVER.ID":"obsr10088115","DURATION.MINUTES":30.0,"SAMPLING.EVENT.IDENTIFIER":"S396762461","species_list":"Asian Green Bee-eater; Bay-backed Shrike; Black-winged Kite; Blue-cheeked Bee-eater; Common Babbler; Eurasian Collared-Dove; European Roller; Glossy Ibis; Laughing Dove; Montagu's Harrier; Red-tailed Shrike; Red-vented Bulbul; Variable Wheatear; White-eared Bulbul","n_species":14,"focal_species_seen":"Blue-cheeked Bee-eater; European Roller; Red-tailed Shrike","focal_species_slugs":"blue-cheeked-bee-eater;european-roller;red-tailed-shrike","has_focal":true,"GRID_CODE":"GJ-KU-BHU-100","DISTRICT":"Kachchh","BLOCK":"Bhuj"},"geometry":{"type":"Point","coordinates":[69.7943233,23.3953867]}},{"type":"Feature","properties":{"GROUP.ID":"G18476418","LOCALITY":"T32G1","LATITUDE":23.6933602,"LONGITUDE":69.2065193,"OBSERVATION.DATE":"2026-09-26","OBSERVER.ID":"obsr2986726","DURATION.MINUTES":17.0,"SAMPLING.EVENT.IDENTIFIER":"S396763143","species_list":"Asian Green Bee-eater; Barn Swallow; Crested Lark; Eurasian Collared-Dove; House Crow; Isabelline Shrike; Paddyfield Pipit","n_species":7,"focal_species_seen":"","focal_species_slugs":"","has_focal":false,"GRID_CODE":"GJ-KU-BHU-040","DISTRICT":"Kachchh","BLOCK":"Bhuj"},"geometry":{"type":"Point","coordinates":[69.2065193,23.6933602]}},{"type":"Feature","properties":{"GROUP.ID":"G18476417","LOCALITY":"T32G1","LATITUDE":23.6933602,"LONGITUDE":69.2065193,"OBSERVATION.DATE":"2026-09-26","OBSERVER.ID":"obsr2986726","DURATION.MINUTES":16.0,"SAMPLING.EVENT.IDENTIFIER":"S396763753","species_list":"Asian Green Bee-eater; Eurasian Collared-Dove; House Crow; House Sparrow; Indian Pond-Heron; Little Cormorant; Little Egret; Paddyfield Pipit; Red-vented Bulbul; Red-wattled Lapwing; Western Reef-Heron; White-eared Bulbul","n_species":12,"focal_species_seen":"","focal_species_slugs":"","has_focal":false,"GRID_CODE":"GJ-KU-BHU-040","DISTRICT":"Kachchh","BLOCK":"Bhuj"},"geometry":{"type":"Point","coordinates":[69.2065193,23.6933602]}},{"type":"Feature","properties":{"GROUP.ID":"G18469537","LOCALITY":"Mundra, Kachchh IN-Gujarat 23.01980, 69.65014","LATITUDE":23.019796,"LONGITUDE":69.650136,"OBSERVATION.DATE":"2026-09-27","OBSERVER.ID":"obsr3568724","DURATION.MINUTES":null,"SAMPLING.EVENT.IDENTIFIER":"S396763850","species_list":"European Roller","n_species":1,"focal_species_seen":"European Roller","focal_species_slugs":"european-roller","has_focal":true,"GRID_CODE":"GJ-KU-BHU-169","DISTRICT":"Kachchh","BLOCK":"Bhuj"},"geometry":{"type":"Point","coordinates":[69.650136,23.019796]}},{"type":"Feature","properties":{"GROUP.ID":"G18469536","LOCALITY":"Mundra, Kachchh IN-Gujarat 23.01859, 69.64538","LATITUDE":23.018594,"LONGITUDE":69.645384,"OBSERVATION.DATE":"2026-09-27","OBSERVER.ID":"obsr3568724","DURATION.MINUTES":null,"SAMPLING.EVENT.IDENTIFIER":"S396763981","species_list":"European Roller","n_species":1,"focal_species_seen":"European Roller","focal_species_slugs":"european-roller","has_focal":true,"GRID_CODE":"GJ-KU-BHU-169","DISTRICT":"Kachchh","BLOCK":"Bhuj"},"geometry":{"type":"Point","coordinates":[69.645384,23.018594]}},{"type":"Feature","properties":{"GROUP.ID":"G18469515","LOCALITY":"Kunaraiya Dhori Road, Kachchh IN-Gujarat 23.41263, 69.73303","LATITUDE":23.412627,"LONGITUDE":69.733031,"OBSERVATION.DATE":"2026-09-27","OBSERVER.ID":"obsr1522701","DURATION.MINUTES":25.0,"SAMPLING.EVENT.IDENTIFIER":"S396764002","species_list":"Asian Green Bee-eater; Baya Weaver; Black-crowned Night Heron; Black Drongo; Clamorous Reed Warbler; Common Babbler; Common Hoopoe; Common Sandpiper; Delicate Prinia; Eastern Red-rumped Swallow; Eurasian Collared-Dove; Eurasian Moorhen; European Roller; Gray Francolin; House Crow; House Sparrow; Indian Robin; Indian Silverbill; Laughing Dove; Plain Prinia; Purple Sunbird; Red-vented Bulbul; Siberian Stonechat; Streaked Weaver; White-breasted Waterhen; White-eared Bulbul; White-tailed Iora; White-throated Kingfisher; White Wagtail; Wire-tailed Swallow","n_species":30,"focal_species_seen":"European Roller","focal_species_slugs":"european-roller","has_focal":true,"GRID_CODE":"GJ-KU-BHU-086","DISTRICT":"Kachchh","BLOCK":"Bhuj"},"geometry":{"type":"Point","coordinates":[69.733031,23.412627]}},{"type":"Feature","properties":{"GROUP.ID":"G18469518","LOCALITY":"Rudramata Dam Road, Kachchh IN-Gujarat 23.32225, 69.68834","LATITUDE":23.322251,"LONGITUDE":69.688342,"OBSERVATION.DATE":"2026-09-27","OBSERVER.ID":"obsr1522701","DURATION.MINUTES":7.0,"SAMPLING.EVENT.IDENTIFIER":"S396764158","species_list":"Black Drongo; Common Myna; Eastern Cattle-Egret; Eurasian Collared-Dove; European Roller; House Sparrow; Knob-billed Duck; Laughing Dove; Little Cormorant; Long-tailed Shrike; Purple Heron; Purple Sunbird; Red-vented Bulbul; Shikra; White-throated Kingfisher","n_species":15,"focal_species_seen":"European Roller","focal_species_slugs":"european-roller","has_focal":true,"GRID_CODE":"GJ-KU-BHU-111","DISTRICT":"Kachchh","BLOCK":"Bhuj"},"geometry":{"type":"Point","coordinates":[69.688342,23.322251]}},{"type":"Feature","properties":{"GROUP.ID":"G18469512","LOCALITY":"Naliya-Narayan Sarovar Road, Naredo, Gujarat, IN (23.566, 68.668)","LATITUDE":23.5660919,"LONGITUDE":68.6681898,"OBSERVATION.DATE":"2026-09-27","OBSERVER.ID":"obsr1173605","DURATION.MINUTES":null,"SAMPLING.EVENT.IDENTIFIER":"S396764219","species_list":"European Roller","n_species":1,"focal_species_seen":"European Roller","focal_species_slugs":"european-roller","has_focal":true,"GRID_CODE":"GJ-KU-LAK-048","DISTRICT":"Kachchh","BLOCK":"Lakhpat"},"geometry":{"type":"Point","coordinates":[68.6681898,23.5660919]}},{"type":"Feature","properties":{"GROUP.ID":"G18469535","LOCALITY":"Mundra, Kachchh IN-Gujarat 22.99038, 69.70235","LATITUDE":22.990385,"LONGITUDE":69.702347,"OBSERVATION.DATE":"2026-09-27","OBSERVER.ID":"obsr3568724","DURATION.MINUTES":null,"SAMPLING.EVENT.IDENTIFIER":"S396764223","species_list":"Asian Koel; Shikra","n_species":2,"focal_species_seen":"","focal_species_slugs":"","has_focal":false,"GRID_CODE":"GJ-KU-MUN-006","DISTRICT":"Kachchh","BLOCK":"Mundra"},"geometry":{"type":"Point","coordinates":[69.702347,22.990385]}},{"type":"Feature","properties":{"GROUP.ID":"G18469516","LOCALITY":"Unnamed Road, Saran Nani, Gujarat, IN (23.534, 68.799)","LATITUDE":23.5339735,"LONGITUDE":68.7992394,"OBSERVATION.DATE":"2026-09-27","OBSERVER.ID":"obsr1173605","DURATION.MINUTES":18.0,"SAMPLING.EVENT.IDENTIFIER":"S396764440","species_list":"Bay-backed Shrike; Common Babbler; Rufous-fronted Prinia; Tree Pipit","n_species":4,"focal_species_seen":"","focal_species_slugs":"","has_focal":false,"GRID_CODE":"GJ-KU-LAK-060","DISTRICT":"Kachchh","BLOCK":"Lakhpat"},"geometry":{"type":"Point","coordinates":[68.7992394,23.5339735]}},{"type":"Feature","properties":{"GROUP.ID":"G18476416","LOCALITY":"T32G1","LATITUDE":23.6933602,"LONGITUDE":69.2065193,"OBSERVATION.DATE":"2026-09-26","OBSERVER.ID":"obsr2986726","DURATION.MINUTES":26.0,"SAMPLING.EVENT.IDENTIFIER":"S396764443","species_list":"Common Babbler; Common Kingfisher; European Roller; Painted Stork; Red-wattled Lapwing; White-throated Kingfisher","n_species":6,"focal_species_seen":"European Roller","focal_species_slugs":"european-roller","has_focal":true,"GRID_CODE":"GJ-KU-BHU-040","DISTRICT":"Kachchh","BLOCK":"Bhuj"},"geometry":{"type":"Point","coordinates":[69.2065193,23.6933602]}},{"type":"Feature","properties":{"GROUP.ID":"G18469521","LOCALITY":"Naliya-Narayan Sarovar Road, Naredo, Gujarat, IN (23.572, 68.653)","LATITUDE":23.5719651,"LONGITUDE":68.6533798,"OBSERVATION.DATE":"2026-09-27","OBSERVER.ID":"obsr1173605","DURATION.MINUTES":8.0,"SAMPLING.EVENT.IDENTIFIER":"S396764744","species_list":"Great Egret; House Crow; Indian Peafowl; Little Egret; Red-wattled Lapwing; Whiskered Tern; White-throated Kingfisher","n_species":7,"focal_species_seen":"","focal_species_slugs":"","has_focal":false,"GRID_CODE":"GJ-KU-LAK-047","DISTRICT":"Kachchh","BLOCK":"Lakhpat"},"geometry":{"type":"Point","coordinates":[68.6533798,23.5719651]}},{"type":"Feature","properties":{"GROUP.ID":"G18469522","LOCALITY":"Naliya-Narayan Sarovar Road, Kachchh, Gujarat, IN (23.585, 68.604)","LATITUDE":23.5847735,"LONGITUDE":68.6037008,"OBSERVATION.DATE":"2026-09-27","OBSERVER.ID":"obsr1173605","DURATION.MINUTES":31.0,"SAMPLING.EVENT.IDENTIFIER":"S396764863","species_list":"Common Tailorbird; Eastern Red-rumped Swallow; European Roller; Red-vented Bulbul; Rosy Starling; White-eared Bulbul","n_species":6,"focal_species_seen":"European Roller","focal_species_slugs":"european-roller","has_focal":true,"GRID_CODE":"GJ-KU-LAK-046","DISTRICT":"Kachchh","BLOCK":"Lakhpat"},"geometry":{"type":"Point","coordinates":[68.6037008,23.5847735]}},{"type":"Feature","properties":{"GROUP.ID":"G18469526","LOCALITY":"Unnamed Road, Rodasar Lakki, Gujarat, IN (23.577, 68.586)","LATITUDE":23.5767864,"LONGITUDE":68.5858132,"OBSERVATION.DATE":"2026-09-27","OBSERVER.ID":"obsr1173605","DURATION.MINUTES":30.0,"SAMPLING.EVENT.IDENTIFIER":"S396765039","species_list":"Asian Green Bee-eater; Bay-backed Shrike; Blue-cheeked Bee-eater; Booted Eagle; Common Babbler; Common Hoopoe; Common Woodshrike; Gray Francolin; Greater Whitethroat; Indian Bushlark; Striolated Bunting; White-tailed Iora","n_species":12,"focal_species_seen":"Blue-cheeked Bee-eater; Greater Whitethroat","focal_species_slugs":"blue-cheeked-bee-eater;greater-whitethroat","has_focal":true,"GRID_CODE":"GJ-KU-LAK-046","DISTRICT":"Kachchh","BLOCK":"Lakhpat"},"geometry":{"type":"Point","coordinates":[68.5858132,23.5767864]}},{"type":"Feature","properties":{"GROUP.ID":"G18469529","LOCALITY":"Unnamed Road, Rodasar Lakki, Gujarat, IN (23.577, 68.586)","LATITUDE":23.5767864,"LONGITUDE":68.5858132,"OBSERVATION.DATE":"2026-09-27","OBSERVER.ID":"obsr1173605","DURATION.MINUTES":7.0,"SAMPLING.EVENT.IDENTIFIER":"S396765197","species_list":"Blue-cheeked Bee-eater; Great Gray Shrike; Laughing Dove; Little Ringed Plover; Rufous-fronted Prinia; Tawny Pipit; Zitting Cisticola","n_species":7,"focal_species_seen":"Blue-cheeked Bee-eater","focal_species_slugs":"blue-cheeked-bee-eater","has_focal":true,"GRID_CODE":"GJ-KU-LAK-046","DISTRICT":"Kachchh","BLOCK":"Lakhpat"},"geometry":{"type":"Point","coordinates":[68.5858132,23.5767864]}},{"type":"Feature","properties":{"GROUP.ID":"G18476415","LOCALITY":"T32G1","LATITUDE":23.6933602,"LONGITUDE":69.2065193,"OBSERVATION.DATE":"2026-09-26","OBSERVER.ID":"obsr2986726","DURATION.MINUTES":19.0,"SAMPLING.EVENT.IDENTIFIER":"S396765284","species_list":"Asian Green Bee-eater; Barn Swallow; Black Drongo; Blue-cheeked Bee-eater; Common Babbler; Common Tailorbird; Delicate Prinia; Eurasian Collared-Dove; Gray Francolin; Indian Pond-Heron; Isabelline Shrike; Plain Prinia; Red-vented Bulbul; Western Marsh Harrier; White-eared Bulbul; White-throated Kingfisher","n_species":16,"focal_species_seen":"Blue-cheeked Bee-eater","focal_species_slugs":"blue-cheeked-bee-eater","has_focal":true,"GRID_CODE":"GJ-KU-BHU-040","DISTRICT":"Kachchh","BLOCK":"Bhuj"},"geometry":{"type":"Point","coordinates":[69.2065193,23.6933602]}},{"type":"Feature","properties":{"GROUP.ID":"G18476412","LOCALITY":"T32G3","LATITUDE":23.7337036,"LONGITUDE":69.2770156,"OBSERVATION.DATE":"2026-09-26","OBSERVER.ID":"obsr2986726","DURATION.MINUTES":19.0,"SAMPLING.EVENT.IDENTIFIER":"S396765742","species_list":"Asian Green Bee-eater; Common Kingfisher; Isabelline Shrike; Lesser Whitethroat; Red-vented Bulbul; White-eared Bulbul","n_species":6,"focal_species_seen":"","focal_species_slugs":"","has_focal":false,"GRID_CODE":"GJ-KU-BHU-026","DISTRICT":"Kachchh","BLOCK":"Bhuj"},"geometry":{"type":"Point","coordinates":[69.2770156,23.7337036]}},{"type":"Feature","properties":{"GROUP.ID":"G18476414","LOCALITY":"T32G3","LATITUDE":23.7337036,"LONGITUDE":69.2770156,"OBSERVATION.DATE":"2026-09-26","OBSERVER.ID":"obsr2986726","DURATION.MINUTES":15.0,"SAMPLING.EVENT.IDENTIFIER":"S396765957","species_list":"Common Babbler; Red-wattled Lapwing; White-eared Bulbul; White-throated Kingfisher","n_species":4,"focal_species_seen":"","focal_species_slugs":"","has_focal":false,"GRID_CODE":"GJ-KU-BHU-026","DISTRICT":"Kachchh","BLOCK":"Bhuj"},"geometry":{"type":"Point","coordinates":[69.2770156,23.7337036]}},{"type":"Feature","properties":{"GROUP.ID":"G18469566","LOCALITY":"Rudramata Dam Road, Sarspar, Gujarat, IN (23.356, 69.694)","LATITUDE":23.35625,"LONGITUDE":69.693885,"OBSERVATION.DATE":"2026-09-27","OBSERVER.ID":"obsr6495382","DURATION.MINUTES":null,"SAMPLING.EVENT.IDENTIFIER":"S396766052","species_list":"European Roller; Laughing Dove; Little Cormorant; Little Egret; Oriental Darter; Pied Kingfisher","n_species":6,"focal_species_seen":"European Roller","focal_species_slugs":"european-roller","has_focal":true,"GRID_CODE":"GJ-KU-BHU-111","DISTRICT":"Kachchh","BLOCK":"Bhuj"},"geometry":{"type":"Point","coordinates":[69.693885,23.35625]}},{"type":"Feature","properties":{"GROUP.ID":"G18470142","LOCALITY":"Unnamed Road, Kotda, Gujarat, IN (23.483, 68.905)","LATITUDE":23.483242,"LONGITUDE":68.9053842,"OBSERVATION.DATE":"2026-09-26","OBSERVER.ID":"obsr3471251","DURATION.MINUTES":145.0,"SAMPLING.EVENT.IDENTIFIER":"S396766463","species_list":"Ashy-crowned Sparrow-Lark; Asian Green Bee-eater; Bay-backed Shrike; Baya Weaver; Black Drongo; Brahminy Starling; Common Babbler; Common Hoopoe; Crested Lark; Eurasian Collared-Dove; European Roller; Glossy Ibis; Gray-headed Swamphen; Gray Francolin; Great Gray Shrike; House Sparrow; Indian Peafowl; Indian Pond-Heron; Indian Robin; Indian Silverbill; Laughing Dove; Little Cormorant; Little Egret; Little Swift; Long-tailed Shrike; Paddyfield Pipit; Pied Kingfisher; Plain Prinia; Purple Sunbird; Red-vented Bulbul; Red-wattled Lapwing; River Tern; Rosy Starling; White-eared Bulbul; White-throated Kingfisher; Yellow-throated Sparrow; Yellow-wattled Lapwing","n_species":37,"focal_species_seen":"European Roller","focal_species_slugs":"european-roller","has_focal":true,"GRID_CODE":"GJ-KU-LAK-070","DISTRICT":"Kachchh","BLOCK":"Lakhpat"},"geometry":{"type":"Point","coordinates":[68.9053842,23.483242]}},{"type":"Feature","properties":{"GROUP.ID":"G18476410","LOCALITY":"T32G3","LATITUDE":23.7337036,"LONGITUDE":69.2770156,"OBSERVATION.DATE":"2026-09-26","OBSERVER.ID":"obsr2986726","DURATION.MINUTES":24.0,"SAMPLING.EVENT.IDENTIFIER":"S396766672","species_list":"Asian Green Bee-eater; Black Drongo; Blue-cheeked Bee-eater; Common Tailorbird; Isabelline Shrike; Plain Prinia; Red Collared-Dove; Rufous-tailed Scrub-Robin; Whiskered Tern; White-throated Kingfisher","n_species":10,"focal_species_seen":"Blue-cheeked Bee-eater; Rufous-tailed Scrub-Robin","focal_species_slugs":"blue-cheeked-bee-eater;rufous-tailed-scrub-robin","has_focal":true,"GRID_CODE":"GJ-KU-BHU-026","DISTRICT":"Kachchh","BLOCK":"Bhuj"},"geometry":{"type":"Point","coordinates":[69.2770156,23.7337036]}},{"type":"Feature","properties":{"GROUP.ID":"G18476409","LOCALITY":"T32G3","LATITUDE":23.7337036,"LONGITUDE":69.2770156,"OBSERVATION.DATE":"2026-09-26","OBSERVER.ID":"obsr2986726","DURATION.MINUTES":18.0,"SAMPLING.EVENT.IDENTIFIER":"S396766937","species_list":"Barn Swallow; Plain Prinia; White-eared Bulbul; Wire-tailed Swallow","n_species":4,"focal_species_seen":"","focal_species_slugs":"","has_focal":false,"GRID_CODE":"GJ-KU-BHU-026","DISTRICT":"Kachchh","BLOCK":"Bhuj"},"geometry":{"type":"Point","coordinates":[69.2770156,23.7337036]}},{"type":"Feature","properties":{"GROUP.ID":"G18470332","LOCALITY":"Bhuj - Nakhatrana Road, Devpar, Gujarat, IN (23.281, 69.35)","LATITUDE":23.2812104,"LONGITUDE":69.3503474,"OBSERVATION.DATE":"2026-09-27","OBSERVER.ID":"obsr604291","DURATION.MINUTES":49.0,"SAMPLING.EVENT.IDENTIFIER":"S396767027","species_list":"Asian Green Bee-eater; Black Drongo; Brahminy Starling; Eurasian Collared-Dove; European Roller; House Sparrow; Laughing Dove; Long-tailed Shrike; Red-vented Bulbul; Rosy Starling","n_species":10,"focal_species_seen":"European Roller","focal_species_slugs":"european-roller","has_focal":true,"GRID_CODE":"GJ-KU-NAK-058","DISTRICT":"Kachchh","BLOCK":"Nakhatrana"},"geometry":{"type":"Point","coordinates":[69.3503474,23.2812104]}},{"type":"Feature","properties":{"GROUP.ID":"G18470331","LOCALITY":"Kunj Homestay and Surroundings","LATITUDE":23.4485098,"LONGITUDE":69.38208,"OBSERVATION.DATE":"2026-09-27","OBSERVER.ID":"obsr604291","DURATION.MINUTES":null,"SAMPLING.EVENT.IDENTIFIER":"S396767323","species_list":"Isabelline Shrike","n_species":1,"focal_species_seen":"","focal_species_slugs":"","has_focal":false,"GRID_CODE":"GJ-KU-NAK-036","DISTRICT":"Kachchh","BLOCK":"Nakhatrana"},"geometry":{"type":"Point","coordinates":[69.38208,23.4485098]}},{"type":"Feature","properties":{"GROUP.ID":"G18476408","LOCALITY":"T32G3","LATITUDE":23.7337036,"LONGITUDE":69.2770156,"OBSERVATION.DATE":"2026-09-26","OBSERVER.ID":"obsr2986726","DURATION.MINUTES":20.0,"SAMPLING.EVENT.IDENTIFIER":"S396767336","species_list":"Gull-billed Tern; Indian Spot-billed Duck; Kentish Plover; Little Cormorant; Whiskered Tern","n_species":5,"focal_species_seen":"","focal_species_slugs":"","has_focal":false,"GRID_CODE":"GJ-KU-BHU-026","DISTRICT":"Kachchh","BLOCK":"Bhuj"},"geometry":{"type":"Point","coordinates":[69.2770156,23.7337036]}},{"type":"Feature","properties":{"GROUP.ID":"G18476406","LOCALITY":"T32G4","LATITUDE":23.7662918,"LONGITUDE":69.3446448,"OBSERVATION.DATE":"2026-09-26","OBSERVER.ID":"obsr2986726","DURATION.MINUTES":19.0,"SAMPLING.EVENT.IDENTIFIER":"S396767789","species_list":"Common Sandpiper; Crested Lark; Kentish Plover; Little Cormorant; Little Stint; Red-wattled Lapwing; Ruff","n_species":7,"focal_species_seen":"","focal_species_slugs":"","has_focal":false,"GRID_CODE":"GJ-KU-RAN-501","DISTRICT":"Kachchh","BLOCK":"Rann of Kachchh"},"geometry":{"type":"Point","coordinates":[69.3446448,23.7662918]}},{"type":"Feature","properties":{"GROUP.ID":"G18476407","LOCALITY":"T32G4","LATITUDE":23.7662918,"LONGITUDE":69.3446448,"OBSERVATION.DATE":"2026-09-26","OBSERVER.ID":"obsr2986726","DURATION.MINUTES":16.0,"SAMPLING.EVENT.IDENTIFIER":"S396768559","species_list":"Caspian Tern; Crested Lark; Desert Wheatear; Eurasian Kestrel; Gull-billed Tern; Kentish Plover; Little Egret; Tibetan Sand-Plover; Whiskered Tern","n_species":9,"focal_species_seen":"","focal_species_slugs":"","has_focal":false,"GRID_CODE":"GJ-KU-RAN-501","DISTRICT":"Kachchh","BLOCK":"Rann of Kachchh"},"geometry":{"type":"Point","coordinates":[69.3446448,23.7662918]}},{"type":"Feature","properties":{"GROUP.ID":"G18470330","LOCALITY":"Virani - Dhinodhar Hills Road, Kachchh, Gujarat, IN (23.391, 69.3)","LATITUDE":23.3914567,"LONGITUDE":69.299815,"OBSERVATION.DATE":"2026-09-27","OBSERVER.ID":"obsr604291","DURATION.MINUTES":37.0,"SAMPLING.EVENT.IDENTIFIER":"S396769263","species_list":"Black-winged Kite; Eurasian Collared-Dove; European Roller; Gray Francolin; House Crow; House Sparrow; Laughing Dove; Red-vented Bulbul; Rosy Starling","n_species":9,"focal_species_seen":"European Roller","focal_species_slugs":"european-roller","has_focal":true,"GRID_CODE":"GJ-KU-NAK-045","DISTRICT":"Kachchh","BLOCK":"Nakhatrana"},"geometry":{"type":"Point","coordinates":[69.299815,23.3914567]}},{"type":"Feature","properties":{"GROUP.ID":"G18476405","LOCALITY":"T32G4","LATITUDE":23.7662918,"LONGITUDE":69.3446448,"OBSERVATION.DATE":"2026-09-26","OBSERVER.ID":"obsr2986726","DURATION.MINUTES":55.0,"SAMPLING.EVENT.IDENTIFIER":"S396769334","species_list":"Eurasian Kestrel; Isabelline Shrike; Western Marsh Harrier; Western Reef-Heron; Whiskered Tern; White-throated Kingfisher","n_species":6,"focal_species_seen":"","focal_species_slugs":"","has_focal":false,"GRID_CODE":"GJ-KU-RAN-501","DISTRICT":"Kachchh","BLOCK":"Rann of Kachchh"},"geometry":{"type":"Point","coordinates":[69.3446448,23.7662918]}},{"type":"Feature","properties":{"GROUP.ID":"G18476404","LOCALITY":"T32G1","LATITUDE":23.6933602,"LONGITUDE":69.2065193,"OBSERVATION.DATE":"2026-09-26","OBSERVER.ID":"obsr2986726","DURATION.MINUTES":33.0,"SAMPLING.EVENT.IDENTIFIER":"S396769845","species_list":"Asian Green Bee-eater; Barn Swallow; Red-vented Bulbul; Spotted Flycatcher; White-eared Bulbul","n_species":5,"focal_species_seen":"Spotted Flycatcher","focal_species_slugs":"spotted-flycatcher","has_focal":true,"GRID_CODE":"GJ-KU-BHU-040","DISTRICT":"Kachchh","BLOCK":"Bhuj"},"geometry":{"type":"Point","coordinates":[69.2065193,23.6933602]}},{"type":"Feature","properties":{"GROUP.ID":"G18470171","LOCALITY":"T10G1","LATITUDE":22.9508383,"LONGITUDE":69.984803,"OBSERVATION.DATE":"2026-09-26","OBSERVER.ID":"obsr2822364","DURATION.MINUTES":67.0,"SAMPLING.EVENT.IDENTIFIER":"S396769904","species_list":"Asian Green Bee-eater; Bay-backed Shrike; Chestnut-bellied Sandgrouse; Common Babbler; Common Sandpiper; Glossy Ibis; Gray-breasted Prinia; Great Cormorant; Greater Whitethroat; Indian Spot-billed Duck; Pied Cuckoo; Pied Kingfisher; Purple Sunbird; Red-backed Shrike; Red-tailed Shrike; Red-vented Bulbul; Rosy Starling; Ruff; Rufous-fronted Prinia; Siberian Stonechat; White-eared Bulbul","n_species":21,"focal_species_seen":"Greater Whitethroat; Red-backed Shrike; Red-tailed Shrike","focal_species_slugs":"greater-whitethroat;red-backed-shrike;red-tailed-shrike","has_focal":true,"GRID_CODE":"GJ-KU-ANJ-043","DISTRICT":"Kachchh","BLOCK":"Anjar"},"geometry":{"type":"Point","coordinates":[69.984803,22.9508383]}},{"type":"Feature","properties":{"GROUP.ID":"S396773219","LOCALITY":"Balasar-Deslpar Road, Kachchh, Gujarat, IN (23.77, 70.674)","LATITUDE":23.7697923,"LONGITUDE":70.6740782,"OBSERVATION.DATE":"2026-09-27","OBSERVER.ID":"obsr640387","DURATION.MINUTES":null,"SAMPLING.EVENT.IDENTIFIER":"S396773219","species_list":"Black-winged Stilt; Eurasian Spoonbill; European Roller; Great Cormorant; Indian Cormorant; Kentish Plover; Little Cormorant; Little Stint; Little Tern; Marsh Sandpiper; Montagu's Harrier; Pied Avocet; Red-vented Bulbul; River Tern; Ruff; Siberian Stonechat; White-eared Bulbul","n_species":17,"focal_species_seen":"European Roller","focal_species_slugs":"european-roller","has_focal":true,"GRID_CODE":"GJ-KU-RAP-016","DISTRICT":"Kachchh","BLOCK":"Rapar"},"geometry":{"type":"Point","coordinates":[70.6740782,23.7697923]}},{"type":"Feature","properties":{"GROUP.ID":"G18476403","LOCALITY":"T32G2","LATITUDE":23.7113528,"LONGITUDE":69.1928681,"OBSERVATION.DATE":"2026-09-27","OBSERVER.ID":"obsr2986726","DURATION.MINUTES":26.0,"SAMPLING.EVENT.IDENTIFIER":"S396773786","species_list":"Asian Green Bee-eater; Barn Swallow; Blue-cheeked Bee-eater; Common Babbler; Eurasian Collared-Dove; Eurasian Spoonbill; Gray Francolin; House Crow; Little Egret; Plain Prinia; Red-vented Bulbul; Red-wattled Lapwing; White-eared Bulbul; White-throated Kingfisher; Wire-tailed Swallow","n_species":15,"focal_species_seen":"Blue-cheeked Bee-eater","focal_species_slugs":"blue-cheeked-bee-eater","has_focal":true,"GRID_CODE":"GJ-KU-BHU-024","DISTRICT":"Kachchh","BLOCK":"Bhuj"},"geometry":{"type":"Point","coordinates":[69.1928681,23.7113528]}},{"type":"Feature","properties":{"GROUP.ID":"G18476400","LOCALITY":"T32G2","LATITUDE":23.7113528,"LONGITUDE":69.1928681,"OBSERVATION.DATE":"2026-09-27","OBSERVER.ID":"obsr2986726","DURATION.MINUTES":40.0,"SAMPLING.EVENT.IDENTIFIER":"S396774792","species_list":"Black-crowned Night Heron; Black-winged Stilt; Common Babbler; Common Sandpiper; Eurasian Spoonbill; Gray Francolin; House Sparrow; Indian Thick-knee; Painted Stork; Red-wattled Lapwing; Western Marsh Harrier; White-eared Bulbul; Yellow-throated Sparrow","n_species":13,"focal_species_seen":"","focal_species_slugs":"","has_focal":false,"GRID_CODE":"GJ-KU-BHU-024","DISTRICT":"Kachchh","BLOCK":"Bhuj"},"geometry":{"type":"Point","coordinates":[69.1928681,23.7113528]}},{"type":"Feature","properties":{"GROUP.ID":"G18476399","LOCALITY":"T32G2","LATITUDE":23.7113528,"LONGITUDE":69.1928681,"OBSERVATION.DATE":"2026-09-27","OBSERVER.ID":"obsr2986726","DURATION.MINUTES":26.0,"SAMPLING.EVENT.IDENTIFIER":"S396776366","species_list":"Caspian Tern; Crested Lark; European Roller; Gull-billed Tern; Little Tern; Red-wattled Lapwing; Western Marsh Harrier; Whiskered Tern","n_species":8,"focal_species_seen":"European Roller","focal_species_slugs":"european-roller","has_focal":true,"GRID_CODE":"GJ-KU-BHU-024","DISTRICT":"Kachchh","BLOCK":"Bhuj"},"geometry":{"type":"Point","coordinates":[69.1928681,23.7113528]}},{"type":"Feature","properties":{"GROUP.ID":"G18476394","LOCALITY":"T32G2","LATITUDE":23.7113528,"LONGITUDE":69.1928681,"OBSERVATION.DATE":"2026-09-27","OBSERVER.ID":"obsr2986726","DURATION.MINUTES":38.0,"SAMPLING.EVENT.IDENTIFIER":"S396777781","species_list":"Asian Green Bee-eater; Black-crowned Night Heron; Black-winged Stilt; Blue-cheeked Bee-eater; Common Babbler; Common Sandpiper; Eurasian Collared-Dove; Eurasian Spoonbill; European Roller; Gray Francolin; Great Egret; House Crow; House Sparrow; Indian Pond-Heron; Indian Thick-knee; Isabelline Shrike; Little Cormorant; Marsh Sandpiper; Medium Egret; Painted Stork; Western Marsh Harrier; Whiskered Tern; White-eared Bulbul; White-throated Kingfisher; Yellow-throated Sparrow","n_species":25,"focal_species_seen":"Blue-cheeked Bee-eater; European Roller","focal_species_slugs":"blue-cheeked-bee-eater;european-roller","has_focal":true,"GRID_CODE":"GJ-KU-BHU-024","DISTRICT":"Kachchh","BLOCK":"Bhuj"},"geometry":{"type":"Point","coordinates":[69.1928681,23.7113528]}},{"type":"Feature","properties":{"GROUP.ID":"G18476393","LOCALITY":"T32G2","LATITUDE":23.7113528,"LONGITUDE":69.1928681,"OBSERVATION.DATE":"2026-09-27","OBSERVER.ID":"obsr2986726","DURATION.MINUTES":95.0,"SAMPLING.EVENT.IDENTIFIER":"S396778339","species_list":"Barn Swallow; Black-headed Ibis; Crested Lark; Eurasian Collared-Dove; House Sparrow; Little Cormorant; Paddyfield Pipit; Spotted Flycatcher; White-eared Bulbul; Wire-tailed Swallow","n_species":10,"focal_species_seen":"Spotted Flycatcher","focal_species_slugs":"spotted-flycatcher","has_focal":true,"GRID_CODE":"GJ-KU-BHU-024","DISTRICT":"Kachchh","BLOCK":"Bhuj"},"geometry":{"type":"Point","coordinates":[69.1928681,23.7113528]}},{"type":"Feature","properties":{"GROUP.ID":"G18476392","LOCALITY":"T32G1","LATITUDE":23.6933602,"LONGITUDE":69.2065193,"OBSERVATION.DATE":"2026-09-26","OBSERVER.ID":"obsr2986726","DURATION.MINUTES":50.0,"SAMPLING.EVENT.IDENTIFIER":"S396779118","species_list":"Barn Swallow; House Sparrow; Little Egret; White-eared Bulbul; Wire-tailed Swallow; Yellow-throated Sparrow","n_species":6,"focal_species_seen":"","focal_species_slugs":"","has_focal":false,"GRID_CODE":"GJ-KU-BHU-040","DISTRICT":"Kachchh","BLOCK":"Bhuj"},"geometry":{"type":"Point","coordinates":[69.2065193,23.6933602]}},{"type":"Feature","properties":{"GROUP.ID":"G18476390","LOCALITY":"T32G1","LATITUDE":23.6933602,"LONGITUDE":69.2065193,"OBSERVATION.DATE":"2026-09-26","OBSERVER.ID":"obsr2986726","DURATION.MINUTES":29.0,"SAMPLING.EVENT.IDENTIFIER":"S396779394","species_list":"Asian Green Bee-eater; Crested Lark; Eurasian Collared-Dove; Glossy Ibis; House Sparrow; Isabelline Shrike; Red-backed Shrike; Red-naped Ibis","n_species":8,"focal_species_seen":"Red-backed Shrike","focal_species_slugs":"red-backed-shrike","has_focal":true,"GRID_CODE":"GJ-KU-BHU-040","DISTRICT":"Kachchh","BLOCK":"Bhuj"},"geometry":{"type":"Point","coordinates":[69.2065193,23.6933602]}},{"type":"Feature","properties":{"GROUP.ID":"G18476388","LOCALITY":"T32G1","LATITUDE":23.6933602,"LONGITUDE":69.2065193,"OBSERVATION.DATE":"2026-09-26","OBSERVER.ID":"obsr2986726","DURATION.MINUTES":30.0,"SAMPLING.EVENT.IDENTIFIER":"S396780147","species_list":"Crested Lark; Gray Francolin; Paddyfield Pipit; Western Marsh Harrier; White-throated Kingfisher","n_species":5,"focal_species_seen":"","focal_species_slugs":"","has_focal":false,"GRID_CODE":"GJ-KU-BHU-040","DISTRICT":"Kachchh","BLOCK":"Bhuj"},"geometry":{"type":"Point","coordinates":[69.2065193,23.6933602]}},{"type":"Feature","properties":{"GROUP.ID":"G18469749","LOCALITY":"Bhuj - Naliya Highway, Hamirpar, Gujarat, IN (23.269, 68.985)","LATITUDE":23.2692287,"LONGITUDE":68.9852769,"OBSERVATION.DATE":"2026-09-27","OBSERVER.ID":"obsr1173605","DURATION.MINUTES":null,"SAMPLING.EVENT.IDENTIFIER":"S396782219","species_list":"Asian Green Bee-eater; Black-winged Kite; Eurasian Collared-Dove; European Roller; House Sparrow; Indian Peafowl; Laughing Dove; Lesser Whistling-Duck; Red-vented Bulbul; Rosy Starling","n_species":10,"focal_species_seen":"European Roller","focal_species_slugs":"european-roller","has_focal":true,"GRID_CODE":"GJ-KU-ABD-039","DISTRICT":"Kachchh","BLOCK":"Abdasa"},"geometry":{"type":"Point","coordinates":[68.9852769,23.2692287]}},{"type":"Feature","properties":{"GROUP.ID":"G18472255","LOCALITY":"National Highway 341, Kachchh, Gujarat, IN (23.521, 69.665)","LATITUDE":23.5210527,"LONGITUDE":69.6648069,"OBSERVATION.DATE":"2026-09-27","OBSERVER.ID":"obsr807380","DURATION.MINUTES":3.0,"SAMPLING.EVENT.IDENTIFIER":"S396782705","species_list":"Asian Koel; Black-winged Stilt; Common Sandpiper; Gray Heron; Great White Pelican; Greater Flamingo; House Crow; Indian Spot-billed Duck; Lesser Whistling-Duck; Red-wattled Lapwing; Western Marsh Harrier; Wood Sandpiper","n_species":12,"focal_species_seen":"","focal_species_slugs":"","has_focal":false,"GRID_CODE":"GJ-KU-LIT-028","DISTRICT":"Kachchh","BLOCK":"Little Rann"},"geometry":{"type":"Point","coordinates":[69.6648069,23.5210527]}},{"type":"Feature","properties":{"GROUP.ID":"G18470143","LOCALITY":"Unnamed Road, Ramaniya, Gujarat, IN (23.465, 68.808)","LATITUDE":23.4648217,"LONGITUDE":68.8078347,"OBSERVATION.DATE":"2026-09-26","OBSERVER.ID":"obsr3471251","DURATION.MINUTES":80.0,"SAMPLING.EVENT.IDENTIFIER":"S396785050","species_list":"Asian Green Bee-eater; Black-winged Stilt; Black Drongo; Eastern Cattle-Egret; Green Sandpiper; House Crow; House Sparrow; Indian Robin; Indian Spot-billed Duck; Little Cormorant; Little Grebe; Red-backed Shrike; Red-vented Bulbul; Rosy Starling; White-eared Bulbul","n_species":15,"focal_species_seen":"Red-backed Shrike","focal_species_slugs":"red-backed-shrike","has_focal":true,"GRID_CODE":"GJ-KU-LAK-069","DISTRICT":"Kachchh","BLOCK":"Lakhpat"},"geometry":{"type":"Point","coordinates":[68.8078347,23.4648217]}},{"type":"Feature","properties":{"GROUP.ID":"G18470141","LOCALITY":"Matana Madh Road","LATITUDE":23.5475855,"LONGITUDE":68.9470666,"OBSERVATION.DATE":"2026-09-27","OBSERVER.ID":"obsr3471251","DURATION.MINUTES":216.0,"SAMPLING.EVENT.IDENTIFIER":"S396785645","species_list":"Ashy-crowned Sparrow-Lark; Asian Green Bee-eater; Barn Swallow; Baya Weaver; Black-winged Stilt; Black Drongo; Brahminy Starling; Chestnut-bellied Sandgrouse; Common Babbler; Common Hoopoe; Common Kingfisher; Common Myna; Eurasian Collared-Dove; European Roller; Glossy Ibis; Gray Francolin; Green Sandpiper; House Sparrow; Indian Robin; Indian Silverbill; Indian Spot-billed Duck; Indian Thick-knee; Laughing Dove; Little Cormorant; Little Egret; Little Grebe; Paddyfield Pipit; Red-vented Bulbul; Red-wattled Lapwing; Rosy Starling; Tawny Pipit; Variable Wheatear; White-eared Bulbul; Wire-tailed Swallow; Yellow-throated Sparrow; Yellow-wattled Lapwing","n_species":36,"focal_species_seen":"European Roller","focal_species_slugs":"european-roller","has_focal":true,"GRID_CODE":"GJ-KU-LAK-063","DISTRICT":"Kachchh","BLOCK":"Lakhpat"},"geometry":{"type":"Point","coordinates":[68.9470666,23.5475855]}},{"type":"Feature","properties":{"GROUP.ID":"G18470138","LOCALITY":"Unnamed Road, Ashaldi, Gujarat, IN (23.584, 68.891)","LATITUDE":23.5838487,"LONGITUDE":68.8905403,"OBSERVATION.DATE":"2026-09-26","OBSERVER.ID":"obsr3471251","DURATION.MINUTES":1.0,"SAMPLING.EVENT.IDENTIFIER":"S396785825","species_list":"European Roller","n_species":1,"focal_species_seen":"European Roller","focal_species_slugs":"european-roller","has_focal":true,"GRID_CODE":"GJ-KU-LAK-052","DISTRICT":"Kachchh","BLOCK":"Lakhpat"},"geometry":{"type":"Point","coordinates":[68.8905403,23.5838487]}},{"type":"Feature","properties":{"GROUP.ID":"G18469853","LOCALITY":"Rudramata Bridge","LATITUDE":23.3580579,"LONGITUDE":69.6952558,"OBSERVATION.DATE":"2026-09-27","OBSERVER.ID":"obsr494050","DURATION.MINUTES":3.0,"SAMPLING.EVENT.IDENTIFIER":"S396786112","species_list":"Asian Green Bee-eater; Black-tailed Godwit; Black-winged Stilt; Eurasian Spoonbill; Gray Heron; Great Egret; Little Cormorant; Little Egret; Oriental Darter; Red-wattled Lapwing; River Tern; Western Yellow Wagtail","n_species":12,"focal_species_seen":"","focal_species_slugs":"","has_focal":false,"GRID_CODE":"GJ-KU-BHU-111","DISTRICT":"Kachchh","BLOCK":"Bhuj"},"geometry":{"type":"Point","coordinates":[69.6952558,23.3580579]}},{"type":"Feature","properties":{"GROUP.ID":"G18469774","LOCALITY":"T7G1","LATITUDE":23.3894922,"LONGITUDE":69.7800067,"OBSERVATION.DATE":"2026-09-27","OBSERVER.ID":"obsr834427","DURATION.MINUTES":50.0,"SAMPLING.EVENT.IDENTIFIER":"S396786547","species_list":"Ashy-crowned Sparrow-Lark; Asian Green Bee-eater; Asian Koel; Barn Swallow; Black-winged Kite; Black-winged Stilt; Black Drongo; Blue-cheeked Bee-eater; Common Babbler; Common Hoopoe; Common Myna; Common Sandpiper; Common Tailorbird; Dusky Crag-Martin; Eastern Cattle-Egret; Eurasian Collared-Dove; European Roller; Gray-breasted Prinia; Gray Francolin; Great Egret; Greater Coucal; Green Sandpiper; House Crow; Indian Peafowl; Indian Robin; Indian Silverbill; Isabelline Shrike; Jungle Prinia; Laughing Dove; Little Grebe; Little Swift; Purple Sunbird; Red-naped Ibis; Red-vented Bulbul; Red-wattled Lapwing; Rose-ringed Parakeet; Rosy Starling; Rufous-tailed Lark; Siberian Stonechat; Small Minivet; Spotted Flycatcher; Sykes's Warbler; Whiskered Tern; White-eared Bulbul; White-tailed Iora; White-throated Kingfisher; Yellow-eyed Babbler; Yellow-throated Sparrow","n_species":48,"focal_species_seen":"Blue-cheeked Bee-eater; European Roller; Spotted Flycatcher","focal_species_slugs":"blue-cheeked-bee-eater;european-roller;spotted-flycatcher","has_focal":true,"GRID_CODE":"GJ-KU-BHU-100","DISTRICT":"Kachchh","BLOCK":"Bhuj"},"geometry":{"type":"Point","coordinates":[69.7800067,23.3894922]}},{"type":"Feature","properties":{"GROUP.ID":"G18470040","LOCALITY":"Unnamed Road, Babiya, Gujarat, IN (23.016, 69.63)","LATITUDE":23.0161276,"LONGITUDE":69.6304978,"OBSERVATION.DATE":"2026-09-26","OBSERVER.ID":"obsr6780226","DURATION.MINUTES":null,"SAMPLING.EVENT.IDENTIFIER":"S396787912","species_list":"European Roller","n_species":1,"focal_species_seen":"European Roller","focal_species_slugs":"european-roller","has_focal":true,"GRID_CODE":"GJ-KU-BHU-169","DISTRICT":"Kachchh","BLOCK":"Bhuj"},"geometry":{"type":"Point","coordinates":[69.6304978,23.0161276]}},{"type":"Feature","properties":{"GROUP.ID":"G18470039","LOCALITY":"Reha Mota, Gujarat, IN (23.166, 69.767)","LATITUDE":23.1660575,"LONGITUDE":69.7669752,"OBSERVATION.DATE":"2026-09-26","OBSERVER.ID":"obsr6780226","DURATION.MINUTES":null,"SAMPLING.EVENT.IDENTIFIER":"S396788102","species_list":"Montagu's Harrier","n_species":1,"focal_species_seen":"","focal_species_slugs":"","has_focal":false,"GRID_CODE":"GJ-KU-BHU-149","DISTRICT":"Kachchh","BLOCK":"Bhuj"},"geometry":{"type":"Point","coordinates":[69.7669752,23.1660575]}},{"type":"Feature","properties":{"GROUP.ID":"S396788225","LOCALITY":"Unnamed Road, Dinara, Gujarat, IN (23.886, 69.766)","LATITUDE":23.8855554,"LONGITUDE":69.7664984,"OBSERVATION.DATE":"2026-09-26","OBSERVER.ID":"obsr6655752","DURATION.MINUTES":60.0,"SAMPLING.EVENT.IDENTIFIER":"S396788225","species_list":"Asian Green Bee-eater; Black Drongo; Common Hoopoe; Common Tailorbird; Eurasian Collared-Dove; Gray Francolin; House Sparrow; Indian Robin; Indian Silverbill; Laughing Dove; Lesser Whitethroat; Plain Prinia; Purple Sunbird; Red-naped Ibis; Red-vented Bulbul; Red-wattled Lapwing; White-throated Kingfisher","n_species":17,"focal_species_seen":"","focal_species_slugs":"","has_focal":false,"GRID_CODE":"GJ-KU-BHU-006","DISTRICT":"Kachchh","BLOCK":"Bhuj"},"geometry":{"type":"Point","coordinates":[69.7664984,23.8855554]}},{"type":"Feature","properties":{"GROUP.ID":"G18470038","LOCALITY":"Ler Hanuman Road, Kachchh, Gujarat, IN (23.21, 69.766)","LATITUDE":23.2095631,"LONGITUDE":69.7659159,"OBSERVATION.DATE":"2026-09-26","OBSERVER.ID":"obsr6780226","DURATION.MINUTES":null,"SAMPLING.EVENT.IDENTIFIER":"S396788598","species_list":"Shikra","n_species":1,"focal_species_seen":"","focal_species_slugs":"","has_focal":false,"GRID_CODE":"GJ-KU-BHU-149","DISTRICT":"Kachchh","BLOCK":"Bhuj"},"geometry":{"type":"Point","coordinates":[69.7659159,23.2095631]}},{"type":"Feature","properties":{"GROUP.ID":"S396788698","LOCALITY":"Gujarat State Highway 45, Dhrobana, Gujarat, IN (23.939, 69.725)","LATITUDE":23.938638,"LONGITUDE":69.7249747,"OBSERVATION.DATE":"2026-09-26","OBSERVER.ID":"obsr6655752","DURATION.MINUTES":63.0,"SAMPLING.EVENT.IDENTIFIER":"S396788698","species_list":"Black-winged Stilt; Common Babbler; Eurasian Collared-Dove; House Sparrow; Indian Robin; Indian Silverbill; Isabelline Shrike; Laughing Dove; Purple Sunbird; Red-naped Ibis; Red-vented Bulbul; Rufous-fronted Prinia; White-throated Kingfisher","n_species":13,"focal_species_seen":"","focal_species_slugs":"","has_focal":false,"GRID_CODE":"GJ-KU-BHU-001","DISTRICT":"Kachchh","BLOCK":"Bhuj"},"geometry":{"type":"Point","coordinates":[69.7249747,23.938638]}},{"type":"Feature","properties":{"GROUP.ID":"S396789217","LOCALITY":"Dholavira Road, Kachchh, Gujarat, IN (23.829, 70.109)","LATITUDE":23.829132,"LONGITUDE":70.1091056,"OBSERVATION.DATE":"2026-09-27","OBSERVER.ID":"obsr6655752","DURATION.MINUTES":42.0,"SAMPLING.EVENT.IDENTIFIER":"S396789217","species_list":"Asian Green Bee-eater; Barn Swallow; House Sparrow; Indian Silverbill; Red-wattled Lapwing","n_species":5,"focal_species_seen":"","focal_species_slugs":"","has_focal":false,"GRID_CODE":"GJ-KU-RAN-479","DISTRICT":"Kachchh","BLOCK":"Rann of Kachchh"},"geometry":{"type":"Point","coordinates":[70.1091056,23.829132]}},{"type":"Feature","properties":{"GROUP.ID":"S396795197","LOCALITY":"Nakhatrana, Kachchh IN-Gujarat 23.57310, 69.26971","LATITUDE":23.573099,"LONGITUDE":69.269709,"OBSERVATION.DATE":"2026-09-26","OBSERVER.ID":"obsr870757","DURATION.MINUTES":35.0,"SAMPLING.EVENT.IDENTIFIER":"S396795197","species_list":"Asian Green Bee-eater; Asian Koel; Black Drongo; Black Kite; Common Babbler; Common Hoopoe; Eurasian Collared-Dove; European Roller; Glossy Ibis; Gray Francolin; Great Egret; Green Sandpiper; House Crow; House Sparrow; Indian Peafowl; Indian Pond-Heron; Laughing Dove; Lesser Whistling-Duck; Little Egret; Medium Egret; Red-naped Ibis; Red-vented Bulbul; Red-wattled Lapwing; Sykes's Warbler; White-breasted Waterhen; White-eared Bulbul; Wire-tailed Swallow","n_species":27,"focal_species_seen":"European Roller","focal_species_slugs":"european-roller","has_focal":true,"GRID_CODE":"GJ-KU-LIT-007","DISTRICT":"Kachchh","BLOCK":"Little Rann"},"geometry":{"type":"Point","coordinates":[69.269709,23.573099]}},{"type":"Feature","properties":{"GROUP.ID":"G18470691","LOCALITY":"Nakhatrana, Kachchh IN-Gujarat 23.52137, 69.29524","LATITUDE":23.521366,"LONGITUDE":69.295238,"OBSERVATION.DATE":"2026-09-26","OBSERVER.ID":"obsr870757","DURATION.MINUTES":44.0,"SAMPLING.EVENT.IDENTIFIER":"S396796402","species_list":"Ashy-crowned Sparrow-Lark; Barn Swallow; Common Sandpiper; Dusky Crag-Martin; Indian Robin; Laughing Dove; Purple Sunbird; Streak-throated Swallow; Whiskered Tern; White-eared Bulbul; Wire-tailed Swallow","n_species":11,"focal_species_seen":"","focal_species_slugs":"","has_focal":false,"GRID_CODE":"GJ-KU-NAK-014","DISTRICT":"Kachchh","BLOCK":"Nakhatrana"},"geometry":{"type":"Point","coordinates":[69.295238,23.521366]}},{"type":"Feature","properties":{"GROUP.ID":"G18470690","LOCALITY":"Jatavira Thal Road, Kachchh IN-Gujarat 23.51266, 69.28535","LATITUDE":23.512661,"LONGITUDE":69.285348,"OBSERVATION.DATE":"2026-09-26","OBSERVER.ID":"obsr870757","DURATION.MINUTES":87.0,"SAMPLING.EVENT.IDENTIFIER":"S396797342","species_list":"Asian Green Bee-eater; Barn Swallow; Bay-backed Shrike; Eastern Cattle-Egret; European Roller; Gray Francolin; Green Sandpiper; Indian Silverbill; Little Grebe; Long-tailed Shrike; Red-vented Bulbul; Variable Wheatear","n_species":12,"focal_species_seen":"European Roller","focal_species_slugs":"european-roller","has_focal":true,"GRID_CODE":"GJ-KU-NAK-014","DISTRICT":"Kachchh","BLOCK":"Nakhatrana"},"geometry":{"type":"Point","coordinates":[69.285348,23.512661]}},{"type":"Feature","properties":{"GROUP.ID":"G18470689","LOCALITY":"Jatavira Chhari Road, Kachchh IN-Gujarat 23.53494, 69.27078","LATITUDE":23.534937,"LONGITUDE":69.270784,"OBSERVATION.DATE":"2026-09-26","OBSERVER.ID":"obsr870757","DURATION.MINUTES":24.0,"SAMPLING.EVENT.IDENTIFIER":"S396797720","species_list":"Asian Green Bee-eater; Black Drongo; Eurasian Collared-Dove; European Roller; House Crow; House Sparrow; Indian Peafowl; Laughing Dove; Red-tailed Shrike; Red-vented Bulbul; Red-wattled Lapwing; White-throated Kingfisher","n_species":12,"focal_species_seen":"European Roller; Red-tailed Shrike","focal_species_slugs":"european-roller;red-tailed-shrike","has_focal":true,"GRID_CODE":"GJ-KU-NAK-014","DISTRICT":"Kachchh","BLOCK":"Nakhatrana"},"geometry":{"type":"Point","coordinates":[69.270784,23.534937]}},{"type":"Feature","properties":{"GROUP.ID":"G18470688","LOCALITY":"Nakhatrana, Kachchh IN-Gujarat 23.57182, 69.26675","LATITUDE":23.57182,"LONGITUDE":69.266754,"OBSERVATION.DATE":"2026-09-26","OBSERVER.ID":"obsr870757","DURATION.MINUTES":16.0,"SAMPLING.EVENT.IDENTIFIER":"S396798253","species_list":"Asian Green Bee-eater; Barn Swallow; Blue-cheeked Bee-eater; Indian Spot-billed Duck; Little Ringed Plover; Red-wattled Lapwing; Wood Sandpiper","n_species":7,"focal_species_seen":"Blue-cheeked Bee-eater","focal_species_slugs":"blue-cheeked-bee-eater","has_focal":true,"GRID_CODE":"GJ-KU-LIT-007","DISTRICT":"Kachchh","BLOCK":"Little Rann"},"geometry":{"type":"Point","coordinates":[69.266754,23.57182]}},{"type":"Feature","properties":{"GROUP.ID":"S396798290","LOCALITY":"T20-G1 PMC 2026","LATITUDE":23.5416194,"LONGITUDE":70.8067267,"OBSERVATION.DATE":"2026-09-26","OBSERVER.ID":"obsr4592234","DURATION.MINUTES":41.0,"SAMPLING.EVENT.IDENTIFIER":"S396798290","species_list":"Ashy-crowned Sparrow-Lark; Barn Swallow; Bay-backed Shrike; Baya Weaver; Black-winged Kite; Common Babbler; Common Hoopoe; European Roller; Gray Francolin; Indian Peafowl; Laughing Dove; Plain Prinia; Rose-ringed Parakeet; Spotted Flycatcher; Tawny Pipit; Variable Wheatear","n_species":16,"focal_species_seen":"European Roller; Spotted Flycatcher","focal_species_slugs":"european-roller;spotted-flycatcher","has_focal":true,"GRID_CODE":"GJ-KU-RAP-067","DISTRICT":"Kachchh","BLOCK":"Rapar"},"geometry":{"type":"Point","coordinates":[70.8067267,23.5416194]}},{"type":"Feature","properties":{"GROUP.ID":"G18470687","LOCALITY":"Bibar Hajipir Road, Kachchh IN-Gujarat 23.56010, 69.27016","LATITUDE":23.560103,"LONGITUDE":69.270159,"OBSERVATION.DATE":"2026-09-26","OBSERVER.ID":"obsr870757","DURATION.MINUTES":23.0,"SAMPLING.EVENT.IDENTIFIER":"S396798655","species_list":"Black-winged Stilt; Blue-cheeked Bee-eater; Common Babbler; Eurasian Collared-Dove; European Roller; House Crow; House Sparrow; Indian Robin; Laughing Dove; Purple Sunbird; Red-vented Bulbul; Red-wattled Lapwing; Siberian Stonechat; Western Marsh Harrier; White-eared Bulbul","n_species":15,"focal_species_seen":"Blue-cheeked Bee-eater; European Roller","focal_species_slugs":"blue-cheeked-bee-eater;european-roller","has_focal":true,"GRID_CODE":"GJ-KU-NAK-014","DISTRICT":"Kachchh","BLOCK":"Nakhatrana"},"geometry":{"type":"Point","coordinates":[69.270159,23.560103]}},{"type":"Feature","properties":{"GROUP.ID":"G18470686","LOCALITY":"Jatavira Thal Road, Kachchh IN-Gujarat 23.46199, 69.25444","LATITUDE":23.461991,"LONGITUDE":69.25444,"OBSERVATION.DATE":"2026-09-26","OBSERVER.ID":"obsr870757","DURATION.MINUTES":23.0,"SAMPLING.EVENT.IDENTIFIER":"S396799122","species_list":"Common Babbler; European Roller; House Sparrow; Laughing Dove; Red-vented Bulbul; Red-wattled Lapwing; Streak-throated Swallow; White-throated Kingfisher; Wire-tailed Swallow","n_species":9,"focal_species_seen":"European Roller","focal_species_slugs":"european-roller","has_focal":true,"GRID_CODE":"GJ-KU-NAK-021","DISTRICT":"Kachchh","BLOCK":"Nakhatrana"},"geometry":{"type":"Point","coordinates":[69.25444,23.461991]}},{"type":"Feature","properties":{"GROUP.ID":"G18470685","LOCALITY":"Devisar village and Khandavara pir,Banni,Kutch","LATITUDE":23.4053654,"LONGITUDE":69.3323552,"OBSERVATION.DATE":"2026-09-26","OBSERVER.ID":"obsr870757","DURATION.MINUTES":4.0,"SAMPLING.EVENT.IDENTIFIER":"S396799408","species_list":"Black Drongo; Common Babbler; European Roller; House Sparrow; Laughing Dove; Purple Sunbird; Red-vented Bulbul","n_species":7,"focal_species_seen":"European Roller","focal_species_slugs":"european-roller","has_focal":true,"GRID_CODE":"GJ-KU-NAK-046","DISTRICT":"Kachchh","BLOCK":"Nakhatrana"},"geometry":{"type":"Point","coordinates":[69.3323552,23.4053654]}},{"type":"Feature","properties":{"GROUP.ID":"G18470684","LOCALITY":"Jatavira Virani Road, Kachchh IN-Gujarat 23.39327, 69.27089","LATITUDE":23.39327,"LONGITUDE":69.270888,"OBSERVATION.DATE":"2026-09-26","OBSERVER.ID":"obsr870757","DURATION.MINUTES":8.0,"SAMPLING.EVENT.IDENTIFIER":"S396799729","species_list":"European Roller; Gray Francolin; Laughing Dove; White-eared Bulbul","n_species":4,"focal_species_seen":"European Roller","focal_species_slugs":"european-roller","has_focal":true,"GRID_CODE":"GJ-KU-NAK-045","DISTRICT":"Kachchh","BLOCK":"Nakhatrana"},"geometry":{"type":"Point","coordinates":[69.270888,23.39327]}},{"type":"Feature","properties":{"GROUP.ID":"G18469939","LOCALITY":"Lakhpat Bhuj Road, Kachchh IN-GJ 23.54980, 68.94308","LATITUDE":23.549799,"LONGITUDE":68.943077,"OBSERVATION.DATE":"2026-09-27","OBSERVER.ID":"obsr1173605","DURATION.MINUTES":null,"SAMPLING.EVENT.IDENTIFIER":"S396799884","species_list":"European Roller","n_species":1,"focal_species_seen":"European Roller","focal_species_slugs":"european-roller","has_focal":true,"GRID_CODE":"GJ-KU-LAK-063","DISTRICT":"Kachchh","BLOCK":"Lakhpat"},"geometry":{"type":"Point","coordinates":[68.943077,23.549799]}},{"type":"Feature","properties":{"GROUP.ID":"G18470683","LOCALITY":"Nakhatrana forest guest house","LATITUDE":23.573182,"LONGITUDE":69.269287,"OBSERVATION.DATE":"2026-09-27","OBSERVER.ID":"obsr870757","DURATION.MINUTES":24.0,"SAMPLING.EVENT.IDENTIFIER":"S396800190","species_list":"Barn Swallow; Common Babbler; Eurasian Collared-Dove; Glossy Ibis; House Sparrow; Indian Pond-Heron; Laughing Dove; Lesser Whistling-Duck; Red-wattled Lapwing; Variable Wheatear; White-eared Bulbul","n_species":11,"focal_species_seen":"","focal_species_slugs":"","has_focal":false,"GRID_CODE":"GJ-KU-LIT-007","DISTRICT":"Kachchh","BLOCK":"Little Rann"},"geometry":{"type":"Point","coordinates":[69.269287,23.573182]}},{"type":"Feature","properties":{"GROUP.ID":"S396801223","LOCALITY":"Chhari Tal Road, Kachchh IN-Gujarat 23.56680, 69.26705","LATITUDE":23.566796,"LONGITUDE":69.267053,"OBSERVATION.DATE":"2026-09-27","OBSERVER.ID":"obsr870757","DURATION.MINUTES":81.0,"SAMPLING.EVENT.IDENTIFIER":"S396801223","species_list":"Asian Green Bee-eater; Bank Swallow; Barn Swallow; Black-winged Stilt; Brahminy Starling; Common Babbler; Common Hoopoe; Common Redshank; Common Sandpiper; Eastern Cattle-Egret; Eastern Red-rumped Swallow; Eurasian Collared-Dove; European Roller; Glossy Ibis; Gray Francolin; Great Egret; Great Gray Shrike; Green Sandpiper; House Sparrow; Indian Pond-Heron; Indian Robin; Indian Silverbill; Indian Spot-billed Duck; Laughing Dove; Lesser Whistling-Duck; Little Egret; Little Ringed Plover; Little Swift; Montagu's Harrier; Paddyfield Pipit; Pallid Harrier; Purple Sunbird; Red-tailed Shrike; Red-vented Bulbul; Siberian Stonechat; Variable Wheatear; Western Marsh Harrier; Western Yellow Wagtail; Whiskered Tern; White-tailed Iora; White-throated Kingfisher; Wire-tailed Swallow; Yellow-throated Sparrow","n_species":43,"focal_species_seen":"European Roller; Red-tailed Shrike","focal_species_slugs":"european-roller;red-tailed-shrike","has_focal":true,"GRID_CODE":"GJ-KU-LIT-007","DISTRICT":"Kachchh","BLOCK":"Little Rann"},"geometry":{"type":"Point","coordinates":[69.267053,23.566796]}},{"type":"Feature","properties":{"GROUP.ID":"G18470682","LOCALITY":"Nakhatrana, Kachchh IN-Gujarat 23.59117, 69.26147","LATITUDE":23.591172,"LONGITUDE":69.261467,"OBSERVATION.DATE":"2026-09-27","OBSERVER.ID":"obsr870757","DURATION.MINUTES":57.0,"SAMPLING.EVENT.IDENTIFIER":"S396801715","species_list":"Ashy-crowned Sparrow-Lark; Black-tailed Godwit; Common Babbler; Common Snipe; European Roller; Gull-billed Tern; Indian Nightjar; Isabelline Shrike; Little Swift; Painted Stork; Red-naped Ibis; Red-tailed Shrike; Variable Wheatear; Western Marsh Harrier; Western Yellow Wagtail; White-eared Bulbul; White-throated Kingfisher; Wire-tailed Swallow; Wood Sandpiper","n_species":19,"focal_species_seen":"European Roller; Red-tailed Shrike","focal_species_slugs":"european-roller;red-tailed-shrike","has_focal":true,"GRID_CODE":"GJ-KU-LIT-007","DISTRICT":"Kachchh","BLOCK":"Little Rann"},"geometry":{"type":"Point","coordinates":[69.261467,23.591172]}},{"type":"Feature","properties":{"GROUP.ID":"G18470681","LOCALITY":"Bhuj, Kachchh IN-Gujarat 23.61181, 69.26368","LATITUDE":23.611815,"LONGITUDE":69.263684,"OBSERVATION.DATE":"2026-09-27","OBSERVER.ID":"obsr870757","DURATION.MINUTES":49.0,"SAMPLING.EVENT.IDENTIFIER":"S396802541","species_list":"Common Babbler; European Roller; Indian Spot-billed Duck; Isabelline Shrike; Paddyfield Pipit; Red-backed Shrike; Red-tailed Shrike; Siberian Stonechat; Variable Wheatear","n_species":9,"focal_species_seen":"European Roller; Red-backed Shrike; Red-tailed Shrike","focal_species_slugs":"european-roller;red-backed-shrike;red-tailed-shrike","has_focal":true,"GRID_CODE":"GJ-KU-BHU-055","DISTRICT":"Kachchh","BLOCK":"Bhuj"},"geometry":{"type":"Point","coordinates":[69.263684,23.611815]}},{"type":"Feature","properties":{"GROUP.ID":"G18470680","LOCALITY":"Bhuj, Kachchh IN-Gujarat 23.60699, 69.31252","LATITUDE":23.606995,"LONGITUDE":69.312517,"OBSERVATION.DATE":"2026-09-27","OBSERVER.ID":"obsr870757","DURATION.MINUTES":63.0,"SAMPLING.EVENT.IDENTIFIER":"S396803383","species_list":"Black-necked Stork; Black-tailed Godwit; Black-winged Stilt; Blue-cheeked Bee-eater; Crested Lark; Eurasian Curlew; European Roller; Gadwall; Glossy Ibis; Gray Heron; Greater Flamingo; Lesser Whistling-Duck; Little Stint; Northern Pintail; Northern Shoveler; Pied Avocet; Short-toed Snake-Eagle; Western Marsh Harrier","n_species":18,"focal_species_seen":"Blue-cheeked Bee-eater; European Roller","focal_species_slugs":"blue-cheeked-bee-eater;european-roller","has_focal":true,"GRID_CODE":"GJ-KU-LIT-008","DISTRICT":"Kachchh","BLOCK":"Little Rann"},"geometry":{"type":"Point","coordinates":[69.312517,23.606995]}},{"type":"Feature","properties":{"GROUP.ID":"G18470678","LOCALITY":"Bhuj, Kachchh IN-Gujarat 23.60224, 69.33212","LATITUDE":23.602239,"LONGITUDE":69.332116,"OBSERVATION.DATE":"2026-09-27","OBSERVER.ID":"obsr870757","DURATION.MINUTES":55.0,"SAMPLING.EVENT.IDENTIFIER":"S396804312","species_list":"Black-winged Stilt; Blue-cheeked Bee-eater; Crested Lark; Eurasian Coot; European Roller; Gray Heron; Indian Spot-billed Duck; Isabelline Shrike; Little Stint; Marsh Sandpiper; Northern Shoveler; Red-tailed Shrike; River Tern; Ruff; Siberian Stonechat; Variable Wheatear; Western Marsh Harrier; White-eared Bulbul","n_species":18,"focal_species_seen":"Blue-cheeked Bee-eater; European Roller; Red-tailed Shrike","focal_species_slugs":"blue-cheeked-bee-eater;european-roller;red-tailed-shrike","has_focal":true,"GRID_CODE":"GJ-KU-LIT-008","DISTRICT":"Kachchh","BLOCK":"Little Rann"},"geometry":{"type":"Point","coordinates":[69.332116,23.602239]}},{"type":"Feature","properties":{"GROUP.ID":"G18470677","LOCALITY":"Bhuj, Kachchh IN-Gujarat 23.61201, 69.29213","LATITUDE":23.612009,"LONGITUDE":69.292133,"OBSERVATION.DATE":"2026-09-27","OBSERVER.ID":"obsr870757","DURATION.MINUTES":35.0,"SAMPLING.EVENT.IDENTIFIER":"S396807576","species_list":"Common Babbler; Gray Francolin; Isabelline Shrike; Little Stint; Red-backed Shrike; Red-wattled Lapwing; Siberian Stonechat; Spotted Flycatcher; Wire-tailed Swallow; Wood Sandpiper","n_species":10,"focal_species_seen":"Red-backed Shrike; Spotted Flycatcher","focal_species_slugs":"red-backed-shrike;spotted-flycatcher","has_focal":true,"GRID_CODE":"GJ-KU-BHU-055","DISTRICT":"Kachchh","BLOCK":"Bhuj"},"geometry":{"type":"Point","coordinates":[69.292133,23.612009]}},{"type":"Feature","properties":{"GROUP.ID":"G18470676","LOCALITY":"Jatavira Chhari Road, Kachchh IN-Gujarat 23.50287, 69.25171","LATITUDE":23.502874,"LONGITUDE":69.251708,"OBSERVATION.DATE":"2026-09-27","OBSERVER.ID":"obsr870757","DURATION.MINUTES":22.0,"SAMPLING.EVENT.IDENTIFIER":"S396807727","species_list":"Ashy-crowned Sparrow-Lark; Asian Green Bee-eater; Eurasian Collared-Dove; European Roller; Green Sandpiper; House Sparrow; Laughing Dove; Montagu's Harrier; Red-vented Bulbul; White-eared Bulbul","n_species":10,"focal_species_seen":"European Roller","focal_species_slugs":"european-roller","has_focal":true,"GRID_CODE":"GJ-KU-NAK-021","DISTRICT":"Kachchh","BLOCK":"Nakhatrana"},"geometry":{"type":"Point","coordinates":[69.251708,23.502874]}},{"type":"Feature","properties":{"GROUP.ID":"G18470675","LOCALITY":"Chadva Rakhal","LATITUDE":23.152553,"LONGITUDE":69.477342,"OBSERVATION.DATE":"2026-09-27","OBSERVER.ID":"obsr870757","DURATION.MINUTES":67.0,"SAMPLING.EVENT.IDENTIFIER":"S396808558","species_list":"Asian Green Bee-eater; Black Drongo; Common Tailorbird; Eurasian Collared-Dove; Gray Francolin; Green Warbler; Indian Golden Oriole; Indian Peafowl; Indian Robin; Laughing Dove; Lesser Whistling-Duck; Little Egret; Little Swift; Purple Sunbird; Red-vented Bulbul; Red Collared-Dove; River Tern; Shikra; Small Minivet; Spotted Flycatcher","n_species":20,"focal_species_seen":"Spotted Flycatcher","focal_species_slugs":"spotted-flycatcher","has_focal":true,"GRID_CODE":"GJ-KU-BHU-152","DISTRICT":"Kachchh","BLOCK":"Bhuj"},"geometry":{"type":"Point","coordinates":[69.477342,23.152553]}},{"type":"Feature","properties":{"GROUP.ID":"S396813598","LOCALITY":"Hamirsar Lake","LATITUDE":23.2507536,"LONGITUDE":69.6639425,"OBSERVATION.DATE":"2026-09-27","OBSERVER.ID":"obsr807380","DURATION.MINUTES":6.0,"SAMPLING.EVENT.IDENTIFIER":"S396813598","species_list":"Asian Koel; Black-winged Stilt; House Crow; Little Cormorant; Little Egret; Red-wattled Lapwing","n_species":6,"focal_species_seen":"","focal_species_slugs":"","has_focal":false,"GRID_CODE":"GJ-KU-BHU-135","DISTRICT":"Kachchh","BLOCK":"Bhuj"},"geometry":{"type":"Point","coordinates":[69.6639425,23.2507536]}},{"type":"Feature","properties":{"GROUP.ID":"G18471699","LOCALITY":"Rudramata Dam Road, Sarspar, Gujarat, IN (23.355, 69.693)","LATITUDE":23.3554124,"LONGITUDE":69.6934613,"OBSERVATION.DATE":"2026-09-27","OBSERVER.ID":"obsr1205825","DURATION.MINUTES":30.0,"SAMPLING.EVENT.IDENTIFIER":"S396815514","species_list":"Asian Green Bee-eater; Black-winged Stilt; Common Sandpiper; Eastern Cattle-Egret; Gray Francolin; Greater Whitethroat; Green Sandpiper; Indian Pond-Heron; Indian Robin; Little Egret; Pied Kingfisher; Red-wattled Lapwing; Western Yellow Wagtail","n_species":13,"focal_species_seen":"Greater Whitethroat","focal_species_slugs":"greater-whitethroat","has_focal":true,"GRID_CODE":"GJ-KU-BHU-111","DISTRICT":"Kachchh","BLOCK":"Bhuj"},"geometry":{"type":"Point","coordinates":[69.6934613,23.3554124]}},{"type":"Feature","properties":{"GROUP.ID":"G18470268","LOCALITY":"Naliya Grasslands","LATITUDE":23.2040375,"LONGITUDE":68.8097334,"OBSERVATION.DATE":"2026-09-27","OBSERVER.ID":"obsr1173605","DURATION.MINUTES":126.0,"SAMPLING.EVENT.IDENTIFIER":"S396825713","species_list":"Ashy-crowned Sparrow-Lark; Asian Green Bee-eater; Bay-backed Shrike; Black Drongo; Common Babbler; Eurasian Collared-Dove; Eurasian Kestrel; European Roller; Gray-necked Bunting; Great Gray Shrike; Greater Short-toed Lark; Green Sandpiper; Gull-billed Tern; Indian Robin; Long-legged Buzzard; Montagu's Harrier; Rain Quail; Red-backed Shrike; Rosy Starling; Rufous-fronted Prinia; Siberian Stonechat; Sirkeer Malkoha; Spotted Flycatcher; Tawny Pipit; Variable Wheatear; Western Marsh Harrier; Wire-tailed Swallow; Yellow-wattled Lapwing; Zitting Cisticola","n_species":29,"focal_species_seen":"European Roller; Red-backed Shrike; Spotted Flycatcher","focal_species_slugs":"european-roller;red-backed-shrike;spotted-flycatcher","has_focal":true,"GRID_CODE":"GJ-KU-ABD-060","DISTRICT":"Kachchh","BLOCK":"Abdasa"},"geometry":{"type":"Point","coordinates":[68.8097334,23.2040375]}},{"type":"Feature","properties":{"GROUP.ID":"G18470800","LOCALITY":"T40G4","LATITUDE":23.614629,"LONGITUDE":69.269342,"OBSERVATION.DATE":"2026-09-26","OBSERVER.ID":"obsr1662974","DURATION.MINUTES":44.0,"SAMPLING.EVENT.IDENTIFIER":"S396849984","species_list":"Asian Green Bee-eater; Blue-cheeked Bee-eater; Caspian Tern; Common Babbler; Eastern Cattle-Egret; Eurasian Collared-Dove; Eurasian Wryneck; Glossy Ibis; Gray Francolin; Greater Short-toed Lark; House Crow; Isabelline Shrike; Laughing Dove; Lesser Whitethroat; Little Ringed Plover; Red-wattled Lapwing; Rufous-tailed Scrub-Robin; Siberian Stonechat; Tawny Pipit; Temminck's Stint; Variable Wheatear; Western Marsh Harrier; White-eared Bulbul; Yellow-throated Sparrow; Zitting Cisticola","n_species":25,"focal_species_seen":"Blue-cheeked Bee-eater; Rufous-tailed Scrub-Robin","focal_species_slugs":"blue-cheeked-bee-eater;rufous-tailed-scrub-robin","has_focal":true,"GRID_CODE":"GJ-KU-BHU-055","DISTRICT":"Kachchh","BLOCK":"Bhuj"},"geometry":{"type":"Point","coordinates":[69.269342,23.614629]}},{"type":"Feature","properties":{"GROUP.ID":"G18470804","LOCALITY":"T40G3","LATITUDE":23.657692,"LONGITUDE":69.179697,"OBSERVATION.DATE":"2026-09-26","OBSERVER.ID":"obsr1662974","DURATION.MINUTES":14.0,"SAMPLING.EVENT.IDENTIFIER":"S396850118","species_list":"Asian Green Bee-eater; Caspian Tern; Common Babbler; Common Sandpiper; Delicate Prinia; Eurasian Collared-Dove; European Roller; Glossy Ibis; Gray Francolin; Great Egret; House Sparrow; Little Cormorant; Little Egret; Medium Egret; Montagu's Harrier; Pied Kingfisher; Plain Prinia; Red-tailed Shrike; Red-wattled Lapwing; Whiskered Tern; White-eared Bulbul; White-throated Kingfisher","n_species":22,"focal_species_seen":"European Roller; Red-tailed Shrike","focal_species_slugs":"european-roller;red-tailed-shrike","has_focal":true,"GRID_CODE":"GJ-KU-BHU-053","DISTRICT":"Kachchh","BLOCK":"Bhuj"},"geometry":{"type":"Point","coordinates":[69.179697,23.657692]}},{"type":"Feature","properties":{"GROUP.ID":"G18470803","LOCALITY":"T40G1","LATITUDE":23.551819,"LONGITUDE":69.186114,"OBSERVATION.DATE":"2026-09-26","OBSERVER.ID":"obsr1662974","DURATION.MINUTES":34.0,"SAMPLING.EVENT.IDENTIFIER":"S396850271","species_list":"Asian Green Bee-eater; Eastern Red-rumped Swallow; European Roller; Gray-necked Bunting; Gray Francolin; House Crow; Plain Prinia; Purple Sunbird; Red-wattled Lapwing; Rosy Starling; Rufous-tailed Lark; Spotted Flycatcher; White-eared Bulbul","n_species":13,"focal_species_seen":"European Roller; Spotted Flycatcher","focal_species_slugs":"european-roller;spotted-flycatcher","has_focal":true,"GRID_CODE":"GJ-KU-NAK-012","DISTRICT":"Kachchh","BLOCK":"Nakhatrana"},"geometry":{"type":"Point","coordinates":[69.186114,23.551819]}},{"type":"Feature","properties":{"GROUP.ID":"G18470802","LOCALITY":"T40G2","LATITUDE":23.587536,"LONGITUDE":69.262491,"OBSERVATION.DATE":"2026-09-27","OBSERVER.ID":"obsr1662974","DURATION.MINUTES":21.0,"SAMPLING.EVENT.IDENTIFIER":"S396850416","species_list":"Asian Green Bee-eater; Common Babbler; Crested Lark; Eurasian Collared-Dove; European Roller; Gray Francolin; Great Gray Shrike; House Sparrow; Isabelline Shrike; Laughing Dove; Red-backed Shrike; Red-tailed Shrike; Red-wattled Lapwing; Red Collared-Dove; Rufous-tailed Lark; Variable Wheatear; Wire-tailed Swallow","n_species":17,"focal_species_seen":"European Roller; Red-backed Shrike; Red-tailed Shrike","focal_species_slugs":"european-roller;red-backed-shrike;red-tailed-shrike","has_focal":true,"GRID_CODE":"GJ-KU-LIT-007","DISTRICT":"Kachchh","BLOCK":"Little Rann"},"geometry":{"type":"Point","coordinates":[69.262491,23.587536]}},{"type":"Feature","properties":{"GROUP.ID":"S396863373","LOCALITY":"Rudramata Bridge","LATITUDE":23.3580579,"LONGITUDE":69.6952558,"OBSERVATION.DATE":"2026-09-27","OBSERVER.ID":"obsr6634685","DURATION.MINUTES":null,"SAMPLING.EVENT.IDENTIFIER":"S396863373","species_list":"European Roller","n_species":1,"focal_species_seen":"European Roller","focal_species_slugs":"european-roller","has_focal":true,"GRID_CODE":"GJ-KU-BHU-111","DISTRICT":"Kachchh","BLOCK":"Bhuj"},"geometry":{"type":"Point","coordinates":[69.6952558,23.3580579]}},{"type":"Feature","properties":{"GROUP.ID":"S396864100","LOCALITY":"Devisar Tank","LATITUDE":23.3825671,"LONGITUDE":69.7049284,"OBSERVATION.DATE":"2026-09-27","OBSERVER.ID":"obsr6634685","DURATION.MINUTES":null,"SAMPLING.EVENT.IDENTIFIER":"S396864100","species_list":"European Roller","n_species":1,"focal_species_seen":"European Roller","focal_species_slugs":"european-roller","has_focal":true,"GRID_CODE":"GJ-KU-BHU-098","DISTRICT":"Kachchh","BLOCK":"Bhuj"},"geometry":{"type":"Point","coordinates":[69.7049284,23.3825671]}},{"type":"Feature","properties":{"GROUP.ID":"G18483826","LOCALITY":"Unnamed Road, Nandhra Nana, Gujarat, IN (23.181, 69.212)","LATITUDE":23.1814283,"LONGITUDE":69.2124933,"OBSERVATION.DATE":"2026-09-27","OBSERVER.ID":"obsr769125","DURATION.MINUTES":12.0,"SAMPLING.EVENT.IDENTIFIER":"S396873370","species_list":"Ashy-crowned Sparrow-Lark; Asian Green Bee-eater; Asian Koel; Barn Swallow; Bay-backed Shrike; Baya Weaver; Black-headed Ibis; Black-winged Kite; Black Drongo; Brahminy Starling; Chestnut-bellied Sandgrouse; Common Babbler; Common Cuckoo; Common Myna; Common Tailorbird; Common Woodshrike; Dusky Crag-Martin; Eastern Cattle-Egret; Eastern Orphean Warbler; Eastern Red-rumped Swallow; Eurasian Collared-Dove; European Roller; Glossy Ibis; Gray-breasted Prinia; Gray Francolin; Greater Coucal; Green Warbler; House Crow; Indian Golden Oriole; Indian Pond-Heron; Indian Robin; Indian Silverbill; Laughing Dove; Lesser Whitethroat; Little Swift; Long-tailed Shrike; Pied Cuckoo; Purple Sunbird; Red-naped Ibis; Red-vented Bulbul; Red-wattled Lapwing; Red Collared-Dove; Rose-ringed Parakeet; Rosy Starling; Rufous-tailed Lark; Shikra; Siberian Stonechat; Spotted Flycatcher; Variable Wheatear; White-eared Bulbul; White-tailed Iora; Wire-tailed Swallow; Yellow-throated Sparrow; Zitting Cisticola","n_species":54,"focal_species_seen":"Common Cuckoo; European Roller; Spotted Flycatcher","focal_species_slugs":"common-cuckoo;european-roller;spotted-flycatcher","has_focal":true,"GRID_CODE":"GJ-KU-ABD-068","DISTRICT":"Kachchh","BLOCK":"Abdasa"},"geometry":{"type":"Point","coordinates":[69.2124933,23.1814283]}},{"type":"Feature","properties":{"GROUP.ID":"G18483827","LOCALITY":"Naredi - Ratatalav Road, Nandhra Nana, Gujarat, IN (23.208, 69.253)","LATITUDE":23.2077717,"LONGITUDE":69.2533933,"OBSERVATION.DATE":"2026-09-27","OBSERVER.ID":"obsr769125","DURATION.MINUTES":10.0,"SAMPLING.EVENT.IDENTIFIER":"S396875963","species_list":"Asian Green Bee-eater; Bay-backed Shrike; Baya Weaver; Black-winged Kite; Black Drongo; Blue-cheeked Bee-eater; Common Cuckoo; Common Hoopoe; Common Tailorbird; Crested Lark; Dusky Crag-Martin; Eastern Red-rumped Swallow; Eurasian Collared-Dove; European Roller; Gray Francolin; Greater Coucal; House Sparrow; Indian Peafowl; Indian Robin; Indian Silverbill; Laughing Dove; Lesser Whitethroat; Little Swift; Long-tailed Shrike; Pied Cuckoo; Plain Prinia; Purple Sunbird; Red-naped Ibis; Red-vented Bulbul; Red-wattled Lapwing; Red Collared-Dove; Rose-ringed Parakeet; Rosy Starling; Rufous-tailed Lark; Siberian Stonechat; Spotted Flycatcher; Striolated Bunting; Sykes's Warbler; Variable Wheatear; White-eared Bulbul; White-throated Kingfisher; Yellow-throated Sparrow; Yellow-wattled Lapwing","n_species":43,"focal_species_seen":"Blue-cheeked Bee-eater; Common Cuckoo; European Roller; Spotted Flycatcher","focal_species_slugs":"blue-cheeked-bee-eater;common-cuckoo;european-roller;spotted-flycatcher","has_focal":true,"GRID_CODE":"GJ-KU-ABD-068","DISTRICT":"Kachchh","BLOCK":"Abdasa"},"geometry":{"type":"Point","coordinates":[69.2533933,23.2077717]}},{"type":"Feature","properties":{"GROUP.ID":"S396900312","LOCALITY":"Kunaria Nana-Mota, Gujarat, IN (23.395, 69.696)","LATITUDE":23.394775,"LONGITUDE":69.69588,"OBSERVATION.DATE":"2026-09-27","OBSERVER.ID":"obsr6634685","DURATION.MINUTES":null,"SAMPLING.EVENT.IDENTIFIER":"S396900312","species_list":"European Roller","n_species":1,"focal_species_seen":"European Roller","focal_species_slugs":"european-roller","has_focal":true,"GRID_CODE":"GJ-KU-BHU-098","DISTRICT":"Kachchh","BLOCK":"Bhuj"},"geometry":{"type":"Point","coordinates":[69.69588,23.394775]}},{"type":"Feature","properties":{"GROUP.ID":"S396906130","LOCALITY":"Unnamed Road, Kachchh, Gujarat, IN (24.147, 69.573)","LATITUDE":24.147165,"LONGITUDE":69.5732567,"OBSERVATION.DATE":"2026-09-27","OBSERVER.ID":"obsr6634685","DURATION.MINUTES":3.0,"SAMPLING.EVENT.IDENTIFIER":"S396906130","species_list":"Blue-cheeked Bee-eater","n_species":1,"focal_species_seen":"Blue-cheeked Bee-eater","focal_species_slugs":"blue-cheeked-bee-eater","has_focal":true,"GRID_CODE":"GJ-KU-RAN-167","DISTRICT":"Kachchh","BLOCK":"Rann of Kachchh"},"geometry":{"type":"Point","coordinates":[69.5732567,24.147165]}},{"type":"Feature","properties":{"GROUP.ID":"S396908714","LOCALITY":"Unnamed Road, Kachchh, Gujarat, IN (24.061, 69.673)","LATITUDE":24.0610283,"LONGITUDE":69.6728317,"OBSERVATION.DATE":"2026-09-27","OBSERVER.ID":"obsr6634685","DURATION.MINUTES":null,"SAMPLING.EVENT.IDENTIFIER":"S396908714","species_list":"Barn Swallow; European Roller; Gray Heron","n_species":3,"focal_species_seen":"European Roller","focal_species_slugs":"european-roller","has_focal":true,"GRID_CODE":"GJ-KU-RAN-219","DISTRICT":"Kachchh","BLOCK":"Rann of Kachchh"},"geometry":{"type":"Point","coordinates":[69.6728317,24.0610283]}},{"type":"Feature","properties":{"GROUP.ID":"S396909159","LOCALITY":"Unnamed Road, Kachchh, Gujarat, IN (24.11, 69.698)","LATITUDE":24.11047,"LONGITUDE":69.6981417,"OBSERVATION.DATE":"2026-09-27","OBSERVER.ID":"obsr6634685","DURATION.MINUTES":null,"SAMPLING.EVENT.IDENTIFIER":"S396909159","species_list":"Common Babbler; Eurasian Kestrel; European Roller; Laughing Dove; Pied Kingfisher","n_species":5,"focal_species_seen":"European Roller","focal_species_slugs":"european-roller","has_focal":true,"GRID_CODE":"GJ-KU-RAN-169","DISTRICT":"Kachchh","BLOCK":"Rann of Kachchh"},"geometry":{"type":"Point","coordinates":[69.6981417,24.11047]}},{"type":"Feature","properties":{"GROUP.ID":"G18473517","LOCALITY":"Rudramata Dam","LATITUDE":23.3741946,"LONGITUDE":69.7122431,"OBSERVATION.DATE":"2026-09-27","OBSERVER.ID":"obsr701947","DURATION.MINUTES":50.0,"SAMPLING.EVENT.IDENTIFIER":"S396924032","species_list":"Asian Green Bee-eater; Black-winged Stilt; Blue-cheeked Bee-eater; Common Kingfisher; Common Sandpiper; Common Tailorbird; Dusky Crag-Martin; Eastern Cattle-Egret; Eastern Red-rumped Swallow; Eurasian Collared-Dove; European Roller; Glossy Ibis; Gray Francolin; Gray Heron; Great Cormorant; Indian Cormorant; Indian Pond-Heron; Indian Robin; Little Cormorant; Little Egret; Oriental Darter; Purple Sunbird; Red-vented Bulbul; Red-wattled Lapwing; River Tern; Streak-throated Swallow; Western Marsh Harrier; Whiskered Tern; Wire-tailed Swallow","n_species":29,"focal_species_seen":"Blue-cheeked Bee-eater; European Roller","focal_species_slugs":"blue-cheeked-bee-eater;european-roller","has_focal":true,"GRID_CODE":"GJ-KU-BHU-099","DISTRICT":"Kachchh","BLOCK":"Bhuj"},"geometry":{"type":"Point","coordinates":[69.7122431,23.3741946]}},{"type":"Feature","properties":{"GROUP.ID":"G18473519","LOCALITY":"Khavda-Bhirandiara Road, Kachchh, Gujarat, IN (23.832, 69.731)","LATITUDE":23.8315514,"LONGITUDE":69.7309449,"OBSERVATION.DATE":"2026-09-27","OBSERVER.ID":"obsr701947","DURATION.MINUTES":null,"SAMPLING.EVENT.IDENTIFIER":"S396924386","species_list":"Dusky Crag-Martin; Western Marsh Harrier","n_species":2,"focal_species_seen":"","focal_species_slugs":"","has_focal":false,"GRID_CODE":"GJ-KU-BHU-010","DISTRICT":"Kachchh","BLOCK":"Bhuj"},"geometry":{"type":"Point","coordinates":[69.7309449,23.8315514]}},{"type":"Feature","properties":{"GROUP.ID":"G18473521","LOCALITY":"Dinara, Gujarat, IN (23.902, 69.731)","LATITUDE":23.9017936,"LONGITUDE":69.7312035,"OBSERVATION.DATE":"2026-09-27","OBSERVER.ID":"obsr701947","DURATION.MINUTES":null,"SAMPLING.EVENT.IDENTIFIER":"S396924537","species_list":"European Roller","n_species":1,"focal_species_seen":"European Roller","focal_species_slugs":"european-roller","has_focal":true,"GRID_CODE":"GJ-KU-BHU-005","DISTRICT":"Kachchh","BLOCK":"Bhuj"},"geometry":{"type":"Point","coordinates":[69.7312035,23.9017936]}},{"type":"Feature","properties":{"GROUP.ID":"G18478739","LOCALITY":"Rudramata Dam","LATITUDE":23.3741946,"LONGITUDE":69.7122431,"OBSERVATION.DATE":"2026-09-27","OBSERVER.ID":"obsr494050","DURATION.MINUTES":47.0,"SAMPLING.EVENT.IDENTIFIER":"S396960645","species_list":"Asian Green Bee-eater; Baya Weaver; Black-headed Ibis; Blue-cheeked Bee-eater; Blyth's Reed Warbler; Common Babbler; Common Myna; Common Tailorbird; Dusky Crag-Martin; Eastern Red-rumped Swallow; Eurasian Collared-Dove; Eurasian Kestrel; Gray-breasted Prinia; Gray Francolin; Gray Heron; Great Cormorant; Great Egret; Green Sandpiper; Indian Pond-Heron; Indian Robin; Indian Silverbill; Laughing Dove; Lesser Whistling-Duck; Lesser Whitethroat; Little Cormorant; Little Egret; Little Swift; Oriental Darter; Paddyfield Pipit; Purple Sunbird; Red-naped Ibis; Red-vented Bulbul; Red-wattled Lapwing; River Tern; Rose-ringed Parakeet; Spotted Flycatcher; Streak-throated Swallow; White-breasted Waterhen; White-eared Bulbul; White-tailed Iora; White-throated Kingfisher; Wire-tailed Swallow","n_species":42,"focal_species_seen":"Blue-cheeked Bee-eater; Spotted Flycatcher","focal_species_slugs":"blue-cheeked-bee-eater;spotted-flycatcher","has_focal":true,"GRID_CODE":"GJ-KU-BHU-099","DISTRICT":"Kachchh","BLOCK":"Bhuj"},"geometry":{"type":"Point","coordinates":[69.7122431,23.3741946]}},{"type":"Feature","properties":{"GROUP.ID":"G18478738","LOCALITY":"Devisar Tank","LATITUDE":23.3825671,"LONGITUDE":69.7049284,"OBSERVATION.DATE":"2026-09-27","OBSERVER.ID":"obsr494050","DURATION.MINUTES":23.0,"SAMPLING.EVENT.IDENTIFIER":"S396961068","species_list":"Black-crowned Night Heron; Blue-cheeked Bee-eater; Common Hoopoe; Common Kingfisher; Delicate Prinia; Eastern Cattle-Egret; Eurasian Collared-Dove; Eurasian Moorhen; European Roller; Gray-headed Swamphen; Gray Francolin; Great Egret; Indian Cormorant; Indian Pond-Heron; Indian Silverbill; Isabelline Shrike; Laughing Dove; Lesser Whitethroat; Little Cormorant; Little Grebe; Oriental Darter; Pied Cuckoo; River Tern; Western Marsh Harrier; Western Yellow Wagtail; Whiskered Tern; White-browed Wagtail; Wire-tailed Swallow","n_species":28,"focal_species_seen":"Blue-cheeked Bee-eater; European Roller","focal_species_slugs":"blue-cheeked-bee-eater;european-roller","has_focal":true,"GRID_CODE":"GJ-KU-BHU-098","DISTRICT":"Kachchh","BLOCK":"Bhuj"},"geometry":{"type":"Point","coordinates":[69.7049284,23.3825671]}},{"type":"Feature","properties":{"GROUP.ID":"G18476486","LOCALITY":"Unnamed Road, Hodka, Gujarat, IN (23.683, 69.591)","LATITUDE":23.6826474,"LONGITUDE":69.5911538,"OBSERVATION.DATE":"2026-09-27","OBSERVER.ID":"obsr494050","DURATION.MINUTES":5.0,"SAMPLING.EVENT.IDENTIFIER":"S396961211","species_list":"Indian Nightjar; Red-wattled Lapwing","n_species":2,"focal_species_seen":"","focal_species_slugs":"","has_focal":false,"GRID_CODE":"GJ-KU-BHU-047","DISTRICT":"Kachchh","BLOCK":"Bhuj"},"geometry":{"type":"Point","coordinates":[69.5911538,23.6826474]}},{"type":"Feature","properties":{"GROUP.ID":"G18476485","LOCALITY":"Gorewali, Gujarat, IN (23.785, 69.509)","LATITUDE":23.7851098,"LONGITUDE":69.5088519,"OBSERVATION.DATE":"2026-09-27","OBSERVER.ID":"obsr494050","DURATION.MINUTES":41.0,"SAMPLING.EVENT.IDENTIFIER":"S396961413","species_list":"Red-wattled Lapwing; Spotted Owlet","n_species":2,"focal_species_seen":"","focal_species_slugs":"","has_focal":false,"GRID_CODE":"GJ-KU-BHU-019","DISTRICT":"Kachchh","BLOCK":"Bhuj"},"geometry":{"type":"Point","coordinates":[69.5088519,23.7851098]}},{"type":"Feature","properties":{"GROUP.ID":"G18477240","LOCALITY":"T13-G5","LATITUDE":23.270075,"LONGITUDE":69.3779367,"OBSERVATION.DATE":"2026-09-27","OBSERVER.ID":"obsr604291","DURATION.MINUTES":71.0,"SAMPLING.EVENT.IDENTIFIER":"S397053992","species_list":"Ashy-crowned Sparrow-Lark; Asian Green Bee-eater; Asian Koel; Bank Myna; Barn Swallow; Bay-backed Shrike; Baya Weaver; Black Drongo; Common Babbler; Common Hoopoe; Common Woodshrike; Eastern Cattle-Egret; Eurasian Collared-Dove; European Roller; Gray-necked Bunting; Gray Francolin; House Sparrow; Indian Bushlark; Indian Robin; Indian Silverbill; Laughing Dove; Lesser Whitethroat; Purple Sunbird; Red-vented Bulbul; Red-wattled Lapwing; Red Collared-Dove; Rose-ringed Parakeet; Rufous-fronted Prinia; Shikra; Striolated Bunting; Variable Wheatear; White-eared Bulbul; White-tailed Iora; Yellow-crowned Woodpecker","n_species":34,"focal_species_seen":"European Roller","focal_species_slugs":"european-roller","has_focal":true,"GRID_CODE":"GJ-KU-NAK-059","DISTRICT":"Kachchh","BLOCK":"Nakhatrana"},"geometry":{"type":"Point","coordinates":[69.3779367,23.270075]}},{"type":"Feature","properties":{"GROUP.ID":"G18469938","LOCALITY":"Dhunay Samakhiali Road, Kachchh IN-GJ 23.56634, 68.66776","LATITUDE":23.566337,"LONGITUDE":68.667763,"OBSERVATION.DATE":"2026-09-27","OBSERVER.ID":"obsr1173605","DURATION.MINUTES":null,"SAMPLING.EVENT.IDENTIFIER":"S397086828","species_list":"Black Drongo; European Roller","n_species":2,"focal_species_seen":"European Roller","focal_species_slugs":"european-roller","has_focal":true,"GRID_CODE":"GJ-KU-LAK-048","DISTRICT":"Kachchh","BLOCK":"Lakhpat"},"geometry":{"type":"Point","coordinates":[68.667763,23.566337]}},{"type":"Feature","properties":{"GROUP.ID":"G18483674","LOCALITY":"Fot Mahadev Scrub Forest","LATITUDE":23.2443165,"LONGITUDE":69.2014706,"OBSERVATION.DATE":"2026-09-27","OBSERVER.ID":"obsr604291","DURATION.MINUTES":30.0,"SAMPLING.EVENT.IDENTIFIER":"S397131157","species_list":"Ashy-crowned Sparrow-Lark; Asian Green Bee-eater; Eurasian Collared-Dove; European Roller; House Sparrow; Laughing Dove; Oriental Darter; Streaked Weaver","n_species":8,"focal_species_seen":"European Roller","focal_species_slugs":"european-roller","has_focal":true,"GRID_CODE":"GJ-KU-ABD-055","DISTRICT":"Kachchh","BLOCK":"Abdasa"},"geometry":{"type":"Point","coordinates":[69.2014706,23.2443165]}},{"type":"Feature","properties":{"GROUP.ID":"G18478474","LOCALITY":"Van Chetna, Bhuj","LATITUDE":23.2326397,"LONGITUDE":69.6507898,"OBSERVATION.DATE":"2026-09-27","OBSERVER.ID":"obsr1065391","DURATION.MINUTES":40.0,"SAMPLING.EVENT.IDENTIFIER":"S397164414","species_list":"Asian Green Bee-eater; Common Tailorbird; House Crow; Purple Sunbird; River Tern; White-eared Bulbul","n_species":6,"focal_species_seen":"","focal_species_slugs":"","has_focal":false,"GRID_CODE":"GJ-KU-BHU-134","DISTRICT":"Kachchh","BLOCK":"Bhuj"},"geometry":{"type":"Point","coordinates":[69.6507898,23.2326397]}},{"type":"Feature","properties":{"GROUP.ID":"G18483672","LOCALITY":"Naredi - Ratatalav Road, Vijpasar, Gujarat, IN (23.218, 69.319)","LATITUDE":23.218055,"LONGITUDE":69.3187683,"OBSERVATION.DATE":"2026-09-27","OBSERVER.ID":"obsr604291","DURATION.MINUTES":8.0,"SAMPLING.EVENT.IDENTIFIER":"S397259583","species_list":"Asian Green Bee-eater; Common Hoopoe; European Roller; Laughing Dove","n_species":4,"focal_species_seen":"European Roller","focal_species_slugs":"european-roller","has_focal":true,"GRID_CODE":"GJ-KU-NAK-062","DISTRICT":"Kachchh","BLOCK":"Nakhatrana"},"geometry":{"type":"Point","coordinates":[69.3187683,23.218055]}},{"type":"Feature","properties":{"GROUP.ID":"G18483673","LOCALITY":"Roha Fort Forest","LATITUDE":23.200143,"LONGITUDE":69.268318,"OBSERVATION.DATE":"2026-09-27","OBSERVER.ID":"obsr604291","DURATION.MINUTES":79.0,"SAMPLING.EVENT.IDENTIFIER":"S397262181","species_list":"Brown Rock Chat; Eurasian Kestrel; European Roller; Gray-breasted Prinia; House Sparrow; Indian Peafowl; Laughing Dove; Oriental Honey-buzzard; Purple Sunbird; Red-vented Bulbul; Spotted Flycatcher; White-tailed Iora","n_species":12,"focal_species_seen":"European Roller; Spotted Flycatcher","focal_species_slugs":"european-roller;spotted-flycatcher","has_focal":true,"GRID_CODE":"GJ-KU-NAK-064","DISTRICT":"Kachchh","BLOCK":"Nakhatrana"},"geometry":{"type":"Point","coordinates":[69.268318,23.200143]}},{"type":"Feature","properties":{"GROUP.ID":"G18483858","LOCALITY":"Unnamed Road, Kachchh, Gujarat, IN (23.667, 69.657)","LATITUDE":23.6673669,"LONGITUDE":69.6571871,"OBSERVATION.DATE":"2026-09-28","OBSERVER.ID":"obsr1301322","DURATION.MINUTES":109.0,"SAMPLING.EVENT.IDENTIFIER":"S397358652","species_list":"Asian Green Bee-eater; Bay-backed Shrike; Black-winged Stilt; Eastern Orphean Warbler; Eastern Red-rumped Swallow; Eurasian Collared-Dove; European Roller; House Crow; House Sparrow; Indian Robin; Indian Silverbill; Isabelline Shrike; Laughing Dove; Red-backed Shrike; Red-tailed Shrike; Red-vented Bulbul; Red-wattled Lapwing; Rufous-fronted Prinia; Shikra; White-eared Bulbul; White-throated Kingfisher; Wire-tailed Swallow","n_species":22,"focal_species_seen":"European Roller; Red-backed Shrike; Red-tailed Shrike","focal_species_slugs":"european-roller;red-backed-shrike;red-tailed-shrike","has_focal":true,"GRID_CODE":"GJ-KU-BHU-049","DISTRICT":"Kachchh","BLOCK":"Bhuj"},"geometry":{"type":"Point","coordinates":[69.6571871,23.6673669]}},{"type":"Feature","properties":{"GROUP.ID":"S397410755","LOCALITY":"Khadir Bet Road, Janan, Gujarat, IN (23.847, 70.34)","LATITUDE":23.8469267,"LONGITUDE":70.3401433,"OBSERVATION.DATE":"2026-09-29","OBSERVER.ID":"obsr4685914","DURATION.MINUTES":1.0,"SAMPLING.EVENT.IDENTIFIER":"S397410755","species_list":"Red-necked Falcon; Red Collared-Dove","n_species":2,"focal_species_seen":"","focal_species_slugs":"","has_focal":false,"GRID_CODE":"GJ-KU-BHA-010","DISTRICT":"Kachchh","BLOCK":"Bhachau"},"geometry":{"type":"Point","coordinates":[70.3401433,23.8469267]}},{"type":"Feature","properties":{"GROUP.ID":"S397434285","LOCALITY":"Swayambhu Hanuman Mandir and surroundings, Bhuj","LATITUDE":23.2430318,"LONGITUDE":69.6375776,"OBSERVATION.DATE":"2026-09-27","OBSERVER.ID":"obsr4592234","DURATION.MINUTES":25.0,"SAMPLING.EVENT.IDENTIFIER":"S397434285","species_list":"Dusky Crag-Martin; Eastern Cattle-Egret; Purple Sunbird","n_species":3,"focal_species_seen":"","focal_species_slugs":"","has_focal":false,"GRID_CODE":"GJ-KU-BHU-134","DISTRICT":"Kachchh","BLOCK":"Bhuj"},"geometry":{"type":"Point","coordinates":[69.6375776,23.2430318]}},{"type":"Feature","properties":{"GROUP.ID":"S397439507","LOCALITY":"Rudramata","LATITUDE":23.4844765,"LONGITUDE":69.6617867,"OBSERVATION.DATE":"2026-09-27","OBSERVER.ID":"obsr4592234","DURATION.MINUTES":26.0,"SAMPLING.EVENT.IDENTIFIER":"S397439507","species_list":"Eastern Cattle-Egret; Eurasian Collared-Dove; Indian Peafowl; Red-necked Falcon; Red-wattled Lapwing; River Tern","n_species":6,"focal_species_seen":"","focal_species_slugs":"","has_focal":false,"GRID_CODE":"GJ-KU-LIT-040","DISTRICT":"Kachchh","BLOCK":"Little Rann"},"geometry":{"type":"Point","coordinates":[69.6617867,23.4844765]}},{"type":"Feature","properties":{"GROUP.ID":"S397441837","LOCALITY":"Banni Grassland Gateway","LATITUDE":23.6206506,"LONGITUDE":69.689087,"OBSERVATION.DATE":"2026-09-27","OBSERVER.ID":"obsr4592234","DURATION.MINUTES":21.0,"SAMPLING.EVENT.IDENTIFIER":"S397441837","species_list":"Black-winged Stilt; Blue-cheeked Bee-eater; Dalmatian Pelican; Eastern Cattle-Egret; Great Egret; Medium Egret; Montagu's Harrier; Western Marsh Harrier","n_species":8,"focal_species_seen":"Blue-cheeked Bee-eater","focal_species_slugs":"blue-cheeked-bee-eater","has_focal":true,"GRID_CODE":"GJ-KU-BHU-063","DISTRICT":"Kachchh","BLOCK":"Bhuj"},"geometry":{"type":"Point","coordinates":[69.689087,23.6206506]}},{"type":"Feature","properties":{"GROUP.ID":"S397442215","LOCALITY":"Bhuj-Khavda Road (OBI)","LATITUDE":23.776063,"LONGITUDE":69.725351,"OBSERVATION.DATE":"2026-09-27","OBSERVER.ID":"obsr4592234","DURATION.MINUTES":21.0,"SAMPLING.EVENT.IDENTIFIER":"S397442215","species_list":"Barn Swallow; Dusky Crag-Martin; Eastern Cattle-Egret; European Roller; Gray Heron; House Crow; Indian Pond-Heron; Western Marsh Harrier","n_species":8,"focal_species_seen":"European Roller","focal_species_slugs":"european-roller","has_focal":true,"GRID_CODE":"GJ-KU-BHU-020","DISTRICT":"Kachchh","BLOCK":"Bhuj"},"geometry":{"type":"Point","coordinates":[69.725351,23.776063]}},{"type":"Feature","properties":{"GROUP.ID":"S397442543","LOCALITY":"Khavda-Bhirandiara Road, Bhirandiara","LATITUDE":23.6793368,"LONGITUDE":69.7131267,"OBSERVATION.DATE":"2026-09-27","OBSERVER.ID":"obsr4592234","DURATION.MINUTES":21.0,"SAMPLING.EVENT.IDENTIFIER":"S397442543","species_list":"Asian Green Bee-eater; Blue-cheeked Bee-eater; Eurasian Collared-Dove; European Roller","n_species":4,"focal_species_seen":"Blue-cheeked Bee-eater; European Roller","focal_species_slugs":"blue-cheeked-bee-eater;european-roller","has_focal":true,"GRID_CODE":"GJ-KU-BHU-050","DISTRICT":"Kachchh","BLOCK":"Bhuj"},"geometry":{"type":"Point","coordinates":[69.7131267,23.6793368]}},{"type":"Feature","properties":{"GROUP.ID":"S397442791","LOCALITY":"Aadhav-Dholavira Road, Juna","LATITUDE":23.8087452,"LONGITUDE":69.9313873,"OBSERVATION.DATE":"2026-09-27","OBSERVER.ID":"obsr4592234","DURATION.MINUTES":28.0,"SAMPLING.EVENT.IDENTIFIER":"S397442791","species_list":"Asian Green Bee-eater; Black Drongo; Eurasian Collared-Dove; Indian Robin","n_species":4,"focal_species_seen":"","focal_species_slugs":"","has_focal":false,"GRID_CODE":"GJ-KU-RAN-506","DISTRICT":"Kachchh","BLOCK":"Rann of Kachchh"},"geometry":{"type":"Point","coordinates":[69.9313873,23.8087452]}},{"type":"Feature","properties":{"GROUP.ID":"S397443098","LOCALITY":"Khavda-Dholovira Road","LATITUDE":23.8200554,"LONGITUDE":69.9944316,"OBSERVATION.DATE":"2026-09-27","OBSERVER.ID":"obsr4592234","DURATION.MINUTES":16.0,"SAMPLING.EVENT.IDENTIFIER":"S397443098","species_list":"Asian Green Bee-eater","n_species":1,"focal_species_seen":"","focal_species_slugs":"","has_focal":false,"GRID_CODE":"GJ-KU-RAN-476","DISTRICT":"Kachchh","BLOCK":"Rann of Kachchh"},"geometry":{"type":"Point","coordinates":[69.9944316,23.8200554]}},{"type":"Feature","properties":{"GROUP.ID":"S397443375","LOCALITY":"Dholavira","LATITUDE":23.8794318,"LONGITUDE":70.2129701,"OBSERVATION.DATE":"2026-09-27","OBSERVER.ID":"obsr4592234","DURATION.MINUTES":43.0,"SAMPLING.EVENT.IDENTIFIER":"S397443375","species_list":"Asian Green Bee-eater; Eurasian Collared-Dove; Red-wattled Lapwing","n_species":3,"focal_species_seen":"","focal_species_slugs":"","has_focal":false,"GRID_CODE":"GJ-KU-BHA-003","DISTRICT":"Kachchh","BLOCK":"Bhachau"},"geometry":{"type":"Point","coordinates":[70.2129701,23.8794318]}},{"type":"Feature","properties":{"GROUP.ID":"S397444051","LOCALITY":"Great Rann of Kachchh--Dholavira","LATITUDE":23.8784604,"LONGITUDE":70.2110052,"OBSERVATION.DATE":"2026-09-27","OBSERVER.ID":"obsr4592234","DURATION.MINUTES":32.0,"SAMPLING.EVENT.IDENTIFIER":"S397444051","species_list":"Asian Green Bee-eater; Eurasian Collared-Dove; House Sparrow; Red-wattled Lapwing; Striolated Bunting; White-throated Kingfisher","n_species":6,"focal_species_seen":"","focal_species_slugs":"","has_focal":false,"GRID_CODE":"GJ-KU-BHA-003","DISTRICT":"Kachchh","BLOCK":"Bhachau"},"geometry":{"type":"Point","coordinates":[70.2110052,23.8784604]}},{"type":"Feature","properties":{"GROUP.ID":"S397445089","LOCALITY":"Gadhada","LATITUDE":23.8852995,"LONGITUDE":70.4034046,"OBSERVATION.DATE":"2026-09-27","OBSERVER.ID":"obsr4592234","DURATION.MINUTES":26.0,"SAMPLING.EVENT.IDENTIFIER":"S397445089","species_list":"Asian Green Bee-eater; Black-winged Kite; European Roller; Laughing Dove","n_species":4,"focal_species_seen":"European Roller","focal_species_slugs":"european-roller","has_focal":true,"GRID_CODE":"GJ-KU-BHA-006","DISTRICT":"Kachchh","BLOCK":"Bhachau"},"geometry":{"type":"Point","coordinates":[70.4034046,23.8852995]}},{"type":"Feature","properties":{"GROUP.ID":"S397445509","LOCALITY":"Mauvana-Bela Road","LATITUDE":23.8505277,"LONGITUDE":70.8229484,"OBSERVATION.DATE":"2026-09-27","OBSERVER.ID":"obsr4592234","DURATION.MINUTES":19.0,"SAMPLING.EVENT.IDENTIFIER":"S397445509","species_list":"Asian Green Bee-eater; Black-headed Ibis; Eurasian Collared-Dove; European Roller; Indian Spot-billed Duck; Painted Stork","n_species":6,"focal_species_seen":"European Roller","focal_species_slugs":"european-roller","has_focal":true,"GRID_CODE":"GJ-KU-RAP-013","DISTRICT":"Kachchh","BLOCK":"Rapar"},"geometry":{"type":"Point","coordinates":[70.8229484,23.8505277]}},{"type":"Feature","properties":{"GROUP.ID":"S397446090","LOCALITY":"Lodrani","LATITUDE":23.8906484,"LONGITUDE":70.6199625,"OBSERVATION.DATE":"2026-09-27","OBSERVER.ID":"obsr4592234","DURATION.MINUTES":28.0,"SAMPLING.EVENT.IDENTIFIER":"S397446090","species_list":"Common Sandpiper; Eurasian Spoonbill; Great Cormorant; Greater Flamingo; Green Sandpiper; Indian Cormorant; Little Stint; Pied Avocet","n_species":8,"focal_species_seen":"","focal_species_slugs":"","has_focal":false,"GRID_CODE":"GJ-KU-RAP-004","DISTRICT":"Kachchh","BLOCK":"Rapar"},"geometry":{"type":"Point","coordinates":[70.6199625,23.8906484]}},{"type":"Feature","properties":{"GROUP.ID":"S397447481","LOCALITY":"Gadakabet","LATITUDE":23.8048481,"LONGITUDE":70.9885589,"OBSERVATION.DATE":"2026-09-27","OBSERVER.ID":"obsr4592234","DURATION.MINUTES":43.0,"SAMPLING.EVENT.IDENTIFIER":"S397447481","species_list":"Black-necked Stork; Common Sandpiper; Dalmatian Pelican; Eastern Cattle-Egret; Eurasian Spoonbill; Great Egret; Greater Flamingo; Green Sandpiper; Indian Cormorant; Kentish Plover; Lesser Flamingo; Little Egret; Northern Shoveler; Oriental Darter; Painted Stork; Pied Avocet; Red-wattled Lapwing; River Tern; Western Marsh Harrier; Whiskered Tern","n_species":20,"focal_species_seen":"","focal_species_slugs":"","has_focal":false,"GRID_CODE":"GJ-KU-RAN-521","DISTRICT":"Kachchh","BLOCK":"Rann of Kachchh"},"geometry":{"type":"Point","coordinates":[70.9885589,23.8048481]}},{"type":"Feature","properties":{"GROUP.ID":"S397447863","LOCALITY":"Gadakabet","LATITUDE":23.8048481,"LONGITUDE":70.9885589,"OBSERVATION.DATE":"2026-09-27","OBSERVER.ID":"obsr4592234","DURATION.MINUTES":29.0,"SAMPLING.EVENT.IDENTIFIER":"S397447863","species_list":"Black-winged Stilt; Caspian Tern; Common Hoopoe; Eastern Cattle-Egret; Eurasian Spoonbill; Gray Heron; Great Egret; Indian Cormorant; Little Egret; Medium Egret; Oriental Darter; Painted Stork; River Tern; Western Marsh Harrier; Western Reef-Heron; Whiskered Tern","n_species":16,"focal_species_seen":"","focal_species_slugs":"","has_focal":false,"GRID_CODE":"GJ-KU-RAN-521","DISTRICT":"Kachchh","BLOCK":"Rann of Kachchh"},"geometry":{"type":"Point","coordinates":[70.9885589,23.8048481]}},{"type":"Feature","properties":{"GROUP.ID":"S397450988","LOCALITY":"Jatawada","LATITUDE":23.8332391,"LONGITUDE":70.7223256,"OBSERVATION.DATE":"2026-09-27","OBSERVER.ID":"obsr4592234","DURATION.MINUTES":34.0,"SAMPLING.EVENT.IDENTIFIER":"S397450988","species_list":"Asian Green Bee-eater; Bay-backed Shrike; Black-headed Ibis; Blue-cheeked Bee-eater; Eurasian Collared-Dove; European Roller; House Crow; Red-wattled Lapwing; White-throated Kingfisher","n_species":9,"focal_species_seen":"Blue-cheeked Bee-eater; European Roller","focal_species_slugs":"blue-cheeked-bee-eater;european-roller","has_focal":true,"GRID_CODE":"GJ-KU-RAP-011","DISTRICT":"Kachchh","BLOCK":"Rapar"},"geometry":{"type":"Point","coordinates":[70.7223256,23.8332391]}},{"type":"Feature","properties":{"GROUP.ID":"G18484730","LOCALITY":"Rudramata Dam","LATITUDE":23.3741946,"LONGITUDE":69.7122431,"OBSERVATION.DATE":"2026-09-27","OBSERVER.ID":"obsr6246480","DURATION.MINUTES":120.0,"SAMPLING.EVENT.IDENTIFIER":"S397451561","species_list":"Ashy-crowned Sparrow-Lark; Asian Green Bee-eater; Asian Koel; Barn Swallow; Bay-backed Shrike; Baya Weaver; Black-winged Stilt; Black Drongo; Black Kite; Blue-cheeked Bee-eater; Common Babbler; Common Hoopoe; Common Kingfisher; Common Myna; Common Sandpiper; Dusky Crag-Martin; Eastern Cattle-Egret; Eastern Red-rumped Swallow; Eurasian Collared-Dove; European Roller; Gray-necked Bunting; Gray Francolin; Gray Heron; Great Cormorant; House Crow; House Sparrow; Indian Bushlark; Indian Peafowl; Indian Pond-Heron; Indian Robin; Indian Silverbill; Indian Spot-billed Duck; Knob-billed Duck; Laughing Dove; Lesser Whistling-Duck; Lesser Whitethroat; Little Cormorant; Little Grebe; Little Swift; Long-tailed Shrike; Medium Egret; Oriental Darter; Oriental Honey-buzzard; Paddyfield Pipit; Painted Stork; Plain Prinia; Purple Heron; Purple Sunbird; Red-naped Ibis; Red-tailed Shrike; Red-vented Bulbul; Red-wattled Lapwing; Red Collared-Dove; River Tern; Rose-ringed Parakeet; Spotted Flycatcher; Streak-throated Swallow; Striolated Bunting; Western Marsh Harrier; Western Yellow Wagtail; White-breasted Waterhen; White-browed Wagtail; White-eared Bulbul; White-tailed Iora; White-throated Kingfisher; Wire-tailed Swallow","n_species":66,"focal_species_seen":"Blue-cheeked Bee-eater; European Roller; Red-tailed Shrike; Spotted Flycatcher","focal_species_slugs":"blue-cheeked-bee-eater;european-roller;red-tailed-shrike;spotted-flycatcher","has_focal":true,"GRID_CODE":"GJ-KU-BHU-099","DISTRICT":"Kachchh","BLOCK":"Bhuj"},"geometry":{"type":"Point","coordinates":[69.7122431,23.3741946]}},{"type":"Feature","properties":{"GROUP.ID":"S397453872","LOCALITY":"Mouvana","LATITUDE":23.8244238,"LONGITUDE":70.9044206,"OBSERVATION.DATE":"2026-09-27","OBSERVER.ID":"obsr4592234","DURATION.MINUTES":15.0,"SAMPLING.EVENT.IDENTIFIER":"S397453872","species_list":"Barn Swallow; Dusky Crag-Martin; Eurasian Collared-Dove; European Roller","n_species":4,"focal_species_seen":"European Roller","focal_species_slugs":"european-roller","has_focal":true,"GRID_CODE":"GJ-KU-RAP-014","DISTRICT":"Kachchh","BLOCK":"Rapar"},"geometry":{"type":"Point","coordinates":[70.9044206,23.8244238]}},{"type":"Feature","properties":{"GROUP.ID":"S397454361","LOCALITY":"Vijapar","LATITUDE":23.520782,"LONGITUDE":71.0081609,"OBSERVATION.DATE":"2026-09-27","OBSERVER.ID":"obsr4592234","DURATION.MINUTES":22.0,"SAMPLING.EVENT.IDENTIFIER":"S397454361","species_list":"Great Cormorant; Indian Cormorant; Little Egret; River Tern","n_species":4,"focal_species_seen":"","focal_species_slugs":"","has_focal":false,"GRID_CODE":"GJ-KU-RAP-071","DISTRICT":"Kachchh","BLOCK":"Rapar"},"geometry":{"type":"Point","coordinates":[71.0081609,23.520782]}},{"type":"Feature","properties":{"GROUP.ID":"S397454976","LOCALITY":"Adesar","LATITUDE":23.5049944,"LONGITUDE":71.0150143,"OBSERVATION.DATE":"2026-09-27","OBSERVER.ID":"obsr4592234","DURATION.MINUTES":13.0,"SAMPLING.EVENT.IDENTIFIER":"S397454976","species_list":"Bank Myna; European Roller; Rose-ringed Parakeet","n_species":3,"focal_species_seen":"European Roller","focal_species_slugs":"european-roller","has_focal":true,"GRID_CODE":"GJ-KU-RAP-082","DISTRICT":"Kachchh","BLOCK":"Rapar"},"geometry":{"type":"Point","coordinates":[71.0150143,23.5049944]}},{"type":"Feature","properties":{"GROUP.ID":"S397456287","LOCALITY":"Rapar-Pragpar Highway, Kachcha","LATITUDE":23.5726179,"LONGITUDE":70.6764262,"OBSERVATION.DATE":"2026-09-27","OBSERVER.ID":"obsr4592234","DURATION.MINUTES":12.0,"SAMPLING.EVENT.IDENTIFIER":"S397456287","species_list":"Asian Green Bee-eater; European Roller","n_species":2,"focal_species_seen":"European Roller","focal_species_slugs":"european-roller","has_focal":true,"GRID_CODE":"GJ-KU-RAP-052","DISTRICT":"Kachchh","BLOCK":"Rapar"},"geometry":{"type":"Point","coordinates":[70.6764262,23.5726179]}},{"type":"Feature","properties":{"GROUP.ID":"S397461193","LOCALITY":"T20-G1-PMC 2026","LATITUDE":23.5416888,"LONGITUDE":70.8058719,"OBSERVATION.DATE":"2026-09-27","OBSERVER.ID":"obsr4592234","DURATION.MINUTES":4.0,"SAMPLING.EVENT.IDENTIFIER":"S397461193","species_list":"Asian Green Bee-eater; Bay-backed Shrike; Eurasian Collared-Dove; European Roller; Greater Coucal; House Sparrow","n_species":6,"focal_species_seen":"European Roller","focal_species_slugs":"european-roller","has_focal":true,"GRID_CODE":"GJ-KU-RAP-066","DISTRICT":"Kachchh","BLOCK":"Rapar"},"geometry":{"type":"Point","coordinates":[70.8058719,23.5416888]}},{"type":"Feature","properties":{"GROUP.ID":"S397461787","LOCALITY":"T20-G2 -PMC2026","LATITUDE":23.5101414,"LONGITUDE":70.8589493,"OBSERVATION.DATE":"2026-09-26","OBSERVER.ID":"obsr4592234","DURATION.MINUTES":24.0,"SAMPLING.EVENT.IDENTIFIER":"S397461787","species_list":"Indian Nightjar","n_species":1,"focal_species_seen":"","focal_species_slugs":"","has_focal":false,"GRID_CODE":"GJ-KU-RAP-079","DISTRICT":"Kachchh","BLOCK":"Rapar"},"geometry":{"type":"Point","coordinates":[70.8589493,23.5101414]}},{"type":"Feature","properties":{"GROUP.ID":"S397467702","LOCALITY":"Adeswar To Nanda Bet","LATITUDE":23.5551633,"LONGITUDE":70.9874775,"OBSERVATION.DATE":"2026-09-26","OBSERVER.ID":"obsr4592234","DURATION.MINUTES":54.0,"SAMPLING.EVENT.IDENTIFIER":"S397467702","species_list":"Ashy-crowned Sparrow-Lark; Black-winged Stilt; Blue-cheeked Bee-eater; Eastern Cattle-Egret; Eurasian Coot; Great Cormorant; Laughing Dove; Little Egret; Red-naped Ibis; Red-wattled Lapwing; Variable Wheatear","n_species":11,"focal_species_seen":"Blue-cheeked Bee-eater","focal_species_slugs":"blue-cheeked-bee-eater","has_focal":true,"GRID_CODE":"GJ-KU-RAP-070","DISTRICT":"Kachchh","BLOCK":"Rapar"},"geometry":{"type":"Point","coordinates":[70.9874775,23.5551633]}},{"type":"Feature","properties":{"GROUP.ID":"S397475325","LOCALITY":"Nanda Bet","LATITUDE":23.5577717,"LONGITUDE":71.0789312,"OBSERVATION.DATE":"2026-09-26","OBSERVER.ID":"obsr4592234","DURATION.MINUTES":69.0,"SAMPLING.EVENT.IDENTIFIER":"S397475325","species_list":"Asian Green Bee-eater; Asian Openbill; Barn Swallow; Blue-cheeked Bee-eater; Common Hoopoe; Common Sandpiper; Eastern Cattle-Egret; Eurasian Spoonbill; Gray Heron; Great Cormorant; Great Egret; Greater Flamingo; Green Sandpiper; House Crow; Little Egret; Little Stint; Painted Stork; Red-wattled Lapwing; River Tern; Rose-ringed Parakeet; Temminck's Stint; Western Marsh Harrier; Whiskered Tern; White-throated Kingfisher; Wire-tailed Swallow","n_species":25,"focal_species_seen":"Blue-cheeked Bee-eater","focal_species_slugs":"blue-cheeked-bee-eater","has_focal":true,"GRID_CODE":"GJ-KU-RAP-072","DISTRICT":"Kachchh","BLOCK":"Rapar"},"geometry":{"type":"Point","coordinates":[71.0789312,23.5577717]}},{"type":"Feature","properties":{"GROUP.ID":"S397475594","LOCALITY":"Dabhunda Road","LATITUDE":23.5610844,"LONGITUDE":70.6563331,"OBSERVATION.DATE":"2026-09-26","OBSERVER.ID":"obsr4592234","DURATION.MINUTES":15.0,"SAMPLING.EVENT.IDENTIFIER":"S397475594","species_list":"Asian Green Bee-eater; Barn Swallow; Common Babbler; Common Myna; Eurasian Collared-Dove; European Roller; House Sparrow; Red-vented Bulbul; Red-wattled Lapwing; White-eared Bulbul; White-throated Kingfisher","n_species":11,"focal_species_seen":"European Roller","focal_species_slugs":"european-roller","has_focal":true,"GRID_CODE":"GJ-KU-RAP-052","DISTRICT":"Kachchh","BLOCK":"Rapar"},"geometry":{"type":"Point","coordinates":[70.6563331,23.5610844]}},{"type":"Feature","properties":{"GROUP.ID":"S397479547","LOCALITY":"T20-G4-PMC2026","LATITUDE":23.5494446,"LONGITUDE":70.9254639,"OBSERVATION.DATE":"2026-09-26","OBSERVER.ID":"obsr4592234","DURATION.MINUTES":41.0,"SAMPLING.EVENT.IDENTIFIER":"S397479547","species_list":"Ashy-crowned Sparrow-Lark; Asian Green Bee-eater; Barn Swallow; Bay-backed Shrike; Booted Eagle; Common Babbler; Eastern Cattle-Egret; Eurasian Collared-Dove; European Roller; Gray Francolin; Greater Coucal; House Crow; Indian Peafowl; Indian Pond-Heron; Indian Silverbill; Oriental Honey-buzzard; Plain Prinia; Red-tailed Shrike; Red-vented Bulbul; Rose-ringed Parakeet; Shikra; White-eared Bulbul; White-throated Kingfisher","n_species":23,"focal_species_seen":"European Roller; Red-tailed Shrike","focal_species_slugs":"european-roller;red-tailed-shrike","has_focal":true,"GRID_CODE":"GJ-KU-RAP-069","DISTRICT":"Kachchh","BLOCK":"Rapar"},"geometry":{"type":"Point","coordinates":[70.9254639,23.5494446]}},{"type":"Feature","properties":{"GROUP.ID":"S397484077","LOCALITY":"Bhimasar-Adesar Highway","LATITUDE":23.5536931,"LONGITUDE":70.9514707,"OBSERVATION.DATE":"2026-09-26","OBSERVER.ID":"obsr4592234","DURATION.MINUTES":31.0,"SAMPLING.EVENT.IDENTIFIER":"S397484077","species_list":"Black Drongo","n_species":1,"focal_species_seen":"","focal_species_slugs":"","has_focal":false,"GRID_CODE":"GJ-KU-RAP-069","DISTRICT":"Kachchh","BLOCK":"Rapar"},"geometry":{"type":"Point","coordinates":[70.9514707,23.5536931]}},{"type":"Feature","properties":{"GROUP.ID":"S397484278","LOCALITY":"Adesar Bridge","LATITUDE":23.6108805,"LONGITUDE":71.0394149,"OBSERVATION.DATE":"2026-09-26","OBSERVER.ID":"obsr4592234","DURATION.MINUTES":51.0,"SAMPLING.EVENT.IDENTIFIER":"S397484278","species_list":"Bank Myna; Blue-cheeked Bee-eater; European Roller; House Sparrow; Rose-ringed Parakeet","n_species":5,"focal_species_seen":"Blue-cheeked Bee-eater; European Roller","focal_species_slugs":"blue-cheeked-bee-eater;european-roller","has_focal":true,"GRID_CODE":"GJ-KU-RAN-577","DISTRICT":"Kachchh","BLOCK":"Rann of Kachchh"},"geometry":{"type":"Point","coordinates":[71.0394149,23.6108805]}},{"type":"Feature","properties":{"GROUP.ID":"S397484789","LOCALITY":"Bambhansar","LATITUDE":23.5962243,"LONGITUDE":71.0235041,"OBSERVATION.DATE":"2026-09-26","OBSERVER.ID":"obsr4592234","DURATION.MINUTES":18.0,"SAMPLING.EVENT.IDENTIFIER":"S397484789","species_list":"Black Drongo; Eastern Cattle-Egret; Eurasian Collared-Dove; European Roller; White-throated Kingfisher","n_species":5,"focal_species_seen":"European Roller","focal_species_slugs":"european-roller","has_focal":true,"GRID_CODE":"GJ-KU-LIT-014","DISTRICT":"Kachchh","BLOCK":"Little Rann"},"geometry":{"type":"Point","coordinates":[71.0235041,23.5962243]}},{"type":"Feature","properties":{"GROUP.ID":"S397633220","LOCALITY":"T20-G1 PMC 2026","LATITUDE":23.5416194,"LONGITUDE":70.8067267,"OBSERVATION.DATE":"2026-09-26","OBSERVER.ID":"obsr4592234","DURATION.MINUTES":26.0,"SAMPLING.EVENT.IDENTIFIER":"S397633220","species_list":"Asian Green Bee-eater; Black-winged Kite; Black-winged Stilt; Common Greenshank; Common Sandpiper; Common Snipe; Eurasian Collared-Dove; European Roller; Glossy Ibis; Green Sandpiper; Indian Spot-billed Duck; Marsh Sandpiper; Painted Stork; Red-wattled Lapwing; Rosy Starling; Spotted Redshank; Tree Pipit; Wood Sandpiper","n_species":18,"focal_species_seen":"European Roller","focal_species_slugs":"european-roller","has_focal":true,"GRID_CODE":"GJ-KU-RAP-067","DISTRICT":"Kachchh","BLOCK":"Rapar"},"geometry":{"type":"Point","coordinates":[70.8067267,23.5416194]}},{"type":"Feature","properties":{"GROUP.ID":"S397633298","LOCALITY":"T20-G2 -PMC2026","LATITUDE":23.5101414,"LONGITUDE":70.8589493,"OBSERVATION.DATE":"2026-09-26","OBSERVER.ID":"obsr4592234","DURATION.MINUTES":23.0,"SAMPLING.EVENT.IDENTIFIER":"S397633298","species_list":"Ashy-crowned Sparrow-Lark; Eurasian Collared-Dove; European Roller; Gray Francolin; Indian Peafowl; Oriental Honey-buzzard; Purple Sunbird; Red-naped Ibis","n_species":8,"focal_species_seen":"European Roller","focal_species_slugs":"european-roller","has_focal":true,"GRID_CODE":"GJ-KU-RAP-079","DISTRICT":"Kachchh","BLOCK":"Rapar"},"geometry":{"type":"Point","coordinates":[70.8589493,23.5101414]}},{"type":"Feature","properties":{"GROUP.ID":"S397633465","LOCALITY":"T20-G2","LATITUDE":23.5101295,"LONGITUDE":70.8594547,"OBSERVATION.DATE":"2026-09-26","OBSERVER.ID":"obsr4592234","DURATION.MINUTES":51.0,"SAMPLING.EVENT.IDENTIFIER":"S397633465","species_list":"Ashy-crowned Sparrow-Lark; Asian Green Bee-eater; Bay-backed Shrike; Booted Eagle; Chestnut-bellied Sandgrouse; Common Babbler; Common Hoopoe; Eastern Cattle-Egret; European Roller; Gray Francolin; House Sparrow; Indian Peafowl; Oriental Honey-buzzard; Spotted Flycatcher; Variable Wheatear; White-eared Bulbul; White-throated Kingfisher","n_species":17,"focal_species_seen":"European Roller; Spotted Flycatcher","focal_species_slugs":"european-roller;spotted-flycatcher","has_focal":true,"GRID_CODE":"GJ-KU-RAP-079","DISTRICT":"Kachchh","BLOCK":"Rapar"},"geometry":{"type":"Point","coordinates":[70.8594547,23.5101295]}},{"type":"Feature","properties":{"GROUP.ID":"S397633502","LOCALITY":"Adeswar To Nanda Bet","LATITUDE":23.5551633,"LONGITUDE":70.9874775,"OBSERVATION.DATE":"2026-09-26","OBSERVER.ID":"obsr4592234","DURATION.MINUTES":17.0,"SAMPLING.EVENT.IDENTIFIER":"S397633502","species_list":"Bank Myna; House Sparrow","n_species":2,"focal_species_seen":"","focal_species_slugs":"","has_focal":false,"GRID_CODE":"GJ-KU-RAP-070","DISTRICT":"Kachchh","BLOCK":"Rapar"},"geometry":{"type":"Point","coordinates":[70.9874775,23.5551633]}},{"type":"Feature","properties":{"GROUP.ID":"S397633538","LOCALITY":"Rapar-Pragpar Highway","LATITUDE":23.5675475,"LONGITUDE":70.6885169,"OBSERVATION.DATE":"2026-09-26","OBSERVER.ID":"obsr4592234","DURATION.MINUTES":15.0,"SAMPLING.EVENT.IDENTIFIER":"S397633538","species_list":"Black-winged Kite; Common Babbler; Eurasian Collared-Dove; European Roller; Little Grebe; Red-wattled Lapwing; Rose-ringed Parakeet; Whiskered Tern","n_species":8,"focal_species_seen":"European Roller","focal_species_slugs":"european-roller","has_focal":true,"GRID_CODE":"GJ-KU-RAP-052","DISTRICT":"Kachchh","BLOCK":"Rapar"},"geometry":{"type":"Point","coordinates":[70.6885169,23.5675475]}},{"type":"Feature","properties":{"GROUP.ID":"S397637422","LOCALITY":"Bhimasar","LATITUDE":23.5391878,"LONGITUDE":70.8616967,"OBSERVATION.DATE":"2026-09-26","OBSERVER.ID":"obsr4592234","DURATION.MINUTES":24.0,"SAMPLING.EVENT.IDENTIFIER":"S397637422","species_list":"European Roller","n_species":1,"focal_species_seen":"European Roller","focal_species_slugs":"european-roller","has_focal":true,"GRID_CODE":"GJ-KU-RAP-068","DISTRICT":"Kachchh","BLOCK":"Rapar"},"geometry":{"type":"Point","coordinates":[70.8616967,23.5391878]}},{"type":"Feature","properties":{"GROUP.ID":"G18497359","LOCALITY":"T13-G1","LATITUDE":23.34341,"LONGITUDE":69.49313,"OBSERVATION.DATE":"2026-09-26","OBSERVER.ID":"obsr604291","DURATION.MINUTES":64.0,"SAMPLING.EVENT.IDENTIFIER":"S397640410","species_list":"Asian Green Bee-eater; Barred Buttonquail; Bay-backed Shrike; Common Babbler; Common Tailorbird; Common Woodshrike; Eastern Orphean Warbler; Eurasian Collared-Dove; Gray-necked Bunting; Gray Francolin; Indian Robin; Indian Silverbill; Laughing Dove; Lesser Whitethroat; Purple Sunbird; Red-vented Bulbul; Sirkeer Malkoha; Spotted Flycatcher; Striolated Bunting; White-eared Bulbul; White-tailed Iora; White-throated Kingfisher","n_species":22,"focal_species_seen":"Spotted Flycatcher","focal_species_slugs":"spotted-flycatcher","has_focal":true,"GRID_CODE":"GJ-KU-BHU-107","DISTRICT":"Kachchh","BLOCK":"Bhuj"},"geometry":{"type":"Point","coordinates":[69.49313,23.34341]}},{"type":"Feature","properties":{"GROUP.ID":"G18497360","LOCALITY":"T13-G4","LATITUDE":23.24524,"LONGITUDE":69.43802,"OBSERVATION.DATE":"2026-09-26","OBSERVER.ID":"obsr604291","DURATION.MINUTES":68.0,"SAMPLING.EVENT.IDENTIFIER":"S397641093","species_list":"Asian Green Bee-eater; Bay-backed Shrike; Baya Weaver; Black Drongo; Booted Eagle; Common Babbler; Common Woodshrike; Eastern Red-rumped Swallow; Gray-breasted Prinia; Green Warbler; Indian Robin; Indian Silverbill; Laughing Dove; Lesser Whitethroat; Purple Sunbird; Red-vented Bulbul; Small Minivet; Spotted Flycatcher; Sykes's Warbler; Variable Wheatear; White-bellied Minivet; White-eared Bulbul; White-tailed Iora; Wire-tailed Swallow","n_species":24,"focal_species_seen":"Spotted Flycatcher","focal_species_slugs":"spotted-flycatcher","has_focal":true,"GRID_CODE":"GJ-KU-BHU-130","DISTRICT":"Kachchh","BLOCK":"Bhuj"},"geometry":{"type":"Point","coordinates":[69.43802,23.24524]}},{"type":"Feature","properties":{"GROUP.ID":"G18490476","LOCALITY":"T21G4","LATITUDE":23.5964019,"LONGITUDE":70.7224012,"OBSERVATION.DATE":"2026-09-26","OBSERVER.ID":"obsr2918435","DURATION.MINUTES":37.0,"SAMPLING.EVENT.IDENTIFIER":"S397756864","species_list":"Ashy-crowned Sparrow-Lark; Asian Koel; Black Francolin; Common Babbler; Eurasian Collared-Dove; European Roller; Greater Coucal; Greater Whitethroat; Gull-billed Tern; House Sparrow; Indian Bushlark; Indian Peafowl; Indian Spot-billed Duck; Laughing Dove; Lesser Whitethroat; Little Stint; Little Swift; Long-tailed Shrike; Pied Cuckoo; Red-tailed Shrike; Red-vented Bulbul; Red Collared-Dove; Rufous-tailed Lark; Siberian Stonechat; Spotted Flycatcher; Zitting Cisticola","n_species":26,"focal_species_seen":"European Roller; Greater Whitethroat; Red-tailed Shrike; Spotted Flycatcher","focal_species_slugs":"european-roller;greater-whitethroat;red-tailed-shrike;spotted-flycatcher","has_focal":true,"GRID_CODE":"GJ-KU-RAP-053","DISTRICT":"Kachchh","BLOCK":"Rapar"},"geometry":{"type":"Point","coordinates":[70.7224012,23.5964019]}},{"type":"Feature","properties":{"GROUP.ID":"G18490708","LOCALITY":"T21G2","LATITUDE":23.5225334,"LONGITUDE":70.6787855,"OBSERVATION.DATE":"2026-09-26","OBSERVER.ID":"obsr2918435","DURATION.MINUTES":47.0,"SAMPLING.EVENT.IDENTIFIER":"S397759324","species_list":"Black Francolin; Blue-cheeked Bee-eater; Chestnut-bellied Sandgrouse; Common Babbler; Common Hoopoe; Dusky Crag-Martin; Eurasian Collared-Dove; Eurasian Sparrowhawk; European Roller; Gray-necked Bunting; Great Gray Shrike; Greater Coucal; Indian Cormorant; Isabelline Wheatear; Laughing Dove; Lesser Whitethroat; Montagu's Harrier; Oriental Darter; Painted Sandgrouse; Pied Cuckoo; Red-backed Shrike; Red-vented Bulbul; Red-wattled Lapwing; Red Collared-Dove; Rosy Starling; Striolated Bunting; Variable Wheatear; White-eared Bulbul; White-throated Kingfisher; Zitting Cisticola","n_species":30,"focal_species_seen":"Blue-cheeked Bee-eater; European Roller; Red-backed Shrike","focal_species_slugs":"blue-cheeked-bee-eater;european-roller;red-backed-shrike","has_focal":true,"GRID_CODE":"GJ-KU-RAP-064","DISTRICT":"Kachchh","BLOCK":"Rapar"},"geometry":{"type":"Point","coordinates":[70.6787855,23.5225334]}},{"type":"Feature","properties":{"GROUP.ID":"G18490700","LOCALITY":"T21,G1","LATITUDE":23.4910368,"LONGITUDE":70.6180357,"OBSERVATION.DATE":"2026-09-26","OBSERVER.ID":"obsr2918435","DURATION.MINUTES":41.0,"SAMPLING.EVENT.IDENTIFIER":"S397761347","species_list":"Ashy-crowned Sparrow-Lark; Barred Buttonquail; Common Babbler; Dusky Crag-Martin; Eastern Red-rumped Swallow; Eurasian Collared-Dove; Eurasian Kestrel; European Roller; Gray-necked Bunting; Gray Francolin; Great Gray Shrike; Greater Coucal; House Sparrow; Indian Bushlark; Indian Peafowl; Laughing Dove; Lesser Whitethroat; Long-legged Buzzard; Montagu's Harrier; Pied Bushchat; Pied Cuckoo; Red-backed Shrike; Red-vented Bulbul; Red Collared-Dove; Rock Bush-Quail; Rufous-fronted Prinia; Rufous-tailed Lark; Siberian Stonechat; Spotted Flycatcher; Striolated Bunting; Variable Wheatear; White-eared Bulbul","n_species":32,"focal_species_seen":"European Roller; Red-backed Shrike; Spotted Flycatcher","focal_species_slugs":"european-roller;red-backed-shrike;spotted-flycatcher","has_focal":true,"GRID_CODE":"GJ-KU-RAP-074","DISTRICT":"Kachchh","BLOCK":"Rapar"},"geometry":{"type":"Point","coordinates":[70.6180357,23.4910368]}},{"type":"Feature","properties":{"GROUP.ID":"G18495750","LOCALITY":"T14G2","LATITUDE":23.4597917,"LONGITUDE":69.4695833,"OBSERVATION.DATE":"2026-09-26","OBSERVER.ID":"obsr458889","DURATION.MINUTES":70.0,"SAMPLING.EVENT.IDENTIFIER":"S397965149","species_list":"Ashy-crowned Sparrow-Lark; Asian Green Bee-eater; Bay-backed Shrike; Black Drongo; Common Babbler; Eastern Cattle-Egret; Eastern Orphean Warbler; Eurasian Collared-Dove; European Roller; Glossy Ibis; Gray-necked Bunting; Gray Francolin; Indian Peafowl; Indian Robin; Indian Silverbill; Laughing Dove; Lesser Whistling-Duck; Lesser Whitethroat; Little Cormorant; Long-tailed Shrike; Purple Sunbird; Red-backed Shrike; Red-tailed Shrike; Red-vented Bulbul; Red-wattled Lapwing; Rose-ringed Parakeet; White-eared Bulbul; Wire-tailed Swallow; Yellow-crowned Woodpecker; Yellow-throated Sparrow","n_species":30,"focal_species_seen":"European Roller; Red-backed Shrike; Red-tailed Shrike","focal_species_slugs":"european-roller;red-backed-shrike;red-tailed-shrike","has_focal":true,"GRID_CODE":"GJ-KU-NAK-038","DISTRICT":"Kachchh","BLOCK":"Nakhatrana"},"geometry":{"type":"Point","coordinates":[69.4695833,23.4597917]}},{"type":"Feature","properties":{"GROUP.ID":"G18495749","LOCALITY":"T14G4","LATITUDE":23.4668983,"LONGITUDE":69.5119867,"OBSERVATION.DATE":"2026-09-26","OBSERVER.ID":"obsr458889","DURATION.MINUTES":76.0,"SAMPLING.EVENT.IDENTIFIER":"S397968813","species_list":"Asian Green Bee-eater; Booted Eagle; Common Babbler; Common Tailorbird; Common Woodshrike; Eastern Cattle-Egret; Eastern Red-rumped Swallow; Eurasian Collared-Dove; European Roller; Gray Francolin; House Sparrow; Indian Robin; Indian Roller; Laughing Dove; Lesser Whitethroat; Long-tailed Shrike; Oriental Honey-buzzard; Paddyfield Pipit; Plain Prinia; Purple Sunbird; Red-vented Bulbul; Red-wattled Lapwing; Siberian Stonechat; Variable Wheatear; White-eared Bulbul; White-throated Kingfisher","n_species":26,"focal_species_seen":"European Roller","focal_species_slugs":"european-roller","has_focal":true,"GRID_CODE":"GJ-KU-NAK-027","DISTRICT":"Kachchh","BLOCK":"Nakhatrana"},"geometry":{"type":"Point","coordinates":[69.5119867,23.4668983]}},{"type":"Feature","properties":{"GROUP.ID":"G18495891","LOCALITY":"T14G3","LATITUDE":23.448575,"LONGITUDE":69.5908383,"OBSERVATION.DATE":"2026-09-26","OBSERVER.ID":"obsr458889","DURATION.MINUTES":51.0,"SAMPLING.EVENT.IDENTIFIER":"S397983295","species_list":"Asian Green Bee-eater; Asian Koel; Common Hoopoe; Eastern Cattle-Egret; Eurasian Collared-Dove; European Roller; Gray Francolin; House Sparrow; Indian Roller; Indian Silverbill; Laughing Dove; Paddyfield Pipit; Pied Bushchat; Plain Prinia; Red-backed Shrike; Red-tailed Shrike; Red-wattled Lapwing; Siberian Stonechat; Variable Wheatear; White-eared Bulbul","n_species":20,"focal_species_seen":"European Roller; Red-backed Shrike; Red-tailed Shrike","focal_species_slugs":"european-roller;red-backed-shrike;red-tailed-shrike","has_focal":true,"GRID_CODE":"GJ-KU-NAK-040","DISTRICT":"Kachchh","BLOCK":"Nakhatrana"},"geometry":{"type":"Point","coordinates":[69.5908383,23.448575]}},{"type":"Feature","properties":{"GROUP.ID":"G18495931","LOCALITY":"T14G1","LATITUDE":23.4286583,"LONGITUDE":69.3641283,"OBSERVATION.DATE":"2026-09-26","OBSERVER.ID":"obsr458889","DURATION.MINUTES":55.0,"SAMPLING.EVENT.IDENTIFIER":"S397984392","species_list":"Bay-backed Shrike; Baya Weaver; Common Sandpiper; Common Woodshrike; Eurasian Collared-Dove; Glossy Ibis; Gray Francolin; Gray Heron; House Sparrow; Indian Peafowl; Indian Pond-Heron; Indian Robin; Indian Roller; Lesser Whistling-Duck; Little Egret; Purple Heron; Purple Sunbird; Red-vented Bulbul; Red-wattled Lapwing; River Tern; Spotted Owlet; White-eared Bulbul; White-throated Kingfisher","n_species":23,"focal_species_seen":"","focal_species_slugs":"","has_focal":false,"GRID_CODE":"GJ-KU-NAK-036","DISTRICT":"Kachchh","BLOCK":"Nakhatrana"},"geometry":{"type":"Point","coordinates":[69.3641283,23.4286583]}},{"type":"Feature","properties":{"GROUP.ID":"S398059538","LOCALITY":"T16G4","LATITUDE":23.8737724,"LONGITUDE":70.3398891,"OBSERVATION.DATE":"2026-09-26","OBSERVER.ID":"obsr2959866","DURATION.MINUTES":51.0,"SAMPLING.EVENT.IDENTIFIER":"S398059538","species_list":"Asian Green Bee-eater; Barn Swallow; Baya Weaver; Blue-cheeked Bee-eater; Common Babbler; Common Greenshank; Common Tailorbird; Eurasian Collared-Dove; Gray Francolin; House Sparrow; Indian Robin; Laughing Dove; Lesser Whitethroat; Montagu's Harrier; Plain Prinia; Purple Sunbird; Red-tailed Shrike; Red-vented Bulbul; Red-wattled Lapwing; River Tern; Rose-ringed Parakeet; Variable Wheatear; White-eared Bulbul","n_species":23,"focal_species_seen":"Blue-cheeked Bee-eater; Red-tailed Shrike","focal_species_slugs":"blue-cheeked-bee-eater;red-tailed-shrike","has_focal":true,"GRID_CODE":"GJ-KU-BHA-005","DISTRICT":"Kachchh","BLOCK":"Bhachau"},"geometry":{"type":"Point","coordinates":[70.3398891,23.8737724]}},{"type":"Feature","properties":{"GROUP.ID":"S398059674","LOCALITY":"T16G3","LATITUDE":23.8367848,"LONGITUDE":70.3749437,"OBSERVATION.DATE":"2026-09-26","OBSERVER.ID":"obsr2959866","DURATION.MINUTES":40.0,"SAMPLING.EVENT.IDENTIFIER":"S398059674","species_list":"Asian Green Bee-eater; Barn Swallow; Common Babbler; Eurasian Collared-Dove; Indian Silverbill; Isabelline Shrike; Laughing Dove; Little Egret; Purple Sunbird; Red-wattled Lapwing; Shikra; White-eared Bulbul","n_species":12,"focal_species_seen":"","focal_species_slugs":"","has_focal":false,"GRID_CODE":"GJ-KU-BHA-011","DISTRICT":"Kachchh","BLOCK":"Bhachau"},"geometry":{"type":"Point","coordinates":[70.3749437,23.8367848]}},{"type":"Feature","properties":{"GROUP.ID":"S398059858","LOCALITY":"T16G5.","LATITUDE":23.9192728,"LONGITUDE":70.2281905,"OBSERVATION.DATE":"2026-09-27","OBSERVER.ID":"obsr2959866","DURATION.MINUTES":40.0,"SAMPLING.EVENT.IDENTIFIER":"S398059858","species_list":"Little Grebe","n_species":1,"focal_species_seen":"","focal_species_slugs":"","has_focal":false,"GRID_CODE":"GJ-KU-RAN-389","DISTRICT":"Kachchh","BLOCK":"Rann of Kachchh"},"geometry":{"type":"Point","coordinates":[70.2281905,23.9192728]}}]}
