{"type":"FeatureCollection","features":[{"type":"Feature","properties":{"GROUP.ID":"G15589287","LOCALITY":"T11G1","LATITUDE":23.1292839,"LONGITUDE":70.1001027,"OBSERVATION.DATE":"2025-09-20","OBSERVER.ID":"obsr3226404","DURATION.MINUTES":63.0,"SAMPLING.EVENT.IDENTIFIER":"S274336999","species_list":"Ashy-crowned Sparrow-Lark; Asian Green Bee-eater; Barn Swallow; Baya Weaver; Chestnut-bellied Sandgrouse; Common Babbler; Common Kingfisher; Common Myna; Common Tailorbird; Gray Francolin; Great Cormorant; Indian Courser; Indian Peafowl; Indian Robin; Indian Spot-billed Duck; Laughing Dove; Little Egret; Long-tailed Shrike; Plain Prinia; Purple Heron; Purple Sunbird; Red-vented Bulbul; Red-wattled Lapwing; Tree Pipit; Yellow-wattled Lapwing","n_species":25,"focal_species_seen":"","focal_species_slugs":"","has_focal":false,"GRID_CODE":"GJ-KU-ANJ-025","DISTRICT":"Kachchh","BLOCK":"Anjar"},"geometry":{"type":"Point","coordinates":[70.1001027,23.1292839]}},{"type":"Feature","properties":{"GROUP.ID":"G15589884","LOCALITY":"T29G2","LATITUDE":23.945249,"LONGITUDE":69.726074,"OBSERVATION.DATE":"2025-09-20","OBSERVER.ID":"obsr2395706","DURATION.MINUTES":61.0,"SAMPLING.EVENT.IDENTIFIER":"S274337487","species_list":"Ashy-crowned Sparrow-Lark; Bar-tailed Godwit; Bay-backed Shrike; Baya Weaver; Black-winged Stilt; Chestnut-bellied Sandgrouse; Common Babbler; Common Greenshank; Common Hoopoe; Common Kingfisher; Common Myna; Common Sandpiper; Eastern Cattle-Egret; Eurasian Collared-Dove; Eurasian Whimbrel; European Roller; Gray Francolin; Greater Flamingo; Green Sandpiper; House Sparrow; Indian Silverbill; Isabelline Shrike; Laughing Dove; Little Cormorant; Little Ringed Plover; Marsh Sandpiper; Paddyfield Pipit; Red-wattled Lapwing; Red Collared-Dove; Rose-ringed Parakeet; Rufous-fronted Prinia; Rufous-tailed Scrub-Robin; Temminck's Stint; Variable Wheatear; Western Marsh Harrier; White-eared Bulbul; White-throated Kingfisher; Wire-tailed Swallow; Zitting Cisticola","n_species":39,"focal_species_seen":"European Roller; Rufous-tailed Scrub-Robin","focal_species_slugs":"european-roller;rufous-tailed-scrub-robin","has_focal":true,"GRID_CODE":"GJ-KU-BHU-001","DISTRICT":"Kachchh","BLOCK":"Bhuj"},"geometry":{"type":"Point","coordinates":[69.726074,23.945249]}},{"type":"Feature","properties":{"GROUP.ID":"G15589837","LOCALITY":"T13G3 Kurbai","LATITUDE":23.204988,"LONGITUDE":69.396435,"OBSERVATION.DATE":"2025-09-20","OBSERVER.ID":"obsr4809686","DURATION.MINUTES":60.0,"SAMPLING.EVENT.IDENTIFIER":"S274338013","species_list":"Asian Green Bee-eater; Bay-backed Shrike; Baya Weaver; Black-winged Kite; Common Babbler; Common Hoopoe; Common Tailorbird; Common Woodshrike; Dusky Crag-Martin; Eastern Cattle-Egret; Eastern Red-rumped Swallow; Eurasian Hobby; Eurasian Kestrel; European Roller; Gray-breasted Prinia; Gray Francolin; Greater Coucal; House Sparrow; Indian Peafowl; Indian Robin; Jungle Prinia; Laughing Dove; Lesser Whitethroat; Little Swift; Long-tailed Shrike; Pied Cuckoo; Plain Prinia; Purple Sunbird; Red-naped Ibis; Red-vented Bulbul; Red-wattled Lapwing; Small Minivet; Spotted Flycatcher; Sykes's Warbler; White-eared Bulbul; White-tailed Iora; White-throated Kingfisher; Wire-tailed Swallow; Yellow-throated Sparrow","n_species":39,"focal_species_seen":"European Roller; Spotted Flycatcher","focal_species_slugs":"european-roller;spotted-flycatcher","has_focal":true,"GRID_CODE":"GJ-KU-BHU-141","DISTRICT":"Kachchh","BLOCK":"Bhuj"},"geometry":{"type":"Point","coordinates":[69.396435,23.204988]}},{"type":"Feature","properties":{"GROUP.ID":"G15590082","LOCALITY":"T49 G5","LATITUDE":23.5608795,"LONGITUDE":68.7354469,"OBSERVATION.DATE":"2025-09-20","OBSERVER.ID":"obsr369333","DURATION.MINUTES":72.0,"SAMPLING.EVENT.IDENTIFIER":"S274338736","species_list":"Ashy-crowned Sparrow-Lark; Asian Green Bee-eater; Bay-backed Shrike; Common Babbler; Common Sandpiper; Eastern Red-rumped Swallow; Eurasian Collared-Dove; European Roller; Gray-breasted Prinia; Gray Francolin; Gray Heron; House Crow; Indian Golden Oriole; Indian Peafowl; Indian Robin; Jungle Prinia; Knob-billed Duck; Laughing Dove; Oriental Darter; Pied Bushchat; Pied Cuckoo; Red-vented Bulbul; Red-wattled Lapwing; Rosy Starling; Siberian Stonechat; Spotted Flycatcher; White-throated Kingfisher","n_species":27,"focal_species_seen":"European Roller; Spotted Flycatcher","focal_species_slugs":"european-roller;spotted-flycatcher","has_focal":true,"GRID_CODE":"GJ-KU-LAK-049","DISTRICT":"Kachchh","BLOCK":"Lakhpat"},"geometry":{"type":"Point","coordinates":[68.7354469,23.5608795]}},{"type":"Feature","properties":{"GROUP.ID":"G15593478","LOCALITY":"T2G4 - Kachchh, Gujarat, IN (23.282, 69.716)","LATITUDE":23.2821586,"LONGITUDE":69.716241,"OBSERVATION.DATE":"2025-09-20","OBSERVER.ID":"obsr457325","DURATION.MINUTES":68.0,"SAMPLING.EVENT.IDENTIFIER":"S274338982","species_list":"Asian Green Bee-eater; Barn Swallow; Common Babbler; Common Hoopoe; Eurasian Collared-Dove; Eurasian Spoonbill; Eurasian Wryneck; European Roller; Indian Bushlark; Indian Pond-Heron; Indian Robin; Indian Roller; Painted Stork; Pied Cuckoo; Pied Kingfisher; Purple Sunbird; Red-vented Bulbul; Red-wattled Lapwing; Rufous-tailed Scrub-Robin; Siberian Stonechat; Sirkeer Malkoha; Spotted Flycatcher; Variable Wheatear; White-eared Bulbul; Zitting Cisticola","n_species":25,"focal_species_seen":"European Roller; Rufous-tailed Scrub-Robin; Spotted Flycatcher","focal_species_slugs":"european-roller;rufous-tailed-scrub-robin;spotted-flycatcher","has_focal":true,"GRID_CODE":"GJ-KU-BHU-124","DISTRICT":"Kachchh","BLOCK":"Bhuj"},"geometry":{"type":"Point","coordinates":[69.716241,23.2821586]}},{"type":"Feature","properties":{"GROUP.ID":"G15589328","LOCALITY":"Nagrecha","LATITUDE":23.0238571,"LONGITUDE":69.2104153,"OBSERVATION.DATE":"2025-09-20","OBSERVER.ID":"obsr644177","DURATION.MINUTES":41.0,"SAMPLING.EVENT.IDENTIFIER":"S274339006","species_list":"Asian Green Bee-eater; Black Redstart; Blyth's Reed Warbler; Common Babbler; Common Tailorbird; Eastern Red-rumped Swallow; Eurasian Collared-Dove; Gray-breasted Prinia; Gray Francolin; Indian Peafowl; Indian Robin; Jungle Prinia; Laughing Dove; Lesser Whistling-Duck; Lesser Whitethroat; Little Egret; Medium Egret; Paddyfield Pipit; Pied Cuckoo; Plain Prinia; Purple Sunbird; Red-tailed Shrike; Red-vented Bulbul; Red-wattled Lapwing; Spotted Flycatcher; White-breasted Waterhen; White-tailed Iora; White-throated Kingfisher; Wire-tailed Swallow; Yellow-wattled Lapwing","n_species":30,"focal_species_seen":"Red-tailed Shrike; Spotted Flycatcher","focal_species_slugs":"red-tailed-shrike;spotted-flycatcher","has_focal":true,"GRID_CODE":"GJ-KU-MAN-011","DISTRICT":"Kachchh","BLOCK":"Mandvi"},"geometry":{"type":"Point","coordinates":[69.2104153,23.0238571]}},{"type":"Feature","properties":{"GROUP.ID":"G15596709","LOCALITY":"PMC-T4G4, Unnamed Road, Kachchh, Gujarat, IN (23.152, 69.475)","LATITUDE":23.1521834,"LONGITUDE":69.4752582,"OBSERVATION.DATE":"2025-09-20","OBSERVER.ID":"obsr1419186","DURATION.MINUTES":62.0,"SAMPLING.EVENT.IDENTIFIER":"S274339432","species_list":"Asian Koel; Baya Weaver; Black Drongo; Brahminy Starling; Common Woodshrike; Eurasian Collared-Dove; Eurasian Wryneck; European Roller; Gray-breasted Prinia; Gray-necked Bunting; Gray Francolin; Greater Coucal; Green Warbler; House Crow; Indian Peafowl; Indian Robin; Laughing Dove; Lesser Whitethroat; Purple Sunbird; Red-vented Bulbul; Red-wattled Lapwing; Rosy Starling; Spotted Flycatcher; White-eared Bulbul; White-tailed Iora; White-throated Kingfisher; Yellow-throated Sparrow","n_species":27,"focal_species_seen":"European Roller; Spotted Flycatcher","focal_species_slugs":"european-roller;spotted-flycatcher","has_focal":true,"GRID_CODE":"GJ-KU-BHU-152","DISTRICT":"Kachchh","BLOCK":"Bhuj"},"geometry":{"type":"Point","coordinates":[69.4752582,23.1521834]}},{"type":"Feature","properties":{"GROUP.ID":"G15592925","LOCALITY":"T9G4, Bayat Road, Padampur, Gujara,  IN (22.959, 69.176)","LATITUDE":22.9592139,"LONGITUDE":69.1757507,"OBSERVATION.DATE":"2025-09-20","OBSERVER.ID":"obsr685324","DURATION.MINUTES":49.0,"SAMPLING.EVENT.IDENTIFIER":"S274339752","species_list":"Asian Green Bee-eater; Asian Koel; Bank Myna; Baya Weaver; Black Drongo; Common Babbler; Common Sandpiper; Common Woodshrike; Eastern Cattle-Egret; European Roller; Gray-breasted Prinia; Gray Wagtail; Greater Coucal; Green Sandpiper; House Sparrow; Indian Golden Oriole; Indian Pond-Heron; Indian Robin; Little Cormorant; Little Egret; Oriental Darter; Pied Kingfisher; Plain Prinia; Purple Sunbird; Red-vented Bulbul; Red-wattled Lapwing; Rose-ringed Parakeet; Spotted Flycatcher; Streak-throated Swallow; White-throated Kingfisher","n_species":30,"focal_species_seen":"European Roller; Spotted Flycatcher","focal_species_slugs":"european-roller;spotted-flycatcher","has_focal":true,"GRID_CODE":"GJ-KU-MAN-029","DISTRICT":"Kachchh","BLOCK":"Mandvi"},"geometry":{"type":"Point","coordinates":[69.1757507,22.9592139]}},{"type":"Feature","properties":{"GROUP.ID":"G15590557","LOCALITY":"T18G2 - Ravechi-Suvai Road, Kachchh, Gujarat, IN (23.667, 70.571)","LATITUDE":23.6666114,"LONGITUDE":70.5711012,"OBSERVATION.DATE":"2025-09-20","OBSERVER.ID":"obsr3392004","DURATION.MINUTES":61.0,"SAMPLING.EVENT.IDENTIFIER":"S274339819","species_list":"Ashy-crowned Sparrow-Lark; Asian Green Bee-eater; Black-winged Stilt; Blue-cheeked Bee-eater; Brahminy Starling; Common Babbler; Common Sandpiper; Dusky Crag-Martin; Eurasian Collared-Dove; Eurasian Wryneck; Glossy Ibis; Gray Francolin; House Sparrow; Indian Peafowl; Indian Pond-Heron; Indian Robin; Indian Silverbill; Indian Spot-billed Duck; Laughing Dove; Little Cormorant; Purple Sunbird; Red-naped Ibis; Red-vented Bulbul; Red-wattled Lapwing; Red Collared-Dove; Rose-ringed Parakeet; Western Yellow Wagtail; White-breasted Waterhen; White-browed Wagtail; White-eared Bulbul; White-tailed Iora; White-throated Kingfisher; Yellow-throated Sparrow; Yellow-wattled Lapwing; Zitting Cisticola","n_species":35,"focal_species_seen":"Blue-cheeked Bee-eater","focal_species_slugs":"blue-cheeked-bee-eater","has_focal":true,"GRID_CODE":"GJ-KU-RAP-029","DISTRICT":"Kachchh","BLOCK":"Rapar"},"geometry":{"type":"Point","coordinates":[70.5711012,23.6666114]}},{"type":"Feature","properties":{"GROUP.ID":"G15598319","LOCALITY":"T47G3","LATITUDE":23.4178091,"LONGITUDE":69.0925002,"OBSERVATION.DATE":"2025-09-20","OBSERVER.ID":"obsr4393116","DURATION.MINUTES":43.0,"SAMPLING.EVENT.IDENTIFIER":"S274340496","species_list":"Ashy-crowned Sparrow-Lark; Asian Green Bee-eater; Bay-backed Shrike; Baya Weaver; Black-headed Ibis; Blyth's Reed Warbler; Brahminy Starling; Common Babbler; Common Woodshrike; Eurasian Collared-Dove; Eurasian Sparrowhawk; Eurasian Wryneck; European Roller; Gray-breasted Prinia; Greater Coucal; House Sparrow; Indian Bushlark; Indian Peafowl; Indian Robin; Indian Silverbill; Indian Spot-billed Duck; Isabelline Shrike; Jungle Prinia; Laughing Dove; Little Egret; Little Swift; Plain Prinia; Red-backed Shrike; Red-vented Bulbul; Red-wattled Lapwing; Rosy Starling; Rufous-fronted Prinia; Shikra; Sirkeer Malkoha; Variable Wheatear; White-eared Bulbul; White-tailed Iora; Yellow-throated Sparrow","n_species":38,"focal_species_seen":"European Roller; Red-backed Shrike","focal_species_slugs":"european-roller;red-backed-shrike","has_focal":true,"GRID_CODE":"GJ-KU-NAK-030","DISTRICT":"Kachchh","BLOCK":"Nakhatrana"},"geometry":{"type":"Point","coordinates":[69.0925002,23.4178091]}},{"type":"Feature","properties":{"GROUP.ID":"G15589745","LOCALITY":"Team-50 Grid-2","LATITUDE":23.567636,"LONGITUDE":68.50869,"OBSERVATION.DATE":"2025-09-20","OBSERVER.ID":"obsr753720","DURATION.MINUTES":54.0,"SAMPLING.EVENT.IDENTIFIER":"S274340591","species_list":"Ashy-crowned Sparrow-Lark; Asian Desert Warbler; Barn Swallow; Barred Buttonquail; Bay-backed Shrike; Black-winged Kite; Black Drongo; Black Francolin; Blyth's Reed Warbler; Chestnut-bellied Sandgrouse; Common Babbler; Common Cuckoo; Common Hoopoe; Crested Lark; Eastern Cattle-Egret; Eurasian Collared-Dove; European Roller; Gray-breasted Prinia; Gray Francolin; Great Gray Shrike; Indian Peafowl; Indian Silverbill; Indian Thick-knee; Jungle Prinia; Laughing Dove; Lesser Whistling-Duck; Long-billed Pipit; Purple Sunbird; Red-backed Shrike; Red-vented Bulbul; Rosy Starling; Rufous-fronted Prinia; Siberian Stonechat; Spotted Flycatcher; Tawny Pipit; Variable Wheatear; Wire-tailed Swallow","n_species":37,"focal_species_seen":"Common Cuckoo; European Roller; Red-backed Shrike; Spotted Flycatcher","focal_species_slugs":"common-cuckoo;european-roller;red-backed-shrike;spotted-flycatcher","has_focal":true,"GRID_CODE":"GJ-KU-LAK-045","DISTRICT":"Kachchh","BLOCK":"Lakhpat"},"geometry":{"type":"Point","coordinates":[68.50869,23.567636]}},{"type":"Feature","properties":{"GROUP.ID":"G15592876","LOCALITY":"T-20 G-1    Rapar Frh (23.539, 70.815)","LATITUDE":23.5391947,"LONGITUDE":70.8150734,"OBSERVATION.DATE":"2025-09-20","OBSERVER.ID":"obsr2911771","DURATION.MINUTES":85.0,"SAMPLING.EVENT.IDENTIFIER":"S274340662","species_list":"Ashy-crowned Sparrow-Lark; Bay-backed Shrike; Baya Weaver; Blyth's Reed Warbler; Brahminy Starling; Common Babbler; Common Hoopoe; Eastern Cattle-Egret; Eurasian Collared-Dove; European Roller; Gray-breasted Prinia; Gray Francolin; Greater Coucal; House Sparrow; Indian Peafowl; Indian Robin; Indian Silverbill; Indian Thick-knee; Laughing Dove; Lesser Whitethroat; Long-tailed Shrike; Paddyfield Pipit; Purple Sunbird; Red-vented Bulbul; Red-wattled Lapwing; Rufous-fronted Prinia; Siberian Stonechat; Spotted Flycatcher; Variable Wheatear; White-breasted Waterhen; White-eared Bulbul; Zitting Cisticola","n_species":32,"focal_species_seen":"European Roller; Spotted Flycatcher","focal_species_slugs":"european-roller;spotted-flycatcher","has_focal":true,"GRID_CODE":"GJ-KU-RAP-067","DISTRICT":"Kachchh","BLOCK":"Rapar"},"geometry":{"type":"Point","coordinates":[70.8150734,23.5391947]}},{"type":"Feature","properties":{"GROUP.ID":"G15589658","LOCALITY":"Rapar, Kachchh IN-Gujarat 23.55070, 71.11348","LATITUDE":23.550697,"LONGITUDE":71.113484,"OBSERVATION.DATE":"2025-09-20","OBSERVER.ID":"obsr1586010","DURATION.MINUTES":60.0,"SAMPLING.EVENT.IDENTIFIER":"S274342047","species_list":"Asian Green Bee-eater; Bay-backed Shrike; Blue-cheeked Bee-eater; Clamorous Reed Warbler; Common Babbler; Eurasian Collared-Dove; Eurasian Wryneck; European Roller; Gray Francolin; House Crow; House Sparrow; Indian Peafowl; Indian Robin; Indian Silverbill; Indian Spot-billed Duck; Laughing Dove; Lesser Whistling-Duck; Lesser Whitethroat; Little Grebe; Long-tailed Shrike; Montagu's Harrier; Northern Shoveler; Pied Cuckoo; Purple Sunbird; Red-vented Bulbul; Red-wattled Lapwing; River Tern; Rufous-fronted Prinia; Siberian Stonechat; Sykes's Warbler; Tree Pipit; Western Marsh Harrier; Whiskered Tern; White-eared Bulbul","n_species":34,"focal_species_seen":"Blue-cheeked Bee-eater; European Roller","focal_species_slugs":"blue-cheeked-bee-eater;european-roller","has_focal":true,"GRID_CODE":"GJ-KU-LIT-031","DISTRICT":"Kachchh","BLOCK":"Little Rann"},"geometry":{"type":"Point","coordinates":[71.113484,23.550697]}},{"type":"Feature","properties":{"GROUP.ID":"G15589516","LOCALITY":"T11G3","LATITUDE":23.1675274,"LONGITUDE":70.0427535,"OBSERVATION.DATE":"2025-09-20","OBSERVER.ID":"obsr3226404","DURATION.MINUTES":62.0,"SAMPLING.EVENT.IDENTIFIER":"S274342336","species_list":"Asian Green Bee-eater; Black Drongo; Common Hoopoe; Common Kingfisher; Common Sandpiper; Eurasian Kestrel; Gray-breasted Prinia; Gray Heron; House Sparrow; Indian Peafowl; Laughing Dove; Little Cormorant; Plain Prinia; Purple Sunbird; Red-naped Ibis; Red-vented Bulbul; Red-wattled Lapwing; Rose-ringed Parakeet; Spotted Flycatcher; Western Yellow Wagtail; White-throated Kingfisher; Yellow-wattled Lapwing","n_species":22,"focal_species_seen":"Spotted Flycatcher","focal_species_slugs":"spotted-flycatcher","has_focal":true,"GRID_CODE":"GJ-KU-ANJ-017","DISTRICT":"Kachchh","BLOCK":"Anjar"},"geometry":{"type":"Point","coordinates":[70.0427535,23.1675274]}},{"type":"Feature","properties":{"GROUP.ID":"G15589657","LOCALITY":"T28G2-Kalodungar - Day1","LATITUDE":23.7772975,"LONGITUDE":69.8257689,"OBSERVATION.DATE":"2025-09-20","OBSERVER.ID":"obsr824401","DURATION.MINUTES":79.0,"SAMPLING.EVENT.IDENTIFIER":"S274342446","species_list":"Asian Green Bee-eater; Bay-backed Shrike; Baya Weaver; Black-winged Kite; Common Babbler; Common Hoopoe; Eurasian Collared-Dove; Eurasian Wryneck; European Roller; Glossy Ibis; Gray Francolin; Indian Robin; Indian Silverbill; Laughing Dove; Oriental Honey-buzzard; Paddyfield Pipit; Red-vented Bulbul; Red-wattled Lapwing; River Tern; Spotted Flycatcher; Variable Wheatear; White-eared Bulbul; Yellow-throated Sparrow","n_species":23,"focal_species_seen":"European Roller; Spotted Flycatcher","focal_species_slugs":"european-roller;spotted-flycatcher","has_focal":true,"GRID_CODE":"GJ-KU-BHU-022","DISTRICT":"Kachchh","BLOCK":"Bhuj"},"geometry":{"type":"Point","coordinates":[69.8257689,23.7772975]}},{"type":"Feature","properties":{"GROUP.ID":"G15590080","LOCALITY":"T49 G4","LATITUDE":23.5067763,"LONGITUDE":68.6881773,"OBSERVATION.DATE":"2025-09-20","OBSERVER.ID":"obsr369333","DURATION.MINUTES":50.0,"SAMPLING.EVENT.IDENTIFIER":"S274343104","species_list":"Ashy-crowned Sparrow-Lark; Asian Green Bee-eater; Bay-backed Shrike; Baya Weaver; Black-winged Kite; Black Drongo; Blue-cheeked Bee-eater; Common Babbler; Common Hoopoe; Eastern Cattle-Egret; Eastern Red-rumped Swallow; Eurasian Collared-Dove; European Roller; Glossy Ibis; Great Gray Shrike; House Crow; House Sparrow; Indian Roller; Laughing Dove; Paddyfield Pipit; Red-naped Ibis; Red-vented Bulbul; Red-wattled Lapwing; Red Collared-Dove; Rosy Starling; Rufous-tailed Scrub-Robin; Siberian Stonechat; White-throated Kingfisher; Yellow-wattled Lapwing","n_species":29,"focal_species_seen":"Blue-cheeked Bee-eater; European Roller; Rufous-tailed Scrub-Robin","focal_species_slugs":"blue-cheeked-bee-eater;european-roller;rufous-tailed-scrub-robin","has_focal":true,"GRID_CODE":"GJ-KU-LAK-067","DISTRICT":"Kachchh","BLOCK":"Lakhpat"},"geometry":{"type":"Point","coordinates":[68.6881773,23.5067763]}},{"type":"Feature","properties":{"GROUP.ID":"G15589824","LOCALITY":"T10G1","LATITUDE":22.9149722,"LONGITUDE":69.9856381,"OBSERVATION.DATE":"2025-09-20","OBSERVER.ID":"obsr3339457","DURATION.MINUTES":50.0,"SAMPLING.EVENT.IDENTIFIER":"S274343408","species_list":"Asian Green Bee-eater; Bar-tailed Godwit; Barn Swallow; Bay-backed Shrike; Black-headed Ibis; Black-winged Stilt; Black Drongo; Brahminy Starling; Broad-billed Sandpiper; Common Kingfisher; Common Myna; Common Redshank; Common Sandpiper; Crested Lark; Eastern Cattle-Egret; Eastern Red-rumped Swallow; Eurasian Collared-Dove; Eurasian Kestrel; Eurasian Spoonbill; European Roller; Gray-breasted Prinia; Gray Heron; Great Egret; Greater Coucal; Greater Sand-Plover; Indian Cormorant; Indian Pond-Heron; Indian Roller; Isabelline Shrike; Jungle Prinia; Laughing Dove; Lesser Flamingo; Little Cormorant; Little Egret; Little Tern; Long-tailed Shrike; Marsh Sandpiper; Oriental Darter; Painted Stork; Pied Avocet; Purple Heron; Purple Sunbird; Red-naped Ibis; Red-vented Bulbul; River Tern; Ruff; Sand Lark; Spotted Flycatcher; Streak-throated Swallow; Tawny Lark; Tibetan Sand-Plover; Tree Pipit; Western Marsh Harrier; Western Reef-Heron; Whiskered Tern; White-throated Kingfisher; Wood Sandpiper; Zitting Cisticola","n_species":58,"focal_species_seen":"European Roller; Spotted Flycatcher","focal_species_slugs":"european-roller;spotted-flycatcher","has_focal":true,"GRID_CODE":"GJ-KU-ANJ-043","DISTRICT":"Kachchh","BLOCK":"Anjar"},"geometry":{"type":"Point","coordinates":[69.9856381,22.9149722]}},{"type":"Feature","properties":{"GROUP.ID":"G15589643","LOCALITY":"T33 G2","LATITUDE":22.9641983,"LONGITUDE":69.2789533,"OBSERVATION.DATE":"2025-09-20","OBSERVER.ID":"obsr644177","DURATION.MINUTES":67.0,"SAMPLING.EVENT.IDENTIFIER":"S274343618","species_list":"Asian Green Bee-eater; Asian Koel; Baya Weaver; Common Tailorbird; Eastern Cattle-Egret; Eurasian Collared-Dove; Gray-breasted Prinia; Gray Francolin; House Sparrow; Indian Cormorant; Indian Silverbill; Laughing Dove; Lesser Whitethroat; Little Cormorant; Oriental Darter; Oriental Honey-buzzard; Pied Kingfisher; Plain Prinia; Purple Sunbird; Red-vented Bulbul; Red-wattled Lapwing; River Tern; Rosy Starling; Siberian Stonechat; Spotted Flycatcher; Tree Pipit; Western Marsh Harrier; White-breasted Waterhen; White-eared Bulbul; White-tailed Iora; White-throated Kingfisher","n_species":31,"focal_species_seen":"Spotted Flycatcher","focal_species_slugs":"spotted-flycatcher","has_focal":true,"GRID_CODE":"GJ-KU-MAN-021","DISTRICT":"Kachchh","BLOCK":"Mandvi"},"geometry":{"type":"Point","coordinates":[69.2789533,22.9641983]}},{"type":"Feature","properties":{"GROUP.ID":"G15589834","LOCALITY":"T13G4 Anandsar-Kuvathada Road","LATITUDE":23.251249,"LONGITUDE":69.43914,"OBSERVATION.DATE":"2025-09-20","OBSERVER.ID":"obsr4809686","DURATION.MINUTES":45.0,"SAMPLING.EVENT.IDENTIFIER":"S274343832","species_list":"Ashy-crowned Sparrow-Lark; Asian Green Bee-eater; Asian Koel; Baya Weaver; Black-headed Ibis; Booted Eagle; Common Babbler; Common Hoopoe; Common Kingfisher; Common Tailorbird; Eastern Cattle-Egret; Eastern Red-rumped Swallow; Eurasian Collared-Dove; Eurasian Wryneck; European Roller; Glossy Ibis; Gray-breasted Prinia; Gray-necked Bunting; Greater Whitethroat; Green Sandpiper; House Sparrow; Indian Bushlark; Indian Pond-Heron; Indian Robin; Jungle Prinia; Laughing Dove; Lesser Whistling-Duck; Lesser Whitethroat; Little Cormorant; Little Egret; Long-tailed Shrike; Oriental Darter; Pied Cuckoo; Purple Sunbird; Red-naped Ibis; Red-vented Bulbul; Red Collared-Dove; Rosy Starling; Siberian Stonechat; Spotted Flycatcher; Sykes's Warbler; White-eared Bulbul; White-throated Kingfisher; Yellow-crowned Woodpecker","n_species":44,"focal_species_seen":"European Roller; Greater Whitethroat; Spotted Flycatcher","focal_species_slugs":"european-roller;greater-whitethroat;spotted-flycatcher","has_focal":true,"GRID_CODE":"GJ-KU-BHU-130","DISTRICT":"Kachchh","BLOCK":"Bhuj"},"geometry":{"type":"Point","coordinates":[69.43914,23.251249]}},{"type":"Feature","properties":{"GROUP.ID":"G15598515","LOCALITY":"T26G2, Kharoi Road, Kachchh, Gujarat, IN (23.437, 70.341)","LATITUDE":23.4365639,"LONGITUDE":70.3407678,"OBSERVATION.DATE":"2025-09-20","OBSERVER.ID":"obsr664433","DURATION.MINUTES":60.0,"SAMPLING.EVENT.IDENTIFIER":"S274345615","species_list":"Ashy-crowned Sparrow-Lark; Baya Weaver; Common Babbler; Common Tailorbird; Eastern Cattle-Egret; Eurasian Collared-Dove; European Roller; Glossy Ibis; House Sparrow; Indian Peafowl; Indian Robin; Indian Silverbill; Jungle Prinia; Laughing Dove; Little Egret; Pied Kingfisher; Plain Prinia; Purple Sunbird; Red-vented Bulbul; Red-wattled Lapwing; River Tern; Rosy Starling; Rufous-tailed Lark; Streak-throated Swallow; Western Yellow Wagtail; White-eared Bulbul","n_species":26,"focal_species_seen":"European Roller","focal_species_slugs":"european-roller","has_focal":true,"GRID_CODE":"GJ-KU-BHA-024","DISTRICT":"Kachchh","BLOCK":"Bhachau"},"geometry":{"type":"Point","coordinates":[70.3407678,23.4365639]}},{"type":"Feature","properties":{"GROUP.ID":"G15593477","LOCALITY":"T2G2 - Unnamed Road, Kachchh, Gujarat, IN (23.248, 69.758)","LATITUDE":23.2479587,"LONGITUDE":69.758215,"OBSERVATION.DATE":"2025-09-20","OBSERVER.ID":"obsr457325","DURATION.MINUTES":56.0,"SAMPLING.EVENT.IDENTIFIER":"S274345793","species_list":"Ashy-crowned Sparrow-Lark; Asian Green Bee-eater; Baya Weaver; Common Babbler; Common Sandpiper; Eurasian Collared-Dove; Eurasian Moorhen; Great Gray Shrike; Indian Silverbill; Kentish Plover; Little Cormorant; Little Egret; Little Grebe; Long-tailed Shrike; Marsh Sandpiper; Purple Sunbird; Red-naped Ibis; Red-wattled Lapwing; River Tern; Western Marsh Harrier; White-breasted Waterhen; Wire-tailed Swallow","n_species":22,"focal_species_seen":"","focal_species_slugs":"","has_focal":false,"GRID_CODE":"GJ-KU-BHU-137","DISTRICT":"Kachchh","BLOCK":"Bhuj"},"geometry":{"type":"Point","coordinates":[69.758215,23.2479587]}},{"type":"Feature","properties":{"GROUP.ID":"G15598517","LOCALITY":"T26G4, Kharoi - Kakarva - Ramvav Road, Kachchh, Gujarat, IN (23.473, 70.404)","LATITUDE":23.4731944,"LONGITUDE":70.4039663,"OBSERVATION.DATE":"2025-09-20","OBSERVER.ID":"obsr664433","DURATION.MINUTES":55.0,"SAMPLING.EVENT.IDENTIFIER":"S274345947","species_list":"Ashy-crowned Sparrow-Lark; Asian Green Bee-eater; Baya Weaver; Common Babbler; Common Tailorbird; Eastern Red-rumped Swallow; Eurasian Collared-Dove; European Roller; Gray-breasted Prinia; Gray Francolin; Greater Coucal; House Sparrow; Indian Peafowl; Indian Silverbill; Jungle Prinia; Laughing Dove; Long-tailed Shrike; Pied Cuckoo; Plain Prinia; Red-naped Ibis; Red-vented Bulbul; Red-wattled Lapwing; Shikra; Variable Wheatear; White-eared Bulbul; White-throated Kingfisher; Wire-tailed Swallow; Yellow-throated Sparrow","n_species":28,"focal_species_seen":"European Roller","focal_species_slugs":"european-roller","has_focal":true,"GRID_CODE":"GJ-KU-BHA-019","DISTRICT":"Kachchh","BLOCK":"Bhachau"},"geometry":{"type":"Point","coordinates":[70.4039663,23.4731944]}},{"type":"Feature","properties":{"GROUP.ID":"G15592924","LOCALITY":"T9G5, Layja Mota, Gujarat, IN (22.961, 69.138)","LATITUDE":22.9613354,"LONGITUDE":69.1382899,"OBSERVATION.DATE":"2025-09-20","OBSERVER.ID":"obsr685324","DURATION.MINUTES":43.0,"SAMPLING.EVENT.IDENTIFIER":"S274346628","species_list":"Baya Weaver; Black Drongo; Common Kingfisher; Isabelline Shrike; Plain Prinia; Rosy Starling; Siberian Stonechat; Variable Wheatear; White-throated Kingfisher","n_species":9,"focal_species_seen":"","focal_species_slugs":"","has_focal":false,"GRID_CODE":"GJ-KU-MAN-018","DISTRICT":"Kachchh","BLOCK":"Mandvi"},"geometry":{"type":"Point","coordinates":[69.1382899,22.9613354]}},{"type":"Feature","properties":{"GROUP.ID":"G15589729","LOCALITY":"T38, G2","LATITUDE":23.1614658,"LONGITUDE":69.1697498,"OBSERVATION.DATE":"2025-09-20","OBSERVER.ID":"obsr2918435","DURATION.MINUTES":72.0,"SAMPLING.EVENT.IDENTIFIER":"S274347043","species_list":"Ashy-crowned Sparrow-Lark; Asian Green Bee-eater; Asian Koel; Barred Buttonquail; Bay-backed Shrike; Black-winged Kite; Black Drongo; Black Francolin; Brahminy Starling; Common Babbler; Common Cuckoo; Common Hoopoe; Common Tailorbird; Eastern Cattle-Egret; Eurasian Collared-Dove; European Roller; Glossy Ibis; Gray-breasted Prinia; Gray Francolin; House Sparrow; Indian Bushlark; Indian Peafowl; Indian Pond-Heron; Indian Robin; Indian Silverbill; Laughing Dove; Little Cormorant; Long-tailed Shrike; Oriental Honey-buzzard; Pied Cuckoo; Pied Kingfisher; Plain Prinia; Red-backed Shrike; Red-vented Bulbul; Red-wattled Lapwing; Red Collared-Dove; River Tern; Rosy Starling; Rufous-fronted Prinia; Siberian Stonechat; Sirkeer Malkoha; Small Minivet; Spotted Flycatcher; Streaked Weaver; Tawny Pipit; White-browed Bushchat; White-eared Bulbul; White-throated Kingfisher","n_species":48,"focal_species_seen":"Common Cuckoo; European Roller; Red-backed Shrike; Spotted Flycatcher","focal_species_slugs":"common-cuckoo;european-roller;red-backed-shrike;spotted-flycatcher","has_focal":true,"GRID_CODE":"GJ-KU-ABD-067","DISTRICT":"Kachchh","BLOCK":"Abdasa"},"geometry":{"type":"Point","coordinates":[69.1697498,23.1614658]}},{"type":"Feature","properties":{"GROUP.ID":"G15592882","LOCALITY":"T-20 G-2 Rapar Frh (23.508, 70.89)","LATITUDE":23.5080809,"LONGITUDE":70.8896039,"OBSERVATION.DATE":"2025-09-20","OBSERVER.ID":"obsr2911771","DURATION.MINUTES":48.0,"SAMPLING.EVENT.IDENTIFIER":"S274348726","species_list":"Ashy-crowned Sparrow-Lark; Baya Weaver; Black-winged Kite; Black Kite; Chestnut-bellied Sandgrouse; Common Babbler; Delicate Prinia; Eurasian Collared-Dove; European Roller; Gray Francolin; Green Sandpiper; Indian Peafowl; Indian Silverbill; Laughing Dove; Paddyfield Pipit; Purple Sunbird; Red-vented Bulbul; Red-wattled Lapwing; Rufous-fronted Prinia; Siberian Stonechat; Tawny Pipit; Variable Wheatear; Whiskered Tern; White-eared Bulbul","n_species":24,"focal_species_seen":"European Roller","focal_species_slugs":"european-roller","has_focal":true,"GRID_CODE":"GJ-KU-RAP-079","DISTRICT":"Kachchh","BLOCK":"Rapar"},"geometry":{"type":"Point","coordinates":[70.8896039,23.5080809]}},{"type":"Feature","properties":{"GROUP.ID":"G15589811","LOCALITY":"Team-50 Grid-4","LATITUDE":23.614367,"LONGITUDE":68.520337,"OBSERVATION.DATE":"2025-09-20","OBSERVER.ID":"obsr753720","DURATION.MINUTES":46.0,"SAMPLING.EVENT.IDENTIFIER":"S274349268","species_list":"Asian Green Bee-eater; Asian Koel; Barn Swallow; Bay-backed Shrike; Baya Weaver; Black-crowned Night Heron; Booted Eagle; Common Babbler; Common Hoopoe; Common Kingfisher; Common Tailorbird; Eastern Cattle-Egret; Eurasian Collared-Dove; European Roller; Gray-breasted Prinia; Gray Francolin; Great Cormorant; House Sparrow; Indian Peafowl; Indian Robin; Indian Silverbill; Little Heron; Long-tailed Shrike; Painted Stork; Plain Prinia; Purple Sunbird; Red-vented Bulbul; Red-wattled Lapwing; Red Collared-Dove; Rosy Starling; Spotted Flycatcher; White-tailed Iora; White-throated Kingfisher; Wire-tailed Swallow","n_species":34,"focal_species_seen":"European Roller; Spotted Flycatcher","focal_species_slugs":"european-roller;spotted-flycatcher","has_focal":true,"GRID_CODE":"GJ-KU-LAK-031","DISTRICT":"Kachchh","BLOCK":"Lakhpat"},"geometry":{"type":"Point","coordinates":[68.520337,23.614367]}},{"type":"Feature","properties":{"GROUP.ID":"G15591083","LOCALITY":"T22G2_Gagodar","LATITUDE":23.4213494,"LONGITUDE":70.8282997,"OBSERVATION.DATE":"2025-09-20","OBSERVER.ID":"obsr3084861","DURATION.MINUTES":82.0,"SAMPLING.EVENT.IDENTIFIER":"S274350444","species_list":"Ashy-crowned Sparrow-Lark; Baya Weaver; Common Babbler; Common Tailorbird; Eastern Cattle-Egret; European Roller; Gray-breasted Prinia; Gray Francolin; Indian Peafowl; Laughing Dove; Little Ringed Plover; Medium Egret; Plain Prinia; Purple Heron; Purple Sunbird; Red-vented Bulbul; Red-wattled Lapwing; Rufous-fronted Prinia; Siberian Stonechat; Spotted Flycatcher; White-eared Bulbul; Wire-tailed Swallow","n_species":22,"focal_species_seen":"European Roller; Spotted Flycatcher","focal_species_slugs":"european-roller;spotted-flycatcher","has_focal":true,"GRID_CODE":"GJ-KU-RAP-088","DISTRICT":"Kachchh","BLOCK":"Rapar"},"geometry":{"type":"Point","coordinates":[70.8282997,23.4213494]}},{"type":"Feature","properties":{"GROUP.ID":"G15598098","LOCALITY":"T29G4","LATITUDE":23.97959,"LONGITUDE":69.779969,"OBSERVATION.DATE":"2025-09-20","OBSERVER.ID":"obsr2395706","DURATION.MINUTES":62.0,"SAMPLING.EVENT.IDENTIFIER":"S274351851","species_list":"Ashy-crowned Sparrow-Lark; Asian Green Bee-eater; Black-winged Stilt; Black Drongo; Blue-cheeked Bee-eater; Chestnut-bellied Sandgrouse; Common Babbler; Common Greenshank; Common Hoopoe; Common Sandpiper; Common Tailorbird; Crested Lark; Eurasian Collared-Dove; Eurasian Wryneck; Gray-necked Bunting; Great Gray Shrike; Greater Flamingo; Green Sandpiper; Gull-billed Tern; Indian Silverbill; Laughing Dove; Little Ringed Plover; Long-tailed Shrike; Paddyfield Pipit; Purple Sunbird; Red-vented Bulbul; Red-wattled Lapwing; Red Collared-Dove; Rosy Starling; Rufous-fronted Prinia; Sirkeer Malkoha; Sykes's Warbler; Tawny Pipit; Whiskered Tern; White-eared Bulbul; Wire-tailed Swallow","n_species":36,"focal_species_seen":"Blue-cheeked Bee-eater","focal_species_slugs":"blue-cheeked-bee-eater","has_focal":true,"GRID_CODE":"GJ-KU-RAN-325","DISTRICT":"Kachchh","BLOCK":"Rann of Kachchh"},"geometry":{"type":"Point","coordinates":[69.779969,23.97959]}},{"type":"Feature","properties":{"GROUP.ID":"G15590456","LOCALITY":"NH 27, Kachchh IN-Gujarat 23.60974, 71.03856","LATITUDE":23.609736,"LONGITUDE":71.03856,"OBSERVATION.DATE":"2025-09-20","OBSERVER.ID":"obsr1586010","DURATION.MINUTES":48.0,"SAMPLING.EVENT.IDENTIFIER":"S274352026","species_list":"Ashy-crowned Sparrow-Lark; Asian Green Bee-eater; Black-winged Stilt; Common Babbler; Common Hoopoe; Eastern Cattle-Egret; Eurasian Collared-Dove; Eurasian Kestrel; European Roller; Great Egret; Green Sandpiper; House Crow; House Sparrow; Indian Peafowl; Indian Silverbill; Laughing Dove; Lesser Whitethroat; Little Egret; Medium Egret; Paddyfield Pipit; Plain Prinia; Purple Sunbird; Red-wattled Lapwing; Siberian Stonechat; Zitting Cisticola","n_species":25,"focal_species_seen":"European Roller","focal_species_slugs":"european-roller","has_focal":true,"GRID_CODE":"GJ-KU-LIT-014","DISTRICT":"Kachchh","BLOCK":"Little Rann"},"geometry":{"type":"Point","coordinates":[71.03856,23.609736]}},{"type":"Feature","properties":{"GROUP.ID":"G15590020","LOCALITY":"T6G2","LATITUDE":22.8378076,"LONGITUDE":69.4816773,"OBSERVATION.DATE":"2025-09-20","OBSERVER.ID":"obsr1055226","DURATION.MINUTES":82.0,"SAMPLING.EVENT.IDENTIFIER":"S274352337","species_list":"Ashy-crowned Sparrow-Lark; Asian Green Bee-eater; Barred Buttonquail; Bay-backed Shrike; Black-winged Stilt; Black Drongo; Blyth's Reed Warbler; Brahminy Starling; Common Babbler; Common Hoopoe; Common Myna; Common Tailorbird; Eastern Cattle-Egret; Eastern Red-rumped Swallow; Eurasian Collared-Dove; European Roller; Gray Francolin; Gray Heron; Gray Wagtail; Green Sandpiper; House Sparrow; Indian Bushlark; Indian Robin; Indian Silverbill; Indian Spot-billed Duck; Isabelline Shrike; Laughing Dove; Lesser Whitethroat; Little Egret; Little Swift; Long-tailed Shrike; Medium Egret; Paddyfield Pipit; Painted Stork; Purple Sunbird; Red-naped Ibis; Red-wattled Lapwing; River Tern; Rosy Starling; Rufous-fronted Prinia; Sand Lark; Spotted Flycatcher; Western Marsh Harrier; White-eared Bulbul","n_species":44,"focal_species_seen":"European Roller; Spotted Flycatcher","focal_species_slugs":"european-roller;spotted-flycatcher","has_focal":true,"GRID_CODE":"GJ-KU-MAN-051","DISTRICT":"Kachchh","BLOCK":"Mandvi"},"geometry":{"type":"Point","coordinates":[69.4816773,22.8378076]}},{"type":"Feature","properties":{"GROUP.ID":"G15590556","LOCALITY":"T18G1 - Unnamed Road, Kachchh, Gujarat, IN (23.681, 70.657)","LATITUDE":23.6812318,"LONGITUDE":70.6566829,"OBSERVATION.DATE":"2025-09-20","OBSERVER.ID":"obsr3392004","DURATION.MINUTES":73.0,"SAMPLING.EVENT.IDENTIFIER":"S274353747","species_list":"Ashy-crowned Sparrow-Lark; Asian Green Bee-eater; Barn Swallow; Bay-backed Shrike; Baya Weaver; Common Babbler; Common Hoopoe; Common Sandpiper; Eastern Cattle-Egret; Gray Francolin; Indian Courser; Indian Pond-Heron; Indian Robin; Indian Silverbill; Laughing Dove; Little Cormorant; Long-tailed Shrike; Medium Egret; Red-vented Bulbul; Red-wattled Lapwing; Shikra; Siberian Stonechat; Variable Wheatear; Wire-tailed Swallow; Yellow-throated Sparrow","n_species":25,"focal_species_seen":"","focal_species_slugs":"","has_focal":false,"GRID_CODE":"GJ-KU-RAP-031","DISTRICT":"Kachchh","BLOCK":"Rapar"},"geometry":{"type":"Point","coordinates":[70.6566829,23.6812318]}},{"type":"Feature","properties":{"GROUP.ID":"G15590009","LOCALITY":"Team 17 Grid 1 NH 754A, Kachchh IN-Gujarat 23.86042, 70.81265","LATITUDE":23.860422,"LONGITUDE":70.812648,"OBSERVATION.DATE":"2025-09-20","OBSERVER.ID":"obsr568923","DURATION.MINUTES":80.0,"SAMPLING.EVENT.IDENTIFIER":"S274357282","species_list":"Ashy-crowned Sparrow-Lark; Asian Green Bee-eater; Barred Buttonquail; Black-winged Stilt; Blue-cheeked Bee-eater; Common Babbler; Common Hoopoe; Common Tailorbird; Crested Lark; Eastern Cattle-Egret; Eurasian Collared-Dove; European Roller; Greater Flamingo; House Sparrow; Indian Peafowl; Indian Robin; Indian Silverbill; Isabelline Wheatear; Laughing Dove; Lesser Whistling-Duck; Lesser Whitethroat; Little Egret; Long-tailed Shrike; Plain Prinia; Purple Sunbird; Red-vented Bulbul; Red-wattled Lapwing; River Tern; Siberian Stonechat; Spotted Flycatcher; White-eared Bulbul; White-throated Kingfisher; Wire-tailed Swallow; Yellow-throated Sparrow","n_species":34,"focal_species_seen":"Blue-cheeked Bee-eater; European Roller; Spotted Flycatcher","focal_species_slugs":"blue-cheeked-bee-eater;european-roller;spotted-flycatcher","has_focal":true,"GRID_CODE":"GJ-KU-RAP-008","DISTRICT":"Kachchh","BLOCK":"Rapar"},"geometry":{"type":"Point","coordinates":[70.812648,23.860422]}},{"type":"Feature","properties":{"GROUP.ID":"G15590399","LOCALITY":"T34G2, Meva Dungar, Jadodar, Kachchh, Gujarat, IN (23.376, 69.177)","LATITUDE":23.375605,"LONGITUDE":69.1767083,"OBSERVATION.DATE":"2025-09-20","OBSERVER.ID":"obsr604291","DURATION.MINUTES":63.0,"SAMPLING.EVENT.IDENTIFIER":"S274370824","species_list":"Asian Green Bee-eater; Baya Weaver; Black Drongo; Common Babbler; Common Kingfisher; Common Tailorbird; Common Woodshrike; Eastern Cattle-Egret; Eurasian Collared-Dove; Eurasian Kestrel; Eurasian Spoonbill; Gray-breasted Prinia; Greater Coucal; Greater Whitethroat; Green Sandpiper; Indian Peafowl; Indian Robin; Jungle Prinia; Laughing Dove; Pied Cuckoo; Plain Prinia; Purple Sunbird; Red-vented Bulbul; Red-wattled Lapwing; Rose-ringed Parakeet; Rosy Starling; Spotted Flycatcher; Western Yellow Wagtail; White-eared Bulbul; White-naped Tit; White-tailed Iora; White-throated Kingfisher; Yellow-crowned Woodpecker","n_species":33,"focal_species_seen":"Greater Whitethroat; Spotted Flycatcher","focal_species_slugs":"greater-whitethroat;spotted-flycatcher","has_focal":true,"GRID_CODE":"GJ-KU-NAK-043","DISTRICT":"Kachchh","BLOCK":"Nakhatrana"},"geometry":{"type":"Point","coordinates":[69.1767083,23.375605]}},{"type":"Feature","properties":{"GROUP.ID":"G15597955","LOCALITY":"T31G1","LATITUDE":23.7412993,"LONGITUDE":69.3939409,"OBSERVATION.DATE":"2025-09-20","OBSERVER.ID":"obsr2061595","DURATION.MINUTES":46.0,"SAMPLING.EVENT.IDENTIFIER":"S274372904","species_list":"Asian Green Bee-eater; Barn Swallow; Blue-cheeked Bee-eater; Blyth's Reed Warbler; Common Babbler; Common Hoopoe; Common Tailorbird; Delicate Prinia; Eastern Cattle-Egret; Eastern Red-rumped Swallow; Eurasian Collared-Dove; Eurasian Wryneck; European Roller; Garganey; Greater Short-toed Lark; Greater Whitethroat; Green Sandpiper; House Crow; Indian Silverbill; Isabelline Shrike; Laughing Dove; Lesser Whitethroat; Purple Sunbird; Red-vented Bulbul; Red-wattled Lapwing; Rufous-fronted Prinia; Shikra; Sykes's Warbler; White-eared Bulbul; Wire-tailed Swallow; Zitting Cisticola","n_species":31,"focal_species_seen":"Blue-cheeked Bee-eater; European Roller; Greater Whitethroat","focal_species_slugs":"blue-cheeked-bee-eater;european-roller;greater-whitethroat","has_focal":true,"GRID_CODE":"GJ-KU-BHU-028","DISTRICT":"Kachchh","BLOCK":"Bhuj"},"geometry":{"type":"Point","coordinates":[69.3939409,23.7412993]}},{"type":"Feature","properties":{"GROUP.ID":"G15597952","LOCALITY":"T31G4","LATITUDE":23.7634799,"LONGITUDE":69.4236672,"OBSERVATION.DATE":"2025-09-20","OBSERVER.ID":"obsr2061595","DURATION.MINUTES":47.0,"SAMPLING.EVENT.IDENTIFIER":"S274373207","species_list":"Asian Green Bee-eater; Barn Swallow; Bay-backed Shrike; Blue-cheeked Bee-eater; Brown-headed Gull; Citrine Wagtail; Common Babbler; Crested Lark; Delicate Prinia; European Roller; Greater Short-toed Lark; Green Sandpiper; Gull-billed Tern; Indian Spot-billed Duck; Lesser Whitethroat; Montagu's Harrier; Pied Cuckoo; Red-tailed Shrike; Red-vented Bulbul; Red-wattled Lapwing; Rosy Starling; Rufous-fronted Prinia; Rufous-tailed Scrub-Robin; Tibetan Sand-Plover; Western Marsh Harrier; Whiskered Tern; White-eared Bulbul; White-throated Kingfisher","n_species":28,"focal_species_seen":"Blue-cheeked Bee-eater; European Roller; Red-tailed Shrike; Rufous-tailed Scrub-Robin","focal_species_slugs":"blue-cheeked-bee-eater;european-roller;red-tailed-shrike;rufous-tailed-scrub-robin","has_focal":true,"GRID_CODE":"GJ-KU-BHU-017","DISTRICT":"Kachchh","BLOCK":"Bhuj"},"geometry":{"type":"Point","coordinates":[69.4236672,23.7634799]}},{"type":"Feature","properties":{"GROUP.ID":"G15590268","LOCALITY":"T41G4  Ambara, Gujarat, IN (23.561, 69.143)","LATITUDE":23.5613596,"LONGITUDE":69.1427566,"OBSERVATION.DATE":"2025-09-20","OBSERVER.ID":"obsr1332746","DURATION.MINUTES":74.0,"SAMPLING.EVENT.IDENTIFIER":"S274376363","species_list":"Asian Green Bee-eater; Common Babbler; Common Hoopoe; Common Tailorbird; Common Woodshrike; Eurasian Collared-Dove; European Roller; Gray-breasted Prinia; Great Gray Shrike; House Sparrow; Indian Silverbill; Jungle Prinia; Laughing Dove; Paddyfield Pipit; Pallid Harrier; Purple Sunbird; Red-backed Shrike; Red-tailed Shrike; Red-vented Bulbul; Red Collared-Dove; Rosy Starling; Rufous-fronted Prinia; Spotted Flycatcher; White-eared Bulbul; White-tailed Iora; Yellow-throated Sparrow","n_species":26,"focal_species_seen":"European Roller; Red-backed Shrike; Red-tailed Shrike; Spotted Flycatcher","focal_species_slugs":"european-roller;red-backed-shrike;red-tailed-shrike;spotted-flycatcher","has_focal":true,"GRID_CODE":"GJ-KU-NAK-005","DISTRICT":"Kachchh","BLOCK":"Nakhatrana"},"geometry":{"type":"Point","coordinates":[69.1427566,23.5613596]}},{"type":"Feature","properties":{"GROUP.ID":"G15590285","LOCALITY":"T41G3 Ambara, Gujarat, IN (23.532, 69.094)","LATITUDE":23.5324226,"LONGITUDE":69.0938165,"OBSERVATION.DATE":"2025-09-20","OBSERVER.ID":"obsr1332746","DURATION.MINUTES":48.0,"SAMPLING.EVENT.IDENTIFIER":"S274376800","species_list":"Ashy-crowned Sparrow-Lark; Asian Green Bee-eater; Baya Weaver; Black Drongo; Brahminy Starling; Common Babbler; Common Hoopoe; Common Kingfisher; Dusky Crag-Martin; Eastern Red-rumped Swallow; Eurasian Collared-Dove; Eurasian Spoonbill; Gray-breasted Prinia; Gray Francolin; Gray Heron; Green Sandpiper; House Sparrow; Indian Robin; Indian Spot-billed Duck; Knob-billed Duck; Laughing Dove; Lesser Whistling-Duck; Little Egret; Paddyfield Pipit; Purple Sunbird; Red-vented Bulbul; Rufous-fronted Prinia; Spotted Flycatcher; Variable Wheatear; White-eared Bulbul; White-throated Kingfisher; Wire-tailed Swallow; Yellow-throated Sparrow; Zitting Cisticola","n_species":34,"focal_species_seen":"Spotted Flycatcher","focal_species_slugs":"spotted-flycatcher","has_focal":true,"GRID_CODE":"GJ-KU-NAK-010","DISTRICT":"Kachchh","BLOCK":"Nakhatrana"},"geometry":{"type":"Point","coordinates":[69.0938165,23.5324226]}},{"type":"Feature","properties":{"GROUP.ID":"G15596705","LOCALITY":"PMC-T4G3, Dahisara-Chundi Road, Kachchh, Gujarat, IN (23.071, 69.534)","LATITUDE":23.0707549,"LONGITUDE":69.5339332,"OBSERVATION.DATE":"2025-09-20","OBSERVER.ID":"obsr1419186","DURATION.MINUTES":68.0,"SAMPLING.EVENT.IDENTIFIER":"S274382542","species_list":"Ashy-crowned Sparrow-Lark; Asian Green Bee-eater; Black Drongo; Common Babbler; Eurasian Wryneck; Gray Francolin; Jungle Prinia; Purple Sunbird; Red-vented Bulbul; Spotted Flycatcher","n_species":10,"focal_species_seen":"Spotted Flycatcher","focal_species_slugs":"spotted-flycatcher","has_focal":true,"GRID_CODE":"GJ-KU-BHU-161","DISTRICT":"Kachchh","BLOCK":"Bhuj"},"geometry":{"type":"Point","coordinates":[69.5339332,23.0707549]}},{"type":"Feature","properties":{"GROUP.ID":"G15612642","LOCALITY":"T44G1","LATITUDE":23.679501,"LONGITUDE":68.678516,"OBSERVATION.DATE":"2025-09-20","OBSERVER.ID":"obsr1777443","DURATION.MINUTES":36.0,"SAMPLING.EVENT.IDENTIFIER":"S274385230","species_list":"Baya Weaver; Black Drongo; Black Francolin; Brahminy Starling; Caspian Tern; Common Babbler; Common Hoopoe; Common Sandpiper; Eastern Cattle-Egret; Eurasian Collared-Dove; Eurasian Coot; Eurasian Spoonbill; European Roller; Glossy Ibis; Gray-breasted Prinia; Gray Francolin; Indian Robin; Laughing Dove; Little Cormorant; Little Egret; Little Grebe; Long-tailed Shrike; Pied Cuckoo; Purple Sunbird; Red-backed Shrike; Red-vented Bulbul; Red-wattled Lapwing; Rosy Starling; Rufous-tailed Lark; Whiskered Tern; White-throated Kingfisher","n_species":31,"focal_species_seen":"European Roller; Red-backed Shrike","focal_species_slugs":"european-roller;red-backed-shrike","has_focal":true,"GRID_CODE":"GJ-KU-LAK-020","DISTRICT":"Kachchh","BLOCK":"Lakhpat"},"geometry":{"type":"Point","coordinates":[68.678516,23.679501]}},{"type":"Feature","properties":{"GROUP.ID":"G15591440","LOCALITY":"T44G3","LATITUDE":23.73279,"LONGITUDE":68.761296,"OBSERVATION.DATE":"2025-09-20","OBSERVER.ID":"obsr1777443","DURATION.MINUTES":61.0,"SAMPLING.EVENT.IDENTIFIER":"S274385377","species_list":"Ashy-crowned Sparrow-Lark; Asian Green Bee-eater; Bay-backed Shrike; Baya Weaver; Black-headed Ibis; Black Drongo; Common Babbler; Common Cuckoo; Common Hoopoe; Common Tailorbird; Eastern Cattle-Egret; Eastern Orphean Warbler; Eastern Red-rumped Swallow; European Roller; Gray-breasted Prinia; Gray-necked Bunting; Gray Francolin; Green Warbler; Indian Peafowl; Indian Robin; Jungle Prinia; Laughing Dove; Lesser Whitethroat; Little Cormorant; Osprey; Paddyfield Pipit; Purple Sunbird; Red-backed Shrike; Red-vented Bulbul; Red-wattled Lapwing; River Tern; Rosy Starling; Rufous-fronted Prinia; Rufous-tailed Scrub-Robin; Siberian Stonechat; Spotted Flycatcher; Tawny Pipit; White-eared Bulbul; White-tailed Iora; Yellow-eyed Babbler","n_species":40,"focal_species_seen":"Common Cuckoo; European Roller; Red-backed Shrike; Rufous-tailed Scrub-Robin; Spotted Flycatcher","focal_species_slugs":"common-cuckoo;european-roller;red-backed-shrike;rufous-tailed-scrub-robin;spotted-flycatcher","has_focal":true,"GRID_CODE":"GJ-KU-LAK-012","DISTRICT":"Kachchh","BLOCK":"Lakhpat"},"geometry":{"type":"Point","coordinates":[68.761296,23.73279]}},{"type":"Feature","properties":{"GROUP.ID":"G15590536","LOCALITY":"T21G3","LATITUDE":23.5886296,"LONGITUDE":70.5727842,"OBSERVATION.DATE":"2025-09-20","OBSERVER.ID":"obsr6143379","DURATION.MINUTES":59.0,"SAMPLING.EVENT.IDENTIFIER":"S274385828","species_list":"Ashy-crowned Sparrow-Lark; Asian Green Bee-eater; Barn Swallow; Common Babbler; Common Hoopoe; Common Tailorbird; Eurasian Collared-Dove; European Roller; Glossy Ibis; Gray-breasted Prinia; Gray Francolin; Gray Heron; Green Warbler; House Sparrow; Indian Cormorant; Indian Peafowl; Indian Pond-Heron; Indian Robin; Indian Spot-billed Duck; Laughing Dove; Lesser Whitethroat; Little Cormorant; Little Egret; Long-tailed Shrike; Plain Prinia; Purple Sunbird; Red-vented Bulbul; Red-wattled Lapwing; Red Collared-Dove; Rufous-fronted Prinia; White-eared Bulbul; White-throated Kingfisher; Wire-tailed Swallow; Zitting Cisticola","n_species":34,"focal_species_seen":"European Roller","focal_species_slugs":"european-roller","has_focal":true,"GRID_CODE":"GJ-KU-RAP-050","DISTRICT":"Kachchh","BLOCK":"Rapar"},"geometry":{"type":"Point","coordinates":[70.5727842,23.5886296]}},{"type":"Feature","properties":{"GROUP.ID":"G15593476","LOCALITY":"T2G5 - Hirapar, Gujarat, IN (23.279, 69.929)","LATITUDE":23.2786967,"LONGITUDE":69.92919500000001,"OBSERVATION.DATE":"2025-09-20","OBSERVER.ID":"obsr457325","DURATION.MINUTES":52.0,"SAMPLING.EVENT.IDENTIFIER":"S274386433","species_list":"Ashy-crowned Sparrow-Lark; Asian Green Bee-eater; Baya Weaver; Common Babbler; Indian Robin; Indian Silverbill; Red-naped Ibis; Red-vented Bulbul; Red-wattled Lapwing; White-eared Bulbul; White-throated Kingfisher; Zitting Cisticola","n_species":12,"focal_species_seen":"","focal_species_slugs":"","has_focal":false,"GRID_CODE":"GJ-KU-BHU-128","DISTRICT":"Kachchh","BLOCK":"Bhuj"},"geometry":{"type":"Point","coordinates":[69.92919500000001,23.2786967]}},{"type":"Feature","properties":{"GROUP.ID":"G15612638","LOCALITY":"T25G4_PMC2025_Bachchau_FRH Area","LATITUDE":23.2798737,"LONGITUDE":70.3283876,"OBSERVATION.DATE":"2025-09-20","OBSERVER.ID":"obsr4686491","DURATION.MINUTES":51.0,"SAMPLING.EVENT.IDENTIFIER":"S274388251","species_list":"Ashy-crowned Sparrow-Lark; Asian Green Bee-eater; Baya Weaver; Common Babbler; Common Hoopoe; Common Tailorbird; Eastern Red-rumped Swallow; House Sparrow; Indian Bushlark; Indian Robin; Indian Silverbill; Laughing Dove; Little Egret; Plain Prinia; Purple Sunbird; Red-vented Bulbul; Red-wattled Lapwing; Spotted Flycatcher; Tawny Pipit; Variable Wheatear; White-browed Wagtail; Wire-tailed Swallow","n_species":22,"focal_species_seen":"Spotted Flycatcher","focal_species_slugs":"spotted-flycatcher","has_focal":true,"GRID_CODE":"GJ-KU-BHA-053","DISTRICT":"Kachchh","BLOCK":"Bhachau"},"geometry":{"type":"Point","coordinates":[70.3283876,23.2798737]}},{"type":"Feature","properties":{"GROUP.ID":"G15590647","LOCALITY":"T41G1 Valka Mota, Gujarat, IN (23.596, 69.013)","LATITUDE":23.5964035,"LONGITUDE":69.0130664,"OBSERVATION.DATE":"2025-09-20","OBSERVER.ID":"obsr1332746","DURATION.MINUTES":41.0,"SAMPLING.EVENT.IDENTIFIER":"S274392369","species_list":"Asian Green Bee-eater; Bank Myna; Baya Weaver; Black Drongo; Common Babbler; Common Kingfisher; Eastern Red-rumped Swallow; Eurasian Collared-Dove; Eurasian Coot; European Roller; Great Thick-knee; Greater Whitethroat; Green Sandpiper; Indian Pond-Heron; Indian Robin; Indian Spot-billed Duck; Isabelline Shrike; Laughing Dove; Little Egret; Medium Egret; Red-wattled Lapwing; River Tern; Shikra; Sirkeer Malkoha; Temminck's Stint; Tree Pipit; White-tailed Iora; White-throated Kingfisher; Wire-tailed Swallow; Yellow-crowned Woodpecker","n_species":30,"focal_species_seen":"European Roller; Greater Whitethroat","focal_species_slugs":"european-roller;greater-whitethroat","has_focal":true,"GRID_CODE":"GJ-KU-NAK-003","DISTRICT":"Kachchh","BLOCK":"Nakhatrana"},"geometry":{"type":"Point","coordinates":[69.0130664,23.5964035]}},{"type":"Feature","properties":{"GROUP.ID":"G15590698","LOCALITY":"T38, G3","LATITUDE":23.2490485,"LONGITUDE":69.1426981,"OBSERVATION.DATE":"2025-09-20","OBSERVER.ID":"obsr2918435","DURATION.MINUTES":45.0,"SAMPLING.EVENT.IDENTIFIER":"S274392718","species_list":"Ashy-crowned Sparrow-Lark; Barred Buttonquail; Baya Weaver; Black Francolin; Eurasian Kestrel; Gray Francolin; Great Gray Shrike; Indian Peafowl; Indian Robin; Laughing Dove; Lesser Whitethroat; Long-tailed Shrike; Purple Sunbird; Red-backed Shrike; Red-tailed Shrike; Red-vented Bulbul; Red-wattled Lapwing; Rosy Starling; Rufous-tailed Lark; Siberian Stonechat; Spotted Flycatcher; Western Marsh Harrier; White-browed Wagtail; Yellow-wattled Lapwing","n_species":24,"focal_species_seen":"Red-backed Shrike; Red-tailed Shrike; Spotted Flycatcher","focal_species_slugs":"red-backed-shrike;red-tailed-shrike;spotted-flycatcher","has_focal":true,"GRID_CODE":"GJ-KU-ABD-054","DISTRICT":"Kachchh","BLOCK":"Abdasa"},"geometry":{"type":"Point","coordinates":[69.1426981,23.2490485]}},{"type":"Feature","properties":{"GROUP.ID":"G15590717","LOCALITY":"T38, G1","LATITUDE":23.1819058,"LONGITUDE":69.0895274,"OBSERVATION.DATE":"2025-09-20","OBSERVER.ID":"obsr2918435","DURATION.MINUTES":51.0,"SAMPLING.EVENT.IDENTIFIER":"S274393084","species_list":"Baya Weaver; Blue-cheeked Bee-eater; Common Tailorbird; Eurasian Collared-Dove; European Roller; Gray-breasted Prinia; Greater Short-toed Lark; House Crow; Indian Peafowl; Laughing Dove; Pied Cuckoo; Red-backed Shrike; Red-wattled Lapwing; White-tailed Iora; Wire-tailed Swallow","n_species":15,"focal_species_seen":"Blue-cheeked Bee-eater; European Roller; Red-backed Shrike","focal_species_slugs":"blue-cheeked-bee-eater;european-roller;red-backed-shrike","has_focal":true,"GRID_CODE":"GJ-KU-ABD-065","DISTRICT":"Kachchh","BLOCK":"Abdasa"},"geometry":{"type":"Point","coordinates":[69.0895274,23.1819058]}},{"type":"Feature","properties":{"GROUP.ID":"G15592439","LOCALITY":"T13G5 Palar Dhuna Waterfall Trail","LATITUDE":23.262063,"LONGITUDE":69.380675,"OBSERVATION.DATE":"2025-09-20","OBSERVER.ID":"obsr4809686","DURATION.MINUTES":53.0,"SAMPLING.EVENT.IDENTIFIER":"S274393261","species_list":"Asian Green Bee-eater; Baya Weaver; Common Babbler; Common Hoopoe; Common Sandpiper; Common Tailorbird; Common Woodshrike; Great Egret; Green Sandpiper; Indian Pond-Heron; Indian Robin; Indian Silverbill; Laughing Dove; Little Egret; Little Ringed Plover; Purple Sunbird; Red-vented Bulbul; Red-wattled Lapwing; Rosy Starling; Spotted Flycatcher; Streak-throated Swallow; Tawny Pipit; White-breasted Waterhen; White-browed Wagtail; White-eared Bulbul; White-tailed Iora; White-throated Kingfisher","n_species":27,"focal_species_seen":"Spotted Flycatcher","focal_species_slugs":"spotted-flycatcher","has_focal":true,"GRID_CODE":"GJ-KU-NAK-059","DISTRICT":"Kachchh","BLOCK":"Nakhatrana"},"geometry":{"type":"Point","coordinates":[69.380675,23.262063]}},{"type":"Feature","properties":{"GROUP.ID":"G15591088","LOCALITY":"T33 G5","LATITUDE":23.1273733,"LONGITUDE":69.3473033,"OBSERVATION.DATE":"2025-09-20","OBSERVER.ID":"obsr644177","DURATION.MINUTES":77.0,"SAMPLING.EVENT.IDENTIFIER":"S274394910","species_list":"Ashy-crowned Sparrow-Lark; Asian Green Bee-eater; Asian Koel; Baya Weaver; Black-winged Stilt; Black Drongo; Common Babbler; Common Hoopoe; Common Kingfisher; Common Tailorbird; Common Woodshrike; Eastern Cattle-Egret; Eastern Red-rumped Swallow; Eurasian Collared-Dove; Gray-breasted Prinia; Gray-necked Bunting; Gray Francolin; Gray Wagtail; Great Thick-knee; Greater Coucal; Green Sandpiper; Indian Pond-Heron; Indian Robin; Indian Thick-knee; Laughing Dove; Lesser Whistling-Duck; Little Egret; Long-tailed Shrike; Paddyfield Pipit; Pied Kingfisher; Plain Prinia; Red-vented Bulbul; Red-wattled Lapwing; River Tern; Rosy Starling; Spotted Flycatcher; Spotted Owlet; Tree Pipit; Western Marsh Harrier; Western Yellow Wagtail; White-browed Wagtail; White-eared Bulbul; White-throated Kingfisher; Wire-tailed Swallow","n_species":44,"focal_species_seen":"Spotted Flycatcher","focal_species_slugs":"spotted-flycatcher","has_focal":true,"GRID_CODE":"GJ-KU-NAK-068","DISTRICT":"Kachchh","BLOCK":"Nakhatrana"},"geometry":{"type":"Point","coordinates":[69.3473033,23.1273733]}},{"type":"Feature","properties":{"GROUP.ID":"G15591217","LOCALITY":"T11G4","LATITUDE":23.2367298,"LONGITUDE":70.1061059,"OBSERVATION.DATE":"2025-09-20","OBSERVER.ID":"obsr3226404","DURATION.MINUTES":73.0,"SAMPLING.EVENT.IDENTIFIER":"S274396366","species_list":"Ashy-crowned Sparrow-Lark; Asian Green Bee-eater; Bay-backed Shrike; Blue-cheeked Bee-eater; Bonelli's Eagle; Common Babbler; Common Sandpiper; Desert Wheatear; Gray Francolin; Indian Bushlark; Indian Robin; Indian Silverbill; Isabelline Wheatear; Laughing Dove; Lesser Whitethroat; Montagu's Harrier; Pied Kingfisher; Red-vented Bulbul; Red-wattled Lapwing; River Tern; Rosy Starling; Siberian Stonechat; Tawny Pipit; Variable Wheatear; Whiskered Tern; White-eared Bulbul","n_species":26,"focal_species_seen":"Blue-cheeked Bee-eater","focal_species_slugs":"blue-cheeked-bee-eater","has_focal":true,"GRID_CODE":"GJ-KU-ANJ-012","DISTRICT":"Kachchh","BLOCK":"Anjar"},"geometry":{"type":"Point","coordinates":[70.1061059,23.2367298]}},{"type":"Feature","properties":{"GROUP.ID":"G15605911","LOCALITY":"T 45  G-  3 Gaduli, Gujarat, IN (23.694, 68.881)","LATITUDE":23.6941033,"LONGITUDE":68.8809583,"OBSERVATION.DATE":"2025-09-20","OBSERVER.ID":"obsr961478","DURATION.MINUTES":44.0,"SAMPLING.EVENT.IDENTIFIER":"S274400069","species_list":"Ashy-crowned Sparrow-Lark; Asian Green Bee-eater; Baya Weaver; Black Drongo; Chestnut-bellied Sandgrouse; Common Myna; Common Tailorbird; Eurasian Collared-Dove; European Roller; Gray-breasted Prinia; Green Sandpiper; House Sparrow; Indian Bushlark; Indian Robin; Indian Spot-billed Duck; Jungle Prinia; Laughing Dove; Little Egret; Little Grebe; Little Swift; Plain Prinia; Purple Sunbird; Red-vented Bulbul; Rose-ringed Parakeet; Rosy Starling; Spotted Owlet; White-browed Wagtail; Wire-tailed Swallow","n_species":28,"focal_species_seen":"European Roller","focal_species_slugs":"european-roller","has_focal":true,"GRID_CODE":"GJ-KU-LAK-024","DISTRICT":"Kachchh","BLOCK":"Lakhpat"},"geometry":{"type":"Point","coordinates":[68.8809583,23.6941033]}},{"type":"Feature","properties":{"GROUP.ID":"G15597949","LOCALITY":"T31G2","LATITUDE":23.6984394,"LONGITUDE":69.5900832,"OBSERVATION.DATE":"2025-09-20","OBSERVER.ID":"obsr2061595","DURATION.MINUTES":54.0,"SAMPLING.EVENT.IDENTIFIER":"S274401253","species_list":"Ashy-crowned Sparrow-Lark; Asian Green Bee-eater; Bay-backed Shrike; Blue-cheeked Bee-eater; Common Babbler; Common Hoopoe; Delicate Prinia; Eastern Cattle-Egret; European Roller; Greater Short-toed Lark; House Crow; Indian Peafowl; Isabelline Wheatear; Laughing Dove; Lesser Whitethroat; Long-tailed Shrike; Montagu's Harrier; Paddyfield Pipit; Purple Sunbird; Rufous-fronted Prinia; White-eared Bulbul","n_species":21,"focal_species_seen":"Blue-cheeked Bee-eater; European Roller","focal_species_slugs":"blue-cheeked-bee-eater;european-roller","has_focal":true,"GRID_CODE":"GJ-KU-BHU-047","DISTRICT":"Kachchh","BLOCK":"Bhuj"},"geometry":{"type":"Point","coordinates":[69.5900832,23.6984394]}},{"type":"Feature","properties":{"GROUP.ID":"G15592921","LOCALITY":"T9G3, Mandvi - Layja Road, Kachchh, Gujarat, IN (22.866, 69.281)","LATITUDE":22.86576,"LONGITUDE":69.2809442,"OBSERVATION.DATE":"2025-09-20","OBSERVER.ID":"obsr685324","DURATION.MINUTES":32.0,"SAMPLING.EVENT.IDENTIFIER":"S274401887","species_list":"Asian Koel; Bay-backed Shrike; Baya Weaver; Black Drongo; Brahminy Starling; Common Myna; Common Tailorbird; Eastern Cattle-Egret; Eurasian Collared-Dove; House Sparrow; Indian Pond-Heron; Laughing Dove; Little Cormorant; Little Swift; Long-tailed Shrike; Purple Sunbird; Red-naped Ibis; Red-vented Bulbul; Red-wattled Lapwing; Rosy Starling","n_species":20,"focal_species_seen":"","focal_species_slugs":"","has_focal":false,"GRID_CODE":"GJ-KU-MAN-040","DISTRICT":"Kachchh","BLOCK":"Mandvi"},"geometry":{"type":"Point","coordinates":[69.2809442,22.86576]}},{"type":"Feature","properties":{"GROUP.ID":"G15591640","LOCALITY":"Team-50 Grid -5","LATITUDE":23.690856,"LONGITUDE":68.59842,"OBSERVATION.DATE":"2025-09-20","OBSERVER.ID":"obsr753720","DURATION.MINUTES":40.0,"SAMPLING.EVENT.IDENTIFIER":"S274404917","species_list":"Asian Green Bee-eater; Common Babbler; Common Hoopoe; Common Tailorbird; Eurasian Collared-Dove; European Roller; Gray-breasted Prinia; Gray Francolin; Greater Coucal; Indian Peafowl; Indian Robin; Laughing Dove; Long-tailed Shrike; Oriental Honey-buzzard; Purple Sunbird; Red-backed Shrike; Red-vented Bulbul; Red Collared-Dove; White-eared Bulbul; White-tailed Iora","n_species":20,"focal_species_seen":"European Roller; Red-backed Shrike","focal_species_slugs":"european-roller;red-backed-shrike","has_focal":true,"GRID_CODE":"GJ-KU-LAK-018","DISTRICT":"Kachchh","BLOCK":"Lakhpat"},"geometry":{"type":"Point","coordinates":[68.59842,23.690856]}},{"type":"Feature","properties":{"GROUP.ID":"G15596453","LOCALITY":"T5 G1 Chhasara","LATITUDE":22.9739513,"LONGITUDE":69.8200781,"OBSERVATION.DATE":"2025-09-20","OBSERVER.ID":"obsr987794","DURATION.MINUTES":30.0,"SAMPLING.EVENT.IDENTIFIER":"S274407922","species_list":"Ashy-crowned Sparrow-Lark; Common Babbler; Common Tailorbird; Gray Francolin; House Sparrow; Laughing Dove; Lesser Whistling-Duck; Lesser Whitethroat; Red-vented Bulbul; River Tern; Siberian Stonechat; Sirkeer Malkoha; Western Marsh Harrier; Yellow-crowned Woodpecker","n_species":14,"focal_species_seen":"","focal_species_slugs":"","has_focal":false,"GRID_CODE":"GJ-KU-ANJ-037","DISTRICT":"Kachchh","BLOCK":"Anjar"},"geometry":{"type":"Point","coordinates":[69.8200781,22.9739513]}},{"type":"Feature","properties":{"GROUP.ID":"G15598265","LOCALITY":"T44G4","LATITUDE":23.7820373,"LONGITUDE":68.6699634,"OBSERVATION.DATE":"2025-09-20","OBSERVER.ID":"obsr1760253","DURATION.MINUTES":53.0,"SAMPLING.EVENT.IDENTIFIER":"S274408286","species_list":"Asian Green Bee-eater; Asian Koel; Bay-backed Shrike; Black Drongo; Common Babbler; Common Cuckoo; Common Hoopoe; Common Tailorbird; Desert Wheatear; Eastern Red-rumped Swallow; Eurasian Collared-Dove; European Roller; Gray-breasted Prinia; Greater Coucal; Greater Short-toed Lark; House Crow; Isabelline Wheatear; Laughing Dove; Little Cormorant; Pied Cuckoo; Purple Sunbird; Red-vented Bulbul; Red-wattled Lapwing; River Tern; Rose-ringed Parakeet; Rosy Starling; Rufous-fronted Prinia; Tawny Pipit; Variable Wheatear; Western Yellow Wagtail; White-throated Kingfisher; Wire-tailed Swallow; Yellow-wattled Lapwing","n_species":33,"focal_species_seen":"Common Cuckoo; European Roller","focal_species_slugs":"common-cuckoo;european-roller","has_focal":true,"GRID_CODE":"GJ-KU-LAK-003","DISTRICT":"Kachchh","BLOCK":"Lakhpat"},"geometry":{"type":"Point","coordinates":[68.6699634,23.7820373]}},{"type":"Feature","properties":{"GROUP.ID":"G15592437","LOCALITY":"Palar Dhuna Waterfall","LATITUDE":23.270434,"LONGITUDE":69.38651,"OBSERVATION.DATE":"2025-09-20","OBSERVER.ID":"obsr4809686","DURATION.MINUTES":49.0,"SAMPLING.EVENT.IDENTIFIER":"S274409418","species_list":"Asian Green Bee-eater; Black Drongo; Common Kingfisher; Common Tailorbird; Common Woodshrike; Dusky Crag-Martin; Eastern Cattle-Egret; Gray Francolin; Indian Robin; Little Heron; Pied Kingfisher; Purple Sunbird; Red-vented Bulbul; Red-wattled Lapwing; Rose-ringed Parakeet; Spotted Flycatcher; White-browed Wagtail","n_species":17,"focal_species_seen":"Spotted Flycatcher","focal_species_slugs":"spotted-flycatcher","has_focal":true,"GRID_CODE":"GJ-KU-NAK-059","DISTRICT":"Kachchh","BLOCK":"Nakhatrana"},"geometry":{"type":"Point","coordinates":[69.38651,23.270434]}},{"type":"Feature","properties":{"GROUP.ID":"G15597551","LOCALITY":"T18G3 - Rapar - Fatehgadh Road, Kachchh, Gujarat, IN (23.664, 70.776)","LATITUDE":23.664338,"LONGITUDE":70.7764552,"OBSERVATION.DATE":"2025-09-20","OBSERVER.ID":"obsr3392004","DURATION.MINUTES":60.0,"SAMPLING.EVENT.IDENTIFIER":"S274409966","species_list":"Ashy-crowned Sparrow-Lark; Asian Green Bee-eater; Barn Swallow; Black-winged Kite; Common Babbler; Common Kingfisher; Eastern Cattle-Egret; Eurasian Collared-Dove; Eurasian Spoonbill; European Roller; Gray Heron; House Sparrow; Indian Pond-Heron; Indian Robin; Indian Roller; Indian Silverbill; Laughing Dove; Lesser Whistling-Duck; Little Cormorant; Pied Kingfisher; Plain Prinia; Purple Sunbird; Red-vented Bulbul; Red-wattled Lapwing; Rose-ringed Parakeet; Variable Wheatear; White-eared Bulbul","n_species":27,"focal_species_seen":"European Roller","focal_species_slugs":"european-roller","has_focal":true,"GRID_CODE":"GJ-KU-RAP-033","DISTRICT":"Kachchh","BLOCK":"Rapar"},"geometry":{"type":"Point","coordinates":[70.7764552,23.664338]}},{"type":"Feature","properties":{"GROUP.ID":"G15591039","LOCALITY":"T 27 G 2 Daddhar Nani, Gujarat, IN (23.714, 69.788)","LATITUDE":23.7141613,"LONGITUDE":69.7884953,"OBSERVATION.DATE":"2025-09-20","OBSERVER.ID":"obsr807380","DURATION.MINUTES":61.0,"SAMPLING.EVENT.IDENTIFIER":"S274413870","species_list":"Ashy-crowned Sparrow-Lark; Asian Green Bee-eater; Black Drongo; Blue-cheeked Bee-eater; Common Babbler; Crested Lark; Delicate Prinia; Eastern Cattle-Egret; Eurasian Collared-Dove; Eurasian Wryneck; European Roller; Gray Francolin; Green Sandpiper; House Crow; Indian Spot-billed Duck; Isabelline Shrike; Laughing Dove; Lesser Whitethroat; Paddyfield Pipit; Red-vented Bulbul; Red-wattled Lapwing; Rufous-tailed Scrub-Robin; Tawny Pipit; Western Marsh Harrier; White-eared Bulbul; White-throated Kingfisher","n_species":26,"focal_species_seen":"Blue-cheeked Bee-eater; European Roller; Rufous-tailed Scrub-Robin","focal_species_slugs":"blue-cheeked-bee-eater;european-roller;rufous-tailed-scrub-robin","has_focal":true,"GRID_CODE":"GJ-KU-BHU-036","DISTRICT":"Kachchh","BLOCK":"Bhuj"},"geometry":{"type":"Point","coordinates":[69.7884953,23.7141613]}},{"type":"Feature","properties":{"GROUP.ID":"G15592887","LOCALITY":"T-20 G-4 Rafar Frh (23.549, 70.926)","LATITUDE":23.549344,"LONGITUDE":70.9263438,"OBSERVATION.DATE":"2025-09-20","OBSERVER.ID":"obsr2911771","DURATION.MINUTES":69.0,"SAMPLING.EVENT.IDENTIFIER":"S274416031","species_list":"Asian Green Bee-eater; Bay-backed Shrike; Baya Weaver; Black-winged Kite; Blue-cheeked Bee-eater; Blyth's Reed Warbler; Chestnut-bellied Sandgrouse; Common Babbler; Eastern Cattle-Egret; Eastern Orphean Warbler; Eurasian Collared-Dove; European Roller; Gray Francolin; Greater Whitethroat; Indian Bushlark; Indian Cormorant; Indian Peafowl; Indian Robin; Indian Spot-billed Duck; Jungle Prinia; Laughing Dove; Little Swift; Montagu's Harrier; Plain Prinia; Purple Sunbird; Red-backed Shrike; Red-tailed Shrike; Red-vented Bulbul; Red-wattled Lapwing; Rufous-fronted Prinia; Streak-throated Swallow; Tawny Pipit; Western Yellow Wagtail; White-eared Bulbul; White-tailed Iora; Yellow-wattled Lapwing; Zitting Cisticola","n_species":37,"focal_species_seen":"Blue-cheeked Bee-eater; European Roller; Greater Whitethroat; Red-backed Shrike; Red-tailed Shrike","focal_species_slugs":"blue-cheeked-bee-eater;european-roller;greater-whitethroat;red-backed-shrike;red-tailed-shrike","has_focal":true,"GRID_CODE":"GJ-KU-RAP-069","DISTRICT":"Kachchh","BLOCK":"Rapar"},"geometry":{"type":"Point","coordinates":[70.9263438,23.549344]}},{"type":"Feature","properties":{"GROUP.ID":"G15593475","LOCALITY":"T2G3 - Vadvara, Gujarat, IN (23.241, 69.889)","LATITUDE":23.2405927,"LONGITUDE":69.8885485,"OBSERVATION.DATE":"2025-09-20","OBSERVER.ID":"obsr457325","DURATION.MINUTES":49.0,"SAMPLING.EVENT.IDENTIFIER":"S274418371","species_list":"Ashy-crowned Sparrow-Lark; Asian Green Bee-eater; Baya Weaver; Common Babbler; Common Sandpiper; Eurasian Collared-Dove; European Roller; Gray Francolin; House Sparrow; Indian Robin; Indian Silverbill; Little Grebe; Pied Bushchat; Pied Cuckoo; Plain Prinia; Purple Sunbird; Red-wattled Lapwing; White-eared Bulbul","n_species":18,"focal_species_seen":"European Roller","focal_species_slugs":"european-roller","has_focal":true,"GRID_CODE":"GJ-KU-BHU-139","DISTRICT":"Kachchh","BLOCK":"Bhuj"},"geometry":{"type":"Point","coordinates":[69.8885485,23.2405927]}},{"type":"Feature","properties":{"GROUP.ID":"G15612215","LOCALITY":"T25G1_PMC2025_Bachchau","LATITUDE":23.3198995,"LONGITUDE":70.3565308,"OBSERVATION.DATE":"2025-09-20","OBSERVER.ID":"obsr4686491","DURATION.MINUTES":49.0,"SAMPLING.EVENT.IDENTIFIER":"S274419271","species_list":"Asian Green Bee-eater; Bay-backed Shrike; Black-winged Kite; Black-winged Stilt; Common Babbler; Eurasian Collared-Dove; Glossy Ibis; Gray-breasted Prinia; Gray Francolin; Indian Robin; Indian Silverbill; Jungle Prinia; Laughing Dove; Little Egret; Little Grebe; Plain Prinia; Purple Sunbird; Red-vented Bulbul; Red-wattled Lapwing; Red Collared-Dove; Shikra; Siberian Stonechat; Sykes's Warbler; White-eared Bulbul; White-throated Kingfisher; Yellow-wattled Lapwing","n_species":26,"focal_species_seen":"","focal_species_slugs":"","has_focal":false,"GRID_CODE":"GJ-KU-BHA-043","DISTRICT":"Kachchh","BLOCK":"Bhachau"},"geometry":{"type":"Point","coordinates":[70.3565308,23.3198995]}},{"type":"Feature","properties":{"GROUP.ID":"G15605910","LOCALITY":"T 45 G - 4 Fulra, Gujarat, IN (23.704, 68.789)","LATITUDE":23.7043583,"LONGITUDE":68.78862,"OBSERVATION.DATE":"2025-09-20","OBSERVER.ID":"obsr961478","DURATION.MINUTES":45.0,"SAMPLING.EVENT.IDENTIFIER":"S274423199","species_list":"Baya Weaver; Eurasian Collared-Dove; Eurasian Coot; European Roller; Gray-breasted Prinia; Gray Francolin; House Sparrow; Indian Peafowl; Indian Robin; Indian Silverbill; Laughing Dove; Little Cormorant; Little Swift; Marsh Sandpiper; Pied Cuckoo; Purple Sunbird; Red-vented Bulbul; Shikra; White-eared Bulbul; Yellow-wattled Lapwing","n_species":20,"focal_species_seen":"European Roller","focal_species_slugs":"european-roller","has_focal":true,"GRID_CODE":"GJ-KU-LAK-022","DISTRICT":"Kachchh","BLOCK":"Lakhpat"},"geometry":{"type":"Point","coordinates":[68.78862,23.7043583]}},{"type":"Feature","properties":{"GROUP.ID":"G15591492","LOCALITY":"T33 G4","LATITUDE":23.1413483,"LONGITUDE":69.2204533,"OBSERVATION.DATE":"2025-09-20","OBSERVER.ID":"obsr644177","DURATION.MINUTES":73.0,"SAMPLING.EVENT.IDENTIFIER":"S274425558","species_list":"Asian Green Bee-eater; Baya Weaver; Black-crowned Night Heron; Blyth's Reed Warbler; Common Babbler; Common Hoopoe; Common Kingfisher; Common Tailorbird; Common Woodshrike; Eastern Cattle-Egret; Eurasian Collared-Dove; Eurasian Wryneck; European Roller; Glossy Ibis; Gray-bellied Cuckoo; Gray-breasted Prinia; Gray Francolin; House Sparrow; Indian Golden Oriole; Indian Nightjar; Indian Silverbill; Laughing Dove; Lesser Whistling-Duck; Lesser Whitethroat; Pied Cuckoo; Red-vented Bulbul; Red-wattled Lapwing; Red Collared-Dove; Spotted Flycatcher; Western Reef-Heron; White-eared Bulbul; White-tailed Iora; White-throated Kingfisher; Wire-tailed Swallow; Yellow-crowned Woodpecker; Yellow-throated Sparrow","n_species":36,"focal_species_seen":"European Roller; Spotted Flycatcher","focal_species_slugs":"european-roller;spotted-flycatcher","has_focal":true,"GRID_CODE":"GJ-KU-NAK-067","DISTRICT":"Kachchh","BLOCK":"Nakhatrana"},"geometry":{"type":"Point","coordinates":[69.2204533,23.1413483]}},{"type":"Feature","properties":{"GROUP.ID":"G15591439","LOCALITY":"T44G2","LATITUDE":23.758933,"LONGITUDE":68.654277,"OBSERVATION.DATE":"2025-09-20","OBSERVER.ID":"obsr1777443","DURATION.MINUTES":46.0,"SAMPLING.EVENT.IDENTIFIER":"S274425716","species_list":"Asian Green Bee-eater; Black-winged Kite; Black Drongo; Blue-cheeked Bee-eater; Chestnut-bellied Sandgrouse; Common Babbler; Common Hoopoe; European Roller; Glossy Ibis; Gray Francolin; Gray Heron; Greater Coucal; Indian Pond-Heron; Indian Robin; Purple Sunbird; Red-naped Ibis; Red-vented Bulbul; Red-wattled Lapwing; Shikra; Whiskered Tern; White-eared Bulbul; White-throated Kingfisher; Wire-tailed Swallow; Yellow-wattled Lapwing","n_species":24,"focal_species_seen":"Blue-cheeked Bee-eater; European Roller","focal_species_slugs":"blue-cheeked-bee-eater;european-roller","has_focal":true,"GRID_CODE":"GJ-KU-LAK-009","DISTRICT":"Kachchh","BLOCK":"Lakhpat"},"geometry":{"type":"Point","coordinates":[68.654277,23.758933]}},{"type":"Feature","properties":{"GROUP.ID":"G15591835","LOCALITY":"T10G2","LATITUDE":23.0848499,"LONGITUDE":69.9666825,"OBSERVATION.DATE":"2025-09-20","OBSERVER.ID":"obsr3339457","DURATION.MINUTES":49.0,"SAMPLING.EVENT.IDENTIFIER":"S274428730","species_list":"Eastern Cattle-Egret; European Roller; Purple Sunbird; White-eared Bulbul","n_species":4,"focal_species_seen":"European Roller","focal_species_slugs":"european-roller","has_focal":true,"GRID_CODE":"GJ-KU-ANJ-030","DISTRICT":"Kachchh","BLOCK":"Anjar"},"geometry":{"type":"Point","coordinates":[69.9666825,23.0848499]}},{"type":"Feature","properties":{"GROUP.ID":"G15591639","LOCALITY":"Team-50 Grid-3","LATITUDE":23.592435,"LONGITUDE":68.582869,"OBSERVATION.DATE":"2025-09-20","OBSERVER.ID":"obsr753720","DURATION.MINUTES":45.0,"SAMPLING.EVENT.IDENTIFIER":"S274429058","species_list":"Eastern Cattle-Egret; Eurasian Collared-Dove; Glossy Ibis; Gray-necked Bunting; Gray Francolin; Great Thick-knee; Green Sandpiper; Indian Spot-billed Duck; Jungle Prinia; Laughing Dove; Little Grebe; Little Ringed Plover; Montagu's Harrier; Pied Cuckoo; Red-vented Bulbul; Red-wattled Lapwing; Red Collared-Dove; Tawny Pipit; Tree Pipit; Variable Wheatear; White-throated Kingfisher; Wood Sandpiper; Yellow-wattled Lapwing","n_species":23,"focal_species_seen":"","focal_species_slugs":"","has_focal":false,"GRID_CODE":"GJ-KU-LAK-046","DISTRICT":"Kachchh","BLOCK":"Lakhpat"},"geometry":{"type":"Point","coordinates":[68.582869,23.592435]}},{"type":"Feature","properties":{"GROUP.ID":"G15591380","LOCALITY":"T7G3","LATITUDE":23.410863,"LONGITUDE":69.841439,"OBSERVATION.DATE":"2025-09-20","OBSERVER.ID":"obsr543478","DURATION.MINUTES":77.0,"SAMPLING.EVENT.IDENTIFIER":"S274436341","species_list":"Ashy-crowned Sparrow-Lark; Asian Green Bee-eater; Baya Weaver; Blue-cheeked Bee-eater; Blyth's Reed Warbler; Brahminy Starling; Common Babbler; Common Hoopoe; Eastern Cattle-Egret; Eurasian Collared-Dove; Eurasian Nightjar; European Roller; Greater Whitethroat; House Crow; Indian Nightjar; Indian Pond-Heron; Indian Robin; Indian Silverbill; Isabelline Shrike; Little Egret; Little Heron; Montagu's Harrier; Red-tailed Shrike; Red-wattled Lapwing; Rufous-fronted Prinia; Rufous-tailed Scrub-Robin; Spotted Flycatcher; Sykes's Warbler; Tawny Pipit; Variable Wheatear","n_species":30,"focal_species_seen":"Blue-cheeked Bee-eater; European Roller; Greater Whitethroat; Red-tailed Shrike; Rufous-tailed Scrub-Robin; Spotted Flycatcher","focal_species_slugs":"blue-cheeked-bee-eater;european-roller;greater-whitethroat;red-tailed-shrike;rufous-tailed-scrub-robin;spotted-flycatcher","has_focal":true,"GRID_CODE":"GJ-KU-BHU-088","DISTRICT":"Kachchh","BLOCK":"Bhuj"},"geometry":{"type":"Point","coordinates":[69.841439,23.410863]}},{"type":"Feature","properties":{"GROUP.ID":"G15600370","LOCALITY":"T48G3","LATITUDE":23.368923,"LONGITUDE":68.714768,"OBSERVATION.DATE":"2025-09-20","OBSERVER.ID":"obsr1304211","DURATION.MINUTES":67.0,"SAMPLING.EVENT.IDENTIFIER":"S274442416","species_list":"Ashy-crowned Sparrow-Lark; Asian Green Bee-eater; Bay-backed Shrike; Baya Weaver; Black-winged Stilt; Common Babbler; Common Woodshrike; Crested Lark; Eurasian Collared-Dove; European Roller; Glossy Ibis; Gray-breasted Prinia; Gray Francolin; Gray Heron; Indian Peafowl; Indian Silverbill; Laughing Dove; Little Egret; Marsh Sandpiper; Painted Stork; Pied Cuckoo; Plain Prinia; Purple Sunbird; Red-vented Bulbul; Red-wattled Lapwing; Rose-ringed Parakeet; Rosy Starling; Siberian Stonechat; Spotted Flycatcher; Western Marsh Harrier; Western Yellow Wagtail; Wire-tailed Swallow; Zitting Cisticola","n_species":33,"focal_species_seen":"European Roller; Spotted Flycatcher","focal_species_slugs":"european-roller;spotted-flycatcher","has_focal":true,"GRID_CODE":"GJ-KU-ABD-013","DISTRICT":"Kachchh","BLOCK":"Abdasa"},"geometry":{"type":"Point","coordinates":[68.714768,23.368923]}},{"type":"Feature","properties":{"GROUP.ID":"G15594779","LOCALITY":"T49 G1 Unnamed Road, IN (23.39, 68.586)","LATITUDE":23.3900995,"LONGITUDE":68.5858604,"OBSERVATION.DATE":"2025-09-20","OBSERVER.ID":"obsr369333","DURATION.MINUTES":45.0,"SAMPLING.EVENT.IDENTIFIER":"S274447463","species_list":"Asian Green Bee-eater; Barn Swallow; Bay-backed Shrike; Black-necked Stork; Black-tailed Godwit; Black-winged Kite; Black-winged Stilt; Black Drongo; Brown Rock Chat; Common Babbler; Common Sandpiper; Eastern Cattle-Egret; Eastern Red-rumped Swallow; Eurasian Collared-Dove; Eurasian Spoonbill; European Roller; Glossy Ibis; Gray Francolin; Great Egret; Greater Flamingo; Gull-billed Tern; Indian Silverbill; Indian Spot-billed Duck; Laughing Dove; Lesser Whistling-Duck; Little Ringed Plover; Little Stint; Painted Stork; Red-backed Shrike; Ruff; Western Reef-Heron; White-eared Bulbul; White-throated Kingfisher; Yellow-wattled Lapwing","n_species":34,"focal_species_seen":"European Roller; Red-backed Shrike","focal_species_slugs":"european-roller;red-backed-shrike","has_focal":true,"GRID_CODE":"GJ-KU-ABD-010","DISTRICT":"Kachchh","BLOCK":"Abdasa"},"geometry":{"type":"Point","coordinates":[68.5858604,23.3900995]}},{"type":"Feature","properties":{"GROUP.ID":"G15598080","LOCALITY":"T37G3","LATITUDE":23.1286889,"LONGITUDE":68.8724254,"OBSERVATION.DATE":"2025-09-20","OBSERVER.ID":"obsr494050","DURATION.MINUTES":58.0,"SAMPLING.EVENT.IDENTIFIER":"S274448569","species_list":"Ashy-crowned Sparrow-Lark; Asian Green Bee-eater; Asian Koel; Bank Myna; Baya Weaver; Black-winged Stilt; Black Drongo; Blyth's Reed Warbler; Common Babbler; Common Greenshank; Common Hoopoe; Common Kingfisher; Common Sandpiper; Common Tailorbird; Eastern Cattle-Egret; Eurasian Collared-Dove; Eurasian Spoonbill; European Roller; Gray Francolin; Greater Coucal; Greater Short-toed Lark; Green Sandpiper; Indian Golden Oriole; Indian Peafowl; Indian Silverbill; Indian Spot-billed Duck; Isabelline Shrike; Laughing Dove; Lesser Whistling-Duck; Little Egret; Little Ringed Plover; Little Stint; Long-tailed Shrike; Paddyfield Pipit; Pied Cuckoo; Pied Kingfisher; Plain Prinia; Purple Heron; Purple Sunbird; Red-backed Shrike; Red-vented Bulbul; Red-wattled Lapwing; Red Collared-Dove; Rose-ringed Parakeet; Rosy Starling; Rufous-fronted Prinia; Siberian Stonechat; Spotted Flycatcher; Sykes's Warbler; Temminck's Stint; Tree Pipit; Variable Wheatear; White-throated Kingfisher; Wire-tailed Swallow; Yellow-wattled Lapwing; Zitting Cisticola","n_species":56,"focal_species_seen":"European Roller; Red-backed Shrike; Spotted Flycatcher","focal_species_slugs":"european-roller;red-backed-shrike;spotted-flycatcher","has_focal":true,"GRID_CODE":"GJ-KU-ABD-072","DISTRICT":"Kachchh","BLOCK":"Abdasa"},"geometry":{"type":"Point","coordinates":[68.8724254,23.1286889]}},{"type":"Feature","properties":{"GROUP.ID":"G15598076","LOCALITY":"T37G2","LATITUDE":23.0836763,"LONGITUDE":68.8083801,"OBSERVATION.DATE":"2025-09-20","OBSERVER.ID":"obsr494050","DURATION.MINUTES":60.0,"SAMPLING.EVENT.IDENTIFIER":"S274450414","species_list":"Ashy-crowned Sparrow-Lark; Asian Green Bee-eater; Bay-backed Shrike; Black-winged Kite; Black Drongo; Blyth's Reed Warbler; Chestnut-bellied Sandgrouse; Common Babbler; Common Hoopoe; Common Myna; Common Sandpiper; Common Tailorbird; Eastern Cattle-Egret; European Roller; Gray-breasted Prinia; Gray Francolin; Gray Heron; Great Egret; Greater Coucal; Greater Whitethroat; Green Sandpiper; House Sparrow; Indian Peafowl; Laughing Dove; Little Grebe; Montagu's Harrier; Paddyfield Pipit; Pied Kingfisher; Plain Prinia; Purple Sunbird; Red-vented Bulbul; Red-wattled Lapwing; Red Collared-Dove; River Tern; Rosy Starling; Rufous-fronted Prinia; Small Minivet; Spotted Flycatcher; Streak-throated Swallow; Sykes's Warbler; Western Reef-Heron; Whiskered Tern; White-tailed Iora; Wire-tailed Swallow; Zitting Cisticola","n_species":45,"focal_species_seen":"European Roller; Greater Whitethroat; Spotted Flycatcher","focal_species_slugs":"european-roller;greater-whitethroat;spotted-flycatcher","has_focal":true,"GRID_CODE":"GJ-KU-ABD-079","DISTRICT":"Kachchh","BLOCK":"Abdasa"},"geometry":{"type":"Point","coordinates":[68.8083801,23.0836763]}},{"type":"Feature","properties":{"GROUP.ID":"G15598075","LOCALITY":"Rapar Gadhvali, Gujarat, IN (23.066, 68.801)","LATITUDE":23.065814,"LONGITUDE":68.8011703,"OBSERVATION.DATE":"2025-09-20","OBSERVER.ID":"obsr494050","DURATION.MINUTES":45.0,"SAMPLING.EVENT.IDENTIFIER":"S274450583","species_list":"Black-tailed Godwit; Black-winged Stilt; Caspian Tern; Common Greenshank; Crested Lark; Curlew Sandpiper; Dunlin; Eastern Cattle-Egret; Eurasian Curlew; Eurasian Spoonbill; Gray Heron; Great Egret; Greater Flamingo; Greater Sand-Plover; Gull-billed Tern; Indian Spot-billed Duck; Isabelline Shrike; Kentish Plover; Little Cormorant; Little Ringed Plover; Little Stint; Little Tern; Marsh Sandpiper; Pied Avocet; Red-wattled Lapwing; Ruff; Sand Lark; Slender-billed Gull; Tibetan Sand-Plover; Western Marsh Harrier; Western Reef-Heron; Whiskered Tern","n_species":32,"focal_species_seen":"","focal_species_slugs":"","has_focal":false,"GRID_CODE":"GJ-KU-ABD-078","DISTRICT":"Kachchh","BLOCK":"Abdasa"},"geometry":{"type":"Point","coordinates":[68.8011703,23.065814]}},{"type":"Feature","properties":{"GROUP.ID":"G15591852","LOCALITY":"Team 16_Grid 2","LATITUDE":23.8494946,"LONGITUDE":70.2804062,"OBSERVATION.DATE":"2025-09-20","OBSERVER.ID":"obsr2959866","DURATION.MINUTES":47.0,"SAMPLING.EVENT.IDENTIFIER":"S274451016","species_list":"Ashy-crowned Sparrow-Lark; Asian Green Bee-eater; Asian Koel; Baya Weaver; Black-winged Stilt; Black Drongo; Chestnut-bellied Sandgrouse; Common Babbler; Common Sandpiper; Common Tailorbird; Dusky Crag-Martin; Eastern Orphean Warbler; Eastern Red-rumped Swallow; Eurasian Collared-Dove; Gray-necked Bunting; Gray Francolin; Indian Peafowl; Indian Robin; Indian Silverbill; Indian Spot-billed Duck; Laughing Dove; Lesser Whistling-Duck; Lesser Whitethroat; Long-tailed Shrike; Montagu's Harrier; Paddyfield Pipit; Pied Cuckoo; Plain Prinia; Purple Sunbird; Red-vented Bulbul; Red-wattled Lapwing; Red Collared-Dove; Rosy Starling; Rufous-tailed Lark; Striolated Bunting; Sykes's Warbler; White-eared Bulbul; Yellow-throated Sparrow","n_species":38,"focal_species_seen":"","focal_species_slugs":"","has_focal":false,"GRID_CODE":"GJ-KU-BHA-009","DISTRICT":"Kachchh","BLOCK":"Bhachau"},"geometry":{"type":"Point","coordinates":[70.2804062,23.8494946]}},{"type":"Feature","properties":{"GROUP.ID":"G15598074","LOCALITY":"T37G4","LATITUDE":23.1644689,"LONGITUDE":68.9098923,"OBSERVATION.DATE":"2025-09-20","OBSERVER.ID":"obsr494050","DURATION.MINUTES":72.0,"SAMPLING.EVENT.IDENTIFIER":"S274451678","species_list":"Ashy-crowned Sparrow-Lark; Asian Green Bee-eater; Baya Weaver; Black-winged Kite; Black Drongo; Blyth's Reed Warbler; Common Babbler; Common Cuckoo; Common Hoopoe; Common Sandpiper; Common Tailorbird; Eastern Cattle-Egret; Eastern Red-rumped Swallow; Eurasian Collared-Dove; Eurasian Coot; Eurasian Moorhen; European Roller; Gray-breasted Prinia; Greater Coucal; Greater Whitethroat; Green Sandpiper; Green Warbler; Indian Pond-Heron; Indian Robin; Indian Silverbill; Laughing Dove; Lesser Whistling-Duck; Lesser Whitethroat; Little Cormorant; Little Egret; Little Grebe; Long-tailed Shrike; Montagu's Harrier; Northern Shoveler; Paddyfield Pipit; Painted Stork; Pied Cuckoo; Pied Kingfisher; Plain Prinia; Purple Sunbird; Red-naped Ibis; Red-vented Bulbul; Red-wattled Lapwing; Red Collared-Dove; River Tern; Rosy Starling; Siberian Stonechat; Spotted Flycatcher; Tawny Pipit; Western Marsh Harrier; Whiskered Tern; White-eared Bulbul; White-tailed Iora; Wire-tailed Swallow; Zitting Cisticola","n_species":55,"focal_species_seen":"Common Cuckoo; European Roller; Greater Whitethroat; Spotted Flycatcher","focal_species_slugs":"common-cuckoo;european-roller;greater-whitethroat;spotted-flycatcher","has_focal":true,"GRID_CODE":"GJ-KU-ABD-062","DISTRICT":"Kachchh","BLOCK":"Abdasa"},"geometry":{"type":"Point","coordinates":[68.9098923,23.1644689]}},{"type":"Feature","properties":{"GROUP.ID":"G15605147","LOCALITY":"T15G1","LATITUDE":23.5108015,"LONGITUDE":69.4690702,"OBSERVATION.DATE":"2025-09-20","OBSERVER.ID":"obsr655393","DURATION.MINUTES":60.0,"SAMPLING.EVENT.IDENTIFIER":"S274451956","species_list":"Ashy-crowned Sparrow-Lark; Black-headed Ibis; Black Redstart; Common Babbler; Common Hoopoe; Common Myna; Common Sandpiper; Delicate Prinia; Eurasian Collared-Dove; European Roller; Glossy Ibis; Gray-necked Bunting; Gray Francolin; Greater Coucal; House Crow; House Sparrow; Indian Peafowl; Indian Pond-Heron; Indian Robin; Indian Silverbill; Indian Thick-knee; Laughing Dove; Lesser Whitethroat; Little Cormorant; Little Ringed Plover; Montagu's Harrier; Paddyfield Pipit; Painted Stork; Plain Prinia; Purple Sunbird; Red-backed Shrike; Red-vented Bulbul; Red-wattled Lapwing; River Tern; Rosy Starling; Rufous-fronted Prinia; Rufous-tailed Lark; Rufous-tailed Scrub-Robin; Siberian Stonechat; Spotted Flycatcher; Tawny Pipit; Western Marsh Harrier; Western Yellow Wagtail; White-eared Bulbul; White-tailed Iora; White-throated Kingfisher","n_species":46,"focal_species_seen":"European Roller; Red-backed Shrike; Rufous-tailed Scrub-Robin; Spotted Flycatcher","focal_species_slugs":"european-roller;red-backed-shrike;rufous-tailed-scrub-robin;spotted-flycatcher","has_focal":true,"GRID_CODE":"GJ-KU-LIT-025","DISTRICT":"Kachchh","BLOCK":"Little Rann"},"geometry":{"type":"Point","coordinates":[69.4690702,23.5108015]}},{"type":"Feature","properties":{"GROUP.ID":"G15605965","LOCALITY":"T15G3","LATITUDE":23.6091496,"LONGITUDE":69.4128865,"OBSERVATION.DATE":"2025-09-20","OBSERVER.ID":"obsr655393","DURATION.MINUTES":45.0,"SAMPLING.EVENT.IDENTIFIER":"S274453177","species_list":"Ashy-crowned Sparrow-Lark; Asian Green Bee-eater; Barn Swallow; Black-headed Ibis; Black-tailed Godwit; Black-winged Stilt; Blue-cheeked Bee-eater; Common Babbler; Common Sandpiper; Crested Lark; Eurasian Collared-Dove; Eurasian Spoonbill; European Roller; Glossy Ibis; Gray Francolin; Gray Heron; Great Egret; Greater Short-toed Lark; Green Sandpiper; House Crow; Indian Pond-Heron; Indian Spot-billed Duck; Isabelline Shrike; Laughing Dove; Little Cormorant; Little Egret; Little Ringed Plover; Little Stint; Marsh Sandpiper; Medium Egret; Oriental Darter; Paddyfield Pipit; Purple Sunbird; Red-naped Ibis; Red-wattled Lapwing; River Tern; Rosy Starling; Ruff; Rufous-fronted Prinia; Western Marsh Harrier; Whiskered Tern; White-eared Bulbul; White-throated Kingfisher; Wire-tailed Swallow; Wood Sandpiper","n_species":45,"focal_species_seen":"Blue-cheeked Bee-eater; European Roller","focal_species_slugs":"blue-cheeked-bee-eater;european-roller","has_focal":true,"GRID_CODE":"GJ-KU-LIT-010","DISTRICT":"Kachchh","BLOCK":"Little Rann"},"geometry":{"type":"Point","coordinates":[69.4128865,23.6091496]}},{"type":"Feature","properties":{"GROUP.ID":"G15591886","LOCALITY":"Team 16_ Grid 4","LATITUDE":23.8773356,"LONGITUDE":70.3433004,"OBSERVATION.DATE":"2025-09-20","OBSERVER.ID":"obsr2959866","DURATION.MINUTES":43.0,"SAMPLING.EVENT.IDENTIFIER":"S274455292","species_list":"Ashy-crowned Sparrow-Lark; Asian Green Bee-eater; Asian Koel; Common Babbler; Common Cuckoo; Common Hoopoe; Eurasian Collared-Dove; Eurasian Wryneck; European Roller; Gray-necked Bunting; Gray Francolin; Indian Golden Oriole; Indian Peafowl; Indian Silverbill; Laughing Dove; Little Cormorant; Little Grebe; Little Heron; Painted Stork; Pied Bushchat; Pied Cuckoo; Plain Prinia; Purple Sunbird; Red-wattled Lapwing; Red Collared-Dove; Siberian Stonechat; Spotted Owlet; Variable Wheatear; White-eared Bulbul","n_species":29,"focal_species_seen":"Common Cuckoo; European Roller","focal_species_slugs":"common-cuckoo;european-roller","has_focal":true,"GRID_CODE":"GJ-KU-BHA-005","DISTRICT":"Kachchh","BLOCK":"Bhachau"},"geometry":{"type":"Point","coordinates":[70.3433004,23.8773356]}},{"type":"Feature","properties":{"GROUP.ID":"G15592816","LOCALITY":"T34G1, Nakhatrana, Kachchh IN-Gujarat 23.33324, 69.24087","LATITUDE":23.33324,"LONGITUDE":69.240871,"OBSERVATION.DATE":"2025-09-20","OBSERVER.ID":"obsr674640","DURATION.MINUTES":49.0,"SAMPLING.EVENT.IDENTIFIER":"S274456916","species_list":"Asian Green Bee-eater; Barred Buttonquail; Baya Weaver; Black Drongo; Brahminy Starling; Common Babbler; Common Tailorbird; Common Woodshrike; Eastern Red-rumped Swallow; European Roller; Gray-breasted Prinia; Gray Francolin; Indian Peafowl; Indian Robin; Jungle Prinia; Laughing Dove; Oriental Honey-buzzard; Plain Prinia; Purple Sunbird; Red-vented Bulbul; Spotted Flycatcher; White-tailed Iora; White-throated Kingfisher","n_species":23,"focal_species_seen":"European Roller; Spotted Flycatcher","focal_species_slugs":"european-roller;spotted-flycatcher","has_focal":true,"GRID_CODE":"GJ-KU-NAK-051","DISTRICT":"Kachchh","BLOCK":"Nakhatrana"},"geometry":{"type":"Point","coordinates":[69.240871,23.33324]}},{"type":"Feature","properties":{"GROUP.ID":"G15592815","LOCALITY":"T34G4, Near Piyoni Mahadev, Kachchh IN-Gujarat 23.29288, 69.18522","LATITUDE":23.292882,"LONGITUDE":69.185216,"OBSERVATION.DATE":"2025-09-20","OBSERVER.ID":"obsr674640","DURATION.MINUTES":69.0,"SAMPLING.EVENT.IDENTIFIER":"S274458347","species_list":"Asian Green Bee-eater; Bay-backed Shrike; Baya Weaver; Black Drongo; Black Francolin; Brahminy Starling; Common Babbler; Common Tailorbird; Eastern Cattle-Egret; Eastern Red-rumped Swallow; Eurasian Collared-Dove; European Roller; Gray-breasted Prinia; Gray Francolin; Greater Coucal; Indian Peafowl; Indian Pond-Heron; Indian Robin; Indian Silverbill; Laughing Dove; Pied Cuckoo; Plain Prinia; Purple Sunbird; Red-naped Ibis; Red-vented Bulbul; Red-wattled Lapwing; Red Collared-Dove; Rosy Starling; Siberian Stonechat; Small Minivet; Spotted Flycatcher; Streak-throated Swallow; Western Marsh Harrier; White-tailed Iora; Yellow-crowned Woodpecker","n_species":35,"focal_species_seen":"European Roller; Spotted Flycatcher","focal_species_slugs":"european-roller;spotted-flycatcher","has_focal":true,"GRID_CODE":"GJ-KU-ABD-043","DISTRICT":"Kachchh","BLOCK":"Abdasa"},"geometry":{"type":"Point","coordinates":[69.185216,23.292882]}},{"type":"Feature","properties":{"GROUP.ID":"G15591850","LOCALITY":"Team 16_Grid 5","LATITUDE":23.9123075,"LONGITUDE":70.2191192,"OBSERVATION.DATE":"2025-09-20","OBSERVER.ID":"obsr2959866","DURATION.MINUTES":47.0,"SAMPLING.EVENT.IDENTIFIER":"S274458827","species_list":"Ashy-crowned Sparrow-Lark; Barred Buttonquail; Bay-backed Shrike; Black-winged Stilt; Blue-cheeked Bee-eater; Common Babbler; Eurasian Collared-Dove; European Roller; Gray-necked Bunting; Gray Francolin; Indian Silverbill; Isabelline Shrike; Laughing Dove; Lesser Whitethroat; Little Grebe; Long-tailed Shrike; Plain Prinia; Red-vented Bulbul; Red-wattled Lapwing; Red Collared-Dove; Rufous-tailed Lark; Rufous-tailed Scrub-Robin; Siberian Stonechat; Variable Wheatear; White-eared Bulbul","n_species":25,"focal_species_seen":"Blue-cheeked Bee-eater; European Roller; Rufous-tailed Scrub-Robin","focal_species_slugs":"blue-cheeked-bee-eater;european-roller;rufous-tailed-scrub-robin","has_focal":true,"GRID_CODE":"GJ-KU-RAN-389","DISTRICT":"Kachchh","BLOCK":"Rann of Kachchh"},"geometry":{"type":"Point","coordinates":[70.2191192,23.9123075]}},{"type":"Feature","properties":{"GROUP.ID":"G15591917","LOCALITY":"T7G1","LATITUDE":23.39194,"LONGITUDE":69.779242,"OBSERVATION.DATE":"2025-09-20","OBSERVER.ID":"obsr1522701","DURATION.MINUTES":43.0,"SAMPLING.EVENT.IDENTIFIER":"S274461632","species_list":"Asian Green Bee-eater; Barred Buttonquail; Baya Weaver; Blue-cheeked Bee-eater; Brown Rock Chat; Common Babbler; Common Hoopoe; Common Tailorbird; Eurasian Collared-Dove; Eurasian Wryneck; European Roller; Gray-breasted Prinia; Gray Francolin; Greater Coucal; Greater Whitethroat; House Sparrow; Isabelline Shrike; Jungle Prinia; Laughing Dove; Oriental Honey-buzzard; Plain Prinia; Purple Sunbird; Red-backed Shrike; Red-tailed Shrike; Red-vented Bulbul; Red-wattled Lapwing; Short-toed Snake-Eagle; Siberian Stonechat; Spotted Flycatcher; Tawny Pipit; White-eared Bulbul; White-eyed Buzzard; White-tailed Iora; White-throated Kingfisher; Yellow-throated Sparrow","n_species":35,"focal_species_seen":"Blue-cheeked Bee-eater; European Roller; Greater Whitethroat; Red-backed Shrike; Red-tailed Shrike; Spotted Flycatcher","focal_species_slugs":"blue-cheeked-bee-eater;european-roller;greater-whitethroat;red-backed-shrike;red-tailed-shrike;spotted-flycatcher","has_focal":true,"GRID_CODE":"GJ-KU-BHU-100","DISTRICT":"Kachchh","BLOCK":"Bhuj"},"geometry":{"type":"Point","coordinates":[69.779242,23.39194]}},{"type":"Feature","properties":{"GROUP.ID":"G15592409","LOCALITY":"Team21Grid4","LATITUDE":23.5805665,"LONGITUDE":70.7067542,"OBSERVATION.DATE":"2025-09-20","OBSERVER.ID":"obsr6143379","DURATION.MINUTES":59.0,"SAMPLING.EVENT.IDENTIFIER":"S274473449","species_list":"Ashy-crowned Sparrow-Lark; Asian Green Bee-eater; Bay-backed Shrike; Baya Weaver; Black-winged Kite; Black-winged Stilt; Brahminy Starling; Brown Rock Chat; Common Babbler; Common Sandpiper; Common Tailorbird; Eurasian Collared-Dove; Eurasian Spoonbill; Gray-breasted Prinia; Greater Coucal; Green Warbler; House Sparrow; Indian Peafowl; Indian Robin; Indian Roller; Indian Silverbill; Laughing Dove; Lesser Whitethroat; Little Egret; Purple Sunbird; Red-backed Shrike; Red-naped Ibis; Red-vented Bulbul; Red-wattled Lapwing; Rufous-fronted Prinia; Rufous-tailed Scrub-Robin; Tawny Pipit; Variable Wheatear; White-eared Bulbul; White-throated Kingfisher; Yellow-eyed Babbler; Yellow-wattled Lapwing","n_species":37,"focal_species_seen":"Red-backed Shrike; Rufous-tailed Scrub-Robin","focal_species_slugs":"red-backed-shrike;rufous-tailed-scrub-robin","has_focal":true,"GRID_CODE":"GJ-KU-RAP-053","DISTRICT":"Kachchh","BLOCK":"Rapar"},"geometry":{"type":"Point","coordinates":[70.7067542,23.5805665]}},{"type":"Feature","properties":{"GROUP.ID":"G15593452","LOCALITY":"Lodai Temple Lake, Gujarat, IN (23.394, 69.891)","LATITUDE":23.3935767,"LONGITUDE":69.8912167,"OBSERVATION.DATE":"2025-09-20","OBSERVER.ID":"obsr1592333","DURATION.MINUTES":40.0,"SAMPLING.EVENT.IDENTIFIER":"S274501047","species_list":"Asian Green Bee-eater; Barn Swallow; Eastern Cattle-Egret; Eurasian Collared-Dove; Eurasian Coot; Gray Francolin; Gray Heron; Greater Coucal; House Crow; Indian Pond-Heron; Laughing Dove; Little Cormorant; Pied Kingfisher; Purple Sunbird; Red-vented Bulbul; Red-wattled Lapwing; River Tern","n_species":17,"focal_species_seen":"","focal_species_slugs":"","has_focal":false,"GRID_CODE":"GJ-KU-BHU-102","DISTRICT":"Kachchh","BLOCK":"Bhuj"},"geometry":{"type":"Point","coordinates":[69.8912167,23.3935767]}},{"type":"Feature","properties":{"GROUP.ID":"G15593623","LOCALITY":"T8G1, Kashvti dam, Lodai, Gujarat, IN (23.377, 69.894)","LATITUDE":23.37684,"LONGITUDE":69.8944283,"OBSERVATION.DATE":"2025-09-20","OBSERVER.ID":"obsr1592333","DURATION.MINUTES":54.0,"SAMPLING.EVENT.IDENTIFIER":"S274504766","species_list":"Ashy-crowned Sparrow-Lark; Asian Green Bee-eater; Black Drongo; Common Babbler; Common Hoopoe; Common Kingfisher; Common Sandpiper; Eastern Cattle-Egret; Eurasian Collared-Dove; Eurasian Moorhen; Eurasian Spoonbill; European Roller; Gray Francolin; Great Crested Grebe; Greater Coucal; Gull-billed Tern; Indian Cormorant; Indian Pond-Heron; Indian Robin; Indian Spot-billed Duck; Jungle Prinia; Knob-billed Duck; Laughing Dove; Little Cormorant; Little Egret; Little Grebe; Oriental Darter; Purple Sunbird; Red-wattled Lapwing; River Tern; Western Marsh Harrier; White-eared Bulbul","n_species":32,"focal_species_seen":"European Roller","focal_species_slugs":"european-roller","has_focal":true,"GRID_CODE":"GJ-KU-BHU-102","DISTRICT":"Kachchh","BLOCK":"Bhuj"},"geometry":{"type":"Point","coordinates":[69.8944283,23.37684]}},{"type":"Feature","properties":{"GROUP.ID":"G15599379","LOCALITY":"T9G1, Way to Ashar Mata Temple, Layja Nana, Gujarat, IN (22.845, 69.218)","LATITUDE":22.8447917,"LONGITUDE":69.2184484,"OBSERVATION.DATE":"2025-09-20","OBSERVER.ID":"obsr3012810","DURATION.MINUTES":51.0,"SAMPLING.EVENT.IDENTIFIER":"S274558423","species_list":"Baya Weaver; Eastern Cattle-Egret; European Roller; Gray Heron; Indian Roller; Little Egret; Painted Stork; Red-vented Bulbul; Red-wattled Lapwing; Western Reef-Heron","n_species":10,"focal_species_seen":"European Roller","focal_species_slugs":"european-roller","has_focal":true,"GRID_CODE":"GJ-KU-MAN-046","DISTRICT":"Kachchh","BLOCK":"Mandvi"},"geometry":{"type":"Point","coordinates":[69.2184484,22.8447917]}},{"type":"Feature","properties":{"GROUP.ID":"G15596555","LOCALITY":"T14G5","LATITUDE":23.4610983,"LONGITUDE":69.6206917,"OBSERVATION.DATE":"2025-09-20","OBSERVER.ID":"obsr2387202","DURATION.MINUTES":60.0,"SAMPLING.EVENT.IDENTIFIER":"S274566914","species_list":"Asian Green Bee-eater; Barred Buttonquail; Baya Weaver; Black Drongo; Common Babbler; Common Hoopoe; European Roller; Glossy Ibis; Gray-breasted Prinia; Greater Coucal; Greater Short-toed Lark; House Crow; House Sparrow; Indian Robin; Indian Silverbill; Laughing Dove; Lesser Whitethroat; Long-tailed Shrike; Oriental Darter; Paddyfield Pipit; Plain Prinia; Purple Sunbird; Red-wattled Lapwing; Rosy Starling; Tawny Pipit; Variable Wheatear; Whiskered Tern; White-eared Bulbul","n_species":28,"focal_species_seen":"European Roller","focal_species_slugs":"european-roller","has_focal":true,"GRID_CODE":"GJ-KU-LIT-039","DISTRICT":"Kachchh","BLOCK":"Little Rann"},"geometry":{"type":"Point","coordinates":[69.6206917,23.4610983]}},{"type":"Feature","properties":{"GROUP.ID":"G15596641","LOCALITY":"T14G3","LATITUDE":23.436015,"LONGITUDE":69.5783633,"OBSERVATION.DATE":"2025-09-20","OBSERVER.ID":"obsr2387202","DURATION.MINUTES":60.0,"SAMPLING.EVENT.IDENTIFIER":"S274568813","species_list":"Asian Green Bee-eater; Common Babbler; Common Hoopoe; Common Tailorbird; Eurasian Kestrel; European Roller; Gray-breasted Prinia; Gray-necked Bunting; Gray Francolin; House Crow; Indian Pond-Heron; Laughing Dove; Purple Sunbird; Red-backed Shrike; Red-vented Bulbul; Rufous-tailed Scrub-Robin; White-eared Bulbul","n_species":17,"focal_species_seen":"European Roller; Red-backed Shrike; Rufous-tailed Scrub-Robin","focal_species_slugs":"european-roller;red-backed-shrike;rufous-tailed-scrub-robin","has_focal":true,"GRID_CODE":"GJ-KU-NAK-040","DISTRICT":"Kachchh","BLOCK":"Nakhatrana"},"geometry":{"type":"Point","coordinates":[69.5783633,23.436015]}},{"type":"Feature","properties":{"GROUP.ID":"G15596673","LOCALITY":"T14G4","LATITUDE":23.5030883,"LONGITUDE":69.5369917,"OBSERVATION.DATE":"2025-09-20","OBSERVER.ID":"obsr2387202","DURATION.MINUTES":45.0,"SAMPLING.EVENT.IDENTIFIER":"S274569003","species_list":"Asian Green Bee-eater; Barred Buttonquail; Baya Weaver; Common Babbler; Common Greenshank; Common Kingfisher; Common Tailorbird; Eastern Cattle-Egret; Eastern Red-rumped Swallow; Eurasian Collared-Dove; European Roller; Gray Francolin; House Crow; House Sparrow; Indian Pond-Heron; Indian Silverbill; Indian Spot-billed Duck; Laughing Dove; Montagu's Harrier; Oriental Darter; Plain Prinia; Purple Sunbird; Red-vented Bulbul; Red-wattled Lapwing; River Tern; White-eared Bulbul","n_species":26,"focal_species_seen":"European Roller","focal_species_slugs":"european-roller","has_focal":true,"GRID_CODE":"GJ-KU-NAK-027","DISTRICT":"Kachchh","BLOCK":"Nakhatrana"},"geometry":{"type":"Point","coordinates":[69.5369917,23.5030883]}},{"type":"Feature","properties":{"GROUP.ID":"G15596708","LOCALITY":"Way to Darshadi Road, Jamthada, Gujarat, IN (23.087, 69.429)","LATITUDE":23.0874133,"LONGITUDE":69.4289267,"OBSERVATION.DATE":"2025-09-20","OBSERVER.ID":"obsr1161737","DURATION.MINUTES":67.0,"SAMPLING.EVENT.IDENTIFIER":"S274569976","species_list":"Asian Green Bee-eater; Black Drongo; Common Tailorbird; Common Woodshrike; Dusky Crag-Martin; Eurasian Wryneck; House Sparrow; Indian Robin; Indian Silverbill; Jungle Prinia; Little Cormorant; Plain Prinia; Purple Sunbird; Red-vented Bulbul; Red-wattled Lapwing; Spotted Flycatcher; Variable Wheatear; White-throated Kingfisher","n_species":18,"focal_species_seen":"Spotted Flycatcher","focal_species_slugs":"spotted-flycatcher","has_focal":true,"GRID_CODE":"GJ-KU-MAN-008","DISTRICT":"Kachchh","BLOCK":"Mandvi"},"geometry":{"type":"Point","coordinates":[69.4289267,23.0874133]}},{"type":"Feature","properties":{"GROUP.ID":"G15598211","LOCALITY":"T13G1 Natharkui Vatachhad Road","LATITUDE":23.321731,"LONGITUDE":69.470243,"OBSERVATION.DATE":"2025-09-21","OBSERVER.ID":"obsr4809686","DURATION.MINUTES":64.0,"SAMPLING.EVENT.IDENTIFIER":"S274571933","species_list":"Asian Green Bee-eater; Barred Buttonquail; Black-crowned Night Heron; Black Redstart; Brahminy Starling; Common Babbler; Common Hoopoe; Common Tailorbird; Eastern Cattle-Egret; Eastern Red-rumped Swallow; Eurasian Collared-Dove; European Roller; Gray-breasted Prinia; Gray Francolin; Greater Coucal; Greater Whitethroat; Indian Robin; Jungle Prinia; Laughing Dove; Lesser Whistling-Duck; Lesser Whitethroat; Plain Prinia; Purple Sunbird; Red-vented Bulbul; River Tern; Rosy Starling; Siberian Stonechat; Spotted Flycatcher; Sykes's Warbler; Tawny Pipit; Tree Pipit; White-eared Bulbul; White-tailed Iora; White-throated Kingfisher; Yellow-eyed Babbler; Yellow-throated Sparrow","n_species":36,"focal_species_seen":"European Roller; Greater Whitethroat; Spotted Flycatcher","focal_species_slugs":"european-roller;greater-whitethroat;spotted-flycatcher","has_focal":true,"GRID_CODE":"GJ-KU-BHU-107","DISTRICT":"Kachchh","BLOCK":"Bhuj"},"geometry":{"type":"Point","coordinates":[69.470243,23.321731]}},{"type":"Feature","properties":{"GROUP.ID":"G15606194","LOCALITY":"T25G5_PMC2025_Bhachau","LATITUDE":23.257641,"LONGITUDE":70.4732247,"OBSERVATION.DATE":"2025-09-21","OBSERVER.ID":"obsr4686491","DURATION.MINUTES":58.0,"SAMPLING.EVENT.IDENTIFIER":"S274573950","species_list":"Ashy-crowned Sparrow-Lark; Asian Koel; Booted Eagle; Common Babbler; Common Cuckoo; Common Tailorbird; Eurasian Collared-Dove; European Roller; Glossy Ibis; Gray-breasted Prinia; Gray Francolin; Greater Coucal; Green Warbler; Indian Cormorant; Indian Peafowl; Indian Robin; Indian Silverbill; Indian Spot-billed Duck; Jungle Prinia; Laughing Dove; Little Egret; Little Ringed Plover; Montagu's Harrier; Oriental Honey-buzzard; Paddyfield Pipit; Plain Prinia; Purple Sunbird; Red-vented Bulbul; Red-wattled Lapwing; Rock Bush-Quail; Rosy Starling; Siberian Stonechat; Spotted Flycatcher; Tawny Pipit; Variable Wheatear; Western Yellow Wagtail; Yellow-wattled Lapwing","n_species":37,"focal_species_seen":"Common Cuckoo; European Roller; Spotted Flycatcher","focal_species_slugs":"common-cuckoo;european-roller;spotted-flycatcher","has_focal":true,"GRID_CODE":"GJ-KU-BHA-067","DISTRICT":"Kachchh","BLOCK":"Bhachau"},"geometry":{"type":"Point","coordinates":[70.4732247,23.257641]}},{"type":"Feature","properties":{"GROUP.ID":"G15597107","LOCALITY":"T 3 Sapar Timbo, Gujarat, IN (23.112, 69.654)","LATITUDE":23.11182,"LONGITUDE":69.6540633,"OBSERVATION.DATE":"2025-09-21","OBSERVER.ID":"obsr2065637","DURATION.MINUTES":39.0,"SAMPLING.EVENT.IDENTIFIER":"S274574298","species_list":"Bay-backed Shrike; Baya Weaver; Common Hawk-Cuckoo; Eurasian Wryneck; European Roller; Gray Francolin; Greater Coucal; Indian Golden Oriole; Jungle Prinia; Laughing Dove; Pied Cuckoo; Red-tailed Shrike; Red-vented Bulbul; Tawny Pipit; Tree Pipit; White-tailed Iora","n_species":16,"focal_species_seen":"European Roller; Red-tailed Shrike","focal_species_slugs":"european-roller;red-tailed-shrike","has_focal":true,"GRID_CODE":"GJ-KU-BHU-155","DISTRICT":"Kachchh","BLOCK":"Bhuj"},"geometry":{"type":"Point","coordinates":[69.6540633,23.11182]}},{"type":"Feature","properties":{"GROUP.ID":"G15598071","LOCALITY":"T37G1","LATITUDE":23.0212334,"LONGITUDE":68.881404,"OBSERVATION.DATE":"2025-09-21","OBSERVER.ID":"obsr494050","DURATION.MINUTES":48.0,"SAMPLING.EVENT.IDENTIFIER":"S274574335","species_list":"Baya Weaver; Black-headed Ibis; Black Drongo; Citrine Wagtail; Common Babbler; Common Hoopoe; Common Redshank; Common Sandpiper; Crested Lark; Delicate Prinia; Desert Wheatear; Eurasian Collared-Dove; Eurasian Curlew; Gray Francolin; Gray Heron; Great Egret; Great Gray Shrike; Great Thick-knee; Greater Flamingo; Greater Short-toed Lark; Greater Whitethroat; Gull-billed Tern; Indian Spot-billed Duck; Isabelline Shrike; Isabelline Wheatear; Kentish Plover; Laughing Dove; Lesser Black-backed Gull; Lesser Whitethroat; Little Swift; Paddyfield Pipit; Pied Kingfisher; Rain Quail; Red-wattled Lapwing; River Tern; Rosy Starling; Rufous-fronted Prinia; Sand Lark; Spotted Flycatcher; Tawny Pipit; Tibetan Sand-Plover; Tree Pipit; Western Reef-Heron; Western Yellow Wagtail","n_species":44,"focal_species_seen":"Greater Whitethroat; Spotted Flycatcher","focal_species_slugs":"greater-whitethroat;spotted-flycatcher","has_focal":true,"GRID_CODE":"GJ-KU-ABD-087","DISTRICT":"Kachchh","BLOCK":"Abdasa"},"geometry":{"type":"Point","coordinates":[68.881404,23.0212334]}},{"type":"Feature","properties":{"GROUP.ID":"G15605491","LOCALITY":"T42G1","LATITUDE":23.587332,"LONGITUDE":68.866936,"OBSERVATION.DATE":"2025-09-20","OBSERVER.ID":"obsr3493619","DURATION.MINUTES":60.0,"SAMPLING.EVENT.IDENTIFIER":"S274574654","species_list":"Ashy-crowned Sparrow-Lark; Barn Swallow; Bay-backed Shrike; Baya Weaver; Black-winged Stilt; Common Sandpiper; Crested Lark; Eurasian Coot; European Roller; Glossy Ibis; Gray-necked Bunting; Gray Francolin; Indian Pond-Heron; Little Egret; Long-tailed Shrike; Red-vented Bulbul; Red-wattled Lapwing; River Tern; Rosy Starling; Small Minivet","n_species":20,"focal_species_seen":"European Roller","focal_species_slugs":"european-roller","has_focal":true,"GRID_CODE":"GJ-KU-LAK-052","DISTRICT":"Kachchh","BLOCK":"Lakhpat"},"geometry":{"type":"Point","coordinates":[68.866936,23.587332]}},{"type":"Feature","properties":{"GROUP.ID":"G15597544","LOCALITY":"T49 G3 Jadwa - Ber Moti Village Road, Maniara, Gujarat, IN (23.479, 68.604)","LATITUDE":23.4790742,"LONGITUDE":68.6044955,"OBSERVATION.DATE":"2025-09-21","OBSERVER.ID":"obsr369333","DURATION.MINUTES":64.0,"SAMPLING.EVENT.IDENTIFIER":"S274574764","species_list":"Asian Green Bee-eater; Bay-backed Shrike; Baya Weaver; Black-winged Stilt; Black Drongo; Brown Rock Chat; Common Hoopoe; Common Sandpiper; Eastern Cattle-Egret; Eurasian Collared-Dove; Eurasian Coot; European Roller; Glossy Ibis; Gray Francolin; Great Egret; Gull-billed Tern; Indian Golden Oriole; Indian Peafowl; Indian Pond-Heron; Indian Spot-billed Duck; Laughing Dove; Lesser Whitethroat; Little Cormorant; Little Grebe; Medium Egret; Purple Sunbird; Red-backed Shrike; Red-naped Ibis; Red-vented Bulbul; Red-wattled Lapwing; Red Collared-Dove; River Tern; Rosy Starling; Whiskered Tern; White-eared Bulbul; Wood Sandpiper; Yellow-throated Sparrow; Yellow-wattled Lapwing","n_species":38,"focal_species_seen":"European Roller; Red-backed Shrike","focal_species_slugs":"european-roller;red-backed-shrike","has_focal":true,"GRID_CODE":"GJ-KU-ABD-001","DISTRICT":"Kachchh","BLOCK":"Abdasa"},"geometry":{"type":"Point","coordinates":[68.6044955,23.4790742]}},{"type":"Feature","properties":{"GROUP.ID":"G15597331","LOCALITY":"T33 G3","LATITUDE":23.0515717,"LONGITUDE":69.3473283,"OBSERVATION.DATE":"2025-09-21","OBSERVER.ID":"obsr644177","DURATION.MINUTES":81.0,"SAMPLING.EVENT.IDENTIFIER":"S274575703","species_list":"Ashy-crowned Sparrow-Lark; Asian Green Bee-eater; Bay-backed Shrike; Baya Weaver; Black-crowned Night Heron; Black Drongo; Common Babbler; Common Hoopoe; Common Kingfisher; Common Sandpiper; Common Tailorbird; Common Woodshrike; Crested Lark; Eastern Cattle-Egret; Eurasian Collared-Dove; Eurasian Hobby; Glossy Ibis; Gray-necked Bunting; Gray Francolin; Gray Heron; Great Egret; Indian Bushlark; Indian Peafowl; Indian Pond-Heron; Indian Robin; Indian Silverbill; Jungle Prinia; Laughing Dove; Little Cormorant; Little Egret; Little Swift; Long-tailed Shrike; Paddyfield Pipit; Pied Cuckoo; Pied Kingfisher; Plain Prinia; Purple Heron; Purple Sunbird; Red-vented Bulbul; Red-wattled Lapwing; Red Collared-Dove; River Tern; Rufous-fronted Prinia; Spotted Flycatcher; Tawny Lark; Tawny Pipit; Variable Wheatear; Western Marsh Harrier; White-tailed Iora; White-throated Kingfisher; Wire-tailed Swallow; Yellow-crowned Woodpecker; Yellow-eyed Babbler","n_species":53,"focal_species_seen":"Spotted Flycatcher","focal_species_slugs":"spotted-flycatcher","has_focal":true,"GRID_CODE":"GJ-KU-MAN-013","DISTRICT":"Kachchh","BLOCK":"Mandvi"},"geometry":{"type":"Point","coordinates":[69.3473283,23.0515717]}},{"type":"Feature","properties":{"GROUP.ID":"G15598209","LOCALITY":"Natharkui Vatachhad Road, Kachchh IN-Gujarat 23.32711, 69.47715","LATITUDE":23.327113,"LONGITUDE":69.477146,"OBSERVATION.DATE":"2025-09-21","OBSERVER.ID":"obsr4809686","DURATION.MINUTES":53.0,"SAMPLING.EVENT.IDENTIFIER":"S274575810","species_list":"Ashy-crowned Sparrow-Lark; Asian Green Bee-eater; Brahminy Starling; Common Babbler; Common Woodshrike; European Roller; Gray-breasted Prinia; Gray-necked Bunting; Greater Whitethroat; House Sparrow; Indian Robin; Indian Silverbill; Long-tailed Shrike; Red Collared-Dove; Siberian Stonechat; Sirkeer Malkoha; Spotted Flycatcher; Tawny Pipit; Tree Pipit; Variable Wheatear; Yellow-crowned Woodpecker","n_species":21,"focal_species_seen":"European Roller; Greater Whitethroat; Spotted Flycatcher","focal_species_slugs":"european-roller;greater-whitethroat;spotted-flycatcher","has_focal":true,"GRID_CODE":"GJ-KU-BHU-107","DISTRICT":"Kachchh","BLOCK":"Bhuj"},"geometry":{"type":"Point","coordinates":[69.477146,23.327113]}},{"type":"Feature","properties":{"GROUP.ID":"G15597268","LOCALITY":"T11G5","LATITUDE":23.2549595,"LONGITUDE":70.1939616,"OBSERVATION.DATE":"2025-09-21","OBSERVER.ID":"obsr3226404","DURATION.MINUTES":60.0,"SAMPLING.EVENT.IDENTIFIER":"S274576054","species_list":"Ashy-crowned Sparrow-Lark; Barred Buttonquail; Bay-backed Shrike; Common Babbler; Common Sandpiper; Eastern Cattle-Egret; European Roller; Gray Francolin; Indian Bushlark; Indian Pond-Heron; Indian Silverbill; Laughing Dove; Paddyfield Pipit; Plain Prinia; Purple Heron; Purple Sunbird; Siberian Stonechat; Tawny Pipit; Variable Wheatear; White-throated Kingfisher","n_species":20,"focal_species_seen":"European Roller","focal_species_slugs":"european-roller","has_focal":true,"GRID_CODE":"GJ-KU-ANJ-013","DISTRICT":"Kachchh","BLOCK":"Anjar"},"geometry":{"type":"Point","coordinates":[70.1939616,23.2549595]}},{"type":"Feature","properties":{"GROUP.ID":"G15598276","LOCALITY":"T2G1 - Unnamed Road, Vavdi, Gujarat, IN (23.191, 69.842)","LATITUDE":23.1911839,"LONGITUDE":69.8422137,"OBSERVATION.DATE":"2025-09-21","OBSERVER.ID":"obsr457325","DURATION.MINUTES":58.0,"SAMPLING.EVENT.IDENTIFIER":"S274576103","species_list":"Asian Green Bee-eater; Asian Koel; Black Drongo; Common Babbler; Common Hoopoe; Common Tailorbird; Common Woodshrike; Eastern Cattle-Egret; European Roller; Gray-breasted Prinia; Gray Francolin; Greater Coucal; Indian Peafowl; Indian Robin; Indian Silverbill; Laughing Dove; Little Egret; Long-tailed Shrike; Purple Sunbird; Red-vented Bulbul; Red-wattled Lapwing; Rose-ringed Parakeet; Shikra; Small Minivet; Spotted Flycatcher; White-eared Bulbul; White-throated Kingfisher","n_species":27,"focal_species_seen":"European Roller; Spotted Flycatcher","focal_species_slugs":"european-roller;spotted-flycatcher","has_focal":true,"GRID_CODE":"GJ-KU-BHU-150","DISTRICT":"Kachchh","BLOCK":"Bhuj"},"geometry":{"type":"Point","coordinates":[69.8422137,23.1911839]}},{"type":"Feature","properties":{"GROUP.ID":"G15621595","LOCALITY":"PMC-T4G5, Bharasar Road, Vandh Sim, Gujarat, IN (23.181, 69.582)","LATITUDE":23.1805734,"LONGITUDE":69.5819699,"OBSERVATION.DATE":"2025-09-21","OBSERVER.ID":"obsr1419186","DURATION.MINUTES":60.0,"SAMPLING.EVENT.IDENTIFIER":"S274576162","species_list":"Ashy-crowned Sparrow-Lark; Asian Green Bee-eater; Baya Weaver; Chestnut-bellied Sandgrouse; Common Babbler; Common Hoopoe; Common Tailorbird; Eastern Cattle-Egret; Eurasian Collared-Dove; European Roller; Gray Francolin; Greater Coucal; House Sparrow; Indian Peafowl; Laughing Dove; Lesser Whitethroat; Little Cormorant; Little Egret; Long-tailed Shrike; Oriental Darter; Pied Cuckoo; Red-vented Bulbul; Red-wattled Lapwing; River Tern; Spotted Flycatcher; White-eared Bulbul","n_species":26,"focal_species_seen":"European Roller; Spotted Flycatcher","focal_species_slugs":"european-roller;spotted-flycatcher","has_focal":true,"GRID_CODE":"GJ-KU-BHU-145","DISTRICT":"Kachchh","BLOCK":"Bhuj"},"geometry":{"type":"Point","coordinates":[69.5819699,23.1805734]}},{"type":"Feature","properties":{"GROUP.ID":"G15598341","LOCALITY":"T 27 G 1 Misariyado, Gujarat, IN (23.644, 69.786)","LATITUDE":23.6441159,"LONGITUDE":69.7855768,"OBSERVATION.DATE":"2025-09-21","OBSERVER.ID":"obsr807380","DURATION.MINUTES":42.0,"SAMPLING.EVENT.IDENTIFIER":"S274576207","species_list":"Ashy-crowned Sparrow-Lark; Asian Green Bee-eater; Barred Buttonquail; Black-winged Stilt; Caspian Tern; Common Babbler; Common Hoopoe; Common Tailorbird; European Roller; House Crow; Laughing Dove; Lesser Whitethroat; Montagu's Harrier; Red-wattled Lapwing; Rufous-fronted Prinia; Tawny Pipit; Variable Wheatear; Western Marsh Harrier; White-eared Bulbul; Zitting Cisticola","n_species":20,"focal_species_seen":"European Roller","focal_species_slugs":"european-roller","has_focal":true,"GRID_CODE":"GJ-KU-BHU-065","DISTRICT":"Kachchh","BLOCK":"Bhuj"},"geometry":{"type":"Point","coordinates":[69.7855768,23.6441159]}},{"type":"Feature","properties":{"GROUP.ID":"G15611448","LOCALITY":"Team-50 Grid-1","LATITUDE":23.519463,"LONGITUDE":68.524124,"OBSERVATION.DATE":"2025-09-21","OBSERVER.ID":"obsr753720","DURATION.MINUTES":44.0,"SAMPLING.EVENT.IDENTIFIER":"S274576548","species_list":"Ashy-crowned Sparrow-Lark; Asian Green Bee-eater; Barn Swallow; Bay-backed Shrike; Baya Weaver; Black Drongo; Black Francolin; Blue-cheeked Bee-eater; Common Babbler; Common Hoopoe; Common Tailorbird; Common Woodshrike; Eastern Cattle-Egret; Eurasian Collared-Dove; Eurasian Wryneck; European Roller; Gray-breasted Prinia; Gray Francolin; Great Gray Shrike; Greater Coucal; Indian Peafowl; Indian Robin; Indian Spot-billed Duck; Jungle Prinia; Laughing Dove; Lesser Whistling-Duck; Pied Cuckoo; Plain Prinia; Purple Sunbird; Red-vented Bulbul; Red-wattled Lapwing; Red Collared-Dove; Rose-ringed Parakeet; Rosy Starling; Siberian Stonechat; Small Minivet; Spotted Flycatcher; White-throated Kingfisher; Yellow-eyed Babbler","n_species":39,"focal_species_seen":"Blue-cheeked Bee-eater; European Roller; Spotted Flycatcher","focal_species_slugs":"blue-cheeked-bee-eater;european-roller;spotted-flycatcher","has_focal":true,"GRID_CODE":"GJ-KU-LAK-055","DISTRICT":"Kachchh","BLOCK":"Lakhpat"},"geometry":{"type":"Point","coordinates":[68.524124,23.519463]}},{"type":"Feature","properties":{"GROUP.ID":"G15611790","LOCALITY":"T-20 G-3 Rapar Frh (23.496, 71.02)","LATITUDE":23.4961698,"LONGITUDE":71.0204921,"OBSERVATION.DATE":"2025-09-21","OBSERVER.ID":"obsr2911771","DURATION.MINUTES":76.0,"SAMPLING.EVENT.IDENTIFIER":"S274576632","species_list":"Ashy-crowned Sparrow-Lark; Barn Swallow; Barred Buttonquail; Bay-backed Shrike; Baya Weaver; Black-winged Kite; Blue-cheeked Bee-eater; Blyth's Reed Warbler; Common Babbler; Common Kingfisher; Delicate Prinia; Eastern Cattle-Egret; Eurasian Collared-Dove; Eurasian Coot; Eurasian Spoonbill; Gray Francolin; Green Sandpiper; Indian Bushlark; Indian Roller; Indian Silverbill; Indian Spot-billed Duck; Isabelline Shrike; Laughing Dove; Lesser Whistling-Duck; Lesser Whitethroat; Little Grebe; Little Tern; Long-tailed Shrike; Oriental Darter; Purple Sunbird; Red-vented Bulbul; Rosy Starling; Rufous-tailed Lark; Siberian Stonechat; Sykes's Warbler; Western Marsh Harrier; Whiskered Tern; White-eared Bulbul","n_species":38,"focal_species_seen":"Blue-cheeked Bee-eater","focal_species_slugs":"blue-cheeked-bee-eater","has_focal":true,"GRID_CODE":"GJ-KU-RAP-082","DISTRICT":"Kachchh","BLOCK":"Rapar"},"geometry":{"type":"Point","coordinates":[71.0204921,23.4961698]}},{"type":"Feature","properties":{"GROUP.ID":"G15597287","LOCALITY":"T6G3","LATITUDE":22.9075444,"LONGITUDE":69.3860027,"OBSERVATION.DATE":"2025-09-21","OBSERVER.ID":"obsr1055226","DURATION.MINUTES":66.0,"SAMPLING.EVENT.IDENTIFIER":"S274577074","species_list":"Asian Green Bee-eater; Asian Koel; Black Drongo; Blyth's Reed Warbler; Common Babbler; Common Hoopoe; Common Tailorbird; Common Woodshrike; Eurasian Spoonbill; Greater Coucal; House Crow; House Sparrow; Indian Golden Oriole; Indian Robin; Laughing Dove; Lesser Whitethroat; Pied Cuckoo; Plain Prinia; Purple Sunbird; Red-naped Ibis; Red-vented Bulbul; Red-wattled Lapwing; Rosy Starling; Rufous-fronted Prinia; Savanna Nightjar; White-eared Bulbul; White-tailed Iora; White-throated Kingfisher; Wire-tailed Swallow","n_species":29,"focal_species_seen":"","focal_species_slugs":"","has_focal":false,"GRID_CODE":"GJ-KU-MAN-042","DISTRICT":"Kachchh","BLOCK":"Mandvi"},"geometry":{"type":"Point","coordinates":[69.3860027,22.9075444]}},{"type":"Feature","properties":{"GROUP.ID":"G15597321","LOCALITY":"T10G3","LATITUDE":22.9625584,"LONGITUDE":69.9119657,"OBSERVATION.DATE":"2025-09-21","OBSERVER.ID":"obsr3339457","DURATION.MINUTES":67.0,"SAMPLING.EVENT.IDENTIFIER":"S274577728","species_list":"Asian Green Bee-eater; Barn Swallow; Bay-backed Shrike; Baya Weaver; Black-winged Stilt; Blue-cheeked Bee-eater; Brahminy Starling; Common Babbler; Common Kingfisher; Common Tailorbird; Eastern Cattle-Egret; Eastern Red-rumped Swallow; Eurasian Collared-Dove; Eurasian Coot; Eurasian Moorhen; European Roller; Gray-headed Swamphen; Gray Francolin; Gray Heron; Green Sandpiper; Gull-billed Tern; House Sparrow; Indian Robin; Indian Roller; Indian Silverbill; Indian Spot-billed Duck; Jungle Prinia; Knob-billed Duck; Laughing Dove; Lesser Whistling-Duck; Little Cormorant; Little Egret; Little Grebe; Little Tern; Oriental Darter; Plain Prinia; Purple Heron; Purple Sunbird; Red-backed Shrike; Red-tailed Shrike; River Tern; Scaly-breasted Munia; Spotted Flycatcher; Streak-throated Swallow; Western Marsh Harrier; Western Reef-Heron; Western Yellow Wagtail; Whiskered Tern; White-eared Bulbul; White-throated Kingfisher; Wire-tailed Swallow; Zitting Cisticola","n_species":52,"focal_species_seen":"Blue-cheeked Bee-eater; European Roller; Red-backed Shrike; Red-tailed Shrike; Spotted Flycatcher","focal_species_slugs":"blue-cheeked-bee-eater;european-roller;red-backed-shrike;red-tailed-shrike;spotted-flycatcher","has_focal":true,"GRID_CODE":"GJ-KU-ANJ-039","DISTRICT":"Kachchh","BLOCK":"Anjar"},"geometry":{"type":"Point","coordinates":[69.9119657,22.9625584]}},{"type":"Feature","properties":{"GROUP.ID":"G15597685","LOCALITY":"T22G1_Kanmer","LATITUDE":23.4105006,"LONGITUDE":70.8574005,"OBSERVATION.DATE":"2025-09-21","OBSERVER.ID":"obsr3084861","DURATION.MINUTES":73.0,"SAMPLING.EVENT.IDENTIFIER":"S274577988","species_list":"Ashy-crowned Sparrow-Lark; Asian Green Bee-eater; Bank Myna; Baya Weaver; Common Babbler; Common Hoopoe; Common Tailorbird; Eurasian Collared-Dove; Eurasian Wryneck; European Roller; Glossy Ibis; Gray Francolin; Greater Coucal; Greater Flamingo; Indian Peafowl; Indian Pond-Heron; Indian Robin; Indian Silverbill; Indian Spot-billed Duck; Isabelline Shrike; Knob-billed Duck; Lesser Whistling-Duck; Lesser Whitethroat; Little Cormorant; Little Egret; Little Grebe; Oriental Darter; Paddyfield Pipit; Pied Cuckoo; Plain Prinia; Purple Sunbird; Red-vented Bulbul; Red-wattled Lapwing; River Tern; Streak-throated Swallow; White-eared Bulbul","n_species":36,"focal_species_seen":"European Roller","focal_species_slugs":"european-roller","has_focal":true,"GRID_CODE":"GJ-KU-RAP-089","DISTRICT":"Kachchh","BLOCK":"Rapar"},"geometry":{"type":"Point","coordinates":[70.8574005,23.4105006]}},{"type":"Feature","properties":{"GROUP.ID":"G15597396","LOCALITY":"Rapar, Kachchh IN-Gujarat 23.66636, 70.85739","LATITUDE":23.666364,"LONGITUDE":70.857386,"OBSERVATION.DATE":"2025-09-21","OBSERVER.ID":"obsr1586010","DURATION.MINUTES":53.0,"SAMPLING.EVENT.IDENTIFIER":"S274578666","species_list":"Ashy-crowned Sparrow-Lark; Asian Green Bee-eater; Barred Buttonquail; Baya Weaver; Common Babbler; Common Sandpiper; Common Tailorbird; Eastern Cattle-Egret; Eurasian Collared-Dove; Eurasian Spoonbill; European Roller; Gray Francolin; Greater Coucal; Greater Short-toed Lark; House Crow; House Sparrow; Indian Bushlark; Indian Silverbill; Indian Spot-billed Duck; Isabelline Shrike; Laughing Dove; Little Cormorant; Little Egret; Little Swift; Montagu's Harrier; Paddyfield Pipit; Plain Prinia; Purple Heron; Red-vented Bulbul; Red-wattled Lapwing; River Tern; Rufous-tailed Lark; Siberian Stonechat; Western Marsh Harrier; White-eared Bulbul; Zitting Cisticola","n_species":36,"focal_species_seen":"European Roller","focal_species_slugs":"european-roller","has_focal":true,"GRID_CODE":"GJ-KU-RAP-035","DISTRICT":"Kachchh","BLOCK":"Rapar"},"geometry":{"type":"Point","coordinates":[70.857386,23.666364]}},{"type":"Feature","properties":{"GROUP.ID":"G15597492","LOCALITY":"T41G2 Nara Road, Kachchh, Gujarat, IN (23.636, 69.057)","LATITUDE":23.6361694,"LONGITUDE":69.0566977,"OBSERVATION.DATE":"2025-09-21","OBSERVER.ID":"obsr1332746","DURATION.MINUTES":72.0,"SAMPLING.EVENT.IDENTIFIER":"S274580680","species_list":"Asian Green Bee-eater; Barred Buttonquail; Baya Weaver; Black Drongo; Common Woodshrike; Eurasian Collared-Dove; European Roller; Gray-necked Bunting; Gray Francolin; Indian Bushlark; Indian Silverbill; Isabelline Shrike; Jungle Prinia; Lesser Whistling-Duck; Pied Cuckoo; Red-tailed Shrike; Red-vented Bulbul; Red-wattled Lapwing; Red Collared-Dove; Rose-ringed Parakeet; Rosy Starling; Rufous-fronted Prinia; Siberian Stonechat; White-bellied Minivet; White-eared Bulbul; White-tailed Iora","n_species":26,"focal_species_seen":"European Roller; Red-tailed Shrike","focal_species_slugs":"european-roller;red-tailed-shrike","has_focal":true,"GRID_CODE":"GJ-KU-LAK-042","DISTRICT":"Kachchh","BLOCK":"Lakhpat"},"geometry":{"type":"Point","coordinates":[69.0566977,23.6361694]}},{"type":"Feature","properties":{"GROUP.ID":"G15597510","LOCALITY":"T43G3","LATITUDE":23.7061206,"LONGITUDE":69.0131001,"OBSERVATION.DATE":"2025-09-20","OBSERVER.ID":"obsr1493800","DURATION.MINUTES":56.0,"SAMPLING.EVENT.IDENTIFIER":"S274580848","species_list":"Ashy-crowned Sparrow-Lark; Bay-backed Shrike; Eurasian Collared-Dove; European Roller; Gray-breasted Prinia; Gray Francolin; Indian Nightjar; Indian Spot-billed Duck; Laughing Dove; Lesser Whitethroat; Paddyfield Pipit; Purple Sunbird; Red-vented Bulbul; Shikra; Small Minivet; Variable Wheatear","n_species":16,"focal_species_seen":"European Roller","focal_species_slugs":"european-roller","has_focal":true,"GRID_CODE":"GJ-KU-LAK-027","DISTRICT":"Kachchh","BLOCK":"Lakhpat"},"geometry":{"type":"Point","coordinates":[69.0131001,23.7061206]}},{"type":"Feature","properties":{"GROUP.ID":"G15598207","LOCALITY":"T13G2 Sati Toral Temple, Ulat","LATITUDE":23.381764,"LONGITUDE":69.415476,"OBSERVATION.DATE":"2025-09-21","OBSERVER.ID":"obsr4809686","DURATION.MINUTES":52.0,"SAMPLING.EVENT.IDENTIFIER":"S274582609","species_list":"Asian Green Bee-eater; Common Babbler; Common Tailorbird; Common Woodshrike; Dusky Crag-Martin; Eastern Red-rumped Swallow; European Roller; Gray Francolin; Indian Robin; Indian Silverbill; Jungle Prinia; Laughing Dove; Pied Cuckoo; Purple Sunbird; Red-vented Bulbul; Rose-ringed Parakeet; Spotted Flycatcher; White-eared Bulbul; White-naped Tit; Yellow-throated Sparrow","n_species":20,"focal_species_seen":"European Roller; Spotted Flycatcher","focal_species_slugs":"european-roller;spotted-flycatcher","has_focal":true,"GRID_CODE":"GJ-KU-NAK-048","DISTRICT":"Kachchh","BLOCK":"Nakhatrana"},"geometry":{"type":"Point","coordinates":[69.415476,23.381764]}},{"type":"Feature","properties":{"GROUP.ID":"G15597563","LOCALITY":"T10G4","LATITUDE":23.0112755,"LONGITUDE":70.0229176,"OBSERVATION.DATE":"2025-09-21","OBSERVER.ID":"obsr3339457","DURATION.MINUTES":63.0,"SAMPLING.EVENT.IDENTIFIER":"S274582778","species_list":"Asian Green Bee-eater; Barn Swallow; Baya Weaver; Black-winged Stilt; Black Drongo; Blue-cheeked Bee-eater; Brahminy Starling; Chestnut-bellied Sandgrouse; Common Babbler; Common Kingfisher; Common Sandpiper; Eastern Cattle-Egret; Eurasian Collared-Dove; Eurasian Spoonbill; Glossy Ibis; Gray Francolin; Gray Heron; Greater Coucal; Indian Cormorant; Indian Peafowl; Indian Pond-Heron; Indian Robin; Indian Silverbill; Indian Spot-billed Duck; Jungle Prinia; Laughing Dove; Little Cormorant; Little Egret; Little Grebe; Medium Egret; Oriental Darter; Painted Stork; Pied Cuckoo; Pied Kingfisher; Plain Prinia; Purple Heron; Purple Sunbird; Red-wattled Lapwing; River Tern; Rose-ringed Parakeet; Spotted Flycatcher; Western Reef-Heron; Whiskered Tern; White-throated Kingfisher; Zitting Cisticola","n_species":45,"focal_species_seen":"Blue-cheeked Bee-eater; Spotted Flycatcher","focal_species_slugs":"blue-cheeked-bee-eater;spotted-flycatcher","has_focal":true,"GRID_CODE":"GJ-KU-GAN-004","DISTRICT":"Kachchh","BLOCK":"Gandhidham"},"geometry":{"type":"Point","coordinates":[70.0229176,23.0112755]}},{"type":"Feature","properties":{"GROUP.ID":"G15598097","LOCALITY":"T29G1","LATITUDE":23.8882,"LONGITUDE":69.768745,"OBSERVATION.DATE":"2025-09-20","OBSERVER.ID":"obsr2395706","DURATION.MINUTES":62.0,"SAMPLING.EVENT.IDENTIFIER":"S274584040","species_list":"Ashy-crowned Sparrow-Lark; Asian Green Bee-eater; Baya Weaver; Black-winged Kite; Black Drongo; Black Francolin; Chestnut-bellied Sandgrouse; Common Babbler; Common Hoopoe; Common Tailorbird; Crested Lark; Eastern Cattle-Egret; Eastern Red-rumped Swallow; Eurasian Collared-Dove; Eurasian Kestrel; Eurasian Sparrowhawk; European Roller; Great Gray Shrike; Greater Short-toed Lark; House Crow; House Sparrow; Indian Robin; Indian Silverbill; Indian Spot-billed Duck; Isabelline Shrike; Isabelline Wheatear; Laughing Dove; Lesser Whitethroat; Oriental Honey-buzzard; Paddyfield Pipit; Painted Sandgrouse; Purple Sunbird; Red-vented Bulbul; Rufous-fronted Prinia; Rufous-tailed Lark; Siberian Stonechat; Sirkeer Malkoha; Spotted Flycatcher; Tawny Pipit; Variable Wheatear; White-eared Bulbul; Yellow-throated Sparrow","n_species":42,"focal_species_seen":"European Roller; Spotted Flycatcher","focal_species_slugs":"european-roller;spotted-flycatcher","has_focal":true,"GRID_CODE":"GJ-KU-BHU-006","DISTRICT":"Kachchh","BLOCK":"Bhuj"},"geometry":{"type":"Point","coordinates":[69.768745,23.8882]}},{"type":"Feature","properties":{"GROUP.ID":"G15597684","LOCALITY":"T22_Mevasa_no_grid","LATITUDE":23.3913275,"LONGITUDE":70.7228072,"OBSERVATION.DATE":"2025-09-21","OBSERVER.ID":"obsr3084861","DURATION.MINUTES":30.0,"SAMPLING.EVENT.IDENTIFIER":"S274584279","species_list":"Ashy-crowned Sparrow-Lark; Asian Green Bee-eater; Baya Weaver; Black-winged Stilt; Common Sandpiper; Eastern Cattle-Egret; Glossy Ibis; Indian Spot-billed Duck; Laughing Dove; Little Grebe; Paddyfield Pipit; Red-wattled Lapwing; Whiskered Tern; White-throated Kingfisher","n_species":14,"focal_species_seen":"","focal_species_slugs":"","has_focal":false,"GRID_CODE":"GJ-KU-RAP-093","DISTRICT":"Kachchh","BLOCK":"Rapar"},"geometry":{"type":"Point","coordinates":[70.7228072,23.3913275]}},{"type":"Feature","properties":{"GROUP.ID":"G15598096","LOCALITY":"T29G3","LATITUDE":23.92693,"LONGITUDE":69.806721,"OBSERVATION.DATE":"2025-09-21","OBSERVER.ID":"obsr2395706","DURATION.MINUTES":32.0,"SAMPLING.EVENT.IDENTIFIER":"S274584460","species_list":"Asian Green Bee-eater; Black Drongo; Black Redstart; Chestnut-bellied Sandgrouse; Common Babbler; Common Cuckoo; Common Hoopoe; Common Tailorbird; Eastern Red-rumped Swallow; Eurasian Collared-Dove; Eurasian Kestrel; Eurasian Wryneck; European Roller; Gray-breasted Prinia; Gray Francolin; House Crow; House Sparrow; Indian Robin; Indian Silverbill; Indian Spot-billed Duck; Laughing Dove; Lesser Whitethroat; Long-tailed Shrike; Paddyfield Pipit; Pied Cuckoo; Purple Sunbird; Red-vented Bulbul; Red-wattled Lapwing; Rufous-fronted Prinia; Sirkeer Malkoha; Sykes's Warbler; Tawny Pipit; Tree Pipit; Western Marsh Harrier; White-eared Bulbul; White-throated Kingfisher","n_species":36,"focal_species_seen":"Common Cuckoo; European Roller","focal_species_slugs":"common-cuckoo;european-roller","has_focal":true,"GRID_CODE":"GJ-KU-BHU-003","DISTRICT":"Kachchh","BLOCK":"Bhuj"},"geometry":{"type":"Point","coordinates":[69.806721,23.92693]}},{"type":"Feature","properties":{"GROUP.ID":"G15597688","LOCALITY":"T11G2","LATITUDE":23.1302313,"LONGITUDE":70.1896424,"OBSERVATION.DATE":"2025-09-21","OBSERVER.ID":"obsr3226404","DURATION.MINUTES":65.0,"SAMPLING.EVENT.IDENTIFIER":"S274584486","species_list":"Ashy-crowned Sparrow-Lark; Barred Buttonquail; Bay-backed Shrike; Black-headed Ibis; Common Kingfisher; Eurasian Moorhen; Eurasian Spoonbill; European Roller; Indian Spot-billed Duck; Little Cormorant; Little Ringed Plover; Little Stint; Pied Cuckoo; Pied Kingfisher; Purple Sunbird; Red-wattled Lapwing; River Tern; Rosy Starling; Spotted Flycatcher; Western Marsh Harrier; Western Yellow Wagtail; Yellow-wattled Lapwing","n_species":22,"focal_species_seen":"European Roller; Spotted Flycatcher","focal_species_slugs":"european-roller;spotted-flycatcher","has_focal":true,"GRID_CODE":"GJ-KU-GAN-001","DISTRICT":"Kachchh","BLOCK":"Gandhidham"},"geometry":{"type":"Point","coordinates":[70.1896424,23.1302313]}},{"type":"Feature","properties":{"GROUP.ID":"G15597665","LOCALITY":"T6G5","LATITUDE":22.9993348,"LONGITUDE":69.4108047,"OBSERVATION.DATE":"2025-09-20","OBSERVER.ID":"obsr6551261","DURATION.MINUTES":78.0,"SAMPLING.EVENT.IDENTIFIER":"S274585523","species_list":"Asian Green Bee-eater; Baya Weaver; Black Drongo; Brahminy Starling; Common Babbler; Common Tailorbird; Eastern Cattle-Egret; Eurasian Collared-Dove; Gray Francolin; Great Egret; Greater Whitethroat; House Sparrow; Indian Golden Oriole; Indian Peafowl; Indian Robin; Indian Silverbill; Jungle Prinia; Laughing Dove; Lesser Whitethroat; Little Egret; Long-billed Pipit; Paddyfield Pipit; Purple Sunbird; Red-vented Bulbul; Red-wattled Lapwing; Red Collared-Dove; Rosy Starling; Small Minivet; Spotted Flycatcher; White-eyed Buzzard; White-tailed Iora","n_species":31,"focal_species_seen":"Greater Whitethroat; Spotted Flycatcher","focal_species_slugs":"greater-whitethroat;spotted-flycatcher","has_focal":true,"GRID_CODE":"GJ-KU-MAN-024","DISTRICT":"Kachchh","BLOCK":"Mandvi"},"geometry":{"type":"Point","coordinates":[69.4108047,22.9993348]}},{"type":"Feature","properties":{"GROUP.ID":"G15598059","LOCALITY":"T28G3","LATITUDE":23.839347,"LONGITUDE":69.8081294,"OBSERVATION.DATE":"2025-09-20","OBSERVER.ID":"obsr824401","DURATION.MINUTES":54.0,"SAMPLING.EVENT.IDENTIFIER":"S274586312","species_list":"Ashy-crowned Sparrow-Lark; Asian Green Bee-eater; Bay-backed Shrike; Baya Weaver; Black-winged Kite; Black Drongo; Chestnut-bellied Sandgrouse; Common Babbler; Common Hoopoe; Common Tailorbird; Crested Lark; Eastern Cattle-Egret; Eastern Red-rumped Swallow; Eurasian Collared-Dove; European Roller; Gray Francolin; House Sparrow; Indian Robin; Indian Silverbill; Laughing Dove; Long-tailed Shrike; Paddyfield Pipit; Plain Prinia; Purple Sunbird; Red-vented Bulbul; Red-wattled Lapwing; Red Collared-Dove; Rosy Starling; Rufous-fronted Prinia; Spotted Flycatcher; White-eared Bulbul; White-throated Kingfisher; Wire-tailed Swallow; Yellow-throated Sparrow","n_species":34,"focal_species_seen":"European Roller; Spotted Flycatcher","focal_species_slugs":"european-roller;spotted-flycatcher","has_focal":true,"GRID_CODE":"GJ-KU-BHU-012","DISTRICT":"Kachchh","BLOCK":"Bhuj"},"geometry":{"type":"Point","coordinates":[69.8081294,23.839347]}},{"type":"Feature","properties":{"GROUP.ID":"G15597714","LOCALITY":"Hajipir Road, Kachchh, Gujarat, IN (23.64, 69.168)","LATITUDE":23.6395754,"LONGITUDE":69.1682122,"OBSERVATION.DATE":"2025-09-21","OBSERVER.ID":"obsr1332746","DURATION.MINUTES":45.0,"SAMPLING.EVENT.IDENTIFIER":"S274587993","species_list":"Asian Green Bee-eater; Black-winged Stilt; Blue-cheeked Bee-eater; Common Babbler; Common Greenshank; Common Redshank; Eastern Red-rumped Swallow; Gray Heron; Greater Flamingo; Green Sandpiper; Gull-billed Tern; House Sparrow; Indian Pond-Heron; Indian Spot-billed Duck; Isabelline Shrike; Knob-billed Duck; Laughing Dove; Lesser Whistling-Duck; Little Cormorant; Little Egret; Little Ringed Plover; Little Stint; Little Tern; Marsh Sandpiper; Medium Egret; Oriental Darter; Painted Stork; River Tern; Rosy Starling; Siberian Stonechat; Temminck's Stint; Tibetan Sand-Plover; Western Reef-Heron; Whiskered Tern; Wire-tailed Swallow","n_species":35,"focal_species_seen":"Blue-cheeked Bee-eater","focal_species_slugs":"blue-cheeked-bee-eater","has_focal":true,"GRID_CODE":"GJ-KU-BHU-053","DISTRICT":"Kachchh","BLOCK":"Bhuj"},"geometry":{"type":"Point","coordinates":[69.1682122,23.6395754]}},{"type":"Feature","properties":{"GROUP.ID":"G15597741","LOCALITY":"T28G1","LATITUDE":23.7867858,"LONGITUDE":69.6880234,"OBSERVATION.DATE":"2025-09-21","OBSERVER.ID":"obsr824401","DURATION.MINUTES":60.0,"SAMPLING.EVENT.IDENTIFIER":"S274588886","species_list":"Ashy-crowned Sparrow-Lark; Black-headed Ibis; Black-winged Stilt; Common Hoopoe; Common Sandpiper; Crested Lark; Eastern Red-rumped Swallow; Eurasian Collared-Dove; Eurasian Spoonbill; Garganey; Gray Heron; Great Thick-knee; Greater Sand-Plover; Gull-billed Tern; Indian Bushlark; Indian Pond-Heron; Indian Spot-billed Duck; Indian Thick-knee; Isabelline Wheatear; Kentish Plover; Laughing Dove; Lesser Whistling-Duck; Little Cormorant; Little Egret; Little Ringed Plover; Little Stint; Little Swift; Medium Egret; Paddyfield Pipit; Painted Stork; Pied Avocet; Plain Prinia; Red-wattled Lapwing; River Tern; Rufous-fronted Prinia; Spotted Redshank; Temminck's Stint; Western Marsh Harrier; Western Reef-Heron; Whiskered Tern; Wire-tailed Swallow","n_species":41,"focal_species_seen":"","focal_species_slugs":"","has_focal":false,"GRID_CODE":"GJ-KU-RAN-505","DISTRICT":"Kachchh","BLOCK":"Rann of Kachchh"},"geometry":{"type":"Point","coordinates":[69.6880234,23.7867858]}},{"type":"Feature","properties":{"GROUP.ID":"G15590022","LOCALITY":"T6 G1","LATITUDE":22.7874409,"LONGITUDE":69.4442911,"OBSERVATION.DATE":"2025-09-20","OBSERVER.ID":"obsr1284486","DURATION.MINUTES":69.0,"SAMPLING.EVENT.IDENTIFIER":"S274589147","species_list":"Asian Green Bee-eater; Barn Swallow; Black Drongo; Common Babbler; Common Tailorbird; Crested Lark; Eurasian Collared-Dove; Eurasian Curlew; Eurasian Spoonbill; European Roller; Gray Francolin; Great Thick-knee; Greater Coucal; Greater Sand-Plover; Gull-billed Tern; House Crow; Indian Bushlark; Indian Silverbill; Kentish Plover; Laughing Dove; Lesser Black-backed Gull; Lesser Whitethroat; Little Stint; Montagu's Harrier; Paddyfield Pipit; Purple Sunbird; Red-vented Bulbul; Red-wattled Lapwing; River Tern; Rose-ringed Parakeet; Sand Lark; Sanderling; Shikra; Spotted Flycatcher; Terek Sandpiper; Western Marsh Harrier; White-eared Bulbul; White-throated Kingfisher; Wire-tailed Swallow","n_species":39,"focal_species_seen":"European Roller; Spotted Flycatcher","focal_species_slugs":"european-roller;spotted-flycatcher","has_focal":true,"GRID_CODE":"GJ-KU-MAN-052","DISTRICT":"Kachchh","BLOCK":"Mandvi"},"geometry":{"type":"Point","coordinates":[69.4442911,22.7874409]}},{"type":"Feature","properties":{"GROUP.ID":"G15597745","LOCALITY":"T28G4","LATITUDE":23.8193993,"LONGITUDE":69.8800696,"OBSERVATION.DATE":"2025-09-20","OBSERVER.ID":"obsr824401","DURATION.MINUTES":53.0,"SAMPLING.EVENT.IDENTIFIER":"S274589249","species_list":"Ashy-crowned Sparrow-Lark; Asian Green Bee-eater; Bay-backed Shrike; Black Drongo; Brahminy Starling; Chestnut-bellied Sandgrouse; Common Babbler; Common Hoopoe; Common Tailorbird; Crested Lark; Eurasian Collared-Dove; European Roller; Gray Francolin; House Sparrow; Indian Robin; Indian Silverbill; Laughing Dove; Long-tailed Shrike; Paddyfield Pipit; Plain Prinia; Purple Sunbird; Red-vented Bulbul; Red-wattled Lapwing; Red Collared-Dove; Rosy Starling; Spotted Flycatcher; Variable Wheatear; White-eared Bulbul; Yellow-throated Sparrow","n_species":29,"focal_species_seen":"European Roller; Spotted Flycatcher","focal_species_slugs":"european-roller;spotted-flycatcher","has_focal":true,"GRID_CODE":"GJ-KU-BHU-013","DISTRICT":"Kachchh","BLOCK":"Bhuj"},"geometry":{"type":"Point","coordinates":[69.8800696,23.8193993]}},{"type":"Feature","properties":{"GROUP.ID":"G15605148","LOCALITY":"T15G2","LATITUDE":23.5257262,"LONGITUDE":69.3976883,"OBSERVATION.DATE":"2025-09-21","OBSERVER.ID":"obsr655393","DURATION.MINUTES":61.0,"SAMPLING.EVENT.IDENTIFIER":"S274589363","species_list":"Ashy-crowned Sparrow-Lark; Asian Green Bee-eater; Black-headed Ibis; Black-winged Stilt; Black Drongo; Black Redstart; Common Babbler; Common Kingfisher; Common Sandpiper; Common Tailorbird; Delicate Prinia; Eastern Cattle-Egret; Eurasian Collared-Dove; European Roller; Garganey; Gray-breasted Prinia; Gray Francolin; Great Egret; Greater Coucal; Greater Short-toed Lark; House Crow; House Sparrow; Indian Peafowl; Indian Pond-Heron; Indian Silverbill; Indian Spot-billed Duck; Laughing Dove; Lesser Whitethroat; Little Cormorant; Little Egret; Little Grebe; Long-tailed Shrike; Medium Egret; Montagu's Harrier; Purple Sunbird; Red-vented Bulbul; Red-wattled Lapwing; River Tern; Rufous-tailed Lark; Spotted Flycatcher; Temminck's Stint; White-breasted Waterhen; White-eared Bulbul; White-tailed Iora; White-throated Kingfisher; Wire-tailed Swallow; Wood Sandpiper","n_species":47,"focal_species_seen":"European Roller; Spotted Flycatcher","focal_species_slugs":"european-roller;spotted-flycatcher","has_focal":true,"GRID_CODE":"GJ-KU-LIT-023","DISTRICT":"Kachchh","BLOCK":"Little Rann"},"geometry":{"type":"Point","coordinates":[69.3976883,23.5257262]}},{"type":"Feature","properties":{"GROUP.ID":"G15597875","LOCALITY":"T46G4PMC2025","LATITUDE":23.5089917,"LONGITUDE":68.877089,"OBSERVATION.DATE":"2025-09-21","OBSERVER.ID":"obsr683934","DURATION.MINUTES":60.0,"SAMPLING.EVENT.IDENTIFIER":"S274590660","species_list":"Ashy-crowned Sparrow-Lark; Asian Green Bee-eater; Bay-backed Shrike; Black Drongo; Common Babbler; Common Hoopoe; Common Sandpiper; Eastern Cattle-Egret; Eastern Red-rumped Swallow; Eurasian Collared-Dove; European Roller; Glossy Ibis; Gray Francolin; Great Gray Shrike; Greater Whitethroat; House Crow; Indian Bushlark; Indian Peafowl; Indian Pond-Heron; Indian Roller; Isabelline Shrike; Laughing Dove; Lesser Whistling-Duck; Little Egret; Little Grebe; Long-billed Pipit; Montagu's Harrier; Oriental Honey-buzzard; Paddyfield Pipit; Painted Sandgrouse; Purple Sunbird; Red-vented Bulbul; Red-wattled Lapwing; Rosy Starling; Rufous-fronted Prinia; Spotted Flycatcher; Tawny Pipit; White-eared Bulbul; White-tailed Iora; White-throated Kingfisher; Yellow-throated Sparrow; Yellow-wattled Lapwing","n_species":42,"focal_species_seen":"European Roller; Greater Whitethroat; Spotted Flycatcher","focal_species_slugs":"european-roller;greater-whitethroat;spotted-flycatcher","has_focal":true,"GRID_CODE":"GJ-KU-LAK-070","DISTRICT":"Kachchh","BLOCK":"Lakhpat"},"geometry":{"type":"Point","coordinates":[68.877089,23.5089917]}},{"type":"Feature","properties":{"GROUP.ID":"G15597874","LOCALITY":"T46G2-PMC2025","LATITUDE":23.4447214,"LONGITUDE":68.9359683,"OBSERVATION.DATE":"2025-09-21","OBSERVER.ID":"obsr683934","DURATION.MINUTES":45.0,"SAMPLING.EVENT.IDENTIFIER":"S274590943","species_list":"Ashy-crowned Sparrow-Lark; Baya Weaver; Brahminy Starling; Common Hoopoe; Common Kingfisher; Common Myna; Common Tailorbird; Eastern Red-rumped Swallow; Eurasian Collared-Dove; Eurasian Coot; Glossy Ibis; House Sparrow; Indian Peafowl; Indian Pond-Heron; Indian Spot-billed Duck; Laughing Dove; Little Cormorant; Plain Prinia; Purple Sunbird; Red-naped Ibis; Red-vented Bulbul; Red-wattled Lapwing; River Tern; Rose-ringed Parakeet; Rosy Starling; Western Yellow Wagtail; Whiskered Tern; White-eared Bulbul; White-tailed Iora; White-throated Kingfisher; Wire-tailed Swallow","n_species":31,"focal_species_seen":"","focal_species_slugs":"","has_focal":false,"GRID_CODE":"GJ-KU-LAK-075","DISTRICT":"Kachchh","BLOCK":"Lakhpat"},"geometry":{"type":"Point","coordinates":[68.9359683,23.4447214]}},{"type":"Feature","properties":{"GROUP.ID":"G15597871","LOCALITY":"T 3 Tapkeshwari Road, Kachchh, Gujarat, IN (23.184, 69.671)","LATITUDE":23.1842292,"LONGITUDE":69.6705739,"OBSERVATION.DATE":"2025-09-21","OBSERVER.ID":"obsr2065637","DURATION.MINUTES":32.0,"SAMPLING.EVENT.IDENTIFIER":"S274591167","species_list":"Asian Green Bee-eater; Brown Rock Chat; Common Babbler; European Roller; Indian Robin; Indian Silverbill; Jungle Prinia; Laughing Dove; Pied Cuckoo; Purple Sunbird","n_species":10,"focal_species_seen":"European Roller","focal_species_slugs":"european-roller","has_focal":true,"GRID_CODE":"GJ-KU-BHU-147","DISTRICT":"Kachchh","BLOCK":"Bhuj"},"geometry":{"type":"Point","coordinates":[69.6705739,23.1842292]}},{"type":"Feature","properties":{"GROUP.ID":"G15598070","LOCALITY":"T37G5","LATITUDE":23.2302438,"LONGITUDE":68.9759167,"OBSERVATION.DATE":"2025-09-21","OBSERVER.ID":"obsr494050","DURATION.MINUTES":36.0,"SAMPLING.EVENT.IDENTIFIER":"S274591894","species_list":"Ashy-crowned Sparrow-Lark; Asian Green Bee-eater; Barred Buttonquail; Bay-backed Shrike; Black Drongo; Black Francolin; Common Babbler; Common Hoopoe; Eurasian Collared-Dove; European Roller; Great Gray Shrike; Indian Bushlark; Indian Silverbill; Laughing Dove; Pied Cuckoo; Purple Sunbird; Red-tailed Shrike; Red-vented Bulbul; Red Collared-Dove; Rufous-fronted Prinia; Siberian Stonechat; Spotted Flycatcher; Tawny Pipit; Western Marsh Harrier; White-tailed Iora; Zitting Cisticola","n_species":26,"focal_species_seen":"European Roller; Red-tailed Shrike; Spotted Flycatcher","focal_species_slugs":"european-roller;red-tailed-shrike;spotted-flycatcher","has_focal":true,"GRID_CODE":"GJ-KU-ABD-051","DISTRICT":"Kachchh","BLOCK":"Abdasa"},"geometry":{"type":"Point","coordinates":[68.9759167,23.2302438]}},{"type":"Feature","properties":{"GROUP.ID":"G15606212","LOCALITY":"T25G3_PMC2025","LATITUDE":23.2585944,"LONGITUDE":70.2929977,"OBSERVATION.DATE":"2025-09-21","OBSERVER.ID":"obsr4686491","DURATION.MINUTES":61.0,"SAMPLING.EVENT.IDENTIFIER":"S274593279","species_list":"Ashy-crowned Sparrow-Lark; Asian Green Bee-eater; Barn Swallow; Baya Weaver; Brahminy Starling; Clamorous Reed Warbler; Common Babbler; Eurasian Collared-Dove; Eurasian Wryneck; European Roller; House Sparrow; Indian Bushlark; Indian Robin; Indian Silverbill; Laughing Dove; Little Egret; Paddyfield Pipit; Purple Sunbird; Red-vented Bulbul; Rosy Starling; Siberian Stonechat; Spotted Flycatcher; Tawny Pipit; Variable Wheatear","n_species":24,"focal_species_seen":"European Roller; Spotted Flycatcher","focal_species_slugs":"european-roller;spotted-flycatcher","has_focal":true,"GRID_CODE":"GJ-KU-BHA-063","DISTRICT":"Kachchh","BLOCK":"Bhachau"},"geometry":{"type":"Point","coordinates":[70.2929977,23.2585944]}},{"type":"Feature","properties":{"GROUP.ID":"G15598085","LOCALITY":"T14G1","LATITUDE":23.4177918,"LONGITUDE":69.3762568,"OBSERVATION.DATE":"2025-09-21","OBSERVER.ID":"obsr2387202","DURATION.MINUTES":58.0,"SAMPLING.EVENT.IDENTIFIER":"S274600533","species_list":"Ashy-crowned Sparrow-Lark; Asian Green Bee-eater; Barred Buttonquail; Bay-backed Shrike; Common Babbler; Common Hoopoe; Common Tailorbird; Common Woodshrike; Eastern Cattle-Egret; Eurasian Collared-Dove; European Roller; Gray-necked Bunting; Gray Francolin; Green Sandpiper; Indian Peafowl; Indian Robin; Jungle Prinia; Laughing Dove; Lesser Whitethroat; Oriental Honey-buzzard; Purple Sunbird; Red-vented Bulbul; Red-wattled Lapwing; Rufous-fronted Prinia; Small Minivet; Spotted Flycatcher; Tawny Pipit; Variable Wheatear; White-eared Bulbul; White-naped Tit","n_species":30,"focal_species_seen":"European Roller; Spotted Flycatcher","focal_species_slugs":"european-roller;spotted-flycatcher","has_focal":true,"GRID_CODE":"GJ-KU-NAK-036","DISTRICT":"Kachchh","BLOCK":"Nakhatrana"},"geometry":{"type":"Point","coordinates":[69.3762568,23.4177918]}},{"type":"Feature","properties":{"GROUP.ID":"G15598099","LOCALITY":"T14G2","LATITUDE":23.4368067,"LONGITUDE":69.50076,"OBSERVATION.DATE":"2025-09-21","OBSERVER.ID":"obsr2387202","DURATION.MINUTES":48.0,"SAMPLING.EVENT.IDENTIFIER":"S274600799","species_list":"Asian Green Bee-eater; Baya Weaver; Common Tailorbird; Dusky Crag-Martin; Eastern Red-rumped Swallow; Eurasian Collared-Dove; Gray Francolin; House Sparrow; Indian Cormorant; Jungle Prinia; Laughing Dove; Little Cormorant; Oriental Darter; Oriental Honey-buzzard; Painted Stork; Plain Prinia; Purple Sunbird; Red-vented Bulbul; River Tern; White-eared Bulbul; Wire-tailed Swallow","n_species":21,"focal_species_seen":"","focal_species_slugs":"","has_focal":false,"GRID_CODE":"GJ-KU-NAK-038","DISTRICT":"Kachchh","BLOCK":"Nakhatrana"},"geometry":{"type":"Point","coordinates":[69.50076,23.4368067]}},{"type":"Feature","properties":{"GROUP.ID":"G15599659","LOCALITY":"Olangiya, Gujarat, IN (23.241, 69.231)","LATITUDE":23.24114,"LONGITUDE":69.231335,"OBSERVATION.DATE":"2025-09-21","OBSERVER.ID":"obsr604291","DURATION.MINUTES":44.0,"SAMPLING.EVENT.IDENTIFIER":"S274603590","species_list":"Asian Green Bee-eater; Bay-backed Shrike; Baya Weaver; Common Babbler; Common Myna; Eastern Cattle-Egret; Eurasian Collared-Dove; Gray-breasted Prinia; House Sparrow; Indian Robin; Indian Silverbill; Jungle Prinia; Laughing Dove; Paddyfield Pipit; Purple Sunbird; Red-naped Ibis; Red-vented Bulbul; Red-wattled Lapwing; Rufous-fronted Prinia; Shikra; White-browed Wagtail; White-tailed Iora; Yellow-crowned Woodpecker; Yellow-throated Sparrow; Yellow-wattled Lapwing","n_species":25,"focal_species_seen":"","focal_species_slugs":"","has_focal":false,"GRID_CODE":"GJ-KU-NAK-060","DISTRICT":"Kachchh","BLOCK":"Nakhatrana"},"geometry":{"type":"Point","coordinates":[69.231335,23.24114]}},{"type":"Feature","properties":{"GROUP.ID":"G15598162","LOCALITY":"T10G5","LATITUDE":23.144117,"LONGITUDE":69.8946796,"OBSERVATION.DATE":"2025-09-21","OBSERVER.ID":"obsr3339457","DURATION.MINUTES":42.0,"SAMPLING.EVENT.IDENTIFIER":"S274603841","species_list":"Ashy-crowned Sparrow-Lark; Bank Myna; Baya Weaver; Eurasian Collared-Dove; Greater Coucal; Greater Short-toed Lark; House Sparrow; Indian Bushlark; Indian Silverbill; Laughing Dove; Painted Stork; Plain Prinia; Red-wattled Lapwing; Western Marsh Harrier; White-eared Bulbul","n_species":15,"focal_species_seen":"","focal_species_slugs":"","has_focal":false,"GRID_CODE":"GJ-KU-ANJ-021","DISTRICT":"Kachchh","BLOCK":"Anjar"},"geometry":{"type":"Point","coordinates":[69.8946796,23.144117]}},{"type":"Feature","properties":{"GROUP.ID":"G15598320","LOCALITY":"T47G4","LATITUDE":23.5040306,"LONGITUDE":69.00467,"OBSERVATION.DATE":"2025-09-21","OBSERVER.ID":"obsr4393116","DURATION.MINUTES":76.0,"SAMPLING.EVENT.IDENTIFIER":"S274606977","species_list":"Ashy-crowned Sparrow-Lark; Asian Green Bee-eater; Asian Koel; Blyth's Reed Warbler; Common Babbler; Common Buzzard; Common Hoopoe; Dusky Crag-Martin; Eastern Cattle-Egret; Eastern Red-rumped Swallow; Eurasian Collared-Dove; European Roller; Gray-breasted Prinia; Gray Francolin; Green Sandpiper; House Sparrow; Indian Bushlark; Indian Peafowl; Indian Robin; Indian Silverbill; Indian Spot-billed Duck; Jungle Prinia; Laughing Dove; Lesser Whitethroat; Little Grebe; Paddyfield Pipit; Pallid Harrier; Plain Prinia; Purple Sunbird; Red-backed Shrike; Red-vented Bulbul; Red-wattled Lapwing; Red Collared-Dove; Rosy Starling; Shikra; Siberian Stonechat; Small Minivet; Spotted Flycatcher; Variable Wheatear; White-tailed Iora; Wire-tailed Swallow; Yellow-eyed Babbler; Yellow-throated Sparrow","n_species":43,"focal_species_seen":"European Roller; Red-backed Shrike; Spotted Flycatcher","focal_species_slugs":"european-roller;red-backed-shrike;spotted-flycatcher","has_focal":true,"GRID_CODE":"GJ-KU-NAK-016","DISTRICT":"Kachchh","BLOCK":"Nakhatrana"},"geometry":{"type":"Point","coordinates":[69.00467,23.5040306]}},{"type":"Feature","properties":{"GROUP.ID":"G15598377","LOCALITY":"T51G4","LATITUDE":22.926669,"LONGITUDE":69.673492,"OBSERVATION.DATE":"2025-09-20","OBSERVER.ID":"obsr870757","DURATION.MINUTES":64.0,"SAMPLING.EVENT.IDENTIFIER":"S274608993","species_list":"Ashy-crowned Sparrow-Lark; Asian Green Bee-eater; Barred Buttonquail; Bay-backed Shrike; Baya Weaver; Black Drongo; Common Babbler; Common Hoopoe; Common Redshank; Eastern Red-rumped Swallow; Eurasian Collared-Dove; Eurasian Wryneck; European Roller; Gray-breasted Prinia; Gray Francolin; Indian Pond-Heron; Indian Robin; Indian Silverbill; Isabelline Shrike; Jungle Prinia; Laughing Dove; Little Egret; Long-tailed Shrike; Plain Prinia; Purple Sunbird; Red-naped Ibis; Red-tailed Shrike; Red-vented Bulbul; Red-wattled Lapwing; Red Collared-Dove; Rosy Starling; Rufous-fronted Prinia; Siberian Stonechat; Spotted Flycatcher; Streak-throated Swallow; Tawny Pipit; White-eared Bulbul; White-tailed Iora; White-throated Kingfisher; Yellow-crowned Woodpecker; Yellow-wattled Lapwing; Zitting Cisticola","n_species":42,"focal_species_seen":"European Roller; Red-tailed Shrike; Spotted Flycatcher","focal_species_slugs":"european-roller;red-tailed-shrike;spotted-flycatcher","has_focal":true,"GRID_CODE":"GJ-KU-MUN-011","DISTRICT":"Kachchh","BLOCK":"Mundra"},"geometry":{"type":"Point","coordinates":[69.673492,22.926669]}},{"type":"Feature","properties":{"GROUP.ID":"G15598376","LOCALITY":"T51G1","LATITUDE":22.929076,"LONGITUDE":69.5953,"OBSERVATION.DATE":"2025-09-20","OBSERVER.ID":"obsr870757","DURATION.MINUTES":50.0,"SAMPLING.EVENT.IDENTIFIER":"S274609090","species_list":"Asian Green Bee-eater; Barred Buttonquail; Baya Weaver; Black Drongo; Brahminy Starling; Common Babbler; Common Kingfisher; Common Myna; Common Rosefinch; Common Tailorbird; Delicate Prinia; Eastern Cattle-Egret; Eurasian Collared-Dove; Gray Francolin; Gray Heron; Great Egret; House Sparrow; Indian Peafowl; Indian Pond-Heron; Indian Robin; Indian Silverbill; Indian Spot-billed Duck; Isabelline Shrike; Laughing Dove; Lesser Whistling-Duck; Little Cormorant; Little Egret; Pied Cuckoo; Plain Prinia; Purple Heron; Purple Sunbird; Red-naped Ibis; Red-tailed Shrike; Red-vented Bulbul; Red-wattled Lapwing; Red Collared-Dove; River Tern; Rosy Starling; Rufous-fronted Prinia; Siberian Stonechat; Spotted Flycatcher; Sykes's Warbler; White-breasted Waterhen; White-browed Wagtail; White-tailed Iora; Wire-tailed Swallow; Zitting Cisticola","n_species":47,"focal_species_seen":"Red-tailed Shrike; Spotted Flycatcher","focal_species_slugs":"red-tailed-shrike;spotted-flycatcher","has_focal":true,"GRID_CODE":"GJ-KU-MUN-009","DISTRICT":"Kachchh","BLOCK":"Mundra"},"geometry":{"type":"Point","coordinates":[69.5953,22.929076]}},{"type":"Feature","properties":{"GROUP.ID":"G15598375","LOCALITY":"T51G5","LATITUDE":22.970158,"LONGITUDE":69.534109,"OBSERVATION.DATE":"2025-09-20","OBSERVER.ID":"obsr870757","DURATION.MINUTES":63.0,"SAMPLING.EVENT.IDENTIFIER":"S274609158","species_list":"Asian Green Bee-eater; Asian Koel; Bay-backed Shrike; Baya Weaver; Black Drongo; Black Kite; Common Babbler; Common Hoopoe; Common Tailorbird; Common Woodshrike; Eastern Cattle-Egret; Eurasian Collared-Dove; European Roller; Gray-breasted Prinia; Gray Francolin; Greater Coucal; House Sparrow; Indian Peafowl; Indian Robin; Jungle Prinia; Laughing Dove; Lesser Whitethroat; Little Egret; Long-tailed Shrike; Plain Prinia; Purple Sunbird; Red-naped Ibis; Red-vented Bulbul; Red-wattled Lapwing; Red Collared-Dove; River Tern; Rosy Starling; Spotted Flycatcher; Sykes's Warbler; White-tailed Iora; White-throated Kingfisher","n_species":36,"focal_species_seen":"European Roller; Spotted Flycatcher","focal_species_slugs":"european-roller;spotted-flycatcher","has_focal":true,"GRID_CODE":"GJ-KU-MUN-003","DISTRICT":"Kachchh","BLOCK":"Mundra"},"geometry":{"type":"Point","coordinates":[69.534109,22.970158]}},{"type":"Feature","properties":{"GROUP.ID":"G15598374","LOCALITY":"T51G3","LATITUDE":22.856616,"LONGITUDE":69.571061,"OBSERVATION.DATE":"2025-09-21","OBSERVER.ID":"obsr870757","DURATION.MINUTES":45.0,"SAMPLING.EVENT.IDENTIFIER":"S274610750","species_list":"Asian Green Bee-eater; Asian Koel; Baya Weaver; Black-winged Stilt; Black Drongo; Common Babbler; Common Tailorbird; Eastern Cattle-Egret; Eastern Red-rumped Swallow; Eurasian Collared-Dove; Eurasian Spoonbill; European Roller; Gray-breasted Prinia; Gray Wagtail; Great Egret; Greater Coucal; Green Sandpiper; House Sparrow; Indian Peafowl; Indian Pond-Heron; Indian Robin; Isabelline Shrike; Laughing Dove; Little Cormorant; Little Egret; Little Swift; Paddyfield Pipit; Painted Stork; Plain Prinia; Purple Sunbird; Red-naped Ibis; Red-vented Bulbul; Red-wattled Lapwing; River Tern; Rose-ringed Parakeet; Rosy Starling; Rufous-fronted Prinia; Spotted Flycatcher; Streak-throated Swallow; Sykes's Warbler; White-breasted Waterhen; White-tailed Iora; White-throated Kingfisher; Wire-tailed Swallow","n_species":44,"focal_species_seen":"European Roller; Spotted Flycatcher","focal_species_slugs":"european-roller;spotted-flycatcher","has_focal":true,"GRID_CODE":"GJ-KU-MUN-026","DISTRICT":"Kachchh","BLOCK":"Mundra"},"geometry":{"type":"Point","coordinates":[69.571061,22.856616]}},{"type":"Feature","properties":{"GROUP.ID":"G15598372","LOCALITY":"T51 G2","LATITUDE":22.911562,"LONGITUDE":69.483783,"OBSERVATION.DATE":"2025-09-21","OBSERVER.ID":"obsr870757","DURATION.MINUTES":51.0,"SAMPLING.EVENT.IDENTIFIER":"S274612127","species_list":"Asian Green Bee-eater; Black-winged Kite; Black Kite; Brahminy Starling; Common Babbler; Common Hoopoe; Common Myna; Common Tailorbird; Eastern Cattle-Egret; Eurasian Collared-Dove; Eurasian Wryneck; European Roller; Gray-breasted Prinia; Gray Francolin; Green Sandpiper; House Sparrow; Indian Golden Oriole; Indian Robin; Jungle Prinia; Laughing Dove; Lesser Whitethroat; Long-tailed Shrike; Medium Egret; Paddyfield Pipit; Pied Cuckoo; Purple Sunbird; Red-vented Bulbul; Red-wattled Lapwing; Rosy Starling; Rufous-fronted Prinia; Shikra; Streak-throated Swallow; Sykes's Warbler; White-eared Bulbul; White-tailed Iora; White-throated Kingfisher","n_species":36,"focal_species_seen":"European Roller","focal_species_slugs":"european-roller","has_focal":true,"GRID_CODE":"GJ-KU-MAN-035","DISTRICT":"Kachchh","BLOCK":"Mandvi"},"geometry":{"type":"Point","coordinates":[69.483783,22.911562]}},{"type":"Feature","properties":{"GROUP.ID":"G15598432","LOCALITY":"T47G2","LATITUDE":23.3962456,"LONGITUDE":69.0134026,"OBSERVATION.DATE":"2025-09-20","OBSERVER.ID":"obsr4697473","DURATION.MINUTES":89.0,"SAMPLING.EVENT.IDENTIFIER":"S274612372","species_list":"Ashy-crowned Sparrow-Lark; Asian Green Bee-eater; Bank Myna; Black-winged Stilt; Black Drongo; Brahminy Starling; Caspian Tern; Common Babbler; Common Hoopoe; Common Sandpiper; Common Tailorbird; Eastern Cattle-Egret; Eurasian Collared-Dove; European Roller; Glossy Ibis; Gray Francolin; Greater Coucal; Green Sandpiper; Green Warbler; House Sparrow; Indian Peafowl; Indian Pond-Heron; Laughing Dove; Long-tailed Shrike; Pallid Harrier; Pied Kingfisher; Plain Prinia; Purple Sunbird; Red-vented Bulbul; Red-wattled Lapwing; Rose-ringed Parakeet; Rosy Starling; Spotted Flycatcher; Streak-throated Swallow; Western Yellow Wagtail; White-browed Wagtail; White-eared Bulbul; White-tailed Iora; Wire-tailed Swallow; Yellow-throated Sparrow","n_species":40,"focal_species_seen":"European Roller; Spotted Flycatcher","focal_species_slugs":"european-roller;spotted-flycatcher","has_focal":true,"GRID_CODE":"GJ-KU-ABD-019","DISTRICT":"Kachchh","BLOCK":"Abdasa"},"geometry":{"type":"Point","coordinates":[69.0134026,23.3962456]}},{"type":"Feature","properties":{"GROUP.ID":"G15598416","LOCALITY":"T21G2","LATITUDE":23.5491601,"LONGITUDE":70.6677375,"OBSERVATION.DATE":"2025-09-21","OBSERVER.ID":"obsr2588099","DURATION.MINUTES":60.0,"SAMPLING.EVENT.IDENTIFIER":"S274613981","species_list":"Ashy-crowned Sparrow-Lark; Asian Green Bee-eater; Asian Koel; Baya Weaver; Black-winged Stilt; Citrine Wagtail; Common Babbler; Common Hoopoe; Common Sandpiper; Common Tailorbird; Eastern Cattle-Egret; Eurasian Collared-Dove; Eurasian Wryneck; European Roller; Glossy Ibis; Gray-breasted Prinia; Gray-necked Bunting; Gray Francolin; Greater Coucal; House Crow; House Sparrow; Indian Bushlark; Indian Peafowl; Indian Robin; Indian Silverbill; Indian Spot-billed Duck; Knob-billed Duck; Laughing Dove; Little Egret; Paddyfield Pipit; Plain Prinia; Purple Sunbird; Red-naped Ibis; Red-vented Bulbul; Red-wattled Lapwing; Rose-ringed Parakeet; Spotted Flycatcher; Tawny Pipit; Tree Pipit; Variable Wheatear; Western Yellow Wagtail; Whiskered Tern; White-eared Bulbul; White-throated Kingfisher; Wire-tailed Swallow","n_species":45,"focal_species_seen":"European Roller; Spotted Flycatcher","focal_species_slugs":"european-roller;spotted-flycatcher","has_focal":true,"GRID_CODE":"GJ-KU-RAP-064","DISTRICT":"Kachchh","BLOCK":"Rapar"},"geometry":{"type":"Point","coordinates":[70.6677375,23.5491601]}},{"type":"Feature","properties":{"GROUP.ID":"G15598474","LOCALITY":"T1G2","LATITUDE":23.3754,"LONGITUDE":69.6187,"OBSERVATION.DATE":"2025-09-21","OBSERVER.ID":"obsr1997274","DURATION.MINUTES":52.0,"SAMPLING.EVENT.IDENTIFIER":"S274615668","species_list":"Ashy-crowned Sparrow-Lark; Asian Green Bee-eater; Black-winged Kite; Common Babbler; Common Cuckoo; European Roller; Gray-breasted Prinia; Gray Francolin; Great Gray Shrike; Greater Whitethroat; House Sparrow; Indian Silverbill; Jungle Prinia; Laughing Dove; Long-tailed Shrike; Pied Cuckoo; Red-vented Bulbul; Red-wattled Lapwing; Rosy Starling; Shikra; Siberian Stonechat; Variable Wheatear; White-throated Kingfisher; Yellow-eyed Babbler; Yellow-throated Sparrow","n_species":25,"focal_species_seen":"Common Cuckoo; European Roller; Greater Whitethroat","focal_species_slugs":"common-cuckoo;european-roller;greater-whitethroat","has_focal":true,"GRID_CODE":"GJ-KU-BHU-097","DISTRICT":"Kachchh","BLOCK":"Bhuj"},"geometry":{"type":"Point","coordinates":[69.6187,23.3754]}},{"type":"Feature","properties":{"GROUP.ID":"G15598475","LOCALITY":"T1G1","LATITUDE":23.3181,"LONGITUDE":69.6772,"OBSERVATION.DATE":"2025-09-21","OBSERVER.ID":"obsr1997274","DURATION.MINUTES":52.0,"SAMPLING.EVENT.IDENTIFIER":"S274616658","species_list":"Asian Green Bee-eater; Baya Weaver; Black-winged Stilt; Black Drongo; Common Babbler; Common Tailorbird; Eastern Cattle-Egret; Eastern Red-rumped Swallow; Eurasian Collared-Dove; European Roller; Gray-necked Bunting; Gray Francolin; Indian Bushlark; Indian Robin; Indian Silverbill; Jungle Prinia; Knob-billed Duck; Laughing Dove; Little Cormorant; Pied Cuckoo; Red-backed Shrike; Red-vented Bulbul; Rosy Starling; Rufous-tailed Lark; Shikra; Siberian Stonechat; White-eared Bulbul; Yellow-throated Sparrow","n_species":28,"focal_species_seen":"European Roller; Red-backed Shrike","focal_species_slugs":"european-roller;red-backed-shrike","has_focal":true,"GRID_CODE":"GJ-KU-BHU-111","DISTRICT":"Kachchh","BLOCK":"Bhuj"},"geometry":{"type":"Point","coordinates":[69.6772,23.3181]}},{"type":"Feature","properties":{"GROUP.ID":"G15598565","LOCALITY":"T21G1","LATITUDE":23.5057156,"LONGITUDE":70.6490987,"OBSERVATION.DATE":"2025-09-21","OBSERVER.ID":"obsr2588099","DURATION.MINUTES":51.0,"SAMPLING.EVENT.IDENTIFIER":"S274618299","species_list":"Ashy-crowned Sparrow-Lark; Asian Green Bee-eater; Barn Swallow; Blyth's Reed Warbler; Common Babbler; Common Hoopoe; Common Tailorbird; Eastern Cattle-Egret; Eurasian Collared-Dove; European Roller; Gray-breasted Prinia; Gray Francolin; House Sparrow; Indian Bushlark; Indian Peafowl; Indian Robin; Indian Silverbill; Laughing Dove; Lesser Whitethroat; Little Egret; Long-tailed Shrike; Oriental Honey-buzzard; Paddyfield Pipit; Purple Sunbird; Red-vented Bulbul; Red-wattled Lapwing; River Tern; Rose-ringed Parakeet; Rufous-fronted Prinia; Tawny Pipit; Variable Wheatear; White-eared Bulbul; White-throated Kingfisher","n_species":33,"focal_species_seen":"European Roller","focal_species_slugs":"european-roller","has_focal":true,"GRID_CODE":"GJ-KU-RAP-074","DISTRICT":"Kachchh","BLOCK":"Rapar"},"geometry":{"type":"Point","coordinates":[70.6490987,23.5057156]}},{"type":"Feature","properties":{"GROUP.ID":"G15598649","LOCALITY":"T7G2","LATITUDE":23.43894,"LONGITUDE":69.753323,"OBSERVATION.DATE":"2025-09-21","OBSERVER.ID":"obsr1522701","DURATION.MINUTES":45.0,"SAMPLING.EVENT.IDENTIFIER":"S274624658","species_list":"Asian Green Bee-eater; Baya Weaver; Black Drongo; Brahminy Starling; Common Babbler; Eastern Cattle-Egret; Eastern Orphean Warbler; Eastern Red-rumped Swallow; Eurasian Collared-Dove; Eurasian Kestrel; European Roller; Gray-breasted Prinia; Greater Coucal; House Crow; Indian Robin; Indian Silverbill; Isabelline Shrike; Laughing Dove; Long-tailed Shrike; Plain Prinia; Purple Sunbird; Red-vented Bulbul; Rose-ringed Parakeet; Siberian Stonechat; Spotted Flycatcher; Streak-throated Swallow; White-eared Bulbul; Wire-tailed Swallow; Yellow-eyed Babbler","n_species":29,"focal_species_seen":"European Roller; Spotted Flycatcher","focal_species_slugs":"european-roller;spotted-flycatcher","has_focal":true,"GRID_CODE":"GJ-KU-BHU-086","DISTRICT":"Kachchh","BLOCK":"Bhuj"},"geometry":{"type":"Point","coordinates":[69.753323,23.43894]}},{"type":"Feature","properties":{"GROUP.ID":"G15598659","LOCALITY":"T7G5","LATITUDE":23.521005,"LONGITUDE":69.807269,"OBSERVATION.DATE":"2025-09-21","OBSERVER.ID":"obsr1522701","DURATION.MINUTES":60.0,"SAMPLING.EVENT.IDENTIFIER":"S274625093","species_list":"Ashy-crowned Sparrow-Lark; Asian Green Bee-eater; Black-tailed Godwit; Blue-cheeked Bee-eater; Collared Pratincole; Common Babbler; Crested Lark; Delicate Prinia; Eastern Cattle-Egret; European Roller; Garganey; Glossy Ibis; Gray-breasted Prinia; Indian Cormorant; Indian Pond-Heron; Isabelline Shrike; Kentish Plover; Laughing Dove; Little Ringed Plover; Marsh Sandpiper; Medium Egret; Montagu's Harrier; Northern Shoveler; Pied Cuckoo; Purple Sunbird; Red-backed Shrike; Red-tailed Shrike; Rufous-tailed Lark; Rufous-tailed Scrub-Robin; Tawny Pipit; Variable Wheatear; Western Marsh Harrier; Western Reef-Heron; White-eared Bulbul; Wood Sandpiper","n_species":35,"focal_species_seen":"Blue-cheeked Bee-eater; European Roller; Red-backed Shrike; Red-tailed Shrike; Rufous-tailed Scrub-Robin","focal_species_slugs":"blue-cheeked-bee-eater;european-roller;red-backed-shrike;red-tailed-shrike;rufous-tailed-scrub-robin","has_focal":true,"GRID_CODE":"GJ-KU-BHU-076","DISTRICT":"Kachchh","BLOCK":"Bhuj"},"geometry":{"type":"Point","coordinates":[69.807269,23.521005]}},{"type":"Feature","properties":{"GROUP.ID":"G15598707","LOCALITY":"T8G1, Agricultural Field, Dhrang-Lodai Road, Dhrang, Gujarat, IN (23.397, 69.872)","LATITUDE":23.3966,"LONGITUDE":69.8722817,"OBSERVATION.DATE":"2025-09-21","OBSERVER.ID":"obsr1592333","DURATION.MINUTES":82.0,"SAMPLING.EVENT.IDENTIFIER":"S274627239","species_list":"Ashy-crowned Sparrow-Lark; Asian Green Bee-eater; Baya Weaver; Common Hoopoe; Common Kingfisher; Crested Lark; Eurasian Collared-Dove; Gray Francolin; House Sparrow; Jungle Prinia; Laughing Dove; Plain Prinia; Red-vented Bulbul; Red-wattled Lapwing; White-eared Bulbul","n_species":15,"focal_species_seen":"","focal_species_slugs":"","has_focal":false,"GRID_CODE":"GJ-KU-BHU-102","DISTRICT":"Kachchh","BLOCK":"Bhuj"},"geometry":{"type":"Point","coordinates":[69.8722817,23.3966]}},{"type":"Feature","properties":{"GROUP.ID":"G15599655","LOCALITY":"Roha Fort Forest","LATITUDE":23.200143,"LONGITUDE":69.268318,"OBSERVATION.DATE":"2025-09-21","OBSERVER.ID":"obsr604291","DURATION.MINUTES":86.0,"SAMPLING.EVENT.IDENTIFIER":"S274627932","species_list":"Common Tailorbird; Eurasian Collared-Dove; Gray-breasted Prinia; Gray Francolin; House Sparrow; Indian Peafowl; Little Swift; Purple Sunbird; Red-vented Bulbul; Red Collared-Dove; Streak-throated Swallow; White-tailed Iora","n_species":12,"focal_species_seen":"","focal_species_slugs":"","has_focal":false,"GRID_CODE":"GJ-KU-NAK-064","DISTRICT":"Kachchh","BLOCK":"Nakhatrana"},"geometry":{"type":"Point","coordinates":[69.268318,23.200143]}},{"type":"Feature","properties":{"GROUP.ID":"G15604758","LOCALITY":"T33 G3 Sherdi","LATITUDE":23.0157367,"LONGITUDE":69.340605,"OBSERVATION.DATE":"2025-09-21","OBSERVER.ID":"obsr644177","DURATION.MINUTES":62.0,"SAMPLING.EVENT.IDENTIFIER":"S274630625","species_list":"Asian Green Bee-eater; Bay-backed Shrike; Baya Weaver; Black Drongo; Common Babbler; Common Kingfisher; Common Sandpiper; Common Tailorbird; Common Woodshrike; Dusky Crag-Martin; Eastern Cattle-Egret; Eastern Red-rumped Swallow; Eurasian Collared-Dove; Gray Francolin; Green Sandpiper; House Crow; Indian Pond-Heron; Indian Robin; Indian Silverbill; Laughing Dove; Little Cormorant; Little Egret; Little Swift; Paddyfield Pipit; Pallid Harrier; Pied Kingfisher; Plain Prinia; Purple Sunbird; Red-vented Bulbul; Red-wattled Lapwing; Rufous-fronted Prinia; Tawny Pipit; White-eared Bulbul; White-tailed Iora; White-throated Kingfisher","n_species":35,"focal_species_seen":"","focal_species_slugs":"","has_focal":false,"GRID_CODE":"GJ-KU-MAN-013","DISTRICT":"Kachchh","BLOCK":"Mandvi"},"geometry":{"type":"Point","coordinates":[69.340605,23.0157367]}},{"type":"Feature","properties":{"GROUP.ID":"G15598912","LOCALITY":"Dhram, Berdo, Gujarat, IN (23.415, 69.841)","LATITUDE":23.4147429,"LONGITUDE":69.8406165,"OBSERVATION.DATE":"2025-09-21","OBSERVER.ID":"obsr1592333","DURATION.MINUTES":63.0,"SAMPLING.EVENT.IDENTIFIER":"S274632987","species_list":"Asian Green Bee-eater; Common Hoopoe; Eurasian Collared-Dove; Eurasian Nightjar; European Roller; Laughing Dove; Rufous-tailed Lark","n_species":7,"focal_species_seen":"European Roller","focal_species_slugs":"european-roller","has_focal":true,"GRID_CODE":"GJ-KU-BHU-088","DISTRICT":"Kachchh","BLOCK":"Bhuj"},"geometry":{"type":"Point","coordinates":[69.8406165,23.4147429]}},{"type":"Feature","properties":{"GROUP.ID":"G15605742","LOCALITY":"T42G3","LATITUDE":23.6101683,"LONGITUDE":68.7807467,"OBSERVATION.DATE":"2025-09-20","OBSERVER.ID":"obsr4602818","DURATION.MINUTES":39.0,"SAMPLING.EVENT.IDENTIFIER":"S274641908","species_list":"Asian Green Bee-eater; Asian Koel; Barn Swallow; Black-headed Ibis; Black-winged Kite; Black-winged Stilt; Black Drongo; Common Babbler; Common Hoopoe; Common Kingfisher; Common Sandpiper; European Roller; Glossy Ibis; Gray Heron; Great Thick-knee; Greater Coucal; Gull-billed Tern; Indian Bushlark; Indian Pond-Heron; Laughing Dove; Little Egret; Little Grebe; Little Swift; Long-tailed Shrike; Oriental Darter; Purple Heron; Red-wattled Lapwing; River Tern; Sirkeer Malkoha; Spotted Flycatcher; Western Marsh Harrier; White-eared Bulbul","n_species":32,"focal_species_seen":"European Roller; Spotted Flycatcher","focal_species_slugs":"european-roller;spotted-flycatcher","has_focal":true,"GRID_CODE":"GJ-KU-LAK-050","DISTRICT":"Kachchh","BLOCK":"Lakhpat"},"geometry":{"type":"Point","coordinates":[68.7807467,23.6101683]}},{"type":"Feature","properties":{"GROUP.ID":"G15605741","LOCALITY":"T42G5","LATITUDE":23.6392433,"LONGITUDE":68.7515433,"OBSERVATION.DATE":"2025-09-20","OBSERVER.ID":"obsr4602818","DURATION.MINUTES":61.0,"SAMPLING.EVENT.IDENTIFIER":"S274642279","species_list":"Asian Green Bee-eater; Black Drongo; Caspian Tern; Common Babbler; Common Hoopoe; Common Kingfisher; Common Myna; Common Sandpiper; Common Tailorbird; Eurasian Coot; Gray Francolin; Gray Heron; Great Crested Grebe; House Crow; Indian Spot-billed Duck; Indian Thick-knee; Laughing Dove; Lesser Whistling-Duck; Little Cormorant; Little Egret; Medium Egret; Northern Shoveler; Oriental Darter; Purple Sunbird; Red-vented Bulbul; Rosy Starling; Siberian Stonechat; Western Marsh Harrier; White-eared Bulbul; White-tailed Iora; White-throated Kingfisher","n_species":31,"focal_species_seen":"","focal_species_slugs":"","has_focal":false,"GRID_CODE":"GJ-KU-LAK-035","DISTRICT":"Kachchh","BLOCK":"Lakhpat"},"geometry":{"type":"Point","coordinates":[68.7515433,23.6392433]}},{"type":"Feature","properties":{"GROUP.ID":"G15599742","LOCALITY":"T26G3, Jadsa, Gujarat, IN (23.46, 70.414)","LATITUDE":23.4598375,"LONGITUDE":70.4137415,"OBSERVATION.DATE":"2025-09-20","OBSERVER.ID":"obsr664433","DURATION.MINUTES":62.0,"SAMPLING.EVENT.IDENTIFIER":"S274660049","species_list":"Asian Green Bee-eater; Bay-backed Shrike; Baya Weaver; Black-winged Stilt; Common Babbler; Eurasian Collared-Dove; Gray-breasted Prinia; Gray Francolin; Greater Coucal; Indian Peafowl; Indian Robin; Indian Silverbill; Jungle Prinia; Laughing Dove; Lesser Whitethroat; Little Grebe; Plain Prinia; Purple Sunbird; Red-naped Ibis; Red-vented Bulbul; Red-wattled Lapwing; Rufous-fronted Prinia; Spotted Flycatcher; Whiskered Tern; White-eared Bulbul; White-throated Kingfisher; Yellow-wattled Lapwing","n_species":27,"focal_species_seen":"Spotted Flycatcher","focal_species_slugs":"spotted-flycatcher","has_focal":true,"GRID_CODE":"GJ-KU-BHA-026","DISTRICT":"Kachchh","BLOCK":"Bhachau"},"geometry":{"type":"Point","coordinates":[70.4137415,23.4598375]}},{"type":"Feature","properties":{"GROUP.ID":"G15599743","LOCALITY":"T26G1, Ner, Kuchchh, Gujarat, IN (23.407, 70.28)","LATITUDE":23.4073261,"LONGITUDE":70.2797315,"OBSERVATION.DATE":"2025-09-21","OBSERVER.ID":"obsr664433","DURATION.MINUTES":60.0,"SAMPLING.EVENT.IDENTIFIER":"S274662191","species_list":"Ashy-crowned Sparrow-Lark; Barn Swallow; Baya Weaver; Common Babbler; Common Greenshank; Common Hoopoe; Crested Lark; Eastern Red-rumped Swallow; Eurasian Collared-Dove; European Roller; Gray Francolin; Gray Heron; Greater Short-toed Lark; Green Sandpiper; Indian Silverbill; Laughing Dove; Lesser Whitethroat; Little Egret; Little Ringed Plover; Paddyfield Pipit; Purple Sunbird; Red-naped Ibis; Red-wattled Lapwing; River Tern; Temminck's Stint; Western Yellow Wagtail; Wire-tailed Swallow; Zitting Cisticola","n_species":28,"focal_species_seen":"European Roller","focal_species_slugs":"european-roller","has_focal":true,"GRID_CODE":"GJ-KU-BHA-032","DISTRICT":"Kachchh","BLOCK":"Bhachau"},"geometry":{"type":"Point","coordinates":[70.2797315,23.4073261]}},{"type":"Feature","properties":{"GROUP.ID":"G15605782","LOCALITY":"T34-G5, Sangnara, Gujarat, IN (23.278, 69.263)","LATITUDE":23.278485,"LONGITUDE":69.262955,"OBSERVATION.DATE":"2025-09-21","OBSERVER.ID":"obsr604291","DURATION.MINUTES":54.0,"SAMPLING.EVENT.IDENTIFIER":"S274689138","species_list":"Asian Green Bee-eater; Baya Weaver; Black-winged Kite; Black Drongo; Common Babbler; Common Cuckoo; Eastern Red-rumped Swallow; Gray-breasted Prinia; House Sparrow; Indian Silverbill; Jungle Prinia; Laughing Dove; Purple Sunbird; Red-vented Bulbul; White-tailed Iora","n_species":15,"focal_species_seen":"Common Cuckoo","focal_species_slugs":"common-cuckoo","has_focal":true,"GRID_CODE":"GJ-KU-NAK-057","DISTRICT":"Kachchh","BLOCK":"Nakhatrana"},"geometry":{"type":"Point","coordinates":[69.262955,23.278485]}},{"type":"Feature","properties":{"GROUP.ID":"G15601388","LOCALITY":"Berdo, Gujarat, IN (23.415, 69.841)","LATITUDE":23.4146333,"LONGITUDE":69.8406,"OBSERVATION.DATE":"2025-09-21","OBSERVER.ID":"obsr769125","DURATION.MINUTES":58.0,"SAMPLING.EVENT.IDENTIFIER":"S274736138","species_list":"Ashy-crowned Sparrow-Lark; Asian Green Bee-eater; Barn Swallow; Black-winged Kite; Black Drongo; Clamorous Reed Warbler; Common Babbler; Common Hoopoe; Common Woodshrike; Eastern Cattle-Egret; Eastern Orphean Warbler; Eurasian Collared-Dove; Eurasian Nightjar; European Roller; Gray-necked Bunting; Great Gray Shrike; Isabelline Shrike; Jungle Prinia; Laughing Dove; Lesser Whitethroat; Pied Bushchat; Pied Cuckoo; Red-tailed Shrike; Red-vented Bulbul; Red-wattled Lapwing; Rufous-tailed Lark; Rufous-tailed Scrub-Robin; Shikra; Spotted Owlet; White-eared Bulbul","n_species":30,"focal_species_seen":"European Roller; Red-tailed Shrike; Rufous-tailed Scrub-Robin","focal_species_slugs":"european-roller;red-tailed-shrike;rufous-tailed-scrub-robin","has_focal":true,"GRID_CODE":"GJ-KU-BHU-088","DISTRICT":"Kachchh","BLOCK":"Bhuj"},"geometry":{"type":"Point","coordinates":[69.8406,23.4146333]}},{"type":"Feature","properties":{"GROUP.ID":"G15606342","LOCALITY":"Team 16_Grid 1","LATITUDE":23.8287244,"LONGITUDE":70.0924006,"OBSERVATION.DATE":"2025-09-21","OBSERVER.ID":"obsr1241180","DURATION.MINUTES":47.0,"SAMPLING.EVENT.IDENTIFIER":"S274843517","species_list":"Asian Green Bee-eater; Black-winged Stilt; Black Drongo; Blue-cheeked Bee-eater; Caspian Tern; Common Hoopoe; Eurasian Kestrel; Greater Flamingo; Greater Hoopoe-Lark; Laughing Dove; Little Stint; Long-tailed Shrike; Red-wattled Lapwing; Whiskered Tern; White-throated Kingfisher","n_species":15,"focal_species_seen":"Blue-cheeked Bee-eater","focal_species_slugs":"blue-cheeked-bee-eater","has_focal":true,"GRID_CODE":"GJ-KU-RAN-478","DISTRICT":"Kachchh","BLOCK":"Rann of Kachchh"},"geometry":{"type":"Point","coordinates":[70.0924006,23.8287244]}},{"type":"Feature","properties":{"GROUP.ID":"G15597664","LOCALITY":"T6G6","LATITUDE":22.8435481,"LONGITUDE":69.3107693,"OBSERVATION.DATE":"2025-09-21","OBSERVER.ID":"obsr1555882","DURATION.MINUTES":77.0,"SAMPLING.EVENT.IDENTIFIER":"S274848150","species_list":"Ashy-crowned Sparrow-Lark; Asian Green Bee-eater; Bay-backed Shrike; Booted Eagle; Common Babbler; Common Hoopoe; Common Tailorbird; Eastern Cattle-Egret; Eurasian Collared-Dove; Eurasian Spoonbill; Eurasian Wryneck; Gray Francolin; Indian Silverbill; Isabelline Shrike; Laughing Dove; Lesser Whitethroat; Little Swift; Long-tailed Shrike; Paddyfield Pipit; Pied Cuckoo; Plain Prinia; Purple Sunbird; Red-backed Shrike; Red-vented Bulbul; Red-wattled Lapwing; Rosy Starling; Rufous-fronted Prinia; Shikra; Spotted Flycatcher; White-eared Bulbul; White-tailed Iora; Wire-tailed Swallow","n_species":32,"focal_species_seen":"Red-backed Shrike; Spotted Flycatcher","focal_species_slugs":"red-backed-shrike;spotted-flycatcher","has_focal":true,"GRID_CODE":"GJ-KU-MAN-048","DISTRICT":"Kachchh","BLOCK":"Mandvi"},"geometry":{"type":"Point","coordinates":[69.3107693,22.8435481]}},{"type":"Feature","properties":{"GROUP.ID":"G15608289","LOCALITY":"T40G1 Passage Migrant Count 2025","LATITUDE":23.6105128,"LONGITUDE":69.2565533,"OBSERVATION.DATE":"2025-09-20","OBSERVER.ID":"obsr1497019","DURATION.MINUTES":63.0,"SAMPLING.EVENT.IDENTIFIER":"S274913231","species_list":"Asian Green Bee-eater; Black-headed Ibis; Black-necked Stork; Black-winged Stilt; Citrine Wagtail; Common Babbler; Common Sandpiper; Crested Lark; Eastern Cattle-Egret; Eurasian Collared-Dove; Eurasian Spoonbill; Eurasian Wryneck; European Roller; Glossy Ibis; Gray Francolin; Gray Heron; Great Egret; Green Sandpiper; Indian Silverbill; Isabelline Shrike; Laughing Dove; Lesser Whitethroat; Little Cormorant; Little Egret; Little Stint; Marsh Sandpiper; Medium Egret; Oriental Darter; Painted Stork; Pied Cuckoo; Purple Heron; Red-wattled Lapwing; River Tern; Rosy Starling; Ruff; Rufous-fronted Prinia; Siberian Stonechat; Spotted Flycatcher; Sykes's Warbler; Western Marsh Harrier; White-eared Bulbul; Wire-tailed Swallow; Wood Sandpiper; Yellow-wattled Lapwing; Zitting Cisticola","n_species":45,"focal_species_seen":"European Roller; Spotted Flycatcher","focal_species_slugs":"european-roller;spotted-flycatcher","has_focal":true,"GRID_CODE":"GJ-KU-BHU-055","DISTRICT":"Kachchh","BLOCK":"Bhuj"},"geometry":{"type":"Point","coordinates":[69.2565533,23.6105128]}},{"type":"Feature","properties":{"GROUP.ID":"G15608288","LOCALITY":"T40G2 Passage Migrant Count 2025","LATITUDE":23.6575963,"LONGITUDE":69.1797106,"OBSERVATION.DATE":"2025-09-20","OBSERVER.ID":"obsr1497019","DURATION.MINUTES":44.0,"SAMPLING.EVENT.IDENTIFIER":"S274914430","species_list":"Asian Green Bee-eater; Black-headed Ibis; Black-winged Stilt; Blue-cheeked Bee-eater; Common Cuckoo; Common Sandpiper; Crested Lark; Eastern Cattle-Egret; Eurasian Collared-Dove; Eurasian Spoonbill; Gray Heron; Great Egret; Greater Flamingo; Green Sandpiper; Indian Pond-Heron; Indian Spot-billed Duck; Isabelline Shrike; Laughing Dove; Little Cormorant; Little Egret; Little Stint; Marsh Sandpiper; Medium Egret; Pied Kingfisher; Red-backed Shrike; Red-wattled Lapwing; River Tern; Ruff; Temminck's Stint; Western Marsh Harrier; Whiskered Tern; Wire-tailed Swallow; Wood Sandpiper","n_species":33,"focal_species_seen":"Blue-cheeked Bee-eater; Common Cuckoo; Red-backed Shrike","focal_species_slugs":"blue-cheeked-bee-eater;common-cuckoo;red-backed-shrike","has_focal":true,"GRID_CODE":"GJ-KU-BHU-053","DISTRICT":"Kachchh","BLOCK":"Bhuj"},"geometry":{"type":"Point","coordinates":[69.1797106,23.6575963]}},{"type":"Feature","properties":{"GROUP.ID":"G15612623","LOCALITY":"T30G4","LATITUDE":24.1043195,"LONGITUDE":69.7031389,"OBSERVATION.DATE":"2025-09-20","OBSERVER.ID":"obsr2310751","DURATION.MINUTES":60.0,"SAMPLING.EVENT.IDENTIFIER":"S275054250","species_list":"Ashy-crowned Sparrow-Lark; Black-winged Stilt; Blue-cheeked Bee-eater; Eurasian Collared-Dove; Eurasian Kestrel; European Roller; Gray Francolin; Greater Short-toed Lark; Greater Whitethroat; Gull-billed Tern; Long-tailed Shrike; Montagu's Harrier; Red-tailed Shrike; Spotted Flycatcher; Western Marsh Harrier; Whiskered Tern","n_species":16,"focal_species_seen":"Blue-cheeked Bee-eater; European Roller; Greater Whitethroat; Red-tailed Shrike; Spotted Flycatcher","focal_species_slugs":"blue-cheeked-bee-eater;european-roller;greater-whitethroat;red-tailed-shrike;spotted-flycatcher","has_focal":true,"GRID_CODE":"GJ-KU-RAN-219","DISTRICT":"Kachchh","BLOCK":"Rann of Kachchh"},"geometry":{"type":"Point","coordinates":[69.7031389,24.1043195]}},{"type":"Feature","properties":{"GROUP.ID":"G15612622","LOCALITY":"T30G3","LATITUDE":24.1586507,"LONGITUDE":69.5595422,"OBSERVATION.DATE":"2025-09-20","OBSERVER.ID":"obsr2310751","DURATION.MINUTES":50.0,"SAMPLING.EVENT.IDENTIFIER":"S275054826","species_list":"Bay-backed Shrike; Black Drongo; Blue-cheeked Bee-eater; Common Babbler; Common Redshank; European Roller; Gray Francolin; Greater Whitethroat; Green Sandpiper; House Crow; Montagu's Harrier; Pied Cuckoo; Red-tailed Shrike; Red-wattled Lapwing; Rufous-tailed Scrub-Robin; Spotted Flycatcher; Variable Wheatear","n_species":17,"focal_species_seen":"Blue-cheeked Bee-eater; European Roller; Greater Whitethroat; Red-tailed Shrike; Rufous-tailed Scrub-Robin; Spotted Flycatcher","focal_species_slugs":"blue-cheeked-bee-eater;european-roller;greater-whitethroat;red-tailed-shrike;rufous-tailed-scrub-robin;spotted-flycatcher","has_focal":true,"GRID_CODE":"GJ-KU-RAN-167","DISTRICT":"Kachchh","BLOCK":"Rann of Kachchh"},"geometry":{"type":"Point","coordinates":[69.5595422,24.1586507]}},{"type":"Feature","properties":{"GROUP.ID":"G15613372","LOCALITY":"T30G2","LATITUDE":24.0187354,"LONGITUDE":69.6907248,"OBSERVATION.DATE":"2025-09-20","OBSERVER.ID":"obsr2310751","DURATION.MINUTES":49.0,"SAMPLING.EVENT.IDENTIFIER":"S275088419","species_list":"Asian Green Bee-eater; Barn Swallow; Bay-backed Shrike; Black Drongo; Common Babbler; Eastern Red-rumped Swallow; Eurasian Collared-Dove; European Roller; Gray Francolin; Greater Short-toed Lark; House Sparrow; Indian Peafowl; Isabelline Shrike; Laughing Dove; Long-billed Pipit; Montagu's Harrier; Pied Bushchat; Red-tailed Shrike; Red-vented Bulbul; Red Collared-Dove; Western Marsh Harrier; White-eared Bulbul; Wire-tailed Swallow","n_species":23,"focal_species_seen":"European Roller; Red-tailed Shrike","focal_species_slugs":"european-roller;red-tailed-shrike","has_focal":true,"GRID_CODE":"GJ-KU-RAN-270","DISTRICT":"Kachchh","BLOCK":"Rann of Kachchh"},"geometry":{"type":"Point","coordinates":[69.6907248,24.0187354]}},{"type":"Feature","properties":{"GROUP.ID":"G15616742","LOCALITY":"T24G4, Juna Katriya, Gujarat, IN (23.289, 70.611)","LATITUDE":23.2893267,"LONGITUDE":70.6105167,"OBSERVATION.DATE":"2025-09-20","OBSERVER.ID":"obsr553916","DURATION.MINUTES":50.0,"SAMPLING.EVENT.IDENTIFIER":"S275173415","species_list":"Ashy-crowned Sparrow-Lark; Asian Green Bee-eater; Bay-backed Shrike; Baya Weaver; Black Redstart; Common Babbler; Common Hoopoe; Common Tailorbird; Eastern Cattle-Egret; Gray-breasted Prinia; Gray Francolin; Greater Whitethroat; House Sparrow; Indian Courser; Indian Peafowl; Indian Robin; Laughing Dove; Plain Prinia; Purple Sunbird; Red-backed Shrike; Red-vented Bulbul; Red-wattled Lapwing; Rosy Starling; Rufous-tailed Lark; Siberian Stonechat; White-throated Kingfisher","n_species":26,"focal_species_seen":"Greater Whitethroat; Red-backed Shrike","focal_species_slugs":"greater-whitethroat;red-backed-shrike","has_focal":true,"GRID_CODE":"GJ-KU-BHA-059","DISTRICT":"Kachchh","BLOCK":"Bhachau"},"geometry":{"type":"Point","coordinates":[70.6105167,23.2893267]}},{"type":"Feature","properties":{"GROUP.ID":"G15616735","LOCALITY":"T24G3, Kachchh, Gujarat, IN (23.21, 70.552)","LATITUDE":23.2096533,"LONGITUDE":70.5520683,"OBSERVATION.DATE":"2025-09-20","OBSERVER.ID":"obsr553916","DURATION.MINUTES":30.0,"SAMPLING.EVENT.IDENTIFIER":"S275174536","species_list":"Asian Green Bee-eater; Bay-backed Shrike; Black Drongo; Common Babbler; Common Myna; Eurasian Collared-Dove; Gray-breasted Prinia; House Crow; Indian Robin; Indian Roller; Laughing Dove; Red Collared-Dove; Zitting Cisticola","n_species":13,"focal_species_seen":"","focal_species_slugs":"","has_focal":false,"GRID_CODE":"GJ-KU-BHA-073","DISTRICT":"Kachchh","BLOCK":"Bhachau"},"geometry":{"type":"Point","coordinates":[70.5520683,23.2096533]}},{"type":"Feature","properties":{"GROUP.ID":"G15616734","LOCALITY":"T24G2, Thoriari, Gujarat, IN (23.344, 70.761)","LATITUDE":23.343585,"LONGITUDE":70.7611267,"OBSERVATION.DATE":"2025-09-21","OBSERVER.ID":"obsr553916","DURATION.MINUTES":46.0,"SAMPLING.EVENT.IDENTIFIER":"S275174774","species_list":"Ashy-crowned Sparrow-Lark; Baya Weaver; Common Hoopoe; Common Sandpiper; Indian Silverbill; Indian Spot-billed Duck; Laughing Dove; Plain Prinia; Red-tailed Shrike; Red-wattled Lapwing; Rosy Starling; Rufous-tailed Lark; Siberian Stonechat; Zitting Cisticola","n_species":14,"focal_species_seen":"Red-tailed Shrike","focal_species_slugs":"red-tailed-shrike","has_focal":true,"GRID_CODE":"GJ-KU-RAP-099","DISTRICT":"Kachchh","BLOCK":"Rapar"},"geometry":{"type":"Point","coordinates":[70.7611267,23.343585]}},{"type":"Feature","properties":{"GROUP.ID":"G15616733","LOCALITY":"T24G5, Kachchh, Gujarat, IN (23.307, 70.706)","LATITUDE":23.3065667,"LONGITUDE":70.7063117,"OBSERVATION.DATE":"2025-09-21","OBSERVER.ID":"obsr553916","DURATION.MINUTES":46.0,"SAMPLING.EVENT.IDENTIFIER":"S275174907","species_list":"Baya Weaver; Eastern Cattle-Egret; Eurasian Wryneck; European Roller; Gray Francolin; Indian Robin; Laughing Dove; Lesser Whitethroat; Pied Cuckoo; Red-backed Shrike; Red-wattled Lapwing; Siberian Stonechat; Spotted Flycatcher; White-eared Bulbul; White-throated Kingfisher","n_species":15,"focal_species_seen":"European Roller; Red-backed Shrike; Spotted Flycatcher","focal_species_slugs":"european-roller;red-backed-shrike;spotted-flycatcher","has_focal":true,"GRID_CODE":"GJ-KU-BHA-061","DISTRICT":"Kachchh","BLOCK":"Bhachau"},"geometry":{"type":"Point","coordinates":[70.7063117,23.3065667]}},{"type":"Feature","properties":{"GROUP.ID":"G15617735","LOCALITY":"T40G4 Passage Migrant Count - 2025","LATITUDE":23.5247155,"LONGITUDE":69.1854978,"OBSERVATION.DATE":"2025-09-21","OBSERVER.ID":"obsr1497019","DURATION.MINUTES":64.0,"SAMPLING.EVENT.IDENTIFIER":"S275218196","species_list":"Ashy-crowned Sparrow-Lark; Asian Green Bee-eater; Asian Koel; Baya Weaver; Brahminy Starling; Common Babbler; Common Hoopoe; Eurasian Wryneck; European Roller; Gray-breasted Prinia; Gray Francolin; Greater Whitethroat; House Sparrow; Indian Bushlark; Indian Peafowl; Indian Robin; Jungle Prinia; Lesser Whitethroat; Paddyfield Pipit; Pied Cuckoo; Purple Sunbird; Red-naped Ibis; Red-vented Bulbul; Red-wattled Lapwing; Rufous-fronted Prinia; Shikra; Spotted Flycatcher; Sykes's Warbler; Tawny Pipit; Variable Wheatear; White-eared Bulbul; Yellow-throated Sparrow","n_species":32,"focal_species_seen":"European Roller; Greater Whitethroat; Spotted Flycatcher","focal_species_slugs":"european-roller;greater-whitethroat;spotted-flycatcher","has_focal":true,"GRID_CODE":"GJ-KU-NAK-012","DISTRICT":"Kachchh","BLOCK":"Nakhatrana"},"geometry":{"type":"Point","coordinates":[69.1854978,23.5247155]}},{"type":"Feature","properties":{"GROUP.ID":"G15669235","LOCALITY":"T48G4","LATITUDE":23.339307,"LONGITUDE":68.694622,"OBSERVATION.DATE":"2025-09-20","OBSERVER.ID":"obsr2986726","DURATION.MINUTES":78.0,"SAMPLING.EVENT.IDENTIFIER":"S275332874","species_list":"Asian Green Bee-eater; Baya Weaver; Black-winged Stilt; Black Drongo; Blue-cheeked Bee-eater; Common Sandpiper; Eastern Cattle-Egret; European Roller; Gray Heron; Greater Flamingo; Green Sandpiper; Indian Pond-Heron; Indian Robin; Laughing Dove; Little Cormorant; Marsh Sandpiper; Purple Sunbird; Red-naped Ibis; Red-wattled Lapwing; River Tern; Whiskered Tern; White-throated Kingfisher; Wood Sandpiper","n_species":23,"focal_species_seen":"Blue-cheeked Bee-eater; European Roller","focal_species_slugs":"blue-cheeked-bee-eater;european-roller","has_focal":true,"GRID_CODE":"GJ-KU-ABD-021","DISTRICT":"Kachchh","BLOCK":"Abdasa"},"geometry":{"type":"Point","coordinates":[68.694622,23.339307]}},{"type":"Feature","properties":{"GROUP.ID":"G15769537","LOCALITY":"T35G4 Passage Migrat Bird Count 2025","LATITUDE":23.4577453,"LONGITUDE":69.312829,"OBSERVATION.DATE":"2025-09-21","OBSERVER.ID":"obsr1469238","DURATION.MINUTES":55.0,"SAMPLING.EVENT.IDENTIFIER":"S279643519","species_list":"Ashy-crowned Sparrow-Lark; Asian Green Bee-eater; Barn Swallow; Barred Buttonquail; Bay-backed Shrike; Baya Weaver; Black-winged Kite; Black Drongo; Black Redstart; Blyth's Reed Warbler; Booted Eagle; Brahminy Starling; Common Babbler; Common Cuckoo; Common Hoopoe; Common Tailorbird; Crested Lark; Dusky Crag-Martin; Eastern Cattle-Egret; Eurasian Collared-Dove; Eurasian Kestrel; Eurasian Wryneck; European Roller; Glossy Ibis; Gray-breasted Prinia; Gray-necked Bunting; Gray Francolin; Great Gray Shrike; Greater Coucal; Greater Short-toed Lark; House Sparrow; Indian Golden Oriole; Indian Pond-Heron; Indian Roller; Indian Silverbill; Indian Thick-knee; Isabelline Shrike; Jungle Prinia; Laughing Dove; Long-tailed Shrike; Paddyfield Pipit; Pallid Harrier; Pied Kingfisher; Purple Sunbird; Red-naped Ibis; Red-vented Bulbul; Rufous-tailed Lark; Siberian Stonechat; Spotted Flycatcher; Sykes's Warbler; Western Marsh Harrier; Western Yellow Wagtail; White-eared Bulbul; White-eyed Buzzard; White-throated Kingfisher; Wire-tailed Swallow; Yellow-crowned Woodpecker; Yellow-throated Sparrow; Zitting Cisticola","n_species":59,"focal_species_seen":"Common Cuckoo; European Roller; Spotted Flycatcher","focal_species_slugs":"common-cuckoo;european-roller;spotted-flycatcher","has_focal":true,"GRID_CODE":"GJ-KU-NAK-035","DISTRICT":"Kachchh","BLOCK":"Nakhatrana"},"geometry":{"type":"Point","coordinates":[69.312829,23.4577453]}},{"type":"Feature","properties":{"GROUP.ID":"G15769539","LOCALITY":"T35G5 Passage Migrat Bird Count 2025","LATITUDE":23.3879538,"LONGITUDE":69.3440666,"OBSERVATION.DATE":"2025-09-21","OBSERVER.ID":"obsr1469238","DURATION.MINUTES":60.0,"SAMPLING.EVENT.IDENTIFIER":"S279643572","species_list":"Ashy-crowned Sparrow-Lark; Asian Green Bee-eater; Barn Swallow; Barred Buttonquail; Bay-backed Shrike; Black-headed Ibis; Black-winged Kite; Black Drongo; Black Redstart; Brahminy Starling; Common Babbler; Common Cuckoo; Common Hoopoe; Common Tailorbird; Crested Lark; Delicate Prinia; Eastern Cattle-Egret; Eastern Orphean Warbler; Eurasian Kestrel; Eurasian Wryneck; European Roller; Gray-breasted Prinia; Gray-necked Bunting; Gray Francolin; Great Gray Shrike; Greater Coucal; Greater Short-toed Lark; Greater Whitethroat; House Sparrow; Indian Golden Oriole; Indian Robin; Indian Silverbill; Isabelline Shrike; Jungle Prinia; Laughing Dove; Lesser Whitethroat; Long-tailed Shrike; Montagu's Harrier; Paddyfield Pipit; Painted Sandgrouse; Painted Stork; Pied Cuckoo; Pied Kingfisher; Purple Sunbird; Red-backed Shrike; Red-tailed Shrike; Red-vented Bulbul; Rosy Starling; Rufous-tailed Lark; Scaly-breasted Munia; Shikra; Siberian Stonechat; Spotted Flycatcher; Spotted Owlet; Sykes's Warbler; Western Marsh Harrier; Western Yellow Wagtail; White-eared Bulbul; Wire-tailed Swallow; Yellow-throated Sparrow; Zitting Cisticola","n_species":61,"focal_species_seen":"Common Cuckoo; European Roller; Greater Whitethroat; Red-backed Shrike; Red-tailed Shrike; Spotted Flycatcher","focal_species_slugs":"common-cuckoo;european-roller;greater-whitethroat;red-backed-shrike;red-tailed-shrike;spotted-flycatcher","has_focal":true,"GRID_CODE":"GJ-KU-NAK-046","DISTRICT":"Kachchh","BLOCK":"Nakhatrana"},"geometry":{"type":"Point","coordinates":[69.3440666,23.3879538]}},{"type":"Feature","properties":{"GROUP.ID":"G15769534","LOCALITY":"T35G1 Passage Migrat Bird Count 2025","LATITUDE":23.5351556,"LONGITUDE":69.2793852,"OBSERVATION.DATE":"2025-09-20","OBSERVER.ID":"obsr1469238","DURATION.MINUTES":60.0,"SAMPLING.EVENT.IDENTIFIER":"S279643595","species_list":"Ashy-crowned Sparrow-Lark; Asian Green Bee-eater; Barn Swallow; Barred Buttonquail; Bay-backed Shrike; Baya Weaver; Black-winged Kite; Black Drongo; Caspian Tern; Common Cuckoo; Common Hoopoe; Common Kingfisher; Delicate Prinia; Dusky Crag-Martin; Eastern Cattle-Egret; Eastern Red-rumped Swallow; Eurasian Collared-Dove; Eurasian Wryneck; European Roller; Gray-breasted Prinia; Gray-necked Bunting; Gray Francolin; Gray Heron; Great Gray Shrike; Greater Coucal; House Sparrow; Indian Peafowl; Indian Pond-Heron; Indian Robin; Indian Silverbill; Isabelline Shrike; Jungle Prinia; Laughing Dove; Little Swift; Long-tailed Shrike; Paddyfield Pipit; Purple Sunbird; Red-backed Shrike; Red-naped Ibis; Red-tailed Shrike; Red-vented Bulbul; Red-wattled Lapwing; Red Collared-Dove; Rosy Starling; Rufous-tailed Lark; Scaly-breasted Munia; Siberian Stonechat; Spotted Flycatcher; Streaked Weaver; Tawny Pipit; Variable Wheatear; Western Marsh Harrier; Western Yellow Wagtail; White-eared Bulbul; White-tailed Iora; White-throated Kingfisher; Wire-tailed Swallow; Yellow-throated Sparrow; Zitting Cisticola","n_species":59,"focal_species_seen":"Common Cuckoo; European Roller; Red-backed Shrike; Red-tailed Shrike; Spotted Flycatcher","focal_species_slugs":"common-cuckoo;european-roller;red-backed-shrike;red-tailed-shrike;spotted-flycatcher","has_focal":true,"GRID_CODE":"GJ-KU-NAK-014","DISTRICT":"Kachchh","BLOCK":"Nakhatrana"},"geometry":{"type":"Point","coordinates":[69.2793852,23.5351556]}},{"type":"Feature","properties":{"GROUP.ID":"G15769536","LOCALITY":"T35G2  Passage Migrat Bird Count 2025","LATITUDE":23.5004736,"LONGITUDE":69.2516897,"OBSERVATION.DATE":"2025-09-20","OBSERVER.ID":"obsr1469238","DURATION.MINUTES":60.0,"SAMPLING.EVENT.IDENTIFIER":"S279643618","species_list":"Ashy-crowned Sparrow-Lark; Asian Green Bee-eater; Barn Swallow; Barred Buttonquail; Bay-backed Shrike; Baya Weaver; Black-headed Ibis; Black-winged Kite; Black-winged Stilt; Black Drongo; Common Babbler; Common Cuckoo; Common Hoopoe; Common Tailorbird; Crested Lark; Delicate Prinia; Dusky Crag-Martin; Eastern Cattle-Egret; Eurasian Collared-Dove; Eurasian Spoonbill; Eurasian Wryneck; European Roller; Gray-breasted Prinia; Gray Francolin; Great Gray Shrike; Greater Coucal; Greater Whitethroat; Gull-billed Tern; House Sparrow; Indian Peafowl; Indian Robin; Indian Silverbill; Indian Spot-billed Duck; Isabelline Shrike; Jungle Prinia; Laughing Dove; Little Cormorant; Little Swift; Long-tailed Shrike; Montagu's Harrier; Paddyfield Pipit; Painted Stork; Pied Cuckoo; Pied Kingfisher; Red-backed Shrike; Red-naped Ibis; Red-tailed Shrike; Red-vented Bulbul; Red-wattled Lapwing; Red Collared-Dove; River Tern; Rosy Starling; Rufous-tailed Lark; Shikra; Siberian Stonechat; Spotted Flycatcher; Tawny Lark; Western Marsh Harrier; White-eared Bulbul; White-tailed Iora; White-throated Kingfisher; Wire-tailed Swallow; Yellow-crowned Woodpecker; Yellow-throated Sparrow","n_species":64,"focal_species_seen":"Common Cuckoo; European Roller; Greater Whitethroat; Red-backed Shrike; Red-tailed Shrike; Spotted Flycatcher","focal_species_slugs":"common-cuckoo;european-roller;greater-whitethroat;red-backed-shrike;red-tailed-shrike;spotted-flycatcher","has_focal":true,"GRID_CODE":"GJ-KU-NAK-021","DISTRICT":"Kachchh","BLOCK":"Nakhatrana"},"geometry":{"type":"Point","coordinates":[69.2516897,23.5004736]}},{"type":"Feature","properties":{"GROUP.ID":"G15769540","LOCALITY":"T35G3 Passage Migrat Bird Count 2025","LATITUDE":23.4373591,"LONGITUDE":69.2601568,"OBSERVATION.DATE":"2025-09-20","OBSERVER.ID":"obsr1469238","DURATION.MINUTES":50.0,"SAMPLING.EVENT.IDENTIFIER":"S279643640","species_list":"Ashy-crowned Sparrow-Lark; Asian Green Bee-eater; Barn Swallow; Barred Buttonquail; Bay-backed Shrike; Baya Weaver; Black-tailed Godwit; Black-winged Kite; Black-winged Stilt; Black Drongo; Black Francolin; Brahminy Starling; Common Babbler; Common Cuckoo; Common Hoopoe; Common Tailorbird; Dalmatian Pelican; Delicate Prinia; Dusky Crag-Martin; Eastern Cattle-Egret; Eastern Red-rumped Swallow; Eurasian Collared-Dove; Eurasian Wryneck; Gray-breasted Prinia; Gray-necked Bunting; Gray Francolin; Great Gray Shrike; Greater Coucal; Gull-billed Tern; House Sparrow; Indian Golden Oriole; Indian Robin; Indian Silverbill; Indian Spot-billed Duck; Isabelline Shrike; Laughing Dove; Lesser Whitethroat; Little Swift; Long-tailed Shrike; Paddyfield Pipit; Painted Sandgrouse; Painted Stork; Pied Cuckoo; Purple Heron; Red-tailed Shrike; Red-vented Bulbul; Red-wattled Lapwing; Red Collared-Dove; River Tern; Rose-ringed Parakeet; Rosy Starling; Rufous-fronted Prinia; Rufous-tailed Lark; Scaly-breasted Munia; Siberian Stonechat; Spotted Flycatcher; Streak-throated Swallow; Sykes's Warbler; Western Marsh Harrier; Western Yellow Wagtail; Whiskered Tern; White-breasted Waterhen; White-eared Bulbul; White-throated Kingfisher; Wire-tailed Swallow; Yellow-crowned Woodpecker; Yellow-throated Sparrow","n_species":67,"focal_species_seen":"Common Cuckoo; Red-tailed Shrike; Spotted Flycatcher","focal_species_slugs":"common-cuckoo;red-tailed-shrike;spotted-flycatcher","has_focal":true,"GRID_CODE":"GJ-KU-NAK-034","DISTRICT":"Kachchh","BLOCK":"Nakhatrana"},"geometry":{"type":"Point","coordinates":[69.2601568,23.4373591]}}]}
