{"type":"FeatureCollection","features":[{"type":"Feature","properties":{"GROUP.ID":"G13032823","LOCALITY":"Todiya, Gujarat, IN (23.408, 69.157)","LATITUDE":23.4081166,"LONGITUDE":69.1567313,"OBSERVATION.DATE":"2024-09-14","OBSERVER.ID":"obsr494050","DURATION.MINUTES":null,"SAMPLING.EVENT.IDENTIFIER":"S195004723","species_list":"Green Sandpiper","n_species":1,"focal_species_seen":"","focal_species_slugs":"","has_focal":false,"GRID_CODE":"GJ-KU-NAK-043","DISTRICT":"Kachchh","BLOCK":"Nakhatrana"},"geometry":{"type":"Point","coordinates":[69.1567313,23.4081166]}},{"type":"Feature","properties":{"GROUP.ID":"G13032822","LOCALITY":"Netra Road, Khombhadi, Gujarat, IN (23.405, 69.132)","LATITUDE":23.4048528,"LONGITUDE":69.1323058,"OBSERVATION.DATE":"2024-09-14","OBSERVER.ID":"obsr494050","DURATION.MINUTES":null,"SAMPLING.EVENT.IDENTIFIER":"S195004990","species_list":"European Roller","n_species":1,"focal_species_seen":"European Roller","focal_species_slugs":"european-roller","has_focal":true,"GRID_CODE":"GJ-KU-NAK-042","DISTRICT":"Kachchh","BLOCK":"Nakhatrana"},"geometry":{"type":"Point","coordinates":[69.1323058,23.4048528]}},{"type":"Feature","properties":{"GROUP.ID":"G13032509","LOCALITY":"Naliya-Narayan Sarovar Road, Guhar Moti, Gujarat, IN (23.628, 68.554)","LATITUDE":23.6279849,"LONGITUDE":68.5541179,"OBSERVATION.DATE":"2024-09-14","OBSERVER.ID":"obsr834427","DURATION.MINUTES":31.0,"SAMPLING.EVENT.IDENTIFIER":"S195006231","species_list":"Ashy-crowned Sparrow-Lark; Asian Green Bee-eater; Bay-backed Shrike; Baya Weaver; Black-winged Kite; Black-winged Stilt; Black Drongo; Black Francolin; Common Hoopoe; Common Tailorbird; Eastern Cattle-Egret; Eurasian Collared-Dove; Eurasian Spoonbill; European Roller; Gray-breasted Prinia; Gray Francolin; Green Sandpiper; Indian Peafowl; Indian Silverbill; Indian Spot-billed Duck; Jungle Prinia; Laughing Dove; Lesser Whistling-Duck; Little Cormorant; Little Grebe; Oriental Darter; Purple Sunbird; Red-vented Bulbul; Red-wattled Lapwing; Red Collared-Dove; Rufous-fronted Prinia; Rufous-tailed Lark; Variable Wheatear; White-eared Bulbul; White-tailed Iora; White-throated Kingfisher","n_species":36,"focal_species_seen":"European Roller","focal_species_slugs":"european-roller","has_focal":true,"GRID_CODE":"GJ-KU-LAK-031","DISTRICT":"Kachchh","BLOCK":"Lakhpat"},"geometry":{"type":"Point","coordinates":[68.5541179,23.6279849]}},{"type":"Feature","properties":{"GROUP.ID":"G13069064","LOCALITY":"Chudwavandh, Gandhidham, Gujarat, IN (23.13, 70.182)","LATITUDE":23.1298984,"LONGITUDE":70.1815034,"OBSERVATION.DATE":"2024-09-14","OBSERVER.ID":"obsr928201","DURATION.MINUTES":14.0,"SAMPLING.EVENT.IDENTIFIER":"S195006559","species_list":"Asian Green Bee-eater; Black-headed Ibis; Common Babbler; Common Tailorbird; Eurasian Collared-Dove; Gray Francolin; House Sparrow; Indian Robin; Laughing Dove; Red-vented Bulbul; White-eared Bulbul; White-throated Kingfisher","n_species":12,"focal_species_seen":"","focal_species_slugs":"","has_focal":false,"GRID_CODE":"GJ-KU-GAN-001","DISTRICT":"Kachchh","BLOCK":"Gandhidham"},"geometry":{"type":"Point","coordinates":[70.1815034,23.1298984]}},{"type":"Feature","properties":{"GROUP.ID":"G13032742","LOCALITY":"T38G2","LATITUDE":23.7133686,"LONGITUDE":68.6518535,"OBSERVATION.DATE":"2024-09-14","OBSERVER.ID":"obsr3226404","DURATION.MINUTES":13.0,"SAMPLING.EVENT.IDENTIFIER":"S195006670","species_list":"Ashy-crowned Sparrow-Lark; Asian Green Bee-eater; Bay-backed Shrike; Black-headed Ibis; Common Babbler; Common Hoopoe; Common Tailorbird; Gray-breasted Prinia; Gray Francolin; Indian Peafowl; Indian Robin; Indian Roller; Indian Silverbill; Laughing Dove; Plain Prinia; Purple Sunbird; Red-vented Bulbul; Rosy Starling; White-eared Bulbul; White-tailed Iora; Wire-tailed Swallow; Yellow-eyed Babbler","n_species":22,"focal_species_seen":"","focal_species_slugs":"","has_focal":false,"GRID_CODE":"GJ-KU-LAK-009","DISTRICT":"Kachchh","BLOCK":"Lakhpat"},"geometry":{"type":"Point","coordinates":[68.6518535,23.7133686]}},{"type":"Feature","properties":{"GROUP.ID":"G13032505","LOCALITY":"Naliya-Narayan Sarovar Road, Baranda, Gujarat, IN (23.55, 68.675)","LATITUDE":23.5504485,"LONGITUDE":68.6750087,"OBSERVATION.DATE":"2024-09-14","OBSERVER.ID":"obsr834427","DURATION.MINUTES":6.0,"SAMPLING.EVENT.IDENTIFIER":"S195007020","species_list":"Brahminy Starling; Common Babbler; House Sparrow; Indian Robin; Purple Sunbird; Spotted Flycatcher; Yellow-throated Sparrow","n_species":7,"focal_species_seen":"Spotted Flycatcher","focal_species_slugs":"spotted-flycatcher","has_focal":true,"GRID_CODE":"GJ-KU-LAK-058","DISTRICT":"Kachchh","BLOCK":"Lakhpat"},"geometry":{"type":"Point","coordinates":[68.6750087,23.5504485]}},{"type":"Feature","properties":{"GROUP.ID":"G13040684","LOCALITY":"T22_G1","LATITUDE":22.794828,"LONGITUDE":69.434348,"OBSERVATION.DATE":"2024-09-14","OBSERVER.ID":"obsr1662974","DURATION.MINUTES":60.0,"SAMPLING.EVENT.IDENTIFIER":"S195010926","species_list":"Ashy-crowned Sparrow-Lark; Asian Green Bee-eater; Bay-backed Shrike; Black-winged Stilt; Black Drongo; Blyth's Reed Warbler; Brahminy Starling; Common Babbler; Common Hoopoe; Common Kingfisher; Common Tailorbird; Common Woodshrike; Crested Lark; Eastern Red-rumped Swallow; Eurasian Collared-Dove; Eurasian Curlew; Eurasian Moorhen; Eurasian Spoonbill; Gray Francolin; Gray Heron; Great Egret; Greater Coucal; House Crow; House Sparrow; Indian Pond-Heron; Indian Silverbill; Indian Spot-billed Duck; Kentish Plover; Laughing Dove; Little Cormorant; Little Ringed Plover; Marsh Sandpiper; Medium Egret; Painted Stork; Plain Prinia; Purple Sunbird; Red-naped Ibis; Red-wattled Lapwing; River Tern; Rose-ringed Parakeet; Rosy Starling; Western Reef-Heron; Western Yellow Wagtail; White-eared Bulbul; White-throated Kingfisher","n_species":45,"focal_species_seen":"","focal_species_slugs":"","has_focal":false,"GRID_CODE":"GJ-KU-MAN-052","DISTRICT":"Kachchh","BLOCK":"Mandvi"},"geometry":{"type":"Point","coordinates":[69.434348,22.794828]}},{"type":"Feature","properties":{"GROUP.ID":"G13032878","LOCALITY":"Selari","LATITUDE":23.6737832,"LONGITUDE":70.7954866,"OBSERVATION.DATE":"2024-09-14","OBSERVER.ID":"obsr4371339","DURATION.MINUTES":33.0,"SAMPLING.EVENT.IDENTIFIER":"S195011056","species_list":"Asian Green Bee-eater; Black-winged Stilt; Common Babbler; Common Sandpiper; Crested Lark; Eastern Cattle-Egret; Eurasian Spoonbill; Gray Francolin; House Sparrow; Indian Silverbill; Laughing Dove; Little Egret; Plain Prinia; Red-wattled Lapwing; Red Collared-Dove; Rose-ringed Parakeet","n_species":16,"focal_species_seen":"","focal_species_slugs":"","has_focal":false,"GRID_CODE":"GJ-KU-RAP-033","DISTRICT":"Kachchh","BLOCK":"Rapar"},"geometry":{"type":"Point","coordinates":[70.7954866,23.6737832]}},{"type":"Feature","properties":{"GROUP.ID":"G13032821","LOCALITY":"Unnamed Road, Kachchh, Gujarat, IN (23.407, 69.092)","LATITUDE":23.4072922,"LONGITUDE":69.092231,"OBSERVATION.DATE":"2024-09-14","OBSERVER.ID":"obsr494050","DURATION.MINUTES":25.0,"SAMPLING.EVENT.IDENTIFIER":"S195011449","species_list":"Baya Weaver; Common Babbler; Common Tailorbird; Eastern Cattle-Egret; Gray Francolin; Greater Coucal; Green Sandpiper; House Sparrow; Indian Bushlark; Indian Robin; Indian Spot-billed Duck; Jungle Prinia; Laughing Dove; Purple Sunbird; Red-vented Bulbul; Red-wattled Lapwing; Rosy Starling; Rufous-fronted Prinia; Streak-throated Swallow; White-browed Wagtail; White-eared Bulbul; White-tailed Iora","n_species":22,"focal_species_seen":"","focal_species_slugs":"","has_focal":false,"GRID_CODE":"GJ-KU-NAK-041","DISTRICT":"Kachchh","BLOCK":"Nakhatrana"},"geometry":{"type":"Point","coordinates":[69.092231,23.4072922]}},{"type":"Feature","properties":{"GROUP.ID":"G13032819","LOCALITY":"Unnamed Road, Khombhdi Moti, Gujarat, IN (23.413, 69.092)","LATITUDE":23.4125277,"LONGITUDE":69.0917137,"OBSERVATION.DATE":"2024-09-14","OBSERVER.ID":"obsr494050","DURATION.MINUTES":45.0,"SAMPLING.EVENT.IDENTIFIER":"S195011502","species_list":"Asian Green Bee-eater; Asian Koel; Brahminy Starling; Common Babbler; Common Tailorbird; Eastern Cattle-Egret; Eurasian Collared-Dove; Gray-breasted Prinia; Gray-necked Bunting; Gray Francolin; Indian Bushlark; Indian Peafowl; Indian Robin; Indian Silverbill; Isabelline Shrike; Jungle Prinia; Laughing Dove; Little Swift; Purple Sunbird; Red-vented Bulbul; Rosy Starling; Rufous-fronted Prinia; Small Minivet; Spotted Flycatcher; Sykes's Warbler; White-eared Bulbul; White-tailed Iora; Wire-tailed Swallow; Yellow-throated Sparrow","n_species":29,"focal_species_seen":"Spotted Flycatcher","focal_species_slugs":"spotted-flycatcher","has_focal":true,"GRID_CODE":"GJ-KU-NAK-030","DISTRICT":"Kachchh","BLOCK":"Nakhatrana"},"geometry":{"type":"Point","coordinates":[69.0917137,23.4125277]}},{"type":"Feature","properties":{"GROUP.ID":"G13032818","LOCALITY":"Khombhdi Moti, Gujarat, IN (23.403, 69.091)","LATITUDE":23.402526,"LONGITUDE":69.091167,"OBSERVATION.DATE":"2024-09-14","OBSERVER.ID":"obsr494050","DURATION.MINUTES":null,"SAMPLING.EVENT.IDENTIFIER":"S195011513","species_list":"Bay-backed Shrike","n_species":1,"focal_species_seen":"","focal_species_slugs":"","has_focal":false,"GRID_CODE":"GJ-KU-NAK-041","DISTRICT":"Kachchh","BLOCK":"Nakhatrana"},"geometry":{"type":"Point","coordinates":[69.091167,23.402526]}},{"type":"Feature","properties":{"GROUP.ID":"G13038283","LOCALITY":"T1G2, Fatehgadh - Mouvana Road, Mouvana, Gujarat, IN (23.81, 70.862)","LATITUDE":23.8100617,"LONGITUDE":70.8623806,"OBSERVATION.DATE":"2024-09-14","OBSERVER.ID":"obsr745299","DURATION.MINUTES":81.0,"SAMPLING.EVENT.IDENTIFIER":"S195012576","species_list":"Asian Green Bee-eater; Black-winged Kite; Blue-cheeked Bee-eater; Caspian Tern; Chestnut-bellied Sandgrouse; Common Babbler; Common Hoopoe; Common Kingfisher; Common Redshank; Common Sandpiper; Delicate Prinia; Eastern Cattle-Egret; Eastern Red-rumped Swallow; Eurasian Collared-Dove; Eurasian Spoonbill; Eurasian Wryneck; Gray Francolin; Great Cormorant; Great Crested Grebe; Greater Flamingo; House Crow; House Sparrow; Indian Peafowl; Indian Robin; Isabelline Shrike; Laughing Dove; Lesser Flamingo; Little Cormorant; Little Grebe; Marsh Sandpiper; Montagu's Harrier; Northern Shoveler; Oriental Darter; Plain Prinia; Purple Sunbird; Red-vented Bulbul; Red-wattled Lapwing; River Tern; Rosy Starling; Whiskered Tern; White-eared Bulbul; White-throated Kingfisher; Yellow-throated Sparrow; Zitting Cisticola","n_species":44,"focal_species_seen":"Blue-cheeked Bee-eater","focal_species_slugs":"blue-cheeked-bee-eater","has_focal":true,"GRID_CODE":"GJ-KU-RAN-519","DISTRICT":"Kachchh","BLOCK":"Rann of Kachchh"},"geometry":{"type":"Point","coordinates":[70.8623806,23.8100617]}},{"type":"Feature","properties":{"GROUP.ID":"G13032826","LOCALITY":"PMC T21G1","LATITUDE":22.9298533,"LONGITUDE":69.6914234,"OBSERVATION.DATE":"2024-09-14","OBSERVER.ID":"obsr413366","DURATION.MINUTES":55.0,"SAMPLING.EVENT.IDENTIFIER":"S195013004","species_list":"Asian Green Bee-eater; Bay-backed Shrike; Baya Weaver; Crested Lark; European Roller; Indian Robin; Indian Silverbill; Jungle Prinia; Long-tailed Shrike; Paddyfield Pipit; Purple Sunbird; Red-wattled Lapwing; Variable Wheatear; White-tailed Iora; Yellow-crowned Woodpecker; Yellow-wattled Lapwing","n_species":16,"focal_species_seen":"European Roller","focal_species_slugs":"european-roller","has_focal":true,"GRID_CODE":"GJ-KU-MUN-011","DISTRICT":"Kachchh","BLOCK":"Mundra"},"geometry":{"type":"Point","coordinates":[69.6914234,22.9298533]}},{"type":"Feature","properties":{"GROUP.ID":"G13032877","LOCALITY":"PMC2024 T4G3","LATITUDE":23.6102958,"LONGITUDE":70.7348177,"OBSERVATION.DATE":"2024-09-14","OBSERVER.ID":"obsr4371339","DURATION.MINUTES":60.0,"SAMPLING.EVENT.IDENTIFIER":"S195013007","species_list":"Ashy-crowned Sparrow-Lark; Asian Green Bee-eater; Baya Weaver; Black-winged Stilt; Common Babbler; Common Sandpiper; Eurasian Collared-Dove; Glossy Ibis; Gray-breasted Prinia; Gray Francolin; Green Sandpiper; Indian Silverbill; Laughing Dove; Little Grebe; Paddyfield Pipit; Purple Sunbird; Red-vented Bulbul; Red-wattled Lapwing; Red Collared-Dove; Rosy Starling; Rufous-tailed Lark; White-eared Bulbul; White-throated Kingfisher; Wood Sandpiper","n_species":24,"focal_species_seen":"","focal_species_slugs":"","has_focal":false,"GRID_CODE":"GJ-KU-RAP-053","DISTRICT":"Kachchh","BLOCK":"Rapar"},"geometry":{"type":"Point","coordinates":[70.7348177,23.6102958]}},{"type":"Feature","properties":{"GROUP.ID":"G13040685","LOCALITY":"T22_G2","LATITUDE":22.8208,"LONGITUDE":69.477959,"OBSERVATION.DATE":"2024-09-14","OBSERVER.ID":"obsr1662974","DURATION.MINUTES":53.0,"SAMPLING.EVENT.IDENTIFIER":"S195013934","species_list":"Baya Weaver; Black-winged Stilt; Black Drongo; Common Babbler; Eurasian Collared-Dove; Eurasian Wryneck; European Roller; Gray-necked Bunting; Gray Francolin; Greater Coucal; House Crow; Indian Silverbill; Paddyfield Pipit; Painted Stork; Pied Cuckoo; Plain Prinia; Purple Sunbird; Rain Quail; Red-backed Shrike; Red-vented Bulbul; Red-wattled Lapwing; Red Collared-Dove; Rufous-fronted Prinia; White-eared Bulbul; White-throated Kingfisher; Zitting Cisticola","n_species":26,"focal_species_seen":"European Roller; Red-backed Shrike","focal_species_slugs":"european-roller;red-backed-shrike","has_focal":true,"GRID_CODE":"GJ-KU-MAN-051","DISTRICT":"Kachchh","BLOCK":"Mandvi"},"geometry":{"type":"Point","coordinates":[69.477959,22.8208]}},{"type":"Feature","properties":{"GROUP.ID":"G13038284","LOCALITY":"T1G3, Mauvana-Bela Road, Mouvana, Gujarat, IN (23.826, 70.855)","LATITUDE":23.8255259,"LONGITUDE":70.855421,"OBSERVATION.DATE":"2024-09-14","OBSERVER.ID":"obsr745299","DURATION.MINUTES":26.0,"SAMPLING.EVENT.IDENTIFIER":"S195014048","species_list":"Ashy-crowned Sparrow-Lark; Asian Green Bee-eater; Asian Koel; Bank Myna; Bay-backed Shrike; Black-headed Ibis; Black-winged Kite; Blue-cheeked Bee-eater; Brahminy Starling; Common Babbler; Common Hoopoe; Common Myna; Common Tailorbird; Crested Lark; Eastern Cattle-Egret; Eastern Red-rumped Swallow; Eurasian Collared-Dove; Gray Francolin; House Sparrow; Indian Peafowl; Indian Robin; Indian Silverbill; Knob-billed Duck; Laughing Dove; Little Swift; Long-tailed Shrike; Marsh Sandpiper; Paddyfield Pipit; Plain Prinia; Purple Sunbird; Red-vented Bulbul; Red-wattled Lapwing; Rufous-tailed Lark; Siberian Stonechat; Spotted Flycatcher; White-eared Bulbul; White-throated Kingfisher; Wire-tailed Swallow; Wood Sandpiper; Yellow-throated Sparrow","n_species":40,"focal_species_seen":"Blue-cheeked Bee-eater; Spotted Flycatcher","focal_species_slugs":"blue-cheeked-bee-eater;spotted-flycatcher","has_focal":true,"GRID_CODE":"GJ-KU-RAP-013","DISTRICT":"Kachchh","BLOCK":"Rapar"},"geometry":{"type":"Point","coordinates":[70.855421,23.8255259]}},{"type":"Feature","properties":{"GROUP.ID":"G13032816","LOCALITY":"Unnamed Road, Kachchh, Gujarat, IN (23.394, 69.189)","LATITUDE":23.3941722,"LONGITUDE":69.1888935,"OBSERVATION.DATE":"2024-09-14","OBSERVER.ID":"obsr494050","DURATION.MINUTES":20.0,"SAMPLING.EVENT.IDENTIFIER":"S195014123","species_list":"Asian Green Bee-eater; Barred Buttonquail; Bay-backed Shrike; Baya Weaver; Blyth's Reed Warbler; Chestnut-bellied Sandgrouse; Common Babbler; Common Tailorbird; Common Woodshrike; Eastern Cattle-Egret; Eastern Red-rumped Swallow; Eurasian Collared-Dove; European Roller; Gray-breasted Prinia; Indian Peafowl; Indian Robin; Jungle Prinia; Laughing Dove; Pied Cuckoo; Plain Prinia; Purple Sunbird; Red-vented Bulbul; Red Collared-Dove; Rock Bush-Quail; White-eared Bulbul; White-tailed Iora; White-throated Kingfisher","n_species":27,"focal_species_seen":"European Roller","focal_species_slugs":"european-roller","has_focal":true,"GRID_CODE":"GJ-KU-NAK-043","DISTRICT":"Kachchh","BLOCK":"Nakhatrana"},"geometry":{"type":"Point","coordinates":[69.1888935,23.3941722]}},{"type":"Feature","properties":{"GROUP.ID":"G13065241","LOCALITY":"Kodki Baukha Road, Kachchh IN-GJ 23.26198, 69.54989","LATITUDE":23.261979,"LONGITUDE":69.549891,"OBSERVATION.DATE":"2024-09-14","OBSERVER.ID":"obsr1636070","DURATION.MINUTES":128.0,"SAMPLING.EVENT.IDENTIFIER":"S195014514","species_list":"Asian Green Bee-eater; Baya Weaver; Chestnut-bellied Sandgrouse; Common Sandpiper; Common Tailorbird; Eastern Red-rumped Swallow; Eurasian Collared-Dove; European Roller; Indian Bushlark; Jungle Prinia; Laughing Dove; Lesser Whistling-Duck; Little Cormorant; Little Ringed Plover; Paddyfield Pipit; Purple Sunbird; Red-backed Shrike; Red Collared-Dove; Rock Bush-Quail; Rose-ringed Parakeet; Tawny Pipit; Western Yellow Wagtail; White-eared Bulbul; White-throated Kingfisher","n_species":24,"focal_species_seen":"European Roller; Red-backed Shrike","focal_species_slugs":"european-roller;red-backed-shrike","has_focal":true,"GRID_CODE":"GJ-KU-BHU-120","DISTRICT":"Kachchh","BLOCK":"Bhuj"},"geometry":{"type":"Point","coordinates":[69.549891,23.261979]}},{"type":"Feature","properties":{"GROUP.ID":"G13048171","LOCALITY":"TEAM_31_GRID_4","LATITUDE":23.652186,"LONGITUDE":69.0559562,"OBSERVATION.DATE":"2024-09-14","OBSERVER.ID":"obsr457663","DURATION.MINUTES":34.0,"SAMPLING.EVENT.IDENTIFIER":"S195014653","species_list":"European Roller; Great Egret; Pied Kingfisher; Spotted Flycatcher","n_species":4,"focal_species_seen":"European Roller; Spotted Flycatcher","focal_species_slugs":"european-roller;spotted-flycatcher","has_focal":true,"GRID_CODE":"GJ-KU-LAK-041","DISTRICT":"Kachchh","BLOCK":"Lakhpat"},"geometry":{"type":"Point","coordinates":[69.0559562,23.652186]}},{"type":"Feature","properties":{"GROUP.ID":"G13033398","LOCALITY":"Team No 6 Team_gridn 3 Unnamed Road, Kachchh, Gujarat, IN (23.468, 70.556)","LATITUDE":23.4680751,"LONGITUDE":70.5556718,"OBSERVATION.DATE":"2024-09-14","OBSERVER.ID":"obsr6141404","DURATION.MINUTES":162.0,"SAMPLING.EVENT.IDENTIFIER":"S195015261","species_list":"Barred Buttonquail; Bay-backed Shrike; Delicate Prinia; Eurasian Wryneck; European Roller; Lesser Whistling-Duck; Red-vented Bulbul; Sirkeer Malkoha; Spotted Flycatcher; Whiskered Tern; White-eared Bulbul","n_species":11,"focal_species_seen":"European Roller; Spotted Flycatcher","focal_species_slugs":"european-roller;spotted-flycatcher","has_focal":true,"GRID_CODE":"GJ-KU-BHA-022","DISTRICT":"Kachchh","BLOCK":"Bhachau"},"geometry":{"type":"Point","coordinates":[70.5556718,23.4680751]}},{"type":"Feature","properties":{"GROUP.ID":"G13039413","LOCALITY":"Team No 6Team_Grid_4 Unnamed Road, Kachchh, Gujarat, IN (23.474, 70.601)","LATITUDE":23.473712,"LONGITUDE":70.6007443,"OBSERVATION.DATE":"2024-09-14","OBSERVER.ID":"obsr6141404","DURATION.MINUTES":79.0,"SAMPLING.EVENT.IDENTIFIER":"S195015295","species_list":"Asian Green Bee-eater; Black-headed Ibis; Eurasian Collared-Dove; Gray-necked Bunting; Gray Francolin; Indian Silverbill; Jungle Prinia; Laughing Dove; Pied Cuckoo; Red-wattled Lapwing; Red Collared-Dove; Rufous-tailed Lark; Siberian Stonechat; Spotted Flycatcher; Sykes's Warbler; White-eared Bulbul; White-throated Kingfisher","n_species":17,"focal_species_seen":"Spotted Flycatcher","focal_species_slugs":"spotted-flycatcher","has_focal":true,"GRID_CODE":"GJ-KU-RAP-073","DISTRICT":"Kachchh","BLOCK":"Rapar"},"geometry":{"type":"Point","coordinates":[70.6007443,23.473712]}},{"type":"Feature","properties":{"GROUP.ID":"G13040862","LOCALITY":"PMC_T29G1","LATITUDE":23.0207433,"LONGITUDE":68.8838383,"OBSERVATION.DATE":"2024-09-14","OBSERVER.ID":"obsr1419186","DURATION.MINUTES":55.0,"SAMPLING.EVENT.IDENTIFIER":"S195016292","species_list":"Gray Heron; Great Egret; Greater Sand-Plover; Western Reef-Heron","n_species":4,"focal_species_seen":"","focal_species_slugs":"","has_focal":false,"GRID_CODE":"GJ-KU-ABD-087","DISTRICT":"Kachchh","BLOCK":"Abdasa"},"geometry":{"type":"Point","coordinates":[68.8838383,23.0207433]}},{"type":"Feature","properties":{"GROUP.ID":"G13034648","LOCALITY":"T35G2, Gujarat, IN (23.42, 68.617)","LATITUDE":23.4195674,"LONGITUDE":68.6165449,"OBSERVATION.DATE":"2024-09-14","OBSERVER.ID":"obsr834427","DURATION.MINUTES":71.0,"SAMPLING.EVENT.IDENTIFIER":"S195016364","species_list":"Ashy-crowned Sparrow-Lark; Asian Green Bee-eater; Barn Swallow; Bay-backed Shrike; Baya Weaver; Black Drongo; Blue-cheeked Bee-eater; Brahminy Starling; Common Babbler; Common Hoopoe; Common Tailorbird; Eastern Cattle-Egret; Eastern Red-rumped Swallow; Eurasian Collared-Dove; Eurasian Spoonbill; Eurasian Wryneck; European Roller; Glossy Ibis; Gray-breasted Prinia; Gray Francolin; Gray Heron; Greater Coucal; House Crow; House Sparrow; Indian Bushlark; Indian Peafowl; Indian Robin; Indian Silverbill; Isabelline Shrike; Jungle Prinia; Laughing Dove; Lesser Whitethroat; Little Cormorant; Little Egret; Oriental Darter; Pied Cuckoo; Plain Prinia; Purple Sunbird; Red-backed Shrike; Red-vented Bulbul; Red-wattled Lapwing; Red Collared-Dove; River Tern; Rose-ringed Parakeet; Rosy Starling; Rufous-fronted Prinia; Rufous-tailed Lark; Spotted Flycatcher; Sykes's Warbler; White-eared Bulbul; White-tailed Iora; Wire-tailed Swallow","n_species":52,"focal_species_seen":"Blue-cheeked Bee-eater; European Roller; Red-backed Shrike; Spotted Flycatcher","focal_species_slugs":"blue-cheeked-bee-eater;european-roller;red-backed-shrike;spotted-flycatcher","has_focal":true,"GRID_CODE":"GJ-KU-LAK-074","DISTRICT":"Kachchh","BLOCK":"Lakhpat"},"geometry":{"type":"Point","coordinates":[68.6165449,23.4195674]}},{"type":"Feature","properties":{"GROUP.ID":"G13069062","LOCALITY":"Ratanpar Road, Kachchh IN-GJ 23.86698, 70.35400","LATITUDE":23.86698,"LONGITUDE":70.354,"OBSERVATION.DATE":"2024-09-14","OBSERVER.ID":"obsr447038","DURATION.MINUTES":180.0,"SAMPLING.EVENT.IDENTIFIER":"S195016812","species_list":"Ashy-crowned Sparrow-Lark; Asian Green Bee-eater; Baya Weaver; Blue-cheeked Bee-eater; Brown Rock Chat; Eurasian Collared-Dove; Laughing Dove; Little Egret; Long-tailed Shrike; Montagu's Harrier; Paddyfield Pipit; Purple Sunbird; Red-vented Bulbul; Siberian Stonechat; Spotted Flycatcher; Streaked Weaver","n_species":16,"focal_species_seen":"Blue-cheeked Bee-eater; Spotted Flycatcher","focal_species_slugs":"blue-cheeked-bee-eater;spotted-flycatcher","has_focal":true,"GRID_CODE":"GJ-KU-BHA-005","DISTRICT":"Kachchh","BLOCK":"Bhachau"},"geometry":{"type":"Point","coordinates":[70.354,23.86698]}},{"type":"Feature","properties":{"GROUP.ID":"G13040690","LOCALITY":"T22_G3","LATITUDE":22.834654,"LONGITUDE":69.567994,"OBSERVATION.DATE":"2024-09-14","OBSERVER.ID":"obsr1662974","DURATION.MINUTES":50.0,"SAMPLING.EVENT.IDENTIFIER":"S195017230","species_list":"Ashy-crowned Sparrow-Lark; Asian Green Bee-eater; Baya Weaver; Black Drongo; Chestnut-bellied Sandgrouse; Common Babbler; Common Tailorbird; Eastern Red-rumped Swallow; Eurasian Moorhen; Gray Francolin; Greater Coucal; House Sparrow; Indian Bushlark; Indian Peafowl; Indian Robin; Indian Thick-knee; Laughing Dove; Lesser Whistling-Duck; Paddyfield Pipit; Plain Prinia; Red-vented Bulbul; Red-wattled Lapwing; River Tern; Rosy Starling; Rufous-tailed Lark; White-eared Bulbul; Wire-tailed Swallow; Yellow-wattled Lapwing","n_species":28,"focal_species_seen":"","focal_species_slugs":"","has_focal":false,"GRID_CODE":"GJ-KU-MUN-026","DISTRICT":"Kachchh","BLOCK":"Mundra"},"geometry":{"type":"Point","coordinates":[69.567994,22.834654]}},{"type":"Feature","properties":{"GROUP.ID":"G13040781","LOCALITY":"T23G3","LATITUDE":23.0933057,"LONGITUDE":69.5098552,"OBSERVATION.DATE":"2024-09-14","OBSERVER.ID":"obsr1525537","DURATION.MINUTES":28.0,"SAMPLING.EVENT.IDENTIFIER":"S195017469","species_list":"Ashy-crowned Sparrow-Lark; Asian Green Bee-eater; Bay-backed Shrike; Baya Weaver; Common Babbler; Common Hoopoe; Gray Francolin; Great Gray Shrike; Greater Short-toed Lark; Indian Bushlark; Indian Pond-Heron; Indian Robin; Indian Silverbill; Jungle Prinia; Laughing Dove; Long-tailed Shrike; Plain Prinia; Purple Sunbird; Red-vented Bulbul; Sykes's Warbler; White-eared Bulbul; White-tailed Iora; Wire-tailed Swallow; Zitting Cisticola","n_species":24,"focal_species_seen":"","focal_species_slugs":"","has_focal":false,"GRID_CODE":"GJ-KU-BHU-161","DISTRICT":"Kachchh","BLOCK":"Bhuj"},"geometry":{"type":"Point","coordinates":[69.5098552,23.0933057]}},{"type":"Feature","properties":{"GROUP.ID":"G13038286","LOCALITY":"T1G5, Bela Road, Kachchh, Gujarat, IN (23.863, 70.806)","LATITUDE":23.8628126,"LONGITUDE":70.8058005,"OBSERVATION.DATE":"2024-09-14","OBSERVER.ID":"obsr745299","DURATION.MINUTES":59.0,"SAMPLING.EVENT.IDENTIFIER":"S195018540","species_list":"Ashy-crowned Sparrow-Lark; Asian Green Bee-eater; Bay-backed Shrike; Baya Weaver; Black-winged Kite; Blue-cheeked Bee-eater; Brahminy Starling; Chestnut-bellied Sandgrouse; Common Babbler; Common Myna; Common Tailorbird; Eastern Cattle-Egret; Eastern Red-rumped Swallow; Eurasian Collared-Dove; Eurasian Coot; European Roller; Gray Francolin; Greater Coucal; House Sparrow; Indian Bushlark; Indian Peafowl; Indian Robin; Indian Silverbill; Indian Spot-billed Duck; Laughing Dove; Long-tailed Shrike; Plain Prinia; Purple Sunbird; Red-vented Bulbul; Red-wattled Lapwing; Red Collared-Dove; Rufous-fronted Prinia; Sykes's Warbler; Western Yellow Wagtail; White-eared Bulbul; White-throated Kingfisher","n_species":36,"focal_species_seen":"Blue-cheeked Bee-eater; European Roller","focal_species_slugs":"blue-cheeked-bee-eater;european-roller","has_focal":true,"GRID_CODE":"GJ-KU-RAP-007","DISTRICT":"Kachchh","BLOCK":"Rapar"},"geometry":{"type":"Point","coordinates":[70.8058005,23.8628126]}},{"type":"Feature","properties":{"GROUP.ID":"G13069060","LOCALITY":"t8g3, Bhachau, Kachchh IN-GJ 23.90922, 70.32576","LATITUDE":23.90922,"LONGITUDE":70.32576,"OBSERVATION.DATE":"2024-09-14","OBSERVER.ID":"obsr447038","DURATION.MINUTES":74.0,"SAMPLING.EVENT.IDENTIFIER":"S195021587","species_list":"Ashy-crowned Sparrow-Lark; Barn Swallow; Brown Rock Chat; Common Babbler; Eastern Red-rumped Swallow; Eurasian Collared-Dove; European Roller; Gray Francolin; Great Gray Shrike; Greater Flamingo; House Sparrow; Indian Robin; Laughing Dove; Long-tailed Shrike; Red-tailed Shrike; Red-wattled Lapwing; Red Collared-Dove; Streaked Weaver; Yellow-throated Sparrow","n_species":19,"focal_species_seen":"European Roller; Red-tailed Shrike","focal_species_slugs":"european-roller;red-tailed-shrike","has_focal":true,"GRID_CODE":"GJ-KU-BHA-005","DISTRICT":"Kachchh","BLOCK":"Bhachau"},"geometry":{"type":"Point","coordinates":[70.32576,23.90922]}},{"type":"Feature","properties":{"GROUP.ID":"G13040330","LOCALITY":"PMC2024_T40G5","LATITUDE":22.9683738,"LONGITUDE":69.277457,"OBSERVATION.DATE":"2024-09-14","OBSERVER.ID":"obsr358210","DURATION.MINUTES":42.0,"SAMPLING.EVENT.IDENTIFIER":"S195021713","species_list":"Ashy-crowned Sparrow-Lark; Black Drongo; Blyth's Reed Warbler; Common Babbler; Common Tailorbird; Eastern Cattle-Egret; Gray-breasted Prinia; Gray Francolin; Greater Coucal; Gull-billed Tern; House Sparrow; Jungle Prinia; Laughing Dove; Little Cormorant; Purple Sunbird; Red-vented Bulbul; Rosy Starling; White-throated Kingfisher; Wire-tailed Swallow","n_species":19,"focal_species_seen":"","focal_species_slugs":"","has_focal":false,"GRID_CODE":"GJ-KU-MAN-021","DISTRICT":"Kachchh","BLOCK":"Mandvi"},"geometry":{"type":"Point","coordinates":[69.277457,22.9683738]}},{"type":"Feature","properties":{"GROUP.ID":"G13040956","LOCALITY":"T19G3","LATITUDE":23.415114,"LONGITUDE":69.3680298,"OBSERVATION.DATE":"2024-09-14","OBSERVER.ID":"obsr358777","DURATION.MINUTES":40.0,"SAMPLING.EVENT.IDENTIFIER":"S195022139","species_list":"Asian Green Bee-eater; Common Babbler; Eastern Cattle-Egret; Eastern Red-rumped Swallow; European Roller; Gray-breasted Prinia; Gray-necked Bunting; Gray Francolin; Indian Bushlark; Indian Peafowl; Indian Robin; Indian Silverbill; Jungle Prinia; Laughing Dove; Lesser Whitethroat; Pied Cuckoo; Purple Sunbird; Red-vented Bulbul; River Tern; Rufous-fronted Prinia; White-eared Bulbul; White-tailed Iora; Yellow-throated Sparrow","n_species":23,"focal_species_seen":"European Roller","focal_species_slugs":"european-roller","has_focal":true,"GRID_CODE":"GJ-KU-NAK-036","DISTRICT":"Kachchh","BLOCK":"Nakhatrana"},"geometry":{"type":"Point","coordinates":[69.3680298,23.415114]}},{"type":"Feature","properties":{"GROUP.ID":"G13069059","LOCALITY":"Bhachau, Kachchh IN-GJ 23.89344, 70.32705","LATITUDE":23.89344,"LONGITUDE":70.32705,"OBSERVATION.DATE":"2024-09-14","OBSERVER.ID":"obsr447038","DURATION.MINUTES":26.0,"SAMPLING.EVENT.IDENTIFIER":"S195023439","species_list":"Bank Swallow; Barred Buttonquail; Common Hoopoe; Gray Francolin; Great Gray Shrike; Long-tailed Shrike; Plain Prinia; Variable Wheatear; White-eared Bulbul; White-tailed Iora; White-throated Kingfisher","n_species":11,"focal_species_seen":"","focal_species_slugs":"","has_focal":false,"GRID_CODE":"GJ-KU-BHA-005","DISTRICT":"Kachchh","BLOCK":"Bhachau"},"geometry":{"type":"Point","coordinates":[70.32705,23.89344]}},{"type":"Feature","properties":{"GROUP.ID":"G13033205","LOCALITY":"T2G3","LATITUDE":23.6034537,"LONGITUDE":71.0345141,"OBSERVATION.DATE":"2024-09-14","OBSERVER.ID":"obsr957419","DURATION.MINUTES":78.0,"SAMPLING.EVENT.IDENTIFIER":"S195023971","species_list":"Ashy-crowned Sparrow-Lark; Asian Green Bee-eater; Barn Swallow; Black-headed Ibis; Black-winged Kite; Blue-cheeked Bee-eater; Common Babbler; Common Hoopoe; Eurasian Collared-Dove; Eurasian Coot; European Roller; Gray Francolin; Greater Flamingo; House Crow; House Sparrow; Indian Bushlark; Indian Peafowl; Indian Pond-Heron; Indian Silverbill; Indian Spot-billed Duck; Lesser Whistling-Duck; Medium Egret; Paddyfield Pipit; Painted Stork; Pied Avocet; Pied Cuckoo; Plain Prinia; Purple Heron; Purple Sunbird; Red-vented Bulbul; Red-wattled Lapwing; Red Collared-Dove; River Tern; Rosy Starling; Rufous-fronted Prinia; Siberian Stonechat; Western Marsh Harrier; Whiskered Tern; White-eared Bulbul; Wire-tailed Swallow; Zitting Cisticola","n_species":41,"focal_species_seen":"Blue-cheeked Bee-eater; European Roller","focal_species_slugs":"blue-cheeked-bee-eater;european-roller","has_focal":true,"GRID_CODE":"GJ-KU-LIT-014","DISTRICT":"Kachchh","BLOCK":"Little Rann"},"geometry":{"type":"Point","coordinates":[71.0345141,23.6034537]}},{"type":"Feature","properties":{"GROUP.ID":"G13069063","LOCALITY":"t8g2, Ratanpar Road, Kachchh IN-GJ 23.86047, 70.36389","LATITUDE":23.86047,"LONGITUDE":70.36389,"OBSERVATION.DATE":"2024-09-14","OBSERVER.ID":"obsr447038","DURATION.MINUTES":20.0,"SAMPLING.EVENT.IDENTIFIER":"S195025141","species_list":"Asian Green Bee-eater; Common Babbler; House Sparrow; Isabelline Shrike; Purple Sunbird; White-browed Wagtail; White-eared Bulbul; Yellow-throated Sparrow","n_species":8,"focal_species_seen":"","focal_species_slugs":"","has_focal":false,"GRID_CODE":"GJ-KU-BHA-006","DISTRICT":"Kachchh","BLOCK":"Bhachau"},"geometry":{"type":"Point","coordinates":[70.36389,23.86047]}},{"type":"Feature","properties":{"GROUP.ID":"G13034653","LOCALITY":"T35G1, IN (23.406, 68.573)","LATITUDE":23.4064892,"LONGITUDE":68.5726714,"OBSERVATION.DATE":"2024-09-14","OBSERVER.ID":"obsr834427","DURATION.MINUTES":34.0,"SAMPLING.EVENT.IDENTIFIER":"S195025192","species_list":"Ashy-crowned Sparrow-Lark; Asian Green Bee-eater; Asian Koel; Barn Swallow; Black-winged Kite; Black Drongo; Brahminy Kite; Common Babbler; Common Greenshank; Common Myna; Crested Lark; Delicate Prinia; Eurasian Collared-Dove; Eurasian Curlew; Eurasian Spoonbill; European Roller; Glossy Ibis; Gray-breasted Prinia; Gray Francolin; Gray Heron; Great Egret; Greater Coucal; Green Sandpiper; Gull-billed Tern; Indian Bushlark; Indian Pond-Heron; Indian Robin; Laughing Dove; Little Egret; Little Heron; Little Stint; Medium Egret; Oriental Darter; Painted Stork; Purple Sunbird; Red-vented Bulbul; Red-wattled Lapwing; Red Collared-Dove; River Tern; Rosy Starling; Rufous-fronted Prinia; Rufous-tailed Lark; Western Reef-Heron; Whiskered Tern; White-eared Bulbul; White-throated Kingfisher","n_species":46,"focal_species_seen":"European Roller","focal_species_slugs":"european-roller","has_focal":true,"GRID_CODE":"GJ-KU-ABD-010","DISTRICT":"Kachchh","BLOCK":"Abdasa"},"geometry":{"type":"Point","coordinates":[68.5726714,23.4064892]}},{"type":"Feature","properties":{"GROUP.ID":"G13065252","LOCALITY":"Bhuj, Kachchh IN-GJ 23.24426, 69.78820","LATITUDE":23.244257,"LONGITUDE":69.788205,"OBSERVATION.DATE":"2024-09-14","OBSERVER.ID":"obsr1636070","DURATION.MINUTES":68.0,"SAMPLING.EVENT.IDENTIFIER":"S195025579","species_list":"Ashy-crowned Sparrow-Lark; Asian Green Bee-eater; Asian Koel; Black-winged Stilt; Eurasian Collared-Dove; Gray Heron; Gray Wagtail; Indian Peafowl; Indian Silverbill; Knob-billed Duck; Little Egret; Red-naped Ibis; Red Collared-Dove; River Tern; Shikra","n_species":15,"focal_species_seen":"","focal_species_slugs":"","has_focal":false,"GRID_CODE":"GJ-KU-BHU-137","DISTRICT":"Kachchh","BLOCK":"Bhuj"},"geometry":{"type":"Point","coordinates":[69.788205,23.244257]}},{"type":"Feature","properties":{"GROUP.ID":"G13034651","LOCALITY":"Unnamed Road, Hothiay, Gujarat, IN (23.495, 68.565)","LATITUDE":23.4950641,"LONGITUDE":68.5654056,"OBSERVATION.DATE":"2024-09-14","OBSERVER.ID":"obsr834427","DURATION.MINUTES":10.0,"SAMPLING.EVENT.IDENTIFIER":"S195027198","species_list":"Ashy-crowned Sparrow-Lark; Asian Green Bee-eater; Black Drongo; Common Myna; Common Tailorbird; Eurasian Collared-Dove; European Roller; Glossy Ibis; Gray-breasted Prinia; Gray Francolin; Indian Bushlark; Indian Spot-billed Duck; Jungle Prinia; Laughing Dove; Paddyfield Pipit; Pied Cuckoo; Purple Sunbird; Red-vented Bulbul; Red-wattled Lapwing; Red Collared-Dove; Rose-ringed Parakeet; Rufous-fronted Prinia; Siberian Stonechat; Small Minivet; Variable Wheatear; White-eared Bulbul; White-tailed Iora","n_species":27,"focal_species_seen":"European Roller","focal_species_slugs":"european-roller","has_focal":true,"GRID_CODE":"GJ-KU-ABD-001","DISTRICT":"Kachchh","BLOCK":"Abdasa"},"geometry":{"type":"Point","coordinates":[68.5654056,23.4950641]}},{"type":"Feature","properties":{"GROUP.ID":"G13069072","LOCALITY":"T27G4","LATITUDE":23.5318962,"LONGITUDE":69.0925018,"OBSERVATION.DATE":"2024-09-14","OBSERVER.ID":"obsr1099583","DURATION.MINUTES":64.0,"SAMPLING.EVENT.IDENTIFIER":"S195027643","species_list":"Ashy-crowned Sparrow-Lark; Asian Green Bee-eater; Asian Koel; Bay-backed Shrike; Baya Weaver; Black Drongo; Common Babbler; Common Hoopoe; Common Sandpiper; Common Tailorbird; Eastern Cattle-Egret; Eurasian Moorhen; Eurasian Spoonbill; European Roller; Gray-necked Bunting; Gray Francolin; Green Sandpiper; House Sparrow; Indian Robin; Indian Roller; Indian Silverbill; Indian Spot-billed Duck; Jungle Prinia; Knob-billed Duck; Laughing Dove; Lesser Whistling-Duck; Little Cormorant; Little Ringed Plover; Oriental Darter; Pied Cuckoo; Pied Kingfisher; Purple Sunbird; Red-naped Ibis; Red-vented Bulbul; Red-wattled Lapwing; Red Collared-Dove; River Tern; Rosy Starling; Rufous-fronted Prinia; Rufous-tailed Lark; Western Yellow Wagtail; White-eared Bulbul; White-tailed Iora; White-throated Kingfisher; Wire-tailed Swallow; Zitting Cisticola","n_species":46,"focal_species_seen":"European Roller","focal_species_slugs":"european-roller","has_focal":true,"GRID_CODE":"GJ-KU-NAK-010","DISTRICT":"Kachchh","BLOCK":"Nakhatrana"},"geometry":{"type":"Point","coordinates":[69.0925018,23.5318962]}},{"type":"Feature","properties":{"GROUP.ID":"G13040863","LOCALITY":"Pingleshvar beach","LATITUDE":23.0657699,"LONGITUDE":68.8009117,"OBSERVATION.DATE":"2024-09-14","OBSERVER.ID":"obsr1419186","DURATION.MINUTES":26.0,"SAMPLING.EVENT.IDENTIFIER":"S195029068","species_list":"Black-headed Ibis; Black-winged Stilt; Eurasian Spoonbill; Great Egret; Greater Flamingo; Isabelline Shrike; Little Cormorant; Little Stint; Medium Egret; Red-wattled Lapwing; Western Reef-Heron","n_species":11,"focal_species_seen":"","focal_species_slugs":"","has_focal":false,"GRID_CODE":"GJ-KU-ABD-078","DISTRICT":"Kachchh","BLOCK":"Abdasa"},"geometry":{"type":"Point","coordinates":[68.8009117,23.0657699]}},{"type":"Feature","properties":{"GROUP.ID":"G13065263","LOCALITY":"Raydhanpar Traya Road, Kachchh IN-GJ 23.27709, 69.75581","LATITUDE":23.277094,"LONGITUDE":69.755812,"OBSERVATION.DATE":"2024-09-14","OBSERVER.ID":"obsr1636070","DURATION.MINUTES":29.0,"SAMPLING.EVENT.IDENTIFIER":"S195029106","species_list":"Asian Green Bee-eater; Black-winged Stilt; Common Babbler; European Roller; Gray Francolin; House Sparrow; Indian Silverbill; Laughing Dove; Paddyfield Pipit; Painted Sandgrouse; Red-vented Bulbul; Red-wattled Lapwing; Red Collared-Dove; Rock Bush-Quail; White-eared Bulbul; Yellow-wattled Lapwing","n_species":16,"focal_species_seen":"European Roller","focal_species_slugs":"european-roller","has_focal":true,"GRID_CODE":"GJ-KU-BHU-124","DISTRICT":"Kachchh","BLOCK":"Bhuj"},"geometry":{"type":"Point","coordinates":[69.755812,23.277094]}},{"type":"Feature","properties":{"GROUP.ID":"G13038282","LOCALITY":"T1G1, Balasar-Deslpar Road, Kachchh, Gujarat, IN (23.77, 70.674)","LATITUDE":23.7704581,"LONGITUDE":70.67416,"OBSERVATION.DATE":"2024-09-14","OBSERVER.ID":"obsr745299","DURATION.MINUTES":40.0,"SAMPLING.EVENT.IDENTIFIER":"S195032002","species_list":"Ashy-crowned Sparrow-Lark; Black-winged Stilt; Blue-cheeked Bee-eater; Common Babbler; Demoiselle Crane; Eastern Red-rumped Swallow; Eurasian Collared-Dove; Eurasian Moorhen; Gray Francolin; Greater Flamingo; House Sparrow; Indian Spot-billed Duck; Isabelline Shrike; Laughing Dove; Little Grebe; Long-tailed Shrike; Marsh Sandpiper; Pied Kingfisher; Plain Prinia; Purple Sunbird; Red-vented Bulbul; Red-wattled Lapwing; River Tern; Western Marsh Harrier; Whiskered Tern; White-eared Bulbul","n_species":26,"focal_species_seen":"Blue-cheeked Bee-eater","focal_species_slugs":"blue-cheeked-bee-eater","has_focal":true,"GRID_CODE":"GJ-KU-RAP-016","DISTRICT":"Kachchh","BLOCK":"Rapar"},"geometry":{"type":"Point","coordinates":[70.67416,23.7704581]}},{"type":"Feature","properties":{"GROUP.ID":"G13033579","LOCALITY":"PMC2024 T4G1","LATITUDE":23.555469,"LONGITUDE":70.6661495,"OBSERVATION.DATE":"2024-09-14","OBSERVER.ID":"obsr4371339","DURATION.MINUTES":41.0,"SAMPLING.EVENT.IDENTIFIER":"S195032392","species_list":"Asian Green Bee-eater; Baya Weaver; Black-headed Ibis; Black-winged Kite; Black-winged Stilt; Common Babbler; Common Sandpiper; Eurasian Collared-Dove; Glossy Ibis; Gray-breasted Prinia; Gray Francolin; House Sparrow; Indian Peafowl; Jungle Prinia; Knob-billed Duck; Laughing Dove; Little Grebe; Purple Sunbird; Red-naped Ibis; Red-vented Bulbul; Red-wattled Lapwing; White-eared Bulbul; Wood Sandpiper","n_species":23,"focal_species_seen":"","focal_species_slugs":"","has_focal":false,"GRID_CODE":"GJ-KU-RAP-064","DISTRICT":"Kachchh","BLOCK":"Rapar"},"geometry":{"type":"Point","coordinates":[70.6661495,23.555469]}},{"type":"Feature","properties":{"GROUP.ID":"G13033578","LOCALITY":"T5G2","LATITUDE":23.2560892,"LONGITUDE":70.4948619,"OBSERVATION.DATE":"2024-09-14","OBSERVER.ID":"obsr914590","DURATION.MINUTES":42.0,"SAMPLING.EVENT.IDENTIFIER":"S195035065","species_list":"Ashy-crowned Sparrow-Lark; Barred Buttonquail; Baya Weaver; Black Francolin; Common Babbler; Eurasian Collared-Dove; Gray-breasted Prinia; Gray Francolin; Green Sandpiper; Indian Peafowl; Indian Pond-Heron; Indian Silverbill; Laughing Dove; Little Cormorant; Plain Prinia; Purple Sunbird; Red-vented Bulbul; Rufous-tailed Lark; White-eared Bulbul","n_species":19,"focal_species_seen":"","focal_species_slugs":"","has_focal":false,"GRID_CODE":"GJ-KU-BHA-067","DISTRICT":"Kachchh","BLOCK":"Bhachau"},"geometry":{"type":"Point","coordinates":[70.4948619,23.2560892]}},{"type":"Feature","properties":{"GROUP.ID":"G13048170","LOCALITY":"TEAM 31_GRID_3_Additional transect","LATITUDE":23.5731935,"LONGITUDE":69.2501181,"OBSERVATION.DATE":"2024-09-14","OBSERVER.ID":"obsr457663","DURATION.MINUTES":9.0,"SAMPLING.EVENT.IDENTIFIER":"S195039166","species_list":"Pied Cuckoo; Rufous-tailed Scrub-Robin; Spotted Flycatcher","n_species":3,"focal_species_seen":"Rufous-tailed Scrub-Robin; Spotted Flycatcher","focal_species_slugs":"rufous-tailed-scrub-robin;spotted-flycatcher","has_focal":true,"GRID_CODE":"GJ-KU-NAK-007","DISTRICT":"Kachchh","BLOCK":"Nakhatrana"},"geometry":{"type":"Point","coordinates":[69.2501181,23.5731935]}},{"type":"Feature","properties":{"GROUP.ID":"G13035202","LOCALITY":"Beru, Gujarat, IN (23.31, 69.259)","LATITUDE":23.3096412,"LONGITUDE":69.259003,"OBSERVATION.DATE":"2024-09-14","OBSERVER.ID":"obsr494050","DURATION.MINUTES":null,"SAMPLING.EVENT.IDENTIFIER":"S195043264","species_list":"Shikra","n_species":1,"focal_species_seen":"","focal_species_slugs":"","has_focal":false,"GRID_CODE":"GJ-KU-NAK-057","DISTRICT":"Kachchh","BLOCK":"Nakhatrana"},"geometry":{"type":"Point","coordinates":[69.259003,23.3096412]}},{"type":"Feature","properties":{"GROUP.ID":"G13035201","LOCALITY":"Sangnara, Gujarat, IN (23.307, 69.267)","LATITUDE":23.3070442,"LONGITUDE":69.2669286,"OBSERVATION.DATE":"2024-09-14","OBSERVER.ID":"obsr494050","DURATION.MINUTES":null,"SAMPLING.EVENT.IDENTIFIER":"S195043762","species_list":"Black Drongo","n_species":1,"focal_species_seen":"","focal_species_slugs":"","has_focal":false,"GRID_CODE":"GJ-KU-NAK-057","DISTRICT":"Kachchh","BLOCK":"Nakhatrana"},"geometry":{"type":"Point","coordinates":[69.2669286,23.3070442]}},{"type":"Feature","properties":{"GROUP.ID":"G13034650","LOCALITY":"T35G3, Kachchh, Gujarat, IN (23.482, 68.583)","LATITUDE":23.4820947,"LONGITUDE":68.58324,"OBSERVATION.DATE":"2024-09-14","OBSERVER.ID":"obsr834427","DURATION.MINUTES":51.0,"SAMPLING.EVENT.IDENTIFIER":"S195043920","species_list":"Ashy-crowned Sparrow-Lark; Asian Green Bee-eater; Baya Weaver; Black Drongo; Black Francolin; Blyth's Reed Warbler; Brahminy Kite; Brahminy Starling; Common Babbler; Common Hoopoe; Common Tailorbird; Common Woodshrike; Eastern Cattle-Egret; Eastern Red-rumped Swallow; Eurasian Collared-Dove; Eurasian Spoonbill; European Roller; Gray-breasted Prinia; Gray Francolin; Green Sandpiper; House Crow; Indian Bushlark; Indian Pond-Heron; Indian Robin; Indian Silverbill; Indian Spot-billed Duck; Jungle Prinia; Knob-billed Duck; Laughing Dove; Lesser Whistling-Duck; Little Cormorant; Long-tailed Shrike; Paddyfield Pipit; Painted Stork; Plain Prinia; Purple Sunbird; Red-naped Ibis; Red-vented Bulbul; Red-wattled Lapwing; Red Collared-Dove; River Tern; Rose-ringed Parakeet; Rufous-fronted Prinia; Sykes's Warbler; Variable Wheatear; White-eared Bulbul; White-tailed Iora; White-throated Kingfisher; Wire-tailed Swallow","n_species":49,"focal_species_seen":"European Roller","focal_species_slugs":"european-roller","has_focal":true,"GRID_CODE":"GJ-KU-ABD-001","DISTRICT":"Kachchh","BLOCK":"Abdasa"},"geometry":{"type":"Point","coordinates":[68.58324,23.4820947]}},{"type":"Feature","properties":{"GROUP.ID":"G13034649","LOCALITY":"Navavas, Gujarat, IN (23.437, 68.603)","LATITUDE":23.4368123,"LONGITUDE":68.6030833,"OBSERVATION.DATE":"2024-09-14","OBSERVER.ID":"obsr834427","DURATION.MINUTES":5.0,"SAMPLING.EVENT.IDENTIFIER":"S195044077","species_list":"European Roller; Indian Robin; Spotted Flycatcher","n_species":3,"focal_species_seen":"European Roller; Spotted Flycatcher","focal_species_slugs":"european-roller;spotted-flycatcher","has_focal":true,"GRID_CODE":"GJ-KU-ABD-004","DISTRICT":"Kachchh","BLOCK":"Abdasa"},"geometry":{"type":"Point","coordinates":[68.6030833,23.4368123]}},{"type":"Feature","properties":{"GROUP.ID":"G13051607","LOCALITY":"Aadhav Dholavira Road, Kachchh IN-GJ 23.83120, 70.06336","LATITUDE":23.8312,"LONGITUDE":70.06336,"OBSERVATION.DATE":"2024-09-14","OBSERVER.ID":"obsr447038","DURATION.MINUTES":14.0,"SAMPLING.EVENT.IDENTIFIER":"S195054384","species_list":"Greater Flamingo","n_species":1,"focal_species_seen":"","focal_species_slugs":"","has_focal":false,"GRID_CODE":"GJ-KU-RAN-478","DISTRICT":"Kachchh","BLOCK":"Rann of Kachchh"},"geometry":{"type":"Point","coordinates":[70.06336,23.8312]}},{"type":"Feature","properties":{"GROUP.ID":"G13065267","LOCALITY":"Notiya Bhkhariya Road, Kachchh IN-GJ 23.41185, 69.62247","LATITUDE":23.411853,"LONGITUDE":69.62247,"OBSERVATION.DATE":"2024-09-14","OBSERVER.ID":"obsr1636070","DURATION.MINUTES":60.0,"SAMPLING.EVENT.IDENTIFIER":"S195055677","species_list":"Black Drongo; Chestnut-bellied Sandgrouse; Common Hoopoe; Greater Coucal; House Crow; Laughing Dove; Little Cormorant; Oriental Darter; Red-wattled Lapwing; River Tern; White-throated Kingfisher","n_species":11,"focal_species_seen":"","focal_species_slugs":"","has_focal":false,"GRID_CODE":"GJ-KU-BHU-084","DISTRICT":"Kachchh","BLOCK":"Bhuj"},"geometry":{"type":"Point","coordinates":[69.62247,23.411853]}},{"type":"Feature","properties":{"GROUP.ID":"G13040865","LOCALITY":"Unnamed Road, Kachchh, Gujarat, IN (23.184, 68.749)","LATITUDE":23.1835349,"LONGITUDE":68.7494401,"OBSERVATION.DATE":"2024-09-14","OBSERVER.ID":"obsr1419186","DURATION.MINUTES":54.0,"SAMPLING.EVENT.IDENTIFIER":"S195060108","species_list":"Black Drongo; Black Francolin; Common Babbler; Common Cuckoo; Common Tailorbird; Gray Francolin; Pied Cuckoo; White-throated Kingfisher","n_species":8,"focal_species_seen":"Common Cuckoo","focal_species_slugs":"common-cuckoo","has_focal":true,"GRID_CODE":"GJ-KU-ABD-058","DISTRICT":"Kachchh","BLOCK":"Abdasa"},"geometry":{"type":"Point","coordinates":[68.7494401,23.1835349]}},{"type":"Feature","properties":{"GROUP.ID":"G13035200","LOCALITY":"Jaday Road, Jaday, Gujarat, IN (23.33, 69.208)","LATITUDE":23.3302099,"LONGITUDE":69.2075691,"OBSERVATION.DATE":"2024-09-14","OBSERVER.ID":"obsr494050","DURATION.MINUTES":null,"SAMPLING.EVENT.IDENTIFIER":"S195076434","species_list":"Spotted Owlet","n_species":1,"focal_species_seen":"","focal_species_slugs":"","has_focal":false,"GRID_CODE":"GJ-KU-NAK-051","DISTRICT":"Kachchh","BLOCK":"Nakhatrana"},"geometry":{"type":"Point","coordinates":[69.2075691,23.3302099]}},{"type":"Feature","properties":{"GROUP.ID":"G13035199","LOCALITY":"Samanda, Gujarat, IN (23.307, 69.17)","LATITUDE":23.3072584,"LONGITUDE":69.170035,"OBSERVATION.DATE":"2024-09-14","OBSERVER.ID":"obsr494050","DURATION.MINUTES":25.0,"SAMPLING.EVENT.IDENTIFIER":"S195076736","species_list":"Bay-backed Shrike; Indian Nightjar; Indian Peafowl; Indian Robin","n_species":4,"focal_species_seen":"","focal_species_slugs":"","has_focal":false,"GRID_CODE":"GJ-KU-ABD-043","DISTRICT":"Kachchh","BLOCK":"Abdasa"},"geometry":{"type":"Point","coordinates":[69.170035,23.3072584]}},{"type":"Feature","properties":{"GROUP.ID":"G13035198","LOCALITY":"Unnamed Road, Samanda, Gujarat, IN (23.316, 69.189)","LATITUDE":23.3157021,"LONGITUDE":69.1891642,"OBSERVATION.DATE":"2024-09-14","OBSERVER.ID":"obsr494050","DURATION.MINUTES":5.0,"SAMPLING.EVENT.IDENTIFIER":"S195076956","species_list":"Green Sandpiper; Indian Nightjar; Indian Spot-billed Duck; Little Ringed Plover; Red-wattled Lapwing","n_species":5,"focal_species_seen":"","focal_species_slugs":"","has_focal":false,"GRID_CODE":"GJ-KU-NAK-050","DISTRICT":"Kachchh","BLOCK":"Nakhatrana"},"geometry":{"type":"Point","coordinates":[69.1891642,23.3157021]}},{"type":"Feature","properties":{"GROUP.ID":"G13035197","LOCALITY":"Beru, Gujarat, IN (23.309, 69.26)","LATITUDE":23.3093377,"LONGITUDE":69.2599656,"OBSERVATION.DATE":"2024-09-14","OBSERVER.ID":"obsr494050","DURATION.MINUTES":null,"SAMPLING.EVENT.IDENTIFIER":"S195077035","species_list":"Brown Rock Chat; Spotted Flycatcher","n_species":2,"focal_species_seen":"Spotted Flycatcher","focal_species_slugs":"spotted-flycatcher","has_focal":true,"GRID_CODE":"GJ-KU-NAK-057","DISTRICT":"Kachchh","BLOCK":"Nakhatrana"},"geometry":{"type":"Point","coordinates":[69.2599656,23.3093377]}},{"type":"Feature","properties":{"GROUP.ID":"G13035054","LOCALITY":"T2 G1","LATITUDE":23.4603297,"LONGITUDE":71.0553515,"OBSERVATION.DATE":"2024-09-14","OBSERVER.ID":"obsr957419","DURATION.MINUTES":180.0,"SAMPLING.EVENT.IDENTIFIER":"S195077494","species_list":"Ashy-crowned Sparrow-Lark; Asian Green Bee-eater; Barred Buttonquail; Baya Weaver; Black-headed Ibis; Black-winged Kite; Black-winged Stilt; Blue-cheeked Bee-eater; Chestnut-bellied Sandgrouse; Common Babbler; Common Hoopoe; Common Woodshrike; Dusky Crag-Martin; Eastern Red-rumped Swallow; Eurasian Collared-Dove; Eurasian Coot; Eurasian Spoonbill; Eurasian Wryneck; Glossy Ibis; Gray Francolin; Gray Heron; Greater Coucal; Greater Short-toed Lark; House Sparrow; Indian Bushlark; Indian Cormorant; Indian Peafowl; Indian Pond-Heron; Indian Robin; Indian Silverbill; Indian Spot-billed Duck; Indian Thick-knee; Isabelline Shrike; Laughing Dove; Lesser Whistling-Duck; Little Cormorant; Little Egret; Little Grebe; Marsh Sandpiper; Montagu's Harrier; Oriental Darter; Oriental Honey-buzzard; Paddyfield Pipit; Painted Stork; Pied Kingfisher; Plain Prinia; Purple Heron; Purple Sunbird; Red-naped Ibis; Red-vented Bulbul; Red-wattled Lapwing; Red Collared-Dove; River Tern; Rock Eagle-Owl; Rosy Starling; Ruff; Siberian Stonechat; Western Marsh Harrier; Whiskered Tern; White-breasted Waterhen; White-eared Bulbul; White-throated Kingfisher; Wire-tailed Swallow","n_species":63,"focal_species_seen":"Blue-cheeked Bee-eater","focal_species_slugs":"blue-cheeked-bee-eater","has_focal":true,"GRID_CODE":"GJ-KU-LIT-051","DISTRICT":"Kachchh","BLOCK":"Little Rann"},"geometry":{"type":"Point","coordinates":[71.0553515,23.4603297]}},{"type":"Feature","properties":{"GROUP.ID":"G13035195","LOCALITY":"Unnamed Road, Sangnara, Gujarat, IN (23.295, 69.244)","LATITUDE":23.2945759,"LONGITUDE":69.2435855,"OBSERVATION.DATE":"2024-09-14","OBSERVER.ID":"obsr494050","DURATION.MINUTES":null,"SAMPLING.EVENT.IDENTIFIER":"S195077720","species_list":"Long-tailed Shrike","n_species":1,"focal_species_seen":"","focal_species_slugs":"","has_focal":false,"GRID_CODE":"GJ-KU-NAK-056","DISTRICT":"Kachchh","BLOCK":"Nakhatrana"},"geometry":{"type":"Point","coordinates":[69.2435855,23.2945759]}},{"type":"Feature","properties":{"GROUP.ID":"G13035194","LOCALITY":"Unnamed Road, Kachchh, Gujarat, IN (23.273, 69.221)","LATITUDE":23.2730256,"LONGITUDE":69.2205971,"OBSERVATION.DATE":"2024-09-14","OBSERVER.ID":"obsr494050","DURATION.MINUTES":null,"SAMPLING.EVENT.IDENTIFIER":"S195080180","species_list":"Barn Swallow","n_species":1,"focal_species_seen":"","focal_species_slugs":"","has_focal":false,"GRID_CODE":"GJ-KU-NAK-056","DISTRICT":"Kachchh","BLOCK":"Nakhatrana"},"geometry":{"type":"Point","coordinates":[69.2205971,23.2730256]}},{"type":"Feature","properties":{"GROUP.ID":"G13035193","LOCALITY":"Rampar, Gujarat, IN (23.269, 69.213)","LATITUDE":23.2694168,"LONGITUDE":69.213236,"OBSERVATION.DATE":"2024-09-14","OBSERVER.ID":"obsr494050","DURATION.MINUTES":null,"SAMPLING.EVENT.IDENTIFIER":"S195080252","species_list":"Spotted Flycatcher","n_species":1,"focal_species_seen":"Spotted Flycatcher","focal_species_slugs":"spotted-flycatcher","has_focal":true,"GRID_CODE":"GJ-KU-NAK-056","DISTRICT":"Kachchh","BLOCK":"Nakhatrana"},"geometry":{"type":"Point","coordinates":[69.213236,23.2694168]}},{"type":"Feature","properties":{"GROUP.ID":"G13035191","LOCALITY":"Unnamed Road, Samanda, Gujarat, IN (23.309, 69.18)","LATITUDE":23.3085539,"LONGITUDE":69.1803905,"OBSERVATION.DATE":"2024-09-14","OBSERVER.ID":"obsr494050","DURATION.MINUTES":null,"SAMPLING.EVENT.IDENTIFIER":"S195080314","species_list":"Black Francolin; Eurasian Wryneck","n_species":2,"focal_species_seen":"","focal_species_slugs":"","has_focal":false,"GRID_CODE":"GJ-KU-ABD-043","DISTRICT":"Kachchh","BLOCK":"Abdasa"},"geometry":{"type":"Point","coordinates":[69.1803905,23.3085539]}},{"type":"Feature","properties":{"GROUP.ID":"G13040941","LOCALITY":"T19New grid","LATITUDE":23.3912766,"LONGITUDE":69.4089681,"OBSERVATION.DATE":"2024-09-14","OBSERVER.ID":"obsr358777","DURATION.MINUTES":23.0,"SAMPLING.EVENT.IDENTIFIER":"S195087193","species_list":"Gray-breasted Prinia; Gray Francolin; Jungle Prinia; Laughing Dove; Lesser Whitethroat; Pied Cuckoo; Purple Sunbird; Red-vented Bulbul; Rufous-fronted Prinia; Spotted Flycatcher; White-tailed Iora; Yellow-eyed Babbler","n_species":12,"focal_species_seen":"Spotted Flycatcher","focal_species_slugs":"spotted-flycatcher","has_focal":true,"GRID_CODE":"GJ-KU-NAK-048","DISTRICT":"Kachchh","BLOCK":"Nakhatrana"},"geometry":{"type":"Point","coordinates":[69.4089681,23.3912766]}},{"type":"Feature","properties":{"GROUP.ID":"G13040529","LOCALITY":"T36G2","LATITUDE":23.6037151,"LONGITUDE":68.8523123,"OBSERVATION.DATE":"2024-09-14","OBSERVER.ID":"obsr701947","DURATION.MINUTES":60.0,"SAMPLING.EVENT.IDENTIFIER":"S195093361","species_list":"Asian Green Bee-eater; Black Drongo; Common Babbler; Common Sandpiper; Eastern Cattle-Egret; Eurasian Coot; Gray-breasted Prinia; Gray Francolin; House Crow; Little Cormorant; Long-tailed Shrike; Plain Prinia; Purple Sunbird; Red-vented Bulbul; Red-wattled Lapwing; River Tern; White-eared Bulbul; Wire-tailed Swallow; Zitting Cisticola","n_species":19,"focal_species_seen":"","focal_species_slugs":"","has_focal":false,"GRID_CODE":"GJ-KU-LAK-051","DISTRICT":"Kachchh","BLOCK":"Lakhpat"},"geometry":{"type":"Point","coordinates":[68.8523123,23.6037151]}},{"type":"Feature","properties":{"GROUP.ID":"G13035940","LOCALITY":"Dinara, Gujarat, IN (23.903, 69.747)","LATITUDE":23.9027725,"LONGITUDE":69.7474342,"OBSERVATION.DATE":"2024-09-14","OBSERVER.ID":"obsr604291","DURATION.MINUTES":16.0,"SAMPLING.EVENT.IDENTIFIER":"S195097562","species_list":"Black-winged Kite; Brahminy Starling; Common Babbler; House Crow; House Sparrow; Indian Pond-Heron; Laughing Dove; Long-tailed Shrike; Purple Sunbird; Red-vented Bulbul; Rufous-fronted Prinia; Variable Wheatear; White-eared Bulbul","n_species":13,"focal_species_seen":"","focal_species_slugs":"","has_focal":false,"GRID_CODE":"GJ-KU-BHU-005","DISTRICT":"Kachchh","BLOCK":"Bhuj"},"geometry":{"type":"Point","coordinates":[69.7474342,23.9027725]}},{"type":"Feature","properties":{"GROUP.ID":"G13040346","LOCALITY":"T27G5","LATITUDE":23.551892,"LONGITUDE":69.1860604,"OBSERVATION.DATE":"2024-09-14","OBSERVER.ID":"obsr1099583","DURATION.MINUTES":37.0,"SAMPLING.EVENT.IDENTIFIER":"S195098484","species_list":"Asian Green Bee-eater; Baya Weaver; Common Babbler; Common Tailorbird; Gray Francolin; Green Sandpiper; Indian Robin; Indian Spot-billed Duck; Laughing Dove; Little Cormorant; Oriental Darter; Painted Stork; Purple Sunbird; Red-vented Bulbul; Red-wattled Lapwing; Red Collared-Dove; Rosy Starling; Rufous-fronted Prinia; Rufous-tailed Lark; White-eared Bulbul; Wire-tailed Swallow","n_species":21,"focal_species_seen":"","focal_species_slugs":"","has_focal":false,"GRID_CODE":"GJ-KU-NAK-012","DISTRICT":"Kachchh","BLOCK":"Nakhatrana"},"geometry":{"type":"Point","coordinates":[69.1860604,23.551892]}},{"type":"Feature","properties":{"GROUP.ID":"G13035946","LOCALITY":"PMC2024_T17G01, Kachchh, Gujarat, IN (24.056, 69.571)","LATITUDE":24.0560733,"LONGITUDE":69.5706467,"OBSERVATION.DATE":"2024-09-14","OBSERVER.ID":"obsr604291","DURATION.MINUTES":34.0,"SAMPLING.EVENT.IDENTIFIER":"S195099228","species_list":"Ashy-crowned Sparrow-Lark; Asian Green Bee-eater; Common Babbler; Common Hoopoe; Common Sandpiper; Eastern Red-rumped Swallow; Eurasian Collared-Dove; Gray Francolin; House Crow; House Sparrow; Indian Roller; Laughing Dove; Red-wattled Lapwing; Shikra; Variable Wheatear; White-eared Bulbul","n_species":16,"focal_species_seen":"","focal_species_slugs":"","has_focal":false,"GRID_CODE":"GJ-KU-RAN-268","DISTRICT":"Kachchh","BLOCK":"Rann of Kachchh"},"geometry":{"type":"Point","coordinates":[69.5706467,24.0560733]}},{"type":"Feature","properties":{"GROUP.ID":"G13036020","LOCALITY":"Gujarat State Highway 45, Kachchh, Gujarat, IN (24.06, 69.459)","LATITUDE":24.0601783,"LONGITUDE":69.45906,"OBSERVATION.DATE":"2024-09-14","OBSERVER.ID":"obsr604291","DURATION.MINUTES":10.0,"SAMPLING.EVENT.IDENTIFIER":"S195100308","species_list":"Bay-backed Shrike; Greater Hoopoe-Lark; Green Sandpiper; Isabelline Shrike; Kentish Plover; Tibetan Sand-Plover","n_species":6,"focal_species_seen":"","focal_species_slugs":"","has_focal":false,"GRID_CODE":"GJ-KU-RAN-266","DISTRICT":"Kachchh","BLOCK":"Rann of Kachchh"},"geometry":{"type":"Point","coordinates":[69.45906,24.0601783]}},{"type":"Feature","properties":{"GROUP.ID":"G13038740","LOCALITY":"Gujarat State Highway 45, Kachchh, Gujarat, IN (24.167, 69.254)","LATITUDE":24.1674102,"LONGITUDE":69.253877,"OBSERVATION.DATE":"2024-09-14","OBSERVER.ID":"obsr604291","DURATION.MINUTES":3.0,"SAMPLING.EVENT.IDENTIFIER":"S195101270","species_list":"Blue-cheeked Bee-eater; Crested Lark; Eurasian Curlew; European Roller; Gray Heron; Little Egret; Marsh Sandpiper; Red-tailed Shrike; Red-wattled Lapwing; Ruff; Western Reef-Heron","n_species":11,"focal_species_seen":"Blue-cheeked Bee-eater; European Roller; Red-tailed Shrike","focal_species_slugs":"blue-cheeked-bee-eater;european-roller;red-tailed-shrike","has_focal":true,"GRID_CODE":"GJ-KU-RAN-115","DISTRICT":"Kachchh","BLOCK":"Rann of Kachchh"},"geometry":{"type":"Point","coordinates":[69.253877,24.1674102]}},{"type":"Feature","properties":{"GROUP.ID":"G13038739","LOCALITY":"Gujarat State Highway 45, Kachchh, Gujarat, IN (24.183, 69.223)","LATITUDE":24.1825392,"LONGITUDE":69.2226341,"OBSERVATION.DATE":"2024-09-14","OBSERVER.ID":"obsr604291","DURATION.MINUTES":10.0,"SAMPLING.EVENT.IDENTIFIER":"S195101734","species_list":"Bonelli's Eagle; Red-wattled Lapwing; Ruff; Western Marsh Harrier","n_species":4,"focal_species_seen":"","focal_species_slugs":"","has_focal":false,"GRID_CODE":"GJ-KU-RAN-115","DISTRICT":"Kachchh","BLOCK":"Rann of Kachchh"},"geometry":{"type":"Point","coordinates":[69.2226341,24.1825392]}},{"type":"Feature","properties":{"GROUP.ID":"G13038738","LOCALITY":"Shakoor lake","LATITUDE":24.2702054,"LONGITUDE":69.0952814,"OBSERVATION.DATE":"2024-09-14","OBSERVER.ID":"obsr604291","DURATION.MINUTES":100.0,"SAMPLING.EVENT.IDENTIFIER":"S195103346","species_list":"Asian Green Bee-eater; Black-winged Stilt; Black Drongo; Blue-cheeked Bee-eater; Caspian Tern; Clamorous Reed Warbler; Common Babbler; Common Cuckoo; Common Hoopoe; Common Myna; Crested Lark; Delicate Prinia; Eurasian Collared-Dove; European Roller; Glossy Ibis; Gray Francolin; Great Cormorant; Great Gray Shrike; Great White Pelican; Greater Flamingo; Gull-billed Tern; House Crow; Indian Bushlark; Indian Cormorant; Isabelline Shrike; Laughing Dove; Little Cormorant; Little Egret; Little Tern; Medium Egret; Painted Stork; Pallid Harrier; Plain Prinia; Red-backed Shrike; Red-wattled Lapwing; River Tern; Siberian Stonechat; Variable Wheatear; Western Marsh Harrier; Western Reef-Heron; Whiskered Tern; White-eared Bulbul","n_species":42,"focal_species_seen":"Blue-cheeked Bee-eater; Common Cuckoo; European Roller; Red-backed Shrike","focal_species_slugs":"blue-cheeked-bee-eater;common-cuckoo;european-roller;red-backed-shrike","has_focal":true,"GRID_CODE":null,"DISTRICT":null,"BLOCK":null},"geometry":{"type":"Point","coordinates":[69.0952814,24.2702054]}},{"type":"Feature","properties":{"GROUP.ID":"G13038737","LOCALITY":"Gujarat State Highway 45, Kachchh, Gujarat, IN (24.123, 69.287)","LATITUDE":24.1234917,"LONGITUDE":69.2869083,"OBSERVATION.DATE":"2024-09-14","OBSERVER.ID":"obsr604291","DURATION.MINUTES":null,"SAMPLING.EVENT.IDENTIFIER":"S195103661","species_list":"Greater Hoopoe-Lark; Siberian Stonechat","n_species":2,"focal_species_seen":"","focal_species_slugs":"","has_focal":false,"GRID_CODE":"GJ-KU-RAN-161","DISTRICT":"Kachchh","BLOCK":"Rann of Kachchh"},"geometry":{"type":"Point","coordinates":[69.2869083,24.1234917]}},{"type":"Feature","properties":{"GROUP.ID":"G13038736","LOCALITY":"Kalo Dungar (OBI)","LATITUDE":23.9328742,"LONGITUDE":69.8111222,"OBSERVATION.DATE":"2024-09-14","OBSERVER.ID":"obsr604291","DURATION.MINUTES":null,"SAMPLING.EVENT.IDENTIFIER":"S195103924","species_list":"Indian Thick-knee; Rock Eagle-Owl","n_species":2,"focal_species_seen":"","focal_species_slugs":"","has_focal":false,"GRID_CODE":"GJ-KU-BHU-003","DISTRICT":"Kachchh","BLOCK":"Bhuj"},"geometry":{"type":"Point","coordinates":[69.8111222,23.9328742]}},{"type":"Feature","properties":{"GROUP.ID":"G13038461","LOCALITY":"PMCT21G2","LATITUDE":22.9713605,"LONGITUDE":69.7090486,"OBSERVATION.DATE":"2024-09-14","OBSERVER.ID":"obsr413366","DURATION.MINUTES":47.0,"SAMPLING.EVENT.IDENTIFIER":"S195143861","species_list":"Asian Green Bee-eater; Bay-backed Shrike; Black-winged Stilt; Common Kingfisher; Delicate Prinia; Eastern Cattle-Egret; Eurasian Collared-Dove; European Roller; Gray Francolin; Greater Coucal; Indian Robin; Indian Spot-billed Duck; Laughing Dove; Lesser Whistling-Duck; Little Cormorant; Red-wattled Lapwing; Red Collared-Dove; Rosy Starling; White-tailed Iora; Wire-tailed Swallow","n_species":20,"focal_species_seen":"European Roller","focal_species_slugs":"european-roller","has_focal":true,"GRID_CODE":"GJ-KU-MUN-007","DISTRICT":"Kachchh","BLOCK":"Mundra"},"geometry":{"type":"Point","coordinates":[69.7090486,22.9713605]}},{"type":"Feature","properties":{"GROUP.ID":"G13038462","LOCALITY":"PMCT21G3","LATITUDE":23.0103906,"LONGITUDE":69.77262,"OBSERVATION.DATE":"2024-09-14","OBSERVER.ID":"obsr413366","DURATION.MINUTES":46.0,"SAMPLING.EVENT.IDENTIFIER":"S195144082","species_list":"Ashy-crowned Sparrow-Lark; Asian Green Bee-eater; Bay-backed Shrike; Baya Weaver; Black Drongo; Brahminy Starling; Common Babbler; Common Myna; Common Tailorbird; Eastern Cattle-Egret; Eurasian Collared-Dove; European Roller; Gray-breasted Prinia; Gray Francolin; House Sparrow; Indian Bushlark; Indian Robin; Indian Silverbill; Jungle Prinia; Laughing Dove; Little Cormorant; Long-tailed Shrike; Paddyfield Pipit; Pied Cuckoo; Purple Sunbird; Red-naped Ibis; Red-vented Bulbul; Red-wattled Lapwing; Red Collared-Dove; Rose-ringed Parakeet; Rosy Starling; Small Minivet; Variable Wheatear; White-eared Bulbul; White-tailed Iora; White-throated Kingfisher; Wire-tailed Swallow; Yellow-crowned Woodpecker","n_species":38,"focal_species_seen":"European Roller","focal_species_slugs":"european-roller","has_focal":true,"GRID_CODE":"GJ-KU-MUN-002","DISTRICT":"Kachchh","BLOCK":"Mundra"},"geometry":{"type":"Point","coordinates":[69.77262,23.0103906]}},{"type":"Feature","properties":{"GROUP.ID":"G13069058","LOCALITY":"Ganeshpar Road, Kachchh IN-GJ 23.85975, 70.37190","LATITUDE":23.85975,"LONGITUDE":70.3719,"OBSERVATION.DATE":"2024-09-15","OBSERVER.ID":"obsr447038","DURATION.MINUTES":14.0,"SAMPLING.EVENT.IDENTIFIER":"S195147239","species_list":"Asian Green Bee-eater; Eurasian Collared-Dove; Gray Francolin; Indian Robin; Laughing Dove; Little Egret; Red-wattled Lapwing; Rosy Starling; Siberian Stonechat","n_species":9,"focal_species_seen":"","focal_species_slugs":"","has_focal":false,"GRID_CODE":"GJ-KU-BHA-011","DISTRICT":"Kachchh","BLOCK":"Bhachau"},"geometry":{"type":"Point","coordinates":[70.3719,23.85975]}},{"type":"Feature","properties":{"GROUP.ID":"G13040293","LOCALITY":"PMC2024 T4G2","LATITUDE":23.5913588,"LONGITUDE":70.5864324,"OBSERVATION.DATE":"2024-09-15","OBSERVER.ID":"obsr4371339","DURATION.MINUTES":16.0,"SAMPLING.EVENT.IDENTIFIER":"S195149834","species_list":"Ashy-crowned Sparrow-Lark; Asian Green Bee-eater; Asian Koel; Black-winged Kite; Common Kingfisher; Common Sandpiper; Eurasian Collared-Dove; Gray Francolin; Greater Coucal; Greater Flamingo; Indian Peafowl; Indian Robin; Laughing Dove; Lesser Whistling-Duck; Little Egret; Little Grebe; Pied Kingfisher; Purple Sunbird; Red-vented Bulbul; River Tern; Rosy Starling; White-breasted Waterhen; White-eared Bulbul; White-throated Kingfisher","n_species":24,"focal_species_seen":"","focal_species_slugs":"","has_focal":false,"GRID_CODE":"GJ-KU-RAP-050","DISTRICT":"Kachchh","BLOCK":"Rapar"},"geometry":{"type":"Point","coordinates":[70.5864324,23.5913588]}},{"type":"Feature","properties":{"GROUP.ID":"G13040234","LOCALITY":"T6 G2 Dedarva, Gujarat, IN (23.431, 70.662)","LATITUDE":23.4312331,"LONGITUDE":70.6623201,"OBSERVATION.DATE":"2024-09-15","OBSERVER.ID":"obsr6145241","DURATION.MINUTES":85.0,"SAMPLING.EVENT.IDENTIFIER":"S195153228","species_list":"Bay-backed Shrike; Baya Weaver; Black-winged Kite; Common Cuckoo; Eastern Cattle-Egret; European Roller; Jungle Prinia; Laughing Dove; Little Egret; Pied Cuckoo; Purple Heron; Red-backed Shrike; Rosy Starling; Striolated Bunting","n_species":14,"focal_species_seen":"Common Cuckoo; European Roller; Red-backed Shrike","focal_species_slugs":"common-cuckoo;european-roller;red-backed-shrike","has_focal":true,"GRID_CODE":"GJ-KU-RAP-085","DISTRICT":"Kachchh","BLOCK":"Rapar"},"geometry":{"type":"Point","coordinates":[70.6623201,23.4312331]}},{"type":"Feature","properties":{"GROUP.ID":"G13040090","LOCALITY":"Nakhatrana Forest Rest House","LATITUDE":23.3433277,"LONGITUDE":69.2688271,"OBSERVATION.DATE":"2024-09-13","OBSERVER.ID":"obsr494050","DURATION.MINUTES":15.0,"SAMPLING.EVENT.IDENTIFIER":"S195156079","species_list":"Spotted Owlet","n_species":1,"focal_species_seen":"","focal_species_slugs":"","has_focal":false,"GRID_CODE":"GJ-KU-NAK-052","DISTRICT":"Kachchh","BLOCK":"Nakhatrana"},"geometry":{"type":"Point","coordinates":[69.2688271,23.3433277]}},{"type":"Feature","properties":{"GROUP.ID":"G13040087","LOCALITY":"Netra, Gujarat, IN (23.398, 69.028)","LATITUDE":23.3984564,"LONGITUDE":69.0276342,"OBSERVATION.DATE":"2024-09-15","OBSERVER.ID":"obsr494050","DURATION.MINUTES":15.0,"SAMPLING.EVENT.IDENTIFIER":"S195156275","species_list":"Ashy-crowned Sparrow-Lark; Asian Green Bee-eater; Baya Weaver; Black Francolin; Common Sandpiper; Common Woodshrike; Eastern Cattle-Egret; Eastern Red-rumped Swallow; Eurasian Collared-Dove; Gray-breasted Prinia; Gray Francolin; Green Sandpiper; Indian Bushlark; Indian Pond-Heron; Jungle Prinia; Laughing Dove; Lesser Whitethroat; Little Cormorant; Purple Sunbird; Red-vented Bulbul; Red-wattled Lapwing; River Tern; Rufous-fronted Prinia","n_species":23,"focal_species_seen":"","focal_species_slugs":"","has_focal":false,"GRID_CODE":"GJ-KU-ABD-019","DISTRICT":"Kachchh","BLOCK":"Abdasa"},"geometry":{"type":"Point","coordinates":[69.0276342,23.3984564]}},{"type":"Feature","properties":{"GROUP.ID":"G13040086","LOCALITY":"Netra-Kuwapaddhar-Tera Road, Bandiya, Gujarat, IN (23.395, 69.004)","LATITUDE":23.3954191,"LONGITUDE":69.0038014,"OBSERVATION.DATE":"2024-09-15","OBSERVER.ID":"obsr494050","DURATION.MINUTES":null,"SAMPLING.EVENT.IDENTIFIER":"S195156289","species_list":"Long-tailed Shrike","n_species":1,"focal_species_seen":"","focal_species_slugs":"","has_focal":false,"GRID_CODE":"GJ-KU-ABD-018","DISTRICT":"Kachchh","BLOCK":"Abdasa"},"geometry":{"type":"Point","coordinates":[69.0038014,23.3954191]}},{"type":"Feature","properties":{"GROUP.ID":"G13040085","LOCALITY":"Netra-Kuwapaddhar-Tera Road, Ustiya, Gujarat, IN (23.385, 68.984)","LATITUDE":23.3850016,"LONGITUDE":68.9839791,"OBSERVATION.DATE":"2024-09-15","OBSERVER.ID":"obsr494050","DURATION.MINUTES":null,"SAMPLING.EVENT.IDENTIFIER":"S195156312","species_list":"Long-tailed Shrike","n_species":1,"focal_species_seen":"","focal_species_slugs":"","has_focal":false,"GRID_CODE":"GJ-KU-ABD-018","DISTRICT":"Kachchh","BLOCK":"Abdasa"},"geometry":{"type":"Point","coordinates":[68.9839791,23.3850016]}},{"type":"Feature","properties":{"GROUP.ID":"G13055665","LOCALITY":"Eastern Banni near Khengarpar village","LATITUDE":23.414054,"LONGITUDE":69.9325,"OBSERVATION.DATE":"2024-09-14","OBSERVER.ID":"obsr1522701","DURATION.MINUTES":86.0,"SAMPLING.EVENT.IDENTIFIER":"S195156510","species_list":"Ashy-crowned Sparrow-Lark; Asian Green Bee-eater; Baya Weaver; Black-headed Ibis; Common Babbler; Crested Lark; Eurasian Collared-Dove; Eurasian Spoonbill; European Roller; Gray Francolin; Isabelline Shrike; Isabelline Wheatear; Paddyfield Pipit; Plain Prinia; Red-backed Shrike; Red-tailed Shrike; Red-wattled Lapwing; Rosy Starling; Rufous-tailed Scrub-Robin; Siberian Stonechat; Spotted Flycatcher","n_species":21,"focal_species_seen":"European Roller; Red-backed Shrike; Red-tailed Shrike; Rufous-tailed Scrub-Robin; Spotted Flycatcher","focal_species_slugs":"european-roller;red-backed-shrike;red-tailed-shrike;rufous-tailed-scrub-robin;spotted-flycatcher","has_focal":true,"GRID_CODE":"GJ-KU-BHU-090","DISTRICT":"Kachchh","BLOCK":"Bhuj"},"geometry":{"type":"Point","coordinates":[69.9325,23.414054]}},{"type":"Feature","properties":{"GROUP.ID":"G13040235","LOCALITY":"T6 G4 Unnamed Road, Kachchh, Gujarat, IN (23.448, 70.602)","LATITUDE":23.4477499,"LONGITUDE":70.6021001,"OBSERVATION.DATE":"2024-09-15","OBSERVER.ID":"obsr6145241","DURATION.MINUTES":29.0,"SAMPLING.EVENT.IDENTIFIER":"S195156638","species_list":"Ashy-crowned Sparrow-Lark; Asian Green Bee-eater; Barred Buttonquail; Baya Weaver; Black-headed Bunting; Common Babbler; Eurasian Wryneck; European Roller; Indian Bushlark; Jungle Prinia; Lesser Whitethroat; Red-vented Bulbul; Variable Wheatear","n_species":13,"focal_species_seen":"European Roller","focal_species_slugs":"european-roller","has_focal":true,"GRID_CODE":"GJ-KU-BHA-029","DISTRICT":"Kachchh","BLOCK":"Bhachau"},"geometry":{"type":"Point","coordinates":[70.6021001,23.4477499]}},{"type":"Feature","properties":{"GROUP.ID":"G13055663","LOCALITY":"T13G2","LATITUDE":23.372781,"LONGITUDE":69.996744,"OBSERVATION.DATE":"2024-09-14","OBSERVER.ID":"obsr1522701","DURATION.MINUTES":25.0,"SAMPLING.EVENT.IDENTIFIER":"S195157484","species_list":"Ashy-crowned Sparrow-Lark; Asian Green Bee-eater; Baya Weaver; Black-winged Kite; Common Babbler; Eurasian Collared-Dove; European Roller; House Sparrow; Indian Robin; Indian Silverbill; Isabelline Shrike; Jungle Prinia; Knob-billed Duck; Laughing Dove; Plain Prinia; Purple Sunbird; Red-vented Bulbul; Red-wattled Lapwing; Red Collared-Dove; Rosy Starling; Siberian Stonechat; Variable Wheatear; White-eared Bulbul; White-throated Kingfisher; Wire-tailed Swallow","n_species":25,"focal_species_seen":"European Roller","focal_species_slugs":"european-roller","has_focal":true,"GRID_CODE":"GJ-KU-BHU-104","DISTRICT":"Kachchh","BLOCK":"Bhuj"},"geometry":{"type":"Point","coordinates":[69.996744,23.372781]}},{"type":"Feature","properties":{"GROUP.ID":"G13040084","LOCALITY":"T30G2","LATITUDE":23.3547694,"LONGITUDE":68.958367,"OBSERVATION.DATE":"2024-09-15","OBSERVER.ID":"obsr494050","DURATION.MINUTES":45.0,"SAMPLING.EVENT.IDENTIFIER":"S195157980","species_list":"Ashy-crowned Sparrow-Lark; Asian Green Bee-eater; Baya Weaver; Black Drongo; Common Babbler; Common Hoopoe; Common Tailorbird; Dusky Crag-Martin; Eastern Cattle-Egret; Eastern Red-rumped Swallow; Eurasian Collared-Dove; Eurasian Coot; Gray-breasted Prinia; Gray Francolin; House Crow; House Sparrow; Indian Bushlark; Indian Peafowl; Indian Silverbill; Laughing Dove; Lesser Whitethroat; Little Cormorant; Little Grebe; Oriental Darter; Pied Cuckoo; Plain Prinia; Purple Sunbird; Red-vented Bulbul; Red-wattled Lapwing; Rosy Starling; Rufous-fronted Prinia; Spotted Flycatcher; Sykes's Warbler; White-eared Bulbul; White-tailed Iora; White-throated Kingfisher","n_species":36,"focal_species_seen":"Spotted Flycatcher","focal_species_slugs":"spotted-flycatcher","has_focal":true,"GRID_CODE":"GJ-KU-ABD-027","DISTRICT":"Kachchh","BLOCK":"Abdasa"},"geometry":{"type":"Point","coordinates":[68.958367,23.3547694]}},{"type":"Feature","properties":{"GROUP.ID":"G13048168","LOCALITY":"Team_31_Grid_5","LATITUDE":23.6259939,"LONGITUDE":69.1806086,"OBSERVATION.DATE":"2024-09-15","OBSERVER.ID":"obsr457663","DURATION.MINUTES":24.0,"SAMPLING.EVENT.IDENTIFIER":"S195158761","species_list":"Common Hoopoe; Spotted Flycatcher","n_species":2,"focal_species_seen":"Spotted Flycatcher","focal_species_slugs":"spotted-flycatcher","has_focal":true,"GRID_CODE":"GJ-KU-BHU-053","DISTRICT":"Kachchh","BLOCK":"Bhuj"},"geometry":{"type":"Point","coordinates":[69.1806086,23.6259939]}},{"type":"Feature","properties":{"GROUP.ID":"G13065270","LOCALITY":"Ratiya Dhonsa Road, Kachchh IN-GJ 23.25767, 69.61679","LATITUDE":23.257674,"LONGITUDE":69.616786,"OBSERVATION.DATE":"2024-09-15","OBSERVER.ID":"obsr1636070","DURATION.MINUTES":150.0,"SAMPLING.EVENT.IDENTIFIER":"S195159197","species_list":"Ashy-crowned Sparrow-Lark; Asian Green Bee-eater; Bay-backed Shrike; Black-winged Stilt; Common Hoopoe; Eurasian Collared-Dove; European Roller; Gray Francolin; House Sparrow; Indian Bushlark; Indian Silverbill; Laughing Dove; Paddyfield Pipit; Red-backed Shrike; Red-vented Bulbul; Rufous-fronted Prinia; White-breasted Waterhen; Wire-tailed Swallow","n_species":18,"focal_species_seen":"European Roller; Red-backed Shrike","focal_species_slugs":"european-roller;red-backed-shrike","has_focal":true,"GRID_CODE":"GJ-KU-BHU-134","DISTRICT":"Kachchh","BLOCK":"Bhuj"},"geometry":{"type":"Point","coordinates":[69.616786,23.257674]}},{"type":"Feature","properties":{"GROUP.ID":"G13040205","LOCALITY":"PMC2024 T4G4","LATITUDE":23.6627177,"LONGITUDE":70.5803079,"OBSERVATION.DATE":"2024-09-15","OBSERVER.ID":"obsr4371339","DURATION.MINUTES":56.0,"SAMPLING.EVENT.IDENTIFIER":"S195159805","species_list":"Asian Green Bee-eater; Barn Swallow; Chestnut-bellied Sandgrouse; Common Babbler; Common Kingfisher; Common Sandpiper; Eurasian Collared-Dove; Greater Flamingo; Indian Peafowl; Indian Pond-Heron; Indian Robin; Kentish Plover; Laughing Dove; Lesser Whistling-Duck; Pied Kingfisher; Red-naped Ibis; Red-vented Bulbul; Red-wattled Lapwing; River Tern; Streak-throated Swallow; Tawny Lark; White-eared Bulbul; White-throated Kingfisher; Wire-tailed Swallow; Yellow-wattled Lapwing","n_species":25,"focal_species_seen":"","focal_species_slugs":"","has_focal":false,"GRID_CODE":"GJ-KU-RAP-029","DISTRICT":"Kachchh","BLOCK":"Rapar"},"geometry":{"type":"Point","coordinates":[70.5803079,23.6627177]}},{"type":"Feature","properties":{"GROUP.ID":"G13040867","LOCALITY":"PMC_T29G5","LATITUDE":23.1629767,"LONGITUDE":68.910255,"OBSERVATION.DATE":"2024-09-15","OBSERVER.ID":"obsr1419186","DURATION.MINUTES":15.0,"SAMPLING.EVENT.IDENTIFIER":"S195159883","species_list":"Asian Green Bee-eater; Black-winged Stilt; Black Drongo; Eurasian Collared-Dove; Gray-breasted Prinia; Gray Heron; Indian Pond-Heron; Laughing Dove; Purple Heron; Red-vented Bulbul; Red-wattled Lapwing; Short-toed Snake-Eagle; Terek Sandpiper","n_species":13,"focal_species_seen":"","focal_species_slugs":"","has_focal":false,"GRID_CODE":"GJ-KU-ABD-062","DISTRICT":"Kachchh","BLOCK":"Abdasa"},"geometry":{"type":"Point","coordinates":[68.910255,23.1629767]}},{"type":"Feature","properties":{"GROUP.ID":"G13040427","LOCALITY":"T35G4, Harudi, Gujarat, IN (23.501, 68.689)","LATITUDE":23.500865,"LONGITUDE":68.6886773,"OBSERVATION.DATE":"2024-09-14","OBSERVER.ID":"obsr834427","DURATION.MINUTES":46.0,"SAMPLING.EVENT.IDENTIFIER":"S195160838","species_list":"Ashy-crowned Sparrow-Lark; Asian Green Bee-eater; Bay-backed Shrike; Black Drongo; Black Francolin; Blyth's Reed Warbler; Common Hoopoe; Common Myna; Common Woodshrike; Crested Lark; Eastern Cattle-Egret; Eurasian Collared-Dove; European Roller; Glossy Ibis; Gray-breasted Prinia; Gray Francolin; Greater Coucal; Green Sandpiper; Indian Bushlark; Indian Pond-Heron; Indian Robin; Indian Silverbill; Indian Thick-knee; Laughing Dove; Lesser Whitethroat; Little Swift; Plain Prinia; Purple Sunbird; Red-naped Ibis; Red-vented Bulbul; Red-wattled Lapwing; River Tern; Rufous-fronted Prinia; Shikra; Sykes's Warbler; White-eared Bulbul; White-tailed Iora; White-throated Kingfisher; Wire-tailed Swallow; Yellow-throated Sparrow","n_species":40,"focal_species_seen":"European Roller","focal_species_slugs":"european-roller","has_focal":true,"GRID_CODE":"GJ-KU-LAK-067","DISTRICT":"Kachchh","BLOCK":"Lakhpat"},"geometry":{"type":"Point","coordinates":[68.6886773,23.500865]}},{"type":"Feature","properties":{"GROUP.ID":"G13040426","LOCALITY":"Unnamed Road, Baranda, Gujarat, IN (23.549, 68.696)","LATITUDE":23.5490171,"LONGITUDE":68.6964053,"OBSERVATION.DATE":"2024-09-15","OBSERVER.ID":"obsr834427","DURATION.MINUTES":10.0,"SAMPLING.EVENT.IDENTIFIER":"S195161080","species_list":"Asian Green Bee-eater; Bay-backed Shrike; Common Cuckoo; Common Hoopoe; Common Myna; Common Sandpiper; Eurasian Collared-Dove; European Roller; Glossy Ibis; Gray Francolin; Greater Coucal; Green Sandpiper; Indian Silverbill; Laughing Dove; Medium Egret; Red-naped Ibis; Red-wattled Lapwing; Rose-ringed Parakeet; Rosy Starling; Shikra; White-tailed Iora; Wire-tailed Swallow; Yellow-wattled Lapwing; Zitting Cisticola","n_species":24,"focal_species_seen":"Common Cuckoo; European Roller","focal_species_slugs":"common-cuckoo;european-roller","has_focal":true,"GRID_CODE":"GJ-KU-LAK-058","DISTRICT":"Kachchh","BLOCK":"Lakhpat"},"geometry":{"type":"Point","coordinates":[68.6964053,23.5490171]}},{"type":"Feature","properties":{"GROUP.ID":"G13040424","LOCALITY":"T35G5, Gujarat, IN (23.532, 68.754)","LATITUDE":23.5319532,"LONGITUDE":68.7540933,"OBSERVATION.DATE":"2024-09-15","OBSERVER.ID":"obsr834427","DURATION.MINUTES":56.0,"SAMPLING.EVENT.IDENTIFIER":"S195161100","species_list":"Ashy-crowned Sparrow-Lark; Asian Green Bee-eater; Asian Koel; Barn Swallow; Bay-backed Shrike; Baya Weaver; Black-winged Stilt; Black Drongo; Brahminy Starling; Chestnut-bellied Sandgrouse; Common Hoopoe; Common Myna; Common Tailorbird; Eastern Cattle-Egret; Eurasian Collared-Dove; European Roller; Gray-breasted Prinia; Gray Francolin; Great Gray Shrike; Greater Coucal; Greater Whitethroat; Green Sandpiper; House Crow; House Sparrow; Indian Bushlark; Indian Robin; Indian Silverbill; Indian Spot-billed Duck; Jungle Prinia; Laughing Dove; Lesser Whitethroat; Little Swift; Long-tailed Shrike; Oriental Darter; Paddyfield Pipit; Painted Stork; Plain Prinia; Purple Sunbird; Red-naped Ibis; Red-tailed Shrike; Red-vented Bulbul; Red-wattled Lapwing; River Tern; Rock Bush-Quail; Rose-ringed Parakeet; Rosy Starling; Rufous-fronted Prinia; Rufous-tailed Lark; Siberian Stonechat; Spotted Flycatcher; Sykes's Warbler; Tawny Lark; Tawny Pipit; White-eared Bulbul; White-tailed Iora; White-throated Kingfisher; Wire-tailed Swallow; Yellow-eyed Babbler; Yellow-throated Sparrow; Yellow-wattled Lapwing; Zitting Cisticola","n_species":61,"focal_species_seen":"European Roller; Greater Whitethroat; Red-tailed Shrike; Spotted Flycatcher","focal_species_slugs":"european-roller;greater-whitethroat;red-tailed-shrike;spotted-flycatcher","has_focal":true,"GRID_CODE":"GJ-KU-LAK-059","DISTRICT":"Kachchh","BLOCK":"Lakhpat"},"geometry":{"type":"Point","coordinates":[68.7540933,23.5319532]}},{"type":"Feature","properties":{"GROUP.ID":"G13069073","LOCALITY":"Nakhatrana Forest Rest House","LATITUDE":23.3433277,"LONGITUDE":69.2688271,"OBSERVATION.DATE":"2024-09-15","OBSERVER.ID":"obsr494050","DURATION.MINUTES":5.0,"SAMPLING.EVENT.IDENTIFIER":"S195161427","species_list":"Asian Koel; Gray-breasted Prinia; Green Warbler; Purple Sunbird","n_species":4,"focal_species_seen":"","focal_species_slugs":"","has_focal":false,"GRID_CODE":"GJ-KU-NAK-052","DISTRICT":"Kachchh","BLOCK":"Nakhatrana"},"geometry":{"type":"Point","coordinates":[69.2688271,23.3433277]}},{"type":"Feature","properties":{"GROUP.ID":"G13040129","LOCALITY":"T11_G04","LATITUDE":23.2605636,"LONGITUDE":70.1480697,"OBSERVATION.DATE":"2024-09-15","OBSERVER.ID":"obsr945143","DURATION.MINUTES":28.0,"SAMPLING.EVENT.IDENTIFIER":"S195162737","species_list":"Ashy-crowned Sparrow-Lark; Asian Green Bee-eater; Barred Buttonquail; Baya Weaver; Common Babbler; Common Myna; Common Sandpiper; Common Tailorbird; Eurasian Collared-Dove; House Sparrow; Indian Pond-Heron; Indian Robin; Laughing Dove; Little Egret; Plain Prinia; Purple Sunbird; Red-vented Bulbul; Red-wattled Lapwing; Rock Eagle-Owl; Rose-ringed Parakeet; Spotted Flycatcher; Streaked Weaver; Variable Wheatear; White-eared Bulbul; White-throated Kingfisher; Wire-tailed Swallow","n_species":26,"focal_species_seen":"Spotted Flycatcher","focal_species_slugs":"spotted-flycatcher","has_focal":true,"GRID_CODE":"GJ-KU-ANJ-008","DISTRICT":"Kachchh","BLOCK":"Anjar"},"geometry":{"type":"Point","coordinates":[70.1480697,23.2605636]}},{"type":"Feature","properties":{"GROUP.ID":"G13048167","LOCALITY":"Team_31_GRID_6","LATITUDE":23.6179563,"LONGITUDE":69.2551331,"OBSERVATION.DATE":"2024-09-15","OBSERVER.ID":"obsr457663","DURATION.MINUTES":19.0,"SAMPLING.EVENT.IDENTIFIER":"S195163351","species_list":"Indian Spot-billed Duck","n_species":1,"focal_species_seen":"","focal_species_slugs":"","has_focal":false,"GRID_CODE":"GJ-KU-BHU-054","DISTRICT":"Kachchh","BLOCK":"Bhuj"},"geometry":{"type":"Point","coordinates":[69.2551331,23.6179563]}},{"type":"Feature","properties":{"GROUP.ID":"G13069065","LOCALITY":"T3G2","LATITUDE":23.4378291,"LONGITUDE":70.8064517,"OBSERVATION.DATE":"2024-09-14","OBSERVER.ID":"obsr1065391","DURATION.MINUTES":109.0,"SAMPLING.EVENT.IDENTIFIER":"S195166061","species_list":"Ashy-crowned Sparrow-Lark; Asian Green Bee-eater; Bay-backed Shrike; Black-winged Kite; Blyth's Reed Warbler; Chestnut-bellied Sandgrouse; Common Babbler; Common Hoopoe; Common Tailorbird; Eastern Cattle-Egret; Eastern Red-rumped Swallow; Eurasian Collared-Dove; Eurasian Wryneck; European Roller; Gray-breasted Prinia; Gray Francolin; Greater Coucal; Greater Whitethroat; Green Sandpiper; House Crow; House Sparrow; Indian Bushlark; Indian Courser; Indian Peafowl; Indian Robin; Indian Silverbill; Indian Spot-billed Duck; Jungle Prinia; Laughing Dove; Lesser Whitethroat; Oriental Darter; Pied Cuckoo; Plain Prinia; Purple Sunbird; Red-vented Bulbul; Red-wattled Lapwing; River Tern; Rosy Starling; Rufous-fronted Prinia; Rufous-tailed Lark; Tawny Pipit; Variable Wheatear; White-breasted Waterhen; White-eared Bulbul; White-tailed Iora; White-throated Kingfisher; Wire-tailed Swallow; Yellow-wattled Lapwing","n_species":48,"focal_species_seen":"European Roller; Greater Whitethroat","focal_species_slugs":"european-roller;greater-whitethroat","has_focal":true,"GRID_CODE":"GJ-KU-RAP-088","DISTRICT":"Kachchh","BLOCK":"Rapar"},"geometry":{"type":"Point","coordinates":[70.8064517,23.4378291]}},{"type":"Feature","properties":{"GROUP.ID":"G13051787","LOCALITY":"T32G1","LATITUDE":23.72444,"LONGITUDE":69.19122,"OBSERVATION.DATE":"2024-09-14","OBSERVER.ID":"obsr2395706","DURATION.MINUTES":29.0,"SAMPLING.EVENT.IDENTIFIER":"S195166381","species_list":"Ashy-crowned Sparrow-Lark; Asian Green Bee-eater; Barn Swallow; Black Drongo; Blyth's Reed Warbler; Common Babbler; Common Kingfisher; Common Sandpiper; Crested Lark; Eastern Cattle-Egret; Eurasian Collared-Dove; Eurasian Whimbrel; European Roller; Garganey; Gray Francolin; Green Sandpiper; Gull-billed Tern; House Crow; Isabelline Shrike; Laughing Dove; Little Cormorant; Little Stint; Painted Stork; Plain Prinia; Purple Sunbird; Red-backed Shrike; Red-wattled Lapwing; River Tern; Rosy Starling; Spotted Flycatcher; Streak-throated Swallow; Temminck's Stint; Western Reef-Heron; Whiskered Tern; White-eared Bulbul; White-eyed Buzzard; White-throated Kingfisher; Zitting Cisticola","n_species":38,"focal_species_seen":"European Roller; Red-backed Shrike; Spotted Flycatcher","focal_species_slugs":"european-roller;red-backed-shrike;spotted-flycatcher","has_focal":true,"GRID_CODE":"GJ-KU-BHU-024","DISTRICT":"Kachchh","BLOCK":"Bhuj"},"geometry":{"type":"Point","coordinates":[69.19122,23.72444]}},{"type":"Feature","properties":{"GROUP.ID":"G13069069","LOCALITY":"T3G1","LATITUDE":23.4016887,"LONGITUDE":70.8777888,"OBSERVATION.DATE":"2024-09-15","OBSERVER.ID":"obsr1065391","DURATION.MINUTES":110.0,"SAMPLING.EVENT.IDENTIFIER":"S195166584","species_list":"Ashy-crowned Sparrow-Lark; Asian Green Bee-eater; Barn Swallow; Barred Buttonquail; Bay-backed Shrike; Baya Weaver; Blyth's Reed Warbler; Brahminy Starling; Chestnut-bellied Sandgrouse; Common Babbler; Common Tailorbird; Eastern Cattle-Egret; Eastern Red-rumped Swallow; Eurasian Collared-Dove; European Roller; Gray Francolin; House Sparrow; Indian Bushlark; Indian Peafowl; Indian Robin; Indian Silverbill; Indian Thick-knee; Laughing Dove; Pied Cuckoo; Plain Prinia; Purple Sunbird; Red-vented Bulbul; Red-wattled Lapwing; Red Collared-Dove; Rufous-fronted Prinia; Rufous-tailed Lark; White-eared Bulbul; Wire-tailed Swallow; Zitting Cisticola","n_species":34,"focal_species_seen":"European Roller","focal_species_slugs":"european-roller","has_focal":true,"GRID_CODE":"GJ-KU-RAP-096","DISTRICT":"Kachchh","BLOCK":"Rapar"},"geometry":{"type":"Point","coordinates":[70.8777888,23.4016887]}},{"type":"Feature","properties":{"GROUP.ID":"G13040436","LOCALITY":"T2G2","LATITUDE":23.5605332,"LONGITUDE":71.1056625,"OBSERVATION.DATE":"2024-09-15","OBSERVER.ID":"obsr957419","DURATION.MINUTES":151.0,"SAMPLING.EVENT.IDENTIFIER":"S195171437","species_list":"Ashy-crowned Sparrow-Lark; Asian Green Bee-eater; Baya Weaver; Black-winged Kite; Black-winged Stilt; Black Drongo; Blue-cheeked Bee-eater; Booted Eagle; Brahminy Starling; Brown Rock Chat; Chestnut-bellied Sandgrouse; Clamorous Reed Warbler; Common Babbler; Common Crane; Common Cuckoo; Common Myna; Common Woodshrike; Crested Lark; Eastern Cattle-Egret; Eurasian Collared-Dove; Eurasian Curlew; Eurasian Moorhen; Eurasian Spoonbill; Eurasian Wryneck; European Roller; Gray-headed Swamphen; Gray Francolin; Greater Coucal; Greater Flamingo; House Crow; House Sparrow; Indian Cormorant; Indian Golden Oriole; Indian Peafowl; Indian Robin; Indian Silverbill; Indian Thick-knee; Isabelline Shrike; Laughing Dove; Montagu's Harrier; Oriental Darter; Oriental Honey-buzzard; Paddyfield Pipit; Painted Stork; Pied Cuckoo; Plain Prinia; Purple Sunbird; Red-naped Ibis; Red-vented Bulbul; Red-wattled Lapwing; Red Collared-Dove; River Tern; Rosy Starling; Rufous-fronted Prinia; Rufous-tailed Lark; Short-toed Snake-Eagle; Siberian Stonechat; Spotted Flycatcher; Western Marsh Harrier; Whiskered Tern; White-breasted Waterhen; White-eared Bulbul; White-throated Kingfisher; Wire-tailed Swallow; Zitting Cisticola","n_species":65,"focal_species_seen":"Blue-cheeked Bee-eater; Common Cuckoo; European Roller; Spotted Flycatcher","focal_species_slugs":"blue-cheeked-bee-eater;common-cuckoo;european-roller;spotted-flycatcher","has_focal":true,"GRID_CODE":"GJ-KU-LIT-015","DISTRICT":"Kachchh","BLOCK":"Little Rann"},"geometry":{"type":"Point","coordinates":[71.1056625,23.5605332]}},{"type":"Feature","properties":{"GROUP.ID":"G13055661","LOCALITY":"T13G5","LATITUDE":23.251235,"LONGITUDE":69.884272,"OBSERVATION.DATE":"2024-09-15","OBSERVER.ID":"obsr1522701","DURATION.MINUTES":51.0,"SAMPLING.EVENT.IDENTIFIER":"S195171714","species_list":"Ashy-crowned Sparrow-Lark; Asian Green Bee-eater; Baya Weaver; Black-winged Stilt; Common Babbler; Eastern Cattle-Egret; Eastern Red-rumped Swallow; Eurasian Collared-Dove; Eurasian Coot; European Roller; House Sparrow; Indian Robin; Indian Silverbill; Laughing Dove; Lesser Whitethroat; Little Cormorant; Little Grebe; Oriental Darter; Plain Prinia; Purple Sunbird; Red-vented Bulbul; Red-wattled Lapwing; River Tern; Rufous-fronted Prinia; Siberian Stonechat; Small Minivet; Sykes's Warbler","n_species":27,"focal_species_seen":"European Roller","focal_species_slugs":"european-roller","has_focal":true,"GRID_CODE":"GJ-KU-BHU-139","DISTRICT":"Kachchh","BLOCK":"Bhuj"},"geometry":{"type":"Point","coordinates":[69.884272,23.251235]}},{"type":"Feature","properties":{"GROUP.ID":"G13041036","LOCALITY":"T15G1","LATITUDE":23.6601383,"LONGITUDE":69.7621833,"OBSERVATION.DATE":"2024-09-14","OBSERVER.ID":"obsr1980246","DURATION.MINUTES":48.0,"SAMPLING.EVENT.IDENTIFIER":"S195172832","species_list":"Ashy-crowned Sparrow-Lark; Asian Green Bee-eater; Bay-backed Shrike; Baya Weaver; Black-winged Stilt; Black Drongo; Common Babbler; Common Cuckoo; Common Hoopoe; Common Sandpiper; Common Tailorbird; Eastern Cattle-Egret; Eurasian Collared-Dove; European Roller; Gray-breasted Prinia; Gray Francolin; Gray Heron; House Crow; House Sparrow; Indian Robin; Indian Silverbill; Indian Spot-billed Duck; Isabelline Shrike; Kentish Plover; Laughing Dove; Little Grebe; Paddyfield Pipit; Painted Stork; Plain Prinia; Purple Sunbird; Red-backed Shrike; Red-naped Ibis; Red-wattled Lapwing; Rosy Starling; Siberian Stonechat; Streak-throated Swallow; Tawny Pipit; Temminck's Stint; Whiskered Tern; White-eared Bulbul; White-throated Kingfisher","n_species":41,"focal_species_seen":"Common Cuckoo; European Roller; Red-backed Shrike","focal_species_slugs":"common-cuckoo;european-roller;red-backed-shrike","has_focal":true,"GRID_CODE":"GJ-KU-BHU-065","DISTRICT":"Kachchh","BLOCK":"Bhuj"},"geometry":{"type":"Point","coordinates":[69.7621833,23.6601383]}},{"type":"Feature","properties":{"GROUP.ID":"G13040842","LOCALITY":"PMC_T29G3","LATITUDE":23.1273463,"LONGITUDE":68.789986,"OBSERVATION.DATE":"2024-09-14","OBSERVER.ID":"obsr1275172","DURATION.MINUTES":15.0,"SAMPLING.EVENT.IDENTIFIER":"S195175859","species_list":"Asian Koel; Barn Swallow; Bay-backed Shrike; Baya Weaver; Black-winged Kite; Common Babbler; Eastern Cattle-Egret; Eastern Red-rumped Swallow; Eurasian Collared-Dove; Gray Francolin; House Sparrow; Indian Peafowl; Indian Pond-Heron; Indian Robin; Laughing Dove; Little Cormorant; Long-tailed Shrike; Pied Kingfisher; Plain Prinia; Red-wattled Lapwing; Red Collared-Dove; Rosy Starling; White-eared Bulbul; White-throated Kingfisher; Wire-tailed Swallow","n_species":25,"focal_species_seen":"","focal_species_slugs":"","has_focal":false,"GRID_CODE":"GJ-KU-ABD-070","DISTRICT":"Kachchh","BLOCK":"Abdasa"},"geometry":{"type":"Point","coordinates":[68.789986,23.1273463]}},{"type":"Feature","properties":{"GROUP.ID":"G13046573","LOCALITY":"T28G1","LATITUDE":23.182521,"LONGITUDE":69.091295,"OBSERVATION.DATE":"2024-09-15","OBSERVER.ID":"obsr1393511","DURATION.MINUTES":97.0,"SAMPLING.EVENT.IDENTIFIER":"S195180880","species_list":"Asian Green Bee-eater; Asian Koel; Barred Buttonquail; Bay-backed Shrike; Baya Weaver; Black-winged Kite; Brahminy Starling; Common Babbler; Common Kingfisher; Common Tailorbird; Eastern Cattle-Egret; Eurasian Collared-Dove; Eurasian Moorhen; Eurasian Wryneck; Gray-breasted Prinia; Gray Francolin; Greater Coucal; Indian Bushlark; Indian Peafowl; Indian Pond-Heron; Indian Robin; Indian Silverbill; Laughing Dove; Lesser Whistling-Duck; Paddyfield Pipit; Pied Cuckoo; Plain Prinia; Purple Sunbird; Red-vented Bulbul; Red-wattled Lapwing; Rosy Starling; Rufous-fronted Prinia; Streak-throated Swallow; Sykes's Warbler; White-tailed Iora; Wire-tailed Swallow; Yellow-wattled Lapwing; Zitting Cisticola","n_species":38,"focal_species_seen":"","focal_species_slugs":"","has_focal":false,"GRID_CODE":"GJ-KU-ABD-065","DISTRICT":"Kachchh","BLOCK":"Abdasa"},"geometry":{"type":"Point","coordinates":[69.091295,23.182521]}},{"type":"Feature","properties":{"GROUP.ID":"G13040844","LOCALITY":"Unnamed Road, Kachchh, Gujarat, IN (23.238, 69.592)","LATITUDE":23.2377099,"LONGITUDE":69.5920493,"OBSERVATION.DATE":"2024-09-15","OBSERVER.ID":"obsr494050","DURATION.MINUTES":120.0,"SAMPLING.EVENT.IDENTIFIER":"S195185261","species_list":"Ashy-crowned Sparrow-Lark; Asian Green Bee-eater; Bank Myna; Bay-backed Shrike; Baya Weaver; Black-winged Kite; Black Drongo; Booted Eagle; Chestnut-bellied Sandgrouse; Common Babbler; Common Hoopoe; Common Kingfisher; Common Myna; Common Tailorbird; Common Woodshrike; Dusky Crag-Martin; Eastern Cattle-Egret; Eastern Red-rumped Swallow; Eurasian Collared-Dove; Gray-breasted Prinia; Gray Heron; Great Gray Shrike; House Sparrow; Indian Bushlark; Indian Courser; Indian Robin; Indian Roller; Indian Silverbill; Isabelline Shrike; Jungle Prinia; Laughing Dove; Lesser Whistling-Duck; Little Cormorant; Oriental Darter; Paddyfield Pipit; Pied Cuckoo; Pied Kingfisher; Plain Prinia; Purple Sunbird; Red-naped Ibis; Red-tailed Shrike; Red-vented Bulbul; Red-wattled Lapwing; Red Collared-Dove; River Tern; Rufous-fronted Prinia; Rufous-tailed Lark; Siberian Stonechat; Western Yellow Wagtail; White-browed Wagtail; White-tailed Iora; Wire-tailed Swallow; Yellow-wattled Lapwing; Zitting Cisticola","n_species":54,"focal_species_seen":"Red-tailed Shrike","focal_species_slugs":"red-tailed-shrike","has_focal":true,"GRID_CODE":"GJ-KU-BHU-133","DISTRICT":"Kachchh","BLOCK":"Bhuj"},"geometry":{"type":"Point","coordinates":[69.5920493,23.2377099]}},{"type":"Feature","properties":{"GROUP.ID":"G13041037","LOCALITY":"T15G2","LATITUDE":23.7119321,"LONGITUDE":69.7887089,"OBSERVATION.DATE":"2024-09-14","OBSERVER.ID":"obsr1980246","DURATION.MINUTES":68.0,"SAMPLING.EVENT.IDENTIFIER":"S195189871","species_list":"Ashy-crowned Sparrow-Lark; Asian Green Bee-eater; Baya Weaver; Black Drongo; Common Cuckoo; Common Hoopoe; Crested Lark; Eastern Red-rumped Swallow; Eurasian Collared-Dove; Eurasian Wryneck; European Roller; Glossy Ibis; Gray Francolin; House Crow; House Sparrow; Indian Robin; Indian Silverbill; Isabelline Shrike; Laughing Dove; Long-tailed Shrike; Paddyfield Pipit; Painted Stork; Plain Prinia; Purple Sunbird; Red-naped Ibis; Red-tailed Shrike; Red-wattled Lapwing; River Tern; Rosy Starling; Streak-throated Swallow; Tawny Pipit; Variable Wheatear; Whiskered Tern; White-eared Bulbul; White-throated Kingfisher; Wire-tailed Swallow","n_species":36,"focal_species_seen":"Common Cuckoo; European Roller; Red-tailed Shrike","focal_species_slugs":"common-cuckoo;european-roller;red-tailed-shrike","has_focal":true,"GRID_CODE":"GJ-KU-BHU-036","DISTRICT":"Kachchh","BLOCK":"Bhuj"},"geometry":{"type":"Point","coordinates":[69.7887089,23.7119321]}},{"type":"Feature","properties":{"GROUP.ID":"G13041039","LOCALITY":"T15G3","LATITUDE":23.7242017,"LONGITUDE":69.8702233,"OBSERVATION.DATE":"2024-09-14","OBSERVER.ID":"obsr1980246","DURATION.MINUTES":68.0,"SAMPLING.EVENT.IDENTIFIER":"S195190143","species_list":"Ashy-crowned Sparrow-Lark; Asian Green Bee-eater; Barn Swallow; Bay-backed Shrike; Black Drongo; Common Babbler; Common Hoopoe; Common Tailorbird; Eastern Red-rumped Swallow; Eurasian Collared-Dove; Eurasian Wryneck; European Roller; Gray Francolin; Great Egret; Greater Short-toed Lark; Gull-billed Tern; House Crow; Isabelline Shrike; Isabelline Wheatear; Laughing Dove; Montagu's Harrier; Pied Cuckoo; Red-wattled Lapwing; Red Collared-Dove; Rufous-tailed Scrub-Robin; Sand Lark; Tawny Pipit; Western Reef-Heron; White-throated Kingfisher","n_species":29,"focal_species_seen":"European Roller; Rufous-tailed Scrub-Robin","focal_species_slugs":"european-roller;rufous-tailed-scrub-robin","has_focal":true,"GRID_CODE":"GJ-KU-RAN-531","DISTRICT":"Kachchh","BLOCK":"Rann of Kachchh"},"geometry":{"type":"Point","coordinates":[69.8702233,23.7242017]}},{"type":"Feature","properties":{"GROUP.ID":"G13041040","LOCALITY":"T15G4","LATITUDE":23.7662353,"LONGITUDE":69.8358947,"OBSERVATION.DATE":"2024-09-15","OBSERVER.ID":"obsr1980246","DURATION.MINUTES":98.0,"SAMPLING.EVENT.IDENTIFIER":"S195190608","species_list":"Asian Green Bee-eater; Asian Koel; Barred Buttonquail; Bay-backed Shrike; Baya Weaver; Black-crowned Night Heron; Black-headed Ibis; Black-winged Stilt; Black Drongo; Blue-cheeked Bee-eater; Caspian Tern; Common Babbler; Common Cuckoo; Common Greenshank; Common Hoopoe; Common Myna; Common Sandpiper; Common Tailorbird; Common Woodshrike; Crested Lark; Eastern Cattle-Egret; Eastern Red-rumped Swallow; Eurasian Collared-Dove; Eurasian Moorhen; Eurasian Spoonbill; Eurasian Wryneck; European Roller; Glossy Ibis; Gray-breasted Prinia; Gray Francolin; Gray Heron; Great Gray Shrike; Green Sandpiper; Gull-billed Tern; House Crow; House Sparrow; Indian Cormorant; Indian Pond-Heron; Indian Robin; Indian Silverbill; Indian Spot-billed Duck; Isabelline Shrike; Laughing Dove; Lesser Whistling-Duck; Little Cormorant; Little Egret; Little Grebe; Little Ringed Plover; Long-tailed Shrike; Northern Shoveler; Paddyfield Pipit; Painted Stork; Purple Sunbird; Red-tailed Shrike; Red-vented Bulbul; Red-wattled Lapwing; Red Collared-Dove; River Tern; Rosy Starling; Rufous-fronted Prinia; Spotted Flycatcher; Spotted Owlet; Sykes's Warbler; Temminck's Stint; Variable Wheatear; Whiskered Tern; White-eared Bulbul; White-throated Kingfisher; Wire-tailed Swallow; Yellow-throated Sparrow","n_species":70,"focal_species_seen":"Blue-cheeked Bee-eater; Common Cuckoo; European Roller; Red-tailed Shrike; Spotted Flycatcher","focal_species_slugs":"blue-cheeked-bee-eater;common-cuckoo;european-roller;red-tailed-shrike;spotted-flycatcher","has_focal":true,"GRID_CODE":"GJ-KU-BHU-022","DISTRICT":"Kachchh","BLOCK":"Bhuj"},"geometry":{"type":"Point","coordinates":[69.8358947,23.7662353]}},{"type":"Feature","properties":{"GROUP.ID":"G13041187","LOCALITY":"Kachchh, Gujarat, IN (23.222, 69.085)","LATITUDE":23.2215647,"LONGITUDE":69.0849912,"OBSERVATION.DATE":"2024-09-15","OBSERVER.ID":"obsr834427","DURATION.MINUTES":19.0,"SAMPLING.EVENT.IDENTIFIER":"S195190990","species_list":"Ashy-crowned Sparrow-Lark; Asian Green Bee-eater; Asian Koel; Bay-backed Shrike; Baya Weaver; Black Drongo; Common Hoopoe; Common Kingfisher; Common Tailorbird; Common Woodshrike; Eurasian Collared-Dove; European Roller; Glossy Ibis; Gray-breasted Prinia; Gray Francolin; Greater Coucal; House Crow; House Sparrow; Indian Peafowl; Indian Silverbill; Laughing Dove; Plain Prinia; Purple Sunbird; Red-vented Bulbul; Red-wattled Lapwing; Red Collared-Dove; Rose-ringed Parakeet; Shikra; White-browed Wagtail; White-throated Kingfisher","n_species":30,"focal_species_seen":"European Roller","focal_species_slugs":"european-roller","has_focal":true,"GRID_CODE":"GJ-KU-ABD-053","DISTRICT":"Kachchh","BLOCK":"Abdasa"},"geometry":{"type":"Point","coordinates":[69.0849912,23.2215647]}},{"type":"Feature","properties":{"GROUP.ID":"G13041618","LOCALITY":"SH 49, Kachchh IN-GJ 23.21480, 68.71704","LATITUDE":23.214801,"LONGITUDE":68.717036,"OBSERVATION.DATE":"2024-09-14","OBSERVER.ID":"obsr870757","DURATION.MINUTES":10.0,"SAMPLING.EVENT.IDENTIFIER":"S195195032","species_list":"Ashy-crowned Sparrow-Lark; Common Babbler; Common Myna; Gray Francolin; Green Sandpiper; House Crow; Indian Peafowl; Laughing Dove; Little Swift; Pied Kingfisher; Red-vented Bulbul; Red-wattled Lapwing","n_species":12,"focal_species_seen":"","focal_species_slugs":"","has_focal":false,"GRID_CODE":"GJ-KU-ABD-046","DISTRICT":"Kachchh","BLOCK":"Abdasa"},"geometry":{"type":"Point","coordinates":[68.717036,23.214801]}},{"type":"Feature","properties":{"GROUP.ID":"G13041617","LOCALITY":"SH 49, Kachchh IN-GJ 23.22329, 68.65475","LATITUDE":23.22329,"LONGITUDE":68.654745,"OBSERVATION.DATE":"2024-09-14","OBSERVER.ID":"obsr870757","DURATION.MINUTES":9.0,"SAMPLING.EVENT.IDENTIFIER":"S195195171","species_list":"Common Redshank; Common Sandpiper; Eurasian Whimbrel; Glossy Ibis; Gray Francolin; Great Egret; Gull-billed Tern; House Crow; Indian Pond-Heron; Laughing Dove; Lesser Black-backed Gull; Long-tailed Shrike; Painted Stork; Red-wattled Lapwing; Rose-ringed Parakeet; Temminck's Stint; Western Reef-Heron; Wire-tailed Swallow","n_species":18,"focal_species_seen":"","focal_species_slugs":"","has_focal":false,"GRID_CODE":"GJ-KU-ABD-044","DISTRICT":"Kachchh","BLOCK":"Abdasa"},"geometry":{"type":"Point","coordinates":[68.654745,23.22329]}},{"type":"Feature","properties":{"GROUP.ID":"G13041178","LOCALITY":"T33G2","LATITUDE":23.5274888,"LONGITUDE":68.7858315,"OBSERVATION.DATE":"2024-09-15","OBSERVER.ID":"obsr2346558","DURATION.MINUTES":30.0,"SAMPLING.EVENT.IDENTIFIER":"S195200025","species_list":"Ashy-crowned Sparrow-Lark; Eastern Cattle-Egret; Eurasian Coot; Eurasian Moorhen; Glossy Ibis; Indian Silverbill; Indian Spot-billed Duck; Lesser Whistling-Duck; Little Grebe; Pied Cuckoo; Red-wattled Lapwing; Variable Wheatear; White-tailed Iora; Yellow-wattled Lapwing","n_species":14,"focal_species_seen":"","focal_species_slugs":"","has_focal":false,"GRID_CODE":"GJ-KU-LAK-060","DISTRICT":"Kachchh","BLOCK":"Lakhpat"},"geometry":{"type":"Point","coordinates":[68.7858315,23.5274888]}},{"type":"Feature","properties":{"GROUP.ID":"G13042620","LOCALITY":"Dinara, Gujarat, IN (23.903, 69.747)","LATITUDE":23.9027725,"LONGITUDE":69.7474342,"OBSERVATION.DATE":"2024-09-15","OBSERVER.ID":"obsr604291","DURATION.MINUTES":31.0,"SAMPLING.EVENT.IDENTIFIER":"S195200834","species_list":"Ashy-crowned Sparrow-Lark; Asian Green Bee-eater; Barn Swallow; Black Drongo; Brahminy Starling; Common Babbler; Common Myna; Common Tailorbird; Eastern Red-rumped Swallow; Eurasian Collared-Dove; European Roller; Gray Francolin; House Crow; House Sparrow; Indian Robin; Indian Silverbill; Jungle Prinia; Laughing Dove; Plain Prinia; Purple Sunbird; Red-vented Bulbul; Rufous-fronted Prinia; Variable Wheatear; White-eared Bulbul","n_species":24,"focal_species_seen":"European Roller","focal_species_slugs":"european-roller","has_focal":true,"GRID_CODE":"GJ-KU-BHU-005","DISTRICT":"Kachchh","BLOCK":"Bhuj"},"geometry":{"type":"Point","coordinates":[69.7474342,23.9027725]}},{"type":"Feature","properties":{"GROUP.ID":"G13042619","LOCALITY":"PMC2024_T17G04, Ratadiya, Gujarat, IN (24.104, 69.703)","LATITUDE":24.1044854,"LONGITUDE":69.7028322,"OBSERVATION.DATE":"2024-09-15","OBSERVER.ID":"obsr604291","DURATION.MINUTES":68.0,"SAMPLING.EVENT.IDENTIFIER":"S195203802","species_list":"Blue-cheeked Bee-eater; Common Babbler; European Roller; Great Gray Shrike; Isabelline Shrike; Laughing Dove; Rosy Starling; Rufous-tailed Scrub-Robin; Spotted Flycatcher; Sykes's Warbler; Tawny Pipit; Variable Wheatear; Western Marsh Harrier","n_species":13,"focal_species_seen":"Blue-cheeked Bee-eater; European Roller; Rufous-tailed Scrub-Robin; Spotted Flycatcher","focal_species_slugs":"blue-cheeked-bee-eater;european-roller;rufous-tailed-scrub-robin;spotted-flycatcher","has_focal":true,"GRID_CODE":"GJ-KU-RAN-219","DISTRICT":"Kachchh","BLOCK":"Rann of Kachchh"},"geometry":{"type":"Point","coordinates":[69.7028322,24.1044854]}},{"type":"Feature","properties":{"GROUP.ID":"G13041367","LOCALITY":"T15 G6","LATITUDE":23.8139689,"LONGITUDE":69.8686536,"OBSERVATION.DATE":"2024-09-15","OBSERVER.ID":"obsr1980246","DURATION.MINUTES":45.0,"SAMPLING.EVENT.IDENTIFIER":"S195204670","species_list":"Asian Green Bee-eater; Barn Swallow; Barred Buttonquail; Bay-backed Shrike; Baya Weaver; Black Drongo; Booted Eagle; Brahminy Starling; Chestnut-bellied Sandgrouse; Common Babbler; Common Hoopoe; Common Tailorbird; Eastern Cattle-Egret; Eastern Red-rumped Swallow; Eurasian Spoonbill; European Roller; Gray-breasted Prinia; Gray Francolin; Great Gray Shrike; House Crow; House Sparrow; Indian Peafowl; Indian Robin; Indian Silverbill; Indian Spot-billed Duck; Isabelline Shrike; Laughing Dove; Lesser Whistling-Duck; Long-tailed Shrike; Paddyfield Pipit; Plain Prinia; Purple Sunbird; Red-naped Ibis; Red-vented Bulbul; Red-wattled Lapwing; Red Collared-Dove; Rosy Starling; Variable Wheatear; Whiskered Tern; White-eared Bulbul; White-eyed Buzzard; White-tailed Iora; White-throated Kingfisher; Yellow-throated Sparrow","n_species":44,"focal_species_seen":"European Roller","focal_species_slugs":"european-roller","has_focal":true,"GRID_CODE":"GJ-KU-BHU-013","DISTRICT":"Kachchh","BLOCK":"Bhuj"},"geometry":{"type":"Point","coordinates":[69.8686536,23.8139689]}},{"type":"Feature","properties":{"GROUP.ID":"G13042618","LOCALITY":"Khavda-Bhirandiara Road, Bhirandiara, Gujarat, IN (23.704, 69.719)","LATITUDE":23.7035483,"LONGITUDE":69.7188083,"OBSERVATION.DATE":"2024-09-15","OBSERVER.ID":"obsr604291","DURATION.MINUTES":null,"SAMPLING.EVENT.IDENTIFIER":"S195212665","species_list":"Black-winged Stilt; Eurasian Spoonbill; Painted Stork; Red-wattled Lapwing","n_species":4,"focal_species_seen":"","focal_species_slugs":"","has_focal":false,"GRID_CODE":"GJ-KU-BHU-050","DISTRICT":"Kachchh","BLOCK":"Bhuj"},"geometry":{"type":"Point","coordinates":[69.7188083,23.7035483]}},{"type":"Feature","properties":{"GROUP.ID":"G13042617","LOCALITY":"Road To Hanuman Mandir, Kachchh, Gujarat, IN (24.125, 69.754)","LATITUDE":24.124528,"LONGITUDE":69.7540068,"OBSERVATION.DATE":"2024-09-15","OBSERVER.ID":"obsr604291","DURATION.MINUTES":10.0,"SAMPLING.EVENT.IDENTIFIER":"S195228537","species_list":"Common Hoopoe; Garganey; Greater Flamingo; Little Ringed Plover; Little Stint; Montagu's Harrier; Temminck's Stint; Tibetan Sand-Plover","n_species":8,"focal_species_seen":"","focal_species_slugs":"","has_focal":false,"GRID_CODE":"GJ-KU-RAN-170","DISTRICT":"Kachchh","BLOCK":"Rann of Kachchh"},"geometry":{"type":"Point","coordinates":[69.7540068,24.124528]}},{"type":"Feature","properties":{"GROUP.ID":"G13042616","LOCALITY":"Road To Hanuman Mandir, Kachchh, Gujarat, IN (24.125, 69.754)","LATITUDE":24.124528,"LONGITUDE":69.7540068,"OBSERVATION.DATE":"2024-09-15","OBSERVER.ID":"obsr604291","DURATION.MINUTES":10.0,"SAMPLING.EVENT.IDENTIFIER":"S195228974","species_list":"Common Greenshank; Little Stint; Marsh Sandpiper","n_species":3,"focal_species_seen":"","focal_species_slugs":"","has_focal":false,"GRID_CODE":"GJ-KU-RAN-170","DISTRICT":"Kachchh","BLOCK":"Rann of Kachchh"},"geometry":{"type":"Point","coordinates":[69.7540068,24.124528]}},{"type":"Feature","properties":{"GROUP.ID":"G13042615","LOCALITY":"National Highway 341, Bhojardo, Gujarat, IN (23.577, 69.678)","LATITUDE":23.5766133,"LONGITUDE":69.6783533,"OBSERVATION.DATE":"2024-09-15","OBSERVER.ID":"obsr604291","DURATION.MINUTES":5.0,"SAMPLING.EVENT.IDENTIFIER":"S195229321","species_list":"Asian Green Bee-eater; Black-tailed Godwit; Black-winged Stilt; Common Sandpiper; Eurasian Spoonbill; Glossy Ibis; Gray Heron; Green Sandpiper; House Crow; House Sparrow; Pied Avocet; Red-wattled Lapwing; River Tern; Ruff; Wire-tailed Swallow","n_species":15,"focal_species_seen":"","focal_species_slugs":"","has_focal":false,"GRID_CODE":"GJ-KU-BHU-069","DISTRICT":"Kachchh","BLOCK":"Bhuj"},"geometry":{"type":"Point","coordinates":[69.6783533,23.5766133]}},{"type":"Feature","properties":{"GROUP.ID":"G13042614","LOCALITY":"Gujarat State Highway 45, Kachchh, Gujarat, IN (23.497, 69.662)","LATITUDE":23.497155,"LONGITUDE":69.66172,"OBSERVATION.DATE":"2024-09-15","OBSERVER.ID":"obsr604291","DURATION.MINUTES":5.0,"SAMPLING.EVENT.IDENTIFIER":"S195229820","species_list":"Black-winged Stilt; Eastern Cattle-Egret; Eurasian Spoonbill; Gray Heron; Great Cormorant; Great Egret; Indian Pond-Heron; Little Grebe; Marsh Sandpiper; Medium Egret; Painted Stork; Red-wattled Lapwing; River Tern; Ruff; Whiskered Tern; Wire-tailed Swallow","n_species":16,"focal_species_seen":"","focal_species_slugs":"","has_focal":false,"GRID_CODE":"GJ-KU-LIT-040","DISTRICT":"Kachchh","BLOCK":"Little Rann"},"geometry":{"type":"Point","coordinates":[69.66172,23.497155]}},{"type":"Feature","properties":{"GROUP.ID":"G13042613","LOCALITY":"PMC2024_T17G03 (Alternate), Hanuman Mandir, Ratadiya, Kachchh, Gujarat, IN (24.126, 69.816)","LATITUDE":24.125527,"LONGITUDE":69.8162068,"OBSERVATION.DATE":"2024-09-15","OBSERVER.ID":"obsr604291","DURATION.MINUTES":48.0,"SAMPLING.EVENT.IDENTIFIER":"S195230062","species_list":"Asian Green Bee-eater; Barn Swallow; Black-winged Stilt; Blue-cheeked Bee-eater; Common Babbler; Eastern Red-rumped Swallow; Eurasian Collared-Dove; European Roller; Glossy Ibis; House Crow; Laughing Dove; Little Ringed Plover; Purple Sunbird; Rosy Starling; Streak-throated Swallow","n_species":15,"focal_species_seen":"Blue-cheeked Bee-eater; European Roller","focal_species_slugs":"blue-cheeked-bee-eater;european-roller","has_focal":true,"GRID_CODE":"GJ-KU-RAN-172","DISTRICT":"Kachchh","BLOCK":"Rann of Kachchh"},"geometry":{"type":"Point","coordinates":[69.8162068,24.125527]}},{"type":"Feature","properties":{"GROUP.ID":"G13047099","LOCALITY":"Kachchh, Gujarat, IN (23.596, 68.881)","LATITUDE":23.595615,"LONGITUDE":68.8806185,"OBSERVATION.DATE":"2024-09-15","OBSERVER.ID":"obsr541513","DURATION.MINUTES":7.0,"SAMPLING.EVENT.IDENTIFIER":"S195309864","species_list":"Asian Green Bee-eater; Chestnut-bellied Sandgrouse; Common Kingfisher; Eurasian Collared-Dove; Glossy Ibis; Gray-breasted Prinia; Gray Francolin; Great Crested Grebe; Great Egret; Gull-billed Tern; Indian Cormorant; Indian Spot-billed Duck; Laughing Dove; Lesser Whistling-Duck; Little Egret; Little Grebe; Oriental Darter; Plain Prinia; Red-naped Ibis; Red-wattled Lapwing; River Tern; Streak-throated Swallow; Wire-tailed Swallow","n_species":23,"focal_species_seen":"","focal_species_slugs":"","has_focal":false,"GRID_CODE":"GJ-KU-LAK-052","DISTRICT":"Kachchh","BLOCK":"Lakhpat"},"geometry":{"type":"Point","coordinates":[68.8806185,23.595615]}},{"type":"Feature","properties":{"GROUP.ID":"G13047098","LOCALITY":"Subhashpar, Gujarat, IN (23.618, 68.835)","LATITUDE":23.6183094,"LONGITUDE":68.8345725,"OBSERVATION.DATE":"2024-09-15","OBSERVER.ID":"obsr541513","DURATION.MINUTES":26.0,"SAMPLING.EVENT.IDENTIFIER":"S195309909","species_list":"Ashy-crowned Sparrow-Lark; Asian Green Bee-eater; Barred Buttonquail; Baya Weaver; Black-winged Kite; Black Francolin; Common Babbler; Common Tailorbird; Eurasian Spoonbill; Gray Francolin; House Sparrow; Indian Bushlark; Indian Robin; Indian Silverbill; Jungle Prinia; Laughing Dove; Little Grebe; Pied Cuckoo; Red-vented Bulbul; Red-wattled Lapwing; Rosy Starling; Small Minivet; Yellow-crowned Woodpecker","n_species":23,"focal_species_seen":"","focal_species_slugs":"","has_focal":false,"GRID_CODE":"GJ-KU-LAK-037","DISTRICT":"Kachchh","BLOCK":"Lakhpat"},"geometry":{"type":"Point","coordinates":[68.8345725,23.6183094]}},{"type":"Feature","properties":{"GROUP.ID":"G13055659","LOCALITY":"Ghander Road, Kachchh IN-GJ 23.19762, 69.83824","LATITUDE":23.197622,"LONGITUDE":69.838244,"OBSERVATION.DATE":"2024-09-15","OBSERVER.ID":"obsr1522701","DURATION.MINUTES":27.0,"SAMPLING.EVENT.IDENTIFIER":"S195323550","species_list":"Ashy-crowned Sparrow-Lark; Asian Green Bee-eater; Barn Swallow; Bay-backed Shrike; Common Babbler; Common Myna; Eastern Cattle-Egret; European Roller; Gray-breasted Prinia; Indian Pond-Heron; Indian Robin; Indian Roller; Indian Silverbill; Plain Prinia; Purple Sunbird; Red-vented Bulbul; Rosy Starling; White-breasted Waterhen; White-eared Bulbul; White-tailed Iora; White-throated Kingfisher; Wire-tailed Swallow","n_species":22,"focal_species_seen":"European Roller","focal_species_slugs":"european-roller","has_focal":true,"GRID_CODE":"GJ-KU-BHU-150","DISTRICT":"Kachchh","BLOCK":"Bhuj"},"geometry":{"type":"Point","coordinates":[69.838244,23.197622]}},{"type":"Feature","properties":{"GROUP.ID":"G13055658","LOCALITY":"T13G6","LATITUDE":23.185879,"LONGITUDE":69.845559,"OBSERVATION.DATE":"2024-09-15","OBSERVER.ID":"obsr1522701","DURATION.MINUTES":99.0,"SAMPLING.EVENT.IDENTIFIER":"S195324423","species_list":"Asian Green Bee-eater; Barn Swallow; Barred Buttonquail; Bay-backed Shrike; Baya Weaver; Black Drongo; Common Babbler; Common Hoopoe; Common Myna; Common Tailorbird; Common Woodshrike; Eastern Cattle-Egret; Eastern Orphean Warbler; Eastern Red-rumped Swallow; Eurasian Collared-Dove; Eurasian Wryneck; Gray Francolin; Greater Whitethroat; Indian Peafowl; Indian Robin; Indian Silverbill; Indian Spot-billed Duck; Laughing Dove; Lesser Whitethroat; Plain Prinia; Red-naped Ibis; Red-vented Bulbul; Rosy Starling; Rufous-fronted Prinia; Small Minivet; Spotted Flycatcher; White-bellied Minivet; White-eared Bulbul; White-tailed Iora; Wire-tailed Swallow","n_species":35,"focal_species_seen":"Greater Whitethroat; Spotted Flycatcher","focal_species_slugs":"greater-whitethroat;spotted-flycatcher","has_focal":true,"GRID_CODE":"GJ-KU-BHU-150","DISTRICT":"Kachchh","BLOCK":"Bhuj"},"geometry":{"type":"Point","coordinates":[69.845559,23.185879]}},{"type":"Feature","properties":{"GROUP.ID":"G13047139","LOCALITY":"Chapredi","LATITUDE":23.326872,"LONGITUDE":69.86731,"OBSERVATION.DATE":"2024-09-15","OBSERVER.ID":"obsr1522701","DURATION.MINUTES":268.0,"SAMPLING.EVENT.IDENTIFIER":"S195326546","species_list":"Asian Koel; Barred Buttonquail; Bay-backed Shrike; Baya Weaver; Common Babbler; Common Hoopoe; Common Tailorbird; Common Woodshrike; Eastern Orphean Warbler; Eastern Red-rumped Swallow; Eurasian Collared-Dove; European Roller; Gray Francolin; Greater Coucal; Greater Whitethroat; Indian Robin; Indian Silverbill; Jungle Prinia; Laughing Dove; Pied Cuckoo; Red-vented Bulbul; Red-wattled Lapwing; Rosy Starling; Rufous-fronted Prinia; Small Minivet; Spotted Flycatcher; White-eared Bulbul; White-tailed Iora; Wire-tailed Swallow; Yellow-eyed Babbler","n_species":30,"focal_species_seen":"European Roller; Greater Whitethroat; Spotted Flycatcher","focal_species_slugs":"european-roller;greater-whitethroat;spotted-flycatcher","has_focal":true,"GRID_CODE":"GJ-KU-BHU-115","DISTRICT":"Kachchh","BLOCK":"Bhuj"},"geometry":{"type":"Point","coordinates":[69.86731,23.326872]}},{"type":"Feature","properties":{"GROUP.ID":"G13050939","LOCALITY":"T1G4, Belasar - Jodhrai Road, Kachchh, Gujarat, IN (23.86, 70.672)","LATITUDE":23.8600441,"LONGITUDE":70.6722568,"OBSERVATION.DATE":"2024-09-14","OBSERVER.ID":"obsr745299","DURATION.MINUTES":17.0,"SAMPLING.EVENT.IDENTIFIER":"S195361818","species_list":"Ashy-crowned Sparrow-Lark; Asian Green Bee-eater; Barn Swallow; Baya Weaver; Black-winged Kite; Blue-cheeked Bee-eater; Common Babbler; Common Myna; Common Tailorbird; Crested Lark; Eurasian Collared-Dove; Eurasian Wryneck; Gray Francolin; House Sparrow; Indian Bushlark; Indian Peafowl; Indian Silverbill; Laughing Dove; Little Grebe; Pied Cuckoo; Plain Prinia; Purple Sunbird; Red-vented Bulbul; Red-wattled Lapwing; Red Collared-Dove; River Tern; Rosy Starling; Rufous-fronted Prinia; White-eared Bulbul; White-eyed Buzzard; Zitting Cisticola","n_species":31,"focal_species_seen":"Blue-cheeked Bee-eater","focal_species_slugs":"blue-cheeked-bee-eater","has_focal":true,"GRID_CODE":"GJ-KU-RAP-010","DISTRICT":"Kachchh","BLOCK":"Rapar"},"geometry":{"type":"Point","coordinates":[70.6722568,23.8600441]}},{"type":"Feature","properties":{"GROUP.ID":"G13050936","LOCALITY":"T1G6","LATITUDE":23.9319252,"LONGITUDE":70.6267925,"OBSERVATION.DATE":"2024-09-15","OBSERVER.ID":"obsr745299","DURATION.MINUTES":90.0,"SAMPLING.EVENT.IDENTIFIER":"S195364620","species_list":"Ashy-crowned Sparrow-Lark; Barn Swallow; Bay-backed Shrike; Black-tailed Godwit; Black-winged Stilt; Blue-cheeked Bee-eater; Caspian Tern; Chestnut-bellied Sandgrouse; Common Cuckoo; Common Greenshank; Common Hoopoe; Common Myna; Common Redshank; Curlew Sandpiper; Delicate Prinia; Eurasian Collared-Dove; Eurasian Curlew; Eurasian Spoonbill; Eurasian Whimbrel; European Roller; Gray-breasted Prinia; Gray Francolin; Greater Flamingo; Greater Whitethroat; Gull-billed Tern; House Sparrow; Indian Bushlark; Indian Peafowl; Indian Robin; Indian Silverbill; Jungle Prinia; Laughing Dove; Lesser Black-backed Gull; Lesser Flamingo; Little Stint; Little Tern; Marsh Sandpiper; Northern Shoveler; Pied Avocet; Pied Cuckoo; Plain Prinia; Purple Sunbird; Red-backed Shrike; Red-vented Bulbul; River Tern; Rosy Starling; Ruddy Turnstone; Ruff; Rufous-fronted Prinia; Rufous-tailed Lark; Rufous-tailed Scrub-Robin; Spotted Flycatcher; Spotted Redshank; Tawny Pipit; Terek Sandpiper; Tibetan Sand-Plover; Variable Wheatear; Western Reef-Heron; Whiskered Tern; White-eared Bulbul; White-eyed Buzzard; White-throated Kingfisher; Wood Sandpiper; Yellow-throated Sparrow","n_species":64,"focal_species_seen":"Blue-cheeked Bee-eater; Common Cuckoo; European Roller; Greater Whitethroat; Red-backed Shrike; Rufous-tailed Scrub-Robin; Spotted Flycatcher","focal_species_slugs":"blue-cheeked-bee-eater;common-cuckoo;european-roller;greater-whitethroat;red-backed-shrike;rufous-tailed-scrub-robin;spotted-flycatcher","has_focal":true,"GRID_CODE":"GJ-KU-RAP-002","DISTRICT":"Kachchh","BLOCK":"Rapar"},"geometry":{"type":"Point","coordinates":[70.6267925,23.9319252]}},{"type":"Feature","properties":{"GROUP.ID":"G13051583","LOCALITY":"T6 G3 Unnamed Road, Kachchh, Gujarat, IN (23.468, 70.556)","LATITUDE":23.4680751,"LONGITUDE":70.5556718,"OBSERVATION.DATE":"2024-09-14","OBSERVER.ID":"obsr6145241","DURATION.MINUTES":87.0,"SAMPLING.EVENT.IDENTIFIER":"S195430925","species_list":"Blue-cheeked Bee-eater; European Roller; Indian Courser; Laughing Dove; Paddyfield Pipit; Red-naped Ibis; Red Collared-Dove; Rosy Starling; Variable Wheatear","n_species":9,"focal_species_seen":"Blue-cheeked Bee-eater; European Roller","focal_species_slugs":"blue-cheeked-bee-eater;european-roller","has_focal":true,"GRID_CODE":"GJ-KU-BHA-022","DISTRICT":"Kachchh","BLOCK":"Bhachau"},"geometry":{"type":"Point","coordinates":[70.5556718,23.4680751]}},{"type":"Feature","properties":{"GROUP.ID":"G13122290","LOCALITY":"T16G1_PMC2024","LATITUDE":23.786322,"LONGITUDE":69.688273,"OBSERVATION.DATE":"2024-09-15","OBSERVER.ID":"obsr4386613","DURATION.MINUTES":27.0,"SAMPLING.EVENT.IDENTIFIER":"S197113829","species_list":"Ashy-crowned Sparrow-Lark; Black-winged Stilt; Crested Lark; Greater Flamingo; Gull-billed Tern; House Sparrow; Kentish Plover; Little Stint; Red-wattled Lapwing; Variable Wheatear; Western Yellow Wagtail","n_species":11,"focal_species_seen":"","focal_species_slugs":"","has_focal":false,"GRID_CODE":"GJ-KU-RAN-505","DISTRICT":"Kachchh","BLOCK":"Rann of Kachchh"},"geometry":{"type":"Point","coordinates":[69.688273,23.786322]}},{"type":"Feature","properties":{"GROUP.ID":"G14079058","LOCALITY":"T6_GRID_31","LATITUDE":23.445127,"LONGITUDE":71.202667,"OBSERVATION.DATE":"2025-01-25","OBSERVER.ID":"obsr1152206","DURATION.MINUTES":56.0,"SAMPLING.EVENT.IDENTIFIER":"S210576729","species_list":"Imperial Eagle; Peregrine Falcon; Steppe Eagle","n_species":3,"focal_species_seen":"","focal_species_slugs":"","has_focal":false,"GRID_CODE":"GJ-KU-LIT-054","DISTRICT":"Kachchh","BLOCK":"Little Rann"},"geometry":{"type":"Point","coordinates":[71.202667,23.445127]}},{"type":"Feature","properties":{"GROUP.ID":"G13917056","LOCALITY":"Lakadia, Gujarat, IN (23.284, 71.429) T5_Grid_14","LATITUDE":23.2841817,"LONGITUDE":71.4292735,"OBSERVATION.DATE":"2025-01-25","OBSERVER.ID":"obsr1997065","DURATION.MINUTES":60.0,"SAMPLING.EVENT.IDENTIFIER":"S210583151","species_list":"Crested Lark; Desert Wheatear; Greater Short-toed Lark","n_species":3,"focal_species_seen":"","focal_species_slugs":"","has_focal":false,"GRID_CODE":"GJ-KU-LIT-105","DISTRICT":"Kachchh","BLOCK":"Little Rann"},"geometry":{"type":"Point","coordinates":[71.4292735,23.2841817]}},{"type":"Feature","properties":{"GROUP.ID":"G13885805","LOCALITY":"T14G16","LATITUDE":23.2159123,"LONGITUDE":71.5824851,"OBSERVATION.DATE":"2025-01-25","OBSERVER.ID":"obsr494050","DURATION.MINUTES":65.0,"SAMPLING.EVENT.IDENTIFIER":"S210592241","species_list":"Desert Wheatear; Greater Short-toed Lark; House Sparrow; Montagu's Harrier; Sand Lark","n_species":5,"focal_species_seen":"","focal_species_slugs":"","has_focal":false,"GRID_CODE":"GJ-KU-LIT-127","DISTRICT":"Kachchh","BLOCK":"Little Rann"},"geometry":{"type":"Point","coordinates":[71.5824851,23.2159123]}},{"type":"Feature","properties":{"GROUP.ID":"G13886135","LOCALITY":"T15_G8","LATITUDE":23.129938,"LONGITUDE":71.715605,"OBSERVATION.DATE":"2025-01-25","OBSERVER.ID":"obsr1522701","DURATION.MINUTES":69.0,"SAMPLING.EVENT.IDENTIFIER":"S210601822","species_list":"Desert Wheatear; Greater Flamingo; Greater Short-toed Lark; Kentish Plover; Lesser Flamingo; Montagu's Harrier; Pallid Harrier; Peregrine Falcon; Red-wattled Lapwing; River Tern; Rosy Starling; Steppe Eagle; Tibetan Sand-Plover; Western Marsh Harrier; Western Yellow Wagtail","n_species":15,"focal_species_seen":"","focal_species_slugs":"","has_focal":false,"GRID_CODE":"GJ-SN-DAS-005","DISTRICT":"Surendranagar","BLOCK":"Dasada"},"geometry":{"type":"Point","coordinates":[71.715605,23.129938]}},{"type":"Feature","properties":{"GROUP.ID":"G14420054","LOCALITY":"T2_G18","LATITUDE":23.3817152,"LONGITUDE":70.8165559,"OBSERVATION.DATE":"2025-01-25","OBSERVER.ID":"obsr1173605","DURATION.MINUTES":60.0,"SAMPLING.EVENT.IDENTIFIER":"S210614859","species_list":"Asian Green Bee-eater; Barn Swallow; Black-headed Bunting; Black-winged Kite; Black Drongo; Brahminy Starling; Common Babbler; Common Crane; Common Hoopoe; Common Quail; Crested Lark; Demoiselle Crane; Eurasian Collared-Dove; Great Cormorant; Greater Short-toed Lark; House Crow; House Sparrow; Indian Cormorant; Indian Courser; Indian Peafowl; Indian Pond-Heron; Indian Robin; Indian Roller; Isabelline Shrike; Laughing Dove; Little Egret; Red-vented Bulbul; Red-wattled Lapwing; Red Collared-Dove; Siberian Stonechat; Streak-throated Swallow; Tawny Pipit; Tree Pipit; Western Reef-Heron; Wire-tailed Swallow","n_species":35,"focal_species_seen":"","focal_species_slugs":"","has_focal":false,"GRID_CODE":"GJ-KU-RAP-095","DISTRICT":"Kachchh","BLOCK":"Rapar"},"geometry":{"type":"Point","coordinates":[70.8165559,23.3817152]}},{"type":"Feature","properties":{"GROUP.ID":"G14420053","LOCALITY":"T4_G11","LATITUDE":23.2835163,"LONGITUDE":71.0564338,"OBSERVATION.DATE":"2025-01-26","OBSERVER.ID":"obsr1760253","DURATION.MINUTES":61.0,"SAMPLING.EVENT.IDENTIFIER":"S210699711","species_list":"Desert Wheatear","n_species":1,"focal_species_seen":"","focal_species_slugs":"","has_focal":false,"GRID_CODE":"GJ-KU-LIT-098","DISTRICT":"Kachchh","BLOCK":"Little Rann"},"geometry":{"type":"Point","coordinates":[71.0564338,23.2835163]}},{"type":"Feature","properties":{"GROUP.ID":"G13893528","LOCALITY":"T15_G6","LATITUDE":23.157059,"LONGITUDE":71.430077,"OBSERVATION.DATE":"2025-01-26","OBSERVER.ID":"obsr1522701","DURATION.MINUTES":58.0,"SAMPLING.EVENT.IDENTIFIER":"S210707037","species_list":"Ashy-crowned Sparrow-Lark; Barn Swallow; Black-necked Stork; Black Drongo; Common Crane; Crested Lark; Desert Wheatear; Greater Short-toed Lark; Imperial Eagle; Lesser Whitethroat; Long-legged Buzzard; Purple Sunbird; Rosy Starling; Sand Lark; Wire-tailed Swallow","n_species":15,"focal_species_seen":"","focal_species_slugs":"","has_focal":false,"GRID_CODE":"GJ-SN-DHR-001","DISTRICT":"Surendranagar","BLOCK":"Dhrangadhra"},"geometry":{"type":"Point","coordinates":[71.430077,23.157059]}},{"type":"Feature","properties":{"GROUP.ID":"G13917054","LOCALITY":"T5_Grid_5. Nimaknagar, Gujarat, IN (23.151, 71.407)","LATITUDE":23.150929,"LONGITUDE":71.4074311,"OBSERVATION.DATE":"2025-01-26","OBSERVER.ID":"obsr1997065","DURATION.MINUTES":60.0,"SAMPLING.EVENT.IDENTIFIER":"S210707642","species_list":"Crested Lark; Desert Wheatear; Greater Short-toed Lark; Greater Spotted Eagle; Indian Spot-billed Duck; Lesser Flamingo; Little Cormorant; Northern Pintail; Northern Shoveler; Painted Stork; Western Marsh Harrier","n_species":11,"focal_species_seen":"","focal_species_slugs":"","has_focal":false,"GRID_CODE":"GJ-SN-DHR-001","DISTRICT":"Surendranagar","BLOCK":"Dhrangadhra"},"geometry":{"type":"Point","coordinates":[71.4074311,23.150929]}},{"type":"Feature","properties":{"GROUP.ID":"G14420051","LOCALITY":"T4_G12 Point Count","LATITUDE":23.2853099,"LONGITUDE":71.1898003,"OBSERVATION.DATE":"2025-01-26","OBSERVER.ID":"obsr1760253","DURATION.MINUTES":26.0,"SAMPLING.EVENT.IDENTIFIER":"S210707691","species_list":"Barn Swallow; Imperial Eagle; Peregrine Falcon","n_species":3,"focal_species_seen":"","focal_species_slugs":"","has_focal":false,"GRID_CODE":"GJ-KU-LIT-100","DISTRICT":"Kachchh","BLOCK":"Little Rann"},"geometry":{"type":"Point","coordinates":[71.1898003,23.2853099]}},{"type":"Feature","properties":{"GROUP.ID":"G13893561","LOCALITY":"Rann of Kachchh, Kachchh IN-Gujarat 23.13726, 71.71279","LATITUDE":23.137263,"LONGITUDE":71.712791,"OBSERVATION.DATE":"2025-01-26","OBSERVER.ID":"obsr1522701","DURATION.MINUTES":20.0,"SAMPLING.EVENT.IDENTIFIER":"S210707860","species_list":"Black-winged Stilt; Common Shelduck; Crested Lark; Eurasian Kestrel; Gray Heron; Little Egret; Marsh Sandpiper; Medium Egret; Montagu's Harrier; Northern Shoveler; Pied Avocet; Western Marsh Harrier","n_species":12,"focal_species_seen":"","focal_species_slugs":"","has_focal":false,"GRID_CODE":"GJ-SN-DAS-005","DISTRICT":"Surendranagar","BLOCK":"Dasada"},"geometry":{"type":"Point","coordinates":[71.712791,23.137263]}},{"type":"Feature","properties":{"GROUP.ID":"G13893650","LOCALITY":"T14G17 Point","LATITUDE":23.2698041,"LONGITUDE":71.6445137,"OBSERVATION.DATE":"2025-01-26","OBSERVER.ID":"obsr494050","DURATION.MINUTES":20.0,"SAMPLING.EVENT.IDENTIFIER":"S210709686","species_list":"Barn Swallow; Black-winged Stilt; Black Drongo; Common Crane; Common Greenshank; Common Redshank; Common Sandpiper; Dalmatian Pelican; Eurasian Curlew; Eurasian Spoonbill; Gray Heron; Great Egret; Greater Flamingo; Green-winged Teal; Gull-billed Tern; Indian Cormorant; Lesser Whitethroat; Little Cormorant; Little Egret; Little Ringed Plover; Marsh Sandpiper; Northern Shoveler; Painted Stork; Pallas's Gull; Pied Avocet; Purple Sunbird; Red-wattled Lapwing; Sand Lark; Shikra; Western Marsh Harrier; Western Reef-Heron; Whiskered Tern; White-throated Kingfisher; White Wagtail","n_species":34,"focal_species_seen":"","focal_species_slugs":"","has_focal":false,"GRID_CODE":"GJ-KU-LIT-109","DISTRICT":"Kachchh","BLOCK":"Little Rann"},"geometry":{"type":"Point","coordinates":[71.6445137,23.2698041]}},{"type":"Feature","properties":{"GROUP.ID":"G13894126","LOCALITY":"T15_G7","LATITUDE":23.161008,"LONGITUDE":71.529786,"OBSERVATION.DATE":"2025-01-26","OBSERVER.ID":"obsr1522701","DURATION.MINUTES":62.0,"SAMPLING.EVENT.IDENTIFIER":"S210716212","species_list":"Bank Swallow; Barn Swallow; Bay-backed Shrike; Black Drongo; Crested Lark; Desert Wheatear; Eurasian Collared-Dove; Greater Flamingo; Greater Short-toed Lark; House Sparrow; Isabelline Shrike; Lesser Whitethroat; Montagu's Harrier; Purple Sunbird; Short-toed Snake-Eagle; White-eared Bulbul","n_species":16,"focal_species_seen":"","focal_species_slugs":"","has_focal":false,"GRID_CODE":"GJ-KU-LIT-147","DISTRICT":"Kachchh","BLOCK":"Little Rann"},"geometry":{"type":"Point","coordinates":[71.529786,23.161008]}},{"type":"Feature","properties":{"GROUP.ID":"G13895489","LOCALITY":"T13_G26","LATITUDE":23.3539721,"LONGITUDE":71.571321,"OBSERVATION.DATE":"2025-01-25","OBSERVER.ID":"obsr1345947","DURATION.MINUTES":68.0,"SAMPLING.EVENT.IDENTIFIER":"S210716862","species_list":"Desert Wheatear; Eurasian Kestrel; Greater Short-toed Lark; Montagu's Harrier; Rufous-fronted Prinia; Shikra; White-eyed Buzzard","n_species":7,"focal_species_seen":"","focal_species_slugs":"","has_focal":false,"GRID_CODE":"GJ-KU-LIT-091","DISTRICT":"Kachchh","BLOCK":"Little Rann"},"geometry":{"type":"Point","coordinates":[71.571321,23.3539721]}},{"type":"Feature","properties":{"GROUP.ID":"G13895488","LOCALITY":"T13_G25","LATITUDE":23.3371758,"LONGITUDE":71.4894828,"OBSERVATION.DATE":"2025-01-26","OBSERVER.ID":"obsr1345947","DURATION.MINUTES":62.0,"SAMPLING.EVENT.IDENTIFIER":"S210717004","species_list":"Barn Swallow; Common Crane; Greater Short-toed Lark; House Sparrow; Little Egret; Peregrine Falcon; Sand Lark","n_species":7,"focal_species_seen":"","focal_species_slugs":"","has_focal":false,"GRID_CODE":"GJ-KU-LIT-089","DISTRICT":"Kachchh","BLOCK":"Little Rann"},"geometry":{"type":"Point","coordinates":[71.4894828,23.3371758]}},{"type":"Feature","properties":{"GROUP.ID":"G13895487","LOCALITY":"T13_G15","LATITUDE":23.2614442,"LONGITUDE":71.5047074,"OBSERVATION.DATE":"2025-01-26","OBSERVER.ID":"obsr1345947","DURATION.MINUTES":66.0,"SAMPLING.EVENT.IDENTIFIER":"S210717132","species_list":"Desert Wheatear; Greater Short-toed Lark; House Sparrow; Montagu's Harrier; Sand Lark","n_species":5,"focal_species_seen":"","focal_species_slugs":"","has_focal":false,"GRID_CODE":"GJ-KU-LIT-106","DISTRICT":"Kachchh","BLOCK":"Little Rann"},"geometry":{"type":"Point","coordinates":[71.5047074,23.2614442]}},{"type":"Feature","properties":{"GROUP.ID":"G13895486","LOCALITY":"T13_G15_Point","LATITUDE":23.2410236,"LONGITUDE":71.4765056,"OBSERVATION.DATE":"2025-01-26","OBSERVER.ID":"obsr1345947","DURATION.MINUTES":22.0,"SAMPLING.EVENT.IDENTIFIER":"S210717180","species_list":"Desert Wheatear; House Sparrow; Sand Lark","n_species":3,"focal_species_seen":"","focal_species_slugs":"","has_focal":false,"GRID_CODE":"GJ-KU-LIT-125","DISTRICT":"Kachchh","BLOCK":"Little Rann"},"geometry":{"type":"Point","coordinates":[71.4765056,23.2410236]}},{"type":"Feature","properties":{"GROUP.ID":"G13894708","LOCALITY":"T8_GRID_47","LATITUDE":23.7218705,"LONGITUDE":71.0381019,"OBSERVATION.DATE":"2025-01-26","OBSERVER.ID":"obsr413366","DURATION.MINUTES":63.0,"SAMPLING.EVENT.IDENTIFIER":"S210718942","species_list":"Ashy-crowned Sparrow-Lark; Asian Green Bee-eater; Barn Swallow; Black-headed Ibis; Black-winged Kite; Black-winged Stilt; Black Drongo; Black Kite; Clamorous Reed Warbler; Common Babbler; Common Chiffchaff; Common Crane; Common Kingfisher; Common Myna; Common Pochard; Common Sandpiper; Crested Lark; Dalmatian Pelican; Desert Wheatear; Eastern Cattle-Egret; Eastern Orphean Warbler; Eurasian Collared-Dove; Eurasian Coot; Eurasian Spoonbill; Eurasian Wigeon; Gadwall; Garganey; Gray-headed Swamphen; Gray Francolin; Gray Wagtail; Great Cormorant; Great Egret; Great White Pelican; Greater Coucal; Greater Flamingo; Greater Short-toed Lark; Green-winged Teal; Green Sandpiper; House Crow; House Sparrow; Imperial Eagle; Indian Cormorant; Indian Peafowl; Indian Pond-Heron; Indian Robin; Indian Silverbill; Indian Spot-billed Duck; Isabelline Shrike; Isabelline Wheatear; Kentish Plover; Laughing Dove; Lesser Whitethroat; Little Cormorant; Little Grebe; Little Ringed Plover; Little Stint; Montagu's Harrier; Northern Pintail; Northern Shoveler; Oriental Darter; Paddyfield Pipit; Painted Stork; Pallid Harrier; Pied Bushchat; Pied Kingfisher; Purple Sunbird; Red-naped Ibis; Red-vented Bulbul; Red-wattled Lapwing; Rose-ringed Parakeet; Rosy Starling; Ruddy Shelduck; Ruff; Rufous-tailed Lark; Siberian Stonechat; Streak-throated Swallow; Tufted Duck; Variable Wheatear; Western Marsh Harrier; Western Yellow Wagtail; White-eared Bulbul; White-throated Kingfisher; White Wagtail; Wire-tailed Swallow; Yellow-throated Sparrow","n_species":85,"focal_species_seen":"","focal_species_slugs":"","has_focal":false,"GRID_CODE":"GJ-KU-RAN-545","DISTRICT":"Kachchh","BLOCK":"Rann of Kachchh"},"geometry":{"type":"Point","coordinates":[71.0381019,23.7218705]}},{"type":"Feature","properties":{"GROUP.ID":"G13896913","LOCALITY":"T7G41_Bambhansar, Gujarat, IN (23.583, 71.002)","LATITUDE":23.5828137,"LONGITUDE":71.0024586,"OBSERVATION.DATE":"2025-01-25","OBSERVER.ID":"obsr1493799","DURATION.MINUTES":60.0,"SAMPLING.EVENT.IDENTIFIER":"S210720927","species_list":"Barn Swallow; Barred Buttonquail; Bay-backed Shrike; Black-winged Kite; Black Drongo; Black Redstart; Common Crane; Crested Lark; Greater Coucal; Greater Short-toed Lark; House Sparrow; Indian Peafowl; Indian Robin; Laughing Dove; Red-vented Bulbul; Siberian Stonechat; Sykes's Nightjar; White-eared Bulbul","n_species":18,"focal_species_seen":"","focal_species_slugs":"","has_focal":false,"GRID_CODE":"GJ-KU-RAP-058","DISTRICT":"Kachchh","BLOCK":"Rapar"},"geometry":{"type":"Point","coordinates":[71.0024586,23.5828137]}},{"type":"Feature","properties":{"GROUP.ID":"G13896911","LOCALITY":"T7G42_Kachchh, Gujarat, IN (23.615, 71.042)","LATITUDE":23.614898,"LONGITUDE":71.0418247,"OBSERVATION.DATE":"2025-01-26","OBSERVER.ID":"obsr1493799","DURATION.MINUTES":77.0,"SAMPLING.EVENT.IDENTIFIER":"S210721332","species_list":"Ashy Prinia; Barn Swallow; Bay-backed Shrike; Black-tailed Godwit; Black-winged Stilt; Black Drongo; Common Babbler; Common Crane; Common Tailorbird; Eurasian Collared-Dove; Eurasian Coot; Eurasian Kestrel; Eurasian Spoonbill; Gray Francolin; Gray Heron; Great Cormorant; Great Egret; Great White Pelican; Greater Spotted Eagle; House Crow; Imperial Eagle; Indian Peafowl; Indian Pond-Heron; Indian Robin; Jungle Babbler; Laughing Dove; Lesser Whitethroat; Little Cormorant; Little Egret; Little Grebe; Montagu's Harrier; Northern Pintail; Northern Shoveler; Painted Stork; Peregrine Falcon; Purple Sunbird; Red-vented Bulbul; Red-wattled Lapwing; Shikra; Short-toed Snake-Eagle; Siberian Stonechat; Steppe Eagle; Western Marsh Harrier; Western Reef-Heron; White-eared Bulbul; White Wagtail","n_species":46,"focal_species_seen":"","focal_species_slugs":"","has_focal":false,"GRID_CODE":"GJ-KU-RAN-577","DISTRICT":"Kachchh","BLOCK":"Rann of Kachchh"},"geometry":{"type":"Point","coordinates":[71.0418247,23.614898]}},{"type":"Feature","properties":{"GROUP.ID":"G13896910","LOCALITY":"T7G36_Nanda, Gujarat, IN (23.544, 71.093)","LATITUDE":23.5436527,"LONGITUDE":71.0932515,"OBSERVATION.DATE":"2025-01-26","OBSERVER.ID":"obsr1493799","DURATION.MINUTES":54.0,"SAMPLING.EVENT.IDENTIFIER":"S210723171","species_list":"Ashy-crowned Sparrow-Lark; Barn Swallow; Bay-backed Shrike; Black-headed Ibis; Black-winged Kite; Black-winged Stilt; Black Drongo; Brown-headed Gull; Common Babbler; Common Crane; Common Redshank; Dalmatian Pelican; Eastern Cattle-Egret; Eurasian Collared-Dove; Eurasian Kestrel; Eurasian Sparrowhawk; Eurasian Spoonbill; Gray Heron; Great White Pelican; Greater Flamingo; Greater Short-toed Lark; Greater Spotted Eagle; Gull-billed Tern; Imperial Eagle; Indian Pond-Heron; Indian Robin; Indian Silverbill; Isabelline Shrike; Laughing Dove; Lesser Flamingo; Montagu's Harrier; Northern Shoveler; Painted Stork; Red-vented Bulbul; Red-wattled Lapwing; River Tern; Siberian Stonechat; Temminck's Stint; Whiskered Tern; White-eared Bulbul","n_species":40,"focal_species_seen":"","focal_species_slugs":"","has_focal":false,"GRID_CODE":"GJ-KU-RAP-072","DISTRICT":"Kachchh","BLOCK":"Rapar"},"geometry":{"type":"Point","coordinates":[71.0932515,23.5436527]}},{"type":"Feature","properties":{"GROUP.ID":"G13896909","LOCALITY":"T7G36_Sukhpar, Gujarat, IN (23.488, 71.073)","LATITUDE":23.4875945,"LONGITUDE":71.0729918,"OBSERVATION.DATE":"2025-01-26","OBSERVER.ID":"obsr1493799","DURATION.MINUTES":16.0,"SAMPLING.EVENT.IDENTIFIER":"S210723421","species_list":"Ashy-crowned Sparrow-Lark; Asian Green Bee-eater; Bay-backed Shrike; Black Drongo; Common Babbler; Common Crane; Desert Wheatear; Gray Francolin; Great White Pelican; House Sparrow; Indian Roller; Long-tailed Shrike; Montagu's Harrier; Rufous-tailed Lark; Shikra; White-eared Bulbul; Wire-tailed Swallow","n_species":17,"focal_species_seen":"","focal_species_slugs":"","has_focal":false,"GRID_CODE":"GJ-KU-RAP-083","DISTRICT":"Kachchh","BLOCK":"Rapar"},"geometry":{"type":"Point","coordinates":[71.0729918,23.4875945]}},{"type":"Feature","properties":{"GROUP.ID":"G14420049","LOCALITY":"T10G39","LATITUDE":23.4796419,"LONGITUDE":71.4296131,"OBSERVATION.DATE":"2025-01-25","OBSERVER.ID":"obsr1055226","DURATION.MINUTES":63.0,"SAMPLING.EVENT.IDENTIFIER":"S210723884","species_list":"Imperial Eagle; Isabelline Shrike; White-eared Bulbul","n_species":3,"focal_species_seen":"","focal_species_slugs":"","has_focal":false,"GRID_CODE":"GJ-KU-LIT-049","DISTRICT":"Kachchh","BLOCK":"Little Rann"},"geometry":{"type":"Point","coordinates":[71.4296131,23.4796419]}},{"type":"Feature","properties":{"GROUP.ID":"G14420048","LOCALITY":"T10G38","LATITUDE":23.4979896,"LONGITUDE":71.3249122,"OBSERVATION.DATE":"2025-01-26","OBSERVER.ID":"obsr1055226","DURATION.MINUTES":61.0,"SAMPLING.EVENT.IDENTIFIER":"S210723997","species_list":"Desert Wheatear; Eurasian Kestrel; Montagu's Harrier; White-eared Bulbul; Wire-tailed Swallow","n_species":5,"focal_species_seen":"","focal_species_slugs":"","has_focal":false,"GRID_CODE":"GJ-KU-LIT-047","DISTRICT":"Kachchh","BLOCK":"Little Rann"},"geometry":{"type":"Point","coordinates":[71.3249122,23.4979896]}},{"type":"Feature","properties":{"GROUP.ID":"G14420047","LOCALITY":"T10G38point","LATITUDE":23.5243413,"LONGITUDE":71.3143433,"OBSERVATION.DATE":"2025-01-26","OBSERVER.ID":"obsr1055226","DURATION.MINUTES":25.0,"SAMPLING.EVENT.IDENTIFIER":"S210724579","species_list":"Desert Wheatear; Purple Sunbird","n_species":2,"focal_species_seen":"","focal_species_slugs":"","has_focal":false,"GRID_CODE":"GJ-KU-LIT-035","DISTRICT":"Kachchh","BLOCK":"Little Rann"},"geometry":{"type":"Point","coordinates":[71.3143433,23.5243413]}},{"type":"Feature","properties":{"GROUP.ID":"G13926707","LOCALITY":"T3_GRID28","LATITUDE":23.446551,"LONGITUDE":70.942019,"OBSERVATION.DATE":"2025-01-26","OBSERVER.ID":"obsr1777443","DURATION.MINUTES":48.0,"SAMPLING.EVENT.IDENTIFIER":"S210877476","species_list":"Black-tailed Godwit; Black-winged Stilt; Black Drongo; Common Babbler; Common Crane; Dusky Crag-Martin; Eurasian Kestrel; Eurasian Sparrowhawk; Eurasian Spoonbill; Gray Francolin; Gray Heron; Great Crested Grebe; Great White Pelican; Greater Flamingo; Green-winged Teal; Indian Pond-Heron; Little Grebe; Northern Shoveler; Oriental Darter; Painted Stork; Pied Avocet; Purple Heron; Purple Sunbird; Ruff; Western Marsh Harrier; White-eared Bulbul","n_species":26,"focal_species_seen":"","focal_species_slugs":"","has_focal":false,"GRID_CODE":"GJ-KU-RAP-090","DISTRICT":"Kachchh","BLOCK":"Rapar"},"geometry":{"type":"Point","coordinates":[70.942019,23.446551]}},{"type":"Feature","properties":{"GROUP.ID":"G14420046","LOCALITY":"T3_GRID29","LATITUDE":23.409866,"LONGITUDE":71.037637,"OBSERVATION.DATE":"2025-01-26","OBSERVER.ID":"obsr1777443","DURATION.MINUTES":74.0,"SAMPLING.EVENT.IDENTIFIER":"S210877802","species_list":"Common Crane; Crested Lark; Desert Wheatear; Greater Flamingo; Greater Short-toed Lark; Imperial Eagle; Lesser Flamingo; Little Cormorant; Montagu's Harrier; Northern Shoveler; Peregrine Falcon; River Tern; Steppe Eagle","n_species":13,"focal_species_seen":"","focal_species_slugs":"","has_focal":false,"GRID_CODE":"GJ-KU-LIT-064","DISTRICT":"Kachchh","BLOCK":"Little Rann"},"geometry":{"type":"Point","coordinates":[71.037637,23.409866]}},{"type":"Feature","properties":{"GROUP.ID":"G14420045","LOCALITY":"T2_G9 Point Count","LATITUDE":23.2328071,"LONGITUDE":70.730007,"OBSERVATION.DATE":"2025-01-26","OBSERVER.ID":"obsr1173605","DURATION.MINUTES":35.0,"SAMPLING.EVENT.IDENTIFIER":"S211313041","species_list":"Demoiselle Crane; Eurasian Curlew; Gray Heron; Great Egret; Gull-billed Tern; Lesser Black-backed Gull; Marsh Sandpiper; Medium Egret; Montagu's Harrier; Painted Stork; Pallas's Gull; Sykes's Warbler; Western Marsh Harrier; Western Reef-Heron; Western Yellow Wagtail","n_species":15,"focal_species_seen":"","focal_species_slugs":"","has_focal":false,"GRID_CODE":"GJ-KU-LIT-110","DISTRICT":"Kachchh","BLOCK":"Little Rann"},"geometry":{"type":"Point","coordinates":[70.730007,23.2328071]}},{"type":"Feature","properties":{"GROUP.ID":"G14079056","LOCALITY":"T6_GRID_22","LATITUDE":23.37587,"LONGITUDE":71.196589,"OBSERVATION.DATE":"2025-01-26","OBSERVER.ID":"obsr1152206","DURATION.MINUTES":60.0,"SAMPLING.EVENT.IDENTIFIER":"S211313070","species_list":"Common Crane; Desert Wheatear; Greater Short-toed Lark; Imperial Eagle","n_species":4,"focal_species_seen":"","focal_species_slugs":"","has_focal":false,"GRID_CODE":"GJ-KU-LIT-067","DISTRICT":"Kachchh","BLOCK":"Little Rann"},"geometry":{"type":"Point","coordinates":[71.196589,23.37587]}},{"type":"Feature","properties":{"GROUP.ID":"G14420044","LOCALITY":"T2_G19","LATITUDE":23.3657668,"LONGITUDE":70.8442688,"OBSERVATION.DATE":"2025-01-26","OBSERVER.ID":"obsr1173605","DURATION.MINUTES":88.0,"SAMPLING.EVENT.IDENTIFIER":"S211313113","species_list":"Asian Koel; Booted Eagle; Common Babbler; Common Crane; Eurasian Collared-Dove; Eurasian Kestrel; Gray Francolin; Greater Coucal; House Sparrow; Laughing Dove; Purple Sunbird; Red-vented Bulbul; Red-wattled Lapwing; Red Collared-Dove; Ruddy Shelduck","n_species":15,"focal_species_seen":"","focal_species_slugs":"","has_focal":false,"GRID_CODE":"GJ-KU-RAP-095","DISTRICT":"Kachchh","BLOCK":"Rapar"},"geometry":{"type":"Point","coordinates":[70.8442688,23.3657668]}},{"type":"Feature","properties":{"GROUP.ID":"G14079057","LOCALITY":"T6_GRID_32","LATITUDE":23.404257,"LONGITUDE":71.235409,"OBSERVATION.DATE":"2025-01-26","OBSERVER.ID":"obsr1152206","DURATION.MINUTES":63.0,"SAMPLING.EVENT.IDENTIFIER":"S211313126","species_list":"Desert Wheatear; Eurasian Kestrel; Great Gray Shrike; Greater Short-toed Lark; Peregrine Falcon; Steppe Eagle","n_species":6,"focal_species_seen":"","focal_species_slugs":"","has_focal":false,"GRID_CODE":"GJ-KU-LIT-068","DISTRICT":"Kachchh","BLOCK":"Little Rann"},"geometry":{"type":"Point","coordinates":[71.235409,23.404257]}}]}
